플래그,문의 내용,카테고리,의도,응답
BL,배송 주소 수정에 대한 정보 알려 줘,배송지,배송지 변경,"기꺼이 도와드리겠습니다! 배송 주소 수정에 대한 정보가 필요한 경우, 저희가 도와드리겠습니다. 새 주소 세부정보를 알려주시면 저희 팀에서 고객님의 패키지가 업데이트된 위치로 배송되도록 보장해 드립니다."
BLQ,내 주소를 업데이트해야 해,배송지,배송지 변경,"내가 해낼게! 배송 주소를 수정하는 데 도움을 드릴 수 있습니다. 업데이트하려면 아래 단계를 따르세요. 1. 당사 웹사이트에서 고객님의 계정에 로그인하십시오. 2. ""내 계정"" 또는 ""설정"" 섹션으로 이동합니다. 3. 배송 주소를 편집할 수 있는 옵션을 찾아 클릭하세요. 4. 새 주소 정보를 정확하게 입력하세요. 5. 변경 사항을 저장합니다. 6. 업데이트된 주소가 올바른지 다시 확인하세요. 어려움이 있거나 추가 질문이 있는 경우 언제든지 고객 지원팀에 문의하세요. 우리가 도와드리겠습니다!"
BCL,주소를 잘못 입력했어요 업데이트해주세요,배송지,배송지 변경,"불편을 끼쳐드려 죄송합니다. 배송 주소를 업데이트하려면 거리 이름, 아파트 번호(해당되는 경우), 시, 주, 우편번호를 포함한 정확한 주소 세부정보를 제공해 주시기 바랍니다. 업데이트된 정보를 받으면 고객님의 패키지가 올바른 주소로 배송되도록 하겠습니다. 이 문제를 알려주셔서 감사드리며, 양해해 주셔서 감사합니다."
BLQZ,주소를 수정하는 데 문제가 발생했습니다,배송지,배송지 변경,불편을 끼쳐드려 죄송합니다. 주문 세부정보를 제공해 주시면 주소 수정을 도와드리겠습니다.
BL,배송 주소 수정 도움말,배송지,배송지 변경,"배송지 주소 수정에 도움을 드리고 있습니다. 변경하려면 당사 웹사이트를 방문하여 ""계정"" 또는 ""프로필"" 섹션으로 이동하세요. 그곳에서 배송 주소를 업데이트할 수 있습니다. 문제가 발생하거나 추가 지원이 필요한 경우 주저하지 말고 고객 지원팀에 문의하세요. 해당 과정을 기꺼이 도와드릴 것입니다."
BIL,내 배송 주소를 수정하도록 도와주실 수 있나요?,배송지,배송지 변경,"물론이죠! 배송 주소를 수정하는 데 도움을 드리고자 왔습니다. 현재 주소, 변경하려는 정확한 주소 등 필요한 세부정보를 알려주시면 절차를 안내해 드리겠습니다."
BLMQ,배송 주소를 수정하는 데 문제가 있습니다,배송지,배송지 변경,배송 주소 수정 문제로 인해 불편을 끼쳐드려 죄송합니다. 걱정하지 마세요. 저는 이 문제를 해결하는 데 도와드리겠습니다. 발생한 문제에 대한 구체적인 세부정보를 알려주시겠습니까?
BL,배송지 주소를 수정하고 싶어요,배송지,배송지 변경,물론이죠! 배송 주소를 수정해야 하는 경우 당사 고객 지원팀에서 도움을 드릴 수 있습니다. 업데이트된 주소를 제공해 주시면 패키지가 올바른 위치로 배송되도록 하겠습니다.
BIL,내 주소는 어디서 수정하나요?,배송지,배송지 변경,"배송 주소를 업데이트하려면 당사 웹사이트의 ""계정 설정"" 섹션으로 이동하세요. 여기에서 배송 주소를 편집할 수 있는 옵션을 찾을 수 있습니다. 이와 관련하여 추가 지원이 필요하면 알려주시기 바랍니다."
BL,주소 수정에 대해 알고 싶습니다.,배송지,배송지 변경,"물론입니다! 배송 주소를 수정해야 하는 경우, 저희가 도와드릴 수 있습니다. 정확한 주소 정보를 제공해 주시면 업데이트해 드리겠습니다."
BLQ,배송 주소 수정에 대한 지원을 원합니다.,배송지,배송지 변경,물론이죠! 배송 주소 수정에 도움을 드리고 있습니다. 추가 지원을 받으려면 당사 웹사이트의 계정 설정으로 이동하거나 고객 지원팀에 문의하세요.
BL,배송 주소 변경 알려줘,배송지,배송지 변경,"확실히! 배송 주소를 변경해야 하는 경우 당사 웹사이트의 계정 설정에 액세스하여 쉽게 변경할 수 있습니다. 로그인하고 ""배송 주소"" 섹션으로 이동한 후 현재 주소 옆에 있는 ""수정"" 버튼을 클릭하세요. 여기에서 거리 이름, 도시, 주, 우편번호 등 필요한 세부정보를 업데이트할 수 있습니다. 계속하기 전에 변경 사항을 저장하는 것을 잊지 마십시오. 어려움이 있거나 추가 질문이 있는 경우 언제든지 고객 지원팀에 문의하여 도움을 받으세요."
BLP,주소를 수정하고 싶습니다,배송지,배송지 변경,"물론입니다! 주소 업데이트를 도와드릴 수 있습니다. 그렇게 하려면 다음 단계를 따라 주세요. 1. 당사 웹사이트에서 고객님의 계정에 로그인하십시오. 2. '계정 설정' 또는 '프로필' 섹션으로 이동합니다. 3. ""배송 주소"" 탭을 찾으세요. 4. 현재 주소를 수정하려면 해당 버튼을 클릭하세요. 5. 필요한 사항을 변경하고 ""저장"" 또는 ""업데이트""를 클릭하여 수정 사항을 적용하십시오. 6. 업데이트된 주소가 정확한지 다시 확인하세요. 문제가 발생하거나 추가 지원이 필요한 경우 주저하지 말고 알려주시기 바랍니다. 우리가 도와드리겠습니다!"
BLQ,배송 주소 변경에 도움이 필요해요,배송지,배송지 변경,물론이죠! 배송지 변경을 도와드릴 수 있습니다. 추가 지원을 드릴 수 있도록 고객님의 계정 세부정보를 제공해 주시기 바랍니다.
BL,배송 주소를 수정하는 데 문제가 있습니다.,배송지,배송지 변경,"배송지 수정 문제로 불편을 끼쳐드려 죄송합니다. 이 문제를 해결하는 단계를 안내해 드리겠습니다. 먼저 고객님의 계정에 로그인하고 ""내 계정"" 섹션으로 이동하십시오. 여기에서 배송 주소를 업데이트하는 옵션이 표시됩니다. 그것을 클릭하고 정확한 주소 정보를 입력하세요. 필요한 사항을 변경한 후에는 새 주소를 저장하는 것을 잊지 마십시오. 오류가 발생하거나 변경 사항이 반영되지 않는 경우 고객 지원팀에 문의하시면 추가 지원을 해드릴 것입니다."
BCIL,배송 주소가 변경되었습니다. 업데이트할 수 있나요?,배송지,배송지 변경,확실히! 배송 주소가 변경된 경우 업데이트를 도와드릴 수 있습니다. 정확한 주소 정보를 제공해 주시면 고객님의 패키지가 올바른 위치로 배송되도록 하겠습니다.
BLMQ,내 주소를 수정하는 데 문제가 있습니다,배송지,배송지 변경,주소 수정으로 인해 불편을 끼쳐드려 죄송합니다. 우리가 고객님께 올바른 지원을 제공할 수 있도록 고객님이 겪고 있는 특정 문제에 대한 자세한 내용을 제공해 주시기 바랍니다. 이렇게 하면 고객님의 주소를 편집하는 데 더 나은 도움을 드릴 수 있습니다. 협조해 주셔서 감사합니다.
BLQ,배송 주소를 변경하는 데 도움이 필요합니다,배송지,배송지 변경,물론입니다! 배송 주소 변경과 관련해 도움을 드리고 있습니다. 업데이트하려는 새 주소를 알려주시면 필요한 변경을 수행하도록 도와드리겠습니다.
B,배송지 주소를 변경하는 데 도움이 필요합니다,배송지,배송지 변경,"물론이죠! 제가 도와드릴 수 있습니다. 배송 주소를 변경하려면 다음 단계를 따르세요. 1. 고객님의 계정에 로그인하십시오. 2. ""내 계정"" 섹션으로 이동합니다. 3. ""주소"" 또는 ""배송 정보"" 탭을 찾으세요. 4. 현재 배송 주소를 편집하려면 해당 버튼을 클릭하세요. 5. 새 주소 세부정보를 입력하고 변경 사항을 저장합니다. 문제가 발생하거나 추가 지원이 필요한 경우 언제든지 알려주시기 바랍니다."
BLQ,내 주소를 수정하는 중에 오류가 발생했습니다,배송지,배송지 변경,주소를 수정하는 중에 오류가 발생했다는 소식을 듣고 안타깝게 생각합니다. 오류 메시지나 발생한 특정 문제에 대한 자세한 내용을 제공해 주실 수 있습니까? 이렇게 하면 고객님께 더 나은 지원을 제공하고 가능한 한 빨리 문제를 해결하는 데 도움이 됩니다.
BLM,배송 주소를 수정하는 중에 문제가 발생했습니다,배송지,배송지 변경,배송 주소 수정 과정에서 발생한 어려움에 대해 사과드립니다. 저희 팀이 이 문제에 대해 도와드리겠습니다. 주문 세부정보와 원하는 배송 주소 변경 사항을 알려주시면 최대한 빨리 이 문제를 해결하도록 노력하겠습니다. 양해해 주셔서 감사합니다.
BL,내 주소를 변경하는 데 도움이 필요합니다,배송지,배송지 변경,주소 변경 과정에서 불편을 끼쳐드려 죄송합니다. 도움을 드릴 수 있도록 업데이트하려는 올바른 주소를 알려주시면 그에 따라 수정하도록 하겠습니다. 이해와 인내심에 감사드립니다.
BCLQZ,잘못된 주소를 제출했습니다. 수정하려면 도움이 필요해요,배송지,배송지 변경,전혀 문제 없습니다! 저희는 실수가 발생한다는 것을 이해합니다. 주소 편집에 도움이 되도록 주문 번호를 알려주시면 배송물을 찾을 수 있습니다. 세부 정보가 확보되면 고객님과 협력하여 배송 주소를 즉시 업데이트할 것입니다.
BLZ,주소 수정 지원,배송지,배송지 변경,배송 주소 수정 문제로 불편을 끼쳐드려 죄송합니다. 안심하세요. 제가 도와드리겠습니다! 주소를 업데이트하려면 정확한 정보를 제공해 주시면 해당 정보가 시스템에 업데이트되도록 하겠습니다.
BL,주소를 변경하는 중에 오류가 발생했습니다,배송지,배송지 변경,주소 변경 문제로 불편을 끼쳐드려 죄송합니다. 발생한 오류 메시지나 문제에 대한 자세한 내용을 제공해 주실 수 있습니까? 이렇게 하면 문제를 더 잘 이해하고 적절한 솔루션을 제공하는 데 도움이 됩니다.
BLW,빌어먹을 주소를 수정하는 데 도움을 주세요,배송지,배송지 변경,주소를 수정하는 데 문제가 있는 것으로 확인되었습니다. 불편을 끼쳐드린 점 사과드립니다. 안심하세요. 필요한 변경을 수행할 수 있도록 도와드리겠습니다. 현재의 정확한 주소 세부정보를 제공해 주시면 해당 주소가 시스템에 즉시 업데이트되도록 하겠습니다.
BCL,잘못된 배송 주소를 선택했습니다. 수정하는 데 도움을 주세요.,배송지,배송지 변경,"물론입니다! 배송 주소를 수정하는 데 도움을 드릴 수 있습니다. 변경하려면 계정에 로그인한 후 ""내 계정"" 또는 ""설정"" 섹션으로 이동하세요. 배송 주소를 업데이트하는 옵션을 찾아 메시지에 따라 올바른 정보를 입력하세요. 어려움이 있는 경우 언제든지 고객 지원팀에 문의하여 추가 지원을 받으세요."
BL,주소를 수정하는 데 도움이 필요합니다,배송지,배송지 변경,물론이죠. 주소를 수정하는 데 도움을 드릴 수 있습니다. 정확한 주소 정보를 알려주시면 즉시 업데이트해 드리겠습니다.
BIL,내 주소 수정에 대한 정보를 알려주실 수 있나요?,배송지,배송지 변경,"물론입니다! 주소를 수정해야 하는 경우 다음 단계에 따라 쉽게 수정할 수 있습니다. 1. 당사 웹사이트에서 고객님의 계정에 로그인하십시오. 2. ""내 계정"" 또는 ""프로필"" 섹션으로 이동합니다. 3. ""주소"" 또는 ""배송 세부정보"" 탭을 찾으세요. 4. 탭을 클릭하면 주소 정보에 액세스할 수 있습니다. 5. 필요한 필드를 올바른 주소로 업데이트하세요. 6. 완료되면 변경 사항을 저장합니다. 정확성을 보장하려면 변경 사항을 저장하기 전에 모든 세부 사항을 다시 확인하십시오. 어려움이 있거나 추가 질문이 있는 경우 언제든지 고객 지원팀에 문의하여 도움을 받으세요."
BLZ,주소 업데이트 시도 지원,배송지,배송지 변경,주소 업데이트 문제로 불편을 끼쳐드려 죄송합니다. 제가 도와드리겠습니다. 현재 주소와 업데이트할 새 주소를 알려주시면 최선을 다해 처리해 드리겠습니다.
BL,배송 주소 변경하는 것 좀 도와줘,배송지,배송지 변경,기꺼이 도와드리겠습니다! 배송지 변경을 도와드릴 수 있습니다. 이를 위해 주문 세부정보와 업데이트하려는 새 주소를 알려주시기 바랍니다.
BLQ,배송 주소 업데이트에 대해 더 알고 싶어요,배송지,배송지 변경,"확실히! 배송 주소를 업데이트해야 하는 경우 당사 웹사이트에 로그인하여 쉽게 업데이트할 수 있습니다. 로그인한 후 ""계정"" 또는 ""내 프로필"" 섹션으로 이동하면 주소를 편집할 수 있는 옵션이 있습니다. 새 주소 세부 정보를 입력하고 변경 사항을 저장하기만 하면 됩니다. 문제가 발생하거나 추가 지원이 필요한 경우 언제든지 지원팀에 문의하세요. 절차를 진행하는 데 기꺼이 도움을 드릴 것입니다."
BILP,내 배송 주소를 수정하는 데 도움을 주실 수 있나요?,배송지,배송지 변경,과연! 배송 주소를 업데이트하는 데 도움을 드리고자 왔습니다. 새 주소 세부정보를 알려주시면 시스템에서 수정하도록 하겠습니다.
BL,내 배송 주소 업데이트 도와줘,배송지,배송지 변경,물론이죠! 저희는 고객님의 패키지가 올바른 위치에 도착할 수 있도록 배송 주소를 업데이트하는 것이 중요하다는 것을 알고 있습니다. 절차를 시작하려면 계정에 로그인하고 계정 설정 섹션으로 이동하세요. 여기에서 배송 주소를 업데이트하는 옵션을 찾을 수 있습니다. 어려움이 있거나 추가 질문이 있는 경우 언제든지 당사 고객 서비스 팀에 연락하시면 기꺼이 도와드리겠습니다.
BCIL,배송지 주소가 변경됐는데 어떻게 수정하나요?,배송지,배송지 변경,배송지 변경으로 인해 불편을 드려 죄송합니다. 이를 수정하려면 최대한 빨리 고객 지원팀에 문의하시기 바랍니다. 원활한 배송 과정을 보장하기 위해 배송 주소를 업데이트하는 데 도움을 드립니다.
BL,주소를 편집하는 데 도움이 필요합니다,배송지,배송지 변경,물론이죠! 고객님의 주소를 수정하는 데 도움을 드릴 수 있습니다. 그렇게 하려면 다음 단계를 따라 주세요. 1. 고객님의 계정에 로그인하십시오. 2. 계정 설정으로 이동하세요. 3. 주소 정보를 편집할 수 있는 옵션을 찾으세요. 4. 주소를 업데이트하려면 필요한 사항을 변경하세요. 5. 변경 사항을 저장합니다. 어려움이 있거나 추가 지원이 필요한 경우 언제든지 문의해 주세요.
BL,주소를 수정하는 방법을 모르겠습니다.,배송지,배송지 변경,혼란을 드려 죄송합니다. 주소를 수정하려면 다음 단계를 따르세요. 1. 당사 웹사이트에서 고객님의 계정에 로그인하십시오. 2. 계정 설정 또는 프로필 섹션으로 이동합니다. 3. 주소나 연락처 정보를 업데이트하는 옵션을 찾으세요. 4. 정확한 주소 정보를 입력하세요. 5. 변경 사항을 저장하고 주소가 올바르게 업데이트되었는지 다시 확인하세요. 여전히 문제가 있는 경우 고객 지원팀에 문의하여 추가 지원을 받으시기 바랍니다.
BIL,내 배송 주소 수정에 대해 더 자세히 알려주실 수 있나요?,배송지,배송지 변경,"확실히! 배송 주소를 수정하려면 당사의 온라인 플랫폼을 통해 쉽게 업데이트할 수 있습니다. 계정에 로그인하고 ""주소 관리"" 섹션으로 이동한 후 배송 주소를 편집하는 옵션을 선택하세요. 원활한 배송 과정을 위해 정확한 최신 정보를 제공해 주시기 바랍니다. 문제가 발생하거나 추가 지원이 필요한 경우 언제든지 고객 지원팀에 문의하세요. 우리가 도와드리겠습니다!"
BLMQ,주소를 수정하는 데 문제가 있습니다,배송지,배송지 변경,주소 수정 문제로 불편을 끼쳐드려 죄송합니다. 걱정하지 마세요. 제가 도와드리겠습니다! 발생한 특정 문제에 대한 자세한 내용을 알려주시겠습니까? 이렇게 하면 신속하게 해결책을 찾을 수 있도록 도와드릴 수 있습니다.
BILQ,내 배송 주소는 어디서 수정하나요?,배송지,배송지 변경,"물론입니다! 배송 주소를 업데이트하려면 계정 설정으로 이동하여 ""배송 주소"" 섹션으로 이동하세요. 여기에서 현재 주소를 편집하거나 수정하여 패키지를 정확하고 시기적절하게 배송할 수 있습니다. 추가 지원이 필요한 경우 언제든지 고객 지원팀에 문의해 주세요."
BCILP,내 주소가 변경되었습니다. 변경하는 데 도움을 주실 수 있나요?,배송지,배송지 변경,기꺼이 도와드리겠습니다! 배송 주소를 업데이트하는 데 도움을 드리겠습니다. 제가 고객님을 위해 필요한 변경을 할 수 있도록 고객님의 새 주소 세부정보를 제공해 주십시오.
BIL,주소를 변경하려면 어떻게 해야 하나요?,배송지,배송지 변경,주소를 변경하려면 당사 웹사이트에서 고객님의 계정에 로그인해야 합니다. 로그인한 후 계정 설정 또는 프로필 섹션으로 이동하세요. 주소를 편집할 수 있는 옵션을 찾아 클릭하세요. 여기에서 새 주소 세부정보를 입력하고 변경 사항을 저장할 수 있습니다. 문제가 발생하거나 추가 지원이 필요한 경우 언제든지 고객 지원팀에 문의하세요. 주소 변경 절차를 기꺼이 도와드릴 것입니다.
BILQ,배송 주소는 어디서 수정할 수 있나요,배송지,배송지 변경,"배송 주소를 수정하려면 계정 설정으로 이동하여 ""배송 주소"" 옵션을 선택하세요. 여기에서 배송 주소 정보를 업데이트하고 수정할 수 있습니다. 추가 도움이 필요하시면 언제든지 알려주세요!"
BLZ,내 주소 변경 도와줘,배송지,배송지 변경,물론이죠! 배송지 주소 변경을 도와드릴 수 있습니다. 계속하려면 주문 번호와 사용하려는 새 주소를 알려주십시오.
BLQZ,내 배송 주소를 수정하는 데 도움이 필요합니다,배송지,배송지 변경,바로 처리하겠습니다! 배송 주소 수정을 도와드리겠습니다. 고객님의 현재 주소와 변경하려는 업데이트된 주소를 알려주십시오.
BL,주소를 수정하려고 합니다,배송지,배송지 변경,물론입니다! 주소를 수정하려면 계정 설정으로 이동하여 배송 주소 업데이트 옵션을 선택하세요. 또는 당사 고객 서비스 팀에 연락하시면 필요한 변경 작업을 수행하는 데 기꺼이 도움을 드릴 것입니다.
BLMZ,내 배송 주소 편집을 지원합니다,배송지,배송지 변경,바로 처리하겠습니다! 배송 주소 수정에 도움을 드리고 있습니다. 필요한 세부정보를 제공해 주시면 주소가 올바르게 업데이트되도록 하겠습니다.
BLQZ,배송 주소를 수정하는 데 도움이 필요합니다,배송지,배송지 변경,물론이죠! 배송 주소 수정을 도와드릴 수 있습니다. 정확한 주소를 알려주시면 절차를 단계별로 안내해 드리겠습니다.
BCILQZ,배송 주소를 수정하고 싶은데 어떻게 해야 하나요?,배송지,배송지 변경,물론입니다. 배송 주소를 수정하는 데 도움을 드릴 수 있습니다. 그렇게 하려면 고객 지원팀에 연락하여 업데이트된 주소 세부정보를 제공하세요. 배송 주소를 필요한 대로 변경하는 데 도움을 드릴 것입니다.
BLM,내 주소 편집을 지원하고 싶습니다.,배송지,배송지 변경,내가 처리할게! 주소 수정에 도움이 필요한 경우 당사 고객 서비스 팀이 도움을 드릴 수 있습니다. 당사 웹사이트를 통해 또는 헬프라인에 전화하여 연락하실 수 있습니다. 고객님의 주소를 필요한 대로 변경하는 과정을 안내해 드릴 것입니다.
BIL,주소를 수정하는 것을 도와주실 수 있나요?,배송지,배송지 변경,물론이죠! 주소를 수정하실 수 있도록 기꺼이 도와드리겠습니다. 그렇게 하려면 다음 단계를 따라 주세요...
BLQZ,내 배송지 주소를 수정할 수 없어요,배송지,배송지 변경,배송지 주소 수정 문제로 인해 불편을 끼쳐드려 죄송합니다. 추가 지원을 위해 제가 이 문제를 조사할 수 있도록 고객님의 계정 세부정보나 주문 번호를 알려주시기 바랍니다.
BL,배송지 수정에 대해 자세히 알고 싶습니다.,배송지,배송지 변경,"물론이죠! 배송 주소 수정은 당사 웹사이트를 통해 수행할 수 있는 간단한 절차입니다. 계정에 로그인한 후 ""계정 설정"" 또는 ""프로필"" 섹션으로 이동하여 배송 주소를 편집할 수 있는 옵션을 찾을 수 있습니다. 해당 옵션을 클릭하고 필요한 정보를 업데이트하세요. 계속하기 전에 변경 사항을 저장하는 것을 잊지 마십시오. 어려움이 발생할 경우 당사 고객 지원팀이 항상 도움을 드릴 수 있습니다."
BCLQZ,가 이전 주소를 입력했습니다. 수정하는 데 도움을 주세요.,배송지,배송지 변경,저는 그것을하고있다! 저희는 실수가 발생한다는 것을 이해합니다. 주소 수정에 도움이 되도록 정확한 세부정보를 제공해 주시면 업데이트해 드리겠습니다.
BL,주소 변경 지원,배송지,배송지 변경,물론이죠! 주소 변경을 도와드릴 수 있습니다. 배송 주소를 업데이트하려면 새 주소 세부정보를 알려주시면 시스템에서 업데이트해 드리겠습니다.
BILQ,배송 주소 수정하는 것 좀 도와줄래?,배송지,배송지 변경,내가 해낼게! 배송 주소 업데이트에 도움을 드리고 있습니다. 관련 아파트 또는 유닛 번호를 포함하여 새 주소 세부정보를 제공해 주시기 바랍니다.
BLQZ,내 주소를 편집하는 데 도움이 필요해요,배송지,배송지 변경,물론입니다! 저희는 때때로 고객님의 주소를 변경해야 할 수도 있다는 것을 이해합니다. 주소를 편집하려면 계정에 로그인하여 설정 또는 프로필 섹션으로 이동하세요. 여기에서 주소 정보를 업데이트하는 옵션을 찾을 수 있습니다. 어려움이 있거나 특정 질문이 있는 경우 당사 고객 지원팀이 도와드리겠습니다.
BCLZ,배송지 주소를 잘못 입력했는데 변경할 수 없습니다,배송지,배송지 변경,불편을 끼쳐드려 죄송합니다. 배송지 주소 변경과 관련해 도움을 드리고자 왔습니다. 계속 진행하려면 업데이트하려는 올바른 배송 주소를 알려주시기 바랍니다.
BLQ,배송 주소 수정에 대해 더 알고 싶어요,배송지,배송지 변경,"물론이죠! 배송 주소를 수정하는 것은 쉽습니다. 당사 웹사이트에서 고객님의 계정에 로그인한 후 계정 설정 또는 프로필 섹션으로 이동하시면 됩니다. 거기에서 주소 세부 정보를 편집할 수 있는 옵션을 찾을 수 있습니다. 어려움이 있는 경우, 주저하지 말고 당사 고객 지원팀에 연락하시면 기꺼이 추가 지원을 해드릴 것입니다."
BL,내 배송 주소 수정에 대해 자세히 알려주세요.,배송지,배송지 변경,"바로 처리하겠습니다! 배송 주소를 수정하면 배송 세부 정보를 업데이트하여 정확하고 시기적절한 배송을 보장할 수 있습니다. 배송 주소를 수정하려면 다음 단계를 따르세요. 1. 당사 웹사이트 또는 모바일 앱에서 고객님의 계정에 로그인하십시오. 2. ""내 계정"" 또는 ""계정 설정"" 섹션으로 이동합니다. 3. ""배송 주소"" 또는 ""배송 주소"" 옵션을 찾아 클릭하세요. 4. 거리 이름, 도시, 주, 우편번호 등 필요한 모든 세부 정보를 제공하여 기존 주소를 편집하거나 새 주소를 추가합니다. 5. 변경 사항을 저장하고 업데이트된 주소가 정확한지 다시 확인하세요. 배송 주소를 수정하는 데 어려움이 있는 경우 언제든지 고객 지원팀에 문의해 주세요. 저희는 고객님이 가질 수 있는 모든 문제나 우려 사항에 대해 연중무휴 24시간 도움을 드릴 수 있습니다."
BIL,배송 주소를 업데이트할 수 있나요?,배송지,배송지 변경,"과연! 배송 주소를 업데이트할 수 있습니다. 그렇게 하려면 고객님의 계정에 로그인하고 ""내 계정"" 섹션으로 이동하십시오. 여기에서 배송 주소를 편집할 수 있는 옵션을 찾을 수 있습니다. 문제가 발생하거나 추가 질문이 있는 경우 언제든지 고객 지원팀에 문의하여 도움을 받으세요."
B,배송지 변경 방법을 모르겠어요,배송지,배송지 변경,"배송 주소를 변경하는 데 문제가 있는 것으로 알고 있습니다. 배송 주소를 업데이트하려면 다음 단계를 따라 주세요. 1. 당사 웹사이트에서 고객님의 계정에 로그인하십시오. 2. ""내 계정"" 섹션으로 이동합니다. 3. ""주소 관리"" 또는 ""배송 주소"" 옵션을 선택하세요. 4. 현재 배송 주소 옆에 있는 ""수정"" 버튼을 클릭하세요. 5. 주소 필드를 필요에 따라 변경합니다. 6. ""저장"" 버튼을 클릭하여 변경 사항을 적용합니다. 여전히 문제가 있는 경우 고객 지원팀에 문의하여 추가 지원을 받으시기 바랍니다."
BCL,배송지 주소를 잘못 입력했습니다. 수정하도록 도와주세요.,배송지,배송지 변경,문제 없습니다! 잘못된 배송 주소를 입력하신 경우 수정을 도와드릴 수 있습니다. 주문 세부정보와 정확한 주소를 고객 지원팀에 문의하시면 필요한 변경을 수행하는 데 도움을 드릴 것입니다.
BIL,주소 변경에 대해 더 자세히 알려주실 수 있나요?,배송지,배송지 변경,"긍정적으로! 배송 주소를 변경하려면 주문을 배송받을 위치를 업데이트해야 합니다. 고객님의 계정에 로그인하여 ""내 계정"" 섹션으로 이동한 후 배송 주소를 편집하는 옵션을 선택하면 됩니다. 그러면 새 주소 세부정보를 입력하고 변경 사항을 저장할 수 있습니다. 특정 문제가 있거나 추가 지원이 필요한 경우 알려주시기 바랍니다."
BL,배송 주소를 수정하는 중에 오류가 발생했습니다.,배송지,배송지 변경,배송 주소를 수정하는 동안 오류가 발생했다는 소식을 듣고 안타깝게 생각합니다. 더 나은 지원을 위해 발생한 오류 메시지나 문제에 대한 자세한 내용을 제공해 주시겠습니까? 이렇게 하면 문제를 해결하고 가능한 한 빨리 해결책을 찾는 데 도움이 됩니다.
BL,주소를 변경하려면 어떻게 해야 하는지 모르겠습니다.,배송지,배송지 변경,"걱정 마세요! 제가 도와드릴 수 있습니다. 주소를 변경하려면 계정에 로그인하고 ""계정 설정"" 섹션으로 이동해야 합니다. 여기에서 주소를 업데이트하는 옵션이 표시됩니다. 어려움이 있는 경우 언제든지 고객 지원팀에 문의하여 추가 지원을 받으세요."
BLM,내 배송 주소를 업데이트하는 데 도움이 필요합니다,배송지,배송지 변경,"배송 주소를 업데이트해야 한다는 점을 이해하며 불편을 끼쳐드려 죄송합니다. 이에 대한 도움을 받으려면 주문 번호와 정확한 배송 주소를 알려주시기 바랍니다. 당사의 고객 지원팀은 필요한 변경 사항을 처리하고 고객님의 패키지가 문제 없이 올바른 위치로 배송되도록 보장할 것입니다. 문의해 주셔서 감사드리며, 양해해 주셔서 감사합니다."
BL,내 주소를 수정하는 중에 오류가 발생했습니다.,배송지,배송지 변경,불편을 끼쳐드려 죄송합니다. 주소 수정 중 발생한 오류를 해결하려면 브라우저 캐시와 쿠키를 삭제한 후 페이지를 새로고침하고 주소 업데이트를 다시 시도해 보세요. 문제가 지속되는 경우 고객 지원팀에 문의하시면 문제 해결을 위해 추가 지원을 해드릴 것입니다.
BLM,배송 주소를 변경하는 중에 오류가 발생했습니다,배송지,배송지 변경,배송지 변경으로 인해 불편을 드려 죄송합니다. 문제를 해결하는 데 추가 도움을 드릴 수 있도록 발생한 오류에 대한 자세한 내용을 제공해 주시기 바랍니다.
BL,배송 주소를 업데이트하는 데 지원이 필요합니다.,배송지,배송지 변경,내가 처리할게! 배송 주소를 업데이트하는 데 도움을 드리고자 왔습니다. 시작하려면 현재 배송 주소와 업데이트할 새 주소를 알려주시기 바랍니다.
BLMQZ,내 주소 변경을 지원하고 싶습니다,배송지,배송지 변경,"물론이죠! 배송지 주소 변경에 대해 도와드리겠습니다. 그렇게 하려면 다음 단계를 따라 주세요. 1. 당사 웹사이트에서 고객님의 계정에 로그인하십시오. 2. ""계정 설정"" 또는 ""프로필"" 섹션으로 이동합니다. 3. ""배송 주소"" 또는 ""주소 정보"" 옵션을 찾으십시오. 4. 현재 주소를 수정하려면 해당 버튼을 클릭하세요. 5. 새 배송 주소 세부정보를 입력하고 변경 사항을 저장합니다. 문제가 발생하거나 추가 지원이 필요한 경우 언제든지 고객 지원팀에 문의하세요."
BL,배송 주소 편집 지원,배송지,배송지 변경,저는 그것을하고있다! 배송 주소 수정에 도움을 드리고자 왔습니다. 변경하고 싶은 사항에 대한 세부정보를 제공해 주시겠습니까?
BL,내 주소를 수정하는 데 도움이 필요합니다,배송지,배송지 변경,물론이죠. 주소를 수정하는 데 도움을 드릴 수 있습니다. 업데이트하려는 주소의 구체적인 세부정보를 알려주시면 절차를 단계별로 안내해 드리겠습니다.
BLZ,내 주소를 업데이트하는 중에 문제가 발생했습니다.,배송지,배송지 변경,불편을 끼쳐드려 죄송합니다. 주소를 업데이트하는 동안 직면한 문제에 대한 자세한 내용을 알려주시겠습니까? 이렇게 하면 문제를 해결하는 데 도움이 될 것입니다.
BLM,배송지 주소를 변경하는 데 문제가 있습니다,배송지,배송지 변경,"배송지 변경 문제로 불편을 끼쳐드려 죄송합니다. 제가 도와드리겠습니다. 배송 주소를 업데이트하려면 다음 단계를 따르세요. 1. 당사 웹사이트에서 고객님의 계정에 로그인하십시오. 2. ""내 계정"" 섹션 또는 ""설정"" 페이지로 이동합니다. 3. ""배송 주소"" 또는 ""주소록"" 옵션을 찾으십시오. 4. 기존 주소를 편집하거나 업데이트하려면 해당 주소를 클릭하세요. 5. 배송 주소를 필요한 대로 변경합니다. 6. 입력한 정보가 정확한지 다시 한번 확인하세요. 7. 향후 주문에 적용되도록 업데이트된 주소를 저장하세요. 추가 문제가 발생하면 주저하지 말고 고객 지원팀에 도움을 요청하세요."
BILZ,배송 주소 수정에 대해 자세히 알려주실 수 있나요?,배송지,배송지 변경,"물론입니다! 배송 주소를 편집하는 과정은 간단합니다. 당사 웹사이트에서 고객님의 계정에 로그인하고 ""내 계정"" 또는 ""계정 설정"" 섹션으로 이동하여 이를 수행할 수 있습니다. 여기에서 주소 세부정보를 편집할 수 있는 옵션이 표시됩니다. 변경 사항을 저장하기 전에 모든 필드를 다시 확인하세요. 어려움이 있는 경우 언제든지 고객 지원팀에 문의하여 도움을 받으세요."
BEL,배송지 수정이 안되네요,배송지,배송지 변경,배송지 변경으로 인해 불편을 드려 죄송합니다. 변경하려는 주소의 세부정보를 알려주시면 필요한 수정을 도와드리겠습니다.
BL,주소를 변경하려고 합니다.,배송지,배송지 변경,"고객님이 주소를 변경하려고 하는 것을 확인했습니다. 주소를 업데이트하려면 계정에 로그인한 후 프로필 또는 설정 섹션으로 이동하세요. 여기에서 주소를 포함한 개인 정보를 편집할 수 있는 옵션을 찾을 수 있습니다. 어려움이 있거나 추가 질문이 있는 경우, 주저하지 말고 당사 고객 서비스 팀에 문의하여 도움을 받으십시오."
BLQWZ,내가 실수로 잘못된 배달 주소를 선택했어요,배송지,배송지 변경,걱정하지 마세요. 저희가 도와드릴 수 있습니다. 정확한 배송 주소를 알려주시면 업데이트해 드리겠습니다.
BL,배송 주소 업데이트를 도와주세요,배송지,배송지 변경,"배송 주소 업데이트 문제로 불편을 끼쳐드려 죄송합니다. 고객님의 계정에 로그인했는지 확인하고 ""내 계정"" 섹션으로 이동하십시오. 여기에서 배송 주소를 업데이트하는 옵션을 찾을 수 있습니다. 계속해서 문제가 발생하는 경우 고객 지원팀에 문의하여 추가 지원을 받으시기 바랍니다."
BL,배송 주소를 업데이트하는 데 문제가 있습니다.,배송지,배송지 변경,배송지 업데이트 과정에서 불편을 드려 죄송합니다. 더 나은 지원을 위해 현재 직면하고 있는 특정 문제에 대한 추가 정보를 제공해 주시기 바랍니다. 웹사이트에서 오류 메시지나 문제가 발생했나요?
BL,주소를 수정하는 데 문제가 있습니다.,배송지,배송지 변경,불편을 끼쳐드려 죄송합니다. 주소 수정과 관련된 문제를 해결하는 데 도움을 드리고 있습니다. 정확한 정보를 제공해 주시면 최대한 빨리 업데이트해 드리겠습니다.
BLZ,배송 주소를 변경하는 중에 문제가 발생했습니다,배송지,배송지 변경,배송지 변경 문제로 인해 불편을 드려 죄송합니다. 저희 팀이 이 문제를 해결하는 데 도움을 드리고 있습니다. 필요한 세부정보를 제공해 주시면 주소 업데이트를 도와드리겠습니다.
BCIL,배송지 주소가 변경됐는데 업데이트 가능한가요?,배송지,배송지 변경,확실히! 주소가 변경된 후 주소를 업데이트해야 하는 경우가 있다는 것을 알고 있습니다. 배송 주소를 업데이트하는 데 도움을 드릴 수 있습니다. 새로운 주소 정보를 제공해 주시면 즉시 업데이트해 드리겠습니다.
BLQ,배송 주소를 잘못 선택했어요,배송지,배송지 변경,문제 없습니다. 저희가 도와드릴 수 있습니다! 배송 주소를 변경하려면 필요한 아파트 또는 유닛 번호를 포함하여 정확한 주소 정보를 제공해 주시기 바랍니다. 최대한 빨리 업데이트하도록 하겠습니다.
BCIL,실수로 이전 주소를 입력했는데 어떻게 업데이트하나요?,배송지,배송지 변경,"문제없습니다. 주소 업데이트를 도와드릴 수 있습니다. 배송 주소를 수정하려면 다음 단계를 따르세요. 1. 당사 웹사이트에서 고객님의 계정에 로그인하십시오. 2. ""내 계정"" 섹션으로 이동합니다. 3. ""배송 주소"" 옵션을 선택하세요. 4. 기존 주소를 찾아 '수정' 버튼을 클릭하세요. 5. 새 주소 세부정보를 입력하고 ""저장""을 클릭하여 업데이트하세요. 어려움이 있는 경우, 주저하지 말고 당사 고객 지원팀에 연락해 주시면 기꺼이 도와드리겠습니다."
BL,배송지 주소를 잘못 입력했어요,배송지,배송지 변경,배송지 주소를 잘못 입력하셨다니 안타깝습니다. 업데이트하는 데 도움을 드릴 수 있습니다. 정확한 주소를 알려주시면 업데이트해 드리겠습니다.
BEP,배송지 주소를 어떻게 변경할 수 있는지 모르겠습니다,배송지,배송지 변경,"걱정 마세요! 배송지 주소 변경과 관련해 도움을 드리고자 왔습니다. 주소를 업데이트하려면 당사 웹사이트에서 고객님의 계정에 로그인하고 ""배송 주소"" 섹션으로 이동하십시오. 여기에서 현재 주소를 편집하고 변경 사항을 저장할 수 있습니다. 어려움이 있는 경우 언제든지 당사 고객 지원팀에 연락하시면 추가 지원을 해드릴 것입니다."
BCL,잘못된 주소를 입력했습니다. 수정하는 데 도움이 필요합니다.,배송지,배송지 변경,잘못된 주소 입력으로 인해 불편을 드려 죄송합니다. 정확한 주소 세부정보를 제공해 주시면 시스템에서 주소를 수정하는 데 도움을 드리겠습니다.
BEL,배송지 주소를 수정하려면 어떻게 해야 할지 모르겠습니다.,배송지,배송지 변경,"저는 고객님의 우려를 이해합니다. 배송 주소를 수정하려면 다음 단계를 따르세요. 1. 당사 웹사이트에서 고객님의 계정에 로그인하십시오. 2. ""내 계정"" 섹션으로 이동합니다. 3. ""주소록"" 옵션을 선택하세요. 4. 수정하려는 배송 주소를 찾아 '수정'을 클릭하세요. 5. 거리 주소, 도시, 주, 우편번호 등 필요한 세부정보를 업데이트하세요. 6. ""저장""을 클릭하여 변경 사항을 확인하세요. 문제가 발생하거나 추가 지원이 필요한 경우 주저하지 말고 고객 지원팀에 문의하세요. 그들은 주소 수정 과정을 기꺼이 도와드릴 것입니다."
BCILP,주소를 잘못 입력했습니다. 업데이트하는 데 도움을 주실 수 있나요?,배송지,배송지 변경,확실히! 고객님의 주소 업데이트를 도와드리겠습니다. 정확한 주소를 제공해 주시면 필요한 사항을 변경해 드리겠습니다.
BLZ,내 배송 주소를 업데이트하는 중에 문제가 발생했습니다,배송지,배송지 변경,배송 주소를 업데이트하는 동안 불편을 끼쳐드려 죄송합니다. 저희 팀은 이 문제를 해결하는 데 도와드리겠습니다. 정확한 주소를 제공해 주시면 시스템에 업데이트되도록 하겠습니다.
BIL,내 배송 주소를 업데이트하는 데 도움을 주실 수 있나요?,배송지,배송지 변경,물론입니다! 배송 주소를 업데이트하는 데 도움을 드리고자 왔습니다. 새 주소 세부정보를 알려주시면 시스템에서 업데이트되도록 하겠습니다.
BELQZ,주소 수정에 대한 정보를 찾으려고 합니다.,배송지,배송지 변경,"주소를 수정하면 배송 정보를 업데이트할 수 있습니다. 주소를 수정하려면 계정에 로그인하고 ""배송 주소"" 섹션으로 이동하세요. 여기에서 기존 주소를 편집하거나 삭제하고 새 주소를 추가할 수 있습니다. 변경 사항을 저장하기 전에 모든 세부 사항을 다시 확인하세요. 문제가 발생하거나 추가 지원이 필요한 경우 언제든지 고객 지원팀에 문의하세요."
BL,배송 주소를 업데이트하려고 합니다.,배송지,배송지 변경,"문제 없습니다! 배송 주소를 업데이트하려면 계정에 로그인하여 ""설정"" 또는 ""계정 정보"" 섹션으로 이동하세요. 여기에서 배송 주소를 편집할 수 있는 옵션을 찾을 수 있습니다. 문제가 발생하거나 추가 지원이 필요한 경우 언제든지 고객 지원팀에 문의하시면 기꺼이 도와드리겠습니다."
BLM,주소 편집을 지원합니다,배송지,배송지 변경,과연! 저희는 고객님의 주소 편집에 대한 지원을 제공해 드리겠습니다. 업데이트된 정보를 제공해 주시면 필요한 변경을 수행할 수 있도록 기꺼이 도와드리겠습니다.
BCIL,배송지 주소가 변경되었는데 어떻게 수정하나요?,배송지,배송지 변경,"물론이죠. 제가 도와드릴 수 있어요! 배송 주소를 편집하려면 다음 단계를 따르세요. 먼저 당사 웹사이트에서 고객님의 계정에 로그인하세요. 그런 다음 계정 설정의 ""주소 관리"" 섹션으로 이동하세요. 여기에서 배송 주소를 찾아 편집할 수 있습니다. 해당 항목을 찾거나 편집하는 데 문제가 있는 경우 알려주시면 기꺼이 도와드리겠습니다."
BLMZ,배송 주소 업데이트에 문제가 있습니다.,배송지,배송지 변경,배송지 업데이트로 인해 불편을 드려 죄송합니다. 현재 주소와 업데이트하려는 올바른 주소를 알려주시면 필요한 변경을 수행하는 데 도움을 드리겠습니다.
BL,배송 주소를 업데이트하는 데 도움이 필요합니다,배송지,배송지 변경,기꺼이 도와드리겠습니다! 배송 주소 업데이트를 도와드릴 수 있습니다. 현재 주소와 업데이트할 새 주소를 알려주시면 처리해 드리겠습니다.
BLZ,배송 주소 업데이트에 대해 자세히 알려주세요,배송지,배송지 변경,"최선을 다하겠습니다! 배송 주소를 업데이트해야 하는 경우 고객 지원팀에 문의하거나 계정에 로그인하여 ""배송 주소"" 섹션에 액세스하면 됩니다. 여기에서 현재 주소를 편집하고 변경 사항을 저장할 수 있습니다. 어려움이 있거나 추가 질문이 있는 경우 언제든지 문의해 주세요. 우리가 도와드리겠습니다!"
BLM,주소를 업데이트하는 중에 문제가 발생했습니다,배송지,배송지 변경,주소를 업데이트하는 동안 발생한 문제에 대해 사과드립니다. 당사 고객 서비스 팀이 이 문제를 해결하는 데 기꺼이 도움을 드릴 것입니다. 추가 지원이 필요하면 해당 기관에 문의하세요.
BCILPQZ,배송 주소를 바꾸고 싶은데 도움을 좀 받을 수 있을까요?,배송지,배송지 변경,최선을 다하겠습니다! 배송 주소 업데이트를 도와드리기 위해 왔습니다. 새 주소를 알려주시면 필요한 사항을 변경해 드리겠습니다.
BKLZ,배송 주소를 수정하는 중 오류가 발생했습니다.,배송지,배송지 변경,배송 주소 수정 문제로 불편을 끼쳐드려 죄송합니다. 이 문제를 해결하는 데 도움을 드리겠습니다. 문제를 더 잘 이해할 수 있도록 발생한 오류에 대한 자세한 내용을 제공해 주시겠습니까? 그러면 고객님께 도움이 될 최선의 조치를 결정하는 데 도움이 될 것입니다.
BLZ,내 주소를 편집하는 데 도움이 필요합니다,배송지,배송지 변경,고객님의 주소를 편집하는 데 확실히 도움을 드릴 수 있습니다. 주소를 업데이트하려면 당사 웹사이트의 계정 설정을 방문하거나 고객 지원팀에 문의하세요. 절차를 안내하고 주소가 올바르게 업데이트되었는지 확인합니다. 추가로 도움이 필요하시면 알려주세요!
BLQ,주소 업데이트에 도움이 필요합니다,배송지,배송지 변경,최선을 다하겠습니다! 주소를 업데이트하는 데 도움이 필요한 경우 올바른 정보를 제공해 주시면 즉시 업데이트해 드리겠습니다.
BIL,배송 주소 수정에 대해 더 자세히 알려주실 수 있나요?,배송지,배송지 변경,물론이죠! 배송 주소를 수정해야 하는 경우 당사 웹사이트의 계정 설정에 액세스하여 수정할 수 있습니다. 주소를 업데이트하는 옵션을 찾아 지시에 따라 필요한 사항을 변경하세요. 주문이 정확하게 배송되도록 확인하기 전에 새 주소를 주의 깊게 검토하는 것을 잊지 마세요. 어려움이 있거나 추가 질문이 있는 경우 언제든지 고객 지원팀에 문의해 주시면 기꺼이 도와드리겠습니다.
BEL,배송지 수정은 어떻게 하는지 모르겠어요,배송지,배송지 변경,"문제없습니다. 배송 주소를 수정하는 방법을 안내해 드릴 수 있습니다. 먼저, 고객님의 계정에 로그인하고 ""설정"" 또는 ""계정"" 섹션으로 이동하세요. 거기에서 ""배송 주소"" 또는 ""배송 주소"" 옵션을 찾으세요. 그것을 클릭하면 파일의 현재 주소를 볼 수 있습니다. 필요한 사항을 변경하고 업데이트된 주소를 저장하기만 하면 됩니다. 추가 도움이 필요하면 알려주세요!"
BLMQ,배송 주소 수정에 문제가 있습니다,배송지,배송지 변경,배송 주소 수정 문제로 불편을 끼쳐드려 죄송합니다. 저희 팀은 고객님을 지원하고 고객님이 직면할 수 있는 문제를 해결하기 위해 왔습니다. 우리가 적절하게 해결할 수 있도록 더 자세한 내용이나 발생한 특정 문제를 알려주십시오.
BL,배송지 주소를 수정하는 데 문제가 있습니다,배송지,배송지 변경,배송지 주소 수정 문제로 불편을 끼쳐드려 죄송합니다. 걱정하지 마세요. 이 문제를 해결하는 데 도움을 드리겠습니다. 시작하려면 업데이트하려는 올바른 주소를 알려주시기 바랍니다.
BIL,배송 주소를 수정하는 데 도움을 주실 수 있나요?,배송지,배송지 변경,"물론이죠! 저희는 정확한 배송 주소를 갖는 것이 중요하다는 것을 알고 있습니다. 배송 주소를 업데이트하려면 계정에 로그인하여 ""배송 주소"" 섹션으로 이동하세요. 여기에서 새 주소를 편집하거나 추가할 수 있습니다. 문제가 발생하거나 추가 지원이 필요한 경우 주저하지 말고 고객 지원팀에 문의하세요. 우리가 도와드리겠습니다!"
BLZ,미스테님이 배송지 주소를 잘못 입력했어요,배송지,배송지 변경,문제 없습니다! 배송 주소를 수정하는 데 도움을 드릴 수 있습니다. 이를 위해서는 당사 고객 서비스 팀에 연락하여 정확한 주소 정보를 제공해야 합니다. 패키지가 올바른 위치로 배송되도록 업데이트할 수 있습니다. 주저하지 말고 그들에게 연락하세요. 그들은 기꺼이 고객님을 도와줄 것입니다.
BL,배송지 주소를 수정하려고 합니다,배송지,배송지 변경,문제 없습니다! 배송 주소를 수정하는 데 도움을 드릴 수 있습니다. 필요한 사항을 변경하려면 주문 번호와 업데이트된 주소 세부정보를 알려주시기 바랍니다.
BCLZ,주소가 변경되었습니다. 수정하는 데 도움이 필요합니다.,배송지,배송지 변경,최선을 다하겠습니다! 주소가 변경되었다는 소식을 들으니 안타깝습니다. 주소 편집에 도움을 받으려면 주문 번호와 새 배송 주소를 제공해 주시기 바랍니다. 당사 고객 서비스 팀이 즉시 업데이트해 드리겠습니다.
BL,내 배송 주소 변경 지원,배송지,배송지 변경,배송지 주소 변경과 관련해 도움을 드리고 있습니다. 계속 진행하려면 현재 주소와 업데이트하려는 새 주소를 알려주십시오.
BKLM,배송 주소 업데이트 문제,배송지,배송지 변경,배송 주소 업데이트 문제로 불편을 끼쳐드려 죄송합니다. 현재 직면하고 있는 특정 문제에 대해 더 자세한 내용을 제공해 주실 수 있습니까? 그러면 제가 더 나은 지원을 제공하고 문제 해결에 필요한 지침을 제공하는 데 도움이 될 것입니다.
BLQ,내 배송 주소 수정에 대한 정보가 필요해요,배송지,배송지 변경,"물론입니다! 배송지 주소 수정이 필요한 경우 [전화번호] 또는 [이메일 주소]로 고객지원팀에 문의해 주세요. 절차를 안내하고 배송 주소가 올바르게 업데이트되었는지 확인합니다. 또는 당사 웹사이트를 방문하여 ""내 계정"" 섹션으로 이동하여 주소를 직접 업데이트할 수도 있습니다. 추가 지원이 필요하면 알려주시기 바랍니다!"
BL,배송 주소를 변경하는 데 문제가 있습니다,배송지,배송지 변경,배송지 변경으로 인해 불편을 드려 죄송합니다. 당사 고객 서비스 팀이 이 문제에 대해 기꺼이 도움을 드릴 것입니다. 주문 세부정보와 정확한 배송 주소를 알려주시면 필요한 업데이트를 제공해 드리겠습니다.
BLP,배송지 변경에 대해 알고 싶습니다.,배송지,배송지 변경,과연! 배송 주소 수정에 도움을 드릴 수 있습니다. 계속 진행하려면 업데이트하려는 주문 번호와 현재 주소를 포함한 주문 세부정보를 알려주시기 바랍니다.
BKLM,배송 주소 변경 문제,배송지,배송지 변경,배송지 변경 문제로 불편을 끼쳐드려 죄송합니다. 우리 고객 지원팀이 이 문제에 대해 기꺼이 도움을 드릴 것입니다. 라이브 채팅이나 이메일을 통해 연락하여 필요한 모든 세부 정보를 제공하면 배송 주소를 업데이트하는 과정을 안내해 드립니다.
BIL,배송 주소를 어디에서 수정하나요?,배송지,배송지 변경,"배송 주소를 수정하려면 다음 단계를 따르세요. 1. 당사 웹사이트에서 고객님의 계정에 로그인하십시오. 2. ""내 계정"" 섹션으로 이동합니다. 3. '배송 주소' 탭으로 이동합니다. 4. 현재 주소 옆에 있는 ""수정"" 버튼을 클릭하세요. 5. 거리, 도시, 주, 우편번호 등 필요한 정보를 업데이트합니다. 6. ""업데이트"" 또는 ""저장"" 버튼을 클릭하여 변경 사항을 저장합니다. 다음 단계를 따르면 배송 주소를 성공적으로 수정할 수 있습니다. 문제가 발생하거나 추가 지원이 필요한 경우 주저하지 말고 고객 서비스 팀에 문의하세요."
BLW,빌어먹을 배송지 주소를 수정할 수가 없어요,배송지,배송지 변경,불편을 끼쳐드려 죄송합니다. 배송 주소를 수정하는 데 어려움이 있는 경우 고객 지원팀에 문의하여 추가 지원을 받으시기 바랍니다. 그들은 절차를 안내하고 고객님의 주소가 올바르게 업데이트되었는지 확인할 수 있습니다.
BL,배송 주소를 업데이트하는 데 문제가 있습니다,배송지,배송지 변경,배송 주소 업데이트 문제로 불편을 끼쳐드려 죄송합니다. 걱정하지 마세요. 최선을 다해 이 문제를 도와드리겠습니다. 제가 이 문제를 더 자세히 조사하고 해결하는 데 도움을 드릴 수 있도록 고객님의 계정 세부정보를 제공해 주시겠습니까?
BL,내 주소를 업데이트하고 싶어요,배송지,배송지 변경,내가 해낼게! 고객님의 주소를 업데이트하는 데 도움을 드릴 수 있습니다. 배송에 사용할 새 주소를 알려주세요.
BIZ,내 배송 주소를 변경하는 것을 도와줄 수 있나요?,배송지,배송지 변경,물론입니다! 배송 주소 업데이트를 도와드릴 수 있습니다. 고객님의 현재 주소와 업데이트하려는 새 주소를 알려주십시오.
BIL,주소 변경에 관한 정보를 어떻게 찾을 수 있나요?,배송지,배송지 변경,"주소 변경에 대한 정보가 필요한 경우 당사 웹사이트의 도움말 센터를 방문하세요. 여기에서 배송 주소를 업데이트하는 방법에 대한 단계별 지침을 확인할 수 있습니다. 또한, 고객님의 주소에 필요한 변경 사항을 적용하는 데 추가 도움을 드릴 수 있는 당사 고객 지원팀에 문의하실 수 있습니다."
BL,주소를 수정하는 중에 문제가 발생했습니다.,배송지,배송지 변경,불편을 끼쳐드려 죄송합니다. 배송 주소 수정과 관련된 문제를 해결하는 데 도움이 되도록 주문 세부정보를 제공해 주시면 고객 서비스 팀이 신속하게 도와드리겠습니다.
BL,주소를 어떻게 수정하는지 모르겠어요,배송지,배송지 변경,걱정 마세요! 고객님의 주소를 수정하는 데 도움을 드릴 수 있습니다. 배송 주소를 변경하려면 계정에 로그인하여 프로필 설정에서 업데이트하거나 고객 서비스 팀에 도움을 요청하세요. 추가 안내가 필요하면 알려주세요!
BL,배송주소를 수정하고 싶어요,배송지,배송지 변경,물론이죠! 배송 주소를 수정하려면 몇 가지 옵션이 있습니다. 당사 웹사이트에서 고객님의 계정에 로그인하고 프로필 설정에서 업데이트할 수 있습니다. 또는 당사 고객 서비스 팀에 연락하여 업데이트된 주소를 제공할 수 있습니다. 필요한 변경을 수행하는 데 기꺼이 도움을 드릴 것입니다.
BILPQ,내 배송 주소 수정에 대한 정보를 알려줄 거에요,배송지,배송지 변경,"확실히! 배송 주소를 수정해야 하는 경우 계정 설정으로 이동하여 쉽게 수정할 수 있습니다. 거기에서 ""배송 주소"" 섹션으로 이동하여 현재 주소 옆에 있는 ""수정"" 버튼을 클릭하세요. 필요한 사항을 변경하고 저장합니다. 향후 주문을 위해 새로운 배송 주소가 업데이트됩니다. 추가 문의사항이 있거나 도움이 필요하시면 알려주세요."
BLM,내 주소를 편집하려는 지원을 원합니다,배송지,배송지 변경,물론이죠! 고객님의 주소를 수정하는 데 도와드리겠습니다. 새 주소 세부정보를 알려주시면 업데이트 과정을 안내해 드리겠습니다.
BL,주소를 변경할 수 없습니다.,배송지,배송지 변경,불편을 끼쳐드려 죄송합니다. 주소 변경에 도움을 드릴 수 있도록 주문 세부정보를 제공해 주시면 필요한 업데이트를 도와드리겠습니다.
BLQ,배송 주소를 수정해야 해요,배송지,배송지 변경,"긍정적으로! 배송 주소를 수정하는 데 도움을 드릴 수 있습니다. 계속 진행하려면 계정에 로그인하고 ""배송 주소"" 섹션으로 이동하세요. 여기에서 주소 세부정보를 업데이트하고 변경 사항을 저장할 수 있습니다. 문제가 발생하거나 추가 지원이 필요한 경우 언제든지 고객 지원팀에 문의하세요."
BCILPW,빌어먹을 배송 주소가 바뀌었는데 업데이트해주실 수 있나요?,배송지,배송지 변경,불편을 끼쳐드려 죄송합니다. 배송 주소 업데이트에 도움을 드리고 있습니다. 정확한 주소를 제공해 주시면 해당 주소가 시스템에 업데이트되도록 하겠습니다.
BILQZ,내 배송지 주소를 수정하려면 어떻게 해야 하나요?,배송지,배송지 변경,"문제 없습니다! 배송 주소를 수정하려면 다음 단계를 따르세요. 1. 당사 웹사이트에서 고객님의 계정에 로그인하십시오. 2. ""내 계정"" 또는 ""프로필"" 섹션으로 이동합니다. 3. ""배송 주소"" 또는 ""주소록"" 옵션을 찾으십시오. 4. 현재 배송 주소를 편집하려면 해당 버튼을 클릭하세요. 5. 거리, 도시, 주, 우편번호 등 필요한 세부정보를 업데이트합니다. 6. 변경 사항을 저장합니다. 이 단계를 완료하면 배송 주소가 수정됩니다. 문제가 발생하거나 추가 지원이 필요한 경우 주저하지 말고 고객 지원팀에 문의하세요."
BCL,배송지 주소를 잘못 입력했습니다. 변경하도록 도와주세요,배송지,배송지 변경,긍정적으로! 배송지 변경을 도와드릴 수 있습니다. 필요한 사항을 수정하려면 주문 세부정보와 정확한 주소를 알려주시면 업데이트해 드리겠습니다. 또는 당사 웹사이트에서 고객님의 계정에 로그인하고 프로필 설정에서 주소를 업데이트할 수 있습니다. 어떻게 진행하고 싶은지 알려주세요.
BL,내 배송 주소를 편집하는 데 도움이 필요합니다,배송지,배송지 변경,"확실히! 배송지 주소 수정에 도움을 드리고 있습니다. 현재 주소, 변경하려는 새 주소 등 필요한 세부정보를 제공해 주시면 필요한 업데이트를 도와드리겠습니다."
BL,배송지 주소를 수정해야 해요,배송지,배송지 변경,문제 없습니다! 당사 웹사이트에 로그인하시면 배송지 주소를 쉽게 편집하실 수 있습니다. 로그인한 후 배송 주소 섹션으로 이동하여 필요한 사항을 변경하세요. 추가 지원이 필요한 경우 언제든지 고객 지원팀에 문의해 주세요.
BCLQWZ,나 빌어먹을 주소를 골랐어 수정하고 싶어,배송지,배송지 변경,"불편을 끼쳐드려 죄송합니다. 배송 주소를 수정하려면 거리 이름, 집 번호, 도시, 주, 우편번호를 포함한 정확한 세부정보를 제공해 주시기 바랍니다. 이렇게 하면 패키지가 올바른 위치로 배송될 수 있습니다."
BKL,문제 해결 주소,배송지,배송지 변경,주소 수정 문제로 불편을 끼쳐드려 죄송합니다. 주문 세부정보와 정확한 주소를 알려주시면 시스템에서 업데이트하는 데 도움을 드리겠습니다.
BILQ,배송 주소 업데이트에 대해 알려줄 수 있나요?,배송지,배송지 변경,물론입니다! 배송 주소를 업데이트하는 데 도움을 드리고 싶습니다. 이렇게 하려면 다음 단계를 따르세요. [배송 주소 업데이트에 필요한 단계 또는 지침 제공] 추가 지원이 필요하면 알려주세요!
BLW,빌어먹을 배송 주소를 편집할 수가 없어요,배송지,배송지 변경,배송 주소를 수정하는 동안 불편을 끼쳐드려 죄송합니다. 주문 세부정보를 알려주시면 주소 업데이트를 직접 도와드리겠습니다.
BILP,주소는 어디서 수정할 수 있나요?,배송지,배송지 변경,"주소를 편집하려면 계정 설정에 액세스하여 쉽게 편집할 수 있습니다. 고객님의 계정에 로그인하고 ""배송 주소"" 섹션으로 이동하시면 됩니다. 여기에서 주소를 필요한 대로 변경할 수 있습니다. 추가 지원이 필요한 경우 언제든지 고객 지원팀에 문의해 주세요."
BLM,배송 주소 변경 지원,배송지,배송지 변경,물론이죠! 배송지 주소 변경과 관련해 기꺼이 도와드리겠습니다. 고객님의 현재 주소와 업데이트하려는 새 주소를 알려주시겠습니까?
BLZ,배송 주소 업데이트에 대한 정보가 없습니다.,배송지,배송지 변경,"배송 주소를 업데이트하는 데 도움을 드리고자 합니다! 배송 주소를 변경하려면 당사 웹사이트에서 고객님의 계정에 로그인하고 ""내 계정"" 섹션으로 이동하십시오. 여기에서 배송 주소를 편집하고 패키지가 올바른 위치로 배송되는지 확인할 수 있습니다. 추가 질문이 있거나 도움이 필요하면 언제든지 고객 서비스 팀에 문의하세요. 그들은 기꺼이 고객님을 도와줄 것입니다!"
BL,배송지 주소를 변경하려고 합니다.,배송지,배송지 변경,문제 없습니다! 배송 주소 변경에 대해 확실히 도와드릴 수 있습니다. 그렇게 하려면 주문 번호와 사용하려는 새 주소를 알려주십시오. 당사 고객 서비스 팀이 고객님을 위해 정보를 업데이트해 드릴 것입니다.
BIL,배송 주소를 수정할 수 있나요?,배송지,배송지 변경,긍정적으로! 배송 주소 수정에 도움을 드릴 수 있습니다. 정확한 주소 정보를 제공해 주시면 시스템에서 업데이트해 드리겠습니다.
BILW,내 빌어먹을 주소를 어떻게 업데이트할 수 있나요?,배송지,배송지 변경,"배송지 업데이트로 인해 불편을 끼쳐드려 죄송합니다. 주소를 업데이트하려면 다음 단계를 따르세요. 1. 당사 웹사이트에서 고객님의 계정에 로그인하십시오. 2. ""내 계정"" 또는 ""계정 설정"" 섹션으로 이동합니다. 3. 주소나 배송 정보를 업데이트하는 옵션을 찾으세요. 4. 계속 진행하려면 해당 링크나 버튼을 클릭하세요. 5. 새 배송 주소 세부정보를 필수 필드에 입력하세요. 6. 변경 사항을 저장하기 전에 모든 정보가 올바른지 다시 확인하세요. 7. 주소를 업데이트한 후에는 새 배송 주소가 향후 주문에 적용되어야 합니다. 어려움이 있거나 추가 질문이 있는 경우 주저하지 말고 고객 지원팀에 문의하세요. 최선을 다해 도와드리겠습니다."
BK,배송지 주소 변경,배송지,배송지 변경,내가 처리할게! 배송 주소를 업데이트해야 하는 경우 새 주소를 알려주시면 필요한 사항을 변경해 드리겠습니다.
BCL,주소를 수정하고 싶은데 도움이 필요해요,배송지,배송지 변경,주소 문제로 인해 불편을 드려 죄송합니다. 이를 수정하려면 당사 고객 서비스 팀에 문의하시면 추가 지원을 받으실 수 있습니다.
BLZ,배송지 변경 중 오류가 발생했습니다,배송지,배송지 변경,배송지 변경으로 인해 불편을 드려 죄송합니다. 이 문제에 대한 도움이 필요하면 고객 지원팀에 문의하세요. 오류를 해결하고 주소가 정확하게 업데이트되었는지 확인하는 데 도움을 드릴 수 있습니다.
BILPQZ,주소 업데이트 어디서 할 수 있어?,배송지,배송지 변경,"주소를 업데이트하려면 당사 웹사이트의 ""계정 설정"" 섹션으로 이동하면 쉽게 업데이트할 수 있습니다. 여기에서 배송 주소를 편집할 수 있는 옵션을 찾을 수 있습니다."
BL,배송 주소를 수정하는 데 도움을 주세요,배송지,배송지 변경,배송 주소 수정 문제로 인해 불편을 끼쳐드려 죄송합니다. 도움을 드리기 위해 현재 발생한 특정 문제에 대한 자세한 내용을 알려주시겠습니까? 이는 고객님께 가장 적합한 솔루션을 찾는 데 도움이 될 것입니다.
BIL,배송 주소 업데이트에 대해 알려주실 수 있나요?,배송지,배송지 변경,"물론입니다! 배송 주소를 업데이트해야 하는 경우 당사 웹사이트의 계정 설정에 액세스하여 쉽게 업데이트할 수 있습니다. 간단히 로그인하고 ""배송 주소"" 섹션으로 이동하여 필요한 정보를 업데이트하세요. 또는 당사 고객 지원팀에 문의하시면 배송 주소 업데이트에 대해 기꺼이 도움을 드릴 것입니다."
BL,배송지 변경에 문제가 있습니다,배송지,배송지 변경,배송지 변경으로 인해 불편을 드려 죄송합니다. 우리 고객 지원팀이 고객님을 도와드리겠습니다. 현재 주소와 업데이트된 주소 정보를 제공해 주시면 최대한 빨리 업데이트해 드리겠습니다.
BLZ,배송주소 변경 안내,배송지,배송지 변경,"배송 주소를 변경해야 하는 경우 계정에 로그인하여 ""배송 주소"" 섹션으로 이동하세요. 여기에서 주소 세부 정보를 업데이트하고 패키지가 올바른 위치로 배송되는지 확인할 수 있습니다. 문제가 발생하거나 추가 질문이 있는 경우 주저하지 말고 고객 지원팀에 문의하여 도움을 받으세요."
BLMW,빌어먹을 배송 주소를 수정하는 데 문제가 있습니다,배송지,배송지 변경,배송 주소를 수정하는 동안 불편을 끼쳐드려 죄송합니다. 저희 팀이 고객님을 돕기 위해 왔습니다. 주문 세부정보를 제공해 주시면 해결 방법을 찾아드리겠습니다.
BLZ,내 주소를 수정하는 데 도움이 필요합니다.,배송지,배송지 변경,물론이죠! 고객님의 주소를 수정하는 데 도움을 드릴 수 있습니다. 시작하려면 현재 주소와 변경하려는 새 주소를 알려주세요.
BILQZ,내 주소 변경에 대한 정보는 어떻게 찾을 수 있나요?,배송지,배송지 변경,"주소 변경 방법에 대한 정보를 찾으려면 당사 웹사이트를 방문하여 ""계정 설정"" 또는 ""내 프로필"" 섹션으로 이동하세요. 여기에서 배송 주소를 편집할 수 있는 옵션을 찾을 수 있습니다. 여전히 문제가 있는 경우 당사 고객 서비스 팀에 문의하시면 기꺼이 추가 지원을 해 드리겠습니다."
BL,내 주소를 업데이트할 수 없습니다,배송지,배송지 변경,주소 업데이트 문제로 불편을 끼쳐드려 죄송합니다. 문제의 세부정보를 알려주시면 최대한 빨리 문제를 해결할 수 있도록 도와드리겠습니다.
BL,주소 수정에 관해 질문이 있습니다,배송지,배송지 변경,물론입니다! 주소 수정과 관련하여 구체적인 질문이 무엇인지 알려주시면 기꺼이 도와드리겠습니다.
BL,배송지 주소를 수정하려면 어떻게 해야 하는지 모르겠습니다.,배송지,배송지 변경,"걱정 마세요! 배송 주소를 수정하는 데 도움을 드릴 수 있습니다. 배송 주소를 업데이트하려면 계정 설정으로 이동하여 ""배송 주소"" 섹션을 찾으세요. 여기에서 주소를 필요한 대로 변경할 수 있습니다. 여전히 문제가 있는 경우 알려주시면 기꺼이 도와드리겠습니다."
BILQ,배송지 주소 수정 가능한가요?,배송지,배송지 변경,저는 그것을하고있다! 저희는 주소 변경이 발생한다는 것을 알고 있으며 배송 주소 수정에 도움을 드리고 있습니다. 업데이트된 주소를 제공해 주시면 고객님의 주문이 올바른 위치로 배송되도록 하겠습니다.
BLQ,주소를 바꾸려면 어떻게 해야 할지 모르겠어요,배송지,배송지 변경,"배송 주소를 업데이트하는 방법을 잘 모르신다는 점을 이해합니다. 걱정하지 마세요. 저희가 도와드리겠습니다. 주소를 변경하려면 계정에 로그인하여 ""내 계정"" 또는 ""배송 주소"" 섹션으로 이동하세요. 여기에서 현재 주소를 편집하고 업데이트된 정보를 저장할 수 있습니다. 어려움이 있는 경우 알려주시면 고객 지원팀에서 추가 지원을 해드리겠습니다."
BLMZ,배송 주소를 수정하는 중에 문제가 발생했습니다.,배송지,배송지 변경,배송 주소를 수정하는 동안 발생한 문제에 대해 사과드립니다. 저희 팀이 고객님을 돕기 위해 왔습니다. 필요한 세부 정보를 제공해 주시면 이 문제를 신속하게 해결하기 위해 함께 노력하겠습니다.
BIL,배송 주소를 업데이트하는 방법은 무엇입니까?,배송지,배송지 변경,"물론이죠! 배송 주소를 업데이트하려면 다음과 같은 간단한 단계를 따르세요. 1. 당사 웹사이트에서 고객님의 계정에 로그인하십시오. 2. ""내 계정"" 섹션으로 이동합니다. 3. '배송지 주소' 또는 '주소록'을 선택하세요. 4. 업데이트하려는 주소를 찾아 ""수정"" 또는 ""수정""을 클릭하십시오. 5. 거리 이름, 도시, 우편번호 등 주소를 필요한 대로 변경하세요. 6. 업데이트된 주소를 저장합니다. 7. 변경 사항이 올바르게 적용되었는지 다시 확인하세요. 추가 질문이 있거나 도움이 필요한 경우 언제든지 고객 지원팀에 문의해 주세요."
BL,주소를 변경하려고 합니다,배송지,배송지 변경,물론이죠. 제가 도와드릴 수 있어요! 주소를 변경하려면 당사 웹사이트에서 고객님의 계정에 로그인하십시오. 로그인한 후 계정 설정 페이지로 이동하면 배송 주소를 업데이트할 수 있는 옵션이 있습니다. 문제가 발생하거나 추가 지원이 필요한 경우 언제든지 고객 서비스 팀에 문의하세요.
BLQ,내 주소를 수정하는 데 도움이 필요해요,배송지,배송지 변경,고객님의 주소를 수정하는 데 도움을 드리고자 왔습니다. 정확한 세부정보를 제공해 주시면 업데이트되도록 하겠습니다.
BL,배송지 변경에 대한 정보를 원합니다,배송지,배송지 변경,물론이죠! 배송 주소를 변경해야 하는 경우 당사 고객 지원팀에 문의하시면 쉽게 변경할 수 있습니다. 새로운 정보로 주소를 업데이트하는 데 도움을 드릴 것입니다. 원활하고 성공적인 배송을 위해 정확한 세부정보를 제공하시기 바랍니다.
BILP,배송 주소 변경에 대해 더 자세히 알려주실 수 있나요?,배송지,배송지 변경,"기꺼이 도와드리겠습니다! 배송 주소를 변경해야 하는 경우, 저희가 확실히 도와드릴 수 있습니다. 새 주소 정보를 알려주시면 업데이트해 드리겠습니다. 주문하신 상품이 이미 배송된 경우에는 주소를 변경하지 못할 수도 있다는 점을 참고하시기 바랍니다. 그러나 저희는 항상 고객님을 돕기 위해 최선을 다할 수 있습니다. 어떤 변경이 필요한지 알려주시면 처리해 드리겠습니다."
BELP,주소를 어떻게 변경할 수 있는지 모르겠습니다.,배송지,배송지 변경,걱정 마세요! 제가 도와드릴 수 있습니다. 주소를 변경하려면 계정에 로그인하여 설정 섹션으로 이동하세요. 배송 주소를 업데이트하고 새 정보를 입력하는 옵션을 찾으세요. 어려움에 직면한 경우 언제든지 고객 지원팀에 문의하여 추가 지원을 받으세요.
BIL,내 주소 변경에 대해 더 자세히 알려줄 수 있나요?,배송지,배송지 변경,물론입니다! 주소 변경은 일반적인 요청이므로 저희가 도와드리겠습니다. 주소를 업데이트하려면 고객 서비스 팀에 문의하거나 계정에 로그인하여 설정 또는 프로필 섹션으로 이동하세요. 여기에서 주소를 편집하거나 수정할 수 있는 옵션을 찾을 수 있습니다. 원활한 배송 절차를 위해 필요한 모든 세부정보를 정확하게 제공하시기 바랍니다. 주소 변경과 관련하여 구체적인 질문이나 우려 사항이 있는 경우 언제든지 알려주시면 기꺼이 도와드리겠습니다.
BLZ,배송 주소를 업데이트하는 중에 오류가 발생했습니다.,배송지,배송지 변경,불편을 끼쳐드려 죄송합니다. 배송 주소를 업데이트하는 동안 발생한 오류에 대해 더 자세히 알려주실 수 있나요? 이렇게 하면 더 나은 지원을 제공하고 최대한 빨리 문제를 해결하는 데 도움이 될 것입니다.
BL,배송 주소 수정에 대해 알려주세요,배송지,배송지 변경,"내가 처리할게! 배송 주소를 수정해야 하는 경우 당사 웹사이트의 계정 설정에 액세스하여 쉽게 수정할 수 있습니다. ""배송 주소"" 섹션으로 이동하여 필요에 따라 정보를 업데이트하기만 하면 됩니다. 주문을 진행하기 전에 변경 사항을 저장하는 것을 잊지 마세요. 어려움이 있거나 추가 질문이 있는 경우 언제든지 고객 지원팀에 문의하세요. 저희는 고객님을 돕기 위해 여기 있습니다!"
BLM,배송 주소를 수정하는 중에 오류가 발생했습니다,배송지,배송지 변경,"불편을 끼쳐드려 죄송합니다. 배송 주소를 수정하는 동안 오류가 발생하는 경우 다음 문제 해결 단계를 시도해 보세요. 1. 주소 세부정보를 다시 확인하세요. 거리명, 번호, 도시, 우편번호 등 주소 정보를 정확하게 입력했는지 확인하세요. 부정확하거나 누락된 정보로 인해 오류가 발생할 수 있습니다. 2. 캐시 및 쿠키 지우기: 때로는 브라우저 캐시에 저장된 오래된 데이터가 주소 업데이트 절차를 방해할 수 있습니다. 캐시와 쿠키를 지우면 이 문제를 해결하는 데 도움이 될 수 있습니다. 이를 수행하는 방법에 대한 지침은 브라우저 설명서를 참조할 수 있습니다. 3. 다른 브라우저나 장치를 사용해 보십시오. 때때로 특정 브라우저나 장치는 당사의 주소 업데이트 시스템과 호환성 문제가 있을 수 있습니다. 다른 브라우저나 장치로 전환하면 문제를 해결하는 데 도움이 될 수 있습니다. 4. 고객지원팀에 문의: 위의 단계를 시도한 후에도 여전히 오류가 발생하는 경우 고객지원팀에 문의하세요. 추가 지원을 제공하고 배송 주소가 올바르게 업데이트되었는지 확인할 수 있습니다. 이 단계를 통해 고객님이 겪고 있는 문제가 해결되기를 바랍니다. 추가 도움이 필요하시면 언제든지 알려주시기 바랍니다."
BLM,내 주소를 업데이트하는 중에 문제가 발생했습니다,배송지,배송지 변경,주소 업데이트 문제로 불편을 끼쳐드려 죄송합니다. 추가 지원을 위해 발생한 특정 문제나 오류 메시지에 대한 자세한 내용을 제공해 주시겠습니까? 이 정보는 문제를 식별하고 가능한 한 빨리 해결책을 찾는 데 도움이 됩니다.
BL,내 배송 주소 편집에 대한 정보 알려 줘,배송지,배송지 변경,"물론이죠! 배송 주소를 수정하는 데 필요한 정보를 제공해 드릴 수 있습니다. 배송 주소를 변경하려면 계정에 로그인하여 ""배송 주소"" 섹션으로 이동하세요. 여기에서 주소를 업데이트하고 변경 사항을 저장할 수 있습니다. 어려움이 있거나 추가 지원이 필요한 경우 언제든지 고객 지원팀에 문의하세요. 그들은 그 과정을 기꺼이 도와줄 것입니다."
BLQZ,배송지 주소 변경에 도움이 필요해요,배송지,배송지 변경,"배송 주소를 업데이트하려면 다음 단계를 따르세요. 1. 고객님의 계정에 로그인하십시오. 2. 계정 설정으로 이동하세요. 3. '배송 주소' 섹션을 찾으세요. 4. 현재 주소 옆에 있는 ""수정"" 또는 ""업데이트""를 클릭하세요. 5. 새로운 배송 주소를 입력하고 변경 사항을 저장하세요. 오류가 발생하거나 추가 지원이 필요한 경우 알려주시기 바랍니다. 이 과정을 기꺼이 도와드리겠습니다."
BLQ,내 배송 주소를 수정하는 데 도움이 필요해요,배송지,배송지 변경,내가 처리할게! 배송 주소를 수정하는 데 도움을 드리고자 왔습니다. 고객님의 현재 주소와 업데이트하려는 새 주소를 알려주시겠습니까?
BLQ,주소 수정에 도움이 필요해요,배송지,배송지 변경,"물론, 고객님의 주소를 수정하는 데 도움을 드릴 수 있습니다. 그렇게 하려면 계정 설정으로 이동하여 주소를 업데이트하거나 당사 고객 지원팀에 문의하여 추가 안내를 받으시면 됩니다. 추가 도움이 필요하면 알려주세요!"
BIL,배송 주소 업데이트에 대해 자세히 알려주실 수 있나요?,배송지,배송지 변경,물론이죠! 배송 주소를 업데이트하는 경우 몇 가지 옵션이 있습니다. 당사 온라인 계정이 있는 경우 간단히 로그인하여 주소 섹션으로 이동할 수 있습니다. 여기에서 현재 주소를 편집하거나 새 주소를 추가할 수 있습니다. 온라인 계정이 없는 경우 당사 고객 서비스 팀에 문의하시면 배송 주소 업데이트에 기꺼이 도움을 드릴 것입니다.
BLQ,내 주소를 업데이트하는 데 도움이 필요해요,배송지,배송지 변경,물론입니다! 주소 업데이트를 도와드리겠습니다. 그렇게 하려면 다음 단계를 따르세요. 1. 당사 웹사이트에서 고객님의 계정에 로그인하십시오. 2. 계정 설정으로 이동하세요. 3. 주소를 편집할 수 있는 옵션을 찾으세요. 4. 필요한 사항을 변경하고 업데이트를 저장합니다. 이 과정에서 문제가 발생할 경우 알려주시면 안내해 드리겠습니다.
BL,배송 주소를 수정하는 데 도움이 필요합니다.,배송지,배송지 변경,"물론입니다. 배송 주소를 수정하는 데 도움을 드릴 수 있습니다. 배송 주소를 변경하려면 다음 단계를 따르세요. 1. 당사 웹사이트에서 고객님의 계정에 로그인하십시오. 2. ""내 계정"" 섹션으로 이동합니다. 3. ""배송 주소"" 탭을 찾아 클릭하세요. 4. 편집하려는 주소를 찾고 ""편집"" 옵션을 선택하십시오. 5. 필요한 필드를 새 정보로 업데이트합니다. 6. 주소가 정확한지 다시 확인하세요. 7. 변경 사항을 저장합니다. 문제가 발생하거나 추가 질문이 있는 경우 언제든지 고객 지원팀에 연락하여 즉각적인 도움을 받으세요."
BILP,내 배송 주소 변경에 대해 알려주실 수 있나요?,배송지,배송지 변경,과연! 배송지 변경이 필요하신 경우 고객센터로 연락주시기 바랍니다. 주문에 대한 배송 정보를 업데이트하는 데 도움을 드릴 수 있습니다. 패키지가 올바른 주소로 배송되었는지 확인하려면 가능한 한 빨리 연락하는 것이 중요합니다. 문의해 주셔서 감사합니다!
BL,배송 주소 수정에 대한 정보 찾기,배송지,배송지 변경,최선을 다하겠습니다! 배송 주소를 수정해야 하는 경우 계정 설정에 액세스하여 배송 정보 수정 옵션을 선택하면 됩니다. 여기에서 주소를 필요한 대로 변경할 수 있습니다. 어려움이 있거나 추가 질문이 있는 경우 주저하지 말고 고객 지원팀에 문의하여 도움을 받으세요.
BIL,주소 업데이트에 대한 정보는 어디서 찾을 수 있나요?,배송지,배송지 변경,주소 업데이트에 대한 정보를 찾으려면 당사 웹사이트의 도움말 센터를 방문하거나 당사 고객 서비스 팀에 문의하세요. 이 과정을 진행하는 데 도움이 되는 자세한 지침과 지침이 있습니다. 도움이 필요하면 주저하지 말고 저희에게 연락하세요!
BLQZ,내 주소를 변경하려는 지원이 강화되었습니다.,배송지,배송지 변경,주소 변경으로 인해 불편을 끼쳐드려 죄송합니다. 기꺼이 도와드리겠습니다. 업데이트할 새 주소를 알려주시면 필요한 사항을 변경해 드리겠습니다.
BLQ,주소 수정에 대해 더 알고 싶어요,배송지,배송지 변경,확실히! 주소 수정에 대한 추가 정보를 제공해 드리겠습니다. 배송 주소를 변경해야 하는 경우 고객 지원팀에 연락하여 정확한 주소 정보를 제공해 주시기 바랍니다. 고객님의 주소 정보를 업데이트하고 주문이 원활하게 배송되도록 도와드립니다.
BL,배송 주소 변경에 대한 지원,배송지,배송지 변경,배송지 변경으로 인해 불편을 드려 죄송합니다. 이에 도움을 드릴 수 있도록 주문 세부정보와 정확한 배송 주소를 제공해 주시면 업데이트해 드리겠습니다.
BL,주소 업데이트에 대해 자세히 알고 싶습니다.,배송지,배송지 변경,"물론이죠. 주소를 업데이트하는 방법에 대한 자세한 정보를 제공해 드릴 수 있습니다. 이를 위해서는 당사 웹사이트에서 고객님의 계정에 로그인한 후 ""계정 설정"" 페이지로 이동하여 주소를 편집할 수 있는 옵션을 찾을 수 있습니다. 또는 당사 고객 서비스 팀에 문의하시면 주소 업데이트에 도움을 드릴 것입니다. 추가 도움이 필요하면 알려주세요!"
BI,배송 주소를 어떻게 변경할 수 있나요?,배송지,배송지 변경,"불편을 끼쳐드려 죄송합니다. 배송 주소를 변경하려면 계정에 로그인한 후 ""내 계정"" 섹션으로 이동하세요. 여기에서 배송 주소를 업데이트하는 옵션을 찾을 수 있습니다. 어려움이 있거나 추가 질문이 있는 경우 언제든지 고객 지원팀에 문의하여 도움을 받으세요."
BILQ,주소를 어디서 바꾸나요?,배송지,배송지 변경,주소를 변경하려면 계정 설정으로 이동하거나 고객 지원팀에 문의하세요. 절차를 안내하고 배송 주소를 업데이트하는 데 도움을 드릴 것입니다.
BELQZ,주소 수정에 대한 정보를 찾고 있어요,배송지,배송지 변경,"물론이죠! 고객님의 주소를 수정하는 데 도움을 드릴 수 있습니다. 배송 주소를 업데이트하려면 계정 설정으로 이동하여 ""주소 편집"" 옵션을 찾으세요. 여기에서 필요한 변경을 수행할 수 있습니다. 문제가 발생하면 주저하지 말고 고객 지원팀에 연락하여 추가 지원을 받으시기 바랍니다."
BILQZ,내 주소 업데이트에 대해 더 자세히 알려줄 수 있나요?,배송지,배송지 변경,"저는 그것을하고있다! 주소 업데이트는 간단한 과정입니다. 계정에 로그인하고 ""배송"" 섹션으로 이동하여 배송 주소를 변경할 수 있습니다. 여기에서 주소 세부정보를 편집하고 변경 사항을 저장할 수 있습니다. 어려움이 있는 경우 언제든지 고객 서비스 팀에 문의하여 추가 지원을 받으세요."
BLQZ,배송 주소 업데이트에 대한 지원을 원합니다,배송지,배송지 변경,"바로 처리하겠습니다! 배송 주소를 업데이트하려면 계정 설정으로 이동하여 ""배송 주소"" 섹션으로 이동하세요. 여기에서 현재 주소를 원하는 새 주소로 수정할 수 있습니다. 어려움이 있거나 추가 지원이 필요한 경우 주저하지 말고 고객 지원팀에 문의하세요. 우리가 도와드리겠습니다!"
BILQZ,주소 업데이트에 대한 정보를 알려주실 수 있나요?,배송지,배송지 변경,"물론이죠! 주소를 업데이트하려면 계정에 로그인하여 ""계정 설정"" 섹션으로 이동하세요. 여기에서 배송 주소를 업데이트하는 옵션을 찾을 수 있습니다. 문제가 발생하면 주저하지 말고 고객 서비스 팀에 도움을 요청하세요."
BL,배송지 주소 수정에 대해 자세히 알고 싶습니다.,배송지,배송지 변경,"물론이죠! 배송 주소를 수정해야 하는 경우 계정에 로그인하고 ""배송 주소"" 섹션으로 이동하면 쉽게 수정할 수 있습니다. 여기에서 현재 주소를 편집하고 변경 사항을 저장할 수 있습니다. 문제가 발생하거나 특정 질문이 있는 경우 당사 고객 지원팀이 기꺼이 추가 지원을 제공해 드릴 것입니다."
BILQ,배송지 주소 수정하는 방법,배송지,배송지 변경,배송 주소를 수정하려면 전화나 이메일을 통해 고객 지원팀에 연락하여 업데이트된 정보를 제공하세요. 필요한 변경을 수행하고 주문이 올바른 주소로 배송되도록 도와드립니다.
BLQ,배송 주소를 수정하는 데 도움이 필요해요,배송지,배송지 변경,배송 주소 수정을 도와드리겠습니다. 새 주소를 알려주시면 업데이트해 드리겠습니다.
BILP,주소 업데이트에 대한 정보를 알려주시겠어요?,배송지,배송지 변경,"물론입니다! 고객님의 주소를 업데이트하는 데 도와드리겠습니다. 배송 주소를 변경하려면 다음 단계를 따르세요. 1. 당사 웹사이트에서 고객님의 계정에 로그인하십시오. 2. ""내 계정"" 또는 ""계정 설정"" 섹션으로 이동합니다. 3. ""주소"" 또는 ""배송 주소"" 탭을 찾으세요. 4. 주소를 편집하려면 옵션을 클릭하세요. 5. 새 주소 세부정보를 입력하고 변경 사항을 저장합니다. 문제가 발생하거나 추가 문의사항이 있으면 언제든지 알려주시기 바랍니다. 저는 도와주러 왔습니다!"
BLQZ,내 주소를 어떻게 변경하는지 모르겠어요,배송지,배송지 변경,"주소 변경 방법을 잘 모르시는 것으로 알고 있습니다. 걱정하지 마세요. 제가 도와드릴 수 있습니다. 주소를 수정하려면 당사 웹사이트에서 고객님의 계정에 로그인하고 ""계정 설정"" 섹션으로 이동하여 ""배송 주소"" 옵션을 찾으십시오. 여기에서 주소 세부정보를 업데이트할 수 있습니다. 문제가 발생하거나 추가 안내가 필요한 경우 언제든지 고객 지원팀에 문의하여 도움을 받으세요."
BCIL,배송지 주소를 잘못 입력했는데 수정할 수 있나요?,배송지,배송지 변경,물론입니다! 배송지 주소 오류를 바로잡을 수 있도록 도와드리겠습니다. 업데이트된 주소를 알려주시면 변경해 드리겠습니다.
BIL,주소 수정에 대한 정보는 어디서 얻을 수 있나요?,배송지,배송지 변경,"물론이죠! 주소 수정에 대한 정보를 찾으려면 당사 웹사이트를 방문하여 ""도움말 센터"" 섹션으로 이동하십시오. 여기에서 배송 주소를 업데이트하는 방법에 대한 자세한 지침을 확인할 수 있습니다. 특정 질문이 있거나 추가 지원이 필요한 경우 언제든지 고객 지원팀에 문의하세요. 연중무휴 24시간 이용 가능하며 필요한 주소 수정에 대해 기꺼이 도움을 드릴 것입니다."
BL,주소 변경하는 것 좀 도와줘,배송지,배송지 변경,확실히! 고객님의 주소를 변경하는 데 확실히 도움을 드릴 수 있습니다. 고객님의 현재 주소와 새 주소에 대한 세부정보를 알려주시면 절차를 안내해 드리겠습니다.
BLMZ,주소 수정을 지원합니다.,배송지,배송지 변경,"전혀 문제 없습니다! 배송 주소를 수정하려고 하신다는 점을 이해합니다. 그렇게 하려면 다음과 같은 간단한 단계를 수행하면 됩니다. 1. 당사 웹사이트에서 고객님의 계정에 로그인하십시오. 2. ""계정"" 또는 ""프로필"" 섹션으로 이동합니다. 3. ""배송 주소"" 또는 ""배송 주소"" 탭을 찾으세요. 4. 현재 배송 주소를 편집하려면 해당 버튼을 클릭하세요. 5. 새 주소를 추가하거나 기존 주소를 업데이트하는 등 필요한 사항을 주소에 변경합니다. 6. 변경 사항을 저장합니다. 정확한 단계는 사용 중인 플랫폼이나 웹사이트 레이아웃에 따라 약간 다를 수 있습니다. 어려움이 있거나 특정 질문이 있는 경우 언제든지 고객 지원팀에 문의하여 추가 지원을 받으세요."
BCL,주소가 변경되었습니다. 수정하도록 도와주세요,배송지,배송지 변경,고객님의 주소가 변경되었으며 이를 수정하는 데 도움이 필요하다는 점을 이해합니다. 우리 고객 서비스 팀이 이 문제에 대해 기꺼이 도움을 드릴 것입니다. 당사 웹사이트의 채팅 지원을 통해 또는 당사 헬프라인에 전화하여 문의하시기 바랍니다. 담당자가 절차를 안내하고 업데이트된 주소가 당사 시스템에 올바르게 반영되었는지 확인합니다. 문의해 주셔서 감사합니다!
BL,배송 주소를 업데이트해야 해요,배송지,배송지 변경,내가 처리할게! 배송 주소를 업데이트하는 데 도움을 드릴 수 있습니다. 새 주소를 제공해 주시면 시스템에서 해당 주소가 업데이트되도록 하겠습니다.
BL,주소를 변경하는 데 도움이 필요합니다,배송지,배송지 변경,"물론이죠. 제가 도와드릴 수 있습니다. 주소를 변경하려면 다음 단계를 따르세요. 1. 당사 웹사이트에서 고객님의 계정에 로그인하십시오. 2. ""계정"" 또는 ""프로필"" 섹션으로 이동합니다. 3. ""주소"" 또는 ""배송 정보"" 탭을 찾으세요. 4. 현재 주소 옆에 있는 ""수정"" 또는 ""업데이트""를 클릭하세요. 5. 새 주소 정보를 입력하세요. 6. 변경 사항을 저장합니다. 7. 새 주소가 올바르게 업데이트되었는지 다시 확인하세요. 도중에 어려움이 있거나 질문이 있는 경우 언제든지 고객 지원팀에 문의하여 추가 지원을 받으세요."
BLZ,주소를 수정할 수 없습니다.,배송지,배송지 변경,주소를 수정할 수 없다는 소식을 듣고 안타깝습니다. 당사 고객 서비스 팀에 연락하시면 배송 주소를 필요한 대로 변경하는 데 도움을 드릴 것입니다.
BLQ,내 주소를 수정하는 데 문제가 발생했습니다,배송지,배송지 변경,주소를 수정하는 동안 불편을 끼쳐드려 죄송합니다. 저희 고객 서비스 팀이 고객님의 주소 업데이트를 도와드리겠습니다. 현재 주소 세부정보와 변경하려는 정확한 주소를 알려주시면 확인 후 업데이트해 드리겠습니다.
BILQWZ,블러디 배송주소 수정 가능한가요?,배송지,배송지 변경,기꺼이 도와드리겠습니다! 계획이 변경될 수 있으며 배송 주소를 업데이트해야 할 수도 있다는 점을 이해합니다. 현재 배송 주소를 수정하려면 다음 단계를 따르세요...
BLM,배송 주소 수정에 대한 지원을 받고 싶습니다.,배송지,배송지 변경,"최선을 다하겠습니다! 배송 주소를 수정하는 데 도움을 드리고자 왔습니다. 시작하려면 당사 웹사이트에서 고객님의 계정에 로그인하고 ""계정 설정"" 섹션으로 이동하십시오. 여기에서 주소를 수정하는 옵션을 찾을 수 있습니다. 문제가 발생하거나 추가 질문이 있는 경우 언제든지 고객 지원팀에 문의하세요. 이 과정을 진행하는 데 기꺼이 도움을 드리겠습니다."
BL,배송지 수정 안내,배송지,배송지 변경,"물론입니다! 배송지 주소 수정에 대한 정보가 필요하신 경우, 이전 주소, 새 주소 등 수정하고 싶은 세부정보를 알려주세요. 저는 그 과정에서 고객님을 돕고 필요한 정보를 제공할 것입니다."
BCILQ,배송지 주소가 바뀌었어요 어떻게 수정하나요,배송지,배송지 변경,"고객님의 배송 주소가 변경되었다는 소식을 듣고 안타깝게 생각합니다. 수정하려면 다음 단계를 따르세요. 1. 당사 웹사이트에서 고객님의 계정에 로그인하십시오. 2. ""내 계정"" 섹션으로 이동합니다. 3. ""배송 주소"" 옵션을 찾아 클릭하세요. 4. 여기에서 배송지 주소를 편집할 수 있습니다. 5. 필요한 사항을 변경하고 모든 세부 사항이 올바른지 확인하십시오. 6. 업데이트된 주소를 저장합니다. 문제가 발생하거나 추가 지원이 필요한 경우 언제든지 지원팀에 문의하세요. 우리가 도와드리겠습니다!"
BCIL,배송지 주소를 잘못 입력했는데 수정해주실 수 있나요?,배송지,배송지 변경,저는 그것을하고있다! 배송 주소를 수정하는 데 도움을 드릴 수 있습니다. 정확한 주소 정보를 제공해 주시면 패키지가 올바른 위치로 배송될 수 있도록 업데이트해 드리겠습니다.
BLMQ,배송 주소 변경 지원이 필요해요,배송지,배송지 변경,"내가 처리할게! 배송 주소 변경에 도움을 드릴 수 있습니다. 필요한 수정을 하려면 다음 단계를 따라 주세요. 1. 당사 웹사이트에서 고객님의 계정에 로그인하십시오. 2. ""내 계정"" 섹션으로 이동합니다. 3. ""배송 주소"" 옵션을 선택하세요. 4. 현재 주소 옆에 있는 ""수정"" 버튼을 클릭하세요. 5. 필요한 필드를 올바른 정보로 업데이트하세요. 6. 변경 사항을 저장합니다. 문제가 발생하거나 추가 안내가 필요한 경우 언제든지 고객 지원팀에 문의하세요. 절차 전반에 걸쳐 기꺼이 도움을 드릴 것입니다."
BLZ,내 배송 주소를 변경하려는 지원,배송지,배송지 변경,최선을 다하겠습니다! 배송지 변경을 도와드릴 수 있습니다. 절차를 시작하려면 현재 주소와 업데이트할 새 주소를 알려주시기 바랍니다.
BLMQ,배송지 주소를 수정하는 중에 오류가 발생했습니다,배송지,배송지 변경,배송지 주소 수정 중 발생한 오류로 인해 불편을 끼쳐드려 죄송합니다. 입력하는 주소 정보가 정확하고 완전한지 확인하는 것이 중요합니다. 문제가 계속 발생하는 경우 추가 지원을 드릴 수 있도록 자세한 내용을 알려주세요.
BLZ,내 주소 수정에 대해 알려 줘,배송지,배송지 변경,물론이죠! 주소를 수정해야 하는 경우 고객 서비스 팀에 문의하세요. 패키지가 올바른 위치로 배송될 수 있도록 배송 주소를 업데이트하는 데 도움을 드립니다.
BQW,빌어먹을 배송 주소 변경에 대해 질문이 있어요,배송지,배송지 변경,배송지 변경으로 인해 불편을 끼쳐드려 죄송합니다. 이 문제에 대해 어떻게 도와드릴까요?
BKL,배송지 주소 수정,배송지,배송지 변경,"배송 주소를 수정하려면 다음 단계를 따르세요. 먼저, 고객님의 계정에 로그인하고 ""프로필"" 섹션으로 이동하십시오. 그런 다음 ""배송 주소"" 탭을 선택하고 옵션을 클릭하여 현재 주소를 편집하세요. 필요한 사항을 변경하고 업데이트된 정보를 저장합니다. 어려움이 있거나 추가 지원이 필요한 경우 주저하지 말고 고객 지원팀에 문의하세요. 배송 주소를 수정하는 과정을 기꺼이 도와드릴 것입니다."
BL,주소를 업데이트해야 해요,배송지,배송지 변경,내가 해낼게! 고객님의 주소 업데이트를 도와드리겠습니다. 새 주소 세부정보를 제공해 주시면 시스템에서 업데이트해 드리겠습니다.
BL,배송 주소 수정에 대해 자세히 알려주세요,배송지,배송지 변경,최선을 다하겠습니다! 배송 주소 수정에 도움이 필요한 경우 당사 고객 서비스 팀이 기꺼이 도와드리겠습니다. 올바른 주소 정보를 제공하시면 고객님의 패키지가 올바른 위치로 배송되도록 보장해 드립니다.
BL,내 배송 주소를 수정하는 데 도움이 필요합니다.,배송지,배송지 변경,배송 주소를 수정하는 데 도움이 필요하신 것으로 알고 있습니다. 저희 팀이 고객님을 돕기 위해 여기 있습니다. 고객님의 현재 주소와 업데이트하려는 올바른 주소를 알려주시면 필요한 사항을 변경해 드리겠습니다. 추가 질문이나 문의 사항이 있으면 알려주시기 바랍니다.
BLM,주소를 수정하는 중에 오류가 발생했습니다.,배송지,배송지 변경,"주소를 수정하는 중에 오류가 발생했다는 소식을 듣고 안타깝게 생각합니다. 이 문제를 해결하려면 거리 이름, 건물 번호, 도시, 주, 우편번호를 포함하여 주소에 올바른 형식을 입력했는지 확인하세요. 오타나 누락된 정보가 있는지 다시 확인하세요. 문제가 지속되면 고객 지원팀에 문의하여 추가 지원을 받으세요."
BLZ,주소를 수정하려면 어떻게 해야 할지 모르겠습니다.,배송지,배송지 변경,걱정 마세요! 주소를 수정하는 방법이 확실하지 않은 경우 당사 고객 지원팀에서 절차를 안내해 드릴 수 있습니다. 주문 세부정보를 알려주시면 저희가 고객님의 주소를 업데이트하는 데 기꺼이 도움을 드리겠습니다.
BCIL,주소를 수정하고 싶은데 어떻게 해야 하나요?,배송지,배송지 변경,물론이죠! 주소를 수정하려면 계정 설정으로 이동하여 배송 주소 수정 옵션을 선택하세요. 또는 당사 고객 지원팀에 연락하여 업데이트된 주소 세부정보를 제공할 수 있습니다. 이 과정을 기꺼이 도와드리겠습니다.
BCILQZ,잘못된 주소를 제출했는데 어떻게 수정하나요?,배송지,배송지 변경,"불편을 끼쳐드려 죄송합니다. 주소를 수정하려면 다음 단계를 따르세요. 1. 고객님의 계정에 로그인하고 ""배송 주소"" 섹션으로 이동하십시오. 2. 잘못된 주소를 찾아 옆에 있는 ""수정"" 버튼을 클릭하십시오. 3. 필요한 사항을 변경한 후 ""저장"" 버튼을 클릭하여 주소를 업데이트하십시오. 문제가 발생하거나 추가 지원이 필요한 경우 언제든지 지원팀에 문의하세요."
BLQZ,주소 변경에 대한 정보를 원해요,배송지,배송지 변경,"긍정적으로! 주소를 변경하려면 다음 단계를 따르세요. 1. 당사 웹사이트에서 고객님의 계정에 로그인하십시오. 2. ""계정 설정"" 또는 ""내 프로필"" 섹션으로 이동하세요. 3. ""배송 주소"" 또는 ""배송 주소"" 옵션을 찾으세요. 4. 현재 주소를 수정하려면 해당 버튼을 클릭하세요. 5. 새 주소 정보를 정확하게 입력하고 변경 사항을 저장하세요. 6. 계속하기 전에 업데이트된 주소를 확인하세요. 어려움이 있거나 추가 지원이 필요한 경우 주저하지 말고 고객 지원팀에 문의하세요. 저희는 항상 도움을 드리기 위해 여기 있습니다!"
BL,주소 업데이트 중,배송지,배송지 변경,"주소 업데이트에 도움이 필요한 경우 당사 웹사이트에서 계정에 로그인하고 ""계정 설정"" 또는 ""프로필"" 섹션으로 이동하여 쉽게 수행할 수 있습니다. 거기에서 주소 세부 정보를 편집할 수 있는 옵션을 찾을 수 있습니다. 문제가 발생하거나 특정 질문이 있는 경우 언제든지 고객 서비스 팀에 문의하여 추가 지원을 받으시기 바랍니다."
BLM,내 주소를 수정하는 중에 문제가 발생했습니다,배송지,배송지 변경,주소 수정 문제로 인해 불편을 끼쳐드려 죄송합니다. 발생한 특정 문제에 대한 자세한 내용을 제공해 주시겠습니까? 이렇게 하면 문제를 해결하는 데 도움이 될 것입니다.
BCL,배송 주소가 변경되었습니다. 업데이트하도록 도와주세요,배송지,배송지 변경,"물론이죠! 배송 주소 업데이트에 도움을 드리고 있습니다. 거리 이름, 시, 주, 우편번호를 포함한 새 주소 세부정보를 제공해 주시면 주문 시 즉시 업데이트해 드리겠습니다."
BLMW,빌어먹을 주소를 업데이트하는 중에 문제가 발생했습니다,배송지,배송지 변경,"주소를 업데이트하는 동안 발생한 문제에 대해 사과드립니다. 저희 팀이 이 문제를 해결하는 데 도움을 드리고 있습니다. 현재 주소, 업데이트하려는 새 주소 등 필요한 세부 정보를 제공해 주시면 필요한 변경을 수행하는 데 도움을 드리겠습니다."
BL,내 배송 주소 수정 지원,배송지,배송지 변경,"문제없습니다. 배송 주소를 수정하는 데 도움을 드릴 수 있습니다. 필요한 사항을 변경하려면 다음 단계를 따르세요. 1. 당사 웹사이트에서 고객님의 계정에 로그인하십시오. 2. ""내 계정"" 섹션으로 이동합니다. 3. 배송 주소를 업데이트하거나 편집할 수 있는 옵션을 찾으세요. 4. 정확한 주소 정보를 입력하고 변경 사항을 저장하세요. 어려움이 있거나 추가 질문이 있는 경우 언제든지 고객 지원팀에 문의하여 도움을 받으세요."
BEL,주소를 수정하려면 어떻게 해야 하는지 모르겠습니다.,배송지,배송지 변경,"걱정 마세요! 주소 수정 절차를 안내해 드리겠습니다. 배송 주소를 업데이트하려면 다음 단계를 따르세요. 1. 당사 웹사이트에서 고객님의 계정에 로그인하십시오. 2. 계정 설정으로 이동하세요. 3. ""배송 주소"" 섹션을 찾으십시오. 4. 현재 주소 옆에 있는 ""수정"" 옵션을 클릭하십시오. 5. 정확한 주소 정보를 입력하세요. 6. 새 주소를 검토하여 정확성을 확인하세요. 7. 변경 사항을 저장합니다. 어려움이 있거나 추가 질문이 있는 경우 언제든지 고객 지원팀에 문의하세요. 저희는 고객님을 돕기 위해 여기 있습니다!"
BLQ,배송 주소를 업데이트하려면 어떻게 해야 하는지 모르겠어요,배송지,배송지 변경,"걱정하지 마세요. 배송 주소 업데이트를 도와드리겠습니다. 이렇게 하려면 다음과 같은 간단한 단계를 수행하면 됩니다. 1. 당사 웹사이트에서 고객님의 계정에 로그인하십시오. 2. '계정' 또는 '프로필' 섹션으로 이동합니다. 3. ""배송 주소"" 또는 ""배송 주소"" 옵션을 찾으세요. 4. 현재 주소를 편집하거나 업데이트하려면 해당 주소를 클릭하세요. 5. 필요한 사항을 변경하고 저장합니다. 이 단계를 완료하면 고객님의 배송 주소가 당사 시스템에 업데이트됩니다. 문제가 발생하면 언제든지 고객 지원팀에 문의하여 추가 지원을 받으세요."
BL,주소 변경에 도움이 필요합니다,배송지,배송지 변경,확실히! 주소 변경과 관련해 도움을 드리려고 왔습니다. 시작하려면 현재 배송 주소와 업데이트할 새 주소를 알려주시기 바랍니다.
BIL,주소 수정에 대해 알려주실 수 있나요?,배송지,배송지 변경,확실히! 주소를 수정해야 하는 경우 다음 단계를 따르세요. 1. 당사 웹사이트에서 고객님의 계정에 로그인하십시오. 2. 프로필 또는 계정 설정으로 이동합니다. 3. 배송 주소를 업데이트하는 옵션을 찾으세요. 4. 정확한 주소 정보를 입력하고 변경 사항을 저장하세요. 문제가 발생하거나 추가 지원이 필요한 경우 언제든지 고객 지원팀에 문의하세요.
BL,내 주소 수정 도와줘,배송지,배송지 변경,확실히! 고객님의 주소를 수정하는 데 도움을 드리고 있습니다. 고객님을 위해 필요한 변경을 할 수 있도록 정확한 주소 정보를 제공해 주시기 바랍니다.
BCIL,배송지 주소가 바뀌었는데 수정해주실 수 있나요?,배송지,배송지 변경,내가 처리할게! 변경된 배송 주소를 수정하려면 당사 웹사이트를 통해 고객 서비스 팀에 문의하거나 헬프라인에 전화하세요. 배송 주소를 업데이트하고 원활한 배송 과정을 보장하는 데 도움을 드릴 것입니다.
BILQ,내 배송 주소 업데이트에 대한 정보를 어떻게 얻을 수 있나요?,배송지,배송지 변경,"배송 주소 업데이트에 대한 정보를 얻으려면 당사 웹사이트를 방문하여 ""FAQ"" 또는 ""연락처"" 섹션으로 이동하세요. 거기에서 고객님의 주소를 업데이트하는 방법과 필요한 문서 또는 양식을 업데이트하는 방법에 대한 자세한 지침을 찾을 수 있습니다. 여전히 질문이 있거나 추가 지원이 필요한 경우 당사 고객 서비스 팀이 전화나 이메일을 통해 기꺼이 도움을 드릴 것입니다."
BKLM,주소 수정 문제,배송지,배송지 변경,주소 수정에 어려움을 겪고 계시는 현실을 잘 알고 있습니다. 저는 이 문제를 해결하는 데 도와드리겠습니다. 발생한 특정 문제에 대한 자세한 내용을 제공해 주시겠습니까? 이렇게 하면 가장 정확한 지침과 솔루션을 제공하는 데 도움이 됩니다.
BCIL,실수로 이전 주소를 입력했는데 어떻게 수정하나요?,배송지,배송지 변경,"불편을 끼쳐드려 죄송합니다. 배송 주소를 수정하려면 다음 단계를 따르세요. 먼저 고객님의 계정에 로그인하고 ""내 계정"" 섹션으로 이동하십시오. 그런 다음 ""배송 주소"" 탭을 선택하면 기존 주소를 편집할 수 있는 옵션이 표시됩니다. 필요한 사항을 변경하고 업데이트된 주소를 저장합니다. 어려움이 있는 경우, 주저하지 말고 고객 지원팀에 문의해 주세요. 기꺼이 추가 지원을 해드릴 것입니다."
BKL,배송 주소를 업데이트하는 중에 문제가 발생했습니다.,배송지,배송지 변경,배송 주소 업데이트로 인해 발생한 문제에 대해 사과드립니다. 추가 지원을 위해 주문 번호와 변경하려는 정확한 주소를 알려 주시기 바랍니다. 가능한 한 빨리 필요한 변경이 이루어지도록 하겠습니다.
BL,배송 주소 업데이트에 대한 정보가 필요합니다,배송지,배송지 변경,"긍정적으로! 배송 주소를 업데이트하려면 몇 가지 옵션이 있습니다. 고객님는 고객님의 계정에 로그인하여 ""내 계정"" 또는 ""설정"" 섹션으로 이동하여 주소를 업데이트할 수 있는 옵션을 찾을 수 있습니다. 또는 라이브 채팅이나 전화를 통해 당사 고객 지원팀에 연락하시면 주소 업데이트를 기꺼이 도와드릴 것입니다."
BL,배송 주소 수정에 도움이 필요합니다,배송지,배송지 변경,긍정적으로! 배송지 주소 수정에 도움을 드리고 있습니다. 새 주소 세부정보를 제공해 주시면 필요한 사항을 변경해 드리겠습니다.
BLZ,배송 주소 변경에 대한 지원을 원합니다,배송지,배송지 변경,배송 주소 변경과 관련하여 도움이 필요하다는 점을 이해합니다. 우리가 도와드리겠습니다! 현재 주소와 업데이트할 새 주소를 알려주시면 나머지는 저희가 처리해 드리겠습니다.
BILQ,배송 주소는 어디서 편집할 수 있나요,배송지,배송지 변경,"배송 주소를 수정하려면 다음 단계를 따르세요. 1. 당사 웹사이트에서 고객님의 계정에 로그인하십시오. 2. ""내 계정"" 또는 ""계정 설정"" 섹션으로 이동합니다. 3. ""배송 주소"" 또는 ""배송 주소"" 옵션을 찾으세요. 4. 현재 주소를 수정하려면 해당 버튼을 클릭하세요. 5. 필요한 사항을 변경하고 업데이트된 주소를 저장합니다. 문제가 발생하면 주저하지 말고 고객 지원팀에 연락하여 추가 지원을 받으시기 바랍니다."
BLM,내 주소 업데이트를 지원합니다,배송지,배송지 변경,물론이죠! 고객님의 주소를 업데이트하는 데 도움을 드리고자 합니다. 기술적인 어려움이 있거나 도움이 필요한 경우 당사 고객 서비스 팀이 도움을 드릴 수 있습니다. 저희 웹사이트를 통해 저희에게 연락하시거나 전화를 주시면 고객님의 주소를 업데이트하는 과정을 기꺼이 도와드리겠습니다.
BILQ,배송 주소 수정하는 방법,배송지,배송지 변경,"물론이죠! 배송 주소를 수정하려면 다음 단계를 따르세요. 1. 당사 웹사이트에서 고객님의 계정에 로그인하십시오. 2. ""내 계정"" 또는 ""설정"" 섹션으로 이동합니다. 3. ""배송 주소"" 또는 ""배송 주소"" 옵션을 찾으세요. 4. 현재 주소를 수정하려면 해당 버튼을 클릭하세요. 5. 거리 이름, 번호, 우편번호 업데이트 등 주소를 필요한 대로 변경하세요. 6. 새 주소가 정확한지 다시 확인하세요. 7. 향후 배송에 적용되도록 변경 사항을 저장하십시오. 문제가 발생하거나 추가 지원이 필요한 경우 언제든지 고객 지원팀에 문의하세요. 우리가 도와드리겠습니다!"
BIL,배송 주소는 어디서 업데이트하나요?,배송지,배송지 변경,"배송 주소를 업데이트하려면 계정 설정으로 이동하여 ""배송 주소"" 섹션으로 이동하세요. 여기에서 새 주소를 편집하고 저장할 수 있는 옵션을 찾을 수 있습니다. 추가 도움이 필요하시면 언제든지 알려주세요!"
BILQ,내 배송 주소를 수정하는 데 도움을 줄 수 있나요?,배송지,배송지 변경,내가 처리할게! 배송 주소를 수정하는 데 도와드리겠습니다. 고객님의 현재 주소와 업데이트된 주소에 대해 필요한 세부정보를 제공해 주시면 절차를 단계별로 안내해 드리겠습니다.
BL,배송지 주소 수정에 대해 알고 싶습니다.,배송지,배송지 변경,확실히! 배송 주소를 수정해야 하는 경우 다음 단계에 따라 쉽게 수정할 수 있습니다.
BCILZ,배송지 주소를 잘못 선택했는데 어떻게 업데이트하나요?,배송지,배송지 변경,"잘못된 배송지 주소로 인해 불편을 드려 죄송합니다. 배송 주소를 업데이트하려면 다음 단계를 따르세요. 1. 당사 웹사이트의 계정 설정 또는 프로필 페이지로 이동합니다. 2. 배송정보를 관리할 수 있는 섹션으로 이동합니다. 3. 잘못된 배송 주소를 찾아 편집 또는 업데이트 옵션을 클릭하세요. 4. 정확한 배송지 주소를 입력해주세요. 5. 변경 사항을 저장하고 업데이트된 주소가 올바르게 표시되는지 확인합니다. 문제가 발생하거나 추가 지원이 필요한 경우, 주저하지 말고 당사 고객 지원팀에 연락해 주시면 최선을 다해 도와드리겠습니다."
BIL,배송 주소는 어디에서 수정할 수 있나요?,배송지,배송지 변경,"배송 주소를 수정하려면 당사 웹사이트에서 고객님의 계정에 로그인하십시오. 로그인한 후 ""계정 설정"" 또는 ""내 프로필"" 섹션으로 이동하세요. 여기에서 주소 세부정보를 편집할 수 있는 옵션을 찾을 수 있습니다. 추가 도움이 필요하시면 주저하지 마시고 고객 지원팀에 문의해 주세요."
BIL,주소 수정에 관한 정보는 어디서 얻을 수 있나요?,배송지,배송지 변경,"주소 수정 방법에 대한 정보가 필요한 경우 당사 웹사이트의 ""도움말"" 또는 ""FAQ"" 섹션에서 찾을 수 있습니다. 또는 당사 고객 서비스 팀에 연락하시면 주소 수정 과정을 기꺼이 도와드릴 것입니다."
BL,배송지 변경에 도움이 필요해요,배송지,배송지 변경,내가 해낼게! 배송 주소 변경과 관련해 도움을 드리고 있습니다. 새 주소 세부정보를 제공해 주시면 즉시 업데이트해 드리겠습니다.
BLMZ,주소를 변경하는 데 문제가 있습니다.,배송지,배송지 변경,"주소 변경 문제로 인해 불편을 끼쳐드려 죄송합니다. 이 문제에 대해 제가 어떻게 도움을 드릴 수 있는지 살펴보겠습니다. 먼저, 계정에 로그인했는지 확인하고 ""설정"" 또는 ""계정"" 섹션으로 이동하세요. 주소 업데이트 옵션을 찾아 클릭하세요. 절차 중에 오류 메시지가 나타나면 제가 문제를 더 잘 이해하고 해결책을 제시할 수 있도록 자세한 내용을 알려주세요."
BL,내 주소를 수정하는 데 문제가 있습니다.,배송지,배송지 변경,주소 수정 문제로 인해 불편을 끼쳐드려 죄송합니다. 현재 겪고 있는 문제에 대해 더 자세한 내용을 제공해 주실 수 있나요? 이렇게 하면 고객님께 더 나은 지원을 제공하고 문제 해결에 필요한 단계를 제공하는 데 도움이 될 것입니다.
BELQ,배송 주소를 수정하려면 어떻게 해야 할지 모르겠어요,배송지,배송지 변경,"걱정 마세요! 배송 주소를 수정하는 데 도움을 드리고자 왔습니다. 주소를 업데이트하려면 당사 웹사이트나 앱에 로그인하여 ""내 계정"" 또는 ""설정"" 섹션으로 이동하세요. 여기에서 배송 주소를 편집할 수 있는 옵션을 찾을 수 있습니다. 여전히 문제가 있는 경우 고객 지원팀에 문의하시면 기꺼이 추가 지원을 해 드리겠습니다."
BLMQZ,내 배송 주소를 수정하려면 지원이 필요해요,배송지,배송지 변경,"배송 주소 수정에 대한 지원이 필요하다는 점을 이해합니다. 저희 고객 서비스 팀이 이 과정을 도와드리겠습니다. 주문 번호, 정확한 배송 주소 등 필요한 세부 정보를 제공해 주시면 필요한 변경이 이루어질 수 있도록 최선을 다해 도와드리겠습니다."
BCL,주소를 잘못 입력했습니다. 수정하도록 도와주세요.,배송지,배송지 변경,잘못된 주소를 입력하셨다니 안타깝습니다. 기꺼이 편집에 도움을 드리겠습니다. 업데이트하려는 정확한 주소를 알려주시겠어요?
BIL,내 주소를 편집하는 것을 도와줄 수 있나요?,배송지,배송지 변경,기꺼이 도와드리겠습니다! 고객님의 주소를 수정하는 데 기꺼이 도움을 드리겠습니다. 필요한 정보를 제공하고 배송 주소에 대한 변경 사항을 포함해 주십시오.
BLZ,주소 변경에 관한 정보를 찾아보세요,배송지,배송지 변경,"물론이죠. 주소를 변경하는 방법에 대한 정보를 제공해 드릴 수 있습니다. 주소를 업데이트하려면 계정에 로그인하여 ""계정 설정"" 또는 ""프로필"" 섹션으로 이동하세요. 거기에서 주소 세부 정보를 편집할 수 있는 옵션을 찾을 수 있습니다. 이 옵션을 찾을 수 없는 경우 고객 지원팀에 문의하여 추가 지원을 받는 것이 좋습니다. 그들은 그 과정을 기꺼이 도와줄 것입니다."
BKL,주소 변경 문제,배송지,배송지 변경,주소 변경으로 인해 불편을 끼쳐드려 죄송합니다. 문제에 대한 구체적인 세부정보를 제공해 주시면 문제를 해결할 수 있도록 최선을 다해 도와드리겠습니다.
BIL,내 주소를 어떻게 수정하나요?,배송지,배송지 변경,물론이죠! 주소를 편집하려면 당사 웹사이트에서 고객님의 계정에 로그인하고 프로필 설정으로 이동하면 됩니다. 여기에서 배송 주소를 수정하는 옵션을 찾을 수 있습니다. 문제가 발생하거나 추가 지원이 필요한 경우 당사의 전담 고객 서비스 팀이 항상 절차를 도와드릴 수 있습니다.
BLMW,빌어먹을 주소 업데이트 문제,배송지,배송지 변경,주소 업데이트로 인해 불편을 끼쳐드려 죄송합니다. 이 문제에 대한 도움을 받으려면 현재 겪고 있는 특정 문제나 발생한 오류 메시지 등 자세한 내용을 제공해 주시기 바랍니다. 이렇게 하면 문제를 해결하고 해결책을 찾는 데 도움이 됩니다. 양해해 주셔서 감사합니다.
BILQ,주소 수정에 관한 정보는 어떻게 찾을 수 있나요?,배송지,배송지 변경,"주소 수정에 대한 정보를 찾으려면 당사 웹사이트를 방문하여 ""연락처"" 또는 ""고객 지원"" 페이지로 이동하십시오. 여기에서 전화번호, 이메일 주소, 라이브 채팅 옵션을 포함한 연락처 정보를 확인할 수 있습니다. 당사 고객 서비스 팀에 연락하시면 주소 수정 과정을 안내해 드릴 수 있습니다."
BL,배송지 변경 안내,배송지,배송지 변경,물론이죠! 배송 주소 변경에 관해 필요한 정보를 제공해 드릴 수 있습니다. 현재 주소와 변경하려는 새 주소를 알려주시면 절차를 도와드리겠습니다.
BL,내 배송 주소 업데이트에 대한 정보 알려 줘,배송지,배송지 변경,저는 그것을하고있다! 배송 주소를 업데이트해야 하는 경우 계정에 로그인하여 주소 섹션으로 이동하세요. 여기에서 패키지가 올바른 위치로 배송되도록 필요한 사항을 변경할 수 있습니다. 어려움이 있거나 추가 질문이 있는 경우 언제든지 고객 서비스 팀에 문의하여 도움을 받으세요.
BLM,주소를 변경하는 데 문제가 발생했습니다,배송지,배송지 변경,불편을 끼쳐드려 죄송합니다. 주소 업데이트 관련 문제를 해결하도록 도와드리겠습니다.
BIL,배송 주소를 어디서 업데이트하나요?,배송지,배송지 변경,배송 주소를 업데이트하려면 계정 설정으로 이동하여 '배송 주소' 섹션을 찾으세요. 거기에서 주소 세부정보를 편집할 수 있어야 합니다. 찾는 데 어려움이 있는 경우 알려주시면 절차를 안내해 드리겠습니다.
BLZ,가 배송 주소를 수정하길 원해요,배송지,배송지 변경,배송 주소를 수정하는 데 도움이 필요하다는 점을 이해합니다. 저희 팀이 고객님을 돕기 위해 여기 있습니다! 업데이트된 배송 주소를 알려주시면 확인 후 업데이트해 드리겠습니다.
BL,배송지를 변경하려고 합니다,배송지,배송지 변경,"배송 주소 변경으로 인해 불편을 끼쳐드려 죄송합니다. 고객님의 계정에 로그인했는지 확인하고 ""주소"" 또는 ""배송"" 섹션으로 이동하십시오. 여기에서 주소를 편집할 수 있는 옵션을 찾을 수 있습니다. 여전히 문제가 있는 경우 고객 지원팀에 문의하시면 기꺼이 추가 지원을 해 드리겠습니다."
BIL,배송 주소를 업데이트하려면 어떻게 해야 하나요?,배송지,배송지 변경,"걱정 마세요! 배송 주소를 업데이트하는 데 필요한 단계를 안내해 드리겠습니다. 먼저 당사 웹사이트나 앱에서 고객님의 계정에 로그인하세요. 그런 다음 '계정 설정' 또는 '프로필' 섹션으로 이동하세요. ""주소 관리"" 또는 ""배송 주소"" 옵션을 찾아 선택하세요. 현재 배송 주소가 나열되어 있어야 합니다. 옆에 있는 ""편집"" 또는 ""업데이트"" 버튼을 클릭하기만 하면 됩니다. 이제 거리, 도시, 주, 우편번호 등 새로운 배송 주소 세부정보를 입력할 수 있습니다. 마지막으로 페이지를 종료하기 전에 변경 사항을 저장하십시오. 문제가 발생하거나 추가 질문이 있는 경우 언제든지 고객 지원팀에 문의하여 도움을 받으세요."
BLM,배송 주소 수정 문제,배송지,배송지 변경,배송지 변경으로 인해 불편을 드려 죄송합니다. 당사 고객지원팀에 연락하시면 주소 수정 문제를 해결하는 데 도움을 드릴 것입니다. 저희 팀은 고객님의 배송 주소가 올바르게 업데이트되고 문제 없이 패키지를 받을 수 있도록 최선을 다하고 있습니다.
BCL,배송지 주소가 변경되었습니다. 수정하고 싶어요,배송지,배송지 변경,"물론이죠! 배송 주소 수정에 도움을 드리고자 왔습니다. 주소를 업데이트하려면 당사 웹사이트에서 고객님의 계정에 로그인하고 ""내 계정"" 섹션으로 이동하십시오. 여기에서 배송 주소를 쉽게 변경할 수 있습니다. 추가 도움이 필요하면 알려주세요!"
BLMQ,주소를 변경하는 데 문제가 있습니다,배송지,배송지 변경,주소 변경으로 인해 불편을 드려 죄송합니다. 이 문제를 해결하려면 계정에 로그인했는지 확인하고 다음 단계를 따르세요. 먼저 당사 웹사이트에서 고객님의 계정 설정으로 이동하세요. 그런 다음 배송 주소를 관리할 수 있는 섹션을 찾으세요. 여전히 문제가 발생하는 경우 고객 지원팀에 문의하여 추가 지원을 받으시기 바랍니다. 그들은 주소 수정 과정을 기꺼이 도와드릴 것입니다.
BLP,내 주소를 어떻게 수정하는지 모르겠어요,배송지,배송지 변경,혼란을 드려 죄송합니다. 고객님의 주소를 수정하는 데 확실히 도움을 드릴 수 있습니다. 고객님의 현재 주소와 업데이트할 새 주소를 알려주시면 꼭 업데이트해 드리겠습니다.
BLMQ,배송 주소 수정을 지원하고 싶습니다.,배송지,배송지 변경,"배송 주소를 수정하는 데 도움이 필요하다고 생각합니다. 불편을 끼쳐드려 죄송합니다. 주소를 업데이트하려면 다음 단계를 따르세요. 1. 당사 웹사이트에서 고객님의 계정에 로그인하십시오. 2. ""계정"" 또는 ""프로필"" 섹션으로 이동합니다. 3. ""배송 주소"" 또는 ""배송 정보"" 옵션을 찾으세요. 4. 현재 주소를 수정하려면 해당 버튼을 클릭하세요. 5. 새 주소 세부정보를 입력하고 변경 사항을 저장합니다. 문제가 발생하거나 추가 질문이 있는 경우 주저하지 말고 고객 지원팀에 문의하세요. 배송 주소를 필요한 대로 변경하는 데 기꺼이 도움을 드릴 것입니다."
BL,실수로 잘못된 주소를 선택했습니다,배송지,배송지 변경,전혀 문제 없습니다! 저희는 고객님을 도울 수 있습니다. 정확한 주소를 알려주시면 배송을 위해 업데이트하도록 하겠습니다.
BILQ,내 주소 변경하는 것 좀 도와줄래?,배송지,배송지 변경,긍정적으로! 주소 변경에 대해 확실히 도움을 드릴 수 있습니다. 고객님의 현재 주소와 업데이트된 주소를 제공해 주시면 필요한 사항을 변경해 드리겠습니다.
BLQZ,주소 업데이트에 문제가 있어요,배송지,배송지 변경,주소 업데이트와 관련하여 발생할 수 있는 문제에 대해 도움을 드리겠습니다. 현재 발생한 문제에 대해 자세한 내용을 알려주시면 문제를 해결하도록 최선을 다해 도와드리겠습니다.
BCILW,빌어먹을 배송 주소가 바뀌었는데 업데이트할 수 있나요?,배송지,배송지 변경,"배송 주소 문제로 불편을 끼쳐드려 죄송합니다. 예, 확실히 업데이트할 수 있습니다. 고객님의 새 주소를 알려주시면 필요한 변경을 할 수 있도록 도와드리겠습니다."
BILQ,배송지 주소 수정하는 곳,배송지,배송지 변경,"배송 주소를 수정하려면 계정에 로그인하여 ""배송 주소"" 섹션으로 이동하세요. 여기에서 필요한 변경을 수행하고 업데이트된 정보를 저장할 수 있습니다. 문제가 발생하거나 추가 지원이 필요한 경우 언제든지 고객 지원팀에 문의하여 도움을 받으세요."
BL,잘못된 배송 주소를 제출했습니다.,배송지,배송지 변경,걱정 마세요! 제가 도와드릴 수 있습니다. 정확한 배송 주소를 알려주시면 즉시 업데이트해 드리겠습니다.
BL,내 주소 편집 지원,배송지,배송지 변경,내가 처리할게! 고객님의 주소를 수정하는 데 도움을 드릴 수 있습니다. 현재 주소 세부정보와 변경사항을 알려주시면 시스템에서 업데이트하도록 도와드리겠습니다.
BLZ,배송 주소를 잘못 선택했습니다,배송지,배송지 변경,문제 없습니다! 저희는 확실히 고객님을 도울 수 있습니다. 정확한 배송 주소를 제공해 주시면 지원팀에서 업데이트를 도와드리겠습니다.
BCIL,배송 주소를 잘못 선택했습니다. 업데이트하도록 도와주실 수 있나요?,배송지,배송지 변경,기꺼이 도와드리겠습니다! 배송 주소를 업데이트하는 데 도와드리겠습니다. 제가 고객님을 위해 필요한 변경을 할 수 있도록 정확한 주소를 알려주시기 바랍니다.
BLZ,내 배송 주소를 취소하는 데 도움이 필요합니다,배송지,배송지 변경,내가 해낼게! 배송 주소를 업데이트하는 데 도움을 드리고자 왔습니다. 제가 고객님을 위해 필요한 변경을 할 수 있도록 고객님의 새 주소를 알려주십시오.
BCIL,주소를 잘못 입력했는데 수정할 수 있나요?,배송지,배송지 변경,바로 처리하겠습니다! 고객님의 주소를 수정하는 데 도와드리겠습니다. 변경을 진행하려면 주문 세부정보와 정확한 배송 주소를 알려주시기 바랍니다. 필요한 정보가 확보되면 업데이트해 드리겠습니다.
BILQZ,내 주소를 수정하는 방법을 알려줄 수 있나요?,배송지,배송지 변경,"내가 처리할게! 배송 주소를 수정하려면 계정에 로그인하여 ""내 계정"" 또는 ""설정"" 섹션으로 이동해야 합니다. 여기에서 배송 주소를 업데이트하는 옵션을 찾을 수 있습니다. 찾는 데 어려움이 있는 경우 알려주시면 사용 중인 플랫폼에 따라 더 구체적인 지침을 제공해 드릴 수 있습니다."
BILW,내 빌어먹을 배송 주소 업데이트에 대해 말해 줄 수 있어?,배송지,배송지 변경,기꺼이 도와드리겠습니다! 배송 주소 업데이트를 도와드릴 수 있습니다. 배송 주소를 변경하려면 계정에 로그인하여 설정 또는 프로필 섹션으로 이동하세요. 여기에서 배송 주소를 업데이트하는 옵션을 찾을 수 있습니다. 찾는 데 어려움이 있는 경우 알려주시면 절차를 단계별로 안내해 드리겠습니다.
BL,주소 수정에 대한 지원을 원합니다,배송지,배송지 변경,물론이죠! 고객님의 주소를 수정하는 데 도움을 드릴 수 있습니다. 배송 주소를 업데이트하려면 다음 단계를 따르세요. 1. 당사 웹사이트에서 고객님의 계정에 로그인하십시오. 2. 계정 설정으로 이동하세요. 3. 배송 주소를 편집하는 옵션을 선택하세요. 4. 새 주소 세부정보를 입력하고 변경 사항을 저장합니다. 문제가 발생하거나 추가 안내가 필요한 경우 언제든지 고객 지원팀에 연락해 즉각적인 도움을 받으세요.
BCLQ,실수로 이전 주소를 입력했습니다. 업데이트하는 데 도움이 필요합니다,배송지,배송지 변경,실수가 발생할 수 있다는 점을 이해하고 있으며 배송 주소를 업데이트할 수 있도록 도와드리겠습니다. 고객님의 정확한 주소를 제공해 주시면 해당 주소가 시스템에 업데이트되도록 하겠습니다.
BL,주소 수정에 대한 정보가 필요합니다.,배송지,배송지 변경,물론이죠. 제가 도와드릴 수 있습니다. 주소를 수정하려면 다음 단계를 따르세요. 먼저 계정에 로그인하고 설정 또는 계정 정보 섹션으로 이동하세요. 여기에서 주소를 편집할 수 있는 옵션을 찾을 수 있습니다. 필요한 사항을 변경하고 저장합니다. 정확성을 보장하기 위해 수정을 마무리하기 전에 모든 세부 사항을 다시 확인하는 것을 잊지 마십시오. 문제가 발생하거나 추가 질문이 있는 경우 언제든지 고객 지원팀에 문의하여 도움을 받으세요.
BLZ,배송지 주소를 업데이트하는 데 도움이 필요합니다,배송지,배송지 변경,물론이죠. 배송 주소를 업데이트하는 데 도움을 드릴 수 있습니다. 새 주소의 세부정보를 알려주시면 절차를 안내해 드리겠습니다.
BL,배송 주소 업데이트에 대한 정보를 원합니다.,배송지,배송지 변경,"물론입니다! 배송 주소를 업데이트하는 데 필요한 모든 정보를 제공해 드릴 수 있습니다. 그렇게 하려면 당사 웹사이트에서 고객님의 계정에 로그인하여 ""배송 주소"" 섹션으로 이동하거나 당사 고객 지원팀에 문의하여 필요한 변경을 도와드릴 수 있습니다. 절차에 대해 구체적으로 알고 싶은 사항이 있으면 알려주십시오."
BLQ,주소 업데이트에 도움이 필요해요,배송지,배송지 변경,"바로 처리하겠습니다! 당사 고객 서비스 팀이 고객님의 주소 업데이트를 도와드릴 것입니다. 현재 주소, 업데이트하려는 새 주소 등 필요한 세부 정보를 제공해 주시면 나머지는 처리해 드리겠습니다."
BL,배송 주소를 업데이트하는 중에 문제가 발생했습니다,배송지,배송지 변경,불편을 끼쳐드려 죄송합니다. 배송 주소 업데이트 시 발생하는 문제에 대해 더 자세히 알려주실 수 있나요? 이렇게 하면 더 나은 지원을 제공하는 데 도움이 됩니다.
BLQ,주소를 수정해야 해요,배송지,배송지 변경,물론이죠. 우리가 도와드릴 수 있습니다. 업데이트할 수 있도록 정확한 주소를 제공해 주시기 바랍니다.
BEL,주소 업데이트에 대한 정보를 찾으려고 합니다.,배송지,배송지 변경,기꺼이 도와드리겠습니다! 고객님의 주소를 업데이트하는 데 필요한 정보를 제공해 드릴 수 있습니다. 주소를 업데이트하려면 계정에 로그인하여 프로필 설정을 수정하거나 당사 고객 서비스 팀에 문의하세요. 그들은 절차를 안내하고 필요한 변경을 수행하는 데 도움을 줄 것입니다. 추가 도움이 필요하면 알려주세요!
BCL,배송 주소를 업데이트하고 싶어요. 도와주세요,배송지,배송지 변경,물론이죠! 배송 주소 업데이트를 도와드릴 수 있습니다. 절차를 시작하려면 현재 주소와 변경하려는 새 주소를 알려주세요.
BCILQZ,내 주소가 바뀌었어 어떻게 업데이트할 수 있어?,배송지,배송지 변경,"물론이죠! 주소가 변경된 경우 다음 단계에 따라 쉽게 업데이트할 수 있습니다. 1. 당사 웹사이트에서 고객님의 계정에 로그인하십시오. 2. ""계정 설정"" 또는 ""프로필"" 섹션으로 이동합니다. 3. 배송지 주소 변경 옵션을 찾아보세요. 4. 이를 클릭하고 거리, 시, 주, 우편번호를 포함한 새 주소 세부정보를 입력하세요. 5. 변경 사항을 저장하고 모든 정보가 정확한지 다시 확인하세요. 주소를 업데이트하면 당사 시스템은 향후 배송에 자동으로 새 주소를 사용합니다. 추가 질문이 있거나 도움이 필요한 경우, 주저하지 마시고 고객 지원팀에 문의해 주세요."
BEL,배송지 수정을 어떻게 해야 할지 모르겠습니다,배송지,배송지 변경,걱정 마세요! 배송지 수정 과정을 안내해드리겠습니다. 먼저 계정에 로그인하고 '설정' 또는 '계정 정보' 페이지로 이동하세요. 배송 주소를 업데이트할 수 있는 섹션을 찾으세요. 주소를 찾으면 새 주소를 입력하고 변경 사항을 저장하세요. 어려움이 있는 경우 언제든지 고객 지원팀에 문의하여 추가 지원을 받으세요.
BLQ,배송 주소를 수정할 수 없어요,배송지,배송지 변경,"불편을 끼쳐드려 죄송합니다. 배송 주소를 수정하려면 다음 단계를 따르세요. 1. 당사 웹사이트에서 고객님의 계정에 로그인하십시오. 2. ""내 계정"" 또는 ""계정 설정"" 섹션으로 이동합니다. 3. ""배송 주소"" 또는 ""배송 주소"" 옵션을 찾으세요. 4. 해당 항목을 클릭하고 필요한 필드를 올바른 주소 정보로 업데이트하세요. 5. 변경 사항을 저장하고 체크아웃을 진행합니다. 추가 문제가 발생하거나 추가 지원이 필요한 경우 주저하지 말고 고객 지원팀에 문의하세요."
BCILPW,빌어먹을 주소를 잘못 입력했는데 어떻게 수정할 수 있나요?,배송지,배송지 변경,전혀 문제 없습니다! 배송지 주소를 수정하는 과정을 안내해 드릴 수 있습니다. 시작하려면 계정에 로그인하고 설정 또는 프로필 섹션으로 이동해야 합니다. 여기에서 주소 정보를 업데이트하는 옵션을 찾을 수 있습니다. 여전히 문제가 있는 경우 고객 지원팀에 문의하시면 추가 지원을 받으실 수 있습니다.
BELZ,내 주소를 수정하는 방법을 모르겠습니다,배송지,배송지 변경,"걱정 마세요! 저는 고객님을 돕기 위해 여기 있습니다. 배송 주소를 수정하려면 계정에 로그인하여 ""계정 설정"" 섹션으로 이동하세요. 여기에서 배송 정보를 쉽게 업데이트할 수 있습니다. 추가 도움이 필요하면 알려주세요!"
BCL,잘못된 주소를 제출했습니다. 수정하고 싶습니다.,배송지,배송지 변경,"불편을 끼쳐드려 죄송합니다. 배송 주소를 수정하려면 다음 단계를 따르세요. 1. 당사 웹사이트에서 고객님의 계정에 로그인하십시오. 2. ""계정 설정"" 또는 ""프로필"" 섹션으로 이동합니다. 3. ""배송 주소"" 또는 ""배송 주소"" 탭을 클릭하세요. 4. 수정하려는 주소를 찾아 ""수정"" 또는 ""수정"" 버튼을 클릭하십시오. 5. 거리 번호, 도시, 우편번호 등 필요한 세부정보를 업데이트하세요. 6. 변경을 완료한 후 ""저장"" 또는 ""업데이트"" 버튼을 클릭하여 수정 사항을 확인하세요. 변경 사항을 저장하기 전에 새 주소가 정확하고 최신인지 확인하세요. 문제가 발생하거나 추가 지원이 필요한 경우 주저하지 말고 고객 지원팀에 문의하세요."
BCLZ,잘못된 배송 주소를 제출했습니다. 업데이트하세요.,배송지,배송지 변경,문제 없습니다! 배송 주소를 업데이트하도록 도와드릴 수 있습니다. 정확한 주소를 알려주시면 업데이트해 드리겠습니다.
BLMZ,배송 주소를 변경하는 중에 오류가 발생했습니다.,배송지,배송지 변경,배송지 변경으로 인해 불편을 드려 죄송합니다. 발생한 오류에 대한 세부정보를 제공해 주시면 즉시 문제를 해결하는 데 도움을 드릴 수 있습니다.
BLZ,내 주소를 업데이트하는 데 도움이 필요합니다,배송지,배송지 변경,내가 해낼게! 주소 업데이트를 도와드리기 위해 왔습니다. 주소 변경을 진행하려면 현재 주소와 업데이트하려는 새 주소를 알려주세요.
BILQ,주소를 업데이트하는 방법,배송지,배송지 변경,"바로 처리하겠습니다! 주소를 업데이트하려면 다음 단계를 따르세요. 1. 당사 웹사이트에서 고객님의 계정에 로그인하십시오. 2. ""내 계정"" 섹션으로 이동합니다. 3. ""주소록"" 옵션을 선택하세요. 4. 업데이트하려는 주소를 찾아 '수정'을 클릭하세요. 5. 주소 세부정보를 필요한 대로 변경하세요. 6. 업데이트된 주소를 저장합니다. 이 과정에서 어려움이 발생할 경우 주저하지 말고 고객 지원팀에 문의하여 추가 지원을 받으시기 바랍니다."
BIL,배송 주소를 어떻게 업데이트할 수 있나요?,배송지,배송지 변경,"배송 주소를 업데이트하려면 계정에 로그인하여 ""내 계정"" 섹션으로 이동하세요. 여기에서 배송 주소를 편집할 수 있는 옵션이 표시됩니다. 또는 당사 고객 서비스 팀에 문의하시면 주소 업데이트에 도움을 드릴 수 있습니다."
BL,배송지 주소를 업데이트하는 데 문제가 있습니다,배송지,배송지 변경,배송지 업데이트로 인해 불편을 드려 죄송합니다. 저희 팀이 이 문제에 대해 도와드리겠습니다. 문제를 해결하려면 현재 배송 주소와 원하는 배송 주소를 알려주시면 기꺼이 업데이트해 드리겠습니다.
BCL,실수로 잘못된 주소를 선택했습니다. 수정하고 싶습니다.,배송지,배송지 변경,"잘못된 배송지 선택으로 인해 불편을 드려 죄송합니다. 저희는 정확한 배송 정보를 보장하는 것이 얼마나 중요한지 잘 알고 있습니다. 이 문제를 해결하려면 업데이트할 수 있도록 올바른 주소를 제공해 주시기 바랍니다. 이 문제를 알려주셔서 감사드리며, 양해해 주셔서 감사합니다."
BCL,예전 주소를 잘못 입력해서 수정했어요,배송지,배송지 변경,불편을 끼쳐드려 죄송합니다. 제가 업데이트할 수 있도록 새 배송 주소를 알려주시겠어요?
BLZ,배달 주소를 편집하는 데 도움이 필요합니다,배송지,배송지 변경,배송 주소 수정에 도움을 드리고 있습니다. 현재 주소와 업데이트된 주소를 제공해 주시면 필요한 사항을 변경해 드리겠습니다.
BKL,배송지 주소 변경 중 오류가 발생했습니다.,배송지,배송지 변경,배송 주소 변경 문제로 인해 불편을 끼쳐드려 죄송합니다. 발생한 오류에 대한 자세한 내용을 알려주실 수 있나요? 이렇게 하면 문제를 더 잘 이해하고 문제를 해결하는 데 도움이 됩니다.
BLW,망할 배송지 주소 수정에 대해 알고 싶어요,배송지,배송지 변경,배송 주소 수정으로 인해 불편을 끼쳐드려 죄송합니다. 저희 팀은 필요한 변경을 수행하는 데 도움을 드리고 있습니다. 현재 주소와 업데이트하려는 새 주소에 대한 세부정보를 알려주시면 처리해 드리겠습니다.
BCIL,주소를 잘못 입력했는데 어떻게 업데이트하나요?,배송지,배송지 변경,걱정 마세요! 배송 주소를 업데이트하는 데 도움을 드릴 수 있습니다. 필요한 사항을 변경하려면 주문 세부정보와 정확한 주소를 제공해 주시기 바랍니다. 고객님의 패키지가 올바른 장소로 배송되도록 보장해 드리겠습니다.
BLQ,내 배송 주소 편집에 대해 더 알고 싶어요,배송지,배송지 변경,"물론입니다! 배송 주소를 수정해야 하는 경우 계정 설정에 액세스하여 쉽게 수정할 수 있습니다. 고객님의 계정에 로그인하고 ""배송 주소"" 섹션으로 이동하시면 됩니다. 여기에서 새 정보를 입력하고 변경 사항을 저장하여 주소를 업데이트할 수 있습니다. 시기적절하고 성공적인 배송을 보장하려면 주문하기 전에 항상 주소가 정확한지 다시 확인하는 것이 좋습니다. 특정 질문이 있거나 추가 지원이 필요한 경우 고객 지원팀이 기꺼이 도와드리겠습니다."
BL,내 주소를 수정하도록 도와주세요,배송지,배송지 변경,확실히! 고객님의 주소를 수정하는 데 도와드리겠습니다. 현재 배송 주소와 업데이트하려는 새 주소를 알려주시면 필요한 변경을 수행할 수 있도록 도와드리겠습니다.
BILP,주소 수정에 관한 정보를 알려주시겠어요?,배송지,배송지 변경,"물론이죠! 고객님의 주소를 수정하는 데 도움을 드리고자 왔습니다. 배송 주소를 업데이트하려면 다음 단계를 따르세요. 1. 당사 웹사이트에서 고객님의 계정에 로그인하십시오. 2. ""내 계정"" 섹션으로 이동합니다. 3. ""배송 주소"" 옵션을 찾아 클릭하세요. 4. 여기에서 현재 배송 주소를 편집하고 필요한 사항을 변경할 수 있습니다. 5. 정확성을 보장하기 위해 모든 세부정보를 다시 확인하세요. 6. 업데이트된 정보를 저장하면 모든 준비가 완료됩니다! 문제가 발생하거나 추가 질문이 있는 경우 언제든지 고객 지원팀에 문의해 주시면 기꺼이 도와드리겠습니다."
BL,배송 주소 업데이트에 대해 알고 싶습니다.,배송지,배송지 변경,물론이죠. 배송 주소를 업데이트하는 데 도움을 드릴 수 있습니다. 주소를 변경하려면 계정에 로그인하고 주소 섹션으로 이동하세요. 여기에서 현재 주소를 편집하거나 새 주소를 추가할 수 있습니다. 변경 사항을 저장하기 전에 모든 정보를 다시 확인하세요. 문제가 발생하거나 추가 질문이 있는 경우 언제든지 고객 지원팀에 문의하여 도움을 받으세요.
BL,배송 주소 수정에 대한 정보가 필요합니다.,배송지,배송지 변경,"물론이죠! 배송 주소를 수정하려면 다음 단계를 따르세요. 1. 당사 웹사이트에서 고객님의 계정에 로그인하십시오. 2. ""내 계정"" 섹션으로 이동합니다. 3. ""주소록"" 또는 ""배송지 주소"" 옵션을 찾으세요. 4. 현재 배송 주소를 확인하고 편집하려면 해당 옵션을 클릭하세요. 5. 주소를 필요한 대로 변경하십시오. 6. 업데이트된 정보를 저장합니다. 일부 변경 사항에는 보안을 위해 추가 확인이 필요할 수 있습니다. 어려움이 있거나 추가 질문이 있는 경우 언제든지 고객 지원팀에 문의하여 도움을 받으세요."
BLMZ,내 배송 주소를 확인하는 중에 오류가 발생했습니다.,배송지,배송지 변경,배송 주소를 업데이트하는 동안 불편을 끼쳐드려 죄송합니다. 저희 팀은 이 문제를 해결하는 데 도움을 드리고 있습니다. 더 나은 지원을 위해 발생한 오류에 대한 자세한 내용을 제공해 주시겠습니까? 이는 문제를 해결하기 위한 최선의 솔루션을 결정하는 데 도움이 됩니다.
BLMW,주소를 바꾸는 데 문제가 있어요,배송지,배송지 변경,불편을 끼쳐드려 죄송합니다. 배송 주소 변경에 도움을 드릴 수 있도록 현재 주소와 사용하려는 업데이트된 주소를 알려주시기 바랍니다. 이 정보를 입수하면 추가로 도움을 드릴 수 있습니다.
BIL,배송 주소를 편집할 수 있나요?,배송지,배송지 변경,바로 처리하겠습니다! 배송 주소를 편집할 수 있는 옵션이 있습니다. 절차를 단계별로 안내해 드리겠습니다.
BL,배송지 주소 수정에 대해 더 알고 싶습니다.,배송지,배송지 변경,"저는 그것을하고있다! 배송 주소를 수정하려면 당사 웹사이트에서 계정에 로그인하고 ""내 계정"" 섹션으로 이동하면 됩니다. 여기에서 배송 주소를 업데이트하는 옵션을 찾을 수 있습니다. 문제가 발생하거나 추가 지원이 필요한 경우 언제든지 고객 지원팀에 문의하세요."
BILQ,내 배송 주소 변경에 대한 정보를 알려줄 수 있나요?,배송지,배송지 변경,기꺼이 도와드리겠습니다! 배송지 주소 변경 방법에 대해 안내해 드리겠습니다. 주소를 업데이트하려면 고객 지원팀에 문의하거나 웹사이트에서 계정 설정에 액세스하세요. 새 주소가 정확하게 기록되도록 절차를 단계별로 안내해 드립니다. 배송 주소 변경과 관련하여 구체적인 질문이나 문의 사항이 있는 경우 알려주시면 기꺼이 도와드리겠습니다.
BLQ,배송 주소를 변경하는 데 도움이 필요해요,배송지,배송지 변경,"물론입니다! 배송지 변경 절차를 안내해드리겠습니다. 먼저, 당사 웹사이트에서 고객님의 계정에 로그인하십시오. 그런 다음 ""내 계정"" 섹션으로 이동하여 주소 세부정보를 편집할 수 있는 옵션을 찾을 수 있습니다. 필요한 사항을 변경한 후에는 반드시 저장하세요. 어려움이 있는 경우 언제든지 고객 지원팀에 문의하여 추가 지원을 받으세요."
BILP,주소 수정에 관한 정보를 알려주실 수 있나요?,배송지,배송지 변경,물론이죠! 주소를 수정해야 하는 경우 당사 웹사이트의 도움말 센터를 방문하면 필요한 변경 방법에 대한 자세한 지침을 찾을 수 있습니다. 또는 당사 고객 서비스 팀에 연락하시면 주소 수정 절차를 기꺼이 도와드릴 것입니다.
BL,배송 주소 업데이트에 대해 알려 줘,배송지,배송지 변경,저는 그것을하고있다! 때때로 배송 주소를 업데이트해야 할 수도 있다는 점을 이해합니다. 이를 위해 당사 웹사이트에서 고객님의 계정에 로그인하거나 당사 고객 지원팀에 문의하실 수 있습니다. 고객님의 주문이 올바른 주소로 배송되도록 필요한 변경을 수행하는 데 도움을 드릴 수 있습니다. 특정 질문이 있거나 추가 지침이 필요한 경우 알려주시기 바랍니다!
BL,배송 주소를 변경하는 데 도움이 필요합니다.,배송지,배송지 변경,물론입니다! 배송지 주소 변경과 관련해 도움을 드리고자 왔습니다. 시작하려면 현재 배송 주소와 업데이트할 새 주소를 알려주시기 바랍니다.
BL,내 배송 주소 변경 도와 줘,배송지,배송지 변경,기꺼이 도와드리겠습니다! 배송 주소 변경에 도움을 받으려면 다음 단계를 따르세요. 먼저 당사 웹사이트에서 고객님의 계정에 로그인하세요. 그런 다음 '계정 설정' 또는 '프로필' 섹션으로 이동하세요. 배송 주소를 편집할 수 있는 옵션을 찾아 클릭하세요. 모든 세부 사항이 정확하고 최신인지 확인하여 필요한 변경을 수행합니다. 마지막으로 변경 사항을 저장하는 것을 잊지 마세요. 어려움이 있거나 추가 질문이 있는 경우 언제든지 고객 서비스 팀에 문의하여 추가 지원을 받으세요.
BEL,주소 업데이트에 대한 정보를 찾고 있습니다,배송지,배송지 변경,"물론입니다. 주소 업데이트에 관한 정보를 제공해 드릴 수 있습니다. 배송 주소를 수정하려면 계정 설정으로 이동하여 ""주소 관리"" 섹션을 찾으세요. 여기에서 새 주소를 편집하거나 추가할 수 있습니다. 어려움이 있거나 추가 지원이 필요한 경우 언제든지 알려주시기 바랍니다."
BLMQ,주소를 수정하는 데 도움이 필요해요,배송지,배송지 변경,내가 처리할게! 주소 수정을 도와드리기 위해 왔습니다. 변경하려면 당사 웹사이트의 계정 설정에 액세스하거나 고객 지원팀에 문의하여 추가 지원을 받으십시오. 고객님의 주문에 대한 올바른 주소가 업데이트되었는지 확인하겠습니다.
BL,배송 주소 업데이트 알려줘,배송지,배송지 변경,물론이죠! 배송 주소를 업데이트해야 하는 경우 계정에 로그인하고 주소 설정으로 이동하면 쉽게 업데이트할 수 있습니다. 여기에서 배송에 대한 새 주소를 편집하거나 추가할 수 있습니다. 어려움이 있거나 특정 질문이 있는 경우 언제든지 지원팀에 문의하여 추가 지원을 받으세요.
BILQZ,내 배송지 주소를 업데이트하려면 어떻게 해야 하나요?,배송지,배송지 변경,"배송 주소를 업데이트하려면 계정에 로그인하고 ""주소 설정"" 섹션으로 이동해야 합니다. 여기에서 현재 주소를 편집하고 변경 사항을 저장할 수 있습니다. 문제가 발생하거나 추가 지원이 필요한 경우 언제든지 고객 지원팀에 문의하세요."
BCILPQZ,실수로 잘못된 주소를 선택했습니다. 수정하실 수 있나요?,배송지,배송지 변경,긍정적으로! 배송 주소를 수정하는 데 도움을 드릴 수 있습니다. 정확한 주소 정보를 제공해 주시면 업데이트해 드리겠습니다.
BL,배송지 주소를 변경할 수 없습니다,배송지,배송지 변경,배송 주소를 변경하는 데 문제가 있는 것으로 알고 있습니다. 해당 문제에 대해 더 자세한 내용을 알려주실 수 있나요?
BL,배송 주소 편집 도와주세요,배송지,배송지 변경,최선을 다하겠습니다! 배송 주소 수정에 도움을 드리고자 왔습니다. 업데이트하려는 새 주소의 세부정보를 알려주시기 바랍니다.
BCIL,내 배송 주소가 변경되었습니다. 업데이트할 수 있나요?,배송지,배송지 변경,"긍정적으로! 최근 배송 주소를 변경한 경우 업데이트하는 데 도움을 드릴 수 있습니다. 거리 이름, 아파트 또는 호수(해당되는 경우), 시, 주, 우편번호를 포함한 새 주소 세부정보를 제공해 주시기 바랍니다. 고객님의 업데이트된 주소가 당사 시스템에 반영되도록 하겠습니다."
BLQ,배송 주소 수정에 도움이 필요해요,배송지,배송지 변경,물론입니다! 배송 주소를 수정하는 데 도움을 드릴 수 있습니다. 이 요청을 진행하려면 주문 세부정보와 사용하려는 정확한 주소를 알려주시기 바랍니다.
BLQ,주소를 업데이트하는 데 도움이 필요합니다,배송지,배송지 변경,주소 업데이트 문제로 불편을 끼쳐드려 죄송합니다. 기꺼이 도와드리겠습니다. 업데이트하고 싶은 새 주소를 알려주시겠어요?
BLW,빌어먹을 배송 주소를 변경하는 데 도움이 필요해요,배송지,배송지 변경,배송지 변경으로 인해 불편을 드려 죄송합니다. 이 문제를 해결하는 데 도움이 되도록 주문 번호와 업데이트하려는 정확한 배송 주소를 알려주시기 바랍니다.
BLM,주소를 수정하는 중에 오류가 발생했습니다,배송지,배송지 변경,주소 수정 오류로 인해 불편을 드려 죄송합니다. 정확한 주소 세부정보를 제공해 주시면 해당 주소가 당사 시스템에 정확하게 업데이트되도록 개인적으로 확인하겠습니다.
BIL,배송 주소는 어디서 업데이트할 수 있나요?,배송지,배송지 변경,"배송 주소를 업데이트하려면 당사 웹사이트의 ""계정 설정"" 섹션을 방문하세요. 여기에서 배송 주소를 편집할 수 있는 옵션을 찾을 수 있습니다. 추가 도움이 필요하면 알려주세요!"
BLZ,배송 주소 수정 도와주세요,배송지,배송지 변경,내가 해낼게! 배송 주소를 수정하는 데 도움을 드릴 수 있습니다. 시작하려면 현재 주소와 업데이트할 정확한 주소를 알려주시겠어요? 이렇게 하면 절차를 원활하게 안내할 수 있습니다.
BLQZ,배송 주소 수정에 대한 정보를 원합니다,배송지,배송지 변경,"물론이죠! 배송 주소를 수정해야 하는 경우 계정에 로그인하고 ""배송 주소"" 섹션으로 이동하면 쉽게 수정할 수 있습니다. 여기에서 기존 주소를 편집하고 업데이트된 정보를 저장할 수 있습니다. 문제가 발생하거나 추가 지원이 필요한 경우 언제든지 고객 지원팀에 문의해 주시면 기꺼이 도와드리겠습니다."
BILW,내 빌어먹을 배송 주소를 수정하는 걸 도와줄 수 있어?,배송지,배송지 변경,"물론, 배송 주소를 수정하는 데 도움을 드리겠습니다."
BCL,주소를 수정해야 하는데 도움이 필요해요,배송지,배송지 변경,"확실히! 주소 수정에 도움이 필요한 경우 당사 고객 지원팀이 도와드리겠습니다. 당사 웹사이트에서 고객님의 계정에 로그인하고 ""계정 설정"" 또는 ""고객님의 프로필"" 섹션으로 이동하십시오. 여기에서 배송 주소를 쉽게 업데이트할 수 있습니다. 문제가 발생하거나 질문이 있는 경우 전화나 이메일을 통해 언제든지 지원팀에 문의하세요. 최선을 다해 도와드리겠습니다!"
BILQ,주소 수정에 대해 알려줄 수 있나요?,배송지,배송지 변경,확실히! 주소를 수정하려면 다음 단계를 따르세요. 1. 전화나 이메일로 고객지원팀에 문의하세요. 2. 주문 세부정보와 업데이트하려는 올바른 주소를 제공하세요. 3. 당사 고객 지원팀이 필요한 변경을 수행하는 데 도움을 드릴 것입니다. 4. 주소가 업데이트되면 확인 이메일을 받게 됩니다. 주소 수정은 배송 진행 단계에 따라 추가 비용이 발생하거나 배송이 지연될 수 있는 점 참고하시기 바랍니다. 불편을 피하기 위해 주문 과정에서 항상 주소를 다시 확인하는 것이 가장 좋습니다. 추가 지원이 필요하면 알려주시기 바랍니다!
BLQ,내 주소를 업데이트하는 데 문제가 있습니다,배송지,배송지 변경,주소를 업데이트하는 동안 불편을 끼쳐드려 죄송합니다. 이 문제를 해결하려면 다음 단계를 따르세요...
BIP,배송 주소를 변경하는 것을 도와주실 수 있나요?,배송지,배송지 변경,내가 처리할게! 배송지 주소 변경과 관련해 도움을 드리고 있습니다. 업데이트된 주소 세부정보를 제공해 주시면 업데이트해 드리겠습니다.
BEL,배송지 주소를 수정할 수 없습니다,배송지,배송지 변경,배송지 주소 수정 문제로 인해 불편을 끼쳐드려 죄송합니다. 주소 수정에 대한 추가 지원이 필요하면 고객 지원팀에 문의하세요. 절차를 안내하고 배송 세부정보를 업데이트하는 데 도움을 드릴 수 있습니다.
BL,배송 주소를 업데이트하는 데 도움이 필요합니다.,배송지,배송지 변경,"긍정적으로! 배송 주소를 업데이트하는 데 도움을 드릴 수 있습니다. 원활한 절차를 보장하려면 다음 단계를 따라 주세요. 1. 당사 웹사이트에서 고객님의 계정에 로그인하십시오. 2. '계정 설정' 또는 '프로필' 섹션으로 이동합니다. 3. ""배송 주소"" 옵션을 찾아 클릭하세요. 4. 새 배송 주소로 필수 필드를 업데이트하세요. 5. 모든 정보가 올바른지 확인하고 ""저장"" 버튼을 클릭하세요. 문제가 발생하거나 추가 질문이 있는 경우 주저하지 말고 고객 지원팀에 문의하세요. 우리가 도와드리겠습니다!"
BLQZ,배송 주소 업데이트 지원을 원합니다.,배송지,배송지 변경,"확실히! 배송 주소를 업데이트하는 데 도움이 필요한 경우 당사 고객 지원팀이 도와드리겠습니다. 전화, 이메일 또는 라이브 채팅을 통해 연락하시면 절차를 단계별로 안내해 드립니다. 저희는 고객님의 패키지가 올바른 주소로 배송되었는지 확인하고 싶으므로 주저하지 말고 지원을 요청하십시오."
BLQZ,주소를 수정하려면 어떻게 해야 할지 모르겠어요,배송지,배송지 변경,걱정 마세요! 주소 수정 방법을 안내해 드릴 수 있습니다. 필요한 사항을 변경하려면 계정에 로그인하여 프로필 설정에서 주소를 업데이트하거나 당사 고객 서비스 팀에 도움을 요청하세요. 추가 도움이 필요하면 알려주세요!
BL,내 배송 주소를 수정하려는 지원을 원합니다.,배송지,배송지 변경,배송 주소를 수정하는 데 도움이 필요하다는 점을 이해합니다. 당사 고객 지원팀이 이에 대해 도움을 드릴 수 있습니다. 그들에게 연락하여 업데이트된 정보를 입력해 주세요. 절차를 안내하고 배송 주소가 정확하게 수정되었는지 확인합니다.
BILW,빌어먹을 배송지 주소는 어디서 수정하나요?,배송지,배송지 변경,"배송 주소를 업데이트하려면 다음 단계를 따르세요. 1. 고객님의 계정에 로그인하십시오. 2. ""내 계정"" 페이지로 이동합니다. 3. ""주소록"" 또는 ""배송지 주소"" 옵션을 선택하세요. 4. 현재 배송 주소를 찾아 ""수정"" 또는 ""업데이트"" 버튼을 클릭하세요. 5. 정확한 배송 주소를 입력하고 변경 사항을 저장하세요. 어려움이 발생할 경우 당사 고객 서비스 팀이 추가 지원을 제공해 드립니다."
BCIL,주소가 변경되었습니다. 변경하는 것을 도와주실 수 있나요?,배송지,배송지 변경,물론이죠! 고객님의 주소 변경을 도와드리겠습니다. 이를 위해 고객님의 새 주소 세부정보를 제공해 주시면 당사 시스템에서 이를 업데이트해 드리겠습니다.
BLQZ,주소를 수정하는 데 지원이 필요합니다.,배송지,배송지 변경,"과연! 고객님의 주소를 수정하는 데 도움을 드리고자 왔습니다. 시작하려면 계정에 로그인하고 ""계정 설정"" 페이지로 이동하세요. 여기에서 배송 정보를 업데이트하는 옵션이 표시됩니다. 어려움이 있거나 추가 질문이 있는 경우 언제든지 고객 지원팀에 문의하세요. 그들은 기꺼이 고객님을 도와줄 것입니다."
BCIL,배송지를 잘못 입력했는데 수정할 수 있나요?,배송지,배송지 변경,물론이죠! 배송 주소를 수정하는 데 확실히 도움을 드릴 수 있습니다. 수정을 진행하려면 주문 세부정보와 업데이트할 정확한 주소를 제공해 주시기 바랍니다. 저희 팀은 고객님의 패키지가 올바른 위치로 배송될 수 있도록 필요한 변경을 수행하는 데 도움을 드릴 것입니다.
BLQZ,주소 변경하는 데 도움이 됐나요?,배송지,배송지 변경,확실히! 주소 변경과 관련해 도움을 드리려고 왔습니다. 현재 주소와 업데이트할 새 주소의 세부정보를 알려주시면 절차를 단계별로 안내해 드리겠습니다.
BL,내 주소 업데이트에 대한 정보,배송지,배송지 변경,"물론이죠! 주소를 업데이트하려면 계정에 로그인하여 ""계정 설정"" 또는 ""프로필"" 섹션으로 이동해야 합니다. 여기에서 배송 주소를 편집할 수 있는 옵션을 찾을 수 있습니다. 해당 파일을 찾는 데 어려움이 있는 경우 알려주시면 추가 지원을 제공해 드리겠습니다."
BL,내 주소 수정 지원,배송지,배송지 변경,물론입니다! 고객님의 주소를 수정하는 데 도와드리겠습니다. 잘못된 주소 정보를 알려주시면 올바른 주소로 업데이트하는 과정을 안내해 드리겠습니다.
BLMQZ,나 필요해 내 주소 편집을 지원해,배송지,배송지 변경,내가 해낼게! 고객님의 주소 수정을 도와드리겠습니다. 업데이트된 정보를 제공해 주시면 해당 정보가 시스템에 정확하게 업데이트되도록 하겠습니다.
BCIL,배송지 주소를 잘못 입력했는데 어떻게 수정하나요?,배송지,배송지 변경,"불편을 끼쳐드려 죄송합니다. 배송지 주소를 수정하시려면 [전화번호]로 고객지원팀에 문의하시거나 [이메일 주소]로 이메일을 보내주세요. 주소를 업데이트하고 패키지가 올바른 위치로 배송되는지 확인하는 데 도움을 줄 것입니다. 이 문제를 알려주셔서 감사드리며, 양해해 주셔서 감사합니다."
BEL,배송 주소를 업데이트하는 방법을 모르겠습니다.,배송지,배송지 변경,"배송지 업데이트와 관련하여 혼란을 드려 죄송합니다. 배송 주소를 변경하려면 다음 단계를 따라 주세요. 1. 고객님의 계정에 로그인하십시오. 2. ""내 계정"" 또는 ""프로필"" 섹션으로 이동합니다. 3. 배송 주소를 업데이트하거나 수정하는 옵션을 찾으세요. 4. 새로운 배송 주소 정보를 입력하고 변경 사항을 저장하세요. 여전히 문제가 발생하는 경우 알려주시면 기꺼이 도와드리겠습니다."
BL,주소 수정 도와주세요,배송지,배송지 변경,물론이죠! 배송 주소를 수정하는 데 도움이 필요한 경우 고객 지원팀에 문의하세요. 그들은 고객님께 절차를 안내하고 고객님의 주소가 정확하게 업데이트되었는지 확인할 수 있습니다. 필요한 세부 정보를 제공하시면 고객님이 필요할 수 있는 주소 수정에 대해 기꺼이 도움을 드릴 것입니다.
BILQZ,주소 수정에 대한 확인은 어디서 찾을 수 있나요?,배송지,배송지 변경,"주소 수정에 대한 정보를 찾으려면 당사 웹사이트를 방문하여 ""도움말"" 섹션으로 이동하세요. 여기에서 배송 주소를 업데이트하는 방법에 대한 포괄적인 가이드를 찾을 수 있습니다. 추가 질문이 있거나 도움이 필요한 경우 언제든지 고객 지원팀에 문의해 주세요. 우리가 도와드리겠습니다!"
BL,주소를 수정하는 중에 문제가 발생했습니다,배송지,배송지 변경,주소 수정에 어려움을 겪고 계신다니 안타깝습니다. 문제 해결에 도움을 드릴 수 있도록 문제에 대한 자세한 내용을 제공해 주시기 바랍니다.
BL,배송 주소 편집 도움말,배송지,배송지 변경,물론입니다! 배송 주소를 수정하는 데 도움을 드리겠습니다. 현재 주소와 변경하려는 새 주소를 알려주시면 시스템에 업데이트해 드리겠습니다.
BL,배송 주소 편집에 대한 지원,배송지,배송지 변경,"물론이죠! 배송 주소를 수정하는 데 도움이 필요한 경우 다음 단계를 따르세요. 1. 당사 웹사이트에서 고객님의 계정에 로그인하십시오. 2. ""내 계정"" 섹션으로 이동합니다. 3. ""배송 주소"" 또는 유사한 옵션을 선택하십시오. 4. 편집하려는 주소를 찾아 클릭하세요. 5. 주소 필드를 필요에 따라 변경합니다. 6. 업데이트된 배송 주소를 저장하세요. 문제가 발생하거나 추가 질문이 있는 경우 주저하지 말고 고객 지원팀에 문의하세요. 기꺼이 도와드리겠습니다!"
BL,주소 수정에 대한 정보를 원합니다.,배송지,배송지 변경,주소를 수정해야 하는 경우 계정 설정에 액세스하여 배송 주소를 업데이트하면 됩니다. 또는 당사 고객 서비스 팀에 연락하시면 필요한 변경을 수행하는 데 도움을 드릴 것입니다.
BL,내 배송 주소 수정에 도움,배송지,배송지 변경,확실히! 배송 주소를 수정하는 데 도움을 드리고자 왔습니다. 정확한 주소 세부정보를 제공해 주시면 시스템에서 즉시 업데이트되도록 하겠습니다.
BL,배송지 주소를 변경하는 중에 문제가 발생했습니다,배송지,배송지 변경,배송지 변경 문제로 불편을 끼쳐드려 죄송합니다. 제가 도와드리겠습니다. 현재 겪고 있는 문제에 대해 더 자세한 내용을 알려주실 수 있나요?
BCIL,배송지 주소를 수정하고 싶은데 어떻게 해야 하나요?,배송지,배송지 변경,"문제 없습니다! 배송 주소를 수정하려면 다음 단계를 따르세요. 1. 당사 웹사이트에서 고객님의 계정에 로그인하십시오. 2. '계정 설정' 섹션으로 이동합니다. 3. ""배송 주소"" 옵션을 찾아 클릭하세요. 4. 주소를 업데이트하려면 필요한 필드를 편집하세요. 5. 변경한 후에는 업데이트된 주소를 저장하는 것을 잊지 마세요. 이 과정에서 문제가 발생하면 주저하지 말고 추가 지원을 요청하세요."
BL,배송 주소 업데이트에 대한 정보,배송지,배송지 변경,"물론이죠! 배송 주소를 업데이트하려면 계정에 로그인하여 ""배송 주소"" 섹션으로 이동하세요. 여기에서 새 주소를 수정하거나 추가할 수 있습니다. 절차 중에 문제가 발생하면 언제든지 고객 서비스 팀에 문의하여 도움을 받으세요."
BI,배송지 주소를 변경하려면 어떻게 해야 하나요?,배송지,배송지 변경,"배송 주소를 변경하려면 다음 단계를 따르세요. 1. 당사 웹사이트에서 고객님의 계정에 로그인하십시오. 2. '계정' 또는 '설정' 섹션으로 이동하세요. 3. ""배송 주소"" 옵션을 찾아 클릭하세요. 4. 기존 주소를 편집하거나 새 주소를 추가하세요. 5. 종료하기 전에 변경 사항을 반드시 저장하세요. 6. 업데이트된 주소가 정확한지 다시 확인하세요. 7. 문제가 발생하거나 추가 지원이 필요한 경우 언제든지 고객 지원팀에 문의하세요. 해당 과정을 기꺼이 도와드릴 것입니다. 특정 옵션의 사용 가능 여부는 고객님의 계정 설정 및 플랫폼 기능에 따라 달라질 수 있습니다."
BCLW,"내 빌어먹을 배송 주소가 바뀌었어, 바꿔줘",배송지,배송지 변경,물론입니다! 배송 주소를 업데이트하는 데 도와드리겠습니다. 새 주소를 알려주시면 고객님의 주문에 필요한 사항을 변경해 드리겠습니다.
BL,배송 주소를 수정하는 데 지원이 필요합니다.,배송지,배송지 변경,"배송지 수정으로 인해 불편을 끼쳐드려 죄송합니다. 배송 주소를 업데이트하려면 다음 단계를 따르세요. 1. 당사 웹사이트에서 고객님의 계정에 로그인하십시오. 2. ""내 계정"" 또는 ""계정 설정"" 섹션으로 이동합니다. 3. ""배송 주소"" 또는 ""주소록"" 옵션을 찾으십시오. 4. 주소 세부정보를 업데이트하려면 이를 클릭하세요. 5. 계속 진행하기 전에 변경 사항을 저장했는지 확인하세요. 문제가 발생하거나 추가 지원이 필요한 경우 주저하지 말고 고객 지원팀에 문의하세요. 저희는 고객님을 돕기 위해 여기 있습니다."
BL,내 주소 변경에 대한 정보 알려 줘,배송지,배송지 변경,"물론입니다! 주소를 변경하려면 다음 단계를 따르세요. 1. 당사 웹사이트에서 고객님의 계정에 로그인하십시오. 2. ""계정"" 또는 ""프로필"" 섹션으로 이동합니다. 3. 주소나 배송 정보를 업데이트하는 옵션을 찾으세요. 4. 해당 항목을 클릭하고 새 주소 세부정보를 입력하세요. 5. 변경 사항을 저장하기 전에 모든 정보를 다시 확인하세요. 6. 옵션을 찾을 수 없거나 추가 지원이 필요한 경우 고객 지원팀에 문의하세요. 이것이 도움이 되기를 바랍니다! 다른 질문이 있으면 알려주시기 바랍니다."
BCLZ,"주소가 바뀌었어요, 수정하세요",배송지,배송지 변경,주소 변경으로 인해 불편을 드려 죄송합니다. 배송 주소를 수정하려면 다음 단계를 따르세요. 1. 당사 웹사이트에서 고객님의 계정에 로그인하십시오. 2. 계정 설정이나 프로필 페이지로 이동하세요. 3. 배송 주소를 업데이트할 수 있는 섹션을 찾으십시오. 4. 새 주소 정보를 정확하게 입력하세요. 5. 변경 사항을 저장합니다. 이미 진행 중인 주문이 있는 경우 주소 변경이 해당 특정 주문에 적용되지 않을 수 있습니다. 이러한 경우 고객지원팀에 문의하여 추가 지원을 받으시기 바랍니다. 추가 도움이 필요하거나 다른 질문이 있으면 알려주시기 바랍니다.
BLQ,배송 주소 수정에 대한 정보가 필요해요,배송지,배송지 변경,"물론입니다! 배송 주소를 수정하는 데 필요한 정보를 제공해 드릴 수 있습니다. 배송 주소를 업데이트하려면 다음 단계를 따르세요. 1. 당사 웹사이트에서 고객님의 계정에 로그인하십시오. 2. ""내 계정"" 섹션으로 이동합니다. 3. ""배송 주소"" 옵션을 찾아 선택하세요. 4. 새 주소 세부정보로 필수 필드를 업데이트하세요. 5. ""업데이트"" 또는 ""저장"" 버튼을 클릭하여 변경 사항을 저장합니다. 문제가 발생하거나 추가 지원이 필요한 경우 주저하지 말고 고객 지원팀에 문의하세요. 주소 편집 과정을 기꺼이 도와드릴 것입니다."
BCILP,배송지 주소를 수정해야 하는데 도와주실 수 있나요?,배송지,배송지 변경,물론입니다! 배송지 주소 수정에 도움을 드리고 있습니다. 업데이트된 세부정보를 제공해 주시면 해당 내용이 시스템에 제대로 업데이트되도록 하겠습니다.
BLZ,쇼핑주소를 수정하려고 합니다,배송지,배송지 변경,물론입니다! 쇼핑 주소를 수정해야 하는 경우 다음 단계를 따르세요. 1. 당사 웹사이트에서 고객님의 계정에 로그인하십시오. 2. '계정' 또는 '설정' 섹션으로 이동하세요. 3. 주소 정보를 업데이트하는 옵션을 찾으세요. 4. 주소를 필요한 대로 변경하십시오. 5. 업데이트된 정보를 저장합니다. 문제가 발생하거나 추가 지원이 필요한 경우 언제든지 고객 서비스 팀에 문의하세요. 우리가 도와드리겠습니다!
BIL,배송 주소 업데이트를 도와주실 수 있나요?,배송지,배송지 변경,과연! 배송 주소를 업데이트하는 데 도움을 드리고자 왔습니다. 새 주소를 알려주시면 시스템에 업데이트되도록 하겠습니다.
BLW,빌어먹을 배송 주소 수정에 대한 정보,배송지,배송지 변경,확실히! 배송 주소 문제로 인해 불편을 겪으신 점 이해합니다. 배송 주소를 수정하려면 고객 지원팀에 문의하세요. 고객 지원팀에서 절차를 안내하고 주문에 대한 올바른 주소가 업데이트되었는지 확인할 수 있습니다. 필요한 모든 세부 정보를 제공하시면 이 문제를 즉시 해결하는 데 도움을 드릴 것입니다.
BLZ,주소를 알아내는 데 도움을 주세요,배송지,배송지 변경,"바로 처리하겠습니다! 고객님의 주소를 수정하는 데 도움을 드릴 수 있습니다. 배송 주소를 변경하려면 당사 웹사이트에서 고객님의 계정에 로그인하고 ""내 계정"" 섹션으로 이동하십시오. 여기에서 주소 세부 정보를 업데이트하는 옵션이 표시됩니다. 문제가 발생하거나 추가 안내가 필요한 경우 언제든지 고객 지원팀에 문의하여 추가 지원을 받으세요."
BLZ,주소 수정하는 것 좀 도와줘,배송지,배송지 변경,주소 수정을 도와드리겠습니다. 고객님의 현재 주소와 업데이트하려는 새 주소를 알려주시겠습니까?
BLQZ,내 주소를 수정하려면 어떻게 해야 할지 모르겠어요,배송지,배송지 변경,걱정하지 마세요. 주소 수정을 도와드리겠습니다. 배송 주소를 변경하려면 다음 단계를 따르세요. 1. 당사 웹사이트에서 고객님의 계정에 로그인하세요. 2. 계정 설정이나 프로필 페이지로 이동하세요. 3. 주소 정보를 업데이트할 수 있는 섹션을 찾으세요. 4. 현재 주소 옆에 있는 수정 버튼이나 링크를 클릭하세요. 5. 새 주소 정보를 정확하게 입력하세요. 6. 변경 사항을 저장합니다. 어려움이 있거나 추가 지원이 필요한 경우 주저하지 말고 고객 지원팀에 문의하세요.
BILZ,주소 편집에 대한 정보를 알려주실 수 있나요?,배송지,배송지 변경,"물론입니다! 주소를 수정해야 하는 경우 계정 설정에 액세스하여 쉽게 수정할 수 있습니다. ""주소"" 섹션으로 이동하여 주소를 편집하거나 업데이트하는 옵션을 클릭하기만 하면 됩니다. 원활한 주문 배송을 위해 정확하고 완전한 정보를 입력하시기 바랍니다. 문제가 발생하거나 추가 질문이 있는 경우 언제든지 고객 지원팀에 문의하여 도움을 받으세요."
BLQ,배송 주소를 수정하는 데 지원이 필요합니다,배송지,배송지 변경,내가 처리할게! 배송지 수정을 도와드릴 수 있습니다. 시작하려면 주문 번호나 관련 세부정보를 알려주시겠어요?
BL,주소를 변경하는 중에 문제가 발생했습니다,배송지,배송지 변경,주소 변경 과정에서 발생한 문제로 인해 불편을 끼쳐드려 죄송합니다. 더 나은 지원을 위해 현재 발생한 특정 문제에 대한 자세한 내용을 제공해 주시겠습니까?
BILW,피 묻은 주소를 수정하는 방법에 대해 더 자세히 알려주실 수 있나요?,배송지,배송지 변경,물론이죠! 배송 주소를 수정해야 하는 경우 당사 웹사이트에 로그인하여 쉽게 수정할 수 있습니다. 여기에서 주소 세부정보를 업데이트할 수 있는 옵션을 찾을 수 있습니다. 어려움이 있거나 추가 지원이 필요한 경우 언제든지 고객 서비스 팀에 문의하여 도움을 받으세요. 고객님의 패키지가 올바른 주소로 배송되었는지 확인하는 데 기꺼이 도움을 드리겠습니다.
BEL,배송지 변경에 대한 정보를 찾고 있어요,배송지,배송지 변경,과연! 배송 주소 변경에 대한 정보를 찾고 계시다면 저희가 도와드리겠습니다. 배송 주소를 업데이트하려면 당사 웹사이트의 계정 설정을 방문하거나 당사 고객 지원팀에 문의하시면 절차에 대한 도움을 받으실 수 있습니다. 변경 사항이 시스템에 반영되는 데 다소 시간이 걸릴 수 있으므로 다음 배송 예정일보다 훨씬 일찍 주소를 업데이트하는 것이 가장 좋습니다. 추가 질문이나 문의 사항이 있으면 알려주세요!
BLZ,배송주소를 수정하려고 합니다,배송지,배송지 변경,물론이죠! 배송 주소 수정에 도움을 드리고 있습니다. 변경하려면 업데이트된 주소 세부정보를 제공해 주시면 향후 모든 배송에 해당 정보가 시스템에 반영되도록 하겠습니다.
BELQ,주소를 업데이트하려면 어떻게 해야 하는지 모르겠어요,배송지,배송지 변경,"걱정 마세요! 주소를 업데이트하는 단계를 안내해 드릴 수 있습니다. 먼저 당사 웹사이트에서 고객님의 계정에 로그인해야 합니다. 그런 다음 주소를 편집할 수 있는 옵션을 찾을 수 있는 ""내 계정"" 섹션으로 이동하십시오. 필요한 사항을 변경한 후에는 업데이트된 정보를 저장하십시오. 도중에 문제가 발생하면 주저하지 말고 고객 지원팀에 연락하여 추가 지원을 받으세요."
BQ,배송지 주소를 변경하려고 합니다,배송지,배송지 변경,"배송 주소를 업데이트하고 싶다는 점을 이해합니다. 그렇게 하려면 다음 단계를 따라 주세요. 1. 당사 웹사이트에서 고객님의 계정에 로그인하십시오. 2. ""내 계정"" 섹션으로 이동합니다. 3. ""배송 주소"" 탭을 찾아 클릭하세요. 4. 주소 정보를 새로운 세부정보로 업데이트하세요. 5. 변경 사항을 저장합니다. 6. 주문을 진행하기 전에 업데이트된 주소가 올바른지 다시 확인하세요. 문제가 발생하거나 추가 지원이 필요한 경우 주저하지 말고 고객 지원팀에 문의하세요. 저희는 이 과정을 기꺼이 도와드리겠습니다."
BCL,잘못된 주소를 제출했습니다. 수정하도록 도와주세요.,배송지,배송지 변경,문제 없습니다! 고객님이 제출한 주소를 편집하는 데 도움을 드릴 수 있습니다. 정확한 주소를 알려주시면 필요한 사항을 변경해 드리겠습니다.
BL,배송지 주소 수정에 대해 알려주세요,배송지,배송지 변경,"물론입니다! 배송지 수정이 필요한 경우, 최대한 빨리 고객센터로 연락주시기 바랍니다. 패키지가 올바른 위치로 배송되도록 필요한 변경을 수행하는 데 도움을 줄 것입니다. 배송 관련 문제를 방지하려면 정확하고 업데이트된 정보를 제공하는 것이 중요합니다. 저희 팀은 연중무휴 24시간 이용 가능하며 배송 주소를 수정해야 하는 경우 도움을 드릴 준비가 되어 있습니다."
BIL,배송지 주소는 어디서 수정하나요?,배송지,배송지 변경,"배송 주소를 편집하려면 계정에 로그인하여 ""배송 주소"" 섹션으로 이동하세요. 여기에서 필요한 사항을 변경하고 배송 정보를 업데이트할 수 있습니다. 추가 지원이 필요한 경우 당사 고객 지원팀이 도움을 드릴 수 있습니다."
BLQ,주소 수정에 관한 정보를 원해요,배송지,배송지 변경,"물론입니다! 주소를 수정하려면 다음 단계를 따르세요. 1. 당사 웹사이트에서 고객님의 계정에 로그인하십시오. 2. ""계정"" 또는 ""프로필"" 섹션으로 이동합니다. 3. ""주소"" 또는 ""배송 주소"" 옵션을 찾으십시오. 4. 현재 주소를 수정하려면 해당 버튼을 클릭하세요. 5. 주소를 업데이트하려면 필요한 사항을 변경하세요. 6. 종료하기 전에 변경 사항을 저장하는 것을 잊지 마십시오. 문제가 발생하거나 추가 지원이 필요한 경우 주저하지 말고 고객 지원팀에 문의하세요. 우리가 도와드리겠습니다!"
BCIPQW,배송지 주소를 변경해야 하는데 어떻게 해야 하나요?,배송지,배송지 변경,"물론이죠! 배송 주소를 변경하려면 다음 단계를 따르세요. 1. 고객님의 계정에 로그인하십시오. 2. ""내 계정"" 섹션으로 이동합니다. 3. '배송 주소'를 선택하세요. 4. 변경하려는 주소를 클릭하세요. 5. 필요한 세부정보를 편집합니다. 6. 변경 사항을 저장합니다. 7. 계정에서 새 주소가 업데이트되었는지 확인하세요."
BLMQZ,내 배송 주소를 수정하는 데 문제가 있습니다,배송지,배송지 변경,배송지 수정으로 인해 불편을 드려 죄송합니다. 발생한 문제에 대해 더 자세한 내용을 제공해 주시겠습니까? 이렇게 하면 문제를 더 잘 이해하고 적절한 해결 방법을 제공하는 데 도움이 됩니다.
BIL,배송 주소는 어디서 변경할 수 있나요?,배송지,배송지 변경,"배송 주소를 변경하려면 다음 단계를 따르세요. 1. 당사 웹사이트에서 고객님의 계정에 로그인하십시오. 2. ""내 계정"" 섹션으로 이동합니다. 3. ""배송 주소"" 또는 ""배송 주소"" 옵션을 선택하세요. 4. 기존 주소를 편집하거나 새 주소를 추가하세요. 5. 변경 사항을 저장합니다. 어려움이 있거나 추가 질문이 있는 경우 언제든지 고객 지원팀에 문의하여 도움을 받으세요."
BL,주소를 수정하고 싶어요,배송지,배송지 변경,"물론이죠. 주소를 수정하는 데 도움을 드릴 수 있습니다. 그렇게 하려면 고객님의 계정에 로그인하고 ""내 계정"" 섹션으로 이동하십시오. 여기에서 주소 세부 정보를 업데이트하는 옵션을 찾을 수 있습니다. 추가 안내가 필요하면 알려주세요!"
BEL,주소 수정에 대한 정보를 찾고 있습니다.,배송지,배송지 변경,"바로 처리하겠습니다! 배송 주소를 수정해야 하는 경우, 저희가 확실히 도와드릴 수 있습니다. 필요한 사항을 변경하려면 전화나 이메일을 통해 고객 지원팀에 연락하여 업데이트된 정보를 제공하세요. 그들은 절차를 안내하고 패키지가 올바른 주소로 배송되는지 확인합니다. 불편을 끼쳐드려 죄송하며 협조해 주셔서 감사합니다."
BKL,배송 주소 수정 중 오류가 발생했습니다.,배송지,배송지 변경,"배송지 오류로 인해 불편을 드려 죄송합니다. 이를 수정하려면 다음 단계를 따르세요. 1. 당사 웹사이트에서 고객님의 계정에 로그인하십시오. 2. ""내 계정"" 또는 ""프로필"" 섹션으로 이동합니다. 3. ""배송 주소"" 또는 ""배송 주소"" 옵션을 찾으세요. 4. 주소를 편집하려면 해당 주소를 클릭하세요. 5. 잘못된 정보를 올바른 세부정보로 업데이트하세요. 6. 변경 사항을 저장합니다. 7. 주소가 정확하고 완전한지 다시 확인하세요. 이 과정에서 어려움이 발생할 경우 주저하지 말고 고객 지원팀에 문의하여 추가 지원을 받으시기 바랍니다."
BCIL,배송지 주소를 수정하고 싶은데 도와주실 수 있나요?,배송지,배송지 변경,과연! 저희는 정확한 배송 주소를 갖는 것이 중요하다는 것을 알고 있습니다. 배송 주소를 업데이트하려면 주문 번호와 업데이트된 주소 세부정보를 제공해 주시기 바랍니다. 당사 고객 지원팀은 필요한 변경을 수행하는 데 기꺼이 도움을 드릴 것입니다.
BL,내 주소를 업데이트하려면 지원이 필요합니다.,배송지,배송지 변경,"물론이죠! 고객님의 주소를 업데이트하는 데 기꺼이 도움을 드리겠습니다. 거리명, 집/아파트 번호, 시, 주, 우편번호 등 새 주소에 필요한 세부정보를 알려주시기 바랍니다."
BIL,배송 주소를 어떻게 업데이트하나요?,배송지,배송지 변경,문제 없습니다! 배송 주소를 업데이트하는 것은 쉽습니다. 당사 웹사이트에서 고객님의 계정에 로그인하고 주소 설정으로 이동하시면 됩니다. 여기에서 새 주소를 편집하거나 추가할 수 있습니다. 문제가 발생하면 주저하지 말고 고객 지원팀에 연락하여 추가 지원을 받으세요.
BIL,주소 변경에 관한 정보는 어디서 얻을 수 있나요?,배송지,배송지 변경,"주소 변경에 대한 정보가 필요한 경우 당사 웹사이트를 방문하여 ""연락처"" 페이지로 이동하세요. 거기에서 당사의 고객 서비스 연락처 정보를 찾을 수 있으며, 당사 담당자가 주소 변경 요청에 대해 기꺼이 도움을 드릴 것입니다."
BLQW,내 빌어먹을 주소를 바꾸고 싶어,배송지,배송지 변경,"주소를 수정하는 동안 겪으셨을 수 있는 불편함에 대해 사과드립니다. 주소를 변경하려면 계정 설정으로 이동하여 ""배송 주소"" 섹션을 찾으세요. 여기에서 주소를 업데이트하여 주문이 올바른 위치로 배송되도록 할 수 있습니다. 이 과정에서 문제가 발생하면 언제든지 고객 지원팀에 문의하여 추가 지원을 받으세요."
BL,배송 주소 수정에 대한 지원이 필요합니다.,배송지,배송지 변경,"확실히! 배송 주소를 수정하려면 다음 단계를 따르세요. 1. 고객님의 계정에 로그인하고 프로필 설정으로 이동하십시오. 2. ""배송 주소"" 섹션을 찾아 ""수정""을 클릭하세요. 3. 올바른 주소 세부정보로 필수 필드를 업데이트하세요. 4. 모든 정보가 정확한지 다시 확인하세요. 5. 변경 사항을 저장합니다. 어려움이 있거나 추가 질문이 있는 경우 언제든지 고객 지원팀에 문의하여 도움을 받으세요. 우리가 도와드리겠습니다!"
BELQ,배송 주소를 수정하는 방법을 모르겠습니다,배송지,배송지 변경,걱정하지 마세요. 배송 주소 수정을 도와드리겠습니다. 주소를 업데이트하려면 고객 지원팀에 문의하거나 온라인 계정에 로그인하여 배송 주소 섹션에서 필요한 사항을 변경하세요. 추가 안내가 필요하면 알려주시기 바랍니다!
BL,배송 주소 업데이트에 대한 지원이 필요합니다.,배송지,배송지 변경,확실히! 배송 주소를 업데이트하는 데 도움이 필요한 경우 새 주소 정보를 제공해 주시면 즉시 업데이트해 드리겠습니다.
BLZ,내 주소 수정에 대해 자세히 알려주세요,배송지,배송지 변경,"확실히! 배송 주소를 편집하는 과정은 간단합니다. 일반적으로 당사 웹사이트나 앱에서 계정에 로그인하고 ""주소 관리"" 섹션으로 이동하여 주소를 업데이트할 수 있습니다. 여기에서 현재 배송 주소를 편집하거나 새 주소를 추가할 수 있습니다. 어려움이 있거나 구체적인 지침이 있는 경우 언제든지 고객 지원팀에 문의하시면 기꺼이 추가 지원을 해드릴 것입니다."
BIL,배송 주소를 수정하려면 어떻게 해야 하나요?,배송지,배송지 변경,"저희는 배송 주소를 최신 상태로 유지하는 것이 중요하다는 것을 알고 있습니다. 배송 주소를 업데이트하려면 다음의 간단한 단계를 따라 주세요. 1. 당사 웹사이트에서 고객님의 계정에 로그인하십시오. 2. ""내 계정"" 섹션으로 이동합니다. 3. ""배송 주소"" 탭을 찾아 클릭하세요. 4. 기존 주소를 수정하거나 새 주소를 입력하세요. 5. 변경 사항을 저장합니다. 어려움이 있거나 추가 질문이 있는 경우 주저하지 말고 고객 지원팀에 문의하세요. 저희는 고객님을 돕기 위해 여기 있습니다."
BIL,배송지 수정이 가능한가요?,배송지,배송지 변경,긍정적으로! 배송 주소를 업데이트해야 하는 경우 몇 가지 간단한 단계를 따르면 쉽게 업데이트할 수 있습니다.
BLQZ,주소를 변경하려면 지원이 필요합니다.,배송지,배송지 변경,물론입니다! 주소 변경을 도와드릴 수 있습니다. 시작하려면 업데이트하려는 새 주소 세부정보를 제공해 주세요.
BLW,빌어먹을 주소 변경 도와줘,배송지,배송지 변경,불편을 끼쳐드려 죄송합니다. 주소 변경과 관련하여 도움이 필요한 경우 현재 주소와 업데이트된 주소 정보를 제공해 주시면 고객 지원팀에서 필요한 변경 사항을 도와드리겠습니다.
BQ,배송 주소를 변경해야 해요,배송지,배송지 변경,물론이죠! 배송 주소를 업데이트하는 데 도움을 드리고자 왔습니다. 계속 진행하려면 주문 번호와 사용하려는 새 주소가 필요합니다. 이 정보를 제공해 주시면 필요한 변경을 해 드리겠습니다.
BILQ,내 배송 주소 수정에 대해 더 자세히 알려줄 수 있나요?,배송지,배송지 변경,확실히! 배송 주소를 수정하는 과정은 간단합니다. 주소를 업데이트하려면 다음 단계를 따르세요. 1. 당사 웹사이트에서 고객님의 계정에 로그인하십시오. 2. '계정' 또는 '프로필' 섹션으로 이동합니다. 3. 주소나 배송 정보를 편집할 수 있는 옵션을 찾으세요. 4. 해당 옵션을 클릭하고 새 주소 세부정보를 입력하세요. 5. 모든 정보가 정확한지 다시 확인하세요. 6. 변경 사항을 저장하면 배송 주소가 업데이트됩니다. 어려움이 있거나 추가 질문이 있는 경우 주저하지 말고 고객 지원팀에 문의하세요. 저희는 절차 전반에 걸쳐 고객님을 지원하기 위해 여기 있습니다.
BELZ,주소를 업데이트하려면 어떻게 해야 할지 모르겠습니다.,배송지,배송지 변경,걱정하지 마세요! 주소 업데이트 방법을 안내해 드리겠습니다. 시작하려면 주문 번호와 새 주소 세부정보를 제공해 주시기 바랍니다. 고객님의 패키지가 올바른 위치로 배송되도록 필요한 변경을 수행하는 데 도움을 드리겠습니다.
BL,내 주소 수정에 대한 정보 찾기,배송지,배송지 변경,"내가 해낼게! 주소를 수정해야 하는 경우 당사 고객 서비스 팀에 문의하시면 쉽게 수정할 수 있습니다. 고객님의 주소 정보를 업데이트하여 패키지가 올바른 위치로 배송되도록 도와드립니다. 당사 웹사이트, 전화 또는 이메일을 통해 당사 고객 서비스 부서에 연락하여 필요한 세부 정보를 제공하시면 됩니다. 절차를 안내하고 필요한 경우 주소를 변경해 드릴 것입니다."
BL,배송지 수정에 대한 정보를 원합니다,배송지,배송지 변경,물론입니다! 배송 주소 수정에 대한 정보가 필요한 경우 당사에서 필요한 지원을 제공해 드릴 수 있습니다. 고객님께 적절한 안내를 드릴 수 있도록 고객님의 요청에 대한 구체적인 세부 사항을 제공해 주십시오.
BIL,배송 주소 편집에 대해 알려주실 수 있나요?,배송지,배송지 변경,"물론입니다! 배송 주소를 수정하려면 당사 웹사이트를 방문하여 계정에 로그인하세요. 여기에서 ""계정 설정"" 또는 ""배송 주소"" 섹션으로 이동합니다. 여기서 새로운 세부 정보를 입력하고 변경 사항을 저장하여 주소를 업데이트할 수 있습니다. 어려움이 있거나 추가 질문이 있는 경우 언제든지 고객 지원팀에 문의하여 도움을 받으세요."
BL,배송지 주소를 수정해야 합니다,배송지,배송지 변경,배송 주소를 수정해야 한다는 사실을 알게 되었습니다. 제가 도와드리겠습니다. 배송에 사용하고 싶은 새 주소를 알려주시겠어요?
BLMQ,주소 수정을 지원하고 싶습니다.,배송지,배송지 변경,배송 주소를 수정하려면 지원이 필요하다는 점을 이해합니다. 불편을 끼쳐드려 죄송합니다. 이에 대한 도움을 받으려면 주문 번호와 정확한 주소 정보를 제공해 주시기 바랍니다. 저희 팀은 고객님의 요청을 검토하고 가능한 한 빨리 필요한 변경을 수행할 것입니다. 이 문제를 알려주셔서 감사합니다.
BCIPQ,배송 주소가 변경되었습니다. 주소를 변경하는 데 도움을 주실 수 있나요?,배송지,배송지 변경,배송지 주소가 변경됐다니 안타깝습니다. 업데이트하는 데 도움을 드리겠습니다. 새 주소를 알려주시면 필요한 사항을 변경해 드리겠습니다.
BCL,주소를 업데이트하고 싶습니다. 도움이 필요합니다.,배송지,배송지 변경,물론이죠! 고객님의 주소를 업데이트하는 데 도와드리겠습니다. 새 주소 세부정보를 제공해 주시면 배송 주소를 필요한 대로 변경할 수 있도록 도와드리겠습니다.
BLW,빌어먹을 배송 주소를 업데이트하는 중에 오류가 발생했습니다.,배송지,배송지 변경,배송 주소를 업데이트하는 동안 발생한 오류로 인해 불편을 끼쳐드려 죄송합니다. 고객님의 주문 세부정보와 정확한 배송 주소를 알려주시면 고객님의 정보가 즉시 업데이트되도록 개인적으로 확인하겠습니다.
BLM,주소를 업데이트하는 데 문제가 있습니다.,배송지,배송지 변경,주소 업데이트 문제로 불편을 끼쳐드려 죄송합니다. 발생한 문제에 대해 더 자세한 내용을 알려주실 수 있나요? 그렇게 하면 문제를 해결하고 주소를 성공적으로 업데이트하는 데 도움을 드릴 수 있습니다.
BCL,내 주소가 변경되었습니다. 수정하고 싶어요,배송지,배송지 변경,"주소가 변경되었음을 알려주셔서 감사합니다. 배송 주소를 수정하려면 다음 단계를 따르세요. 1. 계정에 로그인하세요. 2. ""내 계정"" 섹션으로 이동합니다. 3. ""배송 주소"" 탭을 찾아 클릭하세요. 4. 주소 세부정보를 업데이트하세요. 5. 변경 사항을 저장합니다. 문제가 발생하거나 추가 질문이 있는 경우 주저하지 말고 당사 고객 서비스 팀에 문의하여 도움을 받으십시오."
BILPQWZ,내 빌어먹을 주소를 바꾸도록 도와줄래?,배송지,배송지 변경,물론이죠! 배송 주소를 변경하는 데 도움이 필요하다는 점을 이해합니다. 계속하려면 몇 가지 정보가 필요합니다. 현재 주소와 변경하려는 새 주소를 알려주세요.
BILQ,내 배송 주소를 수정하는 곳,배송지,배송지 변경,배송 주소를 수정하려면 당사 웹사이트의 계정 설정으로 이동하거나 당사 고객 지원팀에 문의하세요. 고객님의 주소 정보를 업데이트하는 데 도움을 드릴 수 있습니다.
BLQZ,배송지 주소 수정에 문제가 있습니다,배송지,배송지 변경,배송지 변경으로 인해 불편을 드려 죄송합니다. 더 나은 지원을 위해 수정 과정에서 어떤 특정 문제가 발생하는지 알려주시기 바랍니다.
BLW,빌어먹을 배송 주소를 수정하는 중에 오류가 발생했습니다.,배송지,배송지 변경,배송지 수정으로 인해 불편을 드려 죄송합니다. 추가 지원을 위해 발생한 오류에 대한 추가 정보를 제공해 주시겠습니까? 자세한 내용을 바탕으로 적절한 솔루션을 제공해 드릴 수 있습니다.
BIL,배송 주소 업데이트에 대한 정보를 어떻게 찾을 수 있나요?,배송지,배송지 변경,배송 주소 업데이트에 대한 정보를 찾고 계시다면 당사 웹사이트를 방문하시거나 당사 고객 지원팀에 문의하실 수 있습니다. 그들은 고객님을 지원하고 배송 주소 업데이트와 관련하여 필요한 정보를 제공할 수 있습니다.
BILQ,주소 수정하는 곳,배송지,배송지 변경,배송 주소를 수정해야 하는 경우 계정 설정에 액세스하여 쉽게 수정할 수 있습니다. 주소 세부 정보를 편집할 수 있는 옵션을 찾아 필요한 사항을 변경하세요. 어려움이 있는 경우 언제든지 고객 지원팀에 문의하여 추가 지원을 받으세요.
BLZ,주소를 수정하려면 지원이 필요합니다,배송지,배송지 변경,기꺼이 도와드리겠습니다! 고객님의 주소 수정을 도와드리겠습니다. 신속하게 도움을 드릴 수 있도록 필요한 세부 정보를 제공해 주시기 바랍니다.
BLQ,배송 주소를 업데이트하는 데 도움이 필요해요,배송지,배송지 변경,내가 처리할게! 배송 주소를 업데이트하는 데 도움을 드리고자 왔습니다. 고객님의 현재 주소와 변경하려는 업데이트된 주소를 알려주시겠습니까?
BL,배송 주소를 업데이트하려면 어떻게 해야 하는지 모르겠습니다.,배송지,배송지 변경,"배송 주소를 업데이트하는 방법이 확실하지 않은 경우 당사 웹사이트에서 계정에 로그인하여 쉽게 업데이트할 수 있습니다. 로그인한 후 ""계정 설정"" 또는 ""프로필"" 섹션으로 이동하여 주소 업데이트 옵션을 찾으세요. 여전히 도움이 필요한 경우 고객 지원팀에 문의하시면 단계별 절차를 안내해 드립니다."
BILP,주소 업데이트하는 것을 도와주실 수 있나요?,배송지,배송지 변경,물론이죠! 고객님의 주소를 업데이트하는 데 기꺼이 도움을 드리겠습니다. 새 주소 세부정보를 제공해 주시면 가능한 한 빨리 해당 주소가 시스템에 업데이트되도록 하겠습니다.
BIL,배송 주소는 어디서 수정하나요?,배송지,배송지 변경,"배송 주소를 편집하려면 다음 단계를 따르세요. 1. 계정에 로그인하세요. 2. ""내 계정"" 섹션으로 이동합니다. 3. ""배송지 주소""를 선택하세요. 4. 현재 주소 옆에 있는 ""수정"" 버튼을 클릭하세요. 5. 주소를 필요한 대로 변경하십시오. 6. 업데이트된 주소를 저장합니다. 이렇게 하면 배송 주소를 원활하게 수정하는 데 도움이 됩니다."
BL,배송지 주소를 변경하는 데 문제가 있습니다.,배송지,배송지 변경,배송지 변경으로 인해 불편을 드려 죄송합니다. 필요한 세부정보를 제공해 주시면 이 문제를 신속하게 해결할 수 있도록 도와드리겠습니다.
BCILP,주소를 수정해야 하는데 도와주실 수 있나요?,배송지,배송지 변경,물론이죠! 고객님의 주소를 수정하는 데 기꺼이 도움을 드리겠습니다. 고객님을 위해 필요한 변경을 할 수 있도록 업데이트된 주소 세부정보를 제공해 주시기 바랍니다.
BCLQ,내 주소 수정에 대해 알고 싶어요 정보를 찾아보세요,배송지,배송지 변경,"물론입니다. 주소를 수정하는 방법에 대한 정보를 제공해 드릴 수 있습니다. 주소를 업데이트하려면 계정에 로그인하여 ""계정 설정"" 또는 ""프로필"" 섹션으로 이동하세요. 여기에서 배송 주소를 편집할 수 있는 옵션이 표시됩니다. 변경 사항을 저장하기 전에 모든 세부 사항을 다시 확인하세요. 문제가 발생하거나 추가 질문이 있는 경우 알려주시기 바랍니다."
BLQ,배송지 주소를 수정하려고 합니다.,배송지,배송지 변경,문제 없습니다! 배송 주소를 수정하는 데 도움을 드릴 수 있습니다. 계속 진행하려면 주문 번호와 정확한 배송 주소 세부정보를 알려주시기 바랍니다.
BKL,주소 업데이트 문제,배송지,배송지 변경,"주소 업데이트 문제로 인해 불편을 끼쳐드려 죄송합니다. 걱정하지 마세요. 제가 확실히 도와드릴 수 있습니다. 주소를 업데이트하려면 다음 단계를 따르세요. 1. 고객님의 계정에 로그인하십시오. 2. '계정' 또는 '프로필' 섹션으로 이동합니다. 3. ""주소"" 또는 ""배송 정보"" 탭을 찾으세요. 4. 현재 주소를 수정하려면 해당 버튼을 클릭하세요. 5. 정확한 주소 정보를 입력하고 변경 사항을 저장하세요. 문제가 발생하거나 추가 문의사항이 있으면 언제든지 알려주시기 바랍니다. 저는 고객님을 돕기 위해 여기 있습니다!"
BILP,배송 주소 수정을 도와주실 수 있나요?,배송지,배송지 변경,확실히! 배송 주소를 업데이트하는 데 도움을 드리겠습니다. 변경하고 싶은 새 주소 세부정보를 알려주시면 꼭 업데이트해 드리겠습니다.
BCL,배송지를 잘못 입력했어요 수정하고 싶어요,배송지,배송지 변경,"걱정 마세요! 제가 도와드릴 수 있습니다. 배송 주소를 수정하려면 당사 웹사이트에서 고객님의 계정에 로그인하고 ""내 계정"" 섹션으로 이동하십시오. 여기에서 올바른 정보로 배송 주소를 업데이트할 수 있습니다. 문제가 발생하거나 추가 지원이 필요한 경우 언제든지 고객 지원팀에 문의하세요. 기꺼이 도와드리겠습니다!"
BIL,내 주소 업데이트에 대한 정보는 어디서 얻을 수 있나요?,배송지,배송지 변경,주소 업데이트에 대한 정보를 찾으려면 당사 웹사이트를 방문하거나 당사 고객 서비스 팀에 문의하세요. 그들은 고객님께 필요한 지침을 제공하고 절차 전반에 걸쳐 도움을 줄 수 있습니다.
BLP,배송지 주소를 어떻게 수정하는지 모르겠습니다,배송지,배송지 변경,전혀 문제 없습니다! 배송 주소를 수정하는 과정을 안내해 드릴 수 있습니다. 먼저 당사 웹사이트에서 고객님의 계정에 로그인해야 합니다. 로그인한 후 프로필 설정으로 이동하여 주소를 편집할 수 있는 옵션을 찾으세요. 이를 클릭하면 배송 주소를 필요한 대로 변경할 수 있습니다. 문제가 발생하거나 추가 지원이 필요한 경우 언제든지 고객 지원팀에 문의하세요. 그들은 기꺼이 고객님을 도와줄 것입니다.
BLQ,주소를 변경하는 데 도움이 필요해요,배송지,배송지 변경,"물론 배송 주소 업데이트를 도와드리겠습니다. 현재 주소, 변경하려는 새 주소 등 필요한 정보를 알려주시면 절차를 안내해 드립니다."
BL,내 주소를 편집하는 데 도움을 주세요,배송지,배송지 변경,"물론이죠! 주소를 수정하는 방법을 안내해 드릴 수 있습니다. 배송 주소를 편집하려면 다음 단계를 따르세요. 1. 당사 웹사이트에서 고객님의 계정에 로그인하십시오. 2. ""내 계정"" 섹션으로 이동합니다. 3. ""주소"" 또는 ""배송 정보"" 탭을 찾으세요. 4. 탭을 클릭하면 현재 주소 세부정보에 액세스할 수 있습니다. 5. 거리 이름, 집 번호, 도시 또는 우편번호 업데이트 등 주소를 필요한 대로 변경합니다. 6. 모든 필드를 다시 확인하여 정확성을 확인하세요. 7. ""저장"" 또는 ""업데이트"" 버튼을 클릭하여 변경 사항을 저장합니다. 8. 이제 고객님의 배송 주소가 성공적으로 편집되었습니다. 어려움이 있거나 추가 지원이 필요한 경우 라이브 채팅이나 전화를 통해 언제든지 고객 지원팀에 문의하세요. 주소 수정과 관련하여 발생할 수 있는 모든 문제에 대해 기꺼이 도와드리겠습니다."
BILP,내 배송 주소 변경에 대해 더 자세히 알려주실 수 있나요?,배송지,배송지 변경,"기꺼이 도와드리겠습니다! 배송 주소를 변경해야 하는 경우 당사 고객 서비스 팀에 문의하시면 됩니다. 패키지가 올바른 목적지에 도착할 수 있도록 주소를 업데이트하는 데 도움을 줄 것입니다. 지연이나 배송 오류를 방지하려면 정확하고 완전한 정보를 제공하는 것이 중요합니다. 새 집으로 이사하시거나 단순히 주소를 업데이트하려는 경우, 저희 팀이 절차를 안내하고 패키지가 올바른 장소에 도착하도록 도와드립니다. 배송 주소 변경에 대한 추가 지원이 필요하면 주저하지 말고 당사에 문의하세요."
BCILQZ,주소를 수정하고 싶은데 도와주세요,배송지,배송지 변경,최선을 다하겠습니다! 고객님의 주소를 수정하는 데 도움을 드릴 수 있습니다. 정확한 배송 주소를 알려주세요.
BLMQ,배송 주소 업데이트에 문제가 있습니다,배송지,배송지 변경,"배송 주소를 업데이트하는 동안 발생한 어려움에 대해 사과드립니다. 이 문제를 해결하려면 다음 단계를 수행하는 것이 좋습니다. 1. 입력하려는 주소의 형식을 다시 확인하세요. 거리 이름, 집 번호, 도시, 우편번호 등 필요한 모든 세부 정보가 포함되어 있는지 확인하세요. 2. 브라우저 캐시와 쿠키를 지워보세요. 때로는 오래된 데이터로 인해 주소 업데이트에 문제가 발생할 수 있습니다. 3. 모바일 앱을 사용하는 경우 해당 앱을 제거한 후 다시 설치하여 최신 버전인지 확인하세요. 4. 고객 지원팀에 직접 문의하세요. 그들은 고객님께 추가 지원을 제공하고 고객님의 주소 업데이트를 방해할 수 있는 기술적 문제를 해결하는 데 도움을 줄 수 있습니다. 이로 인해 불편을 끼쳐드려 죄송하며 양해해 주셔서 감사합니다."
BL,배송지 수정에 대해 알고 싶습니다.,배송지,배송지 변경,최선을 다하겠습니다! 배송지 주소를 수정하는 방법에 대한 정보를 제공해 드릴 수 있습니다. 배송 주소를 수정하려면 계정에 로그인하여 설정 또는 프로필 섹션으로 이동하세요. 여기에서 배송 주소를 편집할 수 있는 옵션을 찾을 수 있습니다. 해당 항목을 찾을 수 없는 경우 당사 고객 지원팀에 문의하시면 필요한 변경 작업을 수행하는 데 기꺼이 도움을 드릴 것입니다. 제가 도와드릴 수 있는 다른 사항이 있으면 알려주세요!
BL,배송지 주소를 수정하는 중에 문제가 발생했습니다.,배송지,배송지 변경,배송지 주소 수정 문제로 불편을 끼쳐드려 죄송합니다. 추가 지원을 위해 현재 직면한 문제에 대한 자세한 내용을 알려주시겠습니까?
BL,내 배송 주소 편집 지원,배송지,배송지 변경,최선을 다하겠습니다! 저희 팀이 고객님의 배송 주소를 편집하는 데 도움을 드릴 수 있습니다. 새 주소 세부정보를 제공해 주시면 업데이트해 드리겠습니다. 추가로 도움이 필요하시면 알려주세요.
BIL,내 주소를 어떻게 수정할 수 있나요?,배송지,배송지 변경,"배송 주소 수정과 관련하여 도움을 요청하신 것으로 알고 있습니다. 주소를 업데이트하려면 다음 단계를 따르세요. 1. 당사 웹사이트에서 고객님의 계정에 로그인하십시오. 2. ""계정 설정"" 또는 ""프로필"" 섹션으로 이동합니다. 3. ""배송 주소"" 또는 ""배송 주소"" 옵션을 찾으세요. 4. 현재 주소 옆에 있는 ""수정"" 또는 ""수정"" 버튼을 클릭하십시오. 5. 주소를 필요한 대로 변경하십시오. 6. 업데이트된 주소를 저장합니다. 다음 단계를 따르면 배송 주소를 성공적으로 수정할 수 있습니다. 문제가 발생하거나 추가 지원이 필요한 경우 주저하지 말고 고객 지원팀에 문의하세요."
BL,배송 주소를 편집하는 데 도움을 주세요,배송지,배송지 변경,"긍정적으로! 배송 주소를 수정하는 과정을 안내해 드릴 수 있습니다. 단계는 다음과 같습니다. 1. 당사 웹사이트에서 고객님의 계정에 로그인하십시오. 2. ""내 계정"" 또는 ""계정 설정"" 섹션으로 이동합니다. 3. 배송 주소 관리 옵션을 찾으세요. 4. 편집하려는 주소를 클릭하세요. 5. 주소 세부정보를 필요한 대로 변경합니다. 6. 업데이트된 주소를 저장합니다. 문제가 발생하거나 추가 지원이 필요한 경우 언제든지 알려주시기 바랍니다."
BL,주소를 수정하는 데 도움이 필요합니다.,배송지,배송지 변경,저희는 고객님의 주소를 수정하는 데 도움이 필요하다는 것을 이해합니다. 우리 고객 서비스 팀이 고객님을 도와드릴 것입니다. 정확한 주소 정보를 제공해 주시면 기록에 업데이트되도록 하겠습니다.
BCIL,배송지를 잘못 선택했는데 수정할 수 있나요?,배송지,배송지 변경,바로 처리하겠습니다! 잘못된 배송 주소를 선택한 경우에도 수정할 수 있습니다. 계정 설정으로 이동하여 배송 주소 관리 섹션을 찾으세요. 여기에서 주소를 편집하고 올바른 주소로 업데이트할 수 있습니다. 문제가 발생하면 주저하지 말고 고객 지원팀에 연락하여 추가 지원을 받으시기 바랍니다.
BL,배송 주소를 변경하는 데 문제가 있습니다.,배송지,배송지 변경,배송 주소 수정 문제로 불편을 끼쳐드려 죄송합니다. 발생한 문제에 대해 더 자세한 내용을 알려주실 수 있나요? 이렇게 하면 더 나은 지원을 제공하는 데 도움이 될 것입니다.
BL,내 배송 주소 수정에 대한 지원,배송지,배송지 변경,바로 처리하겠습니다! 배송 주소를 업데이트하는 데 도움을 드리고자 왔습니다. 고객님의 현재 주소와 업데이트하려는 새 주소를 알려주십시오.
B,배송지 변경에 관해 질문이 있습니다,배송지,배송지 변경,내가 해낼게! 배송 주소 변경과 관련하여 어떤 구체적인 질문이 있는지 알려주시면 기꺼이 도와드리겠습니다.
BLM,내 주소를 업데이트하는 데 문제가 있습니다.,배송지,배송지 변경,"불편을 끼쳐드려 죄송합니다. 주소를 업데이트하려면 계정에 로그인하여 ""배송 주소"" 섹션으로 이동하십시오. 여기에서 필요한 사항을 변경하고 업데이트된 정보를 저장할 수 있습니다. 이 과정에서 어려움이 발생할 경우 주저하지 말고 고객 지원팀에 문의하여 추가 지원을 받으시기 바랍니다."
BL,배송 주소 수정에 대한 도움,배송지,배송지 변경,물론입니다! 배송지 주소 수정에 도움을 드리고자 왔습니다. 현재 주소와 변경하려는 새 주소를 알려주시면 절차를 안내해 드리겠습니다.
BL,내 주소를 업데이트하려고 합니다.,배송지,배송지 변경,"물론입니다! 고객님의 주소를 업데이트하는 데 도움을 드릴 수 있습니다. 주소를 변경하려면 당사 웹사이트에서 고객님의 계정에 로그인한 후 ""계정"" 또는 ""설정"" 섹션으로 이동하십시오. 배송 주소를 업데이트하는 옵션을 찾아 클릭하세요. 그러면 새 주소 정보를 입력하고 변경 사항을 저장할 수 있습니다. 문제가 발생하거나 추가 지원이 필요한 경우 언제든지 고객 지원팀에 문의하세요."
BCL,잘못된 주소를 제출했습니다. 수정하세요.,배송지,배송지 변경,"잘못된 주소 입력으로 인해 불편을 드려 죄송합니다. 주소 수정에 도움이 되도록 거리 이름, 도시, 주, 우편번호를 포함한 정확한 주소 세부정보를 제공해 주시기 바랍니다. 정확한 정보가 확보되면 주소를 업데이트해 드리겠습니다."
BKL,배송 주소 수정 중 문제 발생,배송지,배송지 변경,배송 주소 수정 문제로 인해 불편을 끼쳐드려 죄송합니다. 당사 고객 지원팀에 연락하시면 문제 해결에 기꺼이 도움을 드릴 것입니다.
BL,배송 주소 업데이트에 도움이 필요합니다,배송지,배송지 변경,"긍정적으로! 배송 주소를 업데이트하려면 다음 단계를 따르세요. 먼저 당사 웹사이트에서 고객님의 계정에 로그인하세요. 그런 다음 ""계정"" 섹션으로 이동하여 ""주소록""을 선택하세요. 여기에서 현재 배송 주소를 편집하거나 새 주소를 추가할 수 있습니다. 완료되면 변경 사항을 저장하십시오. 추가 도움이 필요하시면 언제든지 문의해 주세요."
BQZ,배송지 주소를 변경하는 데 도움이 필요해요,배송지,배송지 변경,바로 처리하겠습니다! 배송지 주소 변경과 관련해 도움을 드리고자 왔습니다. 현재 주소와 업데이트할 새 주소를 알려주시면 절차를 안내해 드리겠습니다.
BL,내 주소를 어떻게 업데이트할 수 있는지 모르겠습니다,배송지,배송지 변경,"문제 없습니다! 주소 업데이트 과정을 안내해 드리겠습니다. 먼저 당사 웹사이트에서 고객님의 계정에 로그인하세요. 그런 다음 '계정 설정' 또는 '프로필' 섹션으로 이동하세요. ""주소 업데이트"" 또는 이와 유사한 옵션을 찾으세요. 그것을 클릭하고 새 주소 세부 정보를 입력하십시오. 변경 사항을 저장하기 전에 실수가 없는지 다시 확인하세요. 어려움이 있는 경우 언제든지 고객 지원팀에 문의하여 추가 지원을 받으세요."
BILZ,배송 주소를 수정하는 방법은 무엇입니까?,배송지,배송지 변경,"기꺼이 도와드리겠습니다! 배송 주소 업데이트를 도와드릴 수 있습니다. 배송 주소를 수정하려면 다음 단계를 따르세요. 1. 당사 웹사이트에서 고객님의 계정에 로그인하십시오. 2. ""내 계정"" 또는 ""계정 설정"" 섹션으로 이동합니다. 3. ""배송 주소"" 또는 ""주소록"" 옵션을 찾으십시오. 4. 현재 배송 주소를 보거나 편집하려면 해당 주소를 클릭하세요. 5. 거리, 도시, 주, 우편번호 등 주소를 필요한 대로 변경합니다. 6. 업데이트를 완료한 후 변경 사항을 저장합니다. 7. 수정된 배송 주소가 올바른지 다시 확인하세요. 문제가 발생하거나 추가 지원이 필요한 경우 언제든지 고객 지원팀에 문의하세요."
BL,내 배송 주소 수정에 대해 알려줘,배송지,배송지 변경,내가 해낼게! 배송 주소를 수정하는 데 도움을 드릴 수 있습니다. 배송 주소를 변경하려면 당사 고객 서비스 팀에 문의해야 합니다. 그들은 고객님께 절차를 안내하고 고객님의 배송 주소가 올바르게 업데이트되었는지 확인할 수 있습니다. 전화나 이메일을 통해 고객 서비스 팀에 연락하여 주문 세부 정보를 알려주시기 바랍니다. 배송 주소를 수정하는 데 기꺼이 도움을 드릴 것입니다.
BLQ,주소 수정에 대해 알고 싶어요,배송지,배송지 변경,"물론이죠! 주소를 수정해야 하는 경우 계정 설정에 액세스하여 쉽게 수정할 수 있습니다. ""배송 주소"" 섹션으로 이동하여 필요에 따라 정보를 업데이트하시면 됩니다. 문제가 발생하거나 추가 지원이 필요한 경우 주저하지 말고 고객 지원팀에 문의하세요."
BIL,내 주소는 어디서 바꾸나요?,배송지,배송지 변경,주소를 변경하려면 다음 단계를 따르세요. 먼저 당사 웹사이트에서 고객님의 계정에 로그인하세요. 그런 다음 '내 계정' 섹션으로 이동하세요. 해당 섹션에는 주소를 업데이트하는 옵션이 있습니다. 그것을 클릭하면 필요한 변경을 할 수 있습니다. 문제가 발생하면 주저하지 말고 고객 지원팀에 연락하여 추가 지원을 받으세요.
BLZ,배달 주소를 편집하는 데 도움이 됩니다,배송지,배송지 변경,"물론이죠! 배송 주소를 수정하는 데 도움을 드릴 수 있습니다. 그렇게 하려면 고객님의 계정에 로그인하여 ""계정 설정"" 또는 ""배송 주소"" 섹션으로 이동하십시오. 여기에서 필요한 변경을 수행할 수 있어야 합니다. 문제가 발생하거나 추가 안내가 필요한 경우 언제든지 고객 지원팀에 문의하시면 기꺼이 도와드리겠습니다."
BILZ,내 배송 주소를 업데이트하는 방법은 무엇입니까?,배송지,배송지 변경,"배송 주소를 업데이트하려면 계정에 로그인하고 ""계정 설정"" 섹션으로 이동하세요. 여기에서 배송 주소를 편집할 수 있는 옵션이 표시됩니다. 그것을 클릭하시면 새로운 주소 정보를 입력하실 수 있습니다. 종료하기 전에 변경 사항을 저장했는지 확인하세요. 문제가 발생하거나 추가 질문이 있는 경우 언제든지 고객 서비스 팀에 문의하여 도움을 받으세요."
BCILQ,내 배송 주소가 변경되었습니다. 어떻게 수정하나요?,배송지,배송지 변경,"문제 없습니다! 배송지 주소 변경 후 수정하는 방법을 안내해드리겠습니다. 당사 웹사이트에서 고객님의 계정에 로그인하고 ""내 계정"" 섹션으로 이동하세요. 여기에서 배송 주소를 업데이트하는 옵션을 찾을 수 있습니다. 어려움이 있거나 추가 지원이 필요한 경우, 주저하지 말고 고객 서비스 팀에 연락하여 도움을 요청하세요."
BLQZ,주소 업데이트에 대해 알고 싶어요,배송지,배송지 변경,"물론이죠! 주소 업데이트에 도움이 필요한 경우 당사 고객 지원팀이 도움을 드릴 수 있습니다. 필요한 정보와 연락처를 찾으려면 당사 웹사이트를 방문하여 ""연락처"" 또는 ""고객 지원"" 페이지로 이동하십시오. 저희 팀에서 주소 업데이트 과정을 안내해 드리겠습니다."
BELQ,배송지 주소를 수정하려면 어떻게 해야 할지 모르겠어요,배송지,배송지 변경,전혀 문제 없습니다! 배송 주소를 수정하는 방법에 대해 확신이 없으신 것으로 알고 있습니다. 이를 지원하려면 다음 단계를 따르세요. 먼저 당사 웹사이트에서 고객님의 계정에 로그인하세요. 그런 다음 '내 계정' 섹션으로 이동하세요. 여기에서 배송 주소를 편집하거나 업데이트할 수 있는 옵션이 표시됩니다. 그것을 클릭하고 지정된 필드에 올바른 정보를 입력하십시오. 필요한 사항을 변경한 후 새 주소를 저장하세요. 어려움이 있거나 추가 질문이 있는 경우 언제든지 당사 고객 서비스 팀에 문의하여 추가 안내를 받으시기 바랍니다. 우리가 도와드리겠습니다!
BIL,배송 주소 변경에 대한 정보를 어떻게 찾을 수 있나요?,배송지,배송지 변경,"배송 주소를 변경하는 방법에 대한 정보를 찾고 계시다면 당사 웹사이트를 방문하여 ""배송 및 배송"" 섹션으로 이동하실 수 있습니다. 여기에서 주소를 변경하는 방법에 대한 자세한 지침을 확인할 수 있습니다. 추가 질문이 있거나 도움이 필요한 경우 ""연락처"" 페이지를 통해 언제든지 고객 지원팀에 문의해 주세요."
BELQZ,배송 주소를 변경하려면 어떻게 해야 할지 모르겠어요,배송지,배송지 변경,"배송 주소 변경에 대한 고객님의 우려를 이해합니다. 절차를 안내해 드리겠습니다. 배송 주소를 업데이트하려면 다음 단계를 따르세요. 1. 당사 웹사이트에서 고객님의 계정에 로그인하십시오. 2. ""내 계정"" 섹션으로 이동합니다. 3. ""배송 주소"" 또는 ""배송 주소"" 옵션을 찾으세요. 4. 해당 주소를 클릭하고 변경하려는 주소를 선택하세요. 5. 새 주소 세부정보를 입력하고 변경 사항을 저장합니다. 문제가 발생하거나 추가 질문이 있는 경우 주저하지 말고 고객 지원팀에 문의하세요. 그들은 기꺼이 고객님께 더 많은 도움을 드릴 것입니다."
BCL,내 주소가 변경되었습니다. 수정하는 데 도움이 필요합니다,배송지,배송지 변경,"저는 그것을하고있다! 배송 주소를 업데이트하는 데 도움을 드릴 수 있습니다. 거리 이름, 시, 주, 우편번호를 포함한 새 주소 세부정보를 알려주시기 바랍니다. 정보를 입수한 후에는 고객님을 위해 필요한 변경 작업을 수행해 드리겠습니다."
BL,주소를 업데이트하는 중에 오류가 발생했습니다.,배송지,배송지 변경,아 안돼! 주소를 업데이트하는 동안 오류가 발생했다는 소식을 듣고 안타깝게 생각합니다. 오류 메시지나 지금까지 수행한 단계에 대한 자세한 내용을 제공해 주시겠습니까? 이렇게 하면 문제를 더 잘 이해하고 적절한 솔루션을 제공하는 데 도움이 됩니다.
BL,내 주소 업데이트 지원,배송지,배송지 변경,최선을 다하겠습니다! 고객님의 주소를 업데이트하는 데 도와드리겠습니다. 현재 배송 주소와 변경하려는 새 주소를 알려주시면 절차를 안내해 드리겠습니다.
BILP,내 배송 주소를 수정하는 방법을 알려주시겠어요?,배송지,배송지 변경,"물론입니다! 배송 주소를 수정하는 과정은 간단합니다. 그렇게 하려면 다음 단계를 따르세요. 1. 당사 웹사이트에서 고객님의 계정에 로그인하십시오. 2. ""계정"" 또는 ""프로필"" 섹션으로 이동합니다. 3. ""배송 주소"" 또는 ""주소록"" 옵션을 찾으십시오. 4. 현재 배송 주소에 액세스하려면 해당 주소를 클릭하세요. 5. 거리 이름, 도시, 주 또는 우편번호 업데이트 등 주소를 필요한 대로 변경합니다. 6. 새 주소가 올바른지 확인하십시오. 7. 변경 사항을 저장합니다. 일부 웹사이트에서는 단계가 약간 다를 수 있지만 일반적인 절차는 유사합니다. 문제가 발생하거나 추가 지원이 필요한 경우 주저하지 말고 고객 지원팀에 문의하여 도움을 받으세요. 배송 주소를 수정하는 데 기꺼이 도움을 드릴 것입니다."
BLZ,주소 수정을 도와주세요,배송지,배송지 변경,긍정적으로! 고객님의 주소를 수정하는 데 도움을 드릴 수 있습니다. 배송 정보를 업데이트하려면 계정에 로그인하여 설정 또는 프로필 섹션으로 이동하세요. 여기에서 주소 세부정보를 편집할 수 있습니다. 어려움이 있거나 추가 질문이 있는 경우 언제든지 당사 고객 지원팀에 문의하여 더욱 맞춤화된 지원을 받으세요.
BELZ,주소를 편집할 수 없습니다,배송지,배송지 변경,주소 수정으로 인해 불편을 드려 죄송합니다. 저희 팀이 고객님을 돕기 위해 왔습니다. 업데이트된 주소 세부정보를 제공해 주시면 필요한 사항을 변경해 드리겠습니다.
BLQ,주소를 수정하려면 지원이 필요해요,배송지,배송지 변경,물론이죠! 배송 주소 수정에 대해 기꺼이 도와드리겠습니다. 변경하려는 세부정보를 제공해 주시면 절차를 단계별로 안내해 드리겠습니다.
BLQ,실수로 주소를 잘못 입력했어요,배송지,배송지 변경,문제없습니다. 제가 도와드릴 수 있습니다. 주소를 수정하려면 계정 설정으로 이동하여 배송 주소 업데이트 옵션을 선택하세요. 또는 당사 고객 서비스 팀에 연락하여 정확한 주소를 제공할 수 있습니다. 필요한 변경을 수행하는 데 도움을 줄 것입니다.
BLM,내 배송 주소 수정에 대한 지원을 원합니다.,배송지,배송지 변경,불편을 끼쳐드려 죄송합니다. 배송 주소를 수정하는 데 도움을 드리고자 왔습니다. 잘못된 주소와 올바른 주소를 알려주시면 필요한 변경을 할 수 있도록 도와드리겠습니다.
BL,내 주소 업데이트 도와줘,배송지,배송지 변경,"확실히! 주소를 업데이트하려면 다음 단계를 따르세요. 1. 당사 웹사이트에서 고객님의 계정에 로그인하십시오. 2. '계정 설정' 또는 '내 프로필' 섹션으로 이동하세요. 3. 주소나 연락처 정보를 업데이트하는 옵션을 찾으세요. 4. 해당 옵션을 클릭하고 새 주소 세부정보를 입력하세요. 5. 정보가 정확한지 다시 확인하고 ""저장"" 또는 ""업데이트""를 클릭하여 변경 사항을 확인하세요. 6. 이제 고객님의 주소가 당사 시스템에서 업데이트되어야 합니다. 문제가 발생하거나 추가 질문이 있는 경우 주저하지 말고 고객 지원팀에 문의하여 도움을 받으세요. 우리가 도와드리겠습니다!"
BLQZ,내 배송 주소 수정에 대한 지원을 원합니다,배송지,배송지 변경,기꺼이 도와드리겠습니다! 배송지 주소 수정에 도움을 드리고자 왔습니다. 시작하려면 다음 단계를 따르세요...
BLQZ,주소를 수정하는 데 도움이 필요하세요,배송지,배송지 변경,고객님의 주소를 수정하는 데 도움을 드리고자 합니다. 주문 번호와 업데이트된 주소 정보를 제공해 주시면 필요한 변경을 도와드리겠습니다.
BEL,배송지 변경 방법을 모르겠습니다,배송지,배송지 변경,전혀 문제 없습니다! 배송지 변경을 도와드릴 수 있습니다. 주소를 변경하려면 [고객 지원 연락처 정보]를 통해 고객 지원팀에 문의하세요. 절차를 안내하고 배송 주소를 업데이트하는 데 도움을 드립니다. 추가 도움이 필요하면 알려주세요!
BILQ,배송 주소는 어디서 수정할 수 있나요?,배송지,배송지 변경,"문제 없습니다! 배송 주소를 수정하려면 당사 웹사이트에서 고객님의 계정에 로그인하고 ""내 계정"" 섹션으로 이동하십시오. 여기에서 배송 주소를 업데이트할 수 있는 옵션을 찾을 수 있습니다. 어려움이 있는 경우 언제든지 고객 지원팀에 문의하여 추가 지원을 받으세요."
BL,주소 수정을 위한 지원,배송지,배송지 변경,주소 수정 문제로 인해 불편을 끼쳐드려 죄송합니다. 저는 확실히 고객님을 도울 수 있습니다. 현재 주소와 원하는 주소를 알려주시겠어요?
BLQZ,지원팀에서 내 주소를 업데이트하려고 합니다,배송지,배송지 변경,물론이죠! 고객님의 주소를 업데이트하는 데 도와드리겠습니다. 그렇게 하려면 당사 웹사이트에서 고객님의 계정에 로그인하여 설정 섹션으로 이동하거나 당사 고객 지원팀에 문의하여 추가 안내를 받으시면 됩니다. 이 과정에서 특별히 도움이 필요한 사항이 있으면 알려주시기 바랍니다.
BCIL,배송 주소가 변경되었습니다. 수정하는 데 도움을 주실 수 있나요?,배송지,배송지 변경,기꺼이 도와드리겠습니다! 새 배송 주소를 수정하는 데 도움을 드릴 수 있습니다. 업데이트된 정보를 제공해 주시면 그에 따라 변경되도록 하겠습니다.
BLQZ,배송 주소 수정하는 데 도움 좀 주세요,배송지,배송지 변경,최선을 다하겠습니다! 배송 주소 수정을 도와드릴 수 있습니다. 사용하고 싶은 새 주소의 세부정보를 알려주시면 절차를 안내해 드리겠습니다.
BEL,주소를 어떻게 업데이트할 수 있는지 모르겠습니다.,배송지,배송지 변경,문제 없습니다! 저는 고객님을 돕기 위해 여기 있습니다. 주소를 업데이트하려면 다음 단계를 따르세요. 1. 당사 웹사이트에서 고객님의 계정에 로그인하십시오. 2. 계정 설정이나 프로필 페이지로 이동하세요. 3. 주소나 배송 정보를 편집할 수 있는 옵션을 찾으세요. 4. 해당 옵션을 클릭하고 새 주소 세부정보를 입력하세요. 5. 종료하기 전에 변경 사항을 반드시 저장하세요. 6. 문제가 발생하면 주저하지 말고 고객 지원팀에 문의하여 추가 지원을 받으세요. 이것이 도움이 되기를 바랍니다! 추가로 도움이 필요하시면 알려주세요.
BL,내 주소 수정에 대한 지원을 원합니다,배송지,배송지 변경,물론입니다! 고객님의 주소를 수정하는 데 도움을 드릴 수 있습니다. 고객님의 현재 주소와 변경하려는 업데이트된 주소를 알려주시면 필요한 수정을 할 수 있도록 도와드리겠습니다.
BIL,주소는 어떻게 수정하나요?,배송지,배송지 변경,"저는 그것을하고있다! 주소를 수정하는 방법을 안내해 드릴 수 있습니다. 그렇게 하려면 다음 단계를 따라 주세요. 1. 당사 웹사이트에서 고객님의 계정에 로그인하십시오. 2. ""내 계정"" 섹션으로 이동합니다. 3. ""주소록"" 또는 ""배송 주소"" 옵션을 찾으십시오. 4. 현재 주소를 확인하고 편집하려면 해당 주소를 클릭하세요. 5. 주소 세부정보를 필요한 대로 변경하세요. 6. ""저장"" 또는 ""업데이트"" 버튼을 클릭하여 업데이트된 주소를 저장합니다. 어려움이 있거나 추가 지원이 필요한 경우, 주저하지 말고 저희에게 연락해 주세요. 우리가 도와드리겠습니다!"
BILQZ,배송 주소 수정에 대해 알려주실 수 있나요?,배송지,배송지 변경,내가 처리할게! 배송 주소를 수정해야 하는 경우 계정 설정에 액세스하고 배송 정보 업데이트 옵션을 선택하여 쉽게 수정할 수 있습니다. 이를 통해 새 주소를 입력하거나 현재 주소를 필요한 대로 변경할 수 있습니다. 상품이 올바른 위치로 배송될 수 있도록 구매를 완료하기 전에 변경 사항을 저장하는 것을 잊지 마세요. 어려움이 있거나 추가 지원이 필요한 경우 주저하지 말고 고객 지원팀에 문의하세요.
BL,배송지 변경에 대한 정보가 필요합니다,배송지,배송지 변경,물론입니다! 배송 주소 변경과 관련하여 필요한 모든 정보를 제공해 드릴 수 있습니다. 어떤 구체적인 세부정보나 지침이 필요한지 알려주시면 기꺼이 도와드리겠습니다.
BIL,내 주소를 수정하는 것을 도와주실 수 있나요?,배송지,배송지 변경,"물론, 고객님의 주소를 수정하는 데 기꺼이 도움을 드리겠습니다. 올바른 정보를 확보할 수 있도록 주문 번호와 수정해야 할 잘못된 주소를 알려주시겠습니까?"
BIL,배송 주소 변경에 대한 정보는 어디서 얻을 수 있나요?,배송지,배송지 변경,"당사 웹사이트를 방문하고 ""도움말"" 또는 ""FAQ"" 섹션으로 이동하여 배송 주소 변경에 대한 정보를 확인할 수 있습니다. 또는 당사 고객 지원팀에 직접 문의하여 배송 주소 변경에 대한 도움을 받으실 수 있습니다."
BILQ,내 배송 주소를 어떻게 수정하나요?,배송지,배송지 변경,"물론입니다! 배송지 주소 수정에 도움을 드리고 있습니다. 배송 주소를 업데이트하려면 계정 설정으로 이동하여 ""주소 편집"" 옵션을 클릭하세요. 여기에서 배송 주소를 필요한 대로 변경할 수 있습니다. 문제가 발생하거나 추가 안내가 필요한 경우 언제든지 고객 지원팀에 문의하여 도움을 받으세요."
BL,주소 수정에 도움이 필요합니다,배송지,배송지 변경,확실히! 주소 수정에 도움을 드리고자 왔습니다. 변경하려는 세부정보를 알려주시면 절차를 단계별로 안내해 드리겠습니다.
BL,내 배송 주소 편집에 대한 정보,배송지,배송지 변경,"물론이죠! 배송 주소 수정에 대한 정보가 필요한 경우 당사 웹사이트의 ""내 계정"" 섹션으로 이동하세요. 여기에서 배송 주소를 업데이트하는 옵션을 찾을 수 있습니다. 문제가 발생하거나 추가 지원이 필요한 경우 언제든지 고객 지원팀에 문의하세요. 고객님께 필요할 수 있는 주소 업데이트에 대해 기꺼이 도움을 드릴 것입니다."
BCIL,실수로 잘못된 주소를 제출했는데 수정해주실 수 있나요?,배송지,배송지 변경,잘못된 주소 입력으로 인해 불편을 드려 죄송합니다. 편집하려면 가능한 한 빨리 정확한 세부정보를 가지고 고객 서비스 팀에 문의하세요. 배송이 원활하게 진행되도록 필요한 변경을 수행하는 데 도움을 드릴 것입니다.
BILP,내 배송 주소 업데이트에 대해 알려주실 수 있나요?,배송지,배송지 변경,물론입니다! 배송 주소를 업데이트해야 하는 경우 다음 단계에 따라 쉽게 업데이트할 수 있습니다. 1. 당사 웹사이트를 방문하여 고객님의 계정에 로그인하십시오. 2. 계정 설정 또는 개인정보 섹션으로 이동하세요. 3. 주소나 배송 정보를 업데이트하는 옵션을 찾으세요. 4. 새 주소 세부정보를 입력하고 변경 사항을 저장합니다. 5. 계속하기 전에 업데이트된 주소가 올바른지 다시 확인하세요. 다음 단계를 따르면 번거로움 없이 배송 주소를 업데이트할 수 있습니다. 문제가 발생하거나 추가 질문이 있는 경우 언제든지 고객 지원팀에 문의하세요. 저희는 고객님을 돕기 위해 여기 있습니다!
BLZ,배송지 주소를 변경해야겠어요,배송지,배송지 변경,기꺼이 도와드리겠습니다! 배송 주소 업데이트를 도와드릴 수 있습니다. 현재 주소와 변경하려는 새 주소를 알려주세요.
BLM,내 배송 주소를 수정하는 중에 문제가 발생했습니다,배송지,배송지 변경,배송 주소 수정 문제로 불편을 끼쳐드려 죄송합니다. 추가 지원을 드릴 수 있도록 문제에 대한 세부정보를 제공해 주시기 바랍니다.
BCLPW,빌어먹을 배송 주소를 수정하고 싶은데 도와주세요,배송지,배송지 변경,물론이죠! 배송 주소를 수정하는 데 도와드리겠습니다. 정확한 주소를 알려주시면 배송에 맞게 업데이트되도록 하겠습니다.
BIPQZ,내 배송 주소 변경에 대해 알려줄 수 있나요?,배송지,배송지 변경,"내가 해낼게! 배송 주소를 변경해야 하는 경우 계정에 로그인하고 ""내 계정"" 또는 ""설정"" 섹션으로 이동하여 쉽게 변경할 수 있습니다. 여기에서 배송 주소를 편집할 수 있는 옵션을 찾을 수 있습니다. 변경사항을 저장하기 전에 새 주소를 정확하게 입력하고 모든 세부정보를 다시 확인하세요. 문제가 발생하거나 특정 우려 사항이 있는 경우 언제든지 고객 지원팀에 문의하여 추가 지원을 받으세요."
BILQ,내 배송 주소는 어떻게 편집할 수 있어?,배송지,배송지 변경,배송 주소를 수정해야 하는 경우 계정에 로그인하고 설정 또는 프로필 섹션으로 이동하여 수정할 수 있습니다. 주소나 배송 정보를 관리할 수 있는 옵션을 찾아보세요. 여기에서 배송 주소를 필요한 대로 변경할 수 있습니다. 문제가 발생하면 언제든지 고객 지원팀에 문의하여 도움을 받으세요.
BLM,주소 변경 시도를 지원합니다,배송지,배송지 변경,물론이죠! 때때로 주소를 변경해야 할 수도 있다는 것을 이해합니다. 당사 고객 서비스 팀이 해당 업데이트를 도와드립니다.
BL,주소 수정에 관한 정보 알려 줘,배송지,배송지 변경,"물론이죠! 주소 수정에 대한 정보가 필요한 경우 당사 웹사이트에서 계정에 로그인하고 ""계정 설정"" 또는 ""프로필"" 섹션으로 이동하여 쉽게 수행할 수 있습니다. 여기에서 주소 세부정보를 업데이트할 수 있습니다. 문제가 발생하거나 추가 지원이 필요한 경우 고객 서비스 팀이 기꺼이 도와드리겠습니다."
BLMZ,내 배송 주소 변경을 지원하고 싶습니다.,배송지,배송지 변경,배송 주소를 변경하는 데 도움이 필요하다는 점을 이해합니다. 업데이트를 진행하려면 현재 주소와 변경하려는 새 주소를 알려주세요. 당사의 고객 서비스 팀은 고객님께 추가 지원을 제공하고 고객님의 배송 주소가 정확하게 업데이트되도록 할 것입니다.
BKL,주소를 수정하는 중 오류가 발생했습니다.,배송지,배송지 변경,주소 수정 오류로 인해 불편을 드려 죄송합니다. 정확한 주소를 알려주시면 업데이트해 드리겠습니다.
BLZ,내 배송 주소를 수정하는 중에 문제가 발생했습니다.,배송지,배송지 변경,"배송 주소를 수정하는 중에 어려움을 겪고 계신 것으로 알고 있습니다. 이 문제를 해결하려면 다음 단계를 따라 주세요. 1. 당사 웹사이트에서 고객님의 계정에 로그인하십시오. 2. ""내 계정"" 또는 ""프로필"" 섹션으로 이동합니다. 3. ""배송 주소"" 또는 ""배송 주소"" 옵션을 찾아 클릭하세요. 4. 새 배송 주소에 대한 올바른 정보로 필수 필드를 업데이트하세요. 5. 세부정보가 정확한지 다시 확인하세요. 6. 변경 사항을 저장합니다. 계속해서 문제가 발생하거나 추가 질문이 있는 경우 주저하지 말고 고객 지원팀에 문의하세요. 저희는 모든 단계에서 고객님을 돕기 위해 여기 있습니다."
BL,주소 수정에 대한 지원을 받고 싶습니다.,배송지,배송지 변경,확실히! 고객님의 주소를 수정하는 데 도와드리겠습니다. 그렇게 하려면 계정 설정으로 이동하여 배송 주소 섹션으로 이동하면 됩니다. 여기에서 필요에 따라 주소 세부정보를 업데이트할 수 있습니다. 어려움이 있는 경우 언제든지 고객 지원팀에 문의하여 추가 지원을 받으세요.
BLZ,배송 주소 변경 도와줘,배송지,배송지 변경,"저는 그것을하고있다! 배송 주소를 변경하려면 다음 단계를 따르세요. 1. 당사 웹사이트에서 고객님의 계정에 로그인하십시오. 2. ""내 계정"" 섹션으로 이동합니다. 3. ""배송 주소"" 탭을 선택하세요. 4. 현재 주소 옆에 있는 ""수정"" 버튼을 클릭하세요. 5. 새로운 배송주소를 입력하세요. 6. ""주소 업데이트"" 버튼을 클릭하여 변경 사항을 저장합니다. 문제가 발생하면 주저하지 말고 고객 지원팀에 연락하여 추가 지원을 받으세요."
BCIL,배송지 주소를 업데이트하고 싶은데 어떻게 해야 하나요?,배송지,배송지 변경,물론입니다! 배송 주소를 업데이트하는 것은 쉽습니다. 먼저 당사 웹사이트에서 고객님의 계정에 로그인하세요. 그런 다음 '내 계정' 또는 '설정' 섹션으로 이동하세요. 주소 정보를 편집하는 옵션을 찾으세요. 그것을 클릭하고 업데이트된 주소 세부정보를 입력하세요. 정보가 정확한지 다시 한번 확인하세요. 마지막으로 변경 사항을 저장하면 배송 주소가 업데이트됩니다. 어려움이 있는 경우 언제든지 고객 지원팀에 문의하여 추가 지원을 받으세요.
BIL,주소 업데이트에 대해 더 자세히 알려주실 수 있나요?,배송지,배송지 변경,"물론이죠! 배송이나 청구 목적 등 주소를 업데이트할 때 몇 가지 옵션이 있습니다. 배송 주소를 변경해야 하는 경우 계정에 로그인하고 ""내 계정"" 페이지로 이동하여 변경할 수 있습니다. 여기에서 주소 정보를 업데이트하는 옵션을 찾을 수 있습니다. 온라인으로 업데이트할 수 없는 경우 당사 고객 서비스 팀에 문의하시면 주소를 수동으로 업데이트하는 데 도움을 드릴 것입니다."
BKL,정확한 배송 주소,배송지,배송지 변경,물론입니다! 배송 주소를 수정하는 데 도움을 드릴 수 있습니다. 업데이트된 주소 세부정보를 알려주시면 필요한 사항을 변경해 드리겠습니다.
BL,배송 주소 변경에 대해 자세히 알려주세요,배송지,배송지 변경,내가 처리할게! 배송 주소를 변경해야 하는 경우 당사 고객 서비스 팀에 문의하시면 됩니다. 주문 시 주소를 업데이트하는 데 도움을 드릴 것입니다. 패키지가 성공적으로 배송되도록 하려면 정확하고 업데이트된 정보를 제공하는 것이 중요합니다. 주소 변경 절차와 관련하여 추가 질문이나 우려 사항이 있는 경우 주저하지 말고 문의해 주세요. 우리가 도와드리겠습니다!
BELQZ,내 배송 주소를 편집하기 위해 무엇을 해야 할지 모르겠어요,배송지,배송지 변경,"걱정 마세요! 배송 주소를 수정하려면 당사 웹사이트에 로그인하여 프로필 설정에서 업데이트하거나, 당사 고객 서비스 팀에 연락하여 필요한 변경 작업을 도와드릴 수 있습니다."
BLMQ,내 주소를 수정하려면 지원이 필요해요,배송지,배송지 변경,"주소 수정 문제로 인해 불편을 끼쳐드려 죄송합니다. 기꺼이 도와드리겠습니다. 이전 주소, 새 주소 등 수정하고 싶은 세부정보를 알려주시겠어요?"
BL,배송 주소 업데이트에 대한 지원을 원합니다.,배송지,배송지 변경,내가 해낼게! 배송 주소를 업데이트하는 데 도움을 드리고자 왔습니다. 현재 주소와 변경하려는 새 주소를 알려주세요.
BE,배송지 변경이 안되네요,배송지,배송지 변경,배송지 변경 문제로 불편을 끼쳐드려 죄송합니다. 추가 지원을 드릴 수 있도록 문제에 대한 자세한 내용을 제공해 주시겠습니까?
BLM,주소를 수정하려면 지원이 필요합니다.,배송지,배송지 변경,물론이죠! 고객님의 주소 수정을 도와드리기 위해 왔습니다. 현재 배송 주소와 변경하려는 정확한 주소를 알려주시겠습니까?
BILQZ,주소는 어떻게 편집할 수 있어?,배송지,배송지 변경,기꺼이 도와드리겠습니다! 주소를 수정해야 하는 경우 당사 웹사이트에서 계정에 로그인하면 쉽게 수정할 수 있습니다. 여기에서 계정 설정 섹션으로 이동하여 주소 업데이트 옵션을 선택하세요. 로그아웃하기 전에 변경 사항을 저장하십시오. 문제가 발생하거나 추가 질문이 있는 경우 언제든지 고객 지원팀에 문의하여 도움을 받으세요.
BL,주소 수정에 대한 지원이 필요합니다.,배송지,배송지 변경,주소 수정 오류로 인해 불편을 드려 죄송합니다. 고객님의 주소를 수정하는 데 도움을 드릴 수 있도록 정확한 주소 세부정보를 알려주시면 해당 주소가 시스템에 업데이트되도록 하겠습니다.
BILQ,배송 주소 변경에 대한 정보는 어디서 찾을 수 있나요?,배송지,배송지 변경,"배송 주소 변경에 대한 정보를 찾으려면 당사 웹사이트를 방문하여 ""도움말"" 또는 ""지원"" 섹션으로 이동하십시오. 또는 전화나 이메일을 통해 당사 고객 서비스 팀에 연락하시면 배송 주소 변경 과정과 관련하여 필요한 정보를 제공해 드릴 수 있습니다."
BCILP,주소가 바뀌었는데 업데이트할 수 있을까요?,배송지,배송지 변경,물론이죠! 주소가 변경된 경우 업데이트를 도와드릴 수 있습니다. 새 주소를 제공해 주시면 시스템에서 업데이트해 드리겠습니다.
BLZ,주소를 변경하는 중에 오류가 발생했습니다.,배송지,배송지 변경,불편을 끼쳐드려 죄송합니다. 이 문제를 알려주셔서 감사합니다. 더 나은 지원을 위해 주소를 변경하는 동안 발생한 오류에 대한 자세한 내용을 제공해 주시겠습니까? 저희 팀에서 최대한 빨리 문제를 조사하고 해결하도록 도와드리겠습니다.
BLW,블러디 주소 수정 지원,배송지,배송지 변경,주소를 수정하는 동안 불편을 끼쳐드려 죄송합니다. 저희 팀이 즉시 도움을 드릴 수 있도록 문제에 대한 구체적인 세부 정보를 제공해 주시기 바랍니다.
BCILPQWZ,망할 아가씨를 바로잡고 싶은데 도움을 좀 받을 수 있을까요?,배송지,배송지 변경,물론이죠! 주소 수정에 도움이 필요한 경우 고객 서비스 팀에 문의하세요. 배송 주소 관련 문제를 해결하는 데 기꺼이 도움을 드릴 것입니다.
BELZ,주소를 변경할 수 없습니다,배송지,배송지 변경,불편을 끼쳐드려 죄송합니다. 주소를 직접 변경할 수 없는 경우 고객지원팀에 문의하시기 바랍니다. 배송 주소를 업데이트하는 데 도움을 드릴 수 있습니다.
BILQ,내 배송 주소를 수정할 수 있나요?,배송지,배송지 변경,물론이죠! 배송 주소를 수정하는 데 확실히 도움을 드릴 수 있습니다. 업데이트된 주소 세부정보를 제공해 주시면 필요한 사항을 변경해 드리겠습니다.
BIL,배송 주소 변경에 대해 알려주실 수 있나요?,배송지,배송지 변경,배송 주소 변경은 저희가 도와드릴 수 있는 간단한 절차입니다. 주소를 업데이트해야 하는 경우 고객 지원팀에 문의하세요. 고객님의 새 주소가 당사 시스템에 업데이트되었는지 확인하는 데 필요한 단계를 안내해 드립니다.
BCILQ,배송지 주소를 수정해야 하는데 어떻게 하나요?,배송지,배송지 변경,"걱정 마세요! 배송 주소를 수정하려면 다음의 간단한 단계를 따르세요. 1. 당사 웹사이트에서 고객님의 계정에 로그인하십시오. 2. 계정 설정이나 프로필 페이지로 이동하세요. 3. ""배송 주소"" 섹션을 찾으십시오. 4. 현재 주소 옆에 있는 ""수정"" 또는 ""수정"" 버튼을 클릭하십시오. 5. 제공된 필드에 새 배송 주소를 입력합니다. 6. 변경 사항을 검토하고 ""저장"" 또는 ""업데이트"" 버튼을 클릭하십시오. 7. 업데이트를 완료하기 전, 수정된 배송지 주소를 다시 한번 확인해 주세요. 어려움이 있거나 추가 지원이 필요한 경우 언제든지 고객 지원팀에 문의하세요. 그들은 주소 수정 과정을 기꺼이 도와드릴 것입니다."
BL,배송 주소를 수정하려면 어떻게 해야 하는지 모르겠습니다.,배송지,배송지 변경,문제 없습니다! 배송 주소를 수정하려면 당사 웹사이트에 로그인하여 프로필 설정에서 업데이트하거나 당사 고객 서비스 팀에 문의하여 필요한 변경을 도와드릴 수 있습니다.
BLQ,주소 변경에 대한 지원을 받고 싶습니다,배송지,배송지 변경,확실히! 주소 변경과 관련해 도움을 드리려고 왔습니다. 문제에 대한 자세한 내용이나 궁금한 점이 있으면 알려주시겠어요?
BL,주소 업데이트 알려줘,배송지,배송지 변경,"물론이죠! 주소를 업데이트해야 하는 경우 계정에 로그인하고 ""내 계정"" 섹션에 액세스하면 쉽게 업데이트할 수 있습니다. 여기에서 배송 주소를 편집할 수 있는 옵션을 찾을 수 있습니다. 문제가 발생하거나 추가 지원이 필요한 경우 언제든지 고객 지원팀에 문의하세요. 해당 절차를 기꺼이 도와드릴 것입니다."
BCLW,배송주소를 잘못 입력했어요 정정해주세요,배송지,배송지 변경,"잘못된 배송지 주소로 인해 불편을 드려 죄송합니다. 문제를 해결하는 데 도움이 되도록 거리, 도시, 주, 우편번호를 포함한 정확한 주소 세부정보를 제공해 주시기 바랍니다. 정확한 정보가 확보되면 즉시 배송 주소를 업데이트하고 패키지가 올바른 위치로 배송되도록 하겠습니다. 이해와 협조에 감사드립니다."
BLW,내 빌어먹을 배송지 주소 수정하는 것 좀 도와줘,배송지,배송지 변경,배송 주소를 수정하는 동안 불편을 끼쳐드려 죄송합니다. 정확한 주소 정보를 제공해 주시면 신속하게 업데이트하도록 도와드리겠습니다.
BCILP,내 주소가 변경되었습니다. 어떻게 변경할 수 있나요?,배송지,배송지 변경,고객님의 주소가 변경되었다는 소식을 듣고 안타깝습니다. 배송 주소를 업데이트하려면 다음 단계를 따르세요. 1. 당사 웹사이트에서 고객님의 계정에 로그인하십시오. 2. 계정 설정이나 프로필 페이지로 이동하세요. 3. 배송 주소를 편집할 수 있는 옵션을 찾으세요. 4. 현재 주소 옆에 있는 수정 버튼을 클릭하세요. 5. 새 주소 정보를 정확하게 입력하세요. 6. 변경 사항을 저장합니다. 어려움이 있거나 추가 지원이 필요한 경우 주저하지 말고 고객 지원팀에 문의하세요. 주소 업데이트 절차를 기꺼이 도와드릴 것입니다.
BLZ,배송지 주소가 바뀌었어요,배송지,배송지 변경,배송주소가 변경되었음을 알려주셔서 감사합니다. 그에 따라 기록을 업데이트하겠습니다. 추가 질문이나 문의 사항이 있으면 언제든지 문의해 주세요.
BLMW,빌어먹을 주소를 수정하는 데 문제가 생겼어요,배송지,배송지 변경,배송 주소를 수정하는 동안 불편을 끼쳐드려 죄송합니다. 발생한 특정 문제에 대해 더 자세한 내용을 알려주실 수 있나요? 이를 통해 고객님께 더 나은 지원을 제공하고 문제 해결을 위한 해결책을 찾는 데 도움이 될 것입니다.
BQZ,배송 주소를 변경하려고 합니다,배송지,배송지 변경,배송지 주소를 변경하려고 하신 것으로 알고 있습니다. 정확한 주소를 제공해 주시면 주문 시 주소를 업데이트하는 데 도움을 드리겠습니다.
BL,배송지 변경에 대해 자세히 알고 싶습니다.,배송지,배송지 변경,확실히! 배송지 변경은 상품이 배송될 주소를 수정하는 것을 의미합니다. 이는 이사를 하였거나 제공된 원래 주소로 실수를 한 경우 필요할 수 있습니다. 배송 주소를 변경하려면 일반적으로 당사 웹사이트의 계정을 통해 변경하거나 당사 고객 서비스 팀에 문의하면 됩니다. 배송 주소를 변경하면 예상 배송 날짜에 영향을 줄 수 있다는 점에 유의하세요. 배송 주소 변경에 대해 구체적인 질문이나 문의 사항이 있는 경우 알려주시면 추가 지원을 해드리겠습니다.
BL,배송 주소 편집에 대한 정보 찾기,배송지,배송지 변경,"긍정적으로! 배송 주소를 수정하는 데 필요한 정보를 제공할 수 있습니다. 배송 주소를 변경하려면 계정에 로그인하여 ""내 계정"" 섹션으로 이동하세요. 여기에서 ""배송 주소"" 또는 ""배송 주소"" 탭에서 주소를 업데이트할 수 있습니다. 문제가 발생하거나 추가 지원이 필요한 경우 주저하지 말고 고객 지원팀에 문의하세요."
BCL,배송지 주소를 잘못 입력했습니다. 수정하는 데 도움이 필요합니다.,배송지,배송지 변경,잘못된 배송지 입력으로 인해 불편을 드려 죄송합니다. 기꺼이 수정을 도와드리겠습니다. 정확한 배송 주소를 알려주시면 즉시 업데이트해 드리겠습니다.
BKL,배송 주소 업데이트,배송지,배송지 변경,물론입니다! 배송 주소를 업데이트하려면 정확한 주소 정보를 제공해 주시면 해당 정보가 당사 시스템에 업데이트되도록 하겠습니다.
BIL,주소 변경에 관한 정보는 어디서 찾을 수 있나요?,배송지,배송지 변경,저는 그것을하고있다! 주소 변경에 대한 정보가 필요한 경우 당사 웹사이트의 FAQ 섹션을 방문하거나 고객 지원팀에 문의하세요. 주소 변경이나 업데이트가 필요한 경우 기꺼이 도와드릴 것입니다.
BILQ,주소 변경에 대해 더 자세히 알려줄 수 있나요?,배송지,배송지 변경,내가 처리할게! 주소 변경에 도움이 필요한 경우 당사 고객 지원팀이 배송 정보 업데이트를 도와드릴 수 있습니다. 배송 주소를 수정하는 방법에 대한 단계별 지침은 당사 웹사이트의 FAQ 섹션에서도 찾아보실 수 있습니다. 추가 지원이 필요하면 주저하지 말고 문의해 주세요!
BLMQ,주소를 수정하려는 지원을 원합니다,배송지,배송지 변경,"우리가 도와드리겠습니다! 주소를 수정하려는 경우 주문 번호, 올바른 주소 정보 등 필요한 세부정보를 제공해 주시기 바랍니다. 당사 고객 서비스 팀이 고객님의 배송 주소 업데이트를 도와드릴 것입니다."
BL,주소를 업데이트하는 동안 오류가 발생했습니다,배송지,배송지 변경,주소를 업데이트하는 동안 문제가 발생했다는 소식을 듣고 안타깝게 생각합니다. 추가 지원을 드릴 수 있도록 오류에 대한 자세한 내용을 제공해 주시기 바랍니다.
BLMQ,내 배송 주소를 수정하는 데 지원이 필요합니다.,배송지,배송지 변경,확실히! 배송 주소를 수정하려고 하시는 것으로 알고 있습니다. 이를 지원하려면 다음 단계를 따르세요.
BLW,빌어먹을 배송 주소를 수정하는 데 도움이 필요해요,배송지,배송지 변경,"배송지 변경으로 인해 불편을 드려 죄송합니다. 우리 고객 지원팀이 고객님을 도와드릴 것입니다. 주문 번호, 업데이트하려는 정확한 주소 등 필요한 세부 정보를 제공해 주시면 필요한 사항을 변경해 드리겠습니다."
BCIL,배송지 주소를 잘못 선택했는데 어떻게 수정하나요?,배송지,배송지 변경,문제 없습니다! 잘못된 배송 주소를 선택한 경우 당사 웹사이트에 로그인하여 쉽게 수정할 수 있습니다. 거기에서 배송 주소 섹션으로 이동하여 올바른 정보로 업데이트하세요. 문제가 발생하거나 추가 지원이 필요한 경우 언제든지 당사 고객 서비스 팀에 연락하시면 필요한 수정을 할 수 있도록 기꺼이 도와드리겠습니다.
BLMQWZ,빌어먹을 주소 업데이트 지원이 필요해,배송지,배송지 변경,주소를 업데이트하는 동안 불편을 끼쳐드려 죄송합니다. 저는 고객님을 돕기 위해 여기 있습니다. 현재 배송 주소와 업데이트하려는 새 주소를 알려주시면 필요한 변경을 수행하도록 도와드리겠습니다.
BILQ,배송 주소 업데이트하려면 어떻게 해야 해?,배송지,배송지 변경,"과연! 배송 주소 업데이트를 도와드릴 수 있습니다. 배송 주소를 수정하려면 다음 단계를 따르세요. 1. 당사 웹사이트에서 고객님의 계정에 로그인하십시오. 2. ""내 계정"" 또는 ""계정 설정"" 섹션으로 이동합니다. 3. ""배송 주소"" 또는 ""배송 주소"" 옵션을 찾으세요. 4. 현재 배송 주소를 편집하려면 해당 버튼을 클릭하세요. 5. 새 주소 정보를 정확하게 입력하세요. 6. 변경 사항을 저장합니다. 여전히 문제가 있는 경우 고객님의 계정 정보를 알려주시면 기꺼이 도와드리겠습니다."
BIL,배송지 변경이 가능한가요?,배송지,배송지 변경,저는 그것을하고있다! 배송 주소 업데이트에 도움을 드리고 있습니다. 새 주소를 알려주시면 업데이트해 드리겠습니다.
BI,배송지 주소는 어디서 변경하나요?,배송지,배송지 변경,"배송 주소를 업데이트하려면 계정에 로그인하여 ""배송 주소"" 섹션으로 이동하세요. 여기에서 주문이 올바른 위치로 배송되도록 필요한 사항을 변경할 수 있습니다. 어려움이 있는 경우 언제든지 고객 지원팀에 문의하여 추가 지원을 받으시기 바랍니다."
BCILP,실수로 주소를 잘못 입력했는데 업데이트할 수 있나요?,배송지,배송지 변경,실수로 잘못된 주소를 입력하신 것으로 확인되어 업데이트하고 싶습니다. 걱정하지 마세요. 기꺼이 도와드리겠습니다. 정확한 주소를 알려주시면 즉시 업데이트해 드리겠습니다.
BLQZ,내 주소를 수정하는 데 어려움을 겪고 있어요,배송지,배송지 변경,불편을 끼쳐드려 죄송합니다. 주소 수정에 도움을 드릴 수 있도록 고객님의 계정 정보와 고객님이 직면한 특정 문제를 제공해 주시기 바랍니다. 저희 팀이 즉시 문제를 해결하도록 도와드리겠습니다.
BEL,배송지 수정 어떻게 해야할지 모르겠어요,배송지,배송지 변경,"혼란을 드려 죄송합니다. 배송 주소를 업데이트하려면 다음 단계를 따르세요. 1. 당사 웹사이트/앱에서 고객님의 계정에 로그인하세요. 2. ""내 계정"" 또는 ""프로필"" 섹션으로 이동합니다. 3. ""배송 주소"" 또는 ""배송 정보"" 탭을 찾으세요. 4. 현재 주소를 수정하려면 해당 버튼을 클릭하세요. 5. 필요한 사항을 변경하고 ""저장"" 또는 ""업데이트"" 버튼을 클릭하십시오. 어려움이 있거나 추가 지원이 필요한 경우 주저하지 말고 고객 지원팀에 문의하세요."
BCIL,실수로 주소를 잘못 입력했는데 어떻게 수정하나요?,배송지,배송지 변경,걱정 마세요! 실수로 잘못된 주소를 입력한 경우 쉽게 수정할 수 있습니다. 당사 웹사이트에서 고객님의 계정에 로그인하고 배송 주소 섹션으로 이동하기만 하면 됩니다. 여기에서 주소 정보를 업데이트하거나 수정할 수 있습니다. 추가 지원이 필요한 경우 언제든지 고객 지원팀에 문의해 주세요.
BLM,내 주소 변경을 지원합니다,배송지,배송지 변경,"물론입니다! 저희는 고객님의 주소 변경에 대해 전폭적인 지원을 제공합니다. 배송 주소나 청구 주소를 업데이트해야 하는 경우, 저희 팀이 도와드리겠습니다. 변경하고 싶은 사항을 알려주시면 그에 따라 도와드리겠습니다."
BL,배송 주소를 업데이트해야 합니다,배송지,배송지 변경,"물론이죠! 배송 주소를 업데이트해야 하는 경우 다음 단계에 따라 쉽게 업데이트할 수 있습니다. 먼저 당사 웹사이트에서 고객님의 계정에 로그인하세요. 그런 다음 ""내 계정"" 섹션으로 이동하여 메뉴에서 ""배송 주소""를 선택하세요. 현재 주소를 편집하고 새 배송 주소를 입력할 수 있습니다. 필요한 사항을 변경한 후에는 업데이트된 정보를 저장하십시오. 어려움이 있거나 추가 질문이 있는 경우, 주저하지 말고 당사 고객 서비스 팀에 문의하여 도움을 받으십시오."
BL,배송 주소 수정하는 것 좀 도와줘,배송지,배송지 변경,물론이죠! 배송 주소 수정을 도와드리겠습니다. 새 주소 세부정보를 알려주시면 즉시 업데이트해 드리겠습니다.
BLM,배송지 주소 변경 지원을 원합니다,배송지,배송지 변경,배송지 주소 변경과 관련해 도움을 드리고자 왔습니다. 그렇게 하려면 주문 번호와 새 주소 세부정보를 알려주시기 바랍니다. 그러면 당사 고객 서비스 팀이 고객님을 위해 정보를 업데이트해 드릴 것입니다.
BCILW,내 빌어먹을 배송 주소가 바뀌었는데 어떻게 수정하지?,배송지,배송지 변경,확실히! 배송 주소를 수정해야 하는 상황이 발생할 수 있다는 점을 이해합니다. 주소를 업데이트하려면 헬프라인을 통해 또는 업데이트된 주소 세부정보가 포함된 이메일을 보내 고객 지원팀에 문의하세요. 그들은 절차를 안내하고 향후 배송을 위해 고객님의 정확한 주소가 기록되었는지 확인합니다.
BL,내 주소를 업데이트하는 중에 오류가 발생했습니다,배송지,배송지 변경,주소 업데이트 문제로 불편을 끼쳐드려 죄송합니다. 추가 지원을 드릴 수 있도록 발생한 오류에 대한 자세한 내용을 제공해 주시겠습니까?
BLQ,내 배송 주소 수정에 대해 더 알고 싶어요,배송지,배송지 변경,긍정적으로! 배송 주소를 업데이트하는 방법에 대한 자세한 정보를 제공해 드릴 수 있습니다.
BL,배송 주소 변경에 대한 지원이 필요합니다,배송지,배송지 변경,물론입니다! 배송지 주소 수정을 도와드리겠습니다. 정확한 주소 정보를 제공해 주시면 업데이트해 드리겠습니다.
BILPZ,주소 업데이트에 대한 정보를 어떻게 얻을 수 있나요?,배송지,배송지 변경,긍정적으로! 주소 업데이트에 대한 정보가 필요한 경우 전화나 온라인 채팅 지원을 통해 고객 서비스 팀에 문의할 수 있습니다. 고객님의 주소를 변경하거나 업데이트하는 데 도움을 드릴 수 있습니다.
BIL,주소 변경에 대한 정보는 어디서 얻을 수 있나요?,배송지,배송지 변경,"물론이죠! 당사 웹사이트에서 배송 주소 변경에 대해 필요한 모든 정보를 찾을 수 있습니다. 저희 홈페이지로 이동하여 ""도움말"" 또는 ""지원"" 섹션을 클릭하시면 됩니다. 거기에서 ""주소 변경"" 또는 이와 유사한 카테고리를 볼 수 있습니다. 해당 카테고리를 클릭하면 주소를 업데이트하는 방법에 대한 자세한 지침을 확인할 수 있습니다. 여전히 질문이 있거나 추가 지원이 필요한 경우 고객 서비스 팀이 전화나 라이브 채팅을 통해 절차를 안내해 드립니다."
BLM,배송 주소 변경을 지원하고 싶습니다.,배송지,배송지 변경,"바로 처리하겠습니다! 배송 주소 변경과 관련해 도움을 드리고 있습니다. 우리가 업데이트할 수 있도록 거리 번호, 도시, 주, 우편번호를 포함한 새 주소 세부정보를 제공해 주세요."
BL,배송지 수정에 문제가 있습니다,배송지,배송지 변경,배송지 변경으로 인해 불편을 드려 죄송합니다. 저희 팀이 이 문제에 대해 도와드리겠습니다. 이 문제를 해결할 수 있도록 주문 세부정보와 정확한 주소를 제공해 주시기 바랍니다.
BCILP,배송지 주소가 바뀌었는데 변경할 수 있나요?,배송지,배송지 변경,물론입니다! 배송 주소를 업데이트하는 데 도움을 드릴 수 있습니다. 새 주소 세부정보를 알려주시면 시스템에서 업데이트되도록 하겠습니다.
BCLQ,"내 배송 주소가 변경됐어, 정정해줘",배송지,배송지 변경,"배송지 변경사항을 알려주셔서 감사합니다. 주소를 업데이트하려면 계정에 로그인한 후 ""계정 설정"" 또는 ""프로필"" 섹션으로 이동하세요. 여기에서 패키지가 올바른 위치로 배송되도록 필요한 사항을 변경할 수 있습니다. 어려움이 있거나 추가 질문이 있는 경우 주저하지 말고 고객 지원팀에 문의하여 도움을 받으세요."
BL,배송 주소가 바뀌었어요,배송지,배송지 변경,"배송지 주소가 변경되었음을 알려주셔서 감사합니다. 주소를 업데이트하려면 당사 웹사이트를 방문하여 ""계정 설정"" 섹션으로 이동하세요. 여기에서 배송 주소를 편집하고 패키지가 올바른 위치로 배송되는지 확인할 수 있습니다. 추가 질문이 있거나 도움이 필요한 경우 언제든지 고객 지원팀에 문의해 주세요. 우리가 도와드리겠습니다!"
BLQ,실수로 주소를 잘못 선택했어요,배송지,배송지 변경,걱정 마세요! 저희는 실수가 일어날 수 있다는 것을 이해합니다. 배송 주소를 변경하려면 정확한 주소 정보를 가지고 최대한 빨리 고객 서비스 팀에 문의하세요. 주문이 배송되기 전에 업데이트할 수 있도록 최선을 다하겠습니다.
BCILW,주소를 수정해야 하는데 어떻게 해야 하나요?,배송지,배송지 변경,주소를 수정하는 동안 불편을 끼쳐드려 죄송합니다. 배송 주소를 변경하려면 당사 고객 지원팀에 문의하시면 처리 과정을 도와드릴 것입니다.
BLQ,내 배송 주소 수정에 대한 정보를 원합니다,배송지,배송지 변경,"긍정적으로! 배송 주소를 수정하는 것은 일반적인 요청이며, 제가 도와드리겠습니다. 배송 주소를 업데이트하려면 당사 웹사이트에서 계정에 로그인하거나 고객 서비스 팀에 문의하여 쉽게 업데이트할 수 있습니다. 고객님의 주문이 올바른 위치로 배송되도록 필요한 변경을 수행하는 데 도움을 드릴 것입니다. 추가 지원이 필요하거나 특정 질문이 있는 경우 언제든지 알려주시기 바랍니다."
BCILW,빌어먹을 배송지 주소가 바뀌었는데 수정할 수 있나요?,배송지,배송지 변경,배송지 변경으로 인해 불편을 끼쳐드려 죄송합니다. 안심하세요. 문제를 해결하는 데 도움을 드리고 있습니다. 새 주소를 제공해 주시면 고객님의 패키지가 올바른 위치로 배송되었는지 확인하겠습니다.
BLZ,내 주소 편집에 대해 더 알고 싶습니다.,배송지,배송지 변경,"물론입니다! 주소를 편집하는 과정은 간단합니다. 배송 주소를 수정하려면 당사 웹사이트에 로그인하여 ""내 계정"" 섹션에서 주소를 업데이트하거나 당사 고객 지원팀에 연락하여 업데이트된 주소 정보를 제공할 수 있습니다. 필요한 변경을 수행하는 데 기꺼이 도움을 드릴 것입니다. 주소 수정과 관련하여 추가 지원이 필요하면 알려주시기 바랍니다!"
BCILP,실수로 잘못된 주소를 제출했는데 업데이트할 수 있나요?,배송지,배송지 변경,"물론입니다! 저희는 실수가 일어날 수 있다는 것을 이해합니다. 배송 주소를 업데이트하려면 다음의 간단한 단계를 따라 주세요. 1. 당사 웹사이트에서 고객님의 계정에 로그인하십시오. 2. ""내 계정"" 또는 ""계정 설정"" 섹션으로 이동합니다. 3. ""배송 주소"" 또는 ""주소록"" 탭을 찾으세요. 4. 현재 주소를 수정하려면 해당 버튼을 클릭하세요. 5. 필요한 사항을 변경하고 저장합니다. 6. 업데이트된 주소가 정확한지 다시 확인하세요. 다음 단계를 따르면 배송 주소를 쉽게 업데이트할 수 있습니다. 문제가 발생하거나 추가 지원이 필요한 경우 주저하지 말고 고객 지원팀에 문의하세요. 우리가 도와드리겠습니다!"
BLW,블러디 주소를 수정하는 데 문제가 있습니다.,배송지,배송지 변경,배송 주소를 수정하는 동안 불편을 끼쳐드려 죄송합니다. 더 나은 지원을 위해 현재 발생한 문제에 대한 자세한 내용을 제공해 주시겠습니까?
BL,배송 주소 업데이트 정보 알려 줘,배송지,배송지 변경,물론이죠! 배송 주소를 업데이트하려면 계정 설정으로 이동하여 주소 정보 편집 옵션을 찾으세요. 또는 당사 고객 지원팀에 연락하여 업데이트된 주소를 제공할 수 있습니다. 주소 업데이트 과정에 대해 더 많은 도움을 드릴 수 있습니다. 도움이 더 필요하면 알려주세요!
BLQ,배송 주소를 수정하려면 어떻게 해야 하는지 모르겠어요,배송지,배송지 변경,"걱정 마세요! 배송 주소를 업데이트하는 과정을 안내해 드릴 수 있습니다. 다음 단계를 따라 주세요. 1. 당사 웹사이트에서 고객님의 계정에 로그인하십시오. 2. ""내 계정"" 섹션으로 이동합니다. 3. ""배송 주소"" 옵션을 찾아 클릭하세요. 4. 거리 주소, 도시, 주, 우편번호 등 필요한 필드를 편집합니다. 5. 변경 사항을 저장합니다. 그게 다야! 이제 배송 주소가 업데이트되어야 합니다. 추가 질문이나 문제가 있으면 알려주시기 바랍니다."
BCLPW,빌어먹을 주소가 바뀌었는데 수정하고 싶어요,배송지,배송지 변경,"주소 변경으로 인해 불편을 드려 죄송합니다. 주소를 수정하려면 계정에 로그인하여 ""배송 주소"" 섹션으로 이동하세요. 여기에서 패키지가 올바른 위치에 도달하도록 필요한 수정을 할 수 있습니다. 문제가 발생하면 언제든지 고객 지원팀에 문의하여 추가 지원을 받으세요."
BLMZ,주소 수정에 문제가 있습니다,배송지,배송지 변경,주소 수정 문제로 불편을 끼쳐드려 죄송합니다. 문제에 대한 자세한 내용을 알려주시면 문제 해결을 위해 최선을 다해 도와드리겠습니다.
BLZ,내 주소 수정하는 걸 도와줘,배송지,배송지 변경,과연! 배송지 주소 수정에 도움을 드리고 있습니다. 새 주소 정보를 제공해 주시면 즉시 업데이트해 드리겠습니다.
BCILP,주소를 변경해야 하는데 도와주실 수 있나요?,배송지,배송지 변경,물론이죠. 주소 변경을 도와드리기 위해 왔습니다. 고객님의 현재 주소와 업데이트하려는 새 주소를 알려주십시오.
BILQZ,배송 주소 수정에 대해 알려줄 수 있나요?,배송지,배송지 변경,물론입니다! 배송 주소를 수정하는 과정은 간단합니다. 계정 설정에 액세스하고 배송 주소 섹션으로 이동하여 주소를 업데이트할 수 있습니다. 여기에서 기존 주소를 편집하거나 새 주소를 추가할 수 있습니다. 주문을 진행하기 전에 변경 사항을 저장하는 것을 잊지 마세요. 문제가 발생하거나 추가 지원이 필요한 경우 언제든지 고객 지원팀에 문의하세요. 그들은 주소 수정에 대해 기꺼이 도와드릴 것입니다.
BLQ,주소를 수정하려고 해,배송지,배송지 변경,"불편을 끼쳐드려 죄송하며 문의해 주셔서 감사합니다. 배송 주소를 수정하려면 다음 단계를 따르세요. 1. 당사 웹사이트에서 고객님의 계정에 로그인하십시오. 2. ""내 계정"" 섹션으로 이동합니다. 3. ""배송 주소"" 또는 ""배송 주소"" 섹션을 찾으세요. 4. 현재 주소 옆에 있는 ""수정"" 또는 ""업데이트"" 버튼을 클릭하세요. 5. 주소를 필요한 대로 수정합니다. 6. 모든 세부 사항을 다시 확인하고 정확성을 보장합니다. 7. 변경 사항을 저장합니다. 문제가 발생하거나 추가 질문이 있는 경우 주저하지 말고 알려주시기 바랍니다. 저희는 고객님을 돕기 위해 여기 있습니다."
BLQ,배송지 주소 수정에 대해 알고 싶어요,배송지,배송지 변경,과연! 배송 주소를 수정하려면 당사 웹사이트에 로그인하여 프로필 설정에서 업데이트하거나 당사 고객 서비스 팀에 연락하여 업데이트된 주소를 제공할 수 있습니다. 해당 과정을 기꺼이 도와드릴 것입니다. 추가 도움이 필요하면 알려주세요!
BL,주소 업데이트에 대해 자세히 알려주세요,배송지,배송지 변경,물론입니다! 주소 업데이트는 간단한 과정입니다. 배송 주소를 수정해야 하는 경우 일반적으로 계정 설정에 액세스하거나 고객 지원팀에 문의하여 수정할 수 있습니다. 배송 문제를 방지하려면 정확한 최신 정보를 제공하는 것이 중요합니다. 주소를 업데이트하는 데 문제가 있는 경우 알려주시면 기꺼이 도와드리겠습니다.
BLQ,주소 업데이트에 대해 질문이 있습니다,배송지,배송지 변경,바로 처리하겠습니다! 주소 업데이트와 관련하여 궁금한 점이 있으면 언제든지 문의해 주세요. 우리 고객 지원팀은 고객님이 가질 수 있는 모든 질문에 도움을 드리고 있습니다.
BIL,내 주소를 어떻게 바꾸나요?,배송지,배송지 변경,"물론입니다! 주소 변경을 도와드릴 수 있습니다. 주소를 업데이트하려면 당사 웹사이트에 로그인하여 ""내 계정"" 섹션으로 이동하세요. 거기에서 주소 세부 정보를 편집할 수 있는 옵션을 찾을 수 있습니다. 문제가 발생하거나 추가 지침이 필요한 경우 주저하지 말고 고객 지원팀에 문의하세요."
BL,고객 지원팀에 문의하는 데 도움이 필요합니다,문의,고객 서비스 문의,"고객님의 의견을 듣고 기뻐요! 고객 지원팀과 통화하는 데 도움이 필요하다는 점을 진심으로 이해합니다. 저희 팀은 고객님의 우려 사항을 해결하고 필요한 지원을 제공하기 위해 즉시 대기하고 있습니다. 담당자와 연결하려면 고객 지원 시간 동안 [운영시간/기간]로 연락하세요. 고객님이 가질 수 있는 질문이나 문제에 대해 도움을 드릴 수 있습니다. 고객님이 가질 수 있는 경험, 의심 또는 질문을 자유롭게 공유해 주시면 최선을 다해 도와드리겠습니다."
BIL,고객 지원팀과 통화할 수 있는 무료 전화번호가 있나요?,문의,고객 서비스 문의,문의해 주셔서 감사합니다! 고객 지원팀과 통화하려면 무료 전화번호가 필요하다는 점을 이해합니다. 고객님의 편의를 위해 무료 고객 서비스 번호를 제공합니다. [고객센터전화번호]로 고객 지원 팀에 문의하실 수 있습니다. 고객지원 시간 중 언제든지 전화주시기 바랍니다. 제가 도와드릴 다른 것이 있나요?
BLZ,고객 서비스 이용 가능 시간을 확인하려고 합니다.,문의,고객 서비스 문의,"저희는 고객님을 위해 여기 있습니다! 고객님께서 당사 고객 서비스 이용 가능 시간을 알고 싶어하시는 것으로 알고 있습니다. 저희의 전담 지원팀은 [운영시간/기간] 동안 고객님을 도울 준비가 되어 있습니다. 질문이나 우려 사항이 있거나 지침이 필요한 경우, 저희가 도와드리겠습니다. 언제든지 저희에게 연락해 주시면 기꺼이 도와드리겠습니다. 오늘은 또 무엇을 도와드릴까요?"
BILZ,고객 지원에 연락할 수 있는 메일이 있나요?,문의,고객 서비스 문의,고객님의 의견을 듣고 기뻐요! 고객님께서 당사 고객 지원팀에 문의하기 위한 이메일을 찾고 계시다는 점을 진심으로 이해합니다. 저희는 항상 고객님을 돕기 위해 여기 있습니다. 문의 사항이나 우려 사항이 있는 경우 언제든지 [이메일주소]로 이메일을 보내 주시면 전담 지원팀이 신속하게 답변해 드리겠습니다. 제가 도와드릴 다른 것이 있나요?
BIL,고객 지원을 받을 수 있는 시간은 어디서 확인할 수 있나요?,문의,고객 서비스 문의,"고객님의 의견을 듣고 기뻐요! 고객님이 당사 고객 지원팀에 연락할 수 있는 운영 시간을 어디에서 찾을 수 있는지 알고 싶어한다는 점을 진심으로 이해합니다. 이 정보는 당사 웹사이트 홈페이지의 ""연락처"" 섹션에서 확인할 수 있습니다. 또한 FAQ 페이지에서도 찾을 수 있습니다. 추가 지원이 필요하거나 다른 질문이 있으면 언제든지 알려주세요. 저는 도와주러 왔습니다!"
BL,고객지원팀에 전화할 수 있는 시간을 확인하고 싶습니다.,문의,고객 서비스 문의,저희는 모두 귀를 기울입니다! 고객 지원에 문의할 수 있는 운영 시간을 알고 싶으실 것 같습니다. [운영시간/기간] 동안 당사의 전담 지원팀이 고객님을 도와드릴 수 있습니다. [고객센터전화번호]로 연락하거나 당사 웹사이트 [웹사이트/메뉴]의 라이브 채팅을 통해 연락할 수 있습니다. 추가로 도움이 필요하시면 알려주시기 바랍니다.
BILP,몇 시에 고객 지원팀에 연락할 수 있는지 알려주실 수 있나요?,문의,고객 서비스 문의,도와주셔서 영광입니다! 고객님이 당사 고객 지원팀에 문의할 수 있는 시간을 알고 싶어 한다는 것을 알고 있습니다. 당사의 전담 지원팀은 다음 시간 동안 고객님을 도와드릴 수 있습니다: [운영시간/기간]. 추가 문의사항이나 문의 사항이 있으면 언제든지 알려주시기 바랍니다. 저는 도와주러 왔습니다!
BILZ,고객 지원팀에 문의할 수 있나요?,문의,고객 서비스 문의,도와주셔서 영광입니다! 고객님께서 당사 고객 지원팀과 통화하고 싶어하시는 것으로 알고 있습니다. [운영시간/기간]에서 근무 시간 동안 [고객센터전화번호]로 전화하여 고객 지원팀에 문의하실 수 있습니다. 저희의 전담 지원팀은 고객님이 가질 수 있는 질문이나 우려 사항에 대해 도움을 드리기 위해 대기하고 있습니다. 제가 도와드릴 다른 것이 있나요?
BL,고객 지원팀에 연락할 수 있는 시간을 알고 싶습니다,문의,고객 서비스 문의,연락해주셔서 감사합니다! 당사 고객 지원팀에 연락할 수 있는 시간을 알고 싶다는 점을 이해합니다. [운영시간/기간] 동안 당사의 전담 지원팀이 고객님을 도와드릴 수 있습니다. 그들은 탁월한 서비스를 제공하기 위해 최선을 다하고 있으며 고객님의 우려 사항과 문의사항을 해결하는 데 도움을 드립니다. 추가 질문이 있거나 도움이 필요하시면 언제든지 알려주시기 바랍니다.
BIL,고객 지원팀과 통화하는 것을 도와주실 수 있나요?,문의,고객 서비스 문의,문의해 주셔서 감사합니다! 고객님이 당사 고객 지원팀에 문의해야 한다는 점을 충분히 이해합니다. 저는 고객님이 그들과 연결될 수 있도록 돕기 위해 왔습니다. 고객님이 가지고 있는 문제나 질문에 대해 좀 더 자세한 내용을 제공해 주시겠습니까? 그러면 제가 고객님을 올바른 부서로 안내하거나 적절한 연락처 정보를 제공하는 데 도움이 될 것입니다.
BILP,고객 서비스에 어떻게 전화하나요?,문의,고객 서비스 문의,문의해 주셔서 감사합니다! 당사 고객 서비스에 전화해야 하는 경우 고객님의 편의를 위해 전용 전화선을 제공해 드립니다. [고객센터전화번호]로 연락하실 수 있습니다. 저희 팀은 고객님이 가질 수 있는 모든 문의사항이나 우려 사항에 대해 도움을 드릴 준비가 되어 있습니다. 추가 지원이 필요하면 언제든지 문의해 주세요.
BIL,고객 서비스에 언제 연락할 수 있는지 알려 주시겠어요?,문의,고객 서비스 문의,"연락해주셔서 감사합니다! 저는 고객님이 우리 고객 서비스에 연락하기 위한 운영 시간을 알고 싶어한다는 것을 확실히 알고 있습니다. 당사의 전담 지원팀은 월요일부터 금요일, 오전 9시부터 오후 6시(EST)까지 고객님을 지원해 드립니다. 저희는 이 시간 동안 고객님이 가질 수 있는 질문이나 문의 사항에 대해 도움을 드리고 있습니다. 제가 도와드릴 다른 것이 있나요?"
BQ,고객 서비스에 문의하는 데 도움이 필요합니다,문의,고객 서비스 문의,우리가 도와드리겠습니다! 고객 서비스 팀에 문의하는 데 도움이 필요하다는 점을 알려드립니다. 더 나은 지원을 위해 해결하고 싶은 특정 문제나 질문을 알려주시겠습니까? 이렇게 하면 저희 팀에 연락할 수 있는 가장 적합한 방법을 안내해 드리고 신속하고 효과적인 해결 방법을 제공해 드릴 수 있습니다. 고객 만족이 저희의 최우선 사항이며 고객님의 경험을 가능한 한 원활하게 만들기 위해 왔습니다.
BLQ,고객 지원팀과 통화하려고 합니다,문의,고객 서비스 문의,"문의해 주셔서 감사합니다! 고객님이 당사 고객 지원팀과 통화를 시도하고 있다는 점을 충분히 이해합니다. [운영시간/기간] 동안 당사의 전담 지원팀이 고객님을 도와드릴 수 있습니다. 전화, 이메일, 당사 웹사이트 [웹사이트/메뉴]의 라이브 채팅 등 고객님이 당사에 연락할 수 있는 다양한 채널이 있습니다. 제가 도와드릴 수 있는 다른 일이 있으면 알려주시기 바랍니다."
BLZ,고객지원팀에 언제 전화할 수 있는지 확인하고 싶습니다.,문의,고객 서비스 문의,고객님의 연락에 감사드립니다! 고객 지원팀에 문의할 수 있는 운영 시간을 결정하는 데 도움이 필요하신 것으로 알고 있습니다. 저희 팀은 [운영시간/기간] 동안 고객님을 도와드릴 수 있습니다. 이 시간 동안 언제든지 연락해 주시면 궁금한 점이나 문의 사항이 있으면 최선을 다해 도와드리겠습니다. 제가 도와드릴 다른 것이 있나요?
BELQ,고객센터에 어떻게 얘기해야할지 모르겠어요,문의,고객 서비스 문의,도와주셔서 영광입니다! 고객님이 당사 고객 서비스 팀과 어떻게 대화해야 하는지 잘 모르신다는 점을 잘 알고 있습니다. 걱정하지 마세요. 제가 도와드리겠습니다. 고객 서비스에 연결하려면 [운영시간/기간] 동안 [고객센터전화번호]로 연락하거나 당사 웹사이트 [웹사이트/메뉴]에서 라이브 채팅을 통해 연락할 수 있습니다. 저희 팀은 신속하게 응답하며 고객님이 가질 수 있는 질문이나 우려 사항에 대해 기꺼이 도움을 드릴 것입니다. 제가 도와드릴 다른 것이 있나요?
BILP,고객 지원팀에 어떻게 연락할 수 있나요?,문의,고객 서비스 문의,저희는 고객님의 봉사 활동을 소중히 여깁니다! 저는 고객님이 당사 고객 지원팀과 연결될 수 있는 방법을 찾고 있다는 사실에 공감합니다. 원활한 경험을 보장하기 위해 다양한 채널을 통해 당사에 문의하실 수 있습니다. [고객센터전화번호]로 전화하여 전화 지원을 시도하거나 웹사이트 [웹사이트/메뉴]를 방문하여 라이브 채팅 기능에 액세스할 수 있습니다. 또한 [이메일주소]로 이메일을 보내실 수도 있습니다. 고객님의 필요에 가장 적합한 옵션을 선택하시면 당사의 전담 지원팀이 기꺼이 도와드릴 것입니다.
BIL,고객 서비스에 문의하려면 어떻게 해야 하나요?,문의,고객 서비스 문의,문의해 주셔서 감사합니다! 고객 서비스 팀과 통화하고 싶은 마음을 진심으로 이해합니다. 그들과 연결하려면 당사의 전담 고객 지원 전화선 [고객센터전화번호]로 전화하거나 당사 웹사이트 [웹사이트/메뉴]의 라이브 채팅 기능을 통해 연락할 수 있습니다. 저희의 친절하고 지식이 풍부한 팀은 고객님이 가질 수 있는 모든 질문이나 우려 사항에 대해 기꺼이 도움을 드릴 것입니다. 제가 도와드릴 수 있는 다른 사항이 있으면 언제든지 알려주시기 바랍니다.
BL,고객 지원팀에 연락할 수 있는 시간을 알려주세요,문의,고객 서비스 문의,저희는 듣고 있어요! 저희 고객지원팀에 문의하실 수 있는 영업시간을 확인하고 싶으신 것으로 알고 있습니다. 저희의 전담 지원팀은 [운영시간/기간]를 이용할 수 있습니다. 이 기간 동안 궁금한 점이나 문의 사항이 있으면 언제든지 문의해 주세요. 저희는 고객님을 돕기 위해 여기 있습니다. 오늘은 또 무엇을 도와드릴까요?
BCILP,고객지원팀에 문의하고 싶은데 도와주실 수 있나요?,문의,고객 서비스 문의,"저는 고객님을 듣고! 저희 고객지원팀에 문의하고 싶다고 해서 팔로우했습니다. 저희는 모든 단계에서 고객님을 돕기 위해 여기 있습니다. [운영시간/기간] 동안 [고객센터전화번호]로 고객 지원을 받거나 당사 웹사이트 [웹사이트/메뉴]의 라이브 채팅을 통해 문의하실 수 있습니다. 저희의 전담 지원팀은 고객님이 가질 수 있는 모든 질문이나 우려 사항을 해결할 준비가 되어 있습니다. 고객님의 경험, 의심 또는 기타 문의 사항을 자유롭게 공유해 주십시오. 어떻게 하면 고객님의 하루를 더 좋게 만들 수 있나요?"
BIL,고객 서비스에 언제 연락할 수 있는지 확인할 수 있나요?,문의,고객 서비스 문의,고객님의 의견은 소중합니다! 저희 고객 서비스 팀에 문의하실 수 있는 영업 시간을 알고 싶다는 연락을 받았습니다. 당사의 전담 지원 담당자가 고객 지원 시간([운영시간/기간]) 동안 고객님을 도와드릴 수 있습니다. 질문이나 우려 사항이 있는 경우 이 기간 동안 언제든지 문의해 주세요. 저희는 고객님께 필요한 지원을 제공하고 도와드리기 위해 왔습니다. 제가 도와드릴 다른 것이 있나요?
BLQZ,언제 고객 서비스에 연락할 수 있는지 알아봐야겠어요,문의,고객 서비스 문의,저희는 고객님을 위해 여기 있습니다! 저희 고객서비스팀에 연락하시려면 영업시간을 아셔야 하는 것으로 알고 있습니다. 당사의 전담 지원팀은 다음 시간 동안 고객님을 도와드릴 수 있습니다: [기타정보]. 문의사항이나 우려 사항이 있으면 이 시간 내에 언제든지 문의해 주세요. 오늘은 또 어떤 도움을 드릴까요?
BIL,고객 서비스와 통화하는 것을 도와주실 수 있나요?,문의,고객 서비스 문의,저희는 듣고 있어요! 고객님께서 당사 고객 서비스 팀과 통화를 원하신다는 사실을 알고 있습니다. 저희의 전담 담당자가 가능한 모든 방법으로 고객님을 도와드릴 수 있습니다. 고객 서비스에 문의하려면 [운영시간/기간] 중에 [고객센터전화번호]로 연락하세요. 또한 당사 웹사이트 [웹사이트/메뉴]의 라이브 채팅 기능을 통해 당사와 연결할 수도 있습니다. 저희는 고객님께 필요한 도움을 제공하고 고객님이 가질 수 있는 우려 사항이나 질문을 해결하기 위해 왔습니다. 추가로 어떻게 도와드릴까요?
BL,고객 서비스가 가능한 시간을 알고 싶습니다.,문의,고객 서비스 문의,문의해 주셔서 감사합니다! 저는 고객님이 우리 고객 서비스 팀의 가용성을 알고 싶어한다는 것을 완전히 이해합니다. 당사의 전담 지원팀은 고객 지원 시간([운영시간/기간]) 동안 고객님을 도와드릴 수 있습니다. 추가 질문이나 우려 사항이 있으면 언제든지 알려주시기 바랍니다. 오늘은 또 어떤 도움을 드릴까요?
BIQ,고객 서비스가 가능한 시간이 언제인지 확인할 수 있나요,문의,고객 서비스 문의,저희는 고객님의 봉사 활동을 소중히 여깁니다! 저희 고객 서비스 팀의 이용 가능 여부를 확인하고 싶다는 사실에 동의합니다. 당사의 전담 고객 서비스 담당자가 [운영시간/기간] 동안 고객님을 도와드릴 수 있습니다. 다른 질문이나 문의 사항이 있으면 언제든지 알려주시기 바랍니다. 저는 도와주러 왔습니다!
BCLQZ,고객 지원팀에 문의하고 싶은데요 도움이 필요해요,문의,고객 서비스 문의,연락해주셔서 감사합니다! 고객 지원팀과 대화하는 데 도움이 필요하다는 점을 확실히 알고 있습니다. 저는 고객님이 가질 수 있는 모든 우려 사항이나 질문에 도움을 주기 위해 여기 있습니다. 제가 도움을 드릴 수 있는 방법을 알려주세요.
BQ,몇 시에 고객 서비스에 연락할 수 있는지 알려주세요,문의,고객 서비스 문의,"저희는 듣고 있어요! 저희 고객 서비스 팀에 연락할 수 있는 시간을 확인하고 싶다는 사실을 알고 있습니다. 당사의 전담 고객 서비스 담당자가 다음 시간 동안 고객님을 도와드릴 수 있습니다: [운영시간/기간]. 전화, 이메일, 라이브 채팅 등 어떤 방법으로 문의하시든 저희 팀이 고객님께 필요한 지원을 제공해 드립니다. 다른 질문이나 문의 사항이 있으면 언제든지 문의해 주세요. 저희는 언제나 기꺼이 도와드리겠습니다!"
BILZ,고객 지원을 받을 수 있는 시간을 알 수 있나요?,문의,고객 서비스 문의,연락해주셔서 감사합니다! 저는 고객님이 당사 고객 지원에 연락할 수 있는 시간을 알고 싶어한다는 것을 확실히 알고 있습니다. 저희 팀은 [운영시간/기간] 동안 사용할 수 있습니다. 해당 시간 동안 편하게 연락주시면 최선을 다해 도와드리겠습니다. 제가 도와드릴 다른 것이 있나요?
BCILQZ,어떻게 해야 하는지 고객지원팀에 전화해야 해요,문의,고객 서비스 문의,연락해주셔서 감사합니다! 고객 지원팀에 전화하는 방법에 대한 안내가 필요하다는 느낌이 듭니다. 그렇게 하려면 지정된 고객 지원 시간 동안 [고객센터전화번호]로 전화하면 됩니다. 저희 팀은 고객님이 가질 수 있는 모든 질문이나 우려 사항에 대해 도움을 드릴 준비가 되어 있습니다. 다른 방법을 선호하는 경우 이메일 [이메일주소]를 통해 고객 지원팀에 문의하거나 당사 웹사이트 [웹사이트/메뉴]의 라이브 채팅을 통해 문의할 수도 있습니다. 제가 도와드릴 수 있는 다른 사항이 있으면 언제든지 알려주세요!
BLZ,고객 지원이 가능한 시간을 알려주세요,문의,고객 서비스 문의,연락해주셔서 기뻐요! 저는 고객님이 우리 고객 지원이 가능한 시간을 찾고 있다는 것을 분명히 알고 있습니다. 저는 고객님을 돕기 위해 여기 있습니다. 당사 고객 지원팀은 [운영시간/기간] 동안 이용 가능합니다. [고객센터전화번호]로 전화하거나 당사 웹사이트 [웹사이트/메뉴]의 라이브 채팅을 통해 연락하실 수 있습니다. 고객님이 가질 수 있는 질문이나 우려 사항에 대해 기꺼이 도움을 드릴 것입니다. 제가 더 도와드릴 일이 있나요?
BLQ,고객 서비스에 어떻게 얘기해야 할지 모르겠어요,문의,고객 서비스 문의,"언제나 연결이 좋아요! 고객님이 당사 고객 서비스 팀과 어떻게 대화해야 할지 확신이 없다는 사실을 잘 알고 있습니다. 저는 고객님께 그 과정을 안내하기 위해 왔습니다. 전화, 이메일, 라이브 채팅 등 다양한 채널을 통해 고객 서비스에 연락하실 수 있습니다. 그들과 연결하는 데 필요한 정보를 제공하겠습니다. 고객 서비스 시간은 [운영시간/기간]입니다. [고객센터전화번호]로 연락하거나 당사 웹사이트 [웹사이트/메뉴]의 라이브 채팅을 통해 연락할 수 있습니다. 추가로 도움이 필요하시면 알려주시기 바랍니다."
BL,고객 지원팀에 문의하세요,문의,고객 서비스 문의,고객님의 연락에 감사드립니다! 고객님이 당사 고객 지원팀과의 연결을 원하고 계신 것 같습니다. 저희의 전담 지원팀은 항상 도움과 지원을 제공할 준비가 되어 있습니다. 원활한 경험을 보장하기 위해 웹사이트나 전화를 통해 고객 지원에 문의하는 것이 좋습니다. 그들은 고객님의 우려 사항을 해결하고 고객님께 필요한 지원을 제공할 수 있습니다. 제가 도와드릴 수 있는 일이 더 있으면 알려주세요.
BLQ,고객 서비스에 몇 시에 연락할 수 있는지 확인하세요,문의,고객 서비스 문의,언제나 연결이 좋아요! 고객님께서 저희 고객 서비스 팀에 연락하기에 가장 좋은 시간을 알고 싶어하신다는 사실을 잘 알고 있습니다. [운영시간/기간] 동안 고객 서비스 담당자가 도움을 드릴 수 있습니다. 이 시간 동안 언제든지 저희에게 연락해 주시면 궁금한 점이나 우려 사항이 있으면 기꺼이 도와드리겠습니다. 오늘은 또 어떤 도움을 드릴까요?
BEL,고객센터에 전화하는 방법을 모르겠습니다,문의,고객 서비스 문의,"고객님의 메시지에 감사드립니다! 고객님이 당사 고객 서비스 팀에 연락하는 방법을 잘 모르시는 것 같습니다. 안심하세요. 제가 절차를 안내해 드리겠습니다. 고객 서비스에 문의하려면 전화, 이메일, 라이브 채팅 등 다양한 채널을 통해 문의하실 수 있습니다. 저희 팀은 고객님이 가질 수 있는 모든 문제나 우려 사항을 지원하고 해결하기 위해 최선을 다하고 있습니다. 고객 서비스에 문의하는 데 도움을 드릴 수 있는 구체적인 사항이 있으면 알려주시기 바랍니다."
BILPW,빌어먹을 고객 서비스에 어떻게 연락할 수 있지?,문의,고객 서비스 문의,"우리를 믿어주셔서 감사합니다! 저는 고객님이 우리 고객 서비스 팀에 연락하기를 원한다는 것을 잘 알고 있습니다. 저는 고객님을 돕기 위해 왔습니다. 어떻게 도울 수 있는지 알려주세요. 부적절한 언어를 사용할 필요는 없으며, 존중하는 대화를 유지함으로써 보다 원활하고 생산적인 상호 작용을 보장할 수 있다는 점을 알아두시기 바랍니다."
BL,언제 고객 서비스에 연락할 수 있는지 알아보세요,문의,고객 서비스 문의,"연락해주셔서 감사합니다! 고객 서비스에 문의할 수 있는 영업 시간을 알고 싶으실 것 같습니다. [운영시간/기간]에 당사의 전담 고객 서비스 팀이 고객님을 도와드릴 수 있습니다. 해당 시간 내에 언제든지 저희에게 연락해 주시면, 고객님이 가질 수 있는 질문이나 문의 사항에 대해 기꺼이 도와드리겠습니다. 오늘 제가 더 도와드릴 일이 있나요?"
BL,고객 서비스에 전화할 수 있는 시간을 확인하는 데 도움이 필요합니다,문의,고객 서비스 문의,연락해주셔서 감사합니다! 영업시간 확인 후 당사 고객센터로 전화주시면 도움이 필요하신 것으로 알고 있습니다. 당사의 전담 지원팀은 고객 지원 시간([운영시간/기간]) 동안 고객님을 도와드릴 수 있습니다. 다른 문의사항이나 우려 사항이 있으면 언제든지 알려주시기 바랍니다. 저는 도와주러 왔습니다!
BCIL,고객 지원팀에 문의해야 하는데 어떻게 해야 하나요?,문의,고객 서비스 문의,"문의해 주셔서 감사합니다! 고객님이 당사 고객 지원팀에 연락해야 한다는 점을 이해합니다. 대화를 시작하려면 다양한 채널을 통해 당사에 연락할 수 있습니다. 당사의 고객 지원은 [고객센터전화번호]를 통해 또는 당사 웹사이트 [웹사이트/메뉴]의 라이브 채팅을 통해 제공됩니다. 문의 사항이나 우려 사항이 있으면 [이메일주소]로 이메일을 보내 주시면 저희 팀에서 즉시 도와드리겠습니다. 고객 만족을 위해 최선을 다하고 있으니, 주저하지 마시고 연락주시기 바랍니다. 오늘은 또 어떤 도움을 드릴까요?"
BL,고객지원팀에 연락할 수 있는 시간을 확인하는 데 도움이 됩니다,문의,고객 서비스 문의,고객님의 메시지는 많은 의미가 있습니다! 고객 지원팀에 연락하실 수 있을 때 운영 시간을 확인하는 데 도움이 필요하다는 생각에 동의합니다. 당사의 전담 고객 지원은 [운영시간/기간] 동안 제공됩니다. 도움이나 문의사항이 있으면 해당 시간 동안 언제든지 저희에게 연락해 주세요. 저희는 고객님의 원활한 경험을 보장하기 위해 왔습니다. 오늘은 또 어떤 도움을 드릴까요?
BCL,고객 지원팀에 문의해야 합니다. 도움이 필요합니다.,문의,고객 서비스 문의,"언제나 연결이 좋아요! 고객님이 긴급하게 고객 지원팀에 연락해야 한다는 사실을 잘 알고 있습니다. 안심하세요. 저희가 도와드리겠습니다. 고객 지원팀에 연락하는 가장 빠른 방법은 당사 웹사이트를 방문하여 ""연락처"" 페이지로 이동하는 것입니다. 여기에서 전화, 이메일, 라이브 채팅 등 당사와 연락할 수 있는 다양한 옵션을 찾을 수 있습니다. 이메일을 선호하는 경우 [이메일주소]로 문의 사항을 보내실 수 있습니다. 저희의 전담 지원팀은 고객님이 가질 수 있는 모든 질문이나 우려 사항에 대해 도움을 드릴 준비가 되어 있습니다. 우리가 고객님께 어떻게 도움이 될 수 있는지 알려주세요!"
BLZ,고객센터에 언제 연락 가능한지 확인하고 싶어요,문의,고객 서비스 문의,연락해주셔서 감사합니다! 고객님이 당사 고객 서비스 팀에 연락할 수 있는 영업 시간을 알고 싶어한다는 것을 확실히 알고 있습니다. [운영시간/기간] 동안 당사의 전담 지원팀이 고객님을 도와드릴 수 있습니다. 그렇다면 언제든지 저희에게 연락해 주세요. 궁금한 점이나 우려 사항이 있으면 기꺼이 도와드리겠습니다. 제가 도와드릴 다른 것이 있나요?
BILZ,고객 서비스와 통화할 수 있는 무료 전화번호가 있나요?,문의,고객 서비스 문의,문의해 주셔서 감사합니다! 고객 서비스 팀과 통화하고 싶은 마음을 이해합니다. 저희는 고객 지원을 위한 전용 전화선을 보유하고 있습니다. [고객센터전화번호]로 언제든지 고객 서비스 팀에 문의해 주세요. 고객님이 가질 수 있는 질문이나 우려 사항에 대해 기꺼이 도움을 드릴 것입니다.
BL,고객지원팀에 연락할 수 있게 도와주세요,문의,고객 서비스 문의,연락해주셔서 감사합니다! 고객 지원팀에 문의하는 데 도움이 필요하다는 사실을 확인했습니다. 고객님이 당사에 연락할 수 있는 여러 채널이 있습니다. 전화번호 [고객센터전화번호]를 통해 문의하시거나 웹사이트 [웹사이트/메뉴]를 방문하여 라이브 채팅 기능을 사용하여 저희 팀과 연락하실 수 있습니다. 저희는 고객님께 필요한 지원을 제공하고 도와드리기 위해 왔습니다. 추가로 도움이 필요하시면 알려주세요!
BIL,고객 서비스가 가능한 시간은 어떻게 확인하나요?,문의,고객 서비스 문의,"당사 고객 서비스 팀의 가용성에 대해 문의해 주셔서 감사합니다. 운영 시간을 확인하려면 당사 웹사이트 [웹사이트/메뉴]를 방문하여 ""연락처"" 또는 ""지원"" 페이지로 이동하세요. 여기에서 고객 서비스 담당자가 도움을 드릴 수 있는 구체적인 영업 시간을 확인하실 수 있습니다. 추가 문의사항이 있거나 추가 지원이 필요한 경우 언제든지 알려주시기 바랍니다."
BIL,고객 서비스에 연락할 수 있는 시간을 어떻게 알 수 있나요?,문의,고객 서비스 문의,우리가 도와드리겠습니다! 고객님는 당사 고객 서비스 팀에 연락할 수 있는 시간을 확인하는 방법에 대한 정보를 찾고 계신 것으로 확인됩니다. 이 정보를 찾으려면 당사 웹사이트를 방문하거나 구매 확인 이메일에 제공된 연락처 정보를 확인하세요. 당사의 고객 서비스 팀은 [운영시간/기간]에 고객님을 지원하기 위해 최선을 다하고 있습니다. 다른 질문이나 우려 사항이 있으면 언제든지 알려주시기 바랍니다.
BL,고객지원팀에 전화할 수 있는 시간 확인 지원,문의,고객 서비스 문의,고객님의 의견을 들으니 반갑습니다! 저희 고객지원팀에 전화하실 때 영업시간 확인에 도움이 필요하신 것으로 확인됩니다. [운영시간/기간] 동안 고객 지원이 제공됩니다. [고객센터전화번호] 또는 당사 웹사이트 [웹사이트/메뉴]의 라이브 채팅 옵션을 통해 저희 팀에 쉽게 연락하실 수 있습니다. 제가 도와드릴 수 있는 다른 사항이 있으면 언제든지 알려주시기 바랍니다!
BL,언제 고객 지원에 전화할 수 있는지 알고 싶습니다.,문의,고객 서비스 문의,저희는 듣고 있어요! 고객님이 당사 고객 지원에 문의할 수 있는 시간을 알고 싶다는 사실을 알고 있습니다. 저희의 전담 지원팀은 [운영시간/기간] 동안 이용 가능합니다. 문의사항이나 우려 사항이 있는 경우 이 시간 동안 당사에 연락하실 수 있습니다. 제가 도와드릴 다른 것이 있나요?
BLQ,고객 지원이 가능한 시간을 확인하는 데 도움이 필요합니다,문의,고객 서비스 문의,저희는 고객님을 위해 여기 있습니다! 우리 고객 지원팀의 업무 시간을 확인하는 데 도움이 필요하다는 것을 알고 있습니다. [운영시간/기간]에 당사의 전담 지원팀이 고객님을 도와드릴 것입니다. 다른 질문이나 우려 사항이 있으면 언제든지 알려주시기 바랍니다. 고객 만족이 저희의 최우선 사항입니다!
BLQWZ,빌어먹을 고객 지원팀에 얘기하려면 도움이 필요해,문의,고객 서비스 문의,"고객님의 연락에 감사드립니다! 고객 지원팀에 문의하는 데 도움이 필요하신 것 같습니다. 불편을 겪으셨다면 사과드리며, 상황을 헤쳐나갈 수 있도록 도와드리겠습니다. 당사 고객 지원팀은 [운영시간/기간] 동안 운영되며, 필요한 연락처 정보를 제공해 드릴 수 있습니다. 특별히 도움이 필요한 사항이 있으면 알려주시기 바랍니다."
BL,고객 지원이 가능한 시간을 확인하는 데 도움이 됩니다.,문의,고객 서비스 문의,저는 고객님을 듣고! 당사 고객 지원팀의 업무 시간을 결정하는 데 도움이 필요하다는 소식을 전해 드립니다. 저희 팀은 [운영시간/기간] 동안 고객님을 도울 준비가 되어 있습니다. 추가로 도움이 필요하시면 알려주시기 바랍니다.
BL,고객 서비스에 몇 시까지 연락할 수 있는지 알아보고 있어요,문의,고객 서비스 문의,저희는 듣고 있어요! 고객님께서 저희 고객 서비스 팀에 연락할 수 있는 운영 시간을 알고 싶어 하신다는 사실을 알고 싶습니다. [운영시간/기간] 동안 당사의 전담 고객 서비스 담당자가 고객님을 도와드릴 수 있습니다. 다른 질문이나 문의 사항이 있으시면 언제든지 문의해 주세요. 오늘은 또 어떤 도움을 드릴까요?
BL,고객지원팀에 전화할 수 있는 시간을 알려주세요,문의,고객 서비스 문의,연락해주셔서 감사합니다! 고객 지원팀에 연락할 수 있는 운영 시간을 확인하는 데 도움이 필요하다는 점을 확실히 알고 있습니다. [운영시간/기간] 동안 당사의 전담 지원팀이 고객님을 도와드릴 수 있습니다. [고객센터전화번호]로 연결하거나 당사 웹사이트 [웹사이트/메뉴]의 라이브 채팅을 통해 연결할 수 있습니다. 추가 질문이나 문의 사항이 있으면 언제든지 문의해 주세요. 오늘은 또 어떤 도움을 드릴까요?
BLQ,고객지원을 받을 수 있는 시간을 알려주세요,문의,고객 서비스 문의,문의해 주셔서 감사합니다! 저는 고객님이 고객 지원을 받을 수 있는 시간을 찾는 데 도와드리겠습니다. [운영시간/기간]에 당사의 전담 지원팀이 고객님께 서비스를 제공할 수 있습니다. 질문이나 우려 사항이 있거나 도움이 필요하신 경우 전화 한 번이면 바로 연락하실 수 있습니다. 언제든지 저희에게 연락해 주시면 필요한 지원을 제공해 드리겠습니다. 또 어떻게 하면 고객님의 하루를 더 좋게 만들 수 있을까요?
BLQ,고객 서비스와 통화하는 데 도움이 필요합니다,문의,고객 서비스 문의,"연락해주셔서 감사합니다! 고객 서비스 팀에 연락하는 데 도움이 필요하다는 점을 이해합니다. 안심하세요. 제가 도와드리겠습니다. 가장 정확하고 관련성이 높은 정보를 제공하기 위해 선호하는 의사소통 방법을 알려주시겠습니까? 전화, 이메일, 라이브 채팅 또는 기타 어떤 수단을 통해서든 저는 고객님께 절차를 안내하고 전담 고객 서비스 담당자와 연결되도록 도와드립니다."
BLWZ,빌어먹을 고객 지원팀에 얘기하는 데 도움이 필요해,문의,고객 서비스 문의,문의해 주셔서 감사합니다! 고객 지원팀과 연결하는 데 도움이 필요하다는 점을 충분히 이해합니다. 불편을 끼쳐드려 죄송합니다. 가장 정확하고 효율적인 지원을 제공할 수 있도록 [기타정보]를 제공해 주시겠습니까? 이 정보를 얻으면 고객 지원팀에 고객님을 연결하는 절차를 시작할 수 있습니다.
BEL,고객지원팀에 전화하려면 어떻게 해야 할지 모르겠습니다.,문의,고객 서비스 문의,고객님의 메시지는 많은 의미가 있습니다! 고객 지원팀에 전화하는 방법을 잘 모르실 것이라는 생각에 동의합니다. 절차를 안내해 드리겠습니다. 고객 서비스에 연락하려면 고객 지원 시간 동안 [고객센터전화번호]로 전용 헬프라인에 전화할 수 있습니다. 우리 전문가 팀은 고객님이 가질 수 있는 모든 질문이나 우려 사항에 대해 기꺼이 도움을 드릴 것입니다. 전화를 거는 동안 문제가 발생하면 알려주세요. 최선을 다해 도와드리겠습니다.
BILQ,고객 서비스에 연락할 수 있는 시간 확인하는 방법,문의,고객 서비스 문의,"고객님의 의견은 소중합니다! 저희 고객 서비스 팀에 문의하실 수 있는 영업 시간을 알고 싶다는 연락을 받았습니다. 고객 서비스 운영 시간을 보려면 당사 웹사이트 [웹사이트/메뉴]를 방문하여 ""연락처"" 또는 ""지원"" 페이지로 이동하세요. 여기에서 당사 고객 서비스 팀이 고객님께 도움을 드릴 수 있는 특정 시간을 확인하실 수 있습니다. 추가 문의사항이 있거나 추가 도움이 필요하시면 언제든지 알려주세요."
BLQ,고객 서비스에 몇 시까지 연락할 수 있는지 알아봐,문의,고객 서비스 문의,문의해 주셔서 감사합니다! 고객님이 당사 고객 서비스 팀에 연락할 수 있는 영업 시간을 알고 싶다는 점을 충분히 이해합니다. [운영시간/기간] 동안 당사의 전담 고객 서비스 담당자가 고객님을 도와드릴 수 있습니다. 추가로 도움이 필요하시면 알려주시기 바랍니다.
BL,고객 지원을 받을 수 있는 시간을 확인하려고 합니다.,문의,고객 서비스 문의,고객님의 메시지는 많은 의미가 있습니다! 저는 고객님이 당사 고객 지원팀에 연락할 수 있는 시간을 알고 싶어 한다는 생각에 동의합니다. 우리에게 연락하는데 관심을 가져주셔서 진심으로 감사드립니다. 정확한 정보를 제공하기 위해 고객님의 위치나 관심 있는 특정 서비스를 알려주시겠습니까? 이를 통해 고객 지원 가용성에 대한 가장 관련성이 높은 최신 세부 정보를 제공할 수 있습니다.
BCILZ,고객센터에 문의해야 하는데 도움을 받을 수 있나요?,문의,고객 서비스 문의,연락해주셔서 기뻐요! 저는 고객님이 우리 고객 서비스 팀에 연락하여 도움이 필요하다는 것을 분명히 알고 있습니다. 당사의 전담 고객 서비스 담당자가 고객님의 질문이나 우려 사항에 대해 도움을 드릴 수 있습니다. 그들과 연결하려면 [고객센터전화번호]에 연락하거나 당사 웹사이트 [웹사이트/메뉴]에서 라이브 채팅 기능을 활용할 수 있습니다. 그들은 기꺼이 고객님을 도와줄 것입니다. 오늘 제가 더 도와드릴 일이 있나요?
BIL,고객지원팀에 연락할 수 있는 이메일 주소가 있나요?,문의,고객 서비스 문의,연락해주셔서 감사합니다! 고객님께서 당사 고객 지원팀에 연락하기 위한 이메일 주소를 찾고 계신 것으로 확인됩니다. 가장 정확한 이메일 주소를 제공하기 위해 도움이 필요한 특정 부서나 서비스를 알려주시겠습니까? 이를 통해 적절한 연락처 정보로 안내해 드리겠습니다.
BL,고객 서비스에 연락할 수 있는 시간을 확인하는 데 도움이 필요합니다,문의,고객 서비스 문의,"연락해주셔서 감사합니다! 저희 고객 서비스 팀에 연락할 수 있는 시간을 확인하는 데 도움이 필요하신 것으로 알고 있습니다. 당사의 전담 고객 서비스 담당자는 [운영시간/기간] 동안 통화 가능합니다. 당사 웹사이트 [웹사이트/메뉴]에서 전화, 이메일, 라이브 채팅 등 다양한 채널을 통해 연락하실 수 있습니다. 다른 질문이나 우려 사항이 있으면 언제든지 알려주시기 바랍니다. 저는 도와주러 왔습니다!"
BL,고객 지원팀에 문의하고 싶습니다.,문의,고객 서비스 문의,도와주셔서 영광입니다! 고객님께서 당사 고객 지원팀과 대화를 나누고자 하시는 것으로 알고 있습니다. 저희는 고객님을 지원하고 고객님께 필요한 도움을 제공해 드리겠습니다. [운영시간/기간] 동안 고객 지원팀에 연락하실 수 있습니다. 구체적으로 논의하고 싶은 내용이나 염두에 두고 있는 질문이 있으면 알려주시기 바랍니다. 고객 만족이 저희의 최우선 과제이며 고객님이 가질 수 있는 모든 우려 사항을 해결하기 위해 최선을 다하고 있습니다. 추가로 어떻게 도와드릴까요?
BILQZ,고객 지원팀에 연락할 수 있나요?,문의,고객 서비스 문의,우리를 믿어주셔서 감사합니다! 고객님이 당사 고객 지원팀에 연락할 수 있는지 알고 싶다는 점을 잘 알고 있습니다. 안심해 주세요. 저희는 고객님을 지원할 수 있는 다양한 채널을 보유하고 있습니다. 핫라인 [고객센터전화번호]를 통해 고객 지원팀에 연락하거나 당사 웹사이트를 방문하여 담당자와 라이브 채팅을 시작할 수 있습니다. 저희 팀은 신속한 지원을 제공하고 고객님이 가질 수 있는 모든 우려 사항을 해결하기 위해 최선을 다하고 있습니다. 언제든지 저희에게 연락해 주세요. 오늘은 또 어떤 도움을 드릴까요?
BCIL,고객 지원과 통화하고 싶은데 도와주실 수 있나요?,문의,고객 서비스 문의,문의해 주셔서 감사합니다! 고객님이 당사 고객 지원팀에 문의해야 한다는 점을 이해합니다. 당사의 전담 고객 서비스 담당자가 도움을 드릴 수 있습니다. [고객센터전화번호]의 고객 지원 시간 동안 또는 [웹사이트/메뉴] 웹사이트의 라이브 채팅 기능을 통해 연락하실 수 있습니다. 고객님이 가질 수 있는 문의 사항이나 우려 사항에 대해 기꺼이 안내해 드릴 것입니다. 오늘은 또 어떤 도움을 드릴까요?
BIL,언제 고객 서비스에 연락할 수 있는지 어디서 알 수 있나요?,문의,고객 서비스 문의,연락해주셔서 감사합니다! 고객님이 당사 고객 서비스 팀에 연락할 수 있는 시간에 대한 정보를 어디서 찾을 수 있는지 알고 싶다는 점을 이해합니다. 이 정보를 찾으려면 당사 웹사이트를 방문하거나 연락처 페이지를 확인하세요. 여기에서 이용 가능한 다양한 연락 옵션과 함께 고객 서비스 시간을 확인할 수 있습니다. 추가 도움이 필요하거나 다른 질문이 있으면 언제든지 알려주시기 바랍니다.
BLQZ,고객 서비스에 전화할 수 있는 시간을 확인하는 데 도움을 주세요,문의,고객 서비스 문의,문의해 주셔서 감사합니다! 고객 서비스에 연락할 수 있는 시간을 확인하는 데 도움을 드리고자 왔습니다. [운영시간/기간] 동안 당사의 전담 지원팀이 고객님을 도와드릴 수 있습니다. 문의사항이나 도움이 필요할 경우 해당 시간 동안 언제든지 저희에게 연락해 주세요. 제가 도와드릴 다른 것이 있나요?
BL,고객 지원에 가능한 사람,문의,고객 서비스 문의,고객님의 의견을 듣고 기뻐요! 고객님이 당사 고객 지원팀의 도움을 찾고 있다는 점을 진심으로 이해합니다. 안심해 주세요. 전담 전문가가 고객님을 도와드릴 수 있습니다. 당사 고객 지원 팀은 [운영시간/기간] 동안 고객님을 지원할 준비가 되어 있습니다. 궁금한 점이나 우려 사항이 있으면 언제든지 문의해 주세요. 오늘은 어떻게 더 도와드릴까요?
BL,고객 서비스에 몇 시까지 연락할 수 있는지 알려 줘,문의,고객 서비스 문의,"무슨 말인지 알겠습니다! 저희 고객 서비스 팀이 근무할 수 있는 운영 시간을 알고 싶으신 것과 같은 페이지입니다. 고객 서비스 담당자는 [운영시간/기간]로 연락할 수 있습니다. 저희는 고객님이 가질 수 있는 모든 질문, 우려 사항 또는 문제에 대해 도움을 드리고 있습니다. 이 시간 동안 언제든지 저희에게 연락해 주시면 기꺼이 도와드리겠습니다!"
BCIL,고객지원팀에 문의해야 하는데 도와주실 수 있나요?,문의,고객 서비스 문의,"저는 고객님이 당사 고객 지원 팀과 상담해야 한다는 것을 깨달았으며 고객님께 필요한 지원을 제공해 드리겠습니다. 당사의 고객 서비스 담당자는 [운영시간/기간] 중에 고객님의 질문이나 우려 사항에 대해 도움을 드릴 수 있습니다. 고객님의 경험, 의문점 또는 기타 문의사항을 자유롭게 공유해 주시면 최선을 다해 도와드리겠습니다. 어떻게 하면 고객님의 하루를 더 좋게 만들 수 있나요?"
BL,고객센터에 전화하려면 어떻게 해야하는지 모르겠어요,문의,고객 서비스 문의,"무슨 말인지 알겠습니다! 고객 서비스에 전화하는 단계에 대해 확신이 없는 것과 같은 페이지에 있습니다. 고객 서비스 팀에 연락하려면 근무 시간 동안 [고객센터전화번호]로 전용 전화번호를 누르십시오. 또는 당사 웹사이트 [웹사이트/메뉴]를 방문하여 ""연락처"" 또는 ""지원"" 섹션을 클릭하여 당사에 연락하는 방법에 대한 자세한 정보를 확인할 수도 있습니다. 추가 지원이 필요하거나 다른 질문이 있으면 언제든지 알려주시기 바랍니다. 저는 도와주러 왔습니다!"
BILZ,몇 시에 고객 지원팀에 연락할 수 있는지 알려 주실 수 있나요?,문의,고객 서비스 문의,물론이죠! 당사 고객 지원팀에 문의할 수 있는 영업 시간을 알고 싶다는 점을 이해합니다. 당사의 전담 지원팀이 [운영시간/기간]를 통해 고객님을 도와드릴 수 있습니다. 추가 질문이나 문의 사항이 있으면 언제든지 문의해 주세요. 우리가 도와드리겠습니다!
BILQ,고객 서비스 이용 가능 시간은 어떻게 알 수 있어?,문의,고객 서비스 문의,저희는 고객님의 봉사 활동을 소중히 여깁니다! 고객 서비스를 이용할 수 있는 영업 시간을 알고 싶다는 사실에 동의합니다. [운영시간/기간]에 당사의 전담 고객 서비스 팀이 고객님을 지원해 드립니다. 이 시간 동안 저희에게 연락하시면 문의사항이나 문의 사항이 있으면 기꺼이 도와드리겠습니다. 제가 도와드릴 다른 것이 있나요?
BL,고객 지원팀에 몇 시까지 연락할 수 있는지 알려주세요,문의,고객 서비스 문의,고객님의 의견을 들으니 반갑습니다! 고객님이 당사 고객지원팀에 연락할 수 있는 시간을 알고 싶어하시는 것으로 알고 있습니다. 당사의 전담 지원팀은 다음 시간 동안 고객님을 도와드릴 수 있습니다: [운영시간/기간]. 이 시간 내에 언제든지 저희에게 연락해 주시면 궁금한 점이나 우려 사항이 있는 경우 기꺼이 도와드리겠습니다.
BILZ,고객 서비스에 언제 연락할 수 있는지 알고 싶습니다.,문의,고객 서비스 문의,문의해주셔서 감사합니다! 고객 서비스에 연락할 수 있는 구체적인 시간을 알아보려면 당사 웹사이트를 방문하거나 연락처 페이지를 확인하는 것이 좋습니다. 고객님의 편의를 위해 일반적으로 고객 서비스 시간이 여기에 나열되어 있습니다. 다른 질문이 있거나 추가 도움이 필요하시면 언제든지 알려주세요. 저는 도와주러 왔습니다!
BCILP,고객 지원팀에 문의해야 하는데 도와주실 수 있나요?,문의,고객 서비스 문의,우리가 도와드리겠습니다! 고객 지원팀에 문의하셔야 합니다. 저희 팀은 고객님을 지원하고 고객님이 가질 수 있는 우려 사항이나 질문을 해결하기 위해 왔습니다. 추가로 도움을 드릴 수 있는 방법을 알려주세요.
BIL,고객 지원이 가능한 시간을 확인하는 방법은 무엇입니까?,문의,고객 서비스 문의,"문의해 주셔서 감사합니다! 고객 지원팀에 문의할 수 있는 영업 시간을 확인해야 한다는 점을 충분히 이해합니다. 가용성을 확인하려면 당사 웹사이트를 방문하여 ""연락처"" 또는 ""지원"" 페이지로 이동하세요. 여기에서 당사 고객 지원팀의 구체적인 업무 시간을 확인할 수 있습니다. 추가 지원이 필요하거나 다른 문의사항이 있으면 언제든지 알려주시기 바랍니다."
BCILPQZ,고객 지원팀에 얘기하고 싶은데 어떻게 할 수 있나요?,문의,고객 서비스 문의,고객님의 연락에 감사드립니다! 저희 고객 지원팀에 문의하셔야 할 것 같습니다. 저희는 고객님을 돕기 위해 여기 있습니다. 고객 지원에 연결하려면 업무 시간 동안 [고객센터전화번호]로 연락하거나 당사 웹사이트 [웹사이트/메뉴]의 라이브 채팅을 통해 연락할 수 있습니다. 저희 팀은 고객님께 필요한 도움을 제공하기 위해 최선을 다하고 있습니다. 추가로 도움이 필요하시면 알려주시기 바랍니다.
BLQ,몇 시에 고객 지원팀에 연락할 수 있는지 확인하고 싶어요,문의,고객 서비스 문의,문의해 주셔서 감사합니다! 고객 지원에 연락할 수 있는 시간을 확인하고 싶은 마음을 이해합니다. 당사의 전담 지원팀은 고객 지원 시간 동안 고객님의 지원을 제공합니다. [기타정보]와 [기타정보] 사이에서 문의하실 수 있습니다. 다른 궁금한 점이나 우려 사항이 있으면 언제든지 알려주시기 바랍니다. 저는 내가 할 수 있는 모든 방법으로 고객님을 돕기 위해 여기 있습니다.
BILP,고객센터에 언제 전화할 수 있는지 확인할 수 있나요?,문의,고객 서비스 문의,"물론이죠! 제가 확실히 도와드릴 수 있습니다. 고객 서비스에 전화할 수 있는 구체적인 시간을 알아보려면 당사 웹사이트를 방문하는 것이 좋습니다. 고객 서비스 시간을 포함하여 필요한 모든 정보를 찾을 수 있는 ""연락처"" 페이지로 이동하실 수 있습니다. 다른 질문이나 우려 사항이 있으면 언제든지 알려주시기 바랍니다!"
BILP,고객지원팀에 몇 시까지 전화할 수 있는지 알려주실 수 있나요?,문의,고객 서비스 문의,물론이죠! 저는 고객님께 필요한 정보를 제공해 드리겠습니다. 당사의 고객 지원 팀은 [운영시간/기간] 동안 고객님을 도와드릴 수 있습니다. 그 시간에 편하게 연락주세요. 제가 도와드릴 다른 것이 있나요?
BILZ,고객지원팀에 언제 연락할 수 있는지 알 수 있나요?,문의,고객 서비스 문의,문의해 주셔서 감사합니다! 저는 고객님이 당사 고객 지원팀의 가용성을 알고 싶어 한다는 점을 충분히 이해합니다. [운영시간/기간]에 당사의 전담 지원팀이 고객님을 도와드릴 수 있습니다. 이 시간 동안 언제든지 저희에게 연락해 주시면 고객님의 문의 사항을 기꺼이 해결해 드리겠습니다. 제가 도와드릴 다른 것이 있나요?
BIL,고객 서비스에 연락하는 것을 도와주실 수 있나요?,문의,고객 서비스 문의,연락해주셔서 감사합니다! 당사 고객 서비스 팀에 연락하는 데 도움이 필요하다는 점을 이해합니다. 안심해 주세요. 저는 고객님이 이 과정을 진행하는 데 도와드리겠습니다. 고객 서비스에 문의하려면 이용 가능한 시간 동안 [운영시간/기간]로 연락하세요. 그들은 고객님의 우려 사항을 해결하는 데 필요한 지원과 지침을 제공할 수 있습니다. 추가 세부정보나 질문이 있으면 언제든지 공유해 주세요. 최선을 다해 도와드리겠습니다.
BL,고객센터에 연락하려고 하는데,문의,고객 서비스 문의,문의해 주셔서 감사합니다! 고객님이 긴급하게 당사 고객 서비스 팀에 연락해야 한다는 점을 이해합니다. [운영시간/기간] 동안 당사의 전담 지원 직원이 고객님을 도와드릴 수 있습니다. 간단히 [고객센터전화번호]로 전화하거나 당사 웹사이트를 방문하여 라이브 채팅 기능에 액세스하면 연락할 수 있습니다. 그들은 고객님이 가질 수 있는 모든 질문이나 우려 사항을 기꺼이 해결해 드릴 것입니다. 오늘은 또 어떤 도움을 드릴까요?
BIL,언제 고객지원팀에 연락할 수 있는지 알 수 있나요?,문의,고객 서비스 문의,"고객님의 메시지에 감사드립니다! 저희 고객지원팀에 문의하기 위한 영업시간을 알고 싶으신 것 같습니다. [운영시간/기간] 동안 당사의 전담 지원팀이 고객님을 도와드릴 수 있습니다. 즉, [기타정보]와 [기타정보] 사이에서 문의하실 수 있습니다. 이 시간 동안 언제든지 저희에게 연락해 주시면 궁금한 점이나 우려 사항이 있으면 기꺼이 도와드리겠습니다. 제가 도와드릴 다른 것이 있나요?"
BILQ,고객 지원팀에 전화해도 될까요?,문의,고객 서비스 문의,문의해 주셔서 감사합니다! 고객지원팀에 전화하는 것이 가능한지 궁금하신 점 충분히 이해합니다. 당사 고객 지원팀은 [고객센터전화번호]로 연락하실 수 있습니다. [운영시간/기간] 동안 이용 가능하며 기꺼이 도와드릴 것입니다. 다른 질문이나 문의 사항이 있으면 언제든지 알려주시기 바랍니다.
BI,언제 고객센터에 연락할 수 있나요?,문의,고객 서비스 문의,"고객님의 메시지에 감사드립니다! 고객님께서 저희 고객 서비스 팀과 연락 가능한 시간을 알고 싶어하시는 것 같습니다. [운영시간/기간] 동안 당사의 전담 고객 서비스 담당자가 고객님을 도와드릴 수 있습니다. 질문이나 우려 사항이 있거나 단순히 지침이 필요한 경우, 저희 팀은 탁월한 지원을 제공하기 위해 여기 있습니다. 제가 도와드릴 다른 것이 있나요?"
BELW,빌어먹을 고객 지원팀에 어떻게 얘기해야 할지 모르겠어,문의,고객 서비스 문의,"저희는 모두 귀를 기울입니다! 고객 지원팀에 문의하는 방법을 잘 모르실 것 같습니다. 기분이 상하셨거나 부담스러우셨다면 사과드립니다. 제가 이 과정을 안내하기 위해 여기 있다는 것을 확신시켜 드리겠습니다. 전화, 이메일, 라이브 채팅 등 다양한 채널을 통해 고객 지원을 받을 수 있습니다. 가장 정확한 정보를 제공하기 위해 고객님이 거주하는 국가와 도움이 필요한 특정 문제를 알려주시겠습니까? 안심하세요. 가능한 가장 편리한 방법으로 고객 지원팀과 소통하는 데 필요한 모든 정보를 제공해 드리겠습니다."
BILZ,언제 고객센터에 전화할 수 있는지 알 수 있나요?,문의,고객 서비스 문의,문의해 주셔서 감사합니다! 고객 서비스 팀에 문의하기 위해 영업 시간을 알고 싶다는 점을 충분히 이해합니다. 당사의 전담 지원팀은 다음 시간 동안 고객님을 도와드릴 수 있습니다: [운영시간/기간]. 더 궁금한 점이 있거나 추가 도움이 필요하시면 언제든지 알려주시기 바랍니다.
BILP,몇 시에 고객 서비스에 전화할 수 있는지 알려주실 수 있나요?,문의,고객 서비스 문의,고객님의 의견은 소중합니다! 저희 고객 서비스 팀에 전화하실 수 있는 영업 시간을 알고 싶다는 연락을 받았습니다. [운영시간/기간] 동안 고객 서비스 담당자가 도움을 드릴 수 있습니다. 제가 더 도와드릴 일이 있나요?
BL,고객 서비스에 문의하려면 어떻게 해야 하는지 모르겠습니다.,문의,고객 서비스 문의,고객님의 메시지에 감사드립니다! 고객님이 당사 고객 서비스 팀에 문의하는 과정에 대해 확신이 없으신 것이 분명합니다. 전담 고객 서비스 담당자와 연결하려면 [고객센터전화번호]를 통해 연락하거나 당사 웹사이트 [웹사이트/메뉴]에서 라이브 채팅에 참여할 수 있습니다. 고객님이 갖고 있는 질문이나 우려 사항에 대해 도움을 드릴 수 있습니다. 저희는 고객님께 원활한 경험을 보장하기 위해 왔습니다! 오늘은 또 어떤 도움을 드릴까요?
BILQ,고객 서비스에 통화할 수 있나요,문의,고객 서비스 문의,문의해 주셔서 감사합니다! 저는 우리 고객 서비스 팀과 통화하고 싶은 고객님의 욕구를 충분히 이해합니다. 저는 고객님을 도와드리고 적절한 부서에 연결해 드리기 위해 왔습니다. 추가 정보를 제공해 주시거나 논의하고 싶은 특정 문제가 무엇인지 알려주시겠습니까? 이렇게 하면 고객님의 우려 사항을 효과적으로 해결할 수 있는 적절한 담당자와 연결될 수 있습니다.
BLQ,고객 지원팀과 대화하려고 노력 중이에요,문의,고객 서비스 문의,문의해 주셔서 감사합니다! 고객님이 당사 고객 지원팀에 연결을 시도했다는 것을 알고 있습니다. 저희 팀은 고객님을 돕고 지원하기 위해 여기 있습니다. 고객님이 직면하고 있는 문제에 대해 더 자세한 내용을 알려주시겠습니까? 더 많은 정보를 얻으시면 가장 정확하고 효율적인 도움을 드릴 수 있습니다.
BILQ,고객 지원팀에 연락할 수 있는 이메일 있나요,문의,고객 서비스 문의,문의해 주셔서 감사합니다! 고객 지원팀에 문의하려면 이메일이 필요하다는 점을 충분히 이해합니다. 저희는 고객 문의 전용 이메일 주소를 갖고 있으며 기꺼이 그 주소를 제공해 드리겠습니다. 질문이나 우려 사항을 support@example.com으로 고객 지원 이메일로 보내주세요. 저희 팀은 즉시 고객님을 지원하고 고객님의 우려 사항이 해결되도록 할 것입니다. 제가 도와드릴 다른 것이 있나요?
BL,고객 지원팀과 통화하고 싶습니다.,문의,고객 서비스 문의,저희는 모두 귀를 기울입니다! 고객님이 당사 고객 지원팀과 통화하고 싶다는 생각이 들었습니다. 저희는 고객님께 필요한 지원을 제공하고 도와드리기 위해 왔습니다. 고객 지원 팀과 통화하려면 몇 가지 옵션이 있습니다. 영업 시간([운영시간/기간]) 동안 [고객센터전화번호]로 전화로 연락하실 수 있습니다. 또는 당사 웹사이트 [웹사이트/메뉴]를 방문하여 라이브 채팅 기능을 사용하여 고객 지원 담당자에게 직접 연결할 수 있습니다. 추가로 도움이 필요하시면 알려주시기 바랍니다.
BIL,고객지원팀에 어떻게 연락하나요?,문의,고객 서비스 문의,문의해 주셔서 감사합니다! 고객님이 당사 고객 지원팀에 연락해야 한다는 점을 이해합니다. 그들에게 연락하려면 헬프라인 [고객센터전화번호]을 통해 연락하거나 [이메일주소]로 이메일을 보내세요. 또한 당사 웹사이트 [웹사이트/메뉴]에는 고객 지원 담당자와 직접 채팅할 수 있는 라이브 채팅 기능이 있습니다. 저희가 도와드리겠습니다. 고객님께 가장 편리한 방법으로 언제든지 문의해 주세요.
BQ,고객 서비스에 연락하는 데 도움이 필요합니다,문의,고객 서비스 문의,저희는 모두 귀를 기울입니다! 고객 서비스 팀에 문의하는 데 도움이 필요하다는 생각이 들었습니다. 우리가 도와드리겠습니다! 전담 지원 담당자에게 연락하려면 [운영시간/기간] 동안 [고객센터전화번호]로 연락하거나 당사 웹사이트 [웹사이트/메뉴]에서 라이브 채팅을 통해 연락할 수 있습니다. 고객님이 가질 수 있는 질문이나 우려 사항에 대해 기꺼이 도움을 드릴 것입니다. 저희는 탁월한 고객 서비스를 제공하기 위해 최선을 다하고 있으며 고객님의 인내와 이해에 감사드립니다. 오늘은 또 어떤 도움을 드릴까요?
BCIL,고객센터에 전화해야 하는데 어떻게 해야 하나요?,문의,고객 서비스 문의,고객님의 메시지는 많은 의미가 있습니다! 고객 서비스에 전화하는 데 도움이 필요하다는 생각에 동의합니다. 저희 팀과 연결하시려면 저희 업무 시간인 [운영시간/기간] 중에 [고객센터전화번호]로 전화하시면 됩니다. 당사 웹사이트 [웹사이트/메뉴]의 라이브 채팅 기능을 통해서도 연락하실 수 있습니다. 이러한 옵션을 통해 기꺼이 도움을 드릴 고객 서비스 담당자에게 연락하실 수 있습니다. 제가 도와드릴 수 있는 다른 일이 있으면 알려주세요!
BLQZ,내가 고객 서비스에 전화할 수 있는 시간을 확인하는 데 도움이 필요해요,문의,고객 서비스 문의,저희는 고객님의 봉사 활동을 소중히 여깁니다! 고객 서비스 팀에 연락할 수 있는 운영 시간을 찾는 데 도움이 필요하다는 사실에 동의합니다. 당사의 전담 지원팀은 고객 지원 시간 동안 고객님을 도와드릴 수 있습니다. 연락하시려면 고객 서비스 핫라인 [고객센터전화번호]로 전화하시거나 당사 웹사이트 [웹사이트/메뉴]의 라이브 채팅 기능을 통해 저희와 연결하실 수 있습니다. 추가 질문이나 문의 사항이 있으면 언제든지 문의해 주세요. 우리가 도와드리겠습니다!
BIL,고객 서비스에 전화할 수 있는 시간을 어떻게 알 수 있나요?,문의,고객 서비스 문의,고객님의 의견을 들으니 반갑습니다! 저희 고객 서비스 팀에 문의하실 수 있는 영업 시간을 알고 싶으신 것으로 보입니다. 가장 정확한 정보를 제공하기 위해 고객님이 거주하는 국가나 지역을 알려주시겠습니까? 그러면 해당 지역의 구체적인 영업시간을 알려드리는 데 도움이 될 것입니다.
BELZ,고객지원팀과 통화하려면 어떻게 해야 할지 모르겠습니다.,문의,고객 서비스 문의,우리를 믿어주셔서 감사합니다! 고객 지원팀과 대화하는 데 필요한 단계에 대해 확신이 없으신 것을 잘 알고 있습니다. 고객 지원을 받으려면 [고객센터전화번호]로 전화하거나 웹사이트 [웹사이트/메뉴]를 방문하여 라이브 채팅 옵션에 액세스하세요. 저희 팀은 고객님이 가질 수 있는 질문이나 우려 사항에 대해 기꺼이 도움을 드릴 것입니다. 제가 도와드릴 수 있는 다른 사항이 있으면 언제든지 알려주세요!
BIL,고객님의 고객 지원 번호는 무엇입니까?,문의,고객 서비스 문의,도와주셔서 영광입니다! 고객님이 당사의 고객 지원 전화번호를 알고 싶어 한다는 것을 알고 있습니다. 당사의 전담 지원팀은 [고객센터전화번호]로 연락하실 수 있습니다. [운영시간/기간] 동안 문의 사항이나 우려 사항이 있는 경우 도움을 드릴 수 있습니다. 필요한 지원이 있으면 언제든지 문의하세요. 제가 도와드릴 다른 것이 있나요?
BELZ,고객 지원팀과 어떻게 대화할 수 있는지 모르겠습니다.,문의,고객 서비스 문의,연락해주셔서 기뻐요! 저는 고객님이 당사 고객 지원팀과 어떻게 대화해야 할지 확신이 서지 않는다는 점을 분명히 알고 있습니다. 저는 고객님께 그 과정을 안내하기 위해 왔습니다. 고객 지원팀에 연락하려면 [운영시간/기간] 동안 [고객센터전화번호]로 연락하거나 당사 웹사이트 [웹사이트/메뉴]의 라이브 채팅을 통해 메시지를 보내세요. 저희의 전담 지원팀은 고객님을 지원하는 데 열정을 갖고 있으며 고객님이 가질 수 있는 모든 질문이나 우려 사항을 즉시 해결해 드릴 것입니다. 오늘은 또 어떤 도움을 드릴까요?
BILQZ,고객 지원팀에 문의하는 데 도움을 주실 수 있나요?,문의,고객 서비스 문의,우리가 도와드리겠습니다! 고객님이 당사 고객 지원팀에 문의하는 데 도움을 찾고 계신 것으로 확인됩니다. 우리가 도와드리겠습니다! [운영시간/기간] 동안 당사의 전담 지원팀이 고객님을 도와드릴 수 있습니다. [고객센터전화번호]로 전화하거나 당사 웹사이트 [웹사이트/메뉴]에서 라이브 채팅을 통해 연락하실 수 있습니다. 추가로 도움이 필요하시면 알려주시기 바랍니다.
BIL,고객 지원에 전화하려면 어떻게 해야 하나요?,문의,고객 서비스 문의,저희는 고객님을 위해 여기 있습니다! 고객님께서 당사 고객 지원팀에 문의하는 방법에 대한 안내를 찾고 계시다는 것을 알고 있습니다. 당사 고객 서비스 팀에 전화하려면 당사 웹사이트나 구매 확인 이메일에서 연락처 정보를 확인하세요. 당사는 [고객센터전화번호]에 전용 고객 지원 핫라인을 보유하고 있으며 고객 지원 업무 시간 중에 전화하실 수 있습니다. 저희 팀은 고객님이 가질 수 있는 질문이나 우려 사항에 대해 기꺼이 도움을 드릴 것입니다. 원하는 경우 당사 웹사이트에서 지원 담당자와 직접 소통할 수 있는 라이브 채팅 옵션도 제공됩니다. 추가로 도움이 필요하시면 알려주세요.
BCIL,고객지원팀에 문의해야 하는데 어떻게 해야 하나요?,문의,고객 서비스 문의,문의해 주셔서 감사합니다! 고객님이 당사 고객 지원팀에 문의해야 한다는 점을 충분히 이해합니다. 안심하세요. 저희가 도와드리겠습니다! 당사 고객 지원팀과 연결하려면 다양한 채널을 통해 당사에 연락하실 수 있습니다. [고객센터전화번호] 전화선은 고객 지원 시간 동안 이용 가능합니다. 또는 당사 웹사이트 [웹사이트/메뉴]를 방문하여 라이브 채팅 기능에 액세스하여 당사 담당자와 실시간으로 채팅할 수 있습니다. 저희는 고객님께 필요한 지원을 제공하기 위해 최선을 다하고 있습니다. 제가 어떻게 더 도움을 드릴 수 있나요?
BLQZ,고객 서비스와 상담하는 데 도움이 필요합니다,문의,고객 서비스 문의,고객님의 메시지는 많은 의미가 있습니다! 저는 고객님이 당사 고객 서비스 팀과 대화하는 데 도움을 원한다는 생각에 동의합니다. 문의해 주셔서 감사합니다. 제가 그 과정을 안내해 드리겠습니다. 고객 서비스에 연락하려면 [고객센터전화번호]로 연락하거나 당사 웹사이트 [웹사이트/메뉴]의 라이브 채팅을 통해 문의하세요. 저희 팀은 [운영시간/기간] 동안 고객님의 질문이나 우려 사항을 해결해 드릴 수 있습니다. 저희는 고객님께 필요한 지원을 제공하기 위해 최선을 다하고 있습니다. 추가로 도움이 필요하시면 알려주시기 바랍니다.
BLW,난 빌어먹을 고객 지원팀에 얘기하려고 해,문의,고객 서비스 문의,고객님의 메시지는 많은 의미가 있습니다! 저는 고객님이 좌절감을 느끼고 당사 고객 지원팀에 문의하는 데 도움이 필요하다는 생각에 동의합니다. 저희의 전담 지원팀이 고객님을 도와드리겠습니다. 추가로 도움을 드릴 수 있는 방법을 알려주세요.
BLZ,고객 지원팀과 대화할 수 있도록 도와주세요,문의,고객 서비스 문의,무슨 말인지 알겠습니다! 저는 고객 지원팀과 대화하는 데 도움이 필요하다는 입장입니다. 그들과 연결하려면 [운영시간/기간] 중에 연락하세요. 저희는 고객님이 가질 수 있는 모든 질문이나 우려 사항에 대해 고객님을 도울 준비가 되어 있는 숙련되고 헌신적인 팀을 보유하고 있습니다. 특별히 도움이 필요한 사항이 있으면 언제든지 알려주세요. 최선을 다해 도와드리겠습니다.
BLQZ,언제 고객지원을 받을 수 있는지 알려주세요,문의,고객 서비스 문의,무슨 말인지 알겠습니다! 저희 고객 지원팀에 연락할 수 있는 시간을 결정하는 데 도움이 필요하시다는 것과 같은 생각입니다. [운영시간/기간] 동안 당사의 전담 지원팀이 고객님을 도와드릴 수 있습니다. [고객센터전화번호]에 문의하거나 당사 웹사이트 [웹사이트/메뉴]의 라이브 채팅을 통해 고객 지원을 받을 수 있습니다. 다른 질문이나 문의 사항이 있으면 언제든지 문의해 주세요. 오늘은 또 어떤 도움을 드릴까요?
BILW,빌어먹을 고객 서비스에 전화할 수 있어?,문의,고객 서비스 문의,저희를 믿어주셔서 감사합니다! 고객님께서 실망하셨음을 이해하며 당사 고객 서비스 팀에 문의하고 싶습니다. 저희 팀은 고객님의 우려 사항을 해결하고 지원을 제공해 드리겠습니다. [고객센터전화번호]로 전화하거나 당사 웹사이트 [웹사이트/메뉴]의 라이브 채팅을 통해 고객 서비스에 연락할 수 있습니다. 저희는 고객님이 직면할 수 있는 모든 문제를 해결하기 위해 최선을 다하고 있습니다. 추가로 어떻게 도와드릴까요?
BILQ,고객지원팀에 어떻게 전화해야 해?,문의,고객 서비스 문의,언제나 연결이 좋아요! 고객님께서 당사 고객 지원팀에 연락하는 방법에 대한 정보를 찾고 계시다는 사실을 잘 알고 있습니다. 고객 서비스 담당자와 통화하려면 [고객센터전화번호]로 연락하거나 웹사이트 [웹사이트/메뉴]를 통해 요청을 제출하세요. 저희 팀은 [운영시간/기간] 동안 연락 가능하며 고객님이 가질 수 있는 질문이나 우려 사항에 대해 기꺼이 도움을 드릴 것입니다. 제가 더 도와드릴 일이 있나요?
BILQZ,고객지원이 몇 시간인지 알 수 있나요,문의,고객 서비스 문의,문의해 주셔서 감사합니다! 저는 고객 지원 가용성에 관해 고객님께 필요한 정보를 제공해 드리겠습니다. [운영시간/기간] 동안 당사의 전담 지원팀이 고객님을 도와드릴 수 있습니다. 이 시간 내에 언제든지 저희에게 연락하시면 기꺼이 도와드리겠습니다. 제가 도와드릴 다른 것이 있나요?
BL,고객지원에 전화하려면 어떻게 해야할지 모르겠습니다.,문의,고객 서비스 문의,도와주셔서 영광입니다! 고객 지원팀에 전화하는 방법을 잘 모르시는 것 같습니다. 괜찮아요; 저는 고객님을 안내하기 위해 여기에 있습니다. 고객 지원에 문의하려면 [고객센터전화번호]로 전용 헬프라인에 전화하세요. 저희의 친절한 상담원은 고객님이 가질 수 있는 모든 질문이나 우려 사항에 대해 도움을 드릴 준비가 되어 있습니다. 또는 당사 웹사이트 [웹사이트/메뉴]에서 라이브 채팅을 통해 문의하실 수도 있습니다. 저희는 탁월한 지원을 제공하고 고객 만족을 보장하기 위해 최선을 다하고 있습니다. 추가로 도움이 필요하시면 알려주시기 바랍니다.
BIL,고객지원팀에 언제 연락할 수 있는지 어디서 확인하나요?,문의,고객 서비스 문의,문의해 주셔서 감사합니다! 고객님이 당사 고객 지원팀에 연락할 수 있는 시간에 대한 정보를 확인해야 한다는 점을 이해합니다. 이 정보를 찾으려면 당사 웹사이트 [웹사이트/메뉴]를 방문하는 것이 좋습니다. 당사 고객 지원팀의 연락처 정보와 운영 시간이 포함된 전용 섹션을 웹사이트에서 찾으실 수 있습니다. 추가 문의사항이 있거나 추가 도움이 필요하시면 언제든지 알려주시기 바랍니다.
BLZ,고객센터에 통화해야 했어요,문의,고객 서비스 문의,문의해 주셔서 감사합니다! 고객님이 당사 고객 서비스 팀에 문의해야 한다는 점을 충분히 이해합니다. 저희는 고객님을 지원하고 고객님이 가질 수 있는 우려 사항을 해결하기 위해 왔습니다. [운영시간/기간] 동안 [고객센터전화번호]로 고객 서비스 부서에 연락하실 수 있습니다. 또는 당사 웹사이트 [웹사이트/메뉴]의 라이브 채팅 기능을 통해 당사와 연결할 수도 있습니다. 궁금한 점이나 문제가 있으면 언제든지 공유해 주세요. 최선을 다해 도와드리겠습니다.
BILQZ,고객 서비스에 전화할 수 있는 무료 전화번호가 있어요,문의,고객 서비스 문의,언제나 연결이 좋아요! 고객님이 당사 고객 서비스에 연락하기 위해 무료 전화번호를 찾고 있다는 사실을 잘 알고 있습니다. 가장 정확한 정보를 제공하기 위해 고객님이 전화하는 국가를 명시해 주시겠습니까? 이렇게 하면 더 나은 지원을 제공하는 데 도움이 될 것입니다.
BILQZ,고객 서비스 센터와 어떻게 통화할 수 있나요?,문의,고객 서비스 문의,언제나 연결이 좋아요! 고객님이 당사 고객 서비스 팀과 연결될 수 있는 방법을 찾고 있다는 사실을 잘 알고 있습니다. [운영시간/기간] 동안 [고객센터전화번호]로 전화로 연락하거나 웹사이트 [웹사이트/메뉴]에서 라이브 채팅을 할 수 있습니다. 저희는 고객님이 가질 수 있는 질문이나 우려 사항에 대해 도움을 드리고 있습니다. 제가 또 어떻게 도움을 드릴 수 있을까요?
BLQ,고객지원팀에 언제 전화할 수 있는지 알고 싶어요,문의,고객 서비스 문의,고객님의 메시지에 감사드립니다! 고객님는 당사 고객 지원팀의 업무 시간을 알고 싶어합니다. [운영시간/기간]에 당사의 전담 지원팀이 고객님을 지원해 드립니다. 추가 문의사항이 있거나 다른 도움이 필요한 경우 언제든지 알려주시기 바랍니다. 저는 도와주러 왔습니다!
BL,고객 서비스가 가능한 시간을 알려주세요,문의,고객 서비스 문의,저는 고객님을 듣고! 저희 고객 서비스 팀의 운영 시간을 알고 싶으셔서 연락드립니다. [운영시간/기간]에 당사의 전담 지원팀이 고객님을 도와드릴 수 있습니다. 해당 시간 내에 언제든지 문의해 주시면 기꺼이 도와드리겠습니다. 제가 도와드릴 다른 것이 있나요?
BILQ,몇시에 고객 지원팀에 연락할 수 있는지 확인할 수 있나요,문의,고객 서비스 문의,우리를 믿어주셔서 감사합니다! 고객님이 당사 고객 지원팀의 이용 가능 시기에 대한 정보를 찾고 있다는 것을 잘 알고 있습니다. 당사의 고객 지원은 [운영시간/기간] 동안 운영됩니다. 더 궁금하신 점이나 문의 사항이 있으시면 언제든지 문의해 주세요. 오늘은 또 어떤 도움을 드릴까요?
BIL,고객 지원팀에 몇 시까지 전화할 수 있나요?,문의,고객 서비스 문의,언제나 연결이 좋아요! 고객님이 당사 고객 지원팀에 연락할 수 있는 시간을 알고 싶다는 사실을 잘 알고 있습니다. 저희 팀은 [운영시간/기간] 동안 고객님을 도와드릴 수 있습니다. 다른 질문이나 문의 사항이 있으면 언제든지 알려주시기 바랍니다. 저는 도와주러 왔습니다!
BILW,도대체 몇 시에 고객지원팀에 전화하면 돼?,문의,고객 서비스 문의,연락해주셔서 기뻐요! 고객님이 당사 고객 지원팀에 문의할 수 있는 영업 시간을 알고 싶어 한다는 점을 잘 알고 있습니다. 고객님께서 겪으셨을 수 있는 불편함에 대해 사과드립니다. 당사의 전담 지원팀은 다음 시간 동안 고객님을 도와드릴 수 있습니다: [운영시간/기간]. 추가 문의사항이나 문의 사항이 있으면 언제든지 알려주시기 바랍니다. 저는 도와주러 왔습니다!
BL,고객지원팀과 통화할 수 있도록 도와주세요,문의,고객 서비스 문의,고객님의 메시지는 많은 의미가 있습니다! 고객 지원팀과 대화하는 데 도움이 필요하다는 생각에 동의합니다. 저는 고객님을 돕기 위해 여기 있습니다. 고객님의 특정 우려 사항이나 질문에 대해 좀 더 자세한 내용을 제공해 주시겠습니까? 이렇게 하면 고객 지원팀에 연락할 수 있는 가장 적절한 채널이나 방법을 안내하는 데 도움이 될 것입니다.
BL,고객 서비스에 전화하는 걸 도와주세요,문의,고객 서비스 문의,우리를 믿어주셔서 감사합니다! 고객 서비스에 전화하는 데 도움이 필요하다는 것을 잘 알고 있습니다. 저희는 고객님의 시간을 소중히 여기며 고객님이 우리와 최대한 편리하게 연락할 수 있도록 하고자 합니다. 우리 고객 서비스 팀은 [운영시간/기간] 동안 이용 가능합니다. [고객센터전화번호]로 연락하거나 당사 웹사이트 [웹사이트/메뉴]의 라이브 채팅을 통해 연락할 수 있습니다. 다른 질문이나 우려 사항이 있으면 언제든지 알려주시기 바랍니다.
BIL,고객 지원팀에 몇 시까지 연락할 수 있는지 어디서 확인하나요?,문의,고객 서비스 문의,물론입니다! 저는 고객님을 안내하기 위해 여기에 있습니다. 고객 지원 운영 시간을 확인하려면 당사 웹사이트 [웹사이트/메뉴]를 방문하세요. 당사 웹사이트에는 운영 시간을 포함하여 필요한 모든 연락처 정보를 제공하는 전용 섹션이 있습니다. 저희 웹사이트를 자유롭게 둘러보시고 추가 질문이나 문의 사항이 있으시면 메시지를 보내주세요.
BLW,빌어먹을 고객센터에 전화하려고 하는데,문의,고객 서비스 문의,문의해 주셔서 감사합니다. 고객 서비스에 문의하는 것이 불편하신 점을 이해합니다. 고객님이 겪었을 수 있는 어려움에 대해 사과드립니다. 저희 팀은 고객님을 돕기 위해 여기 있으며 고객님의 우려를 소중히 여길 것을 확신합니다. 더 나은 지원을 위해 현재 발생한 문제에 대한 추가 정보를 제공해 주시겠습니까? 이를 통해 적합한 솔루션을 찾고 원활하고 만족스러운 경험을 보장할 수 있습니다.
BLWZ,피 묻은 고객 지원과 대화하는 데 도움,문의,고객 서비스 문의,저는 고객님을 듣고! 고객님이 당사 고객 지원팀에 연락하는 데 도움이 필요하다는 소식을 전해 드립니다. 안심하세요. 전담 지원 담당자와 연결하실 수 있도록 도와드리겠습니다. 추가 지원을 위해 고객님이 직면한 문제에 대해 더 구체적인 세부정보를 제공해 주시겠습니까? 이를 통해 고객 지원에 문의할 수 있는 가장 효율적인 방법을 안내해 드릴 수 있습니다.
BIL,언제 고객센터에 연락할 수 있는지 어디서 확인하나요?,문의,고객 서비스 문의,"연락해주셔서 감사합니다! 고객 서비스 이용 가능 시간을 어디에서 확인할 수 있는지 알고 싶어하신다는 점을 확실히 알고 있습니다. 운영 시간과 고객 서비스 팀에 연락하는 가장 좋은 방법을 확인하려면 당사 웹사이트 [웹사이트/메뉴]를 방문하세요. 여기에서 지정된 고객 지원 시간, 연락처 정보 및 지원을 요청할 수 있는 추가 방법을 확인할 수 있습니다. 다른 질문이나 문의 사항이 있는 경우 언제든지 알려주시면 기꺼이 도와드리겠습니다."
BLW,빌어먹을 고객 서비스와 통화할 수 있게 도와줘,문의,고객 서비스 문의,연락해주셔서 감사합니다! 고객 서비스 팀과 통화하는 데 도움이 필요하다는 느낌이 듭니다. 당사의 전담 담당자가 고객님께 필요한 지원을 제공하고 도와드립니다. 고객님의 우려 사항을 효과적으로 해결하기 위해 고객님이 직면한 문제에 대한 자세한 내용을 제공해 주시겠습니까? 이를 통해 당사는 고객님의 상황을 더 잘 이해하고 가장 적절한 솔루션을 제공할 수 있습니다.
BCIL,고객 서비스에 문의하고 싶은데 도와주실 수 있나요?,문의,고객 서비스 문의,"연락해주셔서 기뻐요! 고객님께서 저희 고객 서비스 팀에 문의하고 싶어하신다는 점을 잘 알고 있으며, 제가 도와드리겠습니다. 이들과 연결하려면 지원 핫라인 [고객센터전화번호]에 문의하세요. 저희 팀은 [운영시간/기간] 동안 고객님의 문의 사항이나 우려 사항에 대해 도움을 드릴 수 있습니다. 또는 당사 웹사이트 [웹사이트/메뉴]를 방문하여 지원 담당자와 라이브 채팅 세션을 시작할 수도 있습니다. 그들은 기꺼이 고객님을 도와줄 것입니다. 오늘은 또 어떻게 고객님께 봉사할 수 있을까요?"
BL,고객지원이 가능한 시간을 확인하고 싶습니다.,문의,고객 서비스 문의,저희는 모두 귀를 기울입니다! 우리 고객 지원팀이 근무할 수 있는 운영 시간을 알고 싶으실 것 같아서요. [운영시간/기간]에 당사의 전담 지원팀이 고객님을 지원해 드립니다. 다른 질문이나 문의 사항이 있으면 언제든지 알려주시기 바랍니다. 저는 도와주러 왔습니다!
BL,고객 지원팀에 전화할 수 있는 시간을 확인하는 데 도움이 됩니다,문의,고객 서비스 문의,도와주셔서 영광입니다! 고객님께서 당사 고객지원팀의 업무시간을 알고 싶어 하신다는 것을 알게 되었습니다. [운영시간/기간] 동안 당사의 전담 지원팀이 고객님을 도와드릴 수 있습니다. 추가 문의사항이나 문의 사항이 있으면 언제든지 알려주시기 바랍니다. 오늘은 또 어떤 도움을 드릴까요?
BL,고객 지원팀에 언제 연락할 수 있는지 알려 줘,문의,고객 서비스 문의,저는 고객님을 듣고! 고객지원팀의 운영시간을 알고 싶으셔서 연락드립니다. 당사의 전담 지원팀은 다음 시간 동안 고객님을 도와드릴 수 있습니다: [운영시간/기간]. 추가 문의사항이 있거나 즉각적인 도움이 필요하시면 언제든지 알려주시기 바랍니다. 저는 도와주러 왔습니다!
BL,고객 서비스 이용 가능 시간을 확인하는 데 도움이 필요합니다,문의,고객 서비스 문의,연락해주셔서 감사합니다! 당사 고객 서비스 팀이 근무할 수 있는 운영 시간을 결정하는 데 도움이 필요하다는 점을 이해합니다. 저희의 전담 지원팀은 [운영시간/기간] 동안 고객님께 서비스를 제공합니다. 지역이나 서비스 유형에 따라 이용 가능 여부가 달라질 수 있다는 점을 참고하시기 바랍니다. 다른 질문이나 문의 사항이 있으면 언제든지 알려주시기 바랍니다. 저는 고객 서비스에 대한 고객님의 경험이 원활하고 편리하도록 보장하기 위해 왔습니다. 추가로 어떻게 도와드릴까요?
BLQZ,고객 지원팀과 대화하는 데 도움을 원합니다,문의,고객 서비스 문의,고객님의 의견을 들으니 반갑습니다! 고객님이 당사 고객 지원팀과 통화하는 데 도움을 찾고 계시다는 것을 알 수 있습니다. 제가 확실히 도와드릴 수 있습니다. 더 자세한 내용이나 궁금한 점이 있으면 알려주시겠어요? 그렇게 하면 제가 고객님께 더 나은 안내를 제공하고 당사 고객 지원팀과 생산적인 대화를 나눌 수 있도록 할 수 있습니다.
BILQZ,고객 지원이 가능한 시간은 어떻게 확인하나요?,문의,고객 서비스 문의,"문의해 주셔서 감사합니다! 고객지원팀의 업무시간을 확인하고 싶으신 점을 이해합니다. 당사 지원팀의 이용 가능 시간을 알아보려면 당사 웹사이트 [웹사이트/메뉴]를 방문하세요. 일반적으로 ""연락처"" 또는 ""지원"" 페이지에서 이 정보를 제공합니다. 원하시면 이러한 세부정보를 검색하는 데 추가 도움을 드릴 수 있습니다. 제가 고객님께 더 도움이 될 수 있는 방법을 알려주세요."
BIQ,고객 서비스 메일이 뭐예요?,문의,고객 서비스 문의,저희는 모두 귀를 기울입니다! 고객님께서 저희 고객 서비스 팀의 이메일 주소를 알고 싶어하신다는 생각이 듭니다. 정확한 연락처 정보를 제공하기 위해 도움이 필요한 특정 제품이나 서비스를 알려주시겠습니까? 해당 정보가 접수되면 추가 지원을 제공하고 올바른 고객 서비스 이메일 주소를 알려드릴 수 있습니다.
BLZ,고객지원팀에 전화할 수 있는 시간이 언제인지 확인해야 합니다,문의,고객 서비스 문의,저는 고객님을 듣고! 고객님이 도움을 받기 위해 당사 고객 지원팀에 연락할 수 있는 시간을 알고 싶다고 연락드립니다. [운영시간/기간] 동안 당사의 전담 지원팀이 고객님을 도와드릴 수 있습니다. 무료 전화번호 [고객센터전화번호]로 전화하시면 연락하실 수 있습니다. 다른 질문이나 문의 사항이 있으면 언제든지 알려주시기 바랍니다.
BQZ,고객 서비스에 연락할 수 있는 호러스가 무엇인지 확인하는 데 도움이 필요합니다,문의,고객 서비스 문의,문의해 주셔서 감사합니다! 고객 서비스에 연락할 수 있는 시간을 확인하는 데 도움이 필요하다는 점을 충분히 이해합니다. 당사의 전담 고객 서비스 팀은 다음 시간 동안 고객님을 지원해 드립니다: [운영시간/기간]. 다른 궁금한 점이나 우려 사항이 있으면 언제든지 알려주시기 바랍니다.
BL,고객지원팀에 몇 시까지 전화할 수 있는지 알아보세요,문의,고객 서비스 문의,도와주셔서 영광입니다! 고객님이 당사 고객 지원팀에 연락할 수 있는 영업 시간을 알고 싶어 한다는 것을 알았습니다. [운영시간/기간] 동안 당사의 전담 지원팀이 고객님을 도와드릴 수 있습니다. [고객센터전화번호]로 연락하시거나 당사 웹사이트 [웹사이트/메뉴]의 라이브 채팅을 통해 연락하실 수 있습니다. 추가 문의사항이나 문의 사항이 있으면 언제든지 알려주시기 바랍니다. 저는 도와주러 왔습니다!
BLQ,고객 지원을 받을 수 있는 시간을 확인하는 데 도움을 주세요,문의,고객 서비스 문의,고객님의 연락에 감사드립니다! 고객 지원팀에 연락할 수 있는 시간을 확인하는 데 도움이 필요하다고 생각합니다. 필요한 정보를 제공해 드리겠습니다. 당사의 고객 지원 팀은 다음 시간 동안 이용 가능합니다: [운영시간/기간]. 이 시간 내에 언제든지 저희에게 연락해 주시면 기꺼이 도와드리겠습니다. 제가 더 도와드릴 일이 있나요?
BLZ,고객 에 전화할 수 있는 시간 확인 지원,문의,고객 서비스 문의,무슨 말인지 알겠습니다! 저는 고객지원팀에 전화할 수 있는 시간을 확인하는 데 도움이 필요하다는 것과 같은 페이지에 있습니다. 당사의 전담 고객 지원팀은 [운영시간/기간]에서 연락 가능합니다. 이 기간 동안 연락하여 필요한 도움을 받으실 수 있습니다. 제가 도와드릴 다른 것이 있나요?
BEL,고객센터에 어떻게 연락하는지 모르겠어요,문의,고객 서비스 문의,"저희는 모두 귀를 기울입니다! 고객님이 당사 고객 서비스에 연락하는 방법을 잘 모르신다는 생각에 귀를 기울이고 있습니다. 저희의 전담 지원팀이 고객님을 도와드릴 것입니다. 전화, 이메일, 당사 웹사이트의 라이브 채팅을 통해 고객 서비스에 연락하실 수 있습니다. 고객님의 위치와 도움이 필요한 특정 문제를 알려주시면 최선의 연락 방법을 안내하고 관련 연락처 정보를 제공해 드릴 수 있습니다. 추가로 도움을 드릴 수 있는 방법을 알려주세요."
BIL,고객 지원이 가능한 시간은 어디에서 확인할 수 있나요?,문의,고객 서비스 문의,"저희는 모두 귀를 기울입니다! 고객님이 당사 고객지원팀의 운영시간에 대한 정보를 찾고 계시다는 생각에 귀를 기울이고 있습니다. 저희 팀의 업무 시간을 확인하려면 당사 웹사이트를 방문하여 ""연락처"" 또는 ""지원"" 페이지로 이동하십시오. 여기에서 질문이나 우려 사항이 있는 경우 당사 고객 지원 팀에 연락할 수 있는 특정 시간을 확인할 수 있습니다. 추가 지원이 필요하거나 다른 문의사항이 있으면 언제든지 알려주시기 바랍니다."
BIL,언제 고객 서비스에 연락할 수 있는지 어떻게 알 수 있나요?,문의,고객 서비스 문의,연락해주셔서 감사합니다! 저희 고객 서비스 팀에 문의하실 수 있는 영업 시간을 알고 싶으실 것 같습니다. [운영시간/기간]에 고객 서비스 담당자가 도움을 드릴 수 있습니다. 구체적인 질문이나 우려 사항이 있는 경우 언제든지 문의해 주세요. 우리가 도와주러 왔습니다!
BL,고객 지원 문의 지원,문의,고객 서비스 문의,"문의해 주셔서 감사합니다! 저는 고객님이 당사 고객 지원팀에 문의하는 데 필요한 도움을 제공해 드리겠습니다. 원활한 연결을 위해 전화, 이메일, 라이브 채팅 중 원하는 방법을 알려주시기 바랍니다. 이 정보가 있으면 절차를 단계별로 안내해 드릴 수 있습니다. 추가로 어떻게 도와드릴까요?"
BILQ,고객 지원이 가능한 시간을 확인하는 데 도움을 줄 수 있나요?,문의,고객 서비스 문의,우리를 믿어주셔서 감사합니다! 고객 지원이 가능한 시간을 알고 싶다는 점을 잘 알고 있습니다. 저희의 전담 지원팀이 [운영시간/기간]에서 고객님을 도와드립니다. 더 궁금하신 점이나 문의 사항이 있으시면 언제든지 문의해 주세요. 오늘은 또 어떤 도움을 드릴까요?
BL,고객 지원에 전화하기,문의,고객 서비스 문의,문의해 주셔서 감사합니다! 즉각적인 지원이 필요하고 고객 지원 팀과 전화 통화를 원하는 경우 [운영시간/기간] 중에 [고객센터전화번호]로 문의할 수 있습니다. 고객님이 가질 수 있는 질문이나 우려 사항을 해결하는 데 기꺼이 도움을 드릴 것입니다. 제가 도와드릴 다른 것이 있나요?
BCILW,빌어먹을 고객 지원팀에 연락하고 싶은데 어떻게 해야 하나요?,문의,고객 서비스 문의,"문의해 주셔서 감사합니다! 고객님의 불만과 고객 지원팀에 긴급하게 연락해야 하는 상황을 충분히 이해합니다. 고객님이 겪었을 수 있는 어려움에 대해 사과드립니다. 문의 사항을 해결하려면 전화, 이메일, 라이브 채팅 등의 채널을 통해 고객지원팀에 문의하세요. 전담 전문가로 구성된 저희 팀은 고객님을 지원하고 필요한 지원을 제공할 준비가 되어 있습니다. 추가로 어떻게 도와드릴까요?"
BLQ,고객지원팀에 언제 전화할 수 있는지 알아보고 있어요,문의,고객 서비스 문의,언제나 연결이 좋아요! 고객님이 당사 고객 지원팀의 운영 시간에 관심이 있다는 사실을 잘 알고 있습니다. 저희 팀은 다음 시간에 고객님을 도와드릴 수 있습니다: [고객 지원 시간]. 추가 문의사항이 있거나 다른 도움이 필요하시면 언제든지 알려주시기 바랍니다. 저는 도와주러 왔습니다!
BL,고객 지원에 문의하는 방법을 모르겠습니다.,문의,고객 서비스 문의,연락해주셔서 감사합니다! 고객님이 당사 고객 지원팀에 연락하는 방법을 잘 모르시는 것 같습니다. 걱정하지 마세요. 제가 이 과정을 안내해 드리겠습니다. 고객 지원팀에 문의하려면 [고객센터전화번호]로 전화하거나 웹사이트 [웹사이트/메뉴]의 라이브 채팅을 통해 문의하세요. 저희 팀은 [운영시간/기간] 동안 사용할 수 있습니다. 문제가 있는 경우 알려주시면 기꺼이 도와드리겠습니다.
BL,몇 시부터 고객센터에 전화할 수 있는지 알아봐야겠어요,문의,고객 서비스 문의,저는 그것을하고있다! 저는 고객님을 돕기 위해 여기 있습니다. 당사의 전담 고객 서비스 팀은 고객 지원 시간 동안 고객님께 도움을 드릴 수 있습니다. 정확한 정보를 제공하기 위해 고객님이 거주하는 시간대가 어느 시간대인지 여쭤봐도 될까요? 이렇게 하면 고객님이 우리에게 연락할 수 있는 정확한 시간을 알려드릴 수 있습니다.
BILQ,고객 지원팀에 언제 연락할 수 있는지 확인하는 방법,문의,고객 서비스 문의,문의해 주셔서 감사합니다! 고객 지원팀에 연락하기 위한 운영 시간을 알고 싶다는 점을 충분히 이해합니다. [운영시간/기간] 동안 당사의 전담 지원팀이 고객님을 도와드릴 수 있습니다. 구체적인 영업 시간을 알아보려면 당사 웹사이트를 방문하거나 당사 웹사이트에 제공된 연락처 정보를 통해 지원팀에 문의하세요. 제가 도와드릴 다른 것이 있나요?
BIL,고객 지원을 받을 수 있는 시간은 어디에서 확인하나요?,문의,고객 서비스 문의,"고객님의 의견은 소중합니다! 고객님이 당사 고객지원팀에 연락할 수 있는 시간을 확인하고 싶다는 연락을 받았습니다. 고객 지원 시간을 확인하려면 당사 웹사이트 [웹사이트/메뉴]를 방문하는 것이 좋습니다. ""연락처"" 또는 ""지원"" 섹션으로 이동하면 고객 지원 운영 시간에 대한 자세한 정보를 확인할 수 있습니다. 다른 질문이 있거나 추가 도움이 필요하시면 언제든지 알려주세요."
BL,고객 서비스에 연락할 수 있는 시간을 알려주세요,문의,고객 서비스 문의,우리가 도와드리겠습니다! 고객 서비스 팀에 연락하기에 가장 좋은 시간을 결정하는 데 도움이 필요하다는 점을 알고 있습니다. 당사의 전담 지원팀은 영업 시간([운영시간/기간]) 중에 연락할 수 있습니다. 고객님이 가질 수 있는 질문이나 우려 사항에 대해 도움을 드릴 수 있습니다. 신속한 도움을 받으려면 이 시간 동안 언제든지 연락하시기 바랍니다. 제가 더 도와드릴 일이 있나요?
BL,고객 서비스와 대화하는 데 도움,문의,고객 서비스 문의,고객 서비스 팀과 통화하는 데 도움을 요청해주셔서 감사합니다. 저는 고객님께 이 과정을 안내하는 데 도움을 드리고자 왔습니다. 제가 해결하고 싶은 구체적인 문의 사항이나 질문이 있으면 알려주시기 바랍니다. 저희는 함께 고객님이 필요한 지원을 받을 수 있도록 보장할 수 있습니다.
BILQ,고객 지원이 가능한 시간을 알려줄 수 있나요?,문의,고객 서비스 문의,연락해주셔서 감사합니다! 고객님께서 당사 고객 지원팀의 업무 시간을 알고 싶어하신다는 점을 확실히 알고 있습니다. [운영시간/기간]에 당사의 전담 지원팀이 고객님을 도와드릴 수 있습니다. 그 시간 동안 편하게 연락주시면 최선을 다해 도와드리겠습니다. 제가 도와드릴 다른 것이 있나요?
BILQ,고객 서비스에 언제 연락할 수 있는지 확인하는 방법,문의,고객 서비스 문의,언제나 연결이 좋아요! 고객님께서 저희 고객 서비스 팀의 운영 시간을 알고 싶어하신다는 사실을 잘 알고 있습니다. 가장 정확한 정보를 제공하기 위해 고객님이 언급하고 있는 특정 회사의 이름을 알려주시겠습니까? 그 정보를 얻으면 정확한 연락 시간을 알려드릴 수 있습니다.
BILP,고객 지원에 전화할 수 있나요?,문의,고객 서비스 문의,문의해 주셔서 감사합니다! 고객님이 전화로 고객지원팀에 문의해야 한다는 점을 충분히 이해합니다. 예. 고객 서비스 팀에 전화하여 도움을 요청할 수 있습니다. [운영시간/기간] 동안 [고객센터전화번호]로 연락하실 수 있습니다. 고객님이 가질 수 있는 모든 질문이나 우려 사항에 대해 기꺼이 도움을 드릴 것입니다. 제가 도와드릴 다른 것이 있나요?
BCILP,고객지원팀에 전화해야 하는데 어떻게 해야 하나요?,문의,고객 서비스 문의,우리를 믿어주셔서 감사합니다! 긴급하게 고객 지원팀에 전화하여 진행 방법에 대한 안내가 필요하다는 점을 잘 알고 있습니다. 안심하세요. 제가 도와드리겠습니다. 고객 지원에 문의하려면 [운영시간/기간] 중에 [고객센터전화번호]로 문의하세요. 또는 당사 웹사이트 [웹사이트/메뉴]에서 제공되는 라이브 채팅 옵션을 통해 당사와 연결할 수도 있습니다. 다른 질문이나 문의 사항이 있으면 언제든지 문의해 주세요. 오늘 제가 또 어떤 도움을 드릴 수 있을까요?
BLZ,고객지원팀에 연락하는 데 도움을 주세요,문의,고객 서비스 문의,저희는 듣고 있어요! 고객 지원팀에 문의하는 데 도움이 필요하다는 사실을 알고 있습니다. 저희는 소중한 고객에게 효율적이고 개인화된 지원을 제공하기 위해 노력하고 있습니다. 고객 지원에 연결하려면 전용 [운영시간/기간]에 고객 지원팀에 문의하세요. 저희 팀은 고객님이 가질 수 있는 질문이나 문의 사항에 대해 도움을 드리기 위해 대기하고 있습니다. 추가로 도움을 드릴 수 있는 방법이 있으면 언제든지 알려주시기 바랍니다.
BLQ,고객 지원팀에 문의하려면 어떻게 해야 할지 모르겠어요,문의,고객 서비스 문의,고객님의 메시지는 많은 의미가 있습니다! 저는 고객님이 당사 고객 지원팀과 어떻게 대화해야 할지 잘 모르겠다는 생각에 동의합니다. 걱정하지 마세요. 제가 이 과정을 안내해 드리겠습니다. 고객 지원을 받으려면 고객 지원 시간 동안 [고객센터전화번호]로 전화하거나 당사 웹사이트 [웹사이트/메뉴]의 라이브 채팅을 통해 문의하세요. 저희는 고객님을 지원하고 고객님이 가질 수 있는 우려 사항이나 질문을 해결하기 위해 왔습니다. 제가 도와드릴 수 있는 다른 사항이 있으면 알려주세요!
BILQ,네 고객지원 메일이 뭐야?,문의,고객 서비스 문의,고객님의 메시지에 감사드립니다! 고객님이 당사의 고객 지원 이메일을 알고 싶어한다는 것은 분명합니다. 당사의 전담 지원팀은 [이메일주소]로 연락하실 수 있습니다. 궁금한 점이나 문의 사항이 있으면 언제든지 문의해 주세요. 저희는 고객님을 돕기 위해 여기 있습니다.
BLQ,몇 시에 고객지원팀에 연락할 수 있는지 알고 싶어요,문의,고객 서비스 문의,저는 고객님을 듣고! 고객님이 당사 고객 지원팀에 연락할 수 있는 가능한 시간을 알고 싶다고 연락드립니다. 저희의 전담 지원팀은 [운영시간/기간] 동안 이용 가능합니다. 다른 문의사항이 있거나 추가 지원이 필요한 경우 언제든지 알려주시기 바랍니다. 저는 도와주러 왔습니다!
BILQZ,고객 지원팀과 통화할 수 있도록 도와주실 수 있나요?,문의,고객 서비스 문의,"문의해 주셔서 감사합니다! 고객님이 당사 고객 지원팀에 문의해야 한다는 점을 이해합니다. [운영시간/기간] 동안 당사의 전담 지원팀이 고객님의 우려 사항이나 문의사항을 해결해 드립니다. 전화 통화, 이메일, 라이브 채팅 등을 통해 고객님께 필요한 지원을 제공해 드리겠습니다. 오늘은 어떻게 더 도와드릴까요?"
BL,고객 지원이 가능한 시간이 언제인지 확인하도록 도와주세요,문의,고객 서비스 문의,고객님의 의견을 듣고 기뻐요! 고객 지원팀의 이용 가능 시간을 확인하는 데 도움이 필요하다는 점을 진심으로 이해합니다. [운영시간/기간] 동안 고객 지원이 제공됩니다. 해당 시간 내에 언제든지 연락해 주시면 최선을 다해 도와드리겠습니다. 제가 더 도와드릴 일이 있나요?
BL,고객 서비스에 몇 시까지 연락할 수 있는지 확인하세요,문의,고객 서비스 문의,"고객님의 메시지는 많은 의미가 있습니다! 저희 고객 서비스 팀에 연락할 수 있는 시간을 확인하고 싶다는 생각에 저는 동의합니다. [운영시간/기간] 동안 당사의 전담 지원팀이 고객님을 도와드릴 수 있습니다. 전화, 이메일, 라이브 채팅 등 다양한 채널을 통해 우리와 소통하실 수 있습니다. 저희는 고객님의 편의에 따라 필요한 지원을 제공해 드리겠습니다. 제가 도와드릴 다른 것이 있나요?"
BL,고객 지원팀과의 대화 지원,문의,고객 서비스 문의,"문의해 주셔서 감사합니다! 고객 지원팀과 연결하는 데 도움이 필요하다는 점을 충분히 이해합니다. [운영시간/기간]에 당사의 전담 지원팀이 고객님의 우려 사항을 해결하고 필요한 지원을 제공할 수 있습니다. 전화, 채팅, 이메일 중 무엇을 선호하시든 저희는 고객님의 편의를 위해 다양한 채널을 제공합니다. 추가로 도움이 필요하시면 알려주시기 바랍니다."
BILQ,몇 시에 고객 서비스에 연락할 수 있는지 어디서 확인할 수 있나요?,문의,고객 서비스 문의,고객님의 의견은 소중합니다! 고객님이 당사 고객 서비스 팀에 연락할 수 있는 시간을 알고 싶다는 연락을 받았습니다. 정확한 정보를 제공하기 위해서는 어떤 회사나 기관을 말씀하시는지 알아야 합니다. 각 회사마다 고객 서비스 시간과 커뮤니케이션 채널이 다를 수 있습니다. 회사명을 알려주시면 필요한 정보를 찾는 데 도움을 드릴 수 있습니다.
BL,고객지원팀에 연락할 수 있는 시간을 확인하려면 도움이 필요합니다,문의,고객 서비스 문의,"문의해 주셔서 감사합니다! 고객 지원팀에 연락할 수 있는 운영 시간을 찾는 데 도움이 필요하다는 점을 충분히 이해합니다. [운영시간/기간] 동안 당사의 전담 지원팀이 고객님을 도와드릴 수 있습니다. 당사 웹사이트 [웹사이트/메뉴]에서 전화, 이메일, 라이브 채팅 등 다양한 채널을 통해 연락하실 수 있습니다. 이 시간 동안 언제든지 연락해 주시면 궁금한 점이나 문의 사항이 있으면 기꺼이 도와드릴 것입니다. 추가로 도움이 필요하시면 알려주세요!"
BIL,무료 고객 지원 전화번호가 있나요?,문의,고객 서비스 문의,고객님의 메시지에 감사드립니다! 우리가 무료로 제공하는 고객 지원 전화번호가 있는지 알고 싶어 하시는 것 같습니다. 저희는 문의 사항이나 우려 사항에 대해 도움을 드리기 위해 무료로 고객 지원 서비스를 제공합니다. [고객센터전화번호]로 고객 지원팀에 문의하실 수 있습니다. 저희는 고객님을 돕고 가능한 최고의 지원을 제공해 드리겠습니다. 오늘은 또 어떤 도움을 드릴까요?
BCLQ,고객 서비스 센터에 얘기해야 해요 도움이 필요해요,문의,고객 서비스 문의,연락해주셔서 감사합니다! 고객님께서 긴급히 당사 고객 서비스 팀과 통화하여 도움이 필요하신 것으로 알고 있습니다. 저희의 전담 지원팀은 고객님이 가질 수 있는 모든 우려 사항을 지원하고 해결하기 위해 여기 있습니다. 빠른 처리를 위해 문제의 성격이나 관련 계정 정보 등 고객님께 필요한 특정 지원에 대한 자세한 내용을 제공해 주시기 바랍니다. 이를 통해 저희는 고객님께 가장 정확하고 효율적인 지원을 제공할 수 있습니다. 오늘은 어떻게 도와드릴까요?
BLQ,언제 고객 지원팀에 연락할 수 있는지 알고 싶어요,문의,고객 서비스 문의,고객님의 메시지는 많은 의미가 있습니다! 고객 지원팀에 연락할 수 있는 운영 시간을 알고 싶다는 생각에 동의합니다. 고객 지원은 [운영시간/기간]에서 가능합니다. 이 시간 동안 언제든지 문의해 주시면 최선을 다해 도와드리겠습니다. 오늘은 또 어떻게 고객님께 봉사할 수 있을까요?
BLZ,고객 지원팀에 전화하는 데 도움이 필요합니다,문의,고객 서비스 문의,연락해주셔서 기뻐요! 고객지원팀에 전화하는 데 도움이 필요하다는 점을 분명히 알고 있습니다. 저는 고객님이 이 과정을 진행하는 데 도움을 드리고자 왔습니다. 원활한 이용을 위해 성함과 연락처를 알려주시면 고객지원팀에 직접 연결해 드리겠습니다. 제가 도와드릴 다른 것이 있나요?
BILZ,고객지원팀에 전화할 수 있는 무료 전화번호가 있나요?,문의,고객 서비스 문의,무슨 말인지 알겠습니다! 저는 고객님이 당사 고객 지원팀에 문의할 수 있는 무료 전화번호를 찾고 있다는 것과 동일한 페이지에 있습니다. 고객 지원을 위한 무료 핫라인이 있습니다. [고객센터전화번호]로 당사 전담 지원팀에 연락하실 수 있습니다. 우리 상담원은 가능한 최고의 지원을 제공하고 고객님이 가질 수 있는 모든 우려 사항이나 질문을 해결하도록 교육을 받았습니다. 주저하지 마시고 전화주시면 최선을 다해 도와드리겠습니다.
BLQZ,고객지원팀에 몇 시까지 연락할 수 있는지 알고 싶어요,문의,고객 서비스 문의,연락해주셔서 감사합니다! 고객님는 당사 고객지원팀에 문의하기 위해 영업시간을 알아보고 계시는 것 같습니다. 저희 팀은 [운영시간/기간] 동안 고객님을 도울 준비가 되어 있습니다. 추가 지원이 필요하거나 다른 질문이 있으면 언제든지 알려주시기 바랍니다. 오늘은 또 무엇을 도와드릴까요?
BIL,고객 지원팀에 어떻게 연락하나요?,문의,고객 서비스 문의,연락해주셔서 감사합니다! 저희 고객 지원팀에 연락하는 방법을 알고 싶으신 것 같습니다. 연락하시려면 [운영시간/기간]([고객센터전화번호]) 또는 당사 웹사이트([웹사이트/메뉴])의 라이브 채팅을 통해 연락하실 수 있습니다. 저희 팀은 고객님이 가질 수 있는 모든 질문이나 우려 사항에 대해 도움을 드리기 위해 최선을 다하고 있습니다. 언제든지 우리에게 연락하시면 기꺼이 도와드리겠습니다. 제가 도와드릴 다른 것이 있나요?
BIL,고객지원팀과 통화가 가능한가요?,문의,고객 서비스 문의,"무슨 말인지 알겠습니다! 저는 고객님이 당사 고객 지원팀과 대화할 수 있는지 알고 싶은 것과 같은 페이지에 있습니다. 예, 고객 지원팀과 상담하는 것이 절대적으로 가능합니다. 저희의 친절하고 지식이 풍부한 담당자는 고객님을 지원하고 고객님이 가질 수 있는 모든 질문이나 문의 사항을 해결할 준비가 되어 있습니다. 전화 통화를 선호하시든 라이브 채팅을 선호하시든, 저희는 고객님이 쉽게 저희에게 연락할 수 있도록 다양한 채널을 제공하고 있습니다. 제가 도와드릴 수 있는 다른 일이 있으면 알려주시기 바랍니다."
BCILP,고객센터와 통화하고 싶은데 어떻게 해야 하나요?,문의,고객 서비스 문의,저희는 듣고 있어요! 저희 고객 서비스 팀에 문의하셔야 한다는 사실을 알고 있습니다. 저희는 고객님이 우리와 연결할 수 있는 몇 가지 편리한 옵션을 제공합니다. [고객센터전화번호]로 전화로 문의하시거나 당사 웹사이트 [웹사이트/메뉴]에서 라이브 채팅을 하실 수 있습니다. 저희는 고객님을 지원하고 고객님이 가질 수 있는 질문이나 우려 사항을 해결하기 위해 왔습니다. 오늘 고객님의 경험을 더욱 향상시키려면 어떻게 해야 합니까?
BL,언제 고객센터에 연락할 수 있는지 알아봐야겠어요,문의,고객 서비스 문의,"저희는 고객님의 봉사 활동을 소중히 여깁니다! 고객님이 당사 고객 서비스 팀에 연락할 수 있는 시간을 알아야 한다는 사실에 동의합니다. [운영시간/기간] 동안 당사의 전담 지원팀이 고객님을 도와드릴 수 있습니다. 전화, 이메일, 라이브 채팅 등 다양한 채널을 통해 연락할 수 있습니다. 다른 질문이나 우려 사항이 있으면 언제든지 알려주시기 바랍니다. 저는 도와주러 왔습니다!"
BIL,고객지원팀에 언제 연락할 수 있는지 확인할 수 있나요?,문의,고객 서비스 문의,무슨 말인지 알겠습니다! 저희 고객 지원팀에 연락하실 수 있는 시간을 확인하고 싶으신 것과 같은 페이지입니다. [운영시간/기간] 동안 당사의 전담 지원팀이 고객님을 도와드릴 수 있습니다. 다른 질문이나 문의 사항이 있으시면 언제든지 문의해 주세요. 오늘은 또 어떤 도움을 드릴까요?
BL,고객 지원이 가능한 시간을 확인하려고 합니다.,문의,고객 서비스 문의,"언제나 연결이 좋아요! 고객님께서 당사 고객 지원팀의 업무 시간을 알고 싶어하신다는 사실을 잘 알고 있습니다. 저희의 전담 지원팀이 [운영시간/기간]에서 고객님을 지원해 드리겠습니다. 전화, 이메일, 라이브 채팅 중 무엇을 통해 연락하시든, 저희는 고객님께 필요한 도움을 제공해 드릴 준비가 되어 있습니다. 특별히 도움이 필요하거나 다른 질문이 있는 경우 알려주시기 바랍니다."
BL,고객 지원팀에 연락할 수 있는 시간을 확인해야 합니다,문의,고객 서비스 문의,"저희는 모두 귀를 기울입니다! 고객지원팀에 문의할 수 있는 영업시간을 알고 싶으실 것 같아서요. 당사의 전담 지원팀은 다음 시간 동안 고객님을 도와드릴 수 있습니다: [운영시간/기간]. 도움이 필요하거나, 질문이 있거나, 어떤 종류의 도움이 필요하든, 당사 고객 지원팀은 고객님께 필요한 지원을 제공하기 위해 대기하고 있습니다. 이 시간 내에 주저하지 말고 연락해 주시면 최선을 다해 도와드리겠습니다."
BCL,고객 지원팀에 문의하고 싶습니다. 도움이 필요합니다.,문의,고객 서비스 문의,고객님의 메시지에 감사드립니다! 고객님이 당사 고객 지원팀의 도움을 찾고 계시다는 것은 분명합니다. 저는 전담 담당자와 대화하는 과정을 안내하는 데 도움을 드리고자 왔습니다. 도움이 필요한 특정 문제나 질문에 대한 자세한 내용을 제공해 주시겠습니까? 이를 통해 저는 고객님의 요구 사항을 더 잘 이해하고 가장 적절한 지침을 제공할 수 있습니다.
BL,고객 서비스에 전화할 수 있는 시간을 확인하는 데 도움,문의,고객 서비스 문의,저희는 고객님의 봉사 활동을 소중히 여깁니다! 고객님이 당사의 전담 고객 서비스 팀에 연락할 수 있는 구체적인 시간을 알고 싶다는 사실에 동의합니다. [운영시간/기간] 동안 고객 서비스에서 도움을 드릴 수 있습니다. [고객센터전화번호]로 연락하시거나 당사 웹사이트 [웹사이트/메뉴]의 라이브 채팅을 통해 언제든지 문의해 주십시오. 저희는 고객님이 가질 수 있는 질문이나 문의 사항에 대해 도움을 드리고 있습니다.
BILQ,고객 지원에 연락할 수 있는 시간을 확인하는 방법,문의,고객 서비스 문의,"문의해 주셔서 감사합니다! 고객 지원을 받기 위해 영업 시간을 확인해야 한다는 점을 이해합니다. 구체적인 영업 시간을 확인하려면 당사 웹사이트 [웹사이트/메뉴]를 방문하여 ""연락처"" 페이지로 이동하세요. 여기에서 고객 지원팀에 연락할 수 있는 시간을 확인할 수 있습니다. 다른 질문이 있거나 추가 지원이 필요하면 알려주시기 바랍니다."
BL,고객 지원팀에 문의하려고 합니다.,문의,고객 서비스 문의,연락해주셔서 감사합니다! 고객님께서 당사 고객 지원팀과 대화를 시도하신 것 같습니다. 저는 고객님이 그들과 연결될 수 있도록 돕기 위해 왔습니다. 고객님이 갖고 있는 특정 문제나 질문에 대한 추가 정보를 제공해 주시겠습니까? 이렇게 하면 적절한 채널로 안내하거나 고객 지원팀에 효과적으로 연락하는 데 필요한 세부 정보를 제공하는 데 도움이 됩니다.
BILQ,무료 고객 지원 전화번호가 있어요,문의,고객 서비스 문의,저희는 고객님을 위해 여기 있습니다! 무료 고객 지원 전화번호를 찾고 계신 것으로 알고 있습니다. 저희는 우수한 고객 서비스를 제공하기 위해 노력하고 있으며 이에 대해 도움을 드리고자 합니다. 당사 고객 지원팀은 [기타정보]로 연락하실 수 있습니다. 고객님이 가질 수 있는 모든 문의 사항이나 우려 사항에 대해 무료로 기꺼이 도움을 드릴 것입니다. 도움이 필요하면 언제든지 연락하세요. 제가 도와드릴 다른 것이 있나요?
BILP,고객 지원팀과 통화할 수 있나요?,문의,고객 서비스 문의,문의해 주셔서 감사합니다! 고객 지원팀과 통화하고 싶은 마음을 이해합니다. 저희는 고객님을 돕기 위해 다양한 옵션을 제공하고 있습니다. 전화([고객센터전화번호])를 통해 당사 전담 지원팀에 연락하거나 당사 웹사이트([웹사이트/메뉴])의 라이브 채팅 기능을 통해 당사와 연결할 수 있습니다. 당사의 지식이 풍부한 담당자가 고객님께 필요한 지원을 제공해 드리겠습니다. 추가로 도움이 필요하시면 언제든지 알려주시기 바랍니다.
BIL,고객 지원과 통화할 수 있는 무료 전화번호가 있나요?,문의,고객 서비스 문의,고객님의 연락에 감사드립니다! 고객 지원팀에 문의할 수 있는 무료 전화번호가 있는지 알고 싶으실 것 같습니다. 정확한 정보를 드리기 위해 문의하신 회사명을 알 수 있을까요? 이렇게 하면 고객님께 더 나은 지원을 제공하고 올바른 리소스를 안내하는 데 도움이 될 것입니다.
BILZ,의 고객 서비스는 어떻게 되나요?,문의,고객 서비스 문의,"연락해주셔서 감사합니다! 저는 고객님이 우리 고객 서비스 팀과 연결하고 싶어한다는 것을 확실히 알고 있습니다. 안심해 주세요. 고객님이 당사에 연락할 수 있는 다양한 채널이 있습니다. [고객센터전화번호]의 전용 헬프라인에 전화하여 고객 서비스 담당자와 상담하실 수 있습니다. 또는 당사 웹사이트 [웹사이트/메뉴]의 라이브 채팅 기능을 통해 당사에 연락하실 수도 있습니다. 지식이 풍부한 저희 팀은 고객님이 가질 수 있는 질문, 우려 사항 또는 문제에 대해 도움을 드릴 준비가 되어 있습니다. 저희는 고객님께 필요한 지원을 제공해 드리겠습니다. 오늘은 어떻게 더 도와드릴까요?"
BIL,고객 지원을 받을 수 있는 시간을 알려 주시겠어요?,문의,고객 서비스 문의,문의해주셔서 감사합니다! 고객님이 당사 고객 지원팀에 연락할 수 있는 시간을 알고 싶다는 점을 이해합니다. 당사의 전담 고객 지원은 [운영시간/기간]에서 제공됩니다. 더 궁금한 점이나 우려 사항이 있으면 언제든지 문의해 주세요. 저는 도와주러 왔습니다!
BL,고객지원팀에 전화할 수 있도록 도와주세요,문의,고객 서비스 문의,우리가 도와드리겠습니다! 고객지원팀에 전화하실 때 도움이 필요하신 것으로 알고 있습니다. 안심하세요. 제가 도와드리겠습니다. 당사의 전담 고객 지원에 연결하려면 운영 시간 동안 [고객센터전화번호]로 연락하실 수 있습니다. 또한 당사 웹사이트 [웹사이트/메뉴]의 라이브 채팅을 통해서도 이용 가능합니다. 추가 질문이나 문의 사항이 있으면 언제든지 문의해 주세요.
BL,고객지원팀에 연락하려면 도움이 필요합니다,문의,고객 서비스 문의,고객님의 연락에 감사드립니다! 고객님이 당사 고객 지원팀에 연락하는 데 도움이 필요하다고 생각합니다. 안심하세요. 제가 절차를 안내해 드리겠습니다. 고객 지원에 문의하려면 [운영시간/기간] 중에 연락하세요. [웹사이트/메뉴]에서 저희 팀에 문의하는 방법에 대한 자세한 내용을 확인할 수도 있습니다. 추가 문의 사항이나 질문이 있으면 주저하지 말고 공유해 주세요. 오늘 제가 또 어떤 도움을 드릴 수 있을까요?
BILQZ,고객 지원이 가능한 시간을 확인할 수 있나요,문의,고객 서비스 문의,저희는 고객님을 위해 여기 있습니다! 고객 지원이 가능한 시간을 확인하고 싶으신 것으로 알고 있습니다. [운영시간/기간]에 당사의 전담 고객 지원팀이 고객님을 도와드릴 수 있습니다. [고객센터전화번호]로 연락하시거나 당사 웹사이트 [웹사이트/메뉴]의 라이브 채팅을 통해 연락하실 수 있습니다. 다른 질문이나 문의 사항이 있으면 언제든지 알려주시기 바랍니다. 저는 도와주러 왔습니다!
BELQ,고객 서비스에 문의하려면 어떻게 해야 할지 모르겠어요,문의,고객 서비스 문의,"고객님의 메시지에 감사드립니다! 저희 고객 서비스 팀과 어떻게 대화해야 하는지 잘 모르실 것 같습니다. 당사 고객 서비스에 연락하시려면 다양한 채널을 통해 당사에 연락하실 수 있습니다. [고객센터전화번호]로 전화하거나, [이메일주소]로 이메일을 보내거나, 당사 웹사이트 [웹사이트/메뉴]에서 라이브 채팅 기능을 사용할 수 있습니다. 저희 팀은 고객님을 지원하고 고객님이 가질 수 있는 모든 우려 사항을 해결해 드릴 수 있습니다. 주저하지 마시고 문의해 주시면 기꺼이 도와드리겠습니다."
BIL,고객 서비스에 연락할 수 있는 시간은 어디에서 확인하나요?,문의,고객 서비스 문의,"문의해 주셔서 감사합니다! 고객 서비스에 연락할 수 있는 시간을 어디에서 확인할 수 있는지 알고 싶다는 점을 충분히 이해합니다. 고객 서비스 시간을 확인하려면 당사 웹사이트 [웹사이트/메뉴]를 방문하여 ""연락처"" 또는 ""지원"" 페이지로 이동하세요. 여기에서 당사 고객 서비스 팀이 고객님께 도움을 드릴 수 있는 특정 시간을 확인하실 수 있습니다. 추가 문의사항이 있거나 추가 지원이 필요한 경우 알려주시기 바랍니다."
BCIL,고객 지원팀에 문의하고 싶은데 도와주실 수 있나요?,문의,고객 서비스 문의,고객님의 의견을 듣고 기뻐요! 고객님이 당사 고객 지원팀과 상담하고 싶어한다는 점을 진심으로 이해합니다. 저는 고객님을 돕기 위해 여기 있습니다. 당사 고객 지원팀은 [운영시간/기간] 동안 이용 가능합니다. [고객센터전화번호]로 전화하거나 당사 웹사이트를 방문하고 라이브 채팅 기능을 사용하여 연락할 수 있습니다. 제가 더 도와드릴 일이 있나요?
BL,고객 지원팀과 상담하는 데 도움이 필요합니다,문의,고객 서비스 문의,문의해 주셔서 감사합니다! 고객 지원팀과 통화하는 데 도움이 필요하다는 점을 충분히 이해합니다. [운영시간/기간]에 당사의 전담 지원팀이 고객님의 우려 사항을 해결하고 필요한 지원을 제공합니다. [고객센터전화번호]로 전화하거나 당사 웹사이트 [웹사이트/메뉴]의 라이브 채팅을 통해 연락하실 수 있습니다. 고객님이 가질 수 있는 질문이나 문제에 대해 기꺼이 도움을 드릴 것입니다. 제가 더 도와드릴 일이 있나요?
BCILQ,고객지원팀에 전화해야 하는데 도와주세요,문의,고객 서비스 문의,저는 고객님을 듣고! 고객지원팀에 전화하셔서 도움이 필요하다고 알려드립니다. 저는 고객님이 당사 고객 지원팀에 연락하는 데 필요한 정보나 지침을 제공해 드리겠습니다. 선호하는 연락번호를 알려주실 수 있나요?
B,고객센터에 연락하려면 어떻게 해야하는지 모르겠어요,문의,고객 서비스 문의,저희는 고객님의 봉사 활동을 소중히 여깁니다! 고객 서비스 팀에 연락하는 방법을 잘 모르신다는 사실에 공감합니다. 걱정하지 마세요. 제가 고객님을 안내하기 위해 왔습니다. 고객 서비스에 연락하려면 [고객센터전화번호]로 전담 지원 라인에 전화하거나 당사 웹사이트를 방문하여 담당자와 라이브 채팅 세션을 시작할 수 있습니다. 저희 팀은 [운영시간/기간] 동안 고객님의 질문이나 우려 사항에 대해 도움을 드릴 수 있습니다. 원하시면 [이메일주소]로 이메일을 보내 주시면 최대한 빨리 연락드리겠습니다. 저희는 고객님께 필요한 지원을 제공하기 위해 최선을 다하고 있습니다. 오늘은 또 어떤 도움을 드릴까요?
BIL,고객님의 고객 서비스 전화번호는 무엇입니까?,문의,고객 서비스 문의,문의해 주셔서 감사합니다! 고객님께서 저희 고객 서비스 전화번호를 알고 싶어하신다는 점을 충분히 이해합니다. 고객님께 가장 정확한 최신 연락처 정보를 제공하기 위해 고객님이 어느 국가 또는 지역에 위치해 있는지 알려주시겠습니까? 이렇게 하면 고객 서비스 팀에 연락할 수 있는 올바른 전화번호를 알려드리는 데 도움이 됩니다.
BILW,빌어먹을 고객 지원팀에 얘기할 수 있나요?,문의,고객 서비스 문의,연락해주셔서 감사합니다! 저는 고객님이 좌절감을 느끼고 우리 고객 지원팀의 도움을 찾고 있다는 느낌을 받았습니다. 저희는 고객님이 가질 수 있는 모든 문의 사항을 해결하고 도와드리기 위해 왔습니다. 어떤 도움을 드릴 수 있는지 알려주시면 만족스러운 해결 방법을 제공하기 위해 최선을 다하겠습니다. 고객 만족은 우리에게 가장 중요하며 고객님의 인내와 이해에 감사드립니다.
BL,고객 지원팀과 대화하는 데 도움,문의,고객 서비스 문의,저희는 고객님을 위해 여기 있습니다! 고객 지원팀과 통화하는 데 도움이 필요하다는 것을 알고 있습니다. 그들에게 연락하려면 고객 지원 시간 동안 [운영시간/기간]로 연락하세요. 고객님이 가질 수 있는 질문이나 우려 사항에 대해 도움을 드릴 수 있습니다. 고객님이 가지고 있는 경험이나 의문 사항을 자유롭게 공유해 주세요. 제가 도와드리겠습니다. 오늘은 어떻게 추가로 도움을 드릴 수 있나요?
BL,언제 고객 서비스에 전화할 수 있는지 알려 줘,문의,고객 서비스 문의,연락해주셔서 감사합니다! 고객 서비스 팀에 연락하기 위한 운영 시간을 알고 싶어 하시는 점을 이해합니다. [운영시간/기간] 사이에서 저희 팀과 연결할 수 있습니다. 추가 질문이나 우려 사항이 있으면 언제든지 알려주시기 바랍니다. 저는 고객님을 돕기 위해 여기 있습니다!
BLZ,고객 서비스 담당자와 통화하고 싶습니다.,문의,고객 서비스 문의,"연락해주셔서 기뻐요! 저는 고객님이 우리 고객 서비스에 문의하고 싶어한다는 것을 분명히 알고 있습니다. 고도로 훈련된 저희 팀이 [운영시간/기간] 동안 고객님을 도와드릴 수 있습니다. 질문이나 문의 사항, 의견이 있으면 언제든지 공유해 주세요. 오늘 고객님의 경험을 더욱 향상시키려면 어떻게 해야 합니까?"
BCIL,고객 지원팀과 통화해야 하는데 어떻게 해야 합니까?,문의,고객 서비스 문의,우리를 믿어주셔서 감사합니다! 고객 지원팀에 문의하셔야 한다는 사실을 잘 알고 있습니다. 그들과 연결하려면 [고객센터전화번호]의 전용 고객 지원 헬프 라인에 연락하거나 [기타정보]의 고객 서비스 이메일 주소로 이메일을 보내십시오. 저희는 고객님이 가질 수 있는 모든 문의사항이나 우려 사항에 대해 도움을 드리고 있습니다. 주저하지 말고 문의해 주세요. 오늘은 또 어떤 도움을 드릴까요?
BLPWZ,빌어먹을 고객 지원팀과 통화하고 싶습니다,문의,고객 서비스 문의,무슨 말인지 알겠습니다! 저는 고객님이 저희 고객 지원팀과 이야기하고 싶은 것과 같은 생각입니다. 저는 고객님을 돕기 위해 왔습니다. 앞으로 어떻게 도와드릴 수 있는지 알려주세요.
BLQ,고객센터에 통화하려고 해요,문의,고객 서비스 문의,연락해주셔서 기뻐요! 저는 고객님이 우리 고객 서비스 팀과 통화하려고 노력했다는 것을 분명히 알고 있습니다. 불편을 끼쳐드려 죄송합니다. 저희 팀은 [운영시간/기간] 동안 연락 가능하며 고객님을 도와드릴 것입니다. 문의하는 동안 문제가 발생하는 경우 알려주시면 문제를 해결할 수 있도록 최선을 다해 도와드리겠습니다.
BLQ,고객 서비스에 몇 시까지 연락할 수 있는지 확인해야 해요,문의,고객 서비스 문의,연락해주셔서 기뻐요! 저는 고객님이 우리 고객 서비스에 연락할 수 있는 시간을 확인하고 싶어한다는 것을 분명히 알고 있습니다. 당사 고객 서비스 팀은 [운영시간/기간] 동안 고객님을 도와드릴 수 있습니다. 그들은 고객님께 필요한 지원을 제공하기 위해 최선을 다하고 있습니다. 제가 더 도와드릴 일이 있나요?
BELZ,고객 지원팀에 어떻게 문의해야 할지 모르겠습니다.,문의,고객 서비스 문의,저는 고객님을 듣고! 고객님이 당사 고객 지원팀에 연락하는 방법에 대해 확신이 없으셔서 연락드립니다. 고객님이 쉽게 도움을 요청할 수 있다는 것이 우리에게는 중요합니다. 고객 지원팀에 문의하려면 무료 전화번호 [고객센터전화번호]를 통해 연락하거나 당사 웹사이트 [웹사이트/메뉴]의 라이브 채팅 기능을 통해 문의하세요. 저희의 전담 지원팀은 고객님이 가질 수 있는 모든 질문이나 우려 사항에 대해 항상 도움을 주고 안내할 준비가 되어 있습니다. 주저하지 말고 연락하세요. 저희가 도와드리겠습니다!
BL,고객 지원팀에 연락하는 데 도움,문의,고객 서비스 문의,우리를 믿어주셔서 감사합니다! 고객 지원팀에 연락하는 데 도움이 필요하다는 점을 잘 알고 있습니다. 걱정하지 마세요. 제가 도와드리겠습니다! 고객 지원팀에 문의하려면 [운영시간/기간]에 문의해 주세요. [고객센터전화번호]로 전화하거나 당사 웹사이트 [웹사이트/메뉴]의 라이브 채팅을 통해 연락할 수 있습니다. 다른 질문이나 문의 사항이 있으면 언제든지 알려주시기 바랍니다.
BILQ,고객 서비스에 문의할 수 있는 무료 전화번호가 있어요,문의,고객 서비스 문의,"고객님의 연락에 감사드립니다! 고객님께서 당사 고객 서비스 팀에 연락하기 위한 무료 전화번호를 찾고 계시다는 것을 느꼈습니다. 예, 고객 지원을 위한 무료 전화번호가 있습니다. [고객센터전화번호]로 연락하시면 전담 지원팀이 기꺼이 도와드리겠습니다. 제가 더 도와드릴 일이 있나요?"
BLQWZ,빌어먹을 고객 지원에 전화하는 데 도움이 필요해,문의,고객 서비스 문의,문의해 주셔서 감사합니다! 고객지원팀에 전화하는 데 도움이 필요하다는 점을 충분히 이해합니다. 불편을 끼쳐드려 죄송합니다. 즉각적인 도움을 제공하기 위해 발생한 특정 문제를 공유해 주시겠습니까? 저는 고객님이 겪고 있는 어려움을 해결하는 데 도움을 드리고 당사 고객 서비스 팀과 연락할 수 있는 최선의 방법에 대한 지침을 제공해 드리겠습니다.
BLQ,고객지원팀에 언제 전화할 수 있는지 알려주세요,문의,고객 서비스 문의,무슨 말인지 알겠습니다! 저는 고객님이 전담 고객 지원팀에 전화할 수 있는 운영 시간에 대한 정보를 찾고 있는 것과 같은 페이지에 있습니다. 가장 정확한 정보를 제공하기 위해 고객님이 거주하는 국가나 지역을 알려주시겠습니까? 이렇게 하면 고객님께 더 나은 지원을 제공하고 해당 지역의 고객 지원을 위한 구체적인 연락 시간을 제공하는 데 도움이 될 것입니다.
BL,고객 지원팀과 대화,문의,고객 서비스 문의,문의해 주셔서 감사합니다! 고객 지원팀과 통화하고 싶은 마음을 충분히 이해합니다. 저는 고객님이 그들과 연결될 수 있도록 돕기 위해 왔습니다. 당사의 전담 지원팀에 연락하시려면 [운영시간/기간]([고객센터전화번호]) 동안 또는 당사 웹사이트([웹사이트/메뉴])의 라이브 채팅을 통해 연락하실 수 있습니다. 그들은 항상 고객님이 가질 수 있는 질문이나 우려 사항에 대해 도움을 드릴 준비가 되어 있습니다. 오늘은 또 어떤 도움을 드릴까요?
BILQZ,고객 서비스를 받을 수 있는 시간을 어떻게 알 수 있어?,문의,고객 서비스 문의,"문의해 주셔서 감사합니다! 우리 고객 서비스 팀의 운영 시간을 알고 싶으신 것을 이해합니다. 구체적인 영업 시간을 확인하려면 당사 웹사이트 [웹사이트/메뉴]를 방문하여 ""연락처"" 페이지로 이동하세요. 거기에서 지정된 고객 서비스 시간을 확인할 수 있습니다. 추가 문의사항이 있거나 다른 도움이 필요하시면 언제든지 알려주시기 바랍니다."
BILQ,고객 지원팀에 연락할 수 있는 이메일 주소가 있나요,문의,고객 서비스 문의,"문의해 주셔서 감사합니다! 저는 고객 지원팀에 연락할 수 있는 다른 방법을 갖는 것이 얼마나 중요한지 잘 알고 있습니다. 보다 즉각적인 응답을 위해 일반적으로 고객이 전화나 라이브 채팅과 같은 다른 채널을 통해 우리에게 연락할 것을 권장하지만, [이메일주소]로 이메일을 보낼 수도 있습니다. 다른 지원 채널에 비해 응답 시간이 다를 수 있다는 점을 명심하세요. 다른 질문이나 문의 사항이 있으면 언제든지 알려주시기 바랍니다. 저는 고객님을 돕기 위해 여기 있습니다!"
BILQ,고객 서비스에 연락할 수 있는 무료 전화번호가 있어요,문의,고객 서비스 문의,저희는 모두 귀를 기울입니다! 고객님이 당사 고객 서비스 팀에 연락하기 위한 무료 전화번호를 찾고 계시다는 생각이 듭니다. 고객님의 편의를 위해 무료 전화번호를 제공해 드립니다. [고객센터전화번호]로 연락하실 수 있습니다. 저희의 전담 지원팀은 고객님이 가질 수 있는 모든 질문이나 우려 사항에 대해 도움을 드릴 준비가 되어 있습니다. 언제든지 편하게 문의해주세요.
BL,고객 지원을 받을 수 있는 시간을 확인해야 합니다,문의,고객 서비스 문의,도와주셔서 영광입니다! 고객님는 당사 고객 지원팀에 문의하기 위한 운영 시간을 알고 싶어 하시는 것으로 알고 있습니다. 당사의 전담 고객 지원은 [운영시간/기간]에서 제공됩니다. 이 시간 동안 언제든지 연락해 주시면 최선을 다해 도와드리겠습니다. 제가 도와드릴 수 있는 다른 사항이 있으면 알려주세요!
BLPQ,고객 지원팀에 어떻게 문의해야 할지 모르겠어요,문의,고객 서비스 문의,문의해 주셔서 감사합니다! 고객 지원팀에 문의하는 방법을 잘 모르신다는 점을 충분히 이해합니다. 안심하세요. 제가 절차를 안내해 드리겠습니다. 고객 지원팀에 연락하려면 지원 시간 동안 [고객센터전화번호]로 헬프라인에 전화하거나 웹사이트 [웹사이트/메뉴]를 방문하여 라이브 채팅 기능을 사용하여 상담원과 연결할 수 있습니다. 저희는 고객님께 필요한 지원을 제공하기 위해 최선을 다하고 있습니다. 오늘 제가 더 도와드릴 일이 있나요?
BL,고객센터에 얘기해야겠어요,문의,고객 서비스 문의,우리가 도와드리겠습니다! 저희 고객 서비스 팀에 문의하셔야 합니다. 신속한 응답과 맞춤형 지원을 받으려면 [운영시간/기간]에 고객 서비스에 문의하는 것이 좋습니다. [고객센터전화번호]로 연락하거나 당사 웹사이트 [웹사이트/메뉴]의 라이브 채팅을 통해 연락할 수 있습니다. 저희 팀은 고객님의 우려 사항을 해결하고 가능한 최고의 지원을 제공하기 위해 최선을 다하고 있습니다. 오늘은 또 어떤 도움을 드릴까요?
BLQZ,고객 지원이 가능한 시간을 확인해야 합니다.,문의,고객 서비스 문의,고객님의 메시지는 많은 의미가 있습니다! 저희 고객 지원팀의 이용 가능 시간을 알고 싶다는 생각에 저는 동의합니다. 저희의 전담 지원팀은 [운영시간/기간] 동안 이용 가능합니다. 질문이 있거나 추가 지원이 필요한 경우 이 시간 동안 언제든지 문의해 주세요. 오늘 제가 더 도와드릴 일이 있나요?
BLQ,고객 지원팀에 연락하는 방법을 모르겠어요,문의,고객 서비스 문의,저는 고객님을 듣고! 고객님이 당사 고객 지원팀에 연락하는 방법을 잘 모르신다는 연락을 드립니다. 안심해 주세요. 제가 고객님을 안내하기 위해 왔습니다. 고객 지원을 받으려면 [기타정보]로 문의하세요. 저희 팀은 고객님을 지원하고 필요한 도움을 제공할 수 있습니다. 제가 도와드릴 수 있는 다른 일이 있으면 알려주시기 바랍니다.
BLQ,고객 지원팀에 전화할 수 있는 시간이 언제인지 확인하고 싶습니다.,문의,고객 서비스 문의,우리가 도와드리겠습니다! 당사 고객 지원팀에 연락할 수 있는 시간을 알아보는 데 도움이 필요하다는 점을 알려드립니다. 저희의 전담 지원팀은 [운영시간/기간] 동안 이용 가능합니다. [고객센터전화번호]의 고객 지원 핫라인이나 [웹사이트/메뉴] 웹사이트의 라이브 채팅을 통해 문의하실 수 있습니다. 더 궁금한 점이나 우려 사항이 있으면 언제든지 문의해 주세요. 오늘은 또 어떤 도움을 드릴까요?
BL,고객 서비스에 연락할 수 있는 시간을 확인하는 데 도움이 됩니다,문의,고객 서비스 문의,고객님의 의견은 소중합니다! 저희 고객 서비스 팀에 문의하실 수 있는 시간을 확인하는 데 도움이 필요하신 것으로 확인되었습니다. [운영시간/기간] 동안 당사의 전담 지원팀이 고객님을 도와드릴 수 있습니다. [고객센터전화번호]로 전화하거나 당사 웹사이트 [웹사이트/메뉴]의 라이브 채팅을 통해 연락할 수 있습니다. 다른 질문이나 문의 사항이 있으면 언제든지 알려주시기 바랍니다. 저는 도와주러 왔습니다!
BL,고객지원팀에 언제 연락할 수 있는지 알려주세요,문의,고객 서비스 문의,연락해주셔서 감사합니다! 당사 고객지원팀에 문의하실 수 있는 영업시간을 알고 싶으신 것으로 알고 있습니다. [운영시간/기간] 동안 당사의 전담 담당자가 고객님을 도와드릴 수 있습니다. 다른 질문이나 우려 사항이 있으면 언제든지 알려주시기 바랍니다. 저는 도와주러 왔습니다!
BLZ,고객 지원팀과 통화할 수 있게 도와주세요,문의,고객 서비스 문의,저희는 듣고 있어요! 고객 지원팀과 대화하는 데 도움이 필요하다는 사실을 알고 있습니다. 저는 고객님께 그 과정을 안내하기 위해 왔습니다. 고객 지원에 연결하려면 [고객센터전화번호]로 전화하거나 웹사이트 [웹사이트/메뉴]를 방문하여 라이브 채팅 세션을 시작하세요. 저희의 전담 지원팀은 고객님이 가질 수 있는 모든 질문이나 우려 사항에 대해 도움을 드릴 준비가 되어 있습니다. 제가 도와드릴 수 있는 다른 일이 있으면 알려주시기 바랍니다.
BL,고객지원팀에 언제 전화할 수 있는지 확인하는 데 도움이 됩니다.,문의,고객 서비스 문의,문의해 주셔서 감사합니다! 고객 지원팀에 전화하기 위한 영업 시간 확인에 도움이 필요하다는 점을 충분히 이해합니다. 당사의 전담 지원팀은 다음 시간 동안 고객님을 도와드릴 수 있습니다: [운영시간/기간]. 다른 질문이나 우려 사항이 있으면 언제든지 알려주시기 바랍니다. 저는 도와주러 왔습니다!
BL,고객 지원팀에 연락할 수 있는 시간을 확인하세요,문의,고객 서비스 문의,저희는 모두 귀를 기울입니다! 고객님이 당사 고객 지원팀에 문의할 수 있는 시간을 알고 싶으실 것으로 생각됩니다. 당사의 전담 지원팀이 [운영시간/기간]를 통해 고객님을 도와드릴 수 있습니다. 이 기간 동안 언제든지 저희에게 연락해 주시면 궁금한 점이나 문의 사항이 있으면 기꺼이 도와드리겠습니다. 제가 도와드릴 다른 것이 있나요?
BILZ,고객지원팀에 전화할 수 있는 시간은 어떻게 확인하나요?,문의,고객 서비스 문의,연락해주셔서 감사합니다! 저희 고객지원팀에 문의하기 위해 영업시간을 확인하는 방법을 알고 싶으신 것 같습니다. 구체적인 영업 시간을 확인하려면 당사 웹사이트를 방문하거나 고객 지원 핫라인 [고객센터전화번호]에 문의하시기 바랍니다. 지식이 풍부한 저희 팀은 고객님이 가질 수 있는 모든 질문이나 우려 사항에 대해 기꺼이 도움을 드릴 것입니다. 오늘은 또 어떤 도움을 드릴까요?
BILQ,무료 고객 지원 전화번호가 있나요,문의,고객 서비스 문의,고객님의 의견을 들으니 반갑습니다! 수신자 부담 고객 지원 전화번호가 있는지 알고 싶으신 것 같습니다. 저희는 고객님의 시간을 소중히 여기며 편리한 지원 옵션을 제공하기 위해 최선을 다하고 있습니다. 더 나은 지원을 위해 문의하시는 국가를 알려주시겠어요? 이렇게 하면 무료 전화번호에 관한 가장 정확한 정보를 고객님께 제공하는 데 도움이 될 것입니다.
BIL,고객 서비스에 전화하는 걸 도와주실 수 있나요?,문의,고객 서비스 문의,우리를 믿어주셔서 감사합니다! 고객 서비스에 전화하는 데 도움이 필요하다는 것을 잘 알고 있습니다. 저는 고객님께 절차를 안내하고 필요한 지원을 제공해 드리겠습니다. 당사 고객 서비스 팀에 연락하려면 전용 고객 지원 번호 [고객센터전화번호]로 전화하세요. 저희 팀은 다음 시간 동안 연락 가능합니다: [운영시간/기간]. 원하는 경우 당사 웹사이트 [웹사이트/메뉴]에서 라이브 채팅 지원을 제공할 수도 있습니다. 추가로 도움이 필요하시면 알려주시기 바랍니다.
BLW,빌어먹을 고객 지원팀에 전화하고 싶어요,문의,고객 서비스 문의,고객님의 의견을 들으니 반갑습니다! 저는 고객님이 좌절감을 느끼고 도움이 필요하다는 것을 알고 있습니다. 당사의 전담 고객 지원 팀이 고객님을 도와드리겠습니다. [운영시간/기간] 동안 [고객센터전화번호]로 연락할 수 있습니다. 안심해 주세요. 그들은 고객님의 우려 사항을 해결하고 고객님께 필요한 지원을 제공하도록 교육을 받았습니다. 제가 도와드릴 다른 것이 있나요?
BLQZ,몇 시에 고객 서비스에 전화할 수 있는지 확인하고 싶어,문의,고객 서비스 문의,언제나 연결이 좋아요! 고객 서비스 팀에 문의할 수 있는 영업 시간을 알고 싶다는 사실을 잘 알고 있습니다. 당사의 전담 지원팀은 고객 지원 시간([운영시간/기간]) 동안 고객님을 도와드릴 수 있습니다. 다른 질문이나 문의 사항이 있으면 언제든지 알려주시기 바랍니다. 저는 도와주러 왔습니다!
BLW,빌어먹을 고객지원팀에 연락할 수 있게 도와줘,문의,고객 서비스 문의,문의해 주셔서 감사합니다! 고객님의 불만과 고객 지원팀에 긴급하게 연락해야 하는 상황을 충분히 이해합니다. 저희의 전담 지원팀이 고객님을 도와드릴 것입니다. [운영시간/기간] 중에 [고객센터전화번호]로 전화하거나 당사 웹사이트 [웹사이트/메뉴]의 라이브 채팅을 통해 연락하실 수 있습니다. 그들은 문제 해결에 기꺼이 도움을 주거나 고객님의 질문에 답변해 드릴 것입니다. 제가 도와드릴 다른 것이 있나요?
BLQ,고객 지원팀에 연락할 수 있는 시간을 확인하는 데 도움이 필요합니다,문의,고객 서비스 문의,우리가 도와드리겠습니다! 고객 지원팀에 문의하기 위한 운영 시간을 찾는 데 도움이 필요하신 것으로 알고 있습니다. [운영시간/기간] 동안 당사의 전담 지원팀이 고객님을 도와드릴 수 있습니다. [고객센터전화번호]로 전화하거나 당사 웹사이트의 라이브 채팅 기능([웹사이트/메뉴])을 통해 당사에 연락하실 수 있습니다. 다른 질문이나 우려 사항이 있으면 언제든지 알려주시기 바랍니다. 저는 도와주러 왔습니다!
BLZ,고객 지원에 전화할 수 있는 시간을 확인하는 데 도움을 주세요,문의,고객 서비스 문의,문의해 주셔서 감사합니다! 저는 고객님이 당사 고객 지원 팀에 연락하기 위한 최적의 시간을 알아야 한다는 점을 충분히 이해합니다. [운영시간/기간] 동안 당사의 전담 지원팀에 통화가 가능합니다. 해당 시간에 전화해 주시면 기꺼이 도와드리겠습니다. 제가 더 도와드릴 일이 있나요?
BLQ,고객 지원팀에 연락할 수 있는 시간이 몇 시인지 알려주세요,문의,고객 서비스 문의,연락해주셔서 감사합니다! 고객님이 당사 고객 지원팀의 운영 시간을 알고 싶어한다는 것을 확실히 알고 있습니다. 당사의 전담 지원팀이 [운영시간/기간]를 통해 고객님을 도와드릴 수 있습니다. 다른 질문이나 문의 사항이 있으면 알려주시기 바랍니다. 저는 도와주러 왔습니다!
BLZ,고객 지원을 받을 수 있는 시간을 확인해야 합니다.,문의,고객 서비스 문의,문의해 주셔서 감사합니다! 고객 지원팀에 연락하기 위해 이용 가능한 시간을 확인해야 한다는 점을 충분히 이해합니다. [운영시간/기간] 동안 당사의 전담 고객 서비스 담당자가 고객님을 도와드릴 수 있습니다. 이를 통해 고객님이 질문이나 문의 사항이 있거나 지원이 필요할 때마다 저희 팀이 고객님을 도와드릴 수 있습니다. 제가 도와드릴 다른 것이 있나요?
BCILQ,고객지원팀에 연락해야 하는데 어떻게 해야 하나요?,문의,고객 서비스 문의,"저희는 고객님을 위해 여기 있습니다! 저희 고객 지원팀에 문의하셔야 한다는 것을 알고 있습니다. 고객님의 편의를 위해 다양한 채널을 제공하고 있습니다. 웹사이트 채팅, support@example.com으로 이메일을 보내거나 [고객센터전화번호]로 전화하여 고객 지원에 문의하실 수 있습니다. 추가 질문이나 문의 사항이 있으면 언제든지 문의해 주세요. 우리가 도와드리겠습니다!"
BIL,고객지원팀에 언제 연락할 수 있는지 어디서 확인할 수 있나요?,문의,고객 서비스 문의,"문의해주셔서 감사합니다! 저는 고객님이 당사 고객 지원팀의 운영 시간을 알고 싶어 한다는 점을 충분히 이해합니다. 고객 지원을 받을 수 있는 구체적인 시간을 알아보려면 당사 웹사이트를 방문하는 것이 좋습니다. 당사 웹사이트에서 ""연락처"" 페이지나 ""지원"" 섹션으로 이동하시면 필요한 정보를 찾으실 수 있습니다. 다른 질문이 있거나 추가 도움이 필요하시면 언제든지 알려주세요."
BIZ,고객센터에 언제 연락할 수 있는지 어떻게 확인하나요?,문의,고객 서비스 문의,"당사 고객 서비스 팀에 문의해 주셔서 감사합니다. 연락 가능한 운영 시간을 확인하려면 당사 웹사이트 [웹사이트/메뉴]를 방문하세요. 여기서 연락처 정보와 고객 지원 시간은 일반적으로 ""연락처"" 또는 ""지원"" 페이지에 표시됩니다. 또는 [고객센터전화번호]로 전화하시면 당사 담당자가 고객 서비스 시간 제공에 기꺼이 도움을 드릴 것입니다. 저희가 도와드리겠습니다. 추가 질문이나 문의 사항이 있으면 알려주시기 바랍니다."
BL,고객 서비스에 연락하는 데 도움,문의,고객 서비스 문의,연락해주셔서 기뻐요! 고객님이 당사 고객 서비스 팀에 연락하는 데 도움이 필요하다는 점을 분명히 알고 있습니다. 안심하세요. 제가 도와드리겠습니다. [고객센터전화번호]로 전화하거나 [이메일주소]로 이메일을 보내 고객 서비스에 연락할 수 있습니다. 저희 팀은 고객님이 가질 수 있는 모든 문의 사항이나 우려 사항에 대해 시기적절하고 유용한 지원을 제공하기 위해 최선을 다하고 있습니다. 언제든지 연락하시면 기꺼이 도와드릴 것입니다. 제가 도와드릴 다른 것이 있나요?
BIL,고객 서비스에 문의할 수 있나요?,문의,고객 서비스 문의,고객님의 의견을 들으니 반갑습니다! 고객님께서 당사 고객 서비스 팀과 통화를 원하신다는 것을 알 수 있습니다. 저희는 고객님을 도울 수 있는 전담 지원팀을 보유하고 있습니다. 최상의 지원을 제공하기 위해 현재 직면한 문제나 필요한 정보에 대한 자세한 내용을 제공해 주시겠습니까? 이를 통해 고객님의 특정 문제를 해결할 수 있는 적절한 담당자와 고객님을 연결해 드릴 수 있습니다.
BLQ,고객 지원팀에 전화할 수 있는 시간을 알려주세요,문의,고객 서비스 문의,저희는 듣고 있어요! 고객님이 당사 고객 지원팀에 연락할 수 있는 시간을 알고 싶다는 사실을 알고 싶습니다. 정확한 정보를 제공하기 위해 고객님이 어느 국가 또는 지역에 있는지 알려주시겠습니까? 이렇게 하면 고객님 지역의 고객 지원 시간에 대한 구체적인 세부 정보를 제공하는 데 도움이 됩니다.
BL,고객 서비스에 전화하는 데 도움,문의,고객 서비스 문의,저희는 듣고 있어요! 고객 서비스 팀에 전화하는 데 도움이 필요하다는 사실을 알고 있습니다. 안심하세요. 절차를 진행하는 데 도움을 드리기 위해 제가 왔습니다. 고객 서비스에 전화하려면 [고객센터전화번호]로 전화하세요. 저희의 전담 지원팀은 고객님이 가질 수 있는 모든 질문이나 우려 사항에 대해 도움을 드릴 준비가 되어 있습니다. 원하시면 당사 웹사이트 [웹사이트/메뉴]의 라이브 채팅을 통해 문의하실 수도 있습니다. 더 궁금한 점이 있거나 추가 지원이 필요한 경우 언제든지 문의하세요. 오늘은 또 어떤 도움을 드릴까요?
BIL,고객님의 고객 지원 메일은 무엇입니까?,문의,고객 서비스 문의,고객님의 의견을 들으니 반갑습니다! 고객님께서는 당사 고객 지원팀에 문의하기 위한 이메일을 찾고 계신 것으로 확인됩니다. 저희는 고객님의 문의를 소중히 여기며 신속한 지원을 제공하기 위해 노력하고 있습니다. 고객 지원팀에 연락하려면 [이메일주소]로 이메일을 보내세요. 그들은 고객님의 우려 사항을 기꺼이 해결하고 고객님께 필요한 도움을 제공할 것입니다. 제가 도와드릴 다른 것이 있나요?
BCILPQW,빌어먹을 고객 지원팀에 전화해야 하는데 도와줄 수 있나요?,문의,고객 서비스 문의,저희는 고객님을 위해 여기 있습니다! 긴급하게 고객 지원 센터에 전화하셔야 한다는 것을 알고 있습니다. 고객님께서 겪으셨을 수 있는 불편함에 대해 사과드립니다. 저희 팀은 문제 해결을 돕거나 고객님의 질문에 답변해 드립니다. 보다 효과적으로 도움을 드릴 수 있도록 몇 가지 추가 세부정보를 제공해 주시기 바랍니다. 어떤 구체적인 문제나 질문에 대해 도움을 원하시나요?
BL,고객 지원팀에 연락할 수 있는 시간을 확인하는 데 도움을 주세요,문의,고객 서비스 문의,문의해 주셔서 감사합니다! 고객 지원팀에 문의할 수 있는 운영 시간을 확인해야 한다는 점을 충분히 이해합니다. [운영시간/기간] 동안 당사의 전담 지원팀이 고객님을 도와드릴 수 있습니다. 전화선 [고객센터전화번호] 또는 웹사이트 [웹사이트/메뉴]의 라이브 채팅 등 다양한 채널을 통해 문의하실 수 있습니다. 저희는 서비스 시간 내에 고객님께 필요한 지원을 제공해 드리겠습니다. 다른 질문이나 문의 사항이 있으면 언제든지 알려주세요.
BIL,고객센터에 전화하려면 어떻게 해야 하나요?,문의,고객 서비스 문의,저희는 모두 귀를 기울입니다! 고객 서비스에 전화하려면 어떤 단계를 거쳐야 하는지 알고 싶으실 것 같아요. 고객 지원팀에 연결하려면 [고객센터전화번호]로 전용 고객 서비스 전화번호로 전화하세요. 저희 팀은 [운영시간/기간] 동안 고객님의 문의 사항이나 우려 사항에 대해 도움을 드릴 수 있습니다. 언제든지 저희에게 연락해 주시면 기꺼이 도와드리겠습니다. 제가 도와드릴 다른 것이 있나요?
BIQZ,고객 서비스 이용 가능 시간이 언제인지 알려주실 수 있나요?,문의,고객 서비스 문의,고객님의 의견을 듣고 기뻐요! 고객님이 당사 고객 서비스 팀의 업무 시간을 알고 싶다는 점을 진심으로 이해합니다. 저는 고객님을 돕기 위해 여기 있습니다. 우리 고객 서비스 팀은 [운영시간/기간] 동안 이용 가능합니다. 문의 사항이나 지원이 필요한 경우 저희 팀에 연락할 수 있는 시간입니다. 제가 도와드릴 수 있는 다른 사항이 있으면 언제든지 알려주시기 바랍니다.
BLQ,고객 서비스에 전화하는 데 도움이 필요해요,문의,고객 서비스 문의,연락해주셔서 감사합니다! 고객 서비스에 전화하는 데 도움이 필요하다는 느낌이 듭니다. 더 나은 지원을 위해 통화하려는 특정 전화번호를 알려주시겠습니까?
BLQ,고객 서비스에 문의하는 데 도움이 필요해요,문의,고객 서비스 문의,저는 고객님을 듣고! 고객 서비스 팀과 통화하는 데 도움이 필요하다는 소식을 전해 드립니다. 안심하세요. 제가 절차를 안내해 드리겠습니다. 고객 서비스에 연결하려면 [운영시간/기간] 중에 연락하실 수 있습니다. [고객센터전화번호]로 당사 전용 헬프라인에 전화하거나 당사 웹사이트 [웹사이트/메뉴]의 라이브 채팅 기능을 통해 당사 담당자와 채팅할 수 있습니다. 그들은 고객님의 우려 사항에 대해 기꺼이 도움을 드릴 것입니다. 오늘 제가 더 도와드릴 일이 있나요?
BILQ,고객 서비스와 통화하는 데 도움을 줄 수 있나요?,문의,고객 서비스 문의,문의해 주셔서 감사합니다! 저는 고객님이 당사 고객 서비스 팀과 통화해야 한다는 점을 충분히 이해합니다. 저희는 고객님을 돕고 고객님이 필요로 하는 지원을 제공해 드리겠습니다. 원활한 대화를 위해 계정 정보나 통화 이유 등 추가 세부정보를 제공해 주시기 바랍니다. 이렇게 하면 고객님의 문제를 효과적으로 해결할 수 있는 적절한 담당자와 고객님을 연결하는 데 도움이 될 것입니다.
BL,고객센터에 문의하고 싶어요,문의,고객 서비스 문의,"저는 고객님이 우리 고객 서비스 팀과 통화하고 싶어한다는 것을 깨달았고, 저는 고객님을 돕기 위해 여기 있습니다. [운영시간/기간] 동안 당사의 전담 지원팀이 고객님의 질문이나 우려 사항을 해결해 드립니다. [고객센터전화번호] 헬프라인을 통해 또는 당사 웹사이트 [웹사이트/메뉴]의 라이브 채팅을 통해 언제든지 문의해 주세요. 저희는 고객님께 필요한 지원을 제공하고 고객 만족을 보장하기 위해 왔습니다. 추가로 어떻게 도와드릴까요?"
BIL,언제 고객지원에 전화할 수 있는지 어떻게 확인하나요?,문의,고객 서비스 문의,우리를 믿어주셔서 감사합니다! 저희 고객지원팀의 업무시간을 확인하는 절차를 알고 싶다는 점 잘 알고 있습니다. 이용 가능한 시간을 확인하려면 당사 웹사이트 [웹사이트/메뉴]를 방문하여 고객 지원 섹션으로 이동하세요. 또는 [고객센터전화번호]로 고객 지원 팀에 직접 연락하여 가용성에 관한 최신 정보를 얻을 수 있습니다. 저희 팀은 고객님을 돕기 위해 최선을 다하고 있으며 고객님께 필요한 정보를 기꺼이 제공할 것입니다. 제가 더 도와드릴 일이 있나요?
BIL,고객 지원에 전화할 수 있는 시간은 어디에서 확인하나요?,문의,고객 서비스 문의,"연락해주셔서 감사합니다! 당사 고객 지원팀에 전화할 수 있는 시간을 어디에서 확인할 수 있는지 알고 싶습니다. 이 정보는 당사 웹사이트의 ""연락처"" 섹션에서 확인할 수 있습니다. 저희 웹사이트로 이동하여 페이지 하단으로 스크롤한 후 ""연락처"" 링크를 클릭하시면 됩니다. 여기에서 당사 고객 지원팀에 연락할 수 있는 시간을 확인할 수 있습니다. 다른 질문이 있거나 추가 도움이 필요하시면 언제든지 알려주세요."
BILQZ,고객 서비스에 몇 시까지 연락할 수 있는지 어떻게 알 수 있어?,문의,고객 서비스 문의,"저희는 듣고 있어요! 고객님께서 저희 고객 서비스 팀에 연락하기 위한 영업 시간을 찾는 방법을 알고 싶어 하신다는 사실을 알고 싶습니다. 저희 팀의 업무 시간을 확인하려면 당사 웹사이트를 방문하여 ""연락처"" 또는 ""지원"" 섹션으로 이동하십시오. 여기에서 고객 서비스 시간과 관련하여 필요한 정보를 찾으실 수 있습니다. 다른 질문이나 문의 사항이 있으면 언제든지 알려주시기 바랍니다. 저는 고객님을 더 도와주기 위해 왔습니다."
BLP,고객지원팀에 전화할 수 있는 시간을 알고 싶습니다.,문의,고객 서비스 문의,언제나 연결이 좋아요! 고객님이 당사 고객 지원팀에 전화할 수 있는 시간을 알고 싶다는 사실을 잘 알고 있습니다. [운영시간/기간] 동안 당사의 전담 지원팀이 고객님을 도와드릴 수 있습니다. [고객센터전화번호]로 문의하실 수 있습니다. 저희는 고객님이 가질 수 있는 모든 질문에 답변하거나 문의 사항을 해결하는 데 도움을 드리고 있습니다. 오늘은 또 어떤 도움을 드릴까요?
BL,고객센터에 전화할 수 있는 시간을 확인해야겠어요,문의,고객 서비스 문의,저희는 고객님을 위해 여기 있습니다! 당사 고객서비스팀에 문의하실 수 있는 영업시간을 확인하셔야 하는 것으로 알고 있습니다. [운영시간/기간] 동안 고객 서비스 담당자가 도움을 드릴 수 있습니다. [고객센터전화번호]로 전화하거나 당사 웹사이트 [웹사이트/메뉴]의 라이브 채팅을 통해 연락할 수 있습니다. 추가 질문이 있거나 도움이 필요하시면 언제든지 알려주시기 바랍니다.
BCL,고객 지원에 연락하고 싶습니다. 도움이 필요합니다.,문의,고객 서비스 문의,고객님의 연락에 감사드립니다! 고객님께서 당사 고객 지원팀에 연락하여 도움이 필요하신 것으로 알고 있습니다. [운영시간/기간]에 당사의 전담 지원팀이 고객님을 도와드릴 수 있습니다. [기타정보]를 통해 연락하시면 기꺼이 필요한 지원을 제공해 드릴 것입니다. 다른 질문이나 우려 사항이 있으면 언제든지 알려주시기 바랍니다.
BILQZ,몇 시에 고객 지원에 전화할 수 있는지 확인할 수 있나요,문의,고객 서비스 문의,확실히! 저는 고객님을 돕기 위해 여기 있습니다. 당사의 고객 지원 팀은 [운영시간/기간] 동안 이용 가능합니다. 문의사항이나 우려 사항이 있는 경우 해당 시간 동안 언제든지 저희에게 연락해 주시기 바랍니다. 제가 더 도와드릴 일이 있나요?
BIL,고객지원팀에 연락할 수 있는 이메일이 있나요?,문의,고객 서비스 문의,저희는 고객님을 위해 여기 있습니다! 고객님께서 당사 고객 지원팀에 문의하기 위한 이메일을 찾고 계시다는 것을 알고 있습니다. 저희는 고객 문의 및 지원을 위해 이메일 서비스를 제공합니다. [[기타정보]]번으로 문의하실 수 있습니다. 저희 팀은 고객님이 가질 수 있는 질문이나 우려 사항에 대해 기꺼이 도움을 드릴 것입니다. 제가 더 도와드릴 일이 있나요?
BLZ,고객 지원팀에 문의해야 해요,문의,고객 서비스 문의,우리를 믿어주셔서 감사합니다! 고객님께서 당사 고객 지원팀에 문의하셔야 한다는 점을 잘 알고 있습니다. 저는 고객님을 안내하고 고객님이 필요로 하는 도움을 제공하기 위해 여기에 있습니다. 당사는 고객 지원 시간 동안 고객님의 우려 사항을 해결하고 만족스러운 해결책을 제공하기 위해 전담 담당자를 보유하고 있습니다. 저희 팀과 연결하는 데 추가로 어떻게 도움을 드릴 수 있나요?
BIL,고객 서비스가 가능한 시간을 알 수 있나요?,문의,고객 서비스 문의,연락해주셔서 감사합니다! 고객님이 당사 고객 서비스 팀의 업무 시간을 알고 싶어한다는 것을 확실히 알고 있습니다. 저희의 전담 지원팀은 [운영시간/기간]에서 고객님을 도울 준비가 되어 있습니다. 제가 더 도와드릴 일이 있나요?
BLQ,고객 지원팀에 언제 연락할 수 있는지 확인하려고 해요,문의,고객 서비스 문의,도와주셔서 영광입니다! 저희 고객지원팀에 문의하실 수 있는 영업시간을 결정하려고 하시는 것으로 알고 있습니다. 저는 고객님을 돕기 위해 여기 있습니다. 당사 고객 지원팀은 [운영시간/기간]에서 연락 가능합니다. 도움이 필요할 경우 해당 시간 동안 언제든지 연락해 주시기 바랍니다. 제가 더 도와드릴 일이 있나요?
BLQ,도움이 필요하세요 고객 지원팀에 문의하세요,문의,고객 서비스 문의,연락해주셔서 감사합니다! 고객님이 당사 고객 지원팀에 문의하는 데 도움을 구하고 있다는 것을 확실히 알고 있습니다. 저는 고객님을 돕기 위해 여기 있습니다. 고객 지원과 효율적으로 연결하려면 지정된 [운영시간/기간] 동안 고객 지원에 연락할 수 있습니다. 다른 질문이나 문의 사항이 있으면 언제든지 알려주시기 바랍니다. 최선을 다해 도와드리겠습니다.
BLQZ,몇 시에 고객 서비스에 전화할 수 있는지 알고 싶어요,문의,고객 서비스 문의,"고객님의 의견을 들으니 반갑습니다! 저희 고객 서비스 팀에 연락하실 수 있는 영업 시간을 찾는 데 도움을 요청하신 것으로 확인됩니다. [운영시간/기간] 동안 당사의 전담 지원팀이 고객님을 도와드릴 수 있습니다. 이 시간 내에 언제든지 저희에게 연락해 주시면, 궁금한 점이나 문의 사항이 있으면 기꺼이 도와드리겠습니다. 제가 도와드릴 다른 것이 있나요?"
BLQZ,도움이 필요해요고객 서비스에 문의하세요,문의,고객 서비스 문의,우리가 도와드리겠습니다! 고객 서비스 팀과 대화하는 데 도움이 필요하다는 점을 알고 있습니다. 저희 팀은 고객님이 가질 수 있는 모든 우려 사항을 돕고 해결하기 위해 왔습니다. 그들과 연결하려면 고객 서비스 핫라인 [고객센터전화번호]에 연락하거나 당사 웹사이트를 방문하여 지원 담당자와 라이브 채팅을 시작할 수 있습니다. 질문이나 문제가 있으면 기꺼이 도와드릴 것입니다. 저희는 고객님의 시간을 소중히 여기며 고객님께 필요한 도움을 제공하기를 기대합니다.
BCILP,고객센터에 문의하고 싶은데 어떻게 해야 하나요?,문의,고객 서비스 문의,저희는 고객님을 위해 여기 있습니다! 고객님이 당사 고객 서비스 팀에 문의하고 싶어한다는 것을 알고 있습니다. 이를 위해 지정된 고객 지원 시간 동안 당사에 연락하실 수 있습니다. 저희 팀은 고객님이 가질 수 있는 질문이나 우려 사항에 대해 도움을 드릴 수 있습니다. 또는 당사 웹사이트의 라이브 채팅 옵션을 통해 당사에 연락하실 수도 있습니다. 저희는 고객님께 필요한 지원을 제공해 드리겠습니다. 추가로 어떻게 도와드릴까요?
BLZ,고객 지원과 대화하는 데 도움이 필요합니다,문의,고객 서비스 문의,"저희는 모두 귀를 기울입니다! 고객 지원팀과 대화하는 데 도움이 필요하다는 생각에 귀를 기울이고 있습니다. 안심하세요. 제가 도와드리겠습니다. 고객 지원에 연결하려면 [운영시간/기간] 중에 문의하세요. 전화, 이메일, 라이브 채팅 등 다양한 채널을 통해 이용 가능합니다. 더 나은 경험을 제공하기 위해 제가 할 수 있는 다른 일이 있으면 알려주시기 바랍니다."
BILQ,고객지원팀에 연락하려면 어떻게 해야 하나요?,문의,고객 서비스 문의,"연락해주셔서 감사합니다! 고객님께서 당사 고객 지원팀에 문의하고 싶어 하시는 것으로 알고 있습니다. 그들과 연결하려면 당사 웹사이트 [웹사이트/메뉴]를 방문하고 ""연락처"" 페이지를 클릭하여 전화, 이메일 또는 라이브 채팅과 같은 다양한 옵션을 찾을 수 있습니다. 또는 [고객센터전화번호]로 전화하여 고객 지원에 문의할 수 있습니다. [운영시간/기간] 동안 사용할 수 있습니다. 제가 도와드릴 수 있는 다른 사항이 있으면 언제든지 알려주세요!"
BCIL,고객지원팀에 문의해야 하는데 도움을 받을 수 있나요?,문의,고객 서비스 문의,문의해 주셔서 감사합니다! 긴급하게 당사 고객 지원팀에 문의하셔야 한다는 점을 충분히 이해합니다. 저희는 적시에 지원을 제공하고 고객님이 겪을 수 있는 문제를 해결하기 위해 노력하고 있습니다. 원활한 경험을 보장하기 위해 [운영시간/기간]에 고객 지원 팀이 제공됩니다. 제가 도와드릴 수 있는 구체적인 사항이 있으면 언제든지 알려주세요. 최선을 다해 도와드리겠습니다.
BL,고객 지원팀에 문의하려면 어떻게 해야 할지 모르겠습니다.,문의,고객 서비스 문의,"저희는 모두 귀를 기울입니다! 고객 지원팀에 문의하는 단계에 대해 확신이 없으실 것으로 생각됩니다. 괜찮아요; 저는 고객님을 안내하기 위해 여기에 있습니다. 당사의 전담 고객 지원팀에 연락하려면 [운영시간/기간]에 연락하실 수 있습니다. [고객센터전화번호]로 전화하거나 당사 웹사이트 [웹사이트/메뉴]의 라이브 채팅 기능을 통해 이용할 수 있습니다. 이러한 채널을 사용하면 당사 지원 팀이 고객님이 가질 수 있는 모든 질문, 우려 사항 또는 문제에 대해 기꺼이 도움을 드릴 것입니다. 저희는 고객님께 필요한 지원을 제공하고 고객님의 경험을 최대한 원활하게 만들기 위해 여기 있다는 것을 기억하십시오. 추가로 어떻게 도와드릴까요?"
BL,고객지원팀에서 누구든지 가능,문의,고객 서비스 문의,문의해 주셔서 감사합니다! 고객님이 긴급하게 고객 지원팀에 연락해야 한다는 점을 이해합니다. 안심하세요. 전담 지원팀이 고객님을 도와드릴 수 있으니 안심하세요. [고객센터전화번호]로 전화하거나 당사 웹사이트 [웹사이트/메뉴]의 라이브 채팅을 통해 고객 지원에 문의할 수 있습니다. 저희 팀은 고객님께 필요한 지원을 제공하고 도와드립니다. 오늘 고객님의 경험을 어떻게 더 좋게 만들 수 있습니까?
BIL,고객 지원팀에 문의하려면 어떻게 해야 합니까?,문의,고객 서비스 문의,문의해 주셔서 감사합니다! 저는 고객 지원팀과 통화하고 싶은 고객님의 욕구를 충분히 이해합니다. 그들에게 연락하려면 다음 채널 중 하나를 통해 연락할 수 있습니다. 1. 전화: [고객센터전화번호]로 고객 지원팀에 문의하실 수 있습니다. 전화로 기꺼이 도와드릴 것입니다. 2. 라이브 채팅: 당사 웹사이트 [웹사이트/메뉴]를 방문하여 라이브 채팅 기능을 찾아보세요. 당사의 고객 지원 팀은 이 채널을 통해 실시간 지원을 제공할 것입니다. 3. 이메일: 원하는 경우 [이메일주소]의 고객 지원 팀에 이메일을 보낼 수 있습니다. 그들은 가능한 한 빨리 고객님의 문의에 응답할 것입니다. 4. 소셜 미디어: [기타정보]와 같은 공식 소셜 미디어 채널을 통해 당사에 연락하실 수도 있습니다. 당사의 고객 지원 팀은 이러한 플랫폼을 적극적으로 모니터링하며 기꺼이 도움을 드릴 것입니다. 고객님께 가장 편리한 채널을 선택하십시오. 저희 팀은 고객님을 돕기 위해 최선을 다하고 있습니다. 제가 도와드릴 일이 더 있으면 알려주세요!
BLQ,고객 지원팀과 통화하려면 도움이 필요합니다,문의,고객 서비스 문의,고객님의 의견은 소중합니다! 고객 지원팀에 문의하는 데 도움이 필요하다는 것을 확인했습니다. 저희 팀은 [운영시간/기간] 동안 사용할 수 있습니다. [고객센터전화번호]로 연락하시거나 당사 웹사이트 [웹사이트/메뉴]의 라이브 채팅을 통해 연락하실 수 있습니다. 저희는 고객님께 필요할 수 있는 도움이나 지원을 제공해 드리겠습니다. 제가 도와드릴 다른 것이 있나요?
BL,고객 지원에 연락할 수 있는 시간을 확인하세요,문의,고객 서비스 문의,연락해주셔서 감사합니다! 고객님는 당사 고객 지원팀에 연락할 수 있는 시간을 알고 싶어하시는 것 같습니다. [운영시간/기간] 동안 당사의 전담 지원팀이 고객님을 도와드릴 수 있습니다. [고객센터전화번호]로 연락하시거나 당사 웹사이트 [웹사이트/메뉴]의 라이브 채팅을 통해 연락하실 수 있습니다. 이 시간 동안 언제든지 저희에게 연락해 주시면 고객님이 가질 수 있는 질문이나 문의 사항에 대해 최선을 다해 도와드리겠습니다.
BL,고객지원팀에 언제 연락할 수 있는지 확인해야 해요,문의,고객 서비스 문의,문의해 주셔서 감사합니다! 고객 지원팀에 연락할 수 있는 영업 시간을 확인해야 한다는 점을 충분히 이해합니다. 저희 팀은 [운영시간/기간]에서 고객님을 도와드릴 수 있습니다. 제가 더 도와드릴 일이 있나요?
BILQZ,고객 지원팀에 전화할 수 있게 도와주실 수 있나요?,문의,고객 서비스 문의,고객님의 의견을 듣고 기뻐요! 고객님이 당사 고객 지원팀에 전화하는 데 도움이 필요하다는 점을 진심으로 이해합니다. 안심하세요. 제가 절차를 안내해 드리겠습니다. 고객 지원에 문의하려면 고객 지원 전화번호 [고객센터전화번호]로 전화하세요. 저희 팀은 [운영시간/기간] 동안 고객님의 질문이나 우려 사항을 해결해 드릴 수 있습니다. 다른 의사소통 방법을 선호하는 경우 당사 웹사이트 [웹사이트/메뉴]의 라이브 채팅 서비스를 통해 당사에 문의하실 수도 있습니다. 제가 도와드릴 수 있는 다른 사항이 있으면 언제든지 알려주시기 바랍니다.
BLQZ,내가 언제 서비스에 연락할 수 있는지 확인해 줘,문의,고객 서비스 문의,문의해 주셔서 감사합니다! 우리 고객 서비스 팀이 근무할 수 있는 영업 시간을 알고 싶은 고객님의 요구를 이해합니다. 저는 고객님을 돕기 위해 여기 있습니다. [운영시간/기간] 동안 고객 서비스를 이용할 수 있습니다. 이 시간 동안 언제든지 저희에게 연락해 주시면 고객님이 가질 수 있는 모든 질문이나 문의 사항에 대해 기꺼이 도와드리겠습니다. 오늘 제가 더 도와드릴 일이 있나요?
BIL,언제 고객지원에 전화할 수 있는지 어떻게 알 수 있나요?,문의,고객 서비스 문의,"저희는 듣고 있어요! 당사 고객 지원팀에 문의할 수 있는 영업 시간을 알고 싶다는 사실을 알고 있습니다. 구체적인 시기를 확인하려면 당사 웹사이트 [웹사이트/메뉴]를 방문하여 ""연락처"" 또는 ""지원"" 페이지로 이동하세요. 거기에 나열된 고객 지원 시간을 확인할 수 있습니다. 원하는 경우 [고객센터전화번호]로 저희 팀에 연락하시면 기꺼이 필요한 정보를 제공해 드릴 것입니다. 저희는 고객님을 돕기 위해 여기 있습니다. 추가 질문이나 우려 사항이 있으면 주저하지 말고 문의하십시오."
BILQ,고객 서비스와 통화할 수 있는 무료 전화번호가 있어요,문의,고객 서비스 문의,연락해주셔서 감사합니다! 저는 고객님이 우리 고객 서비스 팀과 통화할 수 있는 무료 전화번호를 찾고 있다는 것을 확실히 알고 있습니다. 고객님께 최고의 지원을 제공하기 위해 당사 웹사이트([웹사이트/메뉴])를 방문해 주시기 바랍니다. 저희 웹사이트에서 [운영시간/기간]에 무료로 전화할 수 있는 고객 서비스 전화번호를 찾으실 수 있습니다. 저희의 전담 지원팀은 고객님이 가질 수 있는 모든 문의 사항이나 우려 사항에 대해 기꺼이 도움을 드릴 것입니다. 언제든지 저희에게 연락해 주세요.
BCLZ,고객 서비스팀과 통화하고 싶습니다. 도와주세요,문의,고객 서비스 문의,도와주셔서 영광입니다! 고객님께서 당사 고객 서비스 팀과 통화하고 싶어하시는 것으로 알고 있습니다. [운영시간/기간] 동안 당사의 전담 지원팀이 고객님을 도와드릴 수 있습니다. 추가로 도움을 드릴 수 있는 방법을 알려주세요.
BIQ,고객 서비스에 연락하는 데 도움을 줄 수 있나요?,문의,고객 서비스 문의,과연! 고객 서비스 팀에 연락하는 데 도움이 필요하다는 것을 이해합니다. 연락하려면 고객 지원 시간 중에 [고객센터전화번호]로 전화하거나 웹사이트 [웹사이트/메뉴]를 방문하여 라이브 채팅 기능을 사용하여 담당자와 채팅할 수도 있습니다. 제가 도와드릴 수 있는 다른 사항이 있으면 언제든지 알려주세요!
BIL,고객지원팀에 어떻게 전화하나요?,문의,고객 서비스 문의,문의해 주셔서 감사합니다! 고객님이 당사 고객 지원팀에 문의해야 한다는 점을 충분히 이해합니다. 고객 서비스 담당자와 통화하려면 고객 지원 시간 동안 무료 전화번호 [고객센터전화번호]([운영시간/기간])로 전화하세요. 저희 팀은 고객님이 가질 수 있는 질문이나 우려 사항에 대해 기꺼이 도움을 드릴 것입니다. 제가 더 도와드릴 일이 있나요?
BL,고객 서비스에 몇 시까지 연락할 수 있는지 알려주세요,문의,고객 서비스 문의,"연락해주셔서 감사합니다! 저는 고객님이 우리 고객 서비스 팀의 운영 시간을 알고 싶어한다는 것을 확실히 알고 있습니다. [운영시간/기간] 동안 당사의 전담 지원팀이 고객님을 도와드릴 수 있습니다. 전화, 이메일, 라이브 채팅 등 다양한 채널을 통해 문의하실 수 있습니다. 저희는 고객님께 필요한 지원을 제공해 드리겠습니다. 추가로 도움이 필요하시면 알려주시기 바랍니다."
BLQ,고객 지원팀에 몇 시까지 전화할 수 있는지 알려 줘,문의,고객 서비스 문의,저희는 고객님을 위해 여기 있습니다! 고객님이 당사 고객 지원 센터에 전화할 수 있는 영업 시간을 알고 싶다는 것을 알고 있습니다. 고객 지원은 [운영시간/기간]에서 가능합니다. 이 시간 동안 언제든지 저희에게 연락해 주시면 최선을 다해 도와드리겠습니다! 제가 더 도와드릴 일이 있나요?
BILQ,고객지원팀에 전화할 수 있는 시간을 어떻게 알 수 있나요,문의,고객 서비스 문의,연락해주셔서 감사합니다! 당사 고객 지원팀에 연락할 수 있는 시간을 알고 싶다는 점을 이해합니다. 구체적인 영업 시간을 알아보려면 당사 웹사이트 [웹사이트/메뉴]를 방문하거나 고객 서비스 핫라인 [고객센터전화번호]에 문의하세요. 저희 팀은 지정된 고객 지원 시간 동안 기꺼이 도움을 드릴 것입니다. 오늘 제가 더 도와드릴 일이 있나요?
BILZ,고객 지원팀에 전화하려면 어떻게 해야 하나요?,문의,고객 서비스 문의,문의해 주셔서 감사합니다! 고객 지원에 전화하려면 전용 고객 지원 헬프라인 [고객센터전화번호]에 전화하기만 하면 됩니다. 저희 팀은 고객님이 가질 수 있는 질문이나 우려 사항에 대해 기꺼이 도움을 드릴 것입니다. 저희는 고객님의 경험이 원활하고 즐거운 경험이 될 수 있도록 돕기 위해 왔습니다. 제가 도와드릴 다른 것이 있나요?
BILQ,고객지원팀에 전화할 수 있는 무료 전화번호가 있어요,문의,고객 서비스 문의,저는 고객님을 듣고! 고객님께서 당사 고객 지원 센터에 전화할 수 있는 무료 전화번호를 찾고 계시다는 소식을 전해 드립니다. 당사는 전담 고객 지원팀에 문의할 수 있는 무료 전화번호를 제공합니다. [고객센터전화번호]로 연락하실 수 있습니다. 저희 팀은 항상 고객님을 도울 준비가 되어 있습니다. 제가 더 도와드릴 일이 있나요?
BL,고객 지원팀에 연락할 수 있는 시간을 확인하려고 합니다.,문의,고객 서비스 문의,무슨 말인지 알겠습니다! 저희 고객지원팀의 운영시간을 확인하시려는 것과 같은 페이지입니다. 당사의 전담 지원 담당자가 [운영시간/기간]를 통해 고객님을 도와드릴 수 있습니다. 문의사항이나 우려 사항이 있는 경우 이 기간 동안 언제든지 연락해 주세요. 오늘은 또 어떤 도움을 드릴까요?
BILZ,고객 지원팀에 어떻게 문의하나요?,문의,고객 서비스 문의,"문의해 주셔서 감사합니다! 고객 지원팀에 연락하고 싶은 마음을 이해합니다. 고객 지원 담당자와 통화하려면 고객 지원 시간 중에 [고객센터전화번호]로 연락하세요. 또는 당사 웹사이트 [웹사이트/메뉴]의 라이브 채팅 기능을 통해 당사와 채팅하실 수도 있습니다. 저희는 고객님이 가질 수 있는 모든 질문, 우려 사항 또는 문제에 대해 도움을 드리고 있습니다. 오늘은 또 어떤 도움을 드릴까요?"
BL,고객 지원팀과 대화하기,문의,고객 서비스 문의,문의해 주셔서 감사합니다! 고객 지원팀과 대화가 필요하다는 점을 이해합니다. 저희의 전담 지원팀이 고객님을 지원하고 고객님께 필요한 도움을 제공해 드리겠습니다. 고객 지원에 연결하려면 고객 지원 시간 동안 [고객센터전화번호]로 연락하거나 당사 웹사이트 [웹사이트/메뉴]의 라이브 채팅 기능을 통해 연락할 수 있습니다. 저희 팀은 고객님의 문의 사항과 우려 사항을 효과적으로 해결하도록 교육을 받았습니다. 더 나은 지원을 제공하는 데 도움이 될 수 있는 질문이나 정보를 주저하지 말고 공유해 주세요. 고객님의 양해에 감사드리며 곧 고객님과 통화할 수 있기를 기대합니다!
BILQ,고객지원팀에 어떻게 연락하나요,문의,고객 서비스 문의,"문의해 주셔서 감사합니다! 고객님이 당사 고객 지원팀에 문의해야 한다는 점을 이해합니다. 당사에 연락하려면 당사 전용 지원 핫라인 [고객센터전화번호]로 전화하세요. 또한 당사 웹사이트 [웹사이트/메뉴]의 라이브 채팅 기능을 통해 지원을 제공하며, 여기에서 당사 담당자와 실시간으로 채팅할 수 있습니다. 또한 [이메일주소]의 지원 이메일 주소로 이메일을 보낼 수 있습니다. 저희는 고객님을 지원하고 고객님의 질문이 즉시 해결되도록 하기 위해 왔습니다. 추가로 어떻게 도와드릴까요?"
BLQZ,고객지원팀에 몇 시까지 연락할 수 있는지 확인하고 싶어요,문의,고객 서비스 문의,"언제나 연결이 좋아요! 고객지원팀에 문의하기 위한 영업시간을 알고 싶다는 사실을 잘 알고 있습니다. [운영시간/기간] 동안 당사의 전담 지원팀이 고객님을 도와드릴 수 있습니다. 이 시간 동안 전화, 이메일, 라이브 채팅 등 다양한 채널을 통해 당사에 연락하실 수 있습니다. 저희는 고객님께 필요한 지원을 제공해 드리겠습니다. 다른 질문이나 문의 사항이 있으시면 언제든지 문의해 주세요."
BLW,나 빌어먹을 고객 지원팀에 얘기하려고 하는데,문의,고객 서비스 문의,연락해주셔서 기뻐요! 저는 고객님이 불만을 느끼고 있으며 당사 고객 지원팀과 상담하고 싶어한다는 점을 분명히 알고 있습니다. 불편을 끼쳐드려 죄송합니다. 저희 팀은 고객님을 지원하고 고객님이 가질 수 있는 모든 우려 사항을 해결하기 위해 왔습니다. 추가로 도움을 드릴 수 있는 방법을 알려주세요.
BL,몇시에 고객센터에 전화할 수 있는지 확인하려고 합니다,문의,고객 서비스 문의,문의해 주셔서 감사합니다! 우리 고객 서비스 팀의 운영 시간을 확인하고 싶은 마음을 충분히 이해합니다. [운영시간/기간] 동안 당사의 전담 지원팀이 도움을 드릴 수 있습니다. 추가로 도움이 필요하시면 알려주시기 바랍니다.
BLZ,고객 서비스에 문의하려면 도움이 필요합니다,문의,고객 서비스 문의,언제나 연결이 좋아요! 고객 서비스 팀과 통화하는 데 도움이 필요하다는 사실을 잘 알고 있습니다. 저는 고객님께 절차를 안내하고 고객님의 우려 사항이 해결되었는지 확인하기 위해 왔습니다. 추가로 도움을 드릴 수 있는 방법을 알려주세요.
BCLW,"빌어먹을 고객 지원팀과 통화하고 싶은데요, 도와주세요",문의,고객 서비스 문의,문의해 주셔서 감사합니다! 고객님이 당사 고객 지원팀과 통화하고 싶어한다는 점을 충분히 이해합니다. 어려움을 겪고 계신다면 사과드립니다. 저희의 전담 지원팀이 고객님의 문의사항에 대해 도움을 드리고 필요한 지원을 제공하기 위해 대기하고 있습니다. 더 나은 지원을 위해 고객 지원팀과 논의하고 싶은 특정 문제나 우려 사항을 알려주시겠습니까?
BL,고객 서비스에 언제 연락할 수 있는지 확인하는 데 도움이 필요합니다,문의,고객 서비스 문의,저희는 고객님의 봉사 활동을 소중히 여깁니다! 고객 서비스 팀에 연락할 수 있는 시간을 결정하는 데 도움이 필요하다는 사실에 동의합니다. 저희의 전담 지원팀은 [운영시간/기간] 동안 고객님을 도울 준비가 되어 있습니다. 그 때 언제든지 저희에게 연락하시면 고객님이 가질 수 있는 모든 문의 사항이나 우려 사항에 대해 기꺼이 도움을 드리겠습니다. 추가로 도움이 필요하시면 알려주세요!
BIL,고객 지원팀에 연락할 수 있는 무료 전화번호가 있나요?,문의,고객 서비스 문의,저희는 고객님의 봉사 활동을 소중히 여깁니다! 고객 지원팀에 연락할 수 있는 무료 전화번호가 있는지 알고 싶다는 사실에 동의합니다. 저희는 소중한 고객에게 편리하고 접근 가능한 지원 옵션을 제공하기 위해 노력하고 있습니다. 현재 고객 지원을 위한 무료 전화번호가 있습니다. [고객센터전화번호]로 고객 지원팀에 문의하실 수 있습니다. 고객님이 가질 수 있는 모든 문의 사항이나 우려 사항에 대해 기꺼이 도움을 드릴 것입니다. 고객님이 편한 시간에 언제든지 연락하세요. 제가 도와드릴 다른 것이 있나요?
BILP,고객 지원에 전화할 수 있는 시간을 어떻게 알 수 있나요?,문의,고객 서비스 문의,"고객님의 의견은 소중합니다! 저희 고객 지원팀의 운영 시간을 알고 싶다는 연락을 받았습니다. 고객지원팀에 전화할 수 있는 시간을 보려면 당사 웹사이트를 방문하거나 ""연락처"" 페이지를 확인하세요. 또는 ""도움말"" 섹션이나 ""FAQ"" 페이지에서도 이 정보를 찾을 수 있습니다. 추가 지원이 필요하거나 다른 질문이 있으면 알려주시기 바랍니다. 저는 도와주러 왔습니다!"
BL,고객지원팀에 전화하는 데 도움이 필요합니다,문의,고객 서비스 문의,고객님의 의견을 들으니 반갑습니다! 고객 지원팀에 전화하는 데 도움이 필요하신 것으로 확인됩니다. [운영시간/기간] 동안 당사의 전담 지원팀이 고객님을 도와드릴 수 있습니다. 저희에게 연락하려면 [고객센터전화번호]로 연락하세요. 또한 디지털 커뮤니케이션 채널을 선호하시는 경우 당사 웹사이트 [웹사이트/메뉴]에서 편리한 라이브 채팅 기능을 이용하실 수 있습니다. 고객님을 지원하기 위해 우리가 할 수 있는 다른 일이 있으면 언제든지 알려주시기 바랍니다.
BLQ,고객 지원에 전화하는 방법을 모르겠어요,문의,고객 서비스 문의,문의해 주셔서 감사합니다! 고객 지원팀에 연락하는 방법에 대한 고객님의 불확실성을 충분히 이해합니다. 그들과 연결하려면 당사의 전용 고객 서비스 핫라인([고객센터전화번호])을 통해 또는 당사 웹사이트([웹사이트/메뉴])의 라이브 채팅 기능을 통해 연락하실 수 있습니다. 저희 팀은 고객님이 가질 수 있는 모든 질문이나 우려 사항에 대해 고객님을 돕기 위해 최선을 다하고 있습니다. 주저하지 말고 문의해 주세요. 제가 또 어떻게 고객님께 도움을 드릴 수 있을까요?
BL,고객지원이 가능한 시간이 언제인지 알려주세요,문의,고객 서비스 문의,고객님의 의견은 소중합니다! 고객님이 당사의 고객 지원 이용 가능 여부를 확인하는 데 도움을 구하고 계신 것으로 확인되었습니다. 저희는 고객 지원 시간인 [운영시간/기간] 동안 고객님을 지원해 드리겠습니다. 특별히 논의하고 싶은 사항이나 기타 도움이 필요한 경우 알려주시기 바랍니다.
BIL,고객 서비스에 연락할 수 있는 시간은 어디서 확인할 수 있나요?,문의,고객 서비스 문의,"무슨 말인지 알겠습니다! 저는 고객님이 당사 고객 서비스 팀에 연락할 수 있는 시간에 대한 정보를 찾고 있는 것과 같은 페이지에 있습니다. 고객 서비스 운영 시간을 확인하려면 당사 웹사이트 [웹사이트/메뉴]를 방문하는 것이 좋습니다. 홈페이지에서 고객 서비스 시간에 대한 자세한 정보를 제공하는 전용 섹션이나 ""연락처"" 페이지를 찾을 수 있습니다. 추가 문의사항이 있거나 추가 지원이 필요한 경우 알려주시기 바랍니다. 저는 도와주러 왔습니다!"
BILQZ,고객 서비스에 전화할 수 있는 시간은 어떻게 확인하나요,문의,고객 서비스 문의,"고객님의 메시지에 감사드립니다! 고객님께서 당사 고객 서비스 팀에 전화할 수 있는 시간을 알고 싶으실 것 같습니다. 구체적인 시기를 확인하려면 당사 웹사이트 [웹사이트/메뉴]를 방문하여 ""연락처"" 또는 ""지원"" 섹션으로 이동하세요. 여기에서 고객 서비스 담당자에게 연락할 수 있는 시간을 확인할 수 있습니다. 원하는 경우 이메일([이메일주소])을 통해 연락할 수도 있습니다. 추가로 도움이 필요하시면 알려주시기 바랍니다."
BILQ,언제 고객지원팀에 전화할 수 있는지 어디서 알 수 있어?,문의,고객 서비스 문의,우리가 도와드리겠습니다! 당사 고객 지원팀에 전화할 수 있는 연락 시간을 어디에서 찾을 수 있는지 알고 싶습니다. 이 정보는 당사 웹사이트의 '연락처' 섹션에서 쉽게 찾을 수 있습니다. 또는 [운영시간/기간] 동안 고객 지원 팀을 이용하실 수 있습니다. 다른 질문이 있거나 추가 도움이 필요하시면 언제든지 알려주세요.
BLW,고객 서비스 센터와 통화하려면 도움이 필요해요,문의,고객 서비스 문의,언제나 연결이 좋아요! 고객님이 당사 고객 서비스에 문의하는 데 도움이 필요하다는 사실을 잘 알고 있습니다. 저희 팀은 고객님을 돕고 필요한 지원을 제공해 드리겠습니다. 저희 고객 서비스 전화번호로 연락하시거나 저희 웹사이트의 라이브 채팅 기능을 사용해 보셨나요? 이 채널은 [운영시간/기간] 동안 사용할 수 있습니다. 추가로 도움을 드릴 수 있는 구체적인 사항이 있으면 알려주시기 바랍니다.
BIL,언제 고객지원팀에 연락할 수 있는지 어떻게 확인하나요?,문의,고객 서비스 문의,우리를 믿어주셔서 감사합니다! 저희 고객지원팀의 운영시간을 알고 싶어하신다는 점 잘 알고 있습니다. 당사의 전담 지원팀이 [운영시간/기간]를 통해 고객님을 도와드릴 수 있습니다. 추가 문의사항이 있거나 다른 도움이 필요한 경우 언제든지 알려주시기 바랍니다.
BILQWZ,너 혹시 고객 서비스에 얘기할 시간 없니?,문의,고객 서비스 문의,고객님의 메시지는 많은 의미가 있습니다! 저는 고객님이 당사 고객 서비스 팀에 연락할 수 있는 무료 전화번호를 찾고 있다는 생각에 동의합니다. 여기에서 전화번호를 직접 제공할 수는 없지만 고객 서비스 팀에 연락하는 것은 완전히 무료입니다. [운영시간/기간] 동안 도움을 드릴 수 있습니다. 궁금한 점이나 문의 사항이 있는 경우 언제든지 문의해 주세요. 최선을 다해 도와드리겠습니다.
B,고객 서비스 이용 가능 시간을 확인해야 합니다,문의,고객 서비스 문의,저는 고객님을 듣고! 저희 고객 서비스 팀이 고객님께 도움을 드릴 수 있는 운영 시간을 확인하고 싶다고 연락드렸습니다. 저희 팀은 [운영시간/기간]에서 연락 가능합니다. 다른 질문이나 문의 사항이 있으면 언제든지 알려주시기 바랍니다. 저는 도와주러 왔습니다!
BLQZ,고객지원팀에 전화할 수 있는 시간을 확인하는 데 도움이 필요합니다,문의,고객 서비스 문의,언제나 연결이 좋아요! 고객 지원팀에 연락할 수 있는 시간을 확인하는 데 도움이 필요하다는 사실을 잘 알고 있습니다. 당사의 고객 서비스는 [운영시간/기간] 동안 이용 가능합니다. [고객센터전화번호]로 연락하거나 당사 웹사이트 [웹사이트/메뉴]의 라이브 채팅을 통해 연락할 수 있습니다. 추가 문의사항이나 문의 사항이 있으면 언제든지 알려주시기 바랍니다.
BLZ,고객지원팀에 몇 시까지 전화할 수 있는지 알려주세요,문의,고객 서비스 문의,고객님의 의견은 소중합니다! 고객 지원팀에 문의할 수 있는 운영 시간을 알고 싶다는 연락을 받았습니다. 당사의 전담 지원팀은 다음 시간 동안 고객님을 도와드릴 수 있습니다: [운영시간/기간]. 문의사항이나 문의 사항이 있는 경우 이 기간 동안 언제든지 저희에게 연락해 주세요. 오늘은 또 어떤 도움을 드릴까요?
BIL,고객지원팀에 언제 전화할 수 있는지 확인할 수 있나요?,문의,고객 서비스 문의,무슨 말인지 알겠습니다! 저희 고객 지원팀의 운영 시간을 알고 싶으신 것과 같은 페이지입니다. 당사의 전담 지원팀은 [운영시간/기간]의 도움을 받을 수 있습니다. 이 시간 동안 당사 고객 지원 번호로 전화하여 담당자와 통화하실 수 있습니다. 추가 질문이 있거나 추가 정보가 필요하시면 언제든지 문의해 주세요.
BLZ,고객센터와 통화하려고 합니다,문의,고객 서비스 문의,연락해주셔서 감사합니다! 고객님께서 당사 고객 서비스 팀에 연락하려고 하신 것으로 알고 있습니다. 저희는 고객님이 가질 수 있는 모든 질문이나 우려 사항에 대해 도움을 드리고 있습니다. 전담 지원 담당자와 연결하려면 [고객센터전화번호]로 전화하거나 웹사이트 [웹사이트/메뉴]를 방문하여 라이브 채팅 지원을 받으세요. 저희는 고객님께 탁월한 서비스를 제공하고 고객님이 직면할 수 있는 모든 문제를 해결하기 위해 최선을 다하고 있습니다. 제가 또 어떻게 고객님께 도움을 드릴 수 있을까요?
BLQZ,고객 지원이 가능한 시간이 몇시인지 확인하려고 해요,문의,고객 서비스 문의,문의해 주셔서 감사합니다! 고객님께서 당사 고객 지원팀의 업무 시간을 확인하려고 노력하신 것을 충분히 이해합니다. 당사 웹사이트 [웹사이트/메뉴]에서 고객 지원 시간을 확인할 수 있습니다. 여기에서 지원을 위해 저희 팀에 연락할 수 있는 특정 시간을 확인할 수 있습니다. 추가 질문이 있거나 추가 지원이 필요한 경우 언제든지 알려주시기 바랍니다. 저는 도와주러 왔습니다!
BCILQ,고객 지원에 연락해야 합니다. 방법,문의,고객 서비스 문의,"고객님의 메시지에 감사드립니다! 저희 고객 지원팀에 연락하셔야 하는데 절차에 대해 확신이 없으신 것 같습니다. 고객 지원을 받으려면 여러 채널을 통해 저희 팀에 연락할 수 있습니다. [고객센터전화번호]로 전화하거나, [이메일주소]로 이메일을 보내거나, 당사 웹사이트 [웹사이트/메뉴]에서 라이브 채팅 기능을 이용할 수 있습니다. 저희 팀은 [운영시간/기간] 동안 고객님이 가질 수 있는 모든 질문이나 우려 사항을 해결해 드릴 수 있습니다. 추가로 도움이 필요하시면 알려주세요."
BL,언제 고객 서비스에 전화할 수 있는지 알려주세요,문의,고객 서비스 문의,"고객님의 의견은 소중합니다! 고객님께서 당사 고객 서비스 팀에 전화할 수 있는 시간을 결정하려고 하시는 것으로 확인되었습니다. [운영시간/기간] 동안 당사의 전담 고객 서비스 담당자가 고객님을 도와드릴 수 있습니다. 전화, 이메일, 당사 웹사이트의 라이브 채팅 등 다양한 채널을 통해 연락하실 수 있습니다. 추가로 도움이 필요하시면 알려주시기 바랍니다."
BQ,어떻게 고객 서비스에 연락할 수 있는지 모르겠어요,문의,고객 서비스 문의,연락해주셔서 기뻐요! 저는 고객님이 당사 고객 서비스에 연락하는 방법을 잘 모른다는 것을 분명히 알고 있습니다. 걱정하지 마세요. 제가 이 과정을 안내해 드리겠습니다. 고객 서비스 팀에 문의하려면 헬프라인 [고객센터전화번호] 또는 이메일 [이메일주소]를 통해 문의하세요. 또한 웹사이트 [웹사이트/메뉴]에서 라이브 채팅 옵션을 이용할 수도 있습니다. 추가 지원이 필요하거나 다른 질문이 있으면 알려주시기 바랍니다.
BILQ,고객 지원팀에 연락할 수 있나요,문의,고객 서비스 문의,"고객님의 메시지는 많은 의미가 있습니다! 저는 고객님이 당사 고객 지원팀에 문의하고 싶다는 생각에 동의합니다. 저희는 고객님을 지원하고 고객님께 필요한 도움을 제공해 드리겠습니다. 전화, 이메일, 라이브 채팅 등 다양한 채널을 통해 고객 지원에 문의하실 수 있습니다. 저희 팀은 [운영시간/기간] 동안 고객님의 질문에 답변하고, 우려 사항을 해결하며, 고객님께 필요한 지원을 제공할 수 있습니다. 추가로 도움을 드릴 수 있는 방법을 알려주세요!"
BL,고객 지원팀에 전화하는 데 도움이 필요합니다.,문의,고객 서비스 문의,문의해 주셔서 감사합니다! 저는 고객 지원에 전화하여 도움을 구하려는 고객님의 욕구를 완전히 이해합니다. 안심하세요. 제가 이 과정을 안내해 드리려고 왔습니다. 전화를 걸려면 고객 지원 핫라인 [고객센터전화번호]로 전화하세요. 저희의 전담 지원팀은 고객님이 가질 수 있는 질문이나 우려 사항에 대해 도움을 드릴 수 있습니다. 주저하지 말고 연락하세요. 전화 한 통이면 됩니다!
BL,고객지원팀에 전화할 수 있게 도와주세요,문의,고객 서비스 문의,저는 고객님을 듣고! 전화를 통해 고객 지원팀에 연락하는 데 도움이 필요하다는 소식을 전해 드립니다. 전담 담당자와 연결하려면 고객 지원 시간([운영시간/기간]) 중에 [고객센터전화번호]로 전화하세요. 고객님의 문의 사항이나 우려 사항에 대해 기꺼이 도움을 드릴 것입니다. 추가 도움이 필요하시면 언제든지 알려주시기 바랍니다.
BL,언제 고객지원에 전화할 수 있는지 알려주세요,문의,고객 서비스 문의,문의해 주셔서 감사합니다! 고객 지원팀에 전화할 수 있는 구체적인 시간을 알고 싶어하시는 고객님의 긴급함을 이해합니다. [운영시간/기간] 동안 고객 서비스에서 도움을 드릴 수 있습니다. 해당 시간 중 언제든지 편하게 연락주시기 바랍니다. 제가 도와드릴 다른 것이 있나요?
BE,고객센터에 연락하려면 어떻게 해야하는지 모르겠습니다,문의,고객 서비스 문의,저희는 고객님의 봉사 활동을 소중히 여깁니다! 고객 서비스 팀에 문의하는 과정에 대해 확신이 없으신 점 잘 알고 있습니다. 걱정하지 마세요. 제가 안내해 드리겠습니다. 고객 서비스에 연락하려면 [고객센터전화번호]로 전화하거나 당사 웹사이트 [웹사이트/메뉴]의 라이브 채팅 기능을 통해 문의하세요. [운영시간/기간] 동안 당사의 전담 지원팀이 고객님의 질문이나 우려 사항에 대해 도움을 드릴 수 있습니다. 특별히 도움이 필요한 사항이 있으면 언제든지 알려주세요. 최선을 다해 도와드리겠습니다.
BIL,고객지원팀에 연락할 수 있는 전화번호가 있나요?,문의,고객 서비스 문의,언제나 연결이 좋아요! 고객님이 당사 고객 지원팀에 연락할 전화번호를 찾고 있다는 사실을 잘 알고 있습니다. 저희는 고객님의 시간을 소중히 여기며 가능한 최고의 지원을 제공하는 것을 목표로 합니다. 고객님을 올바른 부서에 연결해 드릴 수 있도록 고객님이 문의하신 내용의 구체적인 성격을 알려주시겠습니까? 추가 정보가 있으면 적절한 연락처를 알려드리거나 고객 지원팀에 문의하는 과정을 안내해 드릴 수 있습니다.
BLQ,고객 지원이 가능한 시간을 확인해야 합니다,문의,고객 서비스 문의,고객님의 의견을 들으니 반갑습니다! 고객님께서 당사 고객지원팀의 업무시간을 알고 싶어 하시는 것으로 확인됩니다. [기타정보] 동안 당사의 전담 지원팀이 고객님을 도와드릴 수 있습니다. 그들은 고객님의 우려 사항을 해결하고 고객 만족을 보장하기 위해 최선을 다하고 있습니다. 다른 질문이 있거나 추가 도움이 필요하시면 언제든지 문의해 주세요.
BLQ,내가 언제 고객지원팀에 전화할 수 있는지 알아봐,문의,고객 서비스 문의,저는 고객님을 듣고! 고객님이 당사 고객 지원팀에 전화할 수 있는 시간을 알고 싶으셔서 연락드립니다. 당사의 전담 지원팀이 [운영시간/기간]를 통해 고객님을 도와드릴 수 있습니다. [고객센터전화번호]로 연락하실 수 있습니다. 저희는 고객님이 가질 수 있는 모든 질문에 도움을 드리고 답변해 드립니다. 오늘은 또 어떤 도움을 드릴까요?
BILQ,몇 시에 고객 서비스에 연락할 수 있는지 알려줄 수 있나요?,문의,고객 서비스 문의,도와주셔서 영광입니다! 고객님이 당사 고객 서비스 팀에 연락할 수 있는 시간을 알고 싶어 한다는 것을 알고 있습니다. 당사의 전담 고객 서비스 담당자가 [운영시간/기간]를 통해 도움을 드릴 수 있습니다. 이 시간 동안 언제든지 저희에게 연락해 주시면 궁금한 점이나 우려 사항이 있으면 기꺼이 도와드리겠습니다. 오늘은 또 어떤 도움을 드릴까요?
BEL,고객센터에 어떻게 연락해야할지 모르겠어요,문의,고객 서비스 문의,"도와주셔서 영광입니다! 고객님이 당사 고객 서비스 팀에 연락하는 방법을 잘 모르신다는 점을 잘 알고 있습니다. 당사 고객 서비스에 연결하려면 당사 전화선, 웹사이트 라이브 채팅, 이메일 등 다양한 채널을 통해 당사에 연락하실 수 있습니다. 당사의 전화선은 [운영시간/기간] 동안 이용 가능하며 당사 웹사이트에서 연락처를 확인할 수 있습니다. 라이브 채팅을 원하시면 채팅 아이콘을 클릭하여 당사 웹사이트에 접속하실 수 있습니다. 또는 [이메일주소]로 문의 사항을 이메일로 보내 문의하실 수도 있습니다. 저희는 고객님을 돕고 필요한 지원을 제공해 드리겠습니다. 제가 도와드릴 수 있는 다른 사항이 있으면 알려주세요!"
B,고객센터에 몇시까지 연락가능한지 확인하려고 합니다,문의,고객 서비스 문의,고객님의 메시지에 감사드립니다! 저희 고객 서비스 팀에 문의하실 수 있을 때 영업 시간을 확인하려고 하시는 것이 분명합니다. [운영시간/기간] 동안 당사의 전담 지원팀이 고객님을 도와드릴 수 있습니다. 다른 문의사항이 있거나 추가 지원이 필요한 경우 언제든지 알려주시기 바랍니다.
BL,고객지원팀에 전화할 수 있는 시간을 확인하려고 합니다.,문의,고객 서비스 문의,저희는 모두 귀를 기울입니다! 고객 지원에 전화할 수 있는 시간을 확인하려고 하시는 것 같아요. 당사의 고객 지원 팀은 업무 시간([운영시간/기간]) 동안 이용 가능합니다. 이 기간 동안 도움이 필요할 경우 당사에 문의하실 수 있습니다. 다른 문의사항이나 우려 사항이 있는 경우 언제든지 알려주시면 최선을 다해 도와드리겠습니다.
BLQ,고객 지원팀과 통화하는 데 도움이 필요합니다,문의,고객 서비스 문의,문의해 주셔서 감사합니다! 고객 지원팀과 통화하고 싶어해주셔서 감사합니다. 안심하세요. 제가 절차를 안내해 드리겠습니다. 고객 지원에 연결하려면 [운영시간/기간]([고객센터전화번호]) 중에 문의하거나 당사 웹사이트([웹사이트/메뉴])에서 라이브 채팅을 통해 문의할 수도 있습니다. 추가 정보를 제공하거나 추가 질문이 있으면 언제든지 문의하세요. 저는 도와주러 왔습니다!
BILQ,고객 서비스에 통화할 수 있는 무료 전화번호가 있어요,문의,고객 서비스 문의,저희는 고객님을 위해 여기 있습니다! 고객님께서 당사 고객 서비스 팀과 통화할 수 있는 무료 전화번호를 찾고 계시다는 것을 알고 있습니다. 지원 담당자와 연결하는 데 사용할 수 있는 무료 전화번호가 있습니다. 무료 전화번호는 [기타정보]입니다. 질문이 있거나 도움이 필요하시면 언제든지 전화해 주세요. 우리가 도와드리겠습니다.
BILQ,몇 시에 고객지원팀에 연락할 수 있는지 어디서 확인하나요?,문의,고객 서비스 문의,"저희는 고객님의 봉사 활동을 소중히 여깁니다! 저희 고객지원팀의 운영시간을 어디서 확인할 수 있는지 알고 싶다는 의견에 동감합니다. 고객 지원에 문의할 수 있는 시간을 확인하려면 당사 웹사이트를 방문하여 ""연락처"" 또는 ""지원"" 페이지로 이동하세요. 거기에서 필요한 정보를 찾을 수 있습니다. 추가 지원이 필요하면 알려주시기 바랍니다. 저는 도와주러 왔습니다!"
BCL,고객센터에 문의해야 하는데 도움이 필요해요,문의,고객 서비스 문의,무슨 말인지 알겠습니다! 저는 고객님이 당사 고객 서비스 팀에 문의하여 도움이 필요하다는 것과 같은 입장입니다. 안심하세요. 우리가 도와드리겠습니다. 당사의 고객 서비스 담당자는 [운영시간/기간] 동안 고객님의 모든 문제를 해결하고 필요한 지원을 제공할 수 있습니다. 특별히 논의하고 싶은 사항이나 도움이 필요한 특정 문제가 있습니까? 알려주시면 추가로 도와드리겠습니다.
BILPQZ,고객 서비스에 연락할 수 있을까요?,문의,고객 서비스 문의,최선을 다하겠습니다! 고객님이 당사 고객 서비스 팀에 연락하고 싶다는 점을 이해합니다. 안심하세요. 저희가 도와드리겠습니다. 저희의 전담 지원팀은 [운영시간/기간] 동안 이용 가능합니다. 무료 전화번호 [고객센터전화번호]를 통해 또는 당사 웹사이트 [웹사이트/메뉴]의 라이브 채팅을 통해 연락하실 수 있습니다. 저희는 고객님께 필요한 지원을 제공하기 위해 여기 있으므로 언제든지 저희에게 연락하십시오. 추가로 어떻게 도와드릴까요?
BLW,빌어먹을 고객지원팀에 연락하는 걸 도와줘,문의,고객 서비스 문의,저희는 고객님을 위해 여기 있습니다! 고객 지원팀에 문의하는 데 도움이 필요하다는 것을 알고 있습니다. 연락하는 데 어려움이 있었다면 사과드립니다. 안심하세요. 제가 도와드리겠습니다. 현재 겪고 있는 문제에 대해 더 자세한 내용을 알려주실 수 있나요? 이를 통해 고객 지원에 가장 적합한 지침을 제공할 수 있습니다.
BCL,고객지원팀에 문의해야 하는데 도움이 필요해요,문의,고객 서비스 문의,언제나 연결이 좋아요! 고객 지원팀에 문의하여 도움이 필요하다는 사실을 잘 알고 있습니다. 안심해 주세요. 저희는 고객님이 가질 수 있는 모든 문제를 해결하거나 우려 사항을 해결하는 데 도움을 드리고 있습니다. 가장 정확하고 효율적인 지원을 제공하기 위해 필요한 특정 지원에 대한 자세한 내용을 알려주시겠습니까? 이를 통해 고객님을 올바른 방향으로 안내하고 고객님의 쿼리가 적절한 관심을 받을 수 있도록 할 수 있습니다.
BL,고객지원팀에 언제 연락할 수 있는지 확인하는 데 도움이 됩니다.,문의,고객 서비스 문의,저는 고객님을 듣고! 고객 지원팀에 문의하기 위해 운영 시간을 확인하는 데 도움이 필요하다는 소식을 전해 드립니다. 제가 도와드리겠습니다. [운영시간/기간] 동안 고객 지원에 연락하실 수 있습니다. 다른 질문이나 문의 사항이 있으면 언제든지 알려주시기 바랍니다. 저는 고객님을 돕기 위해 여기 있습니다!
BILW,빌어먹을 고객 지원팀과 대화하려면 어떻게 해야 하나요?,문의,고객 서비스 문의,문의해 주셔서 감사합니다! 고객 지원팀과의 연결을 시도하면서 겪으셨던 불편함에 대해 사과드립니다. 제가 도와드리려고 여기 있다고 확신합니다. 전담 고객 지원과 대화를 시작하려면 [고객센터전화번호]로 헬프라인에 전화하거나 웹사이트 [웹사이트/메뉴]에서 라이브 채팅 기능을 활용하세요. 저희 팀은 고객님의 우려 사항을 해결하고 필요한 지원을 제공하기 위해 최선을 다하고 있습니다. 내가 또 어떻게 고객님께 봉사할 수 있을까요?
BILP,고객 지원팀에 몇 시까지 연락할 수 있는지 알려주실 수 있나요?,문의,고객 서비스 문의,저희는 듣고 있어요! 고객님이 당사 고객 지원팀에 연락할 수 있는 시간을 알고 싶다는 사실을 알고 있습니다. [운영시간/기간] 동안 당사의 전담 지원팀이 고객님을 도와드릴 수 있습니다. 이 시간 내에 언제든지 저희에게 연락해 주시면 궁금한 점이나 우려 사항이 있는 경우 최선을 다해 도와드리겠습니다. 제가 도와드릴 다른 것이 있나요?
BILQZ,고객 지원과 통화할 수 있는 수신자 부담 전화번호를 알려주세요,문의,고객 서비스 문의,연락해주셔서 감사합니다! 고객님께서 당사 고객 지원팀과 통화할 수 있는 무료 전화번호를 찾고 계신 것 같습니다. 저희는 편리한 의사소통에 대한 고객님의 요구를 소중히 여깁니다. 최상의 지원을 보장하기 위해 무료 전화번호는 [고객센터전화번호]입니다. 고객님이 가질 수 있는 질문이나 우려 사항에 대해 논의하기 위해 편리한 시간에 당사 고객 지원 팀에 연락하실 수 있습니다. 저희는 고객님을 돕기를 기대합니다!
BILP,고객 지원이 가능한 시간을 알려주실 수 있나요?,문의,고객 서비스 문의,저희는 고객님의 봉사 활동을 소중히 여깁니다! 저희 고객 지원팀의 운영 시간을 알고 싶다는 사실에 공감합니다. [운영시간/기간] 동안 당사의 전담 지원팀이 고객님의 문의 사항이나 우려 사항에 대해 도움을 드릴 수 있습니다. 이 시간 동안 언제든지 저희에게 연락해 주시면 기꺼이 도와드리겠습니다. 제가 도와드릴 다른 것이 있나요?
BLQZ,지원이 가능한 시간을 알고 싶습니다,문의,고객 서비스 문의,"문의해 주셔서 감사합니다! 고객 지원 가용성에 대해 궁금해하시는 점을 이해합니다. 당사 고객 지원팀에 연락할 수 있는 운영 시간을 확인하려면 당사 웹사이트를 방문하여 ""연락처"" 페이지로 이동하세요. 여기에서 고객 지원 시간에 대한 자세한 정보를 확인할 수 있습니다. 원하는 경우 전화, 이메일, 라이브 채팅 등 제공된 연락 방법을 통해 저희 팀에 직접 연락할 수도 있습니다. 당사의 전담 담당자는 [운영시간/기간]에 항상 고객님을 지원할 준비가 되어 있습니다. 제가 도와드릴 수 있는 다른 사항이 있으면 알려주세요!"
BIL,고객지원팀에 연락할 수 있는 시간을 어떻게 알 수 있나요?,문의,고객 서비스 문의,"연락해주셔서 감사합니다! 저희 고객 지원팀에 연락할 수 있는 시간을 확인하는 방법을 알고 싶으신 것 같습니다. 운영 시간을 확인하려면 당사 웹사이트 [웹사이트/메뉴]를 방문하여 ""연락처"" 또는 ""지원"" 페이지로 이동하세요. 여기에서 당사 고객 지원팀이 고객님께 도움을 드릴 수 있는 시기에 대한 자세한 정보를 확인할 수 있습니다. 다른 질문이나 문의 사항이 있으면 언제든지 알려주시기 바랍니다. 저는 도와주러 왔습니다!"
BL,고객 서비스와 대화하는 데 도움이 필요합니다,문의,고객 서비스 문의,도와주셔서 영광입니다! 저희 고객 서비스 팀과 통화하는 데 도움이 필요하신 것으로 알고 있습니다. 저는 고객님께 절차를 안내하고 필요한 도움을 제공해 드리겠습니다. 고객 서비스에 연락하려면 [운영시간/기간] 중에 연락하세요. [고객센터전화번호]로 전화하거나 당사 웹사이트 [웹사이트/메뉴]의 라이브 채팅 기능을 통해 연락할 수 있습니다. 저희의 전담 지원팀은 고객님이 가질 수 있는 모든 질문이나 우려 사항에 대해 도움을 드릴 준비가 되어 있습니다. 고객님의 문의사항에 대해 추가 세부정보를 제공해 주시면 적절하게 해결해 드리겠습니다.
BCL,고객 지원팀에 문의해야 합니다. 도와주세요.,문의,고객 서비스 문의,저희는 듣고 있어요! 저희 고객 지원팀에 문의하셔야 한다는 사실을 알고 있습니다. 저는 고객님이 그들과 연결될 수 있도록 돕기 위해 왔습니다. [고객센터전화번호]로 전화하거나 당사 웹사이트 [웹사이트/메뉴]의 라이브 채팅을 통해 고객 지원에 문의할 수 있습니다. 원하는 경우 [이메일주소]로 이메일을 보낼 수도 있습니다. 문의사항과 관련하여 제가 도와드릴 수 있는 다른 사항이 있으면 알려주시기 바랍니다.
BL,고객지원팀에 연락할 수 있는 시간을 알려주세요,문의,고객 서비스 문의,연락해주셔서 감사합니다! 고객 지원에 문의할 수 있는 시간을 확인하는 데 도움이 필요하다는 느낌이 듭니다. 고객님이 필요할 때마다 고객님을 지원할 수 있는 것이 우리에게 필수적입니다. 당사의 전담 고객 지원 팀은 [운영시간/기간] 동안 이용 가능합니다. 해당 기간 내에 언제든지 문의해 주시면 기꺼이 도와드리겠습니다. 제가 더 도와드릴 일이 있나요?
BLQ,고객 지원에 전화할 수 있는 시간을 확인하는 데 도움이 필요합니다,문의,고객 서비스 문의,"연락해주셔서 감사합니다! 고객지원팀에 문의하기 위한 영업시간을 알고 싶다는 점을 이해합니다. [운영시간/기간] 동안 당사의 전담 지원팀이 고객님을 도와드릴 수 있습니다. 전화, 이메일, 라이브 채팅 등 다양한 채널을 통해 연락할 수 있습니다. 고객 지원 서비스와 관련하여 제가 더 도와드릴 수 있는 것이 있습니까?"
BCILQ,어떻게 해야 하는지 고객 지원팀에 문의해야 해요,문의,고객 서비스 문의,"문의해 주셔서 감사합니다! 고객님이 당사 고객 지원팀에 문의해야 한다는 점을 이해하며, 절차를 안내해 드리겠습니다. 고객 지원을 받으려면 몇 가지 옵션이 있습니다. [고객센터전화번호]로 전화하거나 웹사이트 [웹사이트/메뉴]에서 채팅하거나 [이메일주소]로 이메일을 보낼 수 있습니다. [운영시간/기간] 동안 당사의 전담 지원팀이 고객님의 질문이나 우려 사항에 대해 도움을 드릴 수 있습니다. 더 나은 경험을 제공하기 위해 제가 할 수 있는 다른 일이 있으면 언제든지 알려주시기 바랍니다."
BCLQ,고객 지원팀에 연락해야 해요 도와주세요,문의,고객 서비스 문의,연락해주셔서 기뻐요! 고객님께 도움이 필요하다는 사실을 잘 알고 있으며 당사 고객 지원팀에 문의하고 싶습니다. 안심하세요. 우리가 도와드리겠습니다. [운영시간/기간] 동안 [고객센터전화번호]로 전화하거나 당사 웹사이트 [웹사이트/메뉴]의 라이브 채팅을 통해 전담 지원 담당자에게 연락할 수 있습니다. 저희 팀은 고객님께 가능한 최고의 서비스를 제공하고 고객님이 가질 수 있는 모든 우려 사항을 해결하기 위해 최선을 다하고 있습니다. 오늘은 또 어떤 도움을 드릴까요?
BCIZ,고객센터에 연락하고 싶은데 어떻게 해야 하나요?,문의,고객 서비스 문의,고객님의 의견을 듣고 기뻐요! 저는 고객님이 우리 고객 서비스에 연락할 수 있는 방법을 찾고 있다는 것을 진심으로 이해합니다. 저희 팀에 연락할 수 있는 다양한 채널이 있습니다. [고객센터전화번호]로 전화하거나 당사 웹사이트 [웹사이트/메뉴]에서 라이브 채팅을 하거나 [이메일주소]로 이메일을 보내 문의할 수 있습니다. 저희의 전담 지원팀은 고객님을 지원하고 고객님께 필요한 도움을 제공할 준비가 되어 있습니다. 추가로 도움이 필요하시면 알려주세요!
BLQZ,고객 지원이 몇 시간인지 확인하는 데 도움이 필요합니다,문의,고객 서비스 문의,"연락해주셔서 감사합니다! 당사 고객지원 운영시간 확인에 도움이 필요하신 것으로 알고 있습니다. 당사 고객 지원팀은 [운영시간/기간] 동안 고객님을 도와드릴 수 있습니다. 단, 지역에 따라 운영시간이 다를 수 있으니 참고하시기 바랍니다. 고객 지원 가능 여부에 대한 자세한 내용을 알아보려면 당사 웹사이트를 방문하거나 고객 지원팀에 직접 문의하는 것이 좋습니다. 제가 도와드릴 다른 것이 있나요?"
BL,고객 지원에 전화하려면 도움이 필요합니다,문의,고객 서비스 문의,"고객님의 의견을 들으니 반갑습니다! 고객님께서 당사 고객 지원팀에 전화하는 방법에 대해 도움을 요청하신 것으로 확인됩니다. 기꺼이 도와드리겠습니다. 고객 지원에 전화하려면 고객 지원 시간 동안 이용 가능한 전용 고객 지원 전화번호 [고객센터전화번호]로 전화하세요. [운영시간/기간]. 저희 팀은 고객님이 가질 수 있는 모든 문의, 우려 사항 또는 문제에 대해 항상 도움을 드릴 준비가 되어 있습니다. 추가로 도움이 필요하시면 알려주세요."
BL,고객 서비스 이용 가능 시간 확인 지원,문의,고객 서비스 문의,연락해주셔서 감사합니다! 고객 서비스 팀의 운영 시간을 찾는 데 도움이 필요하다는 점을 이해합니다. [운영시간/기간] 동안 고객 서비스를 이용할 수 있습니다. 구체적인 문의사항이나 문의 사항이 있는 경우 언제든지 알려주시기 바랍니다. 저는 도와주러 왔습니다!
BL,고객 서비스에 전화할 수 있는 시간을 알려주세요,문의,고객 서비스 문의,문의해 주셔서 감사합니다! 저는 고객님이 당사 고객 서비스 팀에 연락할 수 있는 시간을 알아야 한다는 점을 충분히 이해합니다. 고객 서비스 시간은 [운영시간/기간]에서 확인할 수 있습니다. 제가 도와드릴 다른 것이 있나요?
BL,고객 지원팀과 어떻게 통화해야 할지 모르겠습니다.,문의,고객 서비스 문의,고객 지원팀에 어떻게 문의해야 하는지 잘 모르신다는 점을 이해했습니다. 걱정하지 마세요. 제가 이 과정을 안내해 드리겠습니다. 고객 서비스 담당자에게 연락하려면 고객 지원 시간 동안 [고객센터전화번호]로 전용 헬프라인에 전화하거나 웹사이트 [웹사이트/메뉴]를 방문하여 상담원과 라이브 채팅 세션을 시작할 수 있습니다. 저희는 고객님을 지원하고 고객님이 가질 수 있는 우려 사항이나 질문을 해결하기 위해 왔습니다. 제가 도와드릴 수 있는 다른 일이 있으면 알려주세요.
BLQ,고객 지원이 가능한 시간이 언제인지 확인해야 해요,문의,고객 서비스 문의,"고객님의 의견은 소중합니다! 고객님께서 당사 고객 지원팀의 이용 가능 여부를 알아보고 계시다는 소식을 들었습니다. 당사의 고객 지원은 [운영시간/기간] 동안 제공되며, 고객님을 도와드리겠습니다. 특별히 도움이 필요한 것이 있나요?"
BIL,고객 지원에 연락하려면 어떻게 해야 합니까?,문의,고객 서비스 문의,무슨 말인지 알겠습니다! 저는 고객님이 당사 고객 지원팀에 연락하는 방법에 대한 정보를 찾고 있는 것과 동일한 페이지에 있습니다. 전담 지원을 받으려면 [이메일주소]로 이메일을 보내거나 웹사이트 [웹사이트/메뉴]에서 채팅하거나 [고객센터전화번호]로 전화하세요. 저희 팀은 [운영시간/기간] 동안 연락 가능하며 고객님이 가질 수 있는 질문이나 우려 사항에 대해 도움을 드릴 준비가 되어 있습니다. 저희는 가능한 최고의 지원을 제공하기 위해 노력하고 있으며 고객님을 도울 수 있기를 기대합니다!
BCILP,고객지원팀에 문의하고 싶은데 어떻게 해야 하나요?,문의,고객 서비스 문의,문의해 주셔서 감사합니다! 고객 지원팀과 대화하고 싶은 마음을 이해합니다. 고객 지원에 문의하려면 [운영시간/기간] 중에 [고객센터전화번호]로 전화하거나 당사 웹사이트 [웹사이트/메뉴]의 라이브 채팅 기능을 사용하여 연락할 수 있습니다. 저희의 전담 지원팀이 고객님을 지원하고 고객님이 가질 수 있는 질문이나 우려 사항을 해결하기 위해 여기 있습니다. 주저하지 말고 문의해 주세요. 기꺼이 도와드리겠습니다!
BILQ,고객지원팀에 언제 전화할 수 있는지 확인하는 방법,문의,고객 서비스 문의,"문의해 주셔서 감사합니다! 우리 고객지원팀의 운영시간을 알고 싶으신 것을 이해합니다. 정확한 영업 시간을 확인하려면 당사 웹사이트를 방문하여 ""연락처"" 또는 ""지원"" 섹션으로 이동하세요. 여기에서 당사 고객 지원팀의 이용 가능 시간을 확인할 수 있습니다. 다른 질문이 있거나 추가 도움이 필요하시면 언제든지 알려주세요. 저는 도와주러 왔습니다!"
BLQ,고객 서비스와 통화하려면 도움이 필요해요,문의,고객 서비스 문의,고객님의 연락에 감사드립니다! 고객 서비스 팀과 통화하는 데 도움이 필요하다고 생각합니다. 저희는 고객님이 가질 수 있는 모든 질문이나 우려 사항을 연결하고 해결하도록 돕기 위해 왔습니다. 더 나은 지원을 위해 고객님이 겪고 있는 특정 문제에 대한 자세한 내용을 제공해 주시겠습니까? 이를 통해 가장 적절한 해결 방법을 안내해 드릴 수 있습니다.
BL,고객지원팀에 연락할 수 있는 시간을 확인하고 싶습니다.,문의,고객 서비스 문의,문의해 주셔서 감사합니다! 고객님이 당사 고객 지원팀의 운영 시간을 알고 싶다는 점을 충분히 이해합니다. [운영시간/기간] 동안 당사의 전담 지원팀이 고객님을 도와드릴 수 있습니다. 필요할 때 필요한 지원을 받는 것이 우리에게 중요합니다. 추가 질문이나 우려 사항이 있으면 언제든지 알려주시기 바랍니다.
BILMQZ,지원 근무 시간은 어떻게 되나요,문의,고객 서비스 문의,우리가 도와드리겠습니다! 고객지원 업무시간을 알고 싶습니다. [운영시간/기간] 동안 당사의 전담 지원팀이 고객님을 도와드릴 수 있습니다. 질문이나 우려 사항이 있거나 도움이 필요한 경우 당사 고객 지원팀이 도와드리겠습니다. 제가 도와드릴 다른 것이 있나요?
BLQ,고객센터에 얘기해야 해요,문의,고객 서비스 문의,저희는 모두 귀를 기울입니다! 저희 고객 서비스 팀에 문의하셔야 할 것 같아요. [운영시간/기간] 동안 당사의 전담 담당자가 고객님의 질문이나 우려 사항에 대해 도움을 드릴 수 있습니다. [고객센터전화번호]를 통해 또는 당사 웹사이트 [웹사이트/메뉴]의 라이브 채팅을 통해 연락하실 수 있습니다. 안심해 주세요. 저희는 고객님께 필요한 지원을 제공하기 위해 여기 있습니다. 오늘 고객님의 경험을 더 좋게 만들 수 있는 또 다른 방법은 무엇입니까?
BL,고객센터에 전화하려면 어떻게 해야할지 모르겠어요,문의,고객 서비스 문의,언제나 연결이 좋아요! 고객 서비스에 전화하는 과정에 대해 확신이 없으신 점 잘 알고 있습니다. 걱정하지 마세요. 제가 고객님을 안내하기 위해 왔습니다. 고객 서비스에 전화하려면 다음 번호로 전화하세요: [고객센터전화번호]. 저희 팀은 [운영시간/기간] 동안 사용할 수 있습니다. 고객님이 가질 수 있는 질문이나 우려 사항에 대해 기꺼이 도움을 드릴 것입니다. 다른 방법을 선호하시는 경우 당사 웹사이트 [웹사이트/메뉴]에서 라이브 채팅을 통해 문의하실 수도 있습니다. 추가 도움이 필요하시면 언제든지 알려주세요.
BLQ,몇 시에 고객 서비스에 전화할 수 있는지 확인해야 해요,문의,고객 서비스 문의,저희는 모두 귀를 기울입니다! 고객 서비스에 연락할 수 있는 시간을 확인해야 한다는 생각이 들었습니다. 저희의 전담 지원팀이 [운영시간/기간]를 도와드릴 수 있습니다. 추가로 도움이 필요하시면 알려주시기 바랍니다.
BLQ,고객 지원팀과 통화하고 싶습니다,문의,고객 서비스 문의,연락해주셔서 기뻐요! 고객님께서 당사 고객 지원팀에 문의하고 싶어하신다는 점을 분명히 알고 있습니다. [운영시간/기간] 동안 당사의 전담 지원팀이 고객님을 도와드릴 수 있습니다. 저희 팀과 연결하려면 [고객센터전화번호]로 전화하거나 웹사이트 [웹사이트/메뉴]를 방문하여 라이브 채팅 기능에 액세스하세요. 저희는 고객님이 가질 수 있는 질문이나 우려 사항에 대해 도움을 드리고 있습니다. 오늘은 또 어떤 도움을 드릴까요?
BCL,고객 서비스에 연락해야 하는데 도움이 필요해요,문의,고객 서비스 문의,저희는 고객님의 봉사 활동을 소중히 여깁니다! 고객님이 당사 고객 서비스 팀에 연락하는 데 도움이 필요하다는 사실을 잘 알고 있습니다. 저희는 고객님이 가질 수 있는 질문이나 문의 사항을 해결하고 도움을 드리기 위해 여기 있습니다. 고객 서비스에 연락하려면 웹사이트에 표시된 연락처 정보를 이용하거나 FAQ 섹션에서 가능한 해결 방법을 확인하세요. 특별히 도움을 받고 싶은 사항이 있으면 알려주시기 바랍니다.
BL,고객 지원이 가능한 시간을 확인하세요,문의,고객 서비스 문의,"문의해주셔서 감사합니다! 저는 고객 지원팀의 가용성을 확인하는 데 도움을 드리고자 왔습니다. 당사의 전담 고객 지원 담당자는 표준 업무 시간([운영시간/기간]) 동안 고객님을 도와드릴 수 있습니다. 문의 사항, 우려 사항 또는 도움이 필요할 경우 언제든지 당사에 연락하실 수 있습니다. 저희는 신속하고 안정적인 지원을 제공하기 위해 최선을 다하고 있습니다. 제가 도와드릴 수 있는 다른 사항이 있으면 알려주세요!"
BL,고객 서비스에 연락할 수 있는 시간을 알고 싶습니다.,문의,고객 서비스 문의,"문의해 주셔서 감사합니다! 고객 서비스 팀에 연락할 수 있는 구체적인 시간을 알고 싶어하시는 고객님의 열망을 이해합니다. [운영시간/기간] 동안 당사의 전담 지원팀이 고객님을 도와드릴 수 있습니다. 그들은 고객님의 질문에 답변하고, 해결책을 제공하며, 고객 만족을 보장할 준비가 되어 있습니다. 다른 문의사항이 있거나 추가 지원이 필요한 경우 언제든지 알려주시기 바랍니다. 오늘은 또 어떤 도움을 드릴까요?"
BL,고객지원팀과 통화하려면 도움이 필요합니다,문의,고객 서비스 문의,고객님의 의견은 소중합니다! 고객 지원팀에 연락하는 데 도움이 필요하다는 것을 확인했습니다. 저는 고객님을 돕기 위해 여기 있습니다. 고객 지원과 통화하려면 [운영시간/기간] 중에 연락하세요. [고객센터전화번호]로 연락하거나 당사 웹사이트 [웹사이트/메뉴]의 라이브 채팅을 통해 연락할 수 있습니다. 제가 도와드릴 수 있는 다른 사항이 있으면 언제든지 알려주세요!
BLQ,고객 지원에 전화할 수 있는 시간을 알고 싶습니다.,문의,고객 서비스 문의,저희는 고객님을 위해 여기 있습니다! 당사의 전담 고객 지원팀에 연락할 수 있는 영업 시간을 확인하는 데 도움이 필요하다는 것을 알고 있습니다. 저는 도와주러 왔습니다! 당사의 고객 지원 팀은 [운영시간/기간] 동안 이용 가능합니다. 이 시간 동안 [고객센터전화번호]로 전화하거나 당사 웹사이트 [웹사이트/메뉴]의 라이브 채팅을 통해 당사에 연락하실 수 있습니다. 더 궁금한 점이나 우려 사항이 있으면 언제든지 문의해 주세요.
BCILPQZ,고객 서비스에 문의해야 합니다. 도와주실 수 있나요?,문의,고객 서비스 문의,우리가 도와드리겠습니다! 저희 고객 서비스 팀에 문의하셔야 도움을 드릴 수 있다는 점을 기억합니다. 당사의 전담 고객 서비스 담당자가 고객님의 질문이나 우려 사항에 대해 도움을 드릴 수 있습니다. 도움이 필요한 특정 문제나 질문에 대한 자세한 내용을 제공해 주시겠습니까? 그렇게 하면 가장 정확하고 효율적인 지원을 제공할 수 있습니다.
BL,고객 지원을 받을 수 있는 사람,문의,고객 서비스 문의,문의해 주셔서 감사합니다! 저는 즉각적인 도움이 필요하다는 점을 충분히 이해합니다. 저희의 전담 고객 지원 팀은 항상 고객님을 도울 수 있습니다. 그들은 [운영시간/기간] 동안 고객님을 도울 준비가 되어 있습니다. [고객센터전화번호]로 전화하거나 당사 웹사이트 [웹사이트/메뉴]의 라이브 채팅을 통해 연락할 수 있습니다. 질문이나 우려 사항이 있으면 주저하지 말고 연락해 주세요. 오늘은 또 어떤 도움을 드릴까요?
BLQZ,언제 고객지원팀에 연락할 수 있는지 알고 싶어요,문의,고객 서비스 문의,연락해주셔서 기뻐요! 고객님이 당사 고객 지원팀에 문의할 수 있는 시간을 알고 싶어한다는 점을 분명히 알고 있습니다. [운영시간/기간] 동안 당사의 전담 지원팀이 고객님을 도와드릴 수 있습니다. 저희는 필요할 때마다 접근할 수 있도록 노력합니다. 더 궁금한 점이나 우려 사항이 있으면 언제든지 알려주시기 바랍니다.
BLQ,고객지원팀에 문의하고 싶어요,문의,고객 서비스 문의,문의해 주셔서 감사합니다! 저희 고객 지원팀에 문의하고 싶으신 것으로 확인됩니다. 저희는 고객님이 가질 수 있는 질문이나 문의 사항에 대해 도움을 드리고 있습니다. 최선의 지원을 위해 고객님께 필요한 특정 지원에 대한 자세한 내용을 제공해 주시겠습니까? 이를 통해 담당 부서로 연결해 신속하고 정확한 답변을 받으실 수 있습니다.
BL,고객지원팀에 연락하는 데 도움이 필요합니다,문의,고객 서비스 문의,"저희는 고객님을 위해 여기 있습니다! 저는 고객님이 당사 고객 지원팀에 연락할 수 있도록 도와드리기 위해 왔습니다. 더 나은 지원을 위해 몇 가지 추가 정보가 필요합니다. 전화, 이메일 또는 당사 웹사이트의 라이브 채팅 지원을 통해 당사에 연락하기를 원하는지 알려주시겠습니까? 이 정보를 받으면 적절한 연락처와 이용 가능 여부를 알려드리겠습니다."
BILQ,고객님의 고객 지원 메일은 무엇입니까,문의,고객 서비스 문의,문의해 주셔서 감사합니다! 고객님이 당사의 고객 지원 이메일을 알고 싶어 한다는 점을 이해합니다. 고객의 개인정보 보호와 보안을 보장하기 위해 공식 연락 채널을 통해 고객 서비스 팀에 문의하실 것을 권장합니다. 당사 웹사이트의 연락처 페이지에서 고객 지원 이메일을 확인하실 수 있습니다. 추가 문의사항이 있거나 다른 문제와 관련하여 도움이 필요하시면 언제든지 알려주시기 바랍니다.
BIL,고객 서비스에 연락할 수 있도록 도와주실 수 있나요?,문의,고객 서비스 문의,저희는 모두 귀를 기울입니다! 고객님께서 당사 고객 서비스 팀에 연락을 원하신다는 생각이 들었습니다. [운영시간/기간] 동안 당사의 전담 담당자가 고객님을 도와드릴 수 있습니다. 다음 채널을 통해 연락하실 수 있습니다: [고객센터전화번호] 또는 당사 웹사이트 [웹사이트/메뉴]의 라이브 채팅을 통해. 다른 궁금한 점이나 우려 사항이 있으면 언제든지 알려주시기 바랍니다. 오늘은 또 어떤 도움을 드릴까요?
BL,고객 지원이 가능한 시간을 확인하는 데 도움,문의,고객 서비스 문의,"연락해주셔서 감사합니다! 고객 지원팀의 이용 가능 시간을 확인하는 데 도움이 필요하다는 점을 이해합니다. [운영시간/기간] 동안 당사의 전담 지원 에이전트가 고객님을 도와드릴 수 있습니다. 질문이 있거나, 도움이 필요하거나, 단순히 우려 사항에 대해 논의하고 싶으시다면 저희 팀이 도와드리겠습니다. 이 시간 동안 언제든지 저희에게 연락해 주시기 바랍니다. 제가 더 도와드릴 일이 있나요?"
BL,고객 지원팀에 연락할 수 있는 시간을 확인하는 데 도움이 됩니다,문의,고객 서비스 문의,"연락해주셔서 기뻐요! 고객님께서 당사 고객지원팀에 문의할 수 있는 영업시간을 알고 싶어하신다는 점을 잘 알고 있습니다. [운영시간/기간] 동안 당사의 전담 지원팀이 고객님을 지원할 준비가 되어 있습니다. 이 시간 내에 언제든지 저희에게 연락하실 수 있으며, 저희 팀은 고객님이 가질 수 있는 질문이나 문제에 대해 기꺼이 도움을 드릴 것입니다. 오늘은 또 어떤 도움을 드릴까요?"
BLW,고객지원팀에 전화하려면 도움이 필요해요,문의,고객 서비스 문의,저는 고객님을 듣고! 고객님이 당사 고객 지원 센터에 전화하는 데 도움이 필요하다는 소식을 전해 드립니다. 불편을 끼쳐드려 죄송합니다. 안심하세요. 저희가 도와드리겠습니다. 고객 지원팀에 전화하려면 [고객센터전화번호]로 전화하세요. 저희의 전담 지원팀은 고객님이 가질 수 있는 모든 우려 사항이나 문의 사항에 대해 도움을 드릴 준비가 되어 있습니다. 언제든지 저희에게 연락해 주시면 기꺼이 필요한 지원을 제공해 드리겠습니다.
BL,고객지원팀에 연락할 수 있는 시간을 확인하는 데 도움이 필요합니다,문의,고객 서비스 문의,"문의해 주셔서 감사합니다! 적절한 시간 동안 고객 지원팀과 연결하는 것의 중요성을 이해하고 있어 도와드리겠습니다. 당사 고객 지원 팀은 현지 시간으로 월요일부터 금요일까지 오전 8시부터 오후 8시까지, 토요일은 오전 9시부터 오후 5시까지 이용 가능합니다. 추가 문의사항이 있거나 다른 도움이 필요한 경우 언제든지 알려주시기 바랍니다."
BILQ,고객지원팀에 연락할 수 있는 메일 주소가 있어요,문의,고객 서비스 문의,"문의해 주셔서 감사합니다! 고객 지원팀에 문의하기 위해 메일 주소를 찾고 계시다는 점을 충분히 이해합니다. 저희는 항상 고객님을 돕기 위해 여기 있으며, 고객님의 편의를 위해 이메일([이메일주소])을 통해 우리에게 연락할 수 있습니다. 질문, 문의 사항, 피드백이 있으면 언제든지 이메일을 보내주세요. 저희는 가능한 모든 방법으로 도움을 드리고 있습니다."
BL,고객지원팀에 전화하도록 도와주세요,문의,고객 서비스 문의,고객님의 메시지는 많은 의미가 있습니다! 고객 지원팀에 연락하는 데 도움이 필요하다는 생각에 동의합니다. 저희의 전담 지원팀은 [운영시간/기간] 동안 이용 가능합니다. 전화를 원하시면 [고객센터전화번호]로 연락하실 수 있습니다. 저희는 고객님이 가질 수 있는 질문이나 문의 사항에 대해 도움을 드리고 있습니다. 추가로 도움이 필요하시면 알려주세요!
BILQ,고객지원팀에 연락할 수 있는 무료 전화번호가 있어요,문의,고객 서비스 문의,문의해 주셔서 감사합니다! 고객 지원팀에 문의하려면 무료 전화번호가 필요하다는 점을 충분히 이해합니다. 당사 고객 지원팀은 무료 전화번호 [고객센터전화번호]에 연락할 수 있습니다. 고객님이 가질 수 있는 질문이나 우려 사항에 대해 도움을 드릴 수 있습니다. 언제든지 편하게 연락주세요!
BIL,고객 지원팀과 어떻게 통화하나요?,문의,고객 서비스 문의,문의해 주셔서 감사합니다! 저는 고객 지원팀과 대화하는 방법을 안내하기 위해 왔습니다. 그들과 연결하려면 [고객센터전화번호]로 전화하거나 당사 웹사이트의 라이브 채팅 기능을 통해 연락할 수 있습니다. 당사의 고객 지원 담당자는 고도로 훈련되어 고객님이 가질 수 있는 모든 질문이나 우려 사항에 대해 도움을 드릴 준비가 되어 있습니다. 고객님이 직면하고 있는 특정 문제에 대해 도움을 요청하시기 바랍니다. 그들은 기꺼이 고객님을 도와주고 필요한 지원을 제공할 것입니다. 제가 도와드릴 다른 것이 있나요?
BILZ,고객지원팀에 연락할 수 있는 시간은 어떻게 확인하나요?,문의,고객 서비스 문의,"고객님의 메시지에 감사드립니다! 저희 고객 지원팀에 연락할 수 있는 시간은 언제인지 알고 싶으신 것 같습니다. 고객 지원 시간을 확인하려면 당사 웹사이트 [웹사이트/메뉴]를 방문하여 ""연락처"" 또는 ""지원"" 섹션으로 이동하세요. 여기에서 고객 지원 운영 시간에 대한 정보를 확인할 수 있습니다. 다른 질문이 있거나 추가 도움이 필요하면 언제든지 문의하세요."
BL,고객 지원팀에 연락해야 해요,문의,고객 서비스 문의,"고객님의 메시지는 많은 의미가 있습니다! 저는 고객님이 당사 고객 지원팀에 연락해야 한다는 생각에 동의합니다. 저희는 고객님이 가질 수 있는 질문이나 우려 사항에 대해 도움을 드리고 있습니다. 저희의 전담 지원팀은 [운영시간/기간] 동안 이용 가능합니다. 전화, 이메일, 라이브 채팅 등 다양한 채널을 통해 당사에 연락하실 수 있습니다. 문의하신 내용에 대해 보다 자세한 내용을 알려주시면 더 나은 안내를 해드릴 수 있습니다. 오늘은 무엇을 도와드릴까요?"
BL,고객 지원팀에 전화할 수 있는 시간을 확인하는 데 도움을 주세요,문의,고객 서비스 문의,문의해 주셔서 감사합니다! 고객지원팀에 언제 전화할 수 있는지 알고 싶으신 것을 이해합니다. [운영시간/기간] 동안 당사 고객 지원팀에 연락하실 수 있습니다. 우리와 연결될 수 있는 구체적인 시간을 알면 통화 계획을 세우는 것이 더 쉬워질 것입니다. 오늘 제가 더 도와드릴 일이 있나요?
BCL,고객 지원팀에 문의해야 하는데 도움이 필요합니다,문의,고객 서비스 문의,연락해주셔서 감사합니다! 고객님께 도움이 필요하다는 점을 이해하며 당사 고객 지원팀에 문의하고 싶습니다. 저희 팀은 고객님의 질문이나 우려 사항에 대해 도움을 드릴 수 있는 [운영시간/기간]를 보유하고 있습니다. 저희는 고객님께 필요한 지원을 제공해 드리겠습니다. 추가로 어떻게 도와드릴까요?
BCILP,고객지원팀과 통화하고 싶은데 도와주실 수 있나요?,문의,고객 서비스 문의,문의해 주셔서 감사합니다! 고객님이 당사 고객 지원팀과 상담하고 싶다는 점을 충분히 이해합니다. 저희는 고객님을 돕기 위해 여기 있습니다. 저희 팀과 연결하려면 다음 옵션을 통해 연락하실 수 있습니다. [고객센터전화번호]. 고객 지원 시간 동안 [운영시간/기간]에서 이용 가능합니다. 또한 당사 웹사이트 [웹사이트/메뉴]에서 직접 채팅하실 수도 있습니다. 저희는 고객님께 필요한 지원을 제공하기 위해 최선을 다하고 있습니다. 추가로 어떻게 도와드릴까요?
BL,고객 지원에 연락하는 데 도움,문의,고객 서비스 문의,고객님의 연락에 감사드립니다! 고객님이 당사 고객 지원팀에 연락하는 데 도움이 필요하다고 생각합니다. 저희는 고객 지원 전문가와 연결할 수 있는 여러 채널을 보유하고 있습니다. 무료 전화번호 [고객센터전화번호]를 통해 당사에 연락하거나 [이메일주소]로 이메일을 보내실 수 있습니다. 실시간 지원을 원하시면 당사 웹사이트 [웹사이트/메뉴]에서 지원팀과 채팅하실 수도 있습니다. 저희가 도와드리겠습니다. 궁금한 점이나 우려 사항이 있으면 언제든지 문의해 주세요.
BL,고객지원팀에 몇 시까지 연락할 수 있는지 알려주세요,문의,고객 서비스 문의,연락해주셔서 감사합니다! 당사 고객지원팀의 업무시간을 알고 싶다는 점을 이해합니다. [운영시간/기간] 동안 당사의 전담 담당자가 고객님을 도와드릴 수 있습니다. 추가 질문이나 우려 사항이 있으면 언제든지 알려주시기 바랍니다. 저는 도와주러 왔습니다!
BILQZ,고객 지원이 가능한 시간에 확인하는 방법은 다음과 같습니다.,문의,고객 서비스 문의,문의해 주셔서 감사합니다! 고객 지원 팀의 가용성을 어디에서 확인할 수 있는지 알고 싶은 고객님의 욕구를 완전히 이해합니다. 당사 고객 서비스 운영 시간에 액세스하려면 당사 웹사이트 [회사 웹사이트 URL]를 방문하시기 바랍니다. 여기에서 필요한 모든 세부 정보가 포함된 전용 페이지를 찾으실 수 있습니다. 저희 팀은 [운영시간/기간] 동안 탁월한 지원을 제공하기 위해 최선을 다하고 있습니다. 다른 질문이나 문의 사항이 있으면 알려주시기 바랍니다. 저는 도와주러 왔습니다!
BL,고객 서비스가 가능한 시간이 언제인지 알려주세요,문의,고객 서비스 문의,연락해주셔서 감사합니다! 저희 고객 서비스 팀에 연락하기 위해 영업 시간을 알고 싶어 하시는 것 같습니다. 당사의 전담 지원 담당자가 다음 시간 동안 고객님을 도와드릴 수 있습니다: [운영시간/기간]. 저희는 고객님께 탁월한 서비스를 제공하고 고객님이 가질 수 있는 문의 사항이나 우려 사항을 해결하기 위해 왔습니다. 오늘은 또 어떤 도움을 드릴까요?
BCILP,고객지원센터에 전화해야 하는데 어떻게 해야 하나요?,문의,고객 서비스 문의,도와주셔서 영광입니다! 고객지원센터에 전화하셔야 할 것 같아요. 저희는 고객님이 저희 팀과 소통할 수 있는 다양한 채널을 제공합니다. [운영시간/기간]에 이용 가능한 [고객센터전화번호]의 전용 고객 지원 전화번호를 통해 당사에 문의하실 수 있습니다. 또한 당사 웹사이트 [웹사이트/메뉴]의 라이브 채팅을 통해 당사에 연락하실 수도 있습니다. 당사의 지식이 풍부한 상담원은 고객님을 돕고 고객님께 필요한 지원을 제공할 준비가 되어 있습니다. 다음의 편리한 방법을 사용하여 언제든지 문의해 주세요. 오늘은 또 어떤 도움을 드릴까요?
BLQ,몇 시에 고객 서비스에 연락할 수 있는지 확인해야 해요,문의,고객 서비스 문의,저희는 고객님을 위해 여기 있습니다! 고객님이 당사 고객 서비스에 연락할 수 있는 시간을 알고 싶어한다는 것을 알고 있습니다. [운영시간/기간] 동안 당사의 전담 지원팀이 고객님을 도와드릴 수 있습니다. 다른 질문이나 문의 사항이 있으면 언제든지 알려주시기 바랍니다. 저는 도와주러 왔습니다!
BLQ,고객 서비스에 언제 연락할 수 있는지 알려주세요,문의,고객 서비스 문의,도와주셔서 영광입니다! 당사의 전담 고객 서비스 팀에 연락할 수 있는 영업 시간을 확인하는 데 도움이 필요하신 것으로 알고 있습니다. [회사명]에서는 고객 서비스 팀이 [운영시간/기간] 동안 고객님을 도와드릴 수 있습니다. 궁금한 점이나 문의 사항이 있으면 해당 시간 동안 언제든지 저희에게 연락해 주세요. 저희는 고객님께 필요한 지원을 제공해 드리겠습니다. 제가 도와드릴 다른 것이 있나요?
BIL,무료 고객 서비스 전화번호가 있나요?,문의,고객 서비스 문의,문의해 주셔서 감사합니다! 고객님이 무료 고객 서비스 전화번호를 찾고 있다는 점을 충분히 이해합니다. [고객센터전화번호]에 무료 전화상담 서비스가 있습니다. 저희의 전담 지원팀은 고객님이 가질 수 있는 모든 문의사항이나 우려 사항에 대해 도움을 드릴 수 있습니다. 언제든지 저희에게 연락해 주세요. 오늘은 또 어떤 도움을 드릴까요?
BILWZ,빌어먹을 고객 에게 전화하는 걸 도와주실 수 있나요?,문의,고객 서비스 문의,무슨 말인지 알겠습니다! 고객 지원팀에 문의하는 데 도움이 필요하다는 내용입니다. 불편함이나 불편함을 느끼셨다면 사과드립니다. 안심하세요. 저는 이 문제를 해결하는 데 도움을 드리고 있습니다. 고객 지원팀에 연락하려면 고객 지원 업무 시간 동안 [고객센터전화번호]로 전화하세요. 또는 당사 웹사이트 [웹사이트/메뉴]의 라이브 채팅을 통해 당사와 연결할 수도 있습니다. 추가로 도움이 필요하시면 알려주시기 바랍니다.
BIL,고객 지원에 연락할 수 있는 시간을 확인하는 방법은 무엇입니까?,문의,고객 서비스 문의,"연락해주셔서 감사합니다! 고객 지원에 연락할 수 있는 시간을 확인하는 방법을 알고 싶다는 점을 이해합니다. 고객 지원 가능 시간을 확인하려면 당사 웹사이트를 방문하여 ""연락처"" 또는 ""지원"" 페이지를 찾아보세요. 여기에서 고객 지원팀의 연락처 정보와 운영 시간을 확인할 수 있습니다. 원하실 경우 [고객센터전화번호]로 전화해 주시면 영업 시간을 안내해 드릴 것입니다. 제가 도와드릴 수 있는 다른 사항이 있으면 알려주세요!"
BLZ,고객 서비스에 전화하려면 어떻게 해야 하는지 모르겠어요,문의,고객 서비스 문의,무슨 말인지 알겠습니다! 저희 고객 서비스 팀에 연락하는 과정에 대해 확신이 없으신 것 같습니다. 저는 그것을 안내하기 위해 여기에 있습니다. 고객 서비스에 문의하려면 [고객센터전화번호]를 통해 문의하거나 웹사이트 [웹사이트/메뉴]에서 라이브 채팅을 시작하세요. 또는 우려 사항이 있는 경우 [이메일주소]로 이메일을 보내 주시면 저희 팀에서 즉시 도와드리겠습니다. 저희는 고객 만족을 돕고 보장하기 위해 여기 있다는 것을 기억하십시오. 다른 질문이 있으시면 언제든지 문의해 주세요.
BL,고객지원팀에 전화하려면 어떻게 해야 하는지 모르겠습니다.,문의,고객 서비스 문의,연락해주셔서 감사합니다! 고객 지원팀에 연락하는 과정에 대해 확신이 없으신 것 같습니다. 고객 지원 센터에 전화하려면 영업 시간 중에 [고객센터전화번호]([운영시간/기간])로 전화하세요. 저희의 전담 지원팀은 고객님이 가질 수 있는 질문이나 우려 사항에 대해 도움을 드릴 수 있습니다. 원하시면 당사 웹사이트 [웹사이트/메뉴]의 라이브 채팅을 통해 문의하실 수도 있습니다. 필요한 지원을 받으려면 주저하지 말고 저희에게 연락하세요. 오늘은 또 어떤 도움을 드릴까요?
BIL,고객 서비스에 몇 시까지 전화할 수 있는지 알려 주실 수 있나요?,문의,고객 서비스 문의,고객님의 메시지에 감사드립니다! 고객님께서 저희 고객 서비스 팀에 연락할 수 있는 시간을 알고 싶으실 것 같습니다. 안심하세요. [운영시간/기간] 동안 당사의 전담 지원팀이 고객님을 도와드릴 수 있습니다. 제가 더 도와드릴 일이 있나요?
BL,고객 지원팀에 어떻게 연락할 수 있는지 모르겠습니다.,문의,고객 서비스 문의,"저희는 듣고 있어요! 고객님이 당사 고객 지원팀에 연락하는 방법을 잘 모르신다는 사실을 알고 싶습니다. 안심하세요. 저희가 도와드리겠습니다. 고객 지원에 연락하려면 전화, 이메일, 라이브 채팅 등 다양한 채널을 통해 문의하실 수 있습니다. 저희의 전담 지원팀은 [운영시간/기간] 동안 고객님께 필요한 지원을 제공할 수 있습니다. 문의하신 내용이나 문의 사항의 성격에 대해 보다 구체적인 내용을 제공해 주시면 더 나은 안내를 해드릴 수 있습니다. 오늘은 어떻게 추가로 도움을 드릴 수 있나요?"
BILQ,고객지원팀에 전화할 수 있는 시간은 어떻게 확인하나요,문의,고객 서비스 문의,"연락해주셔서 감사합니다! 고객지원을 받으실 수 있는 영업시간을 확인하고 싶으신 것으로 알고 있습니다. 이 정보를 얻으려면 [웹사이트/메뉴]를 방문하여 ""연락처"" 또는 ""지원"" 섹션으로 이동하세요. 여기에서 당사 고객 서비스 팀이 고객님께 도움을 드릴 수 있는 시간을 확인하실 수 있습니다. 다른 질문이나 우려 사항이 있으면 언제든지 알려주시기 바랍니다. 저는 도와주러 왔습니다!"
BL,고객 지원팀과 대화하는 데 도움이 필요합니다.,문의,고객 서비스 문의,고객님의 의견을 들으니 반갑습니다! 고객님께서 당사 고객 지원팀과 통화하고 싶어하시는 것으로 확인됩니다. [운영시간/기간] 동안 사용할 수 있습니다. [고객센터전화번호]로 연락하거나 당사 웹사이트 [웹사이트/메뉴]의 라이브 채팅을 통해 연락할 수 있습니다. 저희의 전담 지원팀이 고객님께 필요한 지원을 제공해 드리겠습니다. 오늘은 또 어떤 도움을 드릴까요?
BILQ,고객 지원팀에 연락하는 데 도움을 줄 수 있나요?,문의,고객 서비스 문의,고객님의 메시지에 감사드립니다! 고객님이 당사 고객 지원팀에 연락하는 데 도움이 필요하다는 것은 확실합니다. 원활하고 효율적인 연결을 보장하려면 [운영시간/기간]([고객센터전화번호]) 또는 당사 웹사이트([웹사이트/메뉴])의 라이브 채팅을 통해 고객 지원에 문의할 수 있습니다. 저희는 고객님께 필요한 도움과 지원을 제공해 드리겠습니다. 추가로 도움이 필요하시면 알려주시기 바랍니다.
BLQZ,언제 고객 지원팀에 연락할 수 있는지 확인하도록 도와주세요,문의,고객 서비스 문의,우리가 도와드리겠습니다! 고객님는 언제 당사 고객 지원팀에 연락할 수 있는지 알아보고 계신 것으로 알고 있습니다. 최선을 다해 도와드리겠습니다. 당사 고객 지원팀은 정규 업무 시간([운영시간/기간]) 동안 고객님을 지원해 드립니다. 그때 저희에게 연락하시면 필요한 도움을 받으실 수 있습니다. 제가 도와드릴 다른 것이 있나요?
BLQ,고객 지원팀에 전화할 수 있는 시간을 확인하려고 합니다.,문의,고객 서비스 문의,우리가 도와드리겠습니다! 당사 고객지원팀에 문의하실 수 있는 영업시간을 확인하고 싶으신 점 양해 부탁드립니다. [운영시간/기간] 동안 당사의 전담 지원팀이 고객님의 질문이나 우려 사항에 대해 도움을 드릴 수 있습니다. 해당 시간 내에 언제든지 문의해 주시면 최선을 다해 도와드리겠습니다. 제가 도와드릴 다른 것이 있나요?
BIL,고객 서비스에 몇 시까지 전화할 수 있는지 알려주실 수 있나요?,문의,고객 서비스 문의,고객님의 의견을 들으니 반갑습니다! 고객님이 당사 고객 서비스 팀에 연락할 수 있는 영업 시간을 알고 싶어 하시는 것으로 알고 있습니다. [운영시간/기간] 동안 당사의 전담 지원팀이 고객님을 도와드릴 수 있습니다. 이 기간 내에 언제든지 문의해 주시면 질문이나 우려 사항이 있는 경우 최선을 다해 도와드리겠습니다. 오늘은 또 어떤 도움을 드릴까요?
BCILP,"고객지원팀에 문의하고 싶은데, 도와주실 수 있나요?",문의,고객 서비스 문의,"저희는 고객님의 봉사 활동을 소중히 여깁니다! 고객님이 당사 고객 지원팀에 문의하고 싶다는 사실을 잘 알고 있습니다. 문의 사항이나 우려 사항이 있으면 도움을 드릴 수 있는 전담 지원팀이 있습니다. 전화, 이메일, 라이브 채팅 등 다양한 채널을 통해 고객 지원에 문의하실 수 있습니다. 우리 고객 지원 팀은 [운영시간/기간] 동안 운영됩니다. 어떤 방법이 고객님께 가장 적합한지 알려주시면 필요한 연락처 정보를 제공해 드리겠습니다."
BILW,빌어먹을 고객 지원팀에 전화하려면 어떻게 해야 하나요?,문의,고객 서비스 문의,문의해 주셔서 감사합니다! 불편을 끼쳐 드려 죄송합니다. 고객 지원에 연결하려면 전용 헬프라인 번호 [고객센터전화번호]로 문의하세요. 저희 팀은 [운영시간/기간] 동안 고객님의 문의 사항이나 우려 사항에 대해 도움을 드릴 수 있습니다. 저희는 소중한 고객에게 신속하고 효율적인 서비스를 제공하기 위해 노력하고 있습니다. 제가 더 도와드릴 일이 있나요?
BL,고객지원팀에 문의할 수 있는 시간을 확인하고 싶습니다.,문의,고객 서비스 문의,문의해 주셔서 감사합니다! 고객님이 당사 고객 지원팀에 연락할 수 있는 시간을 알아야 한다는 점을 이해합니다. 고객 지원 시간은 [운영시간/기간]입니다. 저희는 고객님이 필요할 때 도움을 드릴 수 있도록 최선을 다하고 있습니다. 제가 도와드릴 다른 것이 있나요?
BLZ,서비스 메일 주소,문의,고객 서비스 문의,우리를 믿어주셔서 감사합니다! 고객님께서 당사 고객 서비스 이메일 주소에 관해 문의하신 것으로 잘 알고 있습니다. 고객의 보안과 개인 정보 보호를 보장하기 위해 당사는 고객 서비스 지원을 위한 이메일 주소를 제공하지 않습니다. 그러나 당사 웹사이트의 라이브 채팅 기능을 사용하거나 무료 전화번호 [고객센터전화번호]로 전화하여 당사 고객 서비스 팀에 문의하실 수 있습니다. 저희의 전담 지원팀은 고객님이 가질 수 있는 모든 문의사항이나 우려 사항에 대해 도움을 드릴 수 있습니다. 오늘은 또 어떤 도움을 드릴까요?
BILQZ,언제 고객센터에 전화할 수 있는지 어디서 확인하나요?,문의,고객 서비스 문의,연락해 주셔서 감사합니다! 당사 고객 서비스 팀에 연락할 수 있는 시간을 알고 싶으시면 당사 웹사이트에서 해당 정보를 쉽게 찾으실 수 있습니다. 당사 웹사이트 [웹사이트/메뉴]를 방문하여 '연락처' 또는 '고객 지원' 페이지로 이동하세요. 여기에서 고객 서비스 팀에 연락할 수 있는 특정 운영 시간을 확인할 수 있습니다. 추가 질문이나 우려 사항이 있으면 언제든지 알려주시기 바랍니다. 저는 도와주러 왔습니다!
BIL,고객지원팀에 언제 전화할 수 있는지 알려주실 수 있나요?,문의,고객 서비스 문의,연락해주셔서 감사합니다! 고객님께서 당사 고객 지원 센터에 전화할 수 있는 영업 시간을 알고 싶어하신다는 것을 확실히 알고 있습니다. 저희 팀은 [운영시간/기간] 동안 고객님을 도와드릴 수 있습니다. 이 기간 내에 언제든지 문의해 주세요. 제가 더 도와드릴 일이 있나요?
BL,고객센터에 연락해야겠어요,문의,고객 서비스 문의,물론이죠! 고객님이 당사 고객 서비스 팀에 연락해야 한다는 점을 이해합니다. 당사의 전담 지원 담당자가 고객님의 질문이나 우려 사항에 대해 도움을 드릴 수 있습니다. [운영시간/기간] 동안 연락하실 수 있습니다. 또는 당사 웹사이트 [웹사이트/메뉴]의 라이브 채팅 기능을 통해 연락하실 수도 있습니다. 그들은 항상 고객님을 도울 준비가 되어 있습니다. 오늘은 또 어떤 도움을 드릴까요?
BLW,빌어먹을 고객지원팀에 연락하는 데 도움을 주세요,문의,고객 서비스 문의,문의해 주셔서 감사합니다! 고객님이 당사 고객 지원팀에 연락하는 데 도움이 필요하다는 점을 충분히 이해합니다. 불편을 끼쳐드려 죄송합니다. 저희 팀은 고객님의 우려 사항을 해결하고 필요한 지원을 제공하기 위해 최선을 다하고 있습니다. 고객 지원에 문의하려면 [운영시간/기간] 중에 [고객센터전화번호]로 연락하세요. 또는 당사 웹사이트 [웹사이트/메뉴]의 라이브 채팅 기능을 통해 당사와 연결할 수도 있습니다. 저희는 모든 단계에서 고객님의 의견을 듣고 지원하기 위해 여기 있습니다. 오늘은 또 어떤 도움을 드릴까요?
BLQ,고객 지원팀에 얘기해야 해요,문의,고객 서비스 문의,연락해주셔서 감사합니다! 고객님께서 당사 고객 지원팀과 통화가 필요하신 것으로 알고 있습니다. 안심하세요. 저희가 도와드리겠습니다. 전담 지원팀과 연결하려면 [운영시간/기간]([고객센터전화번호]) 동안 또는 당사 웹사이트([웹사이트/메뉴])의 라이브 채팅을 통해 연락하실 수 있습니다. 저희는 고객님의 시간을 소중히 여기며 고객님의 양해에 감사드립니다. 제가 또 어떻게 고객님께 도움을 드릴 수 있나요?
BLQ,고객지원팀에 문의하는 데 도움이 필요해요,문의,고객 서비스 문의,연락해주셔서 감사합니다! 고객님께서 당사 고객 지원팀과 통화하는 데 도움이 필요하다는 점을 확실히 알고 있습니다. 저희 팀은 [운영시간/기간] 동안 연락 가능하며 고객님이 가질 수 있는 모든 우려 사항이나 질문을 해결하는 데 도움을 드릴 수 있습니다. 추가로 도움을 드릴 수 있는 방법을 알려주세요.
BIL,고객 지원을 받을 수 있는 시간을 확인할 수 있나요?,문의,고객 서비스 문의,고객님의 의견을 듣고 기뻐요! 고객 지원을 받을 수 있는 시간을 확인하고 싶다는 점을 진심으로 이해합니다. [운영시간/기간] 동안 당사의 전담 지원팀이 고객님을 도와드릴 수 있습니다. [고객센터전화번호]를 통해 또는 당사 웹사이트 [웹사이트/메뉴]의 라이브 채팅을 통해 당사와 연결할 수 있습니다. 저희는 고객님의 요구 사항이 충족되도록 보장하고 고객님께 필요한 지원을 제공해 드리겠습니다. 오늘 제가 또 어떤 도움을 드릴 수 있을까요?
BILQZ,고객 지원팀과 어떻게 대화할 수 있나요?,문의,고객 서비스 문의,고객님의 의견은 소중합니다! 당사 고객 지원팀에 연락하는 방법에 대해 알고 싶다는 연락을 받았습니다. 저희 팀은 다양한 채널을 통해 고객님께 도움을 드릴 수 있습니다. 고객 지원 시간 동안 [고객센터전화번호]로 전화를 통해 문의하시거나 당사 웹사이트 [웹사이트/메뉴]의 라이브 채팅 기능을 통해 문의하실 수도 있습니다. 또한 [이메일주소]로 이메일을 보내주시면 저희 팀에서 최대한 빨리 연락드리겠습니다. 저희는 고객님께 필요한 지원을 제공해 드리겠습니다. 추가로 어떻게 도와드릴까요?
BCILQZ,고객 지원팀에 문의하고 싶은데 어떻게 해야 하나요?,문의,고객 서비스 문의,고객님의 의견은 소중합니다! 고객님이 당사 고객 지원팀과 통화하고 싶다는 연락을 받았습니다. 지원 담당자와 연결하려면 몇 가지 다른 옵션이 있습니다. 저희 웹사이트 [웹사이트/메뉴]의 라이브 채팅 기능을 통해 저희에게 연락하시면 도움을 드릴 수 있습니다. 또는 당사의 전용 지원 시간([운영시간/기간]) 동안 고객 지원 전화선 [고객센터전화번호]로 전화하실 수 있습니다. 저희는 고객님을 돕기 위해 여기 있습니다. 추가 질문이나 우려 사항이 있는 경우 주저하지 말고 문의해 주세요.
BLW,빌어먹을 고객 서비스 센터와 통화하는 데 도움이 필요해요,문의,고객 서비스 문의,문의해 주셔서 감사합니다. 고객님이 불만을 느끼고 있으며 당사 고객 서비스 팀의 도움이 필요하다는 점을 이해합니다. 불편을 끼쳐드려 죄송합니다. 안심해 주세요. 저희는 고객님의 우려 사항을 해결하는 데 도움을 드리고 있습니다. 현재 겪고 있는 문제에 대해 좀 더 자세한 내용을 제공해 주시겠습니까? 세부 사항을 이해함으로써 가장 적절한 지원 채널을 안내하고 고객님의 우려 사항을 효율적으로 해결할 수 있습니다.
BILPWZ,빌어먹을 고객 서비스 얘기 좀 도와줄래?,문의,고객 서비스 문의,연락해주셔서 감사합니다! 저는 고객님이 우리 고객 서비스 팀과 대화하는 데 도움이 필요하다는 것을 확실히 알고 있습니다. 진행과정에서 불편하셨다면 사과드립니다. 안심하세요. 저는 이 문제를 해결하는 데 도와드리겠습니다. 가능한 최선의 방법으로 도움을 드릴 수 있도록 문의 사항에 대한 구체적인 세부정보를 제공해 주시기 바랍니다. 저희는 함께 고객님의 요구 사항을 충족하고 긍정적인 고객 경험을 보장하는 솔루션을 찾을 것입니다.
BLQ,고객 지원에 전화할 수 있는 시간을 알려주세요,문의,고객 서비스 문의,연락해주셔서 감사합니다! 고객님이 당사 고객 지원을 받을 수 있는 시간을 알고 싶어한다는 것을 확실히 알고 있습니다. [기타정보] 동안 당사의 전담 지원팀이 고객님을 도와드릴 수 있습니다. 저는 고객님께 필요할 수 있는 추가 정보를 제공해 드리겠습니다. 어떻게 하면 고객님의 경험을 더욱 향상시킬 수 있나요?
BL,고객 지원 메일 주소,문의,고객 서비스 문의,문의해주셔서 감사합니다! 적절한 고객 지원 메일 주소를 제공하기 위해 문의 이유나 필요한 지원의 성격을 명시해 주시겠습니까? 이렇게 하면 고객님께 가장 정확하고 관련성이 높은 연락처 정보를 제공하는 데 도움이 됩니다.
BI,고객 서비스에 연락할 수 있는 시간을 확인할 수 있나요?,문의,고객 서비스 문의,고객님의 의견을 듣고 기뻐요! 고객님께서 당사 고객 서비스팀에 문의하기 위해 영업 시간을 확인하고 싶어 하시는 것을 진심으로 이해합니다. [운영시간/기간] 동안 당사의 전담 지원팀이 고객님을 도와드릴 수 있습니다. 그 때에는 부담 없이 문의해 주십시오. 다른 질문이나 우려 사항이 있으면 제가 도와드리겠습니다. 오늘은 또 어떤 도움을 드릴까요?
BLQ,어떻게 고객 지원팀에 연락할 수 있는지 모르겠어요,문의,고객 서비스 문의,"저희는 고객님을 위해 여기 있습니다! 고객지원팀에 문의하는 방법을 잘 모르시는 것으로 알고 있습니다. 걱정하지 마세요. 제가 도와드리겠습니다! 고객 지원팀에 연락하는 가장 쉬운 방법은 웹사이트 [웹사이트/메뉴]를 방문하는 것입니다. 이메일 주소, 전화번호 및 라이브 채팅 옵션이 표시되는 ""연락처"" 페이지에서 연락처 정보를 찾을 수 있습니다. 자신에게 가장 적합한 방법을 자유롭게 선택하세요. 다른 질문이 있거나 추가 지원이 필요하면 알려주시기 바랍니다."
BLQ,고객 지원팀에 문의하는 데 도움이 필요해요,문의,고객 서비스 문의,고객님의 메시지에 감사드립니다! 고객님이 당사 고객 지원 팀과 통화하는 데 도움이 필요하다는 것은 분명합니다. [운영시간/기간]에 당사의 전담 지원팀이 고객님을 지원할 수 있습니다. 이들과 연결하려면 고객 지원 핫라인 [고객센터전화번호]에 문의하거나 당사 웹사이트 [웹사이트/메뉴]의 라이브 채팅을 통해 문의하세요. 고객님이 가질 수 있는 질문이나 우려 사항에 대해 기꺼이 도움을 드릴 것입니다. 오늘은 또 어떤 도움을 드릴까요?
BL,고객 지원과 관련해 도움을 받고 싶습니다.,문의,고객 서비스 문의,고객님의 메시지에 감사드립니다! 저희 고객 서비스 팀과 통화하는 데 도움이 필요하신 것 같습니다. 저희 팀은 소중한 고객에게 지원과 지침을 제공하기 위해 최선을 다하고 있습니다. 필요한 도움을 받으려면 [고객센터전화번호]의 고객 지원 헬프라인에 문의하는 것이 좋습니다. 고객님의 질문이나 우려 사항에 대해 당사의 지식이 풍부한 담당자가 기꺼이 도움을 드릴 것입니다. 또는 당사 웹사이트 [웹사이트/메뉴]의 라이브 채팅 기능을 통해 당사와 연결할 수도 있습니다. 저희는 고객님이 원활하고 만족스러운 경험을 할 수 있도록 돕고 보장하기 위해 왔습니다. 추가로 도움이 필요하시면 알려주세요.
BILZ,고객지원팀에 전화할 수 있는 시간은 어디에서 확인할 수 있나요?,문의,고객 서비스 문의,"문의해 주셔서 감사합니다! 고객 지원팀에 전화하기 위해 영업 시간을 확인할 수 있는 곳을 알고 싶다는 점을 충분히 이해합니다. 이 정보를 찾으려면 당사 웹사이트의 ""연락처"" 페이지를 방문하는 것이 좋습니다. 여기에는 기타 유용한 연락처 정보와 함께 고객 지원 시간이 나와 있습니다. 정보를 찾는 데 문제가 있는 경우 알려주시면 기꺼이 도와드리겠습니다."
BL,몇시부터 고객센터에 전화할 수 있는지 알아봐야겠어요,문의,고객 서비스 문의,무슨 말인지 알겠습니다! 저희 고객 서비스 팀에 문의하실 수 있는 운영 시간을 알고 싶으신 것 같습니다. 당사의 고객 서비스는 [운영시간/기간]에서 고객님을 지원해 드립니다. 이 시간 동안 언제든지 저희에게 연락해 주시면 문의 사항이나 우려 사항이 있는 경우 기꺼이 도와드리겠습니다. 제가 도와드릴 다른 것이 있나요?
BCILP,고객센터에 전화하고 싶은데 어떻게 해야 하나요?,문의,고객 서비스 문의,문의해 주셔서 감사합니다! 우리 고객 서비스 팀과 연결하고 싶은 고객님의 욕구를 완전히 이해합니다. 고객 서비스에 전화하려면 [고객센터전화번호]로 전화하세요. 저희 팀이 전화로 기꺼이 도와드리겠습니다. 다른 질문이나 문의 사항이 있으면 언제든지 알려주시기 바랍니다. 저는 도와주러 왔습니다!
BCIL,고객지원팀에 문의하고 싶은데 어떻게 하면 되나요?,문의,고객 서비스 문의,저희는 모두 귀를 기울입니다! 고객님이 도움을 구하고 있으며 당사 고객 지원팀과 상담하고 싶다는 생각이 들었습니다. 원활한 경험을 보장하기 위해 당사와 연결할 수 있는 다양한 옵션이 있습니다. 무료 전화번호 [고객센터전화번호]를 통해 당사에 연락하시거나 당사 웹사이트 [웹사이트/메뉴]에서 라이브 채팅을 시작하시거나 [이메일주소]로 이메일을 보내실 수 있습니다. [운영시간/기간]에 당사의 전담 지원팀이 고객님의 질문이나 우려 사항에 대해 도움을 드릴 준비가 되어 있습니다. 오늘은 어떻게 더 도와드릴까요?
BLQZ,몇 시에 고객 서비스에 전화할 수 있는지 확인하도록 도와주세요,문의,고객 서비스 문의,고객님의 의견은 소중합니다! 고객센터 문의를 위한 운영시간 확인에 도움이 필요하신 것으로 확인됩니다. [운영시간/기간] 동안 당사의 전담 지원팀이 고객님을 도와드릴 수 있습니다. [고객센터전화번호]로 연락하시거나 당사 웹사이트 [웹사이트/메뉴]의 라이브 채팅을 통해 저희와 연결하실 수 있습니다. 저희는 고객님께 탁월한 서비스를 제공해 드리겠습니다. 제가 도와드릴 다른 것이 있나요?
BILW,네 빌어먹을 고객지원 전화번호는 몇 번이야?,문의,고객 서비스 문의,문의해 주셔서 감사합니다! 고객님께서 겪으셨을 수 있는 불편함에 대해 사과드립니다. 고객 지원을 위한 전화번호를 알려주시면 감사하겠습니다. 그러나 고객님의 개인정보를 보호하고 데이터 보호 규정을 준수하기 위해 답변 시 노골적인 표현은 사용하지 않을 것입니다. 추가로 도움을 드릴 수 있는 방법을 알려주시면 기꺼이 도와드리겠습니다.
BILQ,고객센터와 통화할 수 있나요?,문의,고객 서비스 문의,"저희는 고객님을 위해 여기 있습니다! 저희 고객 서비스 팀과 통화가 가능한지 알고 싶어 하시는 것으로 알고 있습니다. 전적으로! 고객 서비스 담당자가 전화, 라이브 채팅 또는 이메일을 통해 도움을 드릴 수 있습니다. [운영시간/기간] 중에 연락하실 수 있습니다. 궁금한 점이나 우려 사항이 있으면 언제든지 문의해 주세요. 우리가 도와드리겠습니다!"
BL,고객 서비스가 가능한 시간을 확인하는 데 도움이 됩니다.,문의,고객 서비스 문의,문의해 주셔서 감사합니다! 저는 고객님이 당사 고객 서비스의 가용성을 알고 싶어한다는 것을 완전히 이해합니다. [운영시간/기간] 동안 당사의 전담 지원팀이 고객님을 도와드릴 수 있습니다. 추가로 도움이 필요하시면 알려주시기 바랍니다.
BLZ,고객 지원팀에 문의해야 합니다,문의,고객 서비스 문의,"언제나 연결이 좋아요! 고객님이 긴급하게 당사 고객 지원팀에 연락해야 한다는 사실을 잘 알고 있습니다. 저희는 적시에 지원을 제공하고 고객님이 겪을 수 있는 모든 문제를 해결하기 위해 최선을 다하고 있습니다. 당사 고객 지원팀은 [운영시간/기간] 동안 이용 가능합니다. 전화, 이메일, 라이브 채팅 등 다양한 채널을 통해 당사에 연락하실 수 있습니다. 그 밖에 도움이 필요한 사항이 있으면 알려주시기 바랍니다."
BLQ,고객지원팀에 연락할 수 있는 시간을 확인하는 방법을 알려주세요,문의,고객 서비스 문의,우리를 믿어주셔서 감사합니다! 고객님이 당사 고객지원팀에 문의할 수 있는 시간을 알고 싶어하신다는 점을 잘 알고 있습니다. [운영시간/기간] 동안 당사의 전담 지원팀이 고객님을 도와드릴 수 있습니다. 다른 질문이나 문의 사항이 있으면 언제든지 알려주시기 바랍니다. 오늘은 또 어떤 도움을 드릴까요?
BZ,연락고객 서비스,문의,고객 서비스 문의,고객님의 의견을 듣고 기뻐요! 저는 고객님이 우리 고객 서비스에 문의하고 싶어한다는 것을 진심으로 이해합니다. [운영시간/기간] 동안 당사의 전담 지원팀이 고객님을 도와드릴 수 있습니다. [고객센터전화번호]로 전화하거나 당사 웹사이트 [웹사이트/메뉴]의 라이브 채팅을 통해 연락하실 수 있습니다. 저희는 고객님께 필요한 지원을 제공해 드리겠습니다. 오늘은 또 어떤 도움을 드릴까요?
BIL,고객 지원팀에 연락할 수 있는 메일이 있나요?,문의,고객 서비스 문의,"언제나 연결이 좋아요! 고객님께서 이메일을 통해 당사 고객 지원팀에 연락할 수 있는 방법을 찾고 계시다는 사실을 잘 알고 있습니다. 저희는 고객님의 문의를 소중히 여기며, 전담 지원팀이 즉시 고객님을 도와드릴 수 있습니다. 고객 지원팀에 연락하려면 [기타정보]로 이메일을 보내주세요. 고객님이 갖고 있는 문의 사항이나 문의 사항을 기꺼이 해결해 드릴 것입니다. 제가 도와드릴 다른 것이 있나요?"
BLQ,고객 지원팀과 대화하는 데 도움이 필요해요,문의,고객 서비스 문의,고객님의 연락에 감사드립니다! 고객 지원팀과 연결하는 데 도움이 필요하다고 생각합니다. [운영시간/기간] 동안 사용할 수 있습니다. 안심하세요. 궁금한 점이나 문의 사항이 있으면 제가 도와드리겠습니다. 추가로 어떻게 도와드릴까요?
BLQ,고객지원팀에 몇 시까지 연락할 수 있는지 알아봐,문의,고객 서비스 문의,"고객님의 의견을 들으니 반갑습니다! 고객 지원팀에 문의할 수 있는 운영 시간을 알고 싶으신 것 같습니다. [운영시간/기간]에 당사의 전담 고객 지원팀이 고객님을 도와드릴 수 있습니다. 이 시간 동안 전화, 이메일, 라이브 채팅 등 다양한 채널을 통해 당사에 연락하실 수 있습니다. 저희는 고객님이 가질 수 있는 질문이나 문의 사항에 대해 도움을 드리고 있습니다. 고객님의 경험을 더 좋게 만들 수 있는 방법을 알려 주시기 바랍니다."
BILQ,고객 지원팀에 어떻게 얘기하나요,문의,고객 서비스 문의,우리가 도와드리겠습니다! 고객님이 당사 고객 지원팀에 연락하는 방법을 알고 싶다는 점을 알려드립니다. 우리가 도와드리겠습니다! 전담 지원 담당자와 통화하려면 당사 웹사이트 [웹사이트/메뉴]의 라이브 채팅을 통해 연락하거나 [고객센터전화번호]로 전화하세요. [운영시간/기간]에서 고객님의 문의 사항이나 우려 사항에 대해 도움을 드릴 수 있습니다. 추가 지원이 필요하면 언제든지 문의해 주세요. 우리가 도와드리겠습니다!
BLQ,고객 서비스에 어떻게 문의해야 할지 모르겠어요,문의,고객 서비스 문의,"문의해 주셔서 감사합니다. 고객 서비스 팀에 연락하는 방법을 잘 모르신다는 점을 이해합니다. 걱정하지 마세요. 제가 도와드리려고 왔습니다. 고객 서비스 담당자와 통화하려면 [운영시간/기간] 중에 연락하세요. 저희는 전화 지원, 웹사이트 [웹사이트/메뉴]의 라이브 채팅, 이메일 등 다양한 지원 채널을 제공합니다. 자신에게 가장 적합한 옵션을 자유롭게 선택하세요. 구체적인 질문이나 문의 사항이 있는 경우 알려주시면 최선을 다해 도와드리겠습니다."
BILQ,고객지원팀과 통화할 수 있는 무료 전화번호가 있어요,문의,고객 서비스 문의,"문의해 주셔서 감사합니다! 고객님이 당사 고객 지원팀에 문의하기 위해 무료 전화번호를 찾고 있다는 점을 충분히 이해합니다. 저희는 고객님의 시간을 소중히 여기며 고객님이 우리와 최대한 편리하게 연락할 수 있도록 하고자 합니다. 현재 당사는 고객 지원팀에 연락할 수 있는 무료 전화번호를 제공하고 있습니다. [고객센터전화번호]로 전화하시면 당사 담당자와 통화하실 수 있습니다. 고객님이 가질 수 있는 질문이나 우려 사항에 대해 기꺼이 도움을 드릴 것입니다. 저희는 고객에게 탁월한 지원을 제공하기 위해 노력하고 있으며, 우리에게 연락해 주셔서 감사합니다. 제가 도와드릴 수 있는 다른 사항이 있으면 알려주세요!"
BLQZ,고객 지원팀에 문의해야 합니다.,문의,고객 서비스 문의,문의해 주셔서 감사합니다! 고객님이 당사 고객 지원팀에 문의해야 한다는 점을 이해합니다. 제가 고객님을 돕기 위해 왔으니 고객님은 올바른 장소에 왔습니다. 당사 고객 서비스 팀은 [운영시간/기간] 동안 우려 사항을 해결하거나 고객님의 질문에 답변해 드립니다. 오늘 제가 어떻게 도움을 드릴 수 있는지 알려주세요.
BL,고객 서비스와 통화할 수 있게 도와주세요,문의,고객 서비스 문의,"우리가 도와드리겠습니다! 고객 서비스 팀과 통화하는 데 도움이 필요하다는 점을 알고 있습니다. 저희 팀은 고객님께 필요한 지원을 제공하기 위해 최선을 다하고 있으며, 제가 그 과정을 안내해 드리겠습니다. 고객 서비스에 연결하려면 영업 시간 동안 [운영시간/기간]로 연락하시면 됩니다. 당사 웹사이트 [웹사이트/메뉴]의 라이브 채팅을 통해 문의하실 수도 있습니다. 구체적인 질문이나 우려 사항이 있으면 언제든지 알려주시기 바랍니다. 저는 고객님의 경험을 가능한 한 원활하게 할 수 있도록 돕기 위해 왔습니다."
BIL,고객 지원에 전화할 수 있는 시간을 알 수 있나요?,문의,고객 서비스 문의,문의해 주셔서 감사합니다! 고객지원팀에 전화할 수 있는 영업시간을 알고 싶으십니까? 고객 서비스 담당자는 [운영시간/기간] 동안 통화 가능합니다. [고객센터전화번호]로 연락하거나 당사 웹사이트 [웹사이트/메뉴]의 라이브 채팅을 통해 연락할 수 있습니다. 다른 질문이나 우려 사항이 있으면 언제든지 알려주시기 바랍니다.
BILQ,몇 시에 고객 지원팀에 문의할 수 있는지 어디서 알 수 있나요?,문의,고객 서비스 문의,"연락해주셔서 감사합니다! 고객님이 당사 고객 지원팀에 문의할 때 영업 시간을 어디서 확인할 수 있는지 알고 싶다는 점을 확실히 알고 있습니다. 고객 지원 시간을 보려면 당사 웹사이트 [웹사이트/메뉴]를 방문하여 ""연락처"" 또는 ""지원"" 섹션으로 이동하십시오. 여기에서 당사 전담 지원팀이 고객님께 도움을 드릴 수 있는 특정 시간을 확인하실 수 있습니다. 다른 질문이 있거나 추가 지원이 필요한 경우 언제든지 알려주시기 바랍니다."
BI,고객 서비스에 연락할 수 있는 시간은 언제인지 알려주실 수 있나요?,문의,고객 서비스 문의,연락해주셔서 기뻐요! 저는 고객님이 당사 고객 서비스에 연락할 수 있는 시간을 알고 싶어한다는 것을 분명히 알고 있습니다. [운영시간/기간] 동안 당사의 전담 지원팀이 고객님을 도와드릴 수 있습니다. 편하신 시간에 편하게 문의해주세요. 제가 도와드릴 다른 것이 있나요?
BILW,빌어먹을 고객 지원팀에 연락할 수 있는 전화번호가 있나요?,문의,고객 서비스 문의,문의해 주셔서 감사합니다! 고객 지원팀에 문의하는 데 있어 고객님의 불만과 긴급함을 이해합니다. 저는 고객님을 돕기 위해 여기 있습니다. 고객 지원 담당자와 직접 통화하려면 [고객센터전화번호]로 전화하세요. 그들은 고객님의 우려 사항을 해결하고 고객님께 필요한 지원을 제공할 수 있습니다. 제가 도와드릴 다른 것이 있나요?
BLQZ,고객 지원팀에 몇 시까지 연락할 수 있는지 알아보려고 해요,문의,고객 서비스 문의,"연락해주셔서 감사합니다! 고객님이 당사 고객 지원팀에 연락할 수 있는 시간에 대한 정보를 찾고 계신 것으로 알고 있습니다. 저희는 소중한 고객에게 도움과 지원을 제공하기 위해 최선을 다하고 있습니다. 우리 고객 지원 팀은 [운영시간/기간] 동안 이용 가능합니다. 전화, 이메일, 라이브 채팅 등 다양한 채널을 통해 연락할 수 있습니다. 다른 질문이나 우려 사항이 있으면 언제든지 알려주시기 바랍니다."
BILQ,고객지원팀에 언제 연락할 수 있는지 확인하는 방법,문의,고객 서비스 문의,"연락해주셔서 기뻐요! 저는 고객님이 우리 고객 지원팀의 업무 시간에 관심이 있다는 것을 분명히 알고 있습니다. 구체적인 시기를 확인하려면 당사 웹사이트 [웹사이트/메뉴]를 방문하여 ""연락처"" 또는 ""지원"" 페이지로 이동하세요. 거기에는 고객 지원 시간이 눈에 띄게 표시되어 있습니다. 추가 문의사항이 있거나 다른 도움이 필요하시면 언제든지 알려주시기 바랍니다. 저는 도와주러 왔습니다!"
BLWZ,빌어먹을 지원팀에 얘기해야겠어,문의,고객 서비스 문의,무슨 말인지 알겠습니다! 저는 고객님이 우리 고객 지원팀과 긴급하게 통화해야 하는 상황에 처해 있다는 것과 같은 생각입니다. 불편을 끼쳐드려 죄송합니다. 저희 팀은 [운영시간/기간] 동안 고객님을 도와드릴 수 있습니다. 제가 고객님께 어떻게 도움을 드릴 수 있는지 알 수 있을까요?
BIL,고객지원팀에 문의할 수 있나요?,문의,고객 서비스 문의,"문의해 주셔서 감사합니다! 고객님이 당사 고객 지원팀에 연락해야 한다는 점을 이해합니다. 네, 저희 고객 지원팀에 문의하실 수 있습니다. [운영시간/기간] 동안 당사의 전담 지원팀이 고객님을 도와드릴 것입니다. [고객센터전화번호]로 연락하시거나 당사 웹사이트 [웹사이트/메뉴]의 라이브 채팅을 통해 연락하실 수 있습니다. 저희는 고객님께 신속하고 안정적인 지원을 제공해 드리겠습니다. 오늘 제가 더 도와드릴 일이 있나요?"
BLQZ,고객지원팀에 언제 전화할 수 있는지 확인하는 데 도움이 필요해요,문의,고객 서비스 문의,문의해 주셔서 감사합니다! 고객 지원팀에 전화하려면 영업 시간을 알아야 한다는 점을 이해합니다. 당사의 고객 지원 팀은 [운영시간/기간]에서 고객님의 질문이나 우려 사항에 대해 도움을 드릴 수 있습니다. 저는 고객님을 더 돕기 위해 여기 있습니다. 제가 도와드릴 다른 것이 있나요?
BL,고객지원팀에 연락하려고 합니다,문의,고객 서비스 문의,"저는 고객님을 듣고! 고객님께서 당사 고객 지원팀에 연락하려고 하신다는 소식을 전해 드립니다. 저희는 고객님을 지원하고 고객님의 우려 사항이 즉시 해결되도록 하기 위해 왔습니다. 가장 정확하고 최신 정보를 제공하기 위해 고객님께 연락할 수 있는 가장 좋은 방법을 알려주시겠습니까? 전화, 이메일, 라이브 채팅 등을 통해 전담 고객 지원 담당자가 고객님을 도와드릴 준비가 되어 있습니다."
BLQ,고객지원팀에 전화하려면 어떻게 해야 할지 모르겠어요,문의,고객 서비스 문의,우리를 믿어주셔서 감사합니다! 고객지원팀에 전화하는 방법에 대해 확신이 없으신 점 잘 알고 있습니다. 걱정하지 마세요. 제가 이 과정을 안내해 드리겠습니다. 고객 지원에 문의하려면 영업 시간 [운영시간/기간] 중에 [고객센터전화번호]로 전화하시면 됩니다. 저희의 전담 지원팀은 고객님이 가질 수 있는 모든 질문이나 우려 사항에 대해 기꺼이 도움을 드릴 것입니다. 원하시면 당사 웹사이트 [웹사이트/메뉴]의 라이브 채팅 기능을 통해 당사에 연락하실 수도 있습니다. 추가로 도움이 필요하시면 알려주세요!
BELZ,지원팀에 연락하는 방법을 모르겠습니다.,문의,고객 서비스 문의,"연락해주셔서 감사합니다! 고객님이 당사 고객 지원팀에 연락하는 방법을 잘 모르신다는 점을 확실히 알고 있습니다. 걱정하지 마세요. 제가 도와드리겠습니다. 전화, 이메일, 라이브 채팅 등 다양한 채널을 통해 고객 지원을 받으실 수 있습니다. 저희 팀과 직접 통화하고 싶으시면 고객 지원 핫라인 [고객센터전화번호]로 전화하실 수 있습니다. 또는 [이메일주소]의 고객 지원 이메일 주소로 이메일을 보내거나 당사 웹사이트 [웹사이트/메뉴]에서 담당자와 채팅할 수 있습니다. 특별히 도움이 필요한 사항이 있거나 다른 질문이 있는 경우 알려주시기 바랍니다."
BL,고객지원팀에 전화하려고 합니다,문의,고객 서비스 문의,저는 고객님을 듣고! 고객님께서 당사 고객 지원팀에 연락하려고 하신다는 소식을 전해 드립니다. 당사의 전용 전화선은 [운영시간/기간]를 사용할 수 있습니다. [고객센터전화번호]로 연락하실 수 있습니다. 저희는 고객님이 가질 수 있는 모든 문의사항이나 우려 사항에 대해 도움을 드리고 있습니다. 주저하지 마시고 전화주세요.
BILZ,고객 지원에 전화할 수 있는 시간은 어떻게 확인하나요?,문의,고객 서비스 문의,"언제나 연결이 좋아요! 고객님이 당사 고객 지원에 문의할 수 있는 시간을 알고 싶다는 사실을 잘 알고 있습니다. 고객 서비스 시간을 확인하려면 당사 웹사이트 [웹사이트/메뉴]를 방문하여 ""연락처"" 섹션을 찾으세요. 거기서 고객 서비스 운영 시간을 확인하실 수 있습니다. 추가 질문이 있거나 도움이 필요하시면 언제든지 알려주시기 바랍니다."
BL,고객지원팀에 전화하려면 도움이 필요합니다,문의,고객 서비스 문의,"고객님의 의견을 듣고 기뻐요! 고객지원팀에 전화하는 데 도움이 필요하다는 점을 진심으로 이해합니다. 저희는 고객에게 최고의 지원을 제공하기 위해 노력하고 있으며, 그 과정을 안내해 드리겠습니다. 고객 지원 센터에 전화하려면 무료 전화번호 [고객센터전화번호]로 전화하세요. 저희 팀은 고객님이 가질 수 있는 모든 문의 사항이나 우려 사항에 대해 기꺼이 도움을 드릴 것입니다. 도움이 필요하시면 언제든지 저희에게 연락해 주세요."
BL,고객센터에 언제 전화할 수 있는지 알고 싶어요,문의,고객 서비스 문의,연락해주셔서 감사합니다! 저는 고객님이 우리 고객 서비스 팀의 운영 시간을 알고 싶어한다는 것을 확실히 알고 있습니다. [운영시간/기간] 동안 당사의 전담 지원팀이 고객님을 도와드릴 수 있습니다. 이 시간 동안 언제든지 전화해 주시면 문의사항이나 우려 사항이 있는 경우 최선을 다해 도와드리겠습니다. 제가 도와드릴 다른 것이 있나요?
BILQZ,내가 언제 고객 지원팀에 연락할 수 있는지 어떻게 알 수 있나요?,문의,고객 서비스 문의,"고객님의 메시지는 많은 의미가 있습니다! 고객 지원팀에 연락할 수 있는 영업 시간을 알고 싶다는 생각에 저는 동의합니다. 가장 정확한 정보를 제공하기 위해 어떤 지원팀을 언급하고 계시는지 알려주실 수 있나요? 기술 지원, 청구 지원 또는 회사 내 기타 부서일 수 있습니다. 이 정보를 받으면 관련 연락처와 운영 시간을 알려드릴 수 있습니다."
BL,고객지원팀에 몇 시까지 연락할 수 있는지 알아보세요,문의,고객 서비스 문의,도와주셔서 영광입니다! 고객님이 당사 고객 지원팀에 문의할 수 있는 시간을 알고 싶어 한다는 것을 알고 있습니다. 당사의 전담 고객 지원팀은 [운영시간/기간]를 통해 고객님을 도와드릴 수 있습니다. 그들은 고객님께 필요한 도움을 제공할 준비가 되어 있습니다. 추가 문의사항이나 문의 사항이 있으면 언제든지 알려주시기 바랍니다.
BCLW,"빌어먹을 고객 지원팀에 전화해야 하는데, 도와주세요",문의,고객 서비스 문의,문의해 주셔서 감사합니다! 고객 지원팀에 문의하는 데 도움이 필요하다는 점을 충분히 이해합니다. 안심하세요. 제가 도와드리려고 왔습니다. [운영시간/기간] 동안 당사의 전담 지원팀이 고객님의 우려 사항을 해결해 드립니다. 추가로 도움을 드릴 수 있는 방법을 알려주세요.
BL,고객지원팀에 문의할 수 있게 도와주세요,문의,고객 서비스 문의,연락해주셔서 기뻐요! 고객 지원팀과 대화하는 데 도움이 필요하다는 점을 분명히 알고 있습니다. [운영시간/기간] 동안 당사의 전담 지원팀이 고객님을 도와드릴 수 있습니다. 고객 지원에 연결하려면 [고객센터전화번호]를 통해 문의하거나 웹사이트 [웹사이트/메뉴]의 라이브 채팅을 통해 문의하세요. 저희 팀은 고객님께 필요한 도움과 지원을 제공할 준비가 되어 있습니다. 추가로 도움이 필요하시면 알려주시기 바랍니다.
BL,고객 지원을 받을 수 있는 시간을 알려주세요,문의,고객 서비스 문의,저희는 고객님의 봉사 활동을 소중히 여깁니다! 고객님이 당사 고객 지원팀에 연락할 수 있는 운영 시간을 알고 싶다는 사실에 공감합니다. 당사의 전담 지원팀은 다음 시간 동안 고객님을 도와드릴 수 있습니다: [운영시간/기간]. 문의사항이나 문의 사항이 있으시면 이 시간 동안 언제든지 저희에게 연락해 주시기 바랍니다. 저희는 고객님의 경험을 가능한 한 원활하고 즐겁게 만들 수 있도록 돕기 위해 왔습니다. 제가 도와드릴 수 있는 다른 사항이 있으면 알려주세요.
BK,고객 서비스에 문의,문의,고객 서비스 문의,당사 고객 서비스에 연락하기 위해 문의해 주셔서 감사합니다. 저희는 적시에 지원을 제공하고 고객님이 가질 수 있는 우려 사항을 해결하는 것이 중요하다는 것을 이해합니다. 당사 고객 서비스 팀은 [운영시간/기간] 동안 고객님을 도와드릴 수 있습니다. 무료 전화번호 [고객센터전화번호]를 통해 연락하시거나 당사 웹사이트를 방문하여 라이브 채팅 기능을 이용하시면 됩니다. 추가 질문이 있거나 도움이 필요하면 언제든지 문의해 주세요. 우리가 도와드리겠습니다!
BLQ,고객 서비스에 언제 연락할 수 있는지 알고 싶어요,문의,고객 서비스 문의,연락해주셔서 감사합니다! 고객 서비스 팀에 연락할 수 있는 영업 시간을 확인하는 데 도움이 필요하다는 점을 이해합니다. 구체적인 이용 가능 시간을 알아보려면 당사 웹사이트를 확인하거나 당사에 직접 문의하세요. 당사의 전담 지원팀이 고객님을 지원하고 해당 기간 동안 고객님이 가질 수 있는 모든 질문에 답변해 드립니다. 제가 도와드릴 다른 것이 있나요?
BIL,고객센터에 전화할 수 있는 시간은 어디서 확인하나요?,문의,고객 서비스 문의,"고객님의 의견을 듣고 기뻐요! 고객 서비스 팀에 연락하기 위해 영업 시간을 확인할 수 있는 곳을 알고 싶어하신다는 점을 진심으로 이해합니다. 이 정보를 찾으려면 당사 웹사이트 [웹사이트/메뉴]를 방문하는 것이 좋습니다. 당사 웹사이트에서 ""연락처"" 또는 ""지원"" 섹션으로 이동할 수 있습니다. 여기에서 고객 서비스 시간에 관한 가장 최신의 정확한 정보를 확인할 수 있습니다. 또한 이메일이나 라이브 채팅 등 저희 팀에 연락할 수 있는 다른 방법을 찾을 수도 있습니다. 추가 질문이 있으시면 제가 도와드리겠습니다."
BL,고객 지원팀에 언제 연락할 수 있는지 확인하는 데 도움을 주세요,문의,고객 서비스 문의,연락해주셔서 감사합니다! 고객 지원팀에 문의할 수 있는 시간을 확인하는 데 도움이 필요하다는 것을 확실히 알고 있습니다. [운영시간/기간]에 당사의 전담 지원팀이 고객님을 도와드릴 수 있습니다. 그 때 언제든지 저희에게 연락해 주시면 고객님이 가질 수 있는 질문이나 우려 사항에 대해 기꺼이 도와드리겠습니다. 제가 도와드릴 다른 것이 있나요?
BL,고객 지원팀에 언제 연락할 수 있는지 확인하는 데 도움이 됩니다,문의,고객 서비스 문의,"우리를 믿어주셔서 감사합니다! 고객님이 당사 고객 지원팀에 연락할 수 있는 시간을 알고 싶다는 점을 잘 알고 있습니다. [운영시간/기간] 동안 당사의 전담 지원팀이 고객님을 도와드릴 수 있습니다. 그들은 고객님의 질문에 답변하고, 해결책을 제공하고, 고객님이 가질 수 있는 모든 우려 사항을 해결하기 위해 여기에 있습니다. 이 시간 동안 언제든지 저희에게 연락하시면 기꺼이 도와드리겠습니다. 제가 더 도와드릴 일이 있나요?"
BILQ,고객 지원을 받을 수 있는 시간은 어디에서 확인할 수 있나요?,문의,고객 서비스 문의,"고객님의 연락에 감사드립니다! 고객 지원팀에 문의하려면 영업 시간을 어디에서 확인할 수 있는지 알고 싶으실 것 같습니다. 저희 팀과 연락할 수 있는 시간을 알아보려면 당사 웹사이트를 방문하여 ""연락처"" 또는 ""지원"" 섹션으로 이동하세요. 여기에서 고객 지원 팀이 고객님을 지원할 수 있는 특정 기간을 확인할 수 있습니다. 추가 도움이 필요하시면 언제든지 알려주시기 바랍니다."
BIL,고객 서비스에 언제 연락할 수 있는지 알 수 있나요?,문의,고객 서비스 문의,우리를 믿어주셔서 감사합니다! 고객님이 당사 고객 서비스 팀의 운영 시간을 알고 싶다는 점을 잘 알고 있습니다. 당사의 전담 담당자가 고객 지원 시간([운영시간/기간]) 동안 고객님을 도와드릴 수 있습니다. 다른 질문이나 문의 사항이 있으면 언제든지 알려주시기 바랍니다. 저는 도와주러 왔습니다!
BLQ,고객 지원팀에 연락하려고 해요,문의,고객 서비스 문의,"저는 고객님을 듣고! 고객님께서 당사 고객 지원팀에 연락하려고 하신다는 소식을 전해 드립니다. 저희는 고객님을 돕기 위해 여기 있습니다! [운영시간/기간] 동안 고객 지원이 제공됩니다. 전화, 이메일, 라이브 채팅을 통해 문의하실 수 있습니다. 질문이나 우려 사항이 있거나 도움이 필요한 경우 언제든지 알려주시기 바랍니다. 클릭 한 번이나 전화 한 번이면 됩니다!"
BLQ,몇 시에 고객지원팀에 전화할 수 있는지 확인하는 데 도움이 필요해요,문의,고객 서비스 문의,고객님의 의견을 들으니 반갑습니다! 고객 지원팀에 문의할 수 있는 시간을 결정하는 데 도움이 필요하신 것으로 확인됩니다. [운영시간/기간] 동안 당사의 전담 지원팀이 고객님을 도와드릴 수 있습니다. 이 시간 동안 저희에게 연락하시면 필요한 지원을 받으실 수 있습니다. 다른 질문이나 우려 사항이 있는 경우 언제든지 알려주시기 바랍니다. 고객님의 경험이 최대한 원활하게 이루어질 수 있도록 도와드리겠습니다.
BILQ,고객 지원팀에 문의할 수 있는 무료 전화번호가 있어요,문의,고객 서비스 문의,저희는 모두 귀를 기울입니다! 고객님이 당사 고객 지원팀에 연락할 수 있는 무료 전화번호를 찾고 계시다는 생각에 귀를 기울였습니다. 저희는 [고객센터전화번호]로 무료 고객 지원을 제공합니다. 이 번호로 연락하시면 저희 팀이 고객님의 질문이나 우려 사항에 대해 기꺼이 도움을 드릴 것입니다. 저희의 주요 목표는 가능한 최고의 고객 서비스 경험을 제공하는 것입니다. 오늘은 또 어떤 도움을 드릴까요?
BLQZ,고객 지원팀에 몇 시까지 연락할 수 있는지 확인하려고 합니다,문의,고객 서비스 문의,연락해주셔서 감사합니다! 당사 고객 지원팀에 연락할 수 있는 영업 시간을 알고 싶다는 점을 이해합니다. [운영시간/기간] 동안 당사의 전담 지원팀이 고객님을 도와드릴 수 있습니다. 그 때 언제든지 저희에게 연락해 주시면 고객님이 가질 수 있는 질문이나 우려 사항에 대해 기꺼이 도움을 드리겠습니다. 오늘은 또 어떤 도움을 드릴까요?
BLQZ,고객 서비스에 몇 시까지 연락할 수 있는지 확인하는 데 도움,문의,고객 서비스 문의,저희는 고객님을 위해 여기 있습니다! 당사 고객 서비스 팀의 근무 시간을 확인하는 데 도움이 필요하다는 것을 알고 있습니다. [운영시간/기간]에 당사의 전담 지원팀이 고객님을 지원해 드립니다. 이 시간 동안 연락하시면 신속하고 안정적인 지원을 받으실 수 있습니다. 오늘 제가 더 도와드릴 일이 있나요?
BIL,언제 고객 지원팀에 연락할 수 있나요?,문의,고객 서비스 문의,"고객님의 의견은 소중합니다! 저희 고객 지원팀에 언제 연락하실 수 있는지 알고 싶으십니까? 고객 지원 시간은 [운영시간/기간]입니다. 이 기간 동안 당사 웹사이트 [웹사이트/메뉴]에서 전화, 이메일, 라이브 채팅 등 다양한 채널을 통해 문의하실 수 있습니다. 저희는 고객님을 지원하고 신속하고 안정적인 지원을 제공해 드리겠습니다. 오늘은 또 어떤 도움을 드릴까요?"
BCLZ,맞춤형 지원을 받고 싶습니다. 도와주세요.,문의,고객 서비스 문의,저희는 모두 귀를 기울입니다! 고객님이 당사 고객 지원팀과 통화하고 싶다는 생각이 들었습니다. 저는 고객님을 돕기 위해 여기 있습니다. 도움이 필요한 특정 문제나 질문에 대한 자세한 내용을 제공해 주시겠습니까? 이렇게 하면 고객님의 우려 사항을 가장 잘 해결할 수 있는 적절한 담당자에게 고객님을 연결하는 데 도움이 될 것입니다.
BLQZ,고객 서비스에 언제 연락할 수 있는지 알려 줘,문의,고객 서비스 문의,문의해 주셔서 감사합니다! 당사의 전담 고객 서비스 팀에 연락할 수 있는 영업 시간을 알아보아야 한다는 점을 이해합니다. 당사의 고객 서비스 담당자는 업무 시간 동안 [운영시간/기간]에서 고객님을 도와드릴 수 있습니다. 다른 질문이나 우려 사항이 있으면 언제든지 알려주시기 바랍니다.
BI,고객 서비스에 연락할 수 있는 시간을 어떻게 확인할 수 있나요?,문의,고객 서비스 문의,문의해 주셔서 감사합니다! 고객 서비스 팀에 연락할 수 있는 시간을 확인해야 한다는 점을 충분히 이해합니다. [운영시간/기간]에 고객 서비스를 이용할 수 있습니다. 핫라인 [고객센터전화번호]를 통해 또는 당사 웹사이트 [웹사이트/메뉴]의 라이브 채팅을 통해 연락하실 수 있습니다. 지정된 시간 동안 고객님이 가질 수 있는 질문이나 우려 사항에 대해 기꺼이 도움을 드릴 것입니다. 제가 도와드릴 수 있는 다른 사항이 있으면 알려주시기 바랍니다.
BL,고객 지원이 가능한 시간을 확인하는 데 도움을 주세요,문의,고객 서비스 문의,고객님의 의견을 듣고 기뻐요! 고객 지원이 가능한 시간을 확인하는 데 도움이 필요하다는 점을 진심으로 이해합니다. [운영시간/기간]에 당사의 전담 지원팀이 고객님을 도와드릴 것입니다. 다른 질문이나 문의 사항이 있으면 언제든지 알려주시기 바랍니다. 저는 고객님께 필요한 추가 지원을 제공해 드리겠습니다.
BIL,고객지원팀과 통화하는 것을 도와주실 수 있나요?,문의,고객 서비스 문의,언제나 연결이 좋아요! 고객님이 당사 고객 지원팀과 연결하는 데 도움을 찾고 있다는 사실을 잘 알고 있습니다. 저는 고객님을 돕기 위해 여기 있습니다. 고객님의 이름과 선호하는 의사소통 방법을 포함한 고객님의 연락처 정보를 알려주십시오. 그러면 제가 해당 정보를 지원팀에 전달할 수 있습니다. 고객님의 우려 사항을 해결하기 위해 가능한 한 빨리 연락을 드릴 것입니다. 안심해 주세요. 저희는 고객님께 필요한 지원을 제공하기 위해 최선을 다하고 있습니다.
BLQ,고객 서비스와 통화하는 데 도움이 필요해요,문의,고객 서비스 문의,고객님의 연락에 감사드립니다! 고객 서비스 팀과 통화하는 데 도움이 필요하다고 생각합니다. [운영시간/기간] 동안 당사의 전담 담당자가 우려 사항이나 문의 사항에 대해 도움을 드릴 수 있습니다. 고객 서비스에 문의하려면 [고객센터전화번호]로 연락하거나 웹사이트 [웹사이트/메뉴]의 라이브 채팅을 통해 문의하세요. 그들은 기꺼이 고객님을 도와줄 것입니다. 오늘은 또 어떤 도움을 드릴까요?
BLQ,고객 지원에 연락하는 데 도움이 필요합니다,문의,고객 서비스 문의,"연락해주셔서 기뻐요! 고객님이 당사 고객 지원팀에 연락하는 데 도움이 필요하다는 점을 분명히 알고 있습니다. 전담 지원 전문가와의 연결이 필수적이며, 제가 그 과정을 안내해 드리겠습니다. 고객 지원을 받으려면 [운영시간/기간] 중에 문의하세요. 또한 당사 웹사이트 [웹사이트/메뉴]의 라이브 채팅 기능을 통해 당사와 연결하는 것이 편리할 수도 있습니다. 추가로 도움이 필요하시면 언제든지 알려주시기 바랍니다."
BILQ,고객 지원과 통화할 수 있는 무료 전화번호가 있어요,문의,고객 서비스 문의,고객님의 의견을 듣고 기뻐요! 고객님께서 당사 고객 지원팀과 통화할 수 있는 무료 전화번호를 찾고 계시다는 점을 진심으로 이해합니다. 저희는 고객님의 시간을 소중히 여기며 고객님이 우리와 연결할 수 있는 편리한 방법을 제공하기 위해 노력합니다. 고객 서비스 팀에 연락하려면 무료 전화번호 [고객센터전화번호]로 전화하세요. 저희의 전담 지원팀은 고객님이 가질 수 있는 모든 질문이나 우려 사항에 대해 도움을 드릴 준비가 되어 있습니다. 저희는 우리 서비스에 대한 고객님의 신뢰에 감사드리며 고객님을 돕기를 기대합니다. 제가 도와드릴 다른 것이 있나요?
BILZ,서비스에 전화할 수 있는 무료 전화번호가 있나요?,문의,고객 서비스 문의,고객님의 의견은 소중합니다! 고객님께서 당사 고객 서비스에 문의하기 위한 무료 전화번호를 찾고 계신 것으로 확인되었습니다. 고객님의 편의를 위해 무료 전화번호를 제공하고 있습니다. [고객센터전화번호]로 고객 서비스 팀에 연락하실 수 있습니다. 고객 지원 시간 중 언제든지 전화해 주시면 문의 사항이나 우려 사항이 있으면 기꺼이 도와드리겠습니다. 제가 도와드릴 수 있는 다른 사항이 있으면 알려주세요!
BLZ,고객 서비스에 몇 시까지 연락할 수 있는지 알아보려고 합니다.,문의,고객 서비스 문의,문의해주셔서 감사합니다! 고객님이 당사 고객 서비스 팀에 연락할 수 있는 시간을 알고 싶어 한다는 것을 이해합니다. 저는 그 정보에 대해 고객님을 돕기 위해 왔습니다. 당사의 고객 서비스는 다음 시간 동안 고객님을 지원해 드립니다: [고객 지원 시간]. 다른 질문이나 문의 사항이 있으면 언제든지 알려주시기 바랍니다. 오늘은 또 어떤 도움을 드릴까요?
BL,언제 고객지원을 받을 수 있는지 알아보세요,문의,고객 서비스 문의,연락해주셔서 감사합니다! 고객님이 당사 고객 지원팀에 연락할 수 있는 시간을 알고 싶어한다는 것을 확실히 알고 있습니다. 당사의 전담 지원팀이 [운영시간/기간]를 통해 고객님을 도와드릴 수 있습니다. 이 기간 동안 언제든지 저희에게 연락해 주시면 궁금한 점이나 문의 사항이 있으면 기꺼이 도와드리겠습니다. 제가 도와드릴 다른 것이 있나요?
BL,고객센터에 언제 전화할 수 있는지 확인해주세요,문의,고객 서비스 문의,고객님의 메시지는 많은 의미가 있습니다! 고객 서비스 팀에 도움을 요청할 수 있는 구체적인 시간을 알고 싶다는 생각에 저는 동의합니다. 당사의 전담 고객 서비스 담당자가 [운영시간/기간]를 통해 도움을 드릴 수 있습니다. 이 기간 동안 언제든지 저희에게 연락해 주시면 기꺼이 고객님의 우려 사항을 해결하고 필요한 지원을 제공해 드리겠습니다. 제가 도와드릴 다른 것이 있나요?
BILQZ,고객 지원팀에 어떻게 말해야 하나요?,문의,고객 서비스 문의,고객님의 메시지에 감사드립니다! 고객님이 당사 고객 지원팀과 통화하는 방법을 알고 싶어한다는 것은 분명합니다. 고객 지원을 받으려면 [고객센터전화번호]의 전용 헬프라인을 통해 문의하거나 당사 웹사이트 [웹사이트/메뉴]에서 라이브 채팅 세션에 참여할 수도 있습니다. 저희 팀은 [운영시간/기간] 동안 고객님의 문의 사항이나 우려 사항에 대해 도움을 드릴 수 있습니다. 추가 지원이 필요하거나 다른 질문이 있으면 언제든지 문의해 주세요.
BL,고객지원팀에 전화할 수 있는 시간을 확인하는 데 도움을 주세요,문의,고객 서비스 문의,문의해 주셔서 감사합니다! 저는 고객님이 당사 고객 지원팀의 운영 시간을 알고 싶어 한다는 점을 충분히 이해합니다. 당사의 전담 지원팀은 다음 시간 동안 고객님을 도와드릴 수 있습니다: [운영시간/기간]. 문의사항이나 문의 사항이 있으시면 이 시간 동안 언제든지 저희에게 연락해 주세요. 우리가 도와드리겠습니다!
BCILQZ,고객 서비스에 얘기하고 싶은데 어떻게 해야 하나요?,문의,고객 서비스 문의,"우리가 도와드리겠습니다! 고객님이 당사 고객 서비스 팀에 문의하고 싶은데 어떻게 할 수 있는지 알고 싶습니다. 당사는 고객 서비스 담당자와 연결할 수 있는 여러 채널을 보유하고 있습니다. 전화([고객센터전화번호]), 당사 웹사이트([웹사이트/메뉴])의 라이브 채팅, [이메일주소]로 이메일을 보내 문의하실 수 있습니다. 저희 팀은 지원 제공에 최선을 다하고 있으며 고객님이 가질 수 있는 모든 문의 사항이나 우려 사항에 대해 기꺼이 도움을 드릴 것입니다. 추가로 어떻게 도와드릴까요?"
BILQ,고객센터에 전화할 수 있는 시간 확인하는 방법,문의,고객 서비스 문의,저는 고객님을 듣고! 저희 고객 서비스 팀에 전화하실 수 있는 영업 시간을 확인하는 방법을 알고 싶으셔서 연락드립니다. 구체적인 영업 시간을 알아보려면 당사 웹사이트 [웹사이트/메뉴]를 방문하는 것이 좋습니다. 당사 웹사이트에서는 고객 서비스 운영 시간에 대한 자세한 정보를 제공하는 전용 페이지나 섹션을 찾을 수 있습니다. 다른 질문이 있거나 추가 도움이 필요하시면 언제든지 알려주세요!
BILP,고객지원팀에 언제 연락할 수 있는지 알려주실 수 있나요?,문의,고객 서비스 문의,"언제나 연결이 좋아요! 고객 지원팀에 연락할 수 있는 운영 시간을 알고 싶다는 사실을 잘 알고 있습니다. [운영시간/기간] 동안 당사의 전담 지원팀이 고객님을 도와드릴 수 있습니다. 질문이나 우려 사항이 있거나 문제에 대한 도움이 필요한 경우, 저희 팀은 고객님께 필요한 지원을 제공할 준비가 되어 있습니다. 이 시간 동안 언제든지 저희에게 연락해 주시면 기꺼이 도와드리겠습니다."
BL,고객지원팀에 문의하려면 도움이 필요합니다,문의,고객 서비스 문의,문의해 주셔서 감사합니다! 고객 지원팀과 연결하는 데 도움이 필요하다는 점을 이해합니다. 당사의 전담 지원 담당자는 [운영시간/기간] 동안 이용 가능합니다. 연락하려면 [고객센터전화번호]로 전화하거나 당사 웹사이트 [웹사이트/메뉴]에서 라이브 채팅을 이용하세요. 그들은 고객님이 가질 수 있는 질문이나 우려 사항에 대해 기꺼이 도움을 드릴 것입니다. 내가 또 어떻게 고객님께 도움을 드릴 수 있나요?
BEL,고객 지원에 연락하는 방법을 모르겠습니다.,문의,고객 서비스 문의,"고객님의 의견을 듣고 기뻐요! 고객 지원팀에 연락하는 방법을 잘 모르신다는 점을 진심으로 이해합니다. 전화 지원, 라이브 채팅, 이메일 등 고객님을 지원할 수 있는 다양한 채널이 있습니다. 고객 지원팀에 문의하려면 무료 전화번호 [고객센터전화번호]로 전화하거나 웹사이트 [웹사이트/메뉴]를 방문하여 라이브 채팅 기능에 액세스하거나 [이메일주소]로 이메일을 보내세요. 저희의 친절한 팀은 고객님께 필요한 도움을 기꺼이 제공해 드릴 것입니다. 더 궁금한 점이나 문의 사항이 있으면 언제든지 문의해 주세요."
BI,고객 서비스 이용 가능 시간을 확인할 수 있나요?,문의,고객 서비스 문의,고객님의 의견을 듣고 기뻐요! 고객님이 당사 고객 서비스의 이용 가능 여부를 확인하고 싶다는 점을 진심으로 이해합니다. [운영시간/기간]에 당사의 전담 지원팀이 고객님을 도와드릴 수 있습니다. 저희는 고객님이 가질 수 있는 모든 질문이나 우려 사항을 해결하기 위해 왔습니다. 제가 도와드릴 다른 것이 있나요?
BIL,고객 서비스에 전화할 수 있는 시간은 어디서 확인할 수 있나요?,문의,고객 서비스 문의,연락해주셔서 감사합니다! 저희 고객 서비스에 전화할 수 있는 시간을 어디에서 찾을 수 있는지 알고 싶으실 것 같습니다. 운영 시간을 확인하려면 당사 웹사이트를 방문하거나 고객 지원 핫라인 [고객센터전화번호]에 문의하시기 바랍니다. 저희의 전담 지원팀은 고객님이 우리에게 연락할 수 있는 구체적인 시간을 기꺼이 알려드릴 것입니다. 제가 도와드릴 다른 것이 있나요?
BL,고객 서비스 이메일,문의,고객 서비스 문의,문의해주셔서 감사합니다! 이메일을 통해 고객 서비스 팀에 연락하려면 [이메일주소]로 메시지를 보내주십시오. 저희의 전담 지원팀은 고객님의 우려 사항을 해결하고 즉각적인 지원을 제공하기 위해 최선을 다하고 있습니다. 다른 질문이 있거나 추가 지원이 필요한 경우 언제든지 알려주시기 바랍니다.
BIL,고객 지원팀에 문의할 수 있도록 도와주실 수 있나요?,문의,고객 서비스 문의,연락해주셔서 감사합니다! 고객 지원팀에 문의하는 데 도움이 필요하다는 점을 이해합니다. 저는 고객님을 돕기 위해 여기 있습니다. 당사 고객 지원팀과 연결하려면 [운영시간/기간]([고객센터전화번호]) 또는 당사 웹사이트([웹사이트/메뉴])의 라이브 채팅을 통해 연락하실 수 있습니다. 고객님이 가질 수 있는 모든 문의 사항이나 우려 사항에 대해 기꺼이 도움을 드릴 것입니다. 오늘은 또 어떤 도움을 드릴까요?
BCIL,고객센터에 통화하고 싶은데 어떻게 해야 하나요?,문의,고객 서비스 문의,저는 고객님을 듣고! 저희 고객 서비스 팀에 문의하셔야 한다고 알려드립니다. 고객님이 그들에게 연락할 수 있는 몇 가지 옵션이 있습니다. [고객센터전화번호]로 전화하여 고객 서비스 팀에 연락하거나 웹사이트 [웹사이트/메뉴]를 방문하여 라이브 채팅 기능을 사용하여 담당자와 연결할 수 있습니다. 또는 문의 사항이나 우려 사항이 있으면 [이메일주소]로 이메일을 보내실 수 있습니다. 저희의 전담 지원팀은 고객님이 필요한 솔루션을 찾는 데 도움을 드릴 준비가 되어 있습니다.
BIL,몇 시에 고객 서비스에 전화할 수 있나요?,문의,고객 서비스 문의,"우리가 도와드리겠습니다! 고객님이 당사 고객 서비스 팀에 연락할 수 있는 영업 시간에 대한 정보를 찾고 계시다는 점을 확인했습니다. [운영시간/기간] 동안 당사의 전담 고객 서비스 담당자가 고객님을 도와드릴 수 있습니다. 직접 전화를 하시든, 온라인 채팅 서비스를 이용하시든, 저희는 신속하고 안정적인 지원을 제공하기 위해 여기 있습니다. 오늘은 어떻게 추가로 도움을 드릴 수 있나요?"
BILQ,고객 지원팀과 통화할 수 있는 무료 전화번호가 있나요,문의,고객 서비스 문의,"문의해주셔서 감사합니다! 고객님의 편의를 위해 고객 지원을 위한 무료 전화번호를 제공하고 있습니다. [고객센터전화번호]로 고객 서비스 팀에 연락하실 수 있습니다. 고객님이 가질 수 있는 질문이나 우려 사항에 대해 도움을 드릴 수 있습니다. 또한 당사 웹사이트 [웹사이트/메뉴]에서 이메일 지원 및 라이브 채팅과 같은 기타 연락 옵션도 제공합니다. 따라서 누군가와 직접 대화하기를 원하시거나 다른 방법을 선택하시거나, 저희가 도와드리겠습니다! 추가로 도움이 필요하시면 알려주세요."
BL,몇시부터 고객센터에 전화할 수 있는지 확인하려고 합니다,문의,고객 서비스 문의,우리가 도와드리겠습니다! 고객님께서 당사 고객 서비스 팀에 연락할 수 있는 시간을 확인하려고 하시는 것으로 알고 있습니다. [운영시간/기간] 동안 고객님을 도와드릴 전담 담당자가 있습니다. 고객님이 가질 수 있는 질문이나 우려 사항에 대해 기꺼이 도움을 드릴 것입니다. 추가로 도움이 필요하시면 알려주시기 바랍니다.
BLQZ,고객 서비스에 전화할 수 있는 시간을 확인하는 데 도움이 필요해요,문의,고객 서비스 문의,저희는 모두 귀를 기울입니다! 고객님이 당사 고객 서비스 팀에 연락할 수 있는 시간을 결정하는 데 도움이 필요하신 것으로 알고 있습니다. [운영시간/기간] 동안 당사의 전담 고객 서비스 담당자가 고객님을 도와드릴 수 있습니다. 당사 웹사이트의 [기타정보]를 통해 연락하시거나 당사 고객 서비스 전화번호 [고객센터전화번호]로 전화하여 연락하실 수 있습니다. 저희는 고객님께 가장 편리한 때에 지원을 제공하기 위해 노력하고 있습니다. 제가 더 도와드릴 일이 있나요?
BCIQ,고객 서비스에 연락해야 하는데 어떻게 해야 하나요?,문의,고객 서비스 문의,고객님의 연락에 감사드립니다! 고객 서비스에 문의하는 데 도움이 필요하다고 생각합니다. 당사 전담 지원팀과 연결하려면 무료 전화번호 [고객센터전화번호]를 통해 또는 당사 웹사이트 [웹사이트/메뉴]의 라이브 채팅 기능을 통해 당사에 연락하실 수 있습니다. 저희 팀은 [운영시간/기간] 동안 고객님의 문의 사항이나 우려 사항에 대해 도움을 드릴 수 있습니다. 문제에 대해 더 자세한 내용을 알려주시면 기꺼이 안내해 드리겠습니다.
BL,언제 고객지원팀에 연락할 수 있는지 알아보세요,문의,고객 서비스 문의,"문의해 주셔서 감사합니다! 저는 고객님이 당사 고객 지원팀에 연락할 수 있는 시간을 알아야 한다는 점을 충분히 이해합니다. [운영시간/기간] 동안 당사의 전담 지원 담당자가 고객님을 도와드릴 수 있습니다. 이 시간 동안 언제든지 저희에게 연락해 주시면 질문, 우려 사항 또는 필요한 지원이 있으면 기꺼이 도와드리겠습니다. 오늘은 또 어떤 도움을 드릴까요?"
BLQZ,고객센터에 연락해야 해요,문의,고객 서비스 문의,문의해 주셔서 감사합니다! 고객님이 긴급하게 당사 고객 서비스에 연락해야 한다는 점을 이해합니다. 안심해 주세요. 당사의 전담 지원팀이 고객님을 도와드릴 것입니다. [운영시간/기간] 동안 고객 서비스에 연락하실 수 있습니다. 특별히 도움을 받고 싶은 것이 있나요?
BIL,언제 고객 지원에 전화할 수 있는지 어떻게 알 수 있나요?,문의,고객 서비스 문의,도와주셔서 영광입니다! 고객님께서 당사 고객 지원팀에 연락할 수 있는 운영 시간을 알고 싶어 하시는 것으로 알고 있습니다. 구체적인 영업 시간을 확인하려면 당사 웹사이트를 방문하거나 고객 지원 라인([고객센터전화번호])에 문의하시기 바랍니다. 그들은 고객 지원 업무 시간에 관한 정확한 최신 정보를 고객님께 제공할 수 있습니다. 추가 질문이나 문의 사항이 있으면 언제든지 문의해 주세요.
BLQ,고객지원팀에 언제 연락할 수 있는지 확인해주세요,문의,고객 서비스 문의,문의해 주셔서 감사합니다! 저는 언제 우리 고객 지원에 연락할 수 있는지 아는 것이 중요하다는 것을 완전히 이해합니다. 저희 팀은 [운영시간/기간] 동안 고객님을 도와드릴 수 있습니다. 질문이나 우려 사항이 있거나 지침이 필요한 경우 해당 시간 동안 저희가 도와드리겠습니다. [운영시간/기간] 내에서 언제든지 편하게 연락주세요. 어떻게 하면 고객님의 하루를 더 좋게 만들 수 있나요?
BLW,빌어먹을 고객 지원팀에 얘기하고 싶어,문의,고객 서비스 문의,연락해주셔서 감사합니다! 저는 고객님이 당사 고객 지원팀에 문의할 필요가 있다는 것을 확실히 알고 있습니다. 불편을 끼쳐드려 죄송합니다. 저희 팀은 [운영시간/기간] 동안 고객님을 도와드릴 수 있습니다. 질문이나 문의 사항이 있으시면 언제든지 저에게 알려주시기 바랍니다. 저희는 함께 해결책을 찾고 고객 만족을 보장할 수 있습니다. 추가로 어떻게 도와드릴까요?
BIL,고객님의 고객 지원 전화번호는 무엇입니까?,문의,고객 서비스 문의,문의해 주셔서 감사합니다! 고객님이 당사 고객 지원 전화번호를 찾고 있다는 것을 충분히 이해합니다. 즉각적인 도움을 받으려면 [고객센터전화번호]로 고객 지원팀에 문의하세요. 고객님이 가질 수 있는 질문이나 문의 사항을 해결하기 위해 [운영시간/기간]에 연락하실 수 있습니다. 추가 도움이 필요하시면 언제든지 문의해 주세요. 우리가 도와드리겠습니다!
BIL,고객지원팀에 전화하려면 어떻게 해야 하나요?,문의,고객 서비스 문의,저희는 고객님을 위해 여기 있습니다! 고객님이 당사 고객 지원팀에 연락하는 방법을 알고 싶어 한다는 것을 알고 있습니다. 고객 지원팀에 전화하려면 [운영시간/기간] 중에 [고객센터전화번호]로 전화하세요. 저희 팀은 고객님이 가질 수 있는 질문이나 우려 사항에 대해 기꺼이 도움을 드릴 것입니다. 제가 더 도와드릴 일이 있나요?
BL,고객 서비스에 문의하세요,문의,고객 서비스 문의,"연락해주셔서 기뻐요! 저는 고객님이 우리 고객 서비스 팀에 문의하고 싶어한다는 것을 분명히 알고 있습니다. [운영시간/기간] 동안 당사의 전담 담당자가 고객님을 도와드릴 수 있으니 안심해 주세요. 질문이나 문의 사항이 있거나 도움이 필요한 경우, 저희 팀이 고객님께 필요한 지원을 제공하기 위해 대기하고 있습니다. 더 자세한 내용이나 구체적인 문의사항이 있으면 언제든지 공유해 주세요. 최선을 다해 도와드리겠습니다."
BILZ,언제 고객 서비스에 연락할 수 있는지 알 수 있나요?,문의,고객 서비스 문의,고객님의 연락에 감사드립니다! 고객님께서 저희 고객 서비스 팀에 연락하기 위해 영업 시간을 확인할 수 있는 곳을 찾고 계신 것 같습니다. 이 정보는 [웹사이트/메뉴]의 '연락처' 또는 '지원' 섹션에서 확인할 수 있습니다. 또한 이메일 서신이나 소셜 미디어 플랫폼에서 언급된 운영 시간을 확인할 수도 있습니다. 제가 도와드릴 다른 것이 있나요?
BL,고객 지원팀과 통화해야 합니다,문의,고객 서비스 문의,문의해 주셔서 감사합니다! 고객님이 당사 고객 지원팀과 통화해야 한다는 점을 충분히 이해합니다. [운영시간/기간]에 당사의 전담 지원팀이 고객님께 필요한 지원을 제공해 드립니다. 고객 지원팀에 연락할 수 있는 몇 가지 방법이 있습니다. [고객센터전화번호]로 전화하거나 [이메일주소]로 이메일을 보낼 수 있습니다. 또는 당사 웹사이트([웹사이트/메뉴])에서 제공되는 라이브 채팅 기능을 통해 당사 고객 지원팀에 문의하실 수도 있습니다. 추가로 도움이 필요하시면 알려주세요.
BLQZ,몇 시에 고객지원팀에 연락할 수 있는지 도움이 필요해요,문의,고객 서비스 문의,"연락해주셔서 기뻐요! 고객 지원팀에 연락할 수 있는 시간을 결정하는 데 도움이 필요하다는 점을 분명히 알고 있습니다. 당사의 고객 지원은 정규 업무 시간([운영시간/기간]) 동안 고객님을 지원해 드립니다. 이 시간 동안 전화, 이메일 또는 라이브 채팅을 통해 당사에 연락하실 수 있습니다. 제가 더 도와드릴 일이 있나요?"
BILQ,언제 고객지원팀에 연락할 수 있는지 어디서 알 수 있나요?,문의,고객 서비스 문의,"고객님의 문의에 감사드립니다! 당사 고객 지원팀의 운영 시간을 확인하고 언제 연락할 수 있는지 알아보려면 당사 웹사이트를 방문하여 ""연락처"" 페이지를 찾으세요. 여기에서 고객 지원 시간에 대한 관련 정보를 찾을 수 있습니다. 다른 질문이나 우려 사항이 있으면 언제든지 알려주시기 바랍니다. 저는 고객님을 돕기 위해 여기 있습니다!"
BL,고객센터에 연락하고 싶어요,문의,고객 서비스 문의,"연락해주셔서 감사합니다! 저는 고객님이 우리 고객 서비스 팀에 연락하기를 원한다는 것을 확실히 알고 있습니다. 저희는 고객님을 돕기 위해 여기 있습니다. [운영시간/기간] 동안 고객 서비스 팀에 연락하실 수 있습니다. 질문이나 우려 사항이 있거나 도움이 필요한 경우, 저희 팀이 도와드릴 준비가 되어 있습니다. 저희는 고객님의 시간을 소중히 여기며 탁월한 서비스를 제공하기 위해 최선을 다하고 있습니다. 오늘 고객님의 경험을 더욱 향상시키려면 어떻게 해야 합니까?"
BLQ,고객 서비스에 전화해야 해요,문의,고객 서비스 문의,고객님의 메시지에 감사드립니다! 저희 고객 서비스에 전화하셔야 할 것 같습니다. [운영시간/기간] 동안 당사의 전담 지원팀이 고객님을 도와드릴 수 있습니다. [기타정보]로 연락하실 수 있습니다. 추가 도움이 필요하거나 궁금한 점이 있으면 언제든지 문의하세요.
BL,고객 지원팀에 언제 전화할 수 있는지 확인하세요,문의,고객 서비스 문의,"고객님의 의견을 들으니 반갑습니다! 고객님는 당사 고객 지원팀의 업무 시간, 특히 전화 통화가 가능한 시간을 확인하려고 하시는 것으로 보입니다. 당사 고객 지원팀은 [운영시간/기간] 동안 고객님을 도와드릴 수 있습니다. 이 기간 동안 언제든지 저희에게 연락해 주시면 최선을 다해 도와드리겠습니다. 오늘 제가 더 도와드릴 일이 있나요?"
BIQ,몇 시에 고객 서비스에 연락할 수 있는지 확인할 수 있나요,문의,고객 서비스 문의,연락해주셔서 감사합니다! 고객님이 당사 고객 서비스 팀에 연락할 수 있는 시간을 확인하고 싶다는 점을 확실히 알고 있습니다. 저희의 전담 지원은 [운영시간/기간] 동안 제공됩니다. 편하신 시간에 편하게 연락주세요. 제가 도와드릴 다른 것이 있나요?
BIL,고객지원팀에 연락할 수 있는 시간을 확인할 수 있나요?,문의,고객 서비스 문의,문의해 주셔서 감사합니다! 고객 지원팀에 연락할 수 있는 시간을 확인하셔야 한다는 점을 이해합니다. 당사의 전담 지원팀은 다음 시간 동안 고객님을 도와드릴 수 있습니다: [운영시간/기간]. 당사 웹사이트의 라이브 채팅 기능을 통해 당사와 연결할 수도 있습니다. 저희는 적시에 지원을 제공하고 소중한 고객에게 긍정적인 경험을 보장하기 위해 노력합니다. 오늘은 또 어떤 도움을 드릴까요?
BILQ,고객 서비스와 통화할 수 있도록 도와주실 수 있나요?,문의,고객 서비스 문의,무슨 말인지 알겠습니다! 저는 고객님이 당사 고객 서비스 팀과 대화하는 데 도움이 필요하다는 입장입니다. 저는 고객님께 절차를 안내하고 고객님의 우려 사항이 효과적으로 해결되도록 하기 위해 왔습니다. 고객 서비스 담당자와 통화하려면 [운영시간/기간] 중에 연락하세요. 그들은 고객님을 도와주고 고객님께 필요한 지원을 제공할 수 있습니다. 구체적인 질문이나 문제가 있는 경우 관련 지침을 제공할 수 있도록 언제든지 공유해 주세요. 오늘은 또 어떤 도움을 드릴까요?
BILZ,고객 지원에 전화할 수 있는 시간을 확인할 수 있나요?,문의,고객 서비스 문의,연락해주셔서 감사합니다! 당사 고객지원팀에 연락하기 위한 영업시간을 확인하고 싶다는 점을 이해합니다. [운영시간/기간] 동안 당사의 전담 지원팀이 고객님을 도와드릴 수 있습니다. [고객센터전화번호]를 통해 또는 당사 웹사이트 [웹사이트/메뉴]의 라이브 채팅을 통해 문의하실 수 있습니다. 다른 질문이나 우려 사항이 있으면 언제든지 문의해 주세요. 우리가 도와드리겠습니다!
BLQ,고객센터에 몇 시까지 전화할 수 있는지 알아보고 있어요,문의,고객 서비스 문의,우리를 믿어주셔서 감사합니다! 저는 고객님이 당사 고객 서비스 팀에 전화할 수 있는 영업 시간을 알아보려고 노력하고 있다는 것을 잘 알고 있습니다. 당사의 전담 지원팀은 다음 시간 동안 고객님을 도와드릴 수 있습니다: [운영시간/기간]. 다른 질문이나 우려 사항이 있으면 언제든지 알려주시기 바랍니다.
BLQ,고객 지원팀과 대화하는 데 도움이 필요합니다,문의,고객 서비스 문의,저는 고객님이 당사 고객 지원팀과 연결될 수 있도록 도와드리기 위해 왔습니다. 도움이 필요한 특정 문제나 문의사항이 있나요? 올바른 방향으로 안내하고 고객 지원 담당자와 원활하게 대화할 수 있도록 자세한 내용을 제공해 주시기 바랍니다.
BCLQ,고객 서비스에 전화해야 해요 도움이 필요해요,문의,고객 서비스 문의,저희는 고객님의 봉사 활동을 소중히 여깁니다! 고객 서비스 팀에 전화하는 데 도움이 필요하다는 사실을 잘 알고 있습니다. 저는 고객님께 절차를 안내하고 필요한 도움을 제공해 드리겠습니다. 통화 중에 해결하고 싶은 특정 질문이나 우려 사항이 있으면 알려주시겠습니까?
BILZ,고객 서비스에 전화하려면?,문의,고객 서비스 문의,연락해주셔서 감사합니다! 고객님이 당사 고객 서비스에 전화하는 방법에 대한 지침을 찾고 계시다는 느낌이 듭니다. 당사 전담 지원팀과 연결하려면 고객 서비스 핫라인 [고객센터전화번호]로 전화하세요. 고객님이 가질 수 있는 모든 질문이나 우려 사항에 대해 저희 담당자가 기꺼이 도움을 드릴 것입니다. 우리가 도와드리겠습니다!
BL,몇 시에 고객 지원을 받을 수 있는지 확인하도록 도와주세요,문의,고객 서비스 문의,고객님의 메시지는 많은 의미가 있습니다! 고객 지원팀에 연락할 수 있는 시간을 확인하고 싶다는 생각에 동의합니다. 저는 고객님을 돕기 위해 여기 있습니다. 당사의 고객 지원 팀은 [운영시간/기간] 동안 이용 가능합니다. [고객센터전화번호]로 전화하거나 당사 웹사이트 [웹사이트/메뉴]의 라이브 채팅을 통해 연락할 수 있습니다. 해당 시간 내에 언제든지 연락하시면 기꺼이 도와드릴 것입니다. 제가 더 도와드릴 일이 있나요?
BLW,빌어먹을 고객 지원팀과 얘기해야 해요,문의,고객 서비스 문의,고객님의 의견을 들으니 반갑습니다! 저희 고객지원팀에 문의하셔야 할 것 같습니다. 당사의 전담 담당자가 고객님을 도와드릴 수 있습니다. 구체적으로 논의하고 싶은 사항이 있거나 우리가 해결할 수 있는 질문이나 우려 사항이 있으면 알려 주시기 바랍니다. 우리가 도와드리겠습니다!
BILQZ,고객 지원팀과 대화하는 방법,문의,고객 서비스 문의,저희는 고객님을 위해 여기 있습니다! 고객님께서 당사 고객 지원팀에 연락할 수 있는 방법을 찾고 계시다는 것을 알고 있습니다. 전담 지원팀과 통화하려면 고객 서비스 전화번호 [고객센터전화번호]를 통해 문의하세요. 또는 당사 웹사이트 [웹사이트/메뉴]의 라이브 채팅 기능을 통해 당사와 연결할 수도 있습니다. 저희는 고객님을 돕고 고객님께 필요한 지원을 제공해 드리겠습니다. 추가로 도움이 필요하시면 알려주시기 바랍니다.
BILQ,언제 고객 지원팀에 연락할 수 있는지 확인하려면 어떻게 해야 하나요?,문의,고객 서비스 문의,"저희는 고객님의 봉사 활동을 소중히 여깁니다! 저희 고객지원팀의 운영시간을 어디서 확인할 수 있는지 알아보고 계시다는 사실에 공감합니다. 이 정보를 얻으려면 당사 웹사이트를 방문하거나 ""연락처"" 페이지를 확인하는 것이 좋습니다. 여기에서 고객 지원팀이 지원을 받을 수 있는 특정 시간을 확인할 수 있습니다. 추가 문의사항이나 문의 사항이 있으면 언제든지 알려주시기 바랍니다. 저는 도와주러 왔습니다!"
BLQ,언제 고객 서비스에 연락할 수 있는지 확인하는 데 도움이 필요합니다,문의,고객 서비스 문의,고객님의 연락에 감사드립니다! 고객 서비스에 문의할 수 있는 시간을 확인하는 데 도움이 필요하다고 생각합니다. [운영시간/기간] 동안 당사의 전담 지원팀이 고객님을 도와드릴 수 있습니다. 전화([고객센터전화번호]) 또는 당사 웹사이트([웹사이트/메뉴])의 라이브 채팅을 통해 연락하실 수 있습니다. 편하신 시간에 언제든지 연락주시면 문의사항이나 문의 사항이 있으면 기꺼이 도와드리겠습니다.
BILQ,몇 시에 고객 서비스에 전화할 수 있는지 어디서 확인하나요,문의,고객 서비스 문의,"고객님의 메시지는 많은 의미가 있습니다! 저는 고객님이 당사 고객 서비스 팀에 전화할 수 있는 시간에 대한 정보를 어디서 찾을 수 있는지 알고 싶다는 생각에 동의합니다. 고객 서비스 시간을 확인하려면 [웹사이트/메뉴]를 방문하여 ""연락처"" 페이지로 이동하세요. 이 페이지에서는 이용 가능한 연락 방법과 해당 운영 시간을 확인할 수 있습니다. 원하시면 구체적인 고객 서비스 시간을 알려드릴 수도 있습니다. 추가로 도움을 드릴 수 있는 방법을 알려주세요!"
BL,고객 지원팀에 몇 시까지 전화할 수 있는지 알아보려고 합니다.,문의,고객 서비스 문의,고객님의 연락에 감사드립니다! 고객님이 당사 고객 지원팀에 연락할 수 있는 시간을 알아보려고 하시는 것 같습니다. 저는 그 정보에 대해 고객님을 돕기 위해 왔습니다. 당사 고객 지원팀은 [운영시간/기간] 동안 이용 가능합니다. 핫라인 [고객센터전화번호]를 통해 또는 당사 웹사이트 [웹사이트/메뉴]의 라이브 채팅을 통해 문의하실 수 있습니다. 다른 궁금한 점이 있거나 제가 도와드릴 수 있는 사항이 있으면 언제든지 알려주시기 바랍니다.
BL,고객 지원과 대화하는 데 도움,문의,고객 서비스 문의,고객님의 의견을 들으니 반갑습니다! 고객지원팀과 통화하는 데 도움이 필요하신 것으로 확인됩니다. 저는 고객님을 돕기 위해 여기 있습니다. 당사의 고객 지원 팀은 [운영시간/기간] 동안 이용 가능합니다. [고객센터전화번호]로 전화하거나 당사 웹사이트 [웹사이트/메뉴]의 라이브 채팅 서비스를 통해 연락할 수 있습니다. 고객님이 가질 수 있는 질문이나 우려 사항에 대해 기꺼이 도움을 드릴 것입니다. 제가 더 도와드릴 일이 있나요?
BL,고객 서비스에 전화할 수 있게 도와줘,문의,고객 서비스 문의,문의해 주셔서 감사합니다! 저는 고객 서비스 팀과 연결하는 데 도움을 드리고자 왔습니다. 고객 서비스에 전화하려면 전용 헬프라인 [고객센터전화번호]로 전화하세요. 저희 팀은 고객님이 가질 수 있는 모든 질문이나 우려 사항을 기꺼이 해결해 드릴 것입니다. 오늘은 또 어떤 도움을 드릴까요?
BL,고객 서비스가 가능한 시간을 확인하고 싶습니다,문의,고객 서비스 문의,문의해주셔서 감사합니다! 고객 서비스가 가능한 영업 시간을 알고 싶다는 점을 이해합니다. 저희는 [운영시간/기간] 동안 고객님을 지원할 준비가 되어 있는 매우 헌신적인 팀을 보유하고 있습니다. 추가로 도움이 필요하시면 알려주시기 바랍니다.
B,언제 고객 서비스에 연락할 수 있는지 확인하세요,문의,고객 서비스 문의,문의해 주셔서 감사합니다! 고객님이 당사 고객 서비스 팀의 연락 시간을 알고 싶어 한다는 점을 이해합니다. 당사의 전담 상담원이 [운영시간/기간]를 통해 고객님을 도와드릴 수 있습니다. 이 시간 동안 언제든지 저희에게 연락하시면 기꺼이 도와드리겠습니다. 오늘은 또 어떤 도움을 드릴까요?
BIL,고객 지원팀에 연락할 수 있는 시간을 알 수 있나요?,문의,고객 서비스 문의,고객님의 의견을 들으니 반갑습니다! 고객님는 당사 고객 지원팀에 문의할 수 있는 시간에 대한 정보를 찾고 계신 것으로 확인됩니다. 당사의 전담 지원팀은 고객 지원 시간 동안 고객님을 도와드릴 수 있습니다. 구체적인 정보를 제공하기 위해 고객님이 거주하는 국가나 지역을 알려주시겠습니까? 이렇게 하면 정확한 지원 시간을 제공하는 데 도움이 됩니다.
BIL,고객 서비스에 몇 시까지 연락할 수 있는지 어디서 확인하나요?,문의,고객 서비스 문의,"고객님의 연락에 감사드립니다! 저희 고객 서비스 팀의 운영 시간을 어디에서 확인하고 싶으신가요? 이 정보를 찾으려면 당사 웹사이트 [웹사이트/메뉴]를 방문하여 ""연락처"" 또는 ""지원"" 페이지로 이동하십시오. 또는 모바일 앱의 ""도움말"" 섹션에서 고객 서비스 시간을 확인할 수도 있습니다. 다른 질문이나 우려 사항이 있으면 언제든지 알려주시기 바랍니다."
BIL,고객 지원이 가능한 시간을 어떻게 알 수 있나요?,문의,고객 서비스 문의,우리가 도와드리겠습니다! 고객 지원팀의 가용성을 확인하는 방법을 알고 싶습니다. 그렇게 하려면 당사 웹사이트([웹사이트/메뉴])를 방문하거나 당사 전용 고객 지원 라인([고객센터전화번호])에 전화하세요. 당사 담당자는 고객 지원이 가능한 시간에 대한 정확한 정보를 제공할 것입니다. 제가 더 도와드릴 일이 있나요?
BI,고객 서비스 이용 가능 시간은 어떻게 확인하나요?,문의,고객 서비스 문의,"연락해주셔서 기뻐요! 고객님께서 당사의 고객 서비스에서 지원을 받을 수 있는 시간을 알고 싶어하신다는 점을 분명히 알고 있습니다. 고객 서비스 팀의 운영 시간을 확인하려면 당사 웹사이트 [웹사이트/메뉴]를 방문하여 ""연락처"" 또는 ""지원"" 페이지를 찾아보세요. 여기에서 고객 서비스 시간과 관련된 정보를 찾을 수 있습니다. 또는 고객 서비스 핫라인 [고객센터전화번호]에 연락하여 문의 사항이 있으면 즉시 도움을 받을 수도 있습니다. 제가 도와드릴 수 있는 다른 사항이 있으면 알려주세요!"
BL,고객지원팀에 전화하는 데 도움을 주세요,문의,고객 서비스 문의,고객님의 연락에 감사드립니다! 고객지원팀에 전화하는 데 도움이 필요하신 것 같습니다. 가능한 한 최선의 도움을 드릴 수 있도록 고객님이 겪고 있는 특정 문제나 질문에 대한 자세한 내용을 제공해 주시겠습니까? 이를 통해 고객 지원팀에 연락할 수 있는 가장 적절한 단계를 안내해 드릴 수 있습니다.
BCQW,젠장 고객 서비스에 연락하고 싶은데 도움이 필요해,문의,고객 서비스 문의,도와주셔서 영광입니다! 고객님께 도움이 필요하다는 것을 알고 당사 고객 서비스 팀에 문의하고 싶습니다. 저희는 고객님이 직면할 수 있는 모든 문제를 해결하는 데 도움을 드리고 있습니다. [운영시간/기간] 동안 고객 서비스를 이용할 수 있습니다. [고객센터전화번호]로 연락하시거나 당사 웹사이트 [웹사이트/메뉴]의 라이브 채팅을 통해 연락하실 수 있습니다. 궁금한 점이 있으면 언제든지 문의하거나 문의 사항을 공유해 주세요. 저희는 고객님을 도울 준비가 되어있습니다!
BIQ,고객 서비스 이용 가능 시간이 언제인지 알려주실 수 있나요,문의,고객 서비스 문의,도와주셔서 영광입니다! 고객님께서 저희 고객 서비스 팀의 운영 시간을 알고 싶어 하신다는 것을 알게 되었습니다. [운영시간/기간]에 당사의 전담 고객 서비스 담당자가 고객님을 도와드릴 수 있습니다. 고객님이 우리를 필요로 할 때 우리가 여기에 있는 것이 필수적입니다. 오늘 제가 더 도와드릴 일이 있나요?
BL,고객 지원팀에 전화할 수 있는 시간을 알고 싶습니다.,문의,고객 서비스 문의,우리를 믿어주셔서 감사합니다! 고객 지원팀에 연락할 수 있는 시간을 결정하는 데 도움이 필요하다는 점을 잘 알고 있습니다. [운영시간/기간] 동안 당사의 전담 지원팀이 고객님을 도와드릴 수 있습니다. [고객센터전화번호]로 연락하시거나 당사 웹사이트 [웹사이트/메뉴]의 라이브 채팅을 통해 저희와 연결하실 수도 있습니다. 지정된 시간 동안 언제든지 저희에게 연락하시면 고객님이 가질 수 있는 질문이나 문의 사항에 대해 기꺼이 도움을 드리겠습니다.
BIL,고객센터에 전화할 수 있는 시간은 어디서 확인할 수 있나요?,문의,고객 서비스 문의,"저희는 고객님을 위해 여기 있습니다! 저희 고객 서비스 팀에 전화하실 수 있는 영업 시간을 어디에서 확인할 수 있는지 알고 싶으신 것으로 알고 있습니다. 고객 서비스 운영 시간을 확인하려면 당사 웹사이트 [웹사이트/메뉴]를 방문하여 ""연락처"" 또는 ""지원"" 섹션으로 이동하세요. 또는 소셜 미디어 페이지나 고객 지원 이메일 등 당사가 제공하는 커뮤니케이션 채널에서도 이 정보를 찾을 수 있습니다. 추가 지원이 필요하거나 다른 문의사항이 있으면 언제든지 알려주시기 바랍니다."
BLW,피 묻은 고객 지원팀과 대화하는 데 도움,문의,고객 서비스 문의,고객님의 메시지에 감사드립니다! 고객님이 당사 고객 지원팀과 대화하는 데 도움이 필요하다는 것은 분명합니다. 저는 고객님께 이 과정을 안내하는 데 도움을 드리고자 왔습니다. 고객 지원에 연결하려면 [운영시간/기간] 동안 [고객센터전화번호]로 연락하세요. 원하는 경우 당사 웹사이트 [웹사이트/메뉴]를 방문하여 당사 담당자와 라이브 채팅 세션에 참여할 수도 있습니다. 더 궁금한 점이나 문의 사항이 있으면 주저하지 말고 문의하세요. 오늘은 또 어떤 도움을 드릴까요?
BL,고객 지원팀에 전화하여 도움을 받고 싶습니다.,문의,고객 서비스 문의,무슨 말인지 알겠습니다! 고객지원팀에 전화하는 데 도움이 필요하다는 내용입니다. 저희의 전담 지원팀은 고객님이 가질 수 있는 모든 질문이나 우려 사항에 대해 도움을 드릴 것입니다. 원활한 경험을 보장하기 위해 고객님께 연락할 수 있는 가장 좋은 연락 번호를 알려주십시오. 그러면 가능한 한 빨리 고객 지원팀에서 전화를 드리도록 하겠습니다. 양해해 주셔서 감사드리며 앞으로도 더 많은 도움을 드리겠습니다!
BIL,고객 지원이 가능한 시간을 확인할 수 있나요?,문의,고객 서비스 문의,우리를 믿어주셔서 감사합니다! 고객지원을 위한 운영시간을 확인하고 싶다는 점 잘 알고 있습니다. [운영시간/기간] 동안 전담 고객 서비스 팀을 이용할 수 있습니다. 이 정보는 당사 웹사이트의 '연락처' 섹션에서도 찾아보실 수 있습니다. 다른 질문이나 문의 사항이 있으면 언제든지 알려주시기 바랍니다. 저는 고객님을 더 도와주기 위해 왔습니다.
BLZ,고객 서비스와 어떻게 통화할 수 있는지 모르겠습니다.,문의,고객 서비스 문의,저희는 고객님을 위해 여기 있습니다! 고객님이 당사 고객 서비스 팀과 어떻게 대화해야 하는지 잘 모르시는 것으로 알고 있습니다. 걱정하지 마세요. 제가 도와드리려고 왔습니다. 고객 서비스에 문의하려면 [고객센터전화번호]로 전화하거나 당사 웹사이트 [웹사이트/메뉴]에서 라이브 채팅 기능을 사용하여 연락할 수 있습니다. 저희 팀은 [운영시간/기간] 동안 고객님이 가질 수 있는 질문이나 우려 사항에 대해 도움을 드릴 수 있습니다. 추가로 도움이 필요하시면 알려주시기 바랍니다.
BILW,빌어먹을 고객 서비스 전화번호가 뭐야?,문의,고객 서비스 문의,고객님의 의견을 들으니 반갑습니다! 고객센터 전화번호를 알고 싶어하시는 것 같네요. 당사의 전담 지원팀은 [고객센터전화번호]로 연락하실 수 있습니다. [운영시간/기간] 동안 도움을 드릴 수 있습니다. 다른 질문이나 우려 사항이 있으면 주저하지 말고 문의해 주세요. 오늘은 또 어떤 도움을 드릴까요?
BL,고객지원팀에 몇 시까지 연락할 수 있는지 확인하세요,문의,고객 서비스 문의,저희는 모두 귀를 기울입니다! 고객님이 당사 고객 지원에 연락할 수 있는 시간을 알고 싶으실 것으로 생각됩니다. [운영시간/기간] 동안 당사의 전담 지원팀이 고객님을 도와드릴 수 있습니다. 고객님의 편의에 따라 우리와 연결하시기 바랍니다. 오늘 제가 더 도와드릴 일이 있나요?
BIL,고객 지원팀에 연락할 수 있도록 도와주실 수 있나요?,문의,고객 서비스 문의,도와주셔서 영광입니다! 우리 고객 지원팀에 연락하는 데 도움이 필요하다는 것을 알고 있습니다. 저는 도와주러 왔습니다! 고객 지원에 연결하려면 [운영시간/기간]([고객센터전화번호]) 동안 또는 당사 웹사이트([웹사이트/메뉴])의 라이브 채팅을 통해 고객 지원에 문의할 수 있습니다. 고객님이 가질 수 있는 질문이나 우려 사항에 대해 기꺼이 도움을 드릴 것입니다. 추가로 어떻게 도와드릴까요?
BL,고객지원이 가능한 시간을 확인하려고 합니다.,문의,고객 서비스 문의,저희는 듣고 있어요! 고객님께서 당사의 고객 지원 가능 시간을 확인하려고 하시는 것으로 알고 있습니다. 저는 고객님께 필요한 정보를 제공해 드리겠습니다. 당사의 고객 지원 팀은 [운영시간/기간] 동안 이용 가능합니다. 추가 질문이나 우려 사항이 있으면 주저하지 말고 문의해 주세요. 오늘은 또 어떤 도움을 드릴까요?
BL,고객 서비스에 연락할 수 있는 시간 확인 지원,문의,고객 서비스 문의,문의해 주셔서 감사합니다! 저는 고객님이 당사의 전담 고객 서비스 팀에 연락할 수 있는 시간을 알고 싶어 한다는 점을 충분히 이해합니다. [운영시간/기간] 동안 고객 지원을 통해 도움을 받으실 수 있습니다. 이 시간 내에 주저하지 말고 저희에게 연락해 주세요. 오늘은 또 어떤 도움을 드릴까요?
BL,고객 지원에 전화할 수 있는 시간을 확인하려면 도움이 필요합니다.,문의,고객 서비스 문의,저희는 듣고 있어요! 고객 지원에 문의할 수 있는 운영 시간을 확인하는 데 도움이 필요하다는 사실을 알고 있습니다. 저는 도와주러 왔습니다! 당사의 고객 지원 팀은 [운영시간/기간]를 통해 고객님을 지원해 드립니다. 문의 사항이나 우려 사항이 있는 경우 이 시간 동안 연락하실 수 있습니다. 제가 도와드릴 다른 것이 있나요?
BCIL,고객지원팀에 전화하고 싶은데 어떻게 해야 하나요?,문의,고객 서비스 문의,고객님의 의견을 듣고 기뻐요! 고객님이 당사 고객 지원팀에 전화로 문의하고 싶어한다는 사실을 잘 알고 있습니다. 고객 지원 담당자에게 연락하려면 무료 전화번호 [고객센터전화번호]로 전화하세요. [운영시간/기간] 동안 당사의 전담 지원팀이 고객님을 도와드릴 것입니다. 다른 질문이 있거나 추가 도움이 필요하시면 언제든지 알려주세요.
BCILP,고객지원센터에 전화하고 싶은데 어떻게 해야 하나요?,문의,고객 서비스 문의,고객님의 의견을 들으니 반갑습니다! 고객님께서 당사 고객 지원팀에 전화하여 진행 방법에 대한 안내를 받고 싶어 하시는 것으로 알고 있습니다. 고객 서비스에 연락하려면 [기타정보]로 헬프라인에 전화하세요. 저희 팀은 즉각적인 지원을 제공하고 고객님이 가질 수 있는 모든 질문이나 우려 사항을 해결해 드릴 것입니다. 저희는 고객님의 시간을 소중히 여기며 고객님께 원활하고 만족스러운 경험을 보장하기 위해 왔습니다. 제가 도와드릴 다른 것이 있나요?
BIL,고객 지원에 연락할 수 있는 시간을 어떻게 알 수 있나요?,문의,고객 서비스 문의,문의해 주셔서 감사합니다! 고객님이 당사 고객 지원팀에 연락할 수 있는 시간을 알고 싶어 한다는 점을 충분히 이해합니다. 당사 웹사이트나 앱의 문의 섹션에서 고객 서비스 시간을 확인하실 수 있습니다. 또한 고객 지원 시간 동안 이용 가능한 라이브 채팅 기능을 통해 고객 지원 팀에 연락할 수도 있습니다. 추가로 도움이 필요하시면 알려주시기 바랍니다.
BL,고객 지원팀에 문의하는 데 도움이 필요합니다.,문의,고객 서비스 문의,언제나 연결이 좋아요! 고객님이 당사 고객 지원팀에 문의하는 데 도움이 필요하다는 사실을 잘 알고 있습니다. 저는 고객님을 돕기 위해 여기 있습니다. 고객 지원에 연락하려면 [운영시간/기간] 중에 연락하세요. [고객센터전화번호]로 전화하거나 당사 웹사이트 [웹사이트/메뉴]의 라이브 채팅을 통해 이용할 수 있습니다. 저희의 전담 지원팀은 전화나 메시지를 통해 고객님의 질문이나 우려 사항에 대해 도움을 드릴 준비가 되어 있습니다. 제가 도와드릴 수 있는 다른 일이 있으면 언제든지 알려주시기 바랍니다.
BILQ,고객 서비스에 몇 시까지 연락할 수 있나요,문의,고객 서비스 문의,문의해 주셔서 감사합니다! 고객님이 당사 고객 서비스 팀에 연락할 수 있는 시간을 알고 싶어 한다는 점을 충분히 이해합니다. 당사의 전담 지원팀이 [운영시간/기간]를 통해 고객님을 도와드릴 수 있습니다. 구체적인 문의사항이나 우려 사항이 있는 경우 언제든지 문의해 주세요.
BEL,고객센터에 어떻게 전화해야할지 모르겠어요,문의,고객 서비스 문의,"문의해주셔서 감사합니다! 고객 서비스에 연락하는 방법을 잘 모르시더라도 걱정하지 마세요. 전화, 이메일, 라이브 채팅 등 다양한 채널을 통해 당사 전담 지원팀에 쉽게 연락하실 수 있습니다. 고객님이 당사 고객 서비스 팀과 원활하게 연결될 수 있도록 절차를 안내하고 필요한 정보를 제공하겠습니다. 특별히 도움이 필요한 것이 있나요?"
BCLW,"빌어먹을 고객 지원팀과 얘기하고 싶은데, 도와주세요",문의,고객 서비스 문의,고객님의 메시지에 감사드립니다! 고객님께서 우리 고객 지원팀에 문의하고 싶어 하시는 것이 확실합니다. 불편을 끼쳐드려 죄송합니다. [운영시간/기간] 동안 고객 지원 담당자가 도움을 드릴 수 있습니다. 추가로 도움을 드릴 수 있는 방법을 알려주세요.
BCILP,고객센터에 전화해야 하는데 도와주실 수 있나요?,문의,고객 서비스 문의,내가 처리할게! 고객님이 당사 고객 서비스에 전화해야 한다는 점을 충분히 이해합니다. [운영시간/기간] 동안 당사의 전담 지원팀이 고객님을 도와드릴 수 있습니다. 그들은 필요한 지원을 제공하고 고객님이 가질 수 있는 질문이나 우려 사항에 대해 도움을 줄 수 있습니다. 주저하지 말고 그들에게 연락하세요. 제가 도와드릴 다른 것이 있나요?
BLQZ,고객 서비스와 통화하려면 도움이 필요합니다,문의,고객 서비스 문의,도와주셔서 영광입니다! 저희 고객 서비스 팀과 통화하는 데 도움이 필요하신 것으로 알고 있습니다. 저는 고객님을 돕기 위해 여기 있습니다. 고객 서비스에 연결하려면 고객 지원 시간 동안 [고객센터전화번호]로 연락하거나 당사 웹사이트 [웹사이트/메뉴]의 라이브 채팅을 통해 문의할 수 있습니다. 저희의 전담 지원팀은 고객님이 가질 수 있는 모든 질문이나 우려 사항에 대해 도움을 주기 위해 대기하고 있습니다. 오늘 제가 도와드릴 수 있는 다른 방법이 있으면 언제든지 알려주세요!
BLQZ,고객에게 연락할 수 있는 시간이 언제인지 확인해야 합니다,문의,고객 서비스 문의,고객님의 메시지는 많은 의미가 있습니다! 고객 지원팀에 문의할 수 있는 영업 시간을 알고 싶다는 생각에 동의합니다. 당사 고객 지원팀은 [운영시간/기간]에서 연락 가능합니다. 이 시간 동안 언제든지 연락해 주시면 기꺼이 도와드리겠습니다. 제가 더 도와드릴 일이 있나요?
BIL,언제 고객지원팀에 연락할 수 있나요?,문의,고객 서비스 문의,"문의해 주셔서 감사합니다! 고객지원팀에 연락하기 위해 영업시간을 확인해야 한다는 점을 이해합니다. 당사의 전담 지원팀이 [운영시간/기간]를 통해 고객님을 도와드릴 수 있습니다. 이 시간 동안 언제든지 저희에게 연락해 주시면, 고객님이 가질 수 있는 모든 문의 사항이나 우려 사항에 대해 기꺼이 도움을 드리겠습니다. 제가 도와드릴 다른 것이 있나요?"
BILQ,언제 고객지원을 받을 수 있는지 어디서 알 수 있나요?,문의,고객 서비스 문의,고객님의 의견을 들으니 반갑습니다! 저희 고객 지원팀에 연락하실 수 있을 때 이용 가능한 시간에 대한 정보를 어디서 찾을 수 있는지 알고 싶으시네요. 고객 지원 시간에 대한 자세한 내용을 보려면 당사 웹사이트 [웹사이트/메뉴]를 방문하는 것이 좋습니다. 여기에서 고객 지원 시간에 관한 최신 정보를 제공하는 전용 페이지를 찾을 수 있습니다. 더 궁금한 점이 있거나 추가 도움이 필요하시면 언제든지 알려주시기 바랍니다.
BILM,고객지원 근무시간은 어떻게 되나요?,문의,고객 서비스 문의,연락해주셔서 감사합니다! 당사 고객지원팀의 근무시간을 알고 싶다는 점을 잘 알고 있습니다. [운영시간/기간] 동안 당사의 전담 지원팀이 고객님을 도와드릴 수 있습니다. 저희는 고객님의 편의에 따라 최고의 지원을 제공하기 위해 노력하고 있습니다. 제가 더 도와드릴 일이 있나요?
BLQZ,고객 지원팀에 언제 연락할 수 있는지 확인해 줘,문의,고객 서비스 문의,"문의해 주셔서 감사합니다! 고객님이 당사 고객 지원팀에 연락할 수 있는 시간을 알고 싶다는 점을 충분히 이해합니다. [운영시간/기간] 동안 고객 지원이 제공됩니다. 전화, 이메일, 라이브 채팅 등 다양한 채널을 통해 문의하실 수 있습니다. 더 궁금한 점이 있거나 추가 도움이 필요하시면 언제든지 알려주세요. 저는 도와주러 왔습니다!"
BL,언제 고객 지원팀에 연락할 수 있는지 알고 싶습니다.,문의,고객 서비스 문의,고객님의 메시지는 많은 의미가 있습니다! 고객 지원을 위해 연락 가능한 시간을 알고 싶다는 생각에 동의합니다. 당사 고객 서비스 팀은 [운영시간/기간] 동안 고객님을 도와드릴 수 있습니다. 추가로 도움이 필요하시면 알려주시기 바랍니다.
BILQW,빌어먹을 고객 서비스에 연락하는 방법,문의,고객 서비스 문의,문의해 주셔서 감사합니다! 고객님의 불만과 고객 서비스 팀에 긴급하게 연락해야 하는 상황을 충분히 이해합니다. 당사 담당자와 통화하려면 지정된 고객 지원 시간 동안 [고객센터전화번호]로 연락하세요. 또는 당사 웹사이트 [웹사이트/메뉴]를 방문하여 라이브 채팅 기능에 참여할 수 있습니다. 저희는 고객님을 지원하고 고객님이 가질 수 있는 우려 사항을 해결하기 위해 왔습니다. 오늘은 또 어떻게 고객님께 봉사할 수 있을까요?
BILWZ,빌어먹을 고객 지원팀에 어떻게 얘기해야 하지?,문의,고객 서비스 문의,저희는 고객님을 위해 여기 있습니다! 고객님께서 당사 고객 지원팀과 대화하는 방법에 대한 지침을 찾고 계시다는 것을 알고 있습니다. 저희는 고객님을 돕기 위해 여기 있습니다. 원활한 의사소통 과정을 보장하기 위해 [고객센터전화번호]로 전용 헬프라인에 전화하거나 당사 웹사이트 [웹사이트/메뉴]의 라이브 채팅 기능을 통해 지원 담당자에게 연락할 수 있습니다. 저희 팀은 즉각적인 지원을 제공하고 고객님이 가질 수 있는 모든 우려 사항이나 문의 사항을 해결하도록 교육을 받았습니다. 추가 지원이 필요하면 언제든지 문의해 주세요.
BIL,고객 지원팀에 연락할 수 있는 시간은 어디에서 확인할 수 있나요?,문의,고객 서비스 문의,"고객님의 연락에 감사드립니다! 저희 고객지원팀에 문의할 수 있는 영업시간을 어디서 확인할 수 있는지 알고 싶으신 것 같습니다. 이 정보는 당사 웹사이트의 ""연락처"" 또는 ""지원"" 섹션에서 확인할 수 있습니다. 또는 고객님이 원하는 경우 당사 고객 지원팀에서 직접 정보를 제공할 수도 있습니다. 제가 도와드릴 다른 것이 있나요?"
BL,고객 지원팀에 연락하려면 어떻게 해야 할지 모르겠습니다.,문의,고객 서비스 문의,"저는 고객님을 돕기 위해 여기 있습니다! 당사 고객 지원팀에 문의하려면 다양한 채널을 통해 당사에 연락하실 수 있습니다. [고객센터전화번호]로 전화하거나 [이메일주소]로 이메일을 보내거나 웹사이트 [웹사이트/메뉴]에서 라이브 채팅을 할 수 있습니다. 고객님이 가질 수 있는 질문, 우려 사항 또는 문제에 대해 도움을 드릴 수 있는 [운영시간/기간]가 있습니다. 다음 연락 방법 중 하나를 사용하여 언제든지 문의해 주시면 최선을 다해 도와드리겠습니다."
BL,고객지원팀에 연락하는 방법을 모르겠습니다,문의,고객 서비스 문의,"문의해 주셔서 감사합니다! 고객 지원팀에 문의하는 방법을 잘 모르신다는 점을 충분히 이해합니다. 걱정하지 마세요. 제가 도와드리겠습니다! 고객 지원에 연락하려면 고객 지원 시간 [운영시간/기간] 중에 이용 가능한 [고객센터전화번호] 헬프라인을 통해 당사에 문의하세요. 또한 당사 웹사이트 [웹사이트/메뉴]를 방문하여 ""연락처"" 페이지를 클릭하면 라이브 채팅이나 이메일 등 당사에 연락할 수 있는 더 많은 방법을 찾을 수 있습니다. 저희는 고객님께 필요한 지원을 제공해 드리겠습니다. 추가로 도움이 필요하시면 알려주세요!"
BLQ,고객 지원을 받을 수 있는 시간을 확인하려면 도움이 필요합니다,문의,고객 서비스 문의,고객님의 메시지는 많은 의미가 있습니다! 고객 지원 팀에 연락할 수 있는 시간을 결정하는 데 도움이 필요하다는 생각에 저는 동의합니다. 당사 고객 서비스 팀은 다음 시간 동안 고객님께 도움을 드릴 수 있습니다: - 월요일~금요일: 오전 9시~오후 6시 - 토요일 : 오전 10시 ~ 오후 4시 - 일요일: 휴무 추가 문의사항이나 문의 사항이 있으면 언제든지 알려주시기 바랍니다. 저는 도와주러 왔습니다!
BELPW,빌어먹을 고객 지원팀에 어떻게 연락해야 할지 모르겠어요,문의,고객 서비스 문의,연락해주셔서 감사합니다! 고객님이 당사 고객 지원팀에 연락하는 방법을 잘 모르신다는 점을 잘 알고 있습니다. 고객님이 겪었을 수 있는 좌절이나 어려움에 대해 사과드립니다. 우리 고객 지원팀이 도움을 드릴 수 있습니다. 제가 어떻게 도움을 드릴 수 있는지 물어봐도 될까요?
BLW,빌어먹을 고객 지원팀에 연락하는 데 도움이 필요해요,문의,고객 서비스 문의,"저희는 고객님을 위해 여기 있습니다! 고객님이 당사 고객 지원팀에 연락하는 데 도움이 필요하다는 것을 알고 있습니다. 기분이 상하셨다면 사과드리며, 제가 도와드리겠습니다. 당사의 고객 지원 팀은 [운영시간/기간] 동안 고객님의 질문이나 우려 사항을 해결해 드립니다. 제가 도와드릴 수 있는 구체적인 사항이 있거나 다른 궁금한 점이 있으면 알려주시기 바랍니다."
BL,고객지원팀에 연락할 수 있는 시간을 확인해야 합니다.,문의,고객 서비스 문의,문의해 주셔서 감사합니다! 고객지원팀에 연락하기 위해 영업시간을 확인해야 한다는 점을 이해합니다. [운영시간/기간] 동안 당사의 전담 지원팀이 도움을 드릴 수 있습니다. 다른 질문이나 문의 사항이 있으면 언제든지 알려주시기 바랍니다. 저는 도와주러 왔습니다!
BL,고객 서비스 이용 가능 시간을 알려주세요,문의,고객 서비스 문의,도와주셔서 영광입니다! 저희 고객 서비스에 액세스할 수 있는 시간을 알고 싶으실 것 같습니다. [운영시간/기간] 동안 당사의 전담 지원팀이 고객님을 도와드릴 수 있습니다. 특정 문의 사항이 있거나 추가 지원이 필요한 경우 언제든지 알려주시기 바랍니다. 오늘은 또 어떤 도움을 드릴까요?
BIL,고객지원팀에 문의하려면 어떻게 해야 하나요?,문의,고객 서비스 문의,"고객님의 메시지에 감사드립니다! 고객님께서 당사 고객 지원팀과 연결하는 방법에 대한 지침을 찾고 계시다는 것이 확실합니다. 대화를 시작하려면 전화, 이메일, 라이브 채팅 등 다양한 채널을 통해 고객 지원팀에 문의하세요. [운영시간/기간] 동안 당사의 전담 지원팀이 도움을 제공하고 고객님의 문의 사항이나 우려 사항을 해결해 드립니다. 담당자와 직접 통화하고 싶다면 무료 전화번호 [고객센터전화번호]로 전화하세요. 또는 [이메일주소]로 이메일을 보내거나 당사 웹사이트 [웹사이트/메뉴]에서 라이브 채팅 기능을 활용할 수도 있습니다. 추가로 도움이 필요하시면 알려주시기 바랍니다."
BIL,고객 서비스 센터와 어떻게 통화하나요?,문의,고객 서비스 문의,우리를 믿어주셔서 감사합니다! 고객님이 당사 고객 서비스 팀과 대화하는 방법에 대한 지침을 찾고 있다는 것을 잘 알고 있습니다. 그들과 연결하는 것은 쉽습니다. [고객센터전화번호]로 전화하거나 당사 웹사이트 [웹사이트/메뉴]의 라이브 채팅 기능을 통해 연락할 수 있습니다. [운영시간/기간] 중에 사용할 수 있습니다. 저희의 전담 지원팀은 고객님이 가질 수 있는 질문이나 우려 사항에 대해 도움을 드리기 위해 대기하고 있습니다. 제가 도와드릴 수 있는 다른 사항이 있으면 언제든지 알려주세요!
BLQ,고객 서비스에 연락하는 데 도움이 필요해요,문의,고객 서비스 문의,연락해주셔서 감사합니다! 고객님께서 당사 고객 서비스 팀에 문의하는 데 도움을 요청하신 것으로 확인됩니다. [운영시간/기간] 동안 당사의 전담 지원팀이 고객님을 도와드릴 수 있습니다. [고객센터전화번호]로 전화하거나 웹사이트 [웹사이트/메뉴]의 라이브 채팅 기능을 통해 연락하실 수 있습니다. 언제든지 저희에게 연락하시면 고객님이 가질 수 있는 질문이나 우려 사항에 대해 기꺼이 도움을 드리겠습니다.
BLQ,고객지원팀에 전화해서 도움을 받고 싶어요,문의,고객 서비스 문의,저희는 듣고 있어요! 고객 지원팀에 전화하는 데 도움이 필요하다는 사실을 알고 있습니다. 저는 이 과정을 도와드리기 위해 왔습니다. 더 나은 지원을 위해 선호하는 연락 번호를 알려주시면 저희 팀에서 즉시 연락드리겠습니다.
BL,고객지원팀에 몇 시까지 전화할 수 있는지 확인해야 해요,문의,고객 서비스 문의,무슨 말인지 알겠습니다! 저희 고객 지원팀에 전화할 수 있는 시간을 확인하고 싶으신 페이지에 있습니다. [운영시간/기간]에 당사의 전담 고객 지원 팀이 고객님을 도와드릴 수 있습니다. [고객센터전화번호]로 연락하시거나 당사 웹사이트 [웹사이트/메뉴]의 라이브 채팅을 통해 연락하실 수 있습니다. 저희는 고객님이 가질 수 있는 질문이나 우려 사항에 대해 도움을 드리기 위해 여기 있습니다. 제가 도와드릴 다른 것이 있나요?
BILQ,고객 지원이 가능한 시간이 언제인지 알려주실 수 있나요?,문의,고객 서비스 문의,연락해주셔서 기뻐요! 저는 고객님이 당사의 고객 지원이 가능한 시간을 알고 싶어한다는 것을 분명히 알고 있습니다. 저희의 전담 지원팀은 [운영시간/기간] 동안 고객님을 도울 준비가 되어 있습니다. 다른 질문이나 문의 사항이 있으면 언제든지 알려주시기 바랍니다. 저는 도와주러 왔습니다!
BL,고객 서비스에 전화하는 데 도움이 필요합니다,문의,고객 서비스 문의,고객님의 의견은 소중합니다! 고객 서비스 팀에 전화하는 데 도움이 필요하다는 것을 확인했습니다. 원활한 이용을 위해 다음 단계를 따르세요. 1. [고객센터전화번호]로 고객 서비스 헬프라인에 전화하세요. 2. 프롬프트를 듣고 쿼리에 적합한 옵션을 선택하십시오. 3. 전화를 끊지 말고 고객 서비스 담당자가 도움을 줄 때까지 기다리십시오. 4. 연결되면 고객님의 우려 사항과 관련하여 필요한 세부 정보를 담당자에게 입력해 주세요. 저희 팀은 [운영시간/기간] 동안 통화 가능하므로 편하실 때 언제든지 연락 주시기 바랍니다. 저희는 최고의 고객 서비스를 제공하기 위해 노력하고 있으며 고객님이 가질 수 있는 모든 질문이나 우려 사항을 해결하기 위해 여기에 있습니다. 추가로 도움이 필요하시면 알려주세요!
BLQZ,고객 지원과 대화하려면 어떻게 해야 할지 모르겠습니다.,문의,고객 서비스 문의,"문의해 주셔서 감사합니다! 고객 지원팀에 연락하는 방법에 대해 혼란스러워하시는 점을 충분히 이해합니다. 안심하세요. 제가 절차를 안내해 드리겠습니다. 고객 지원과 상담하려면 지정된 고객 지원 시간 동안 [운영시간/기간]로 문의하세요. [고객센터전화번호]로 전화하거나 당사 웹사이트 [웹사이트/메뉴]의 라이브 채팅 기능을 통해 당사에 연락하실 수 있습니다. 추가 도움이 필요하거나 다른 질문이 있는 경우, 주저하지 말고 문의해 주세요. 우리가 도와드리겠습니다!"
BI,고객 서비스 이용 가능 시간은 어디서 확인하나요?,문의,고객 서비스 문의,"연락해주셔서 기뻐요! 저희 고객 서비스 팀의 이용 가능 시간을 어디에서 확인할 수 있는지 알고 싶어하신다는 점을 잘 알고 있습니다. 당사의 고객 서비스 시간은 당사 웹사이트의 ""연락처"" 또는 ""지원"" 섹션에서 확인할 수 있습니다. 이 정보는 ""정보"" 또는 ""FAQ"" 페이지에서도 확인할 수 있습니다. 또는 당사 고객 지원 핫라인 [고객센터전화번호]에 전화하여 당사 담당자와 직접 통화하실 수도 있습니다. 저희는 [운영시간/기간] 동안 고객님을 돕기 위해 왔습니다. 제가 도와드릴 수 있는 다른 사항이 있으면 알려주세요!"
BL,고객 지원 번호,문의,고객 서비스 문의,도와주셔서 영광입니다! 고객지원 전화번호를 찾고 계신 것으로 알고 있습니다. 고객 서비스 팀에 [고객센터전화번호]로 연락할 수 있습니다. [운영시간/기간] 중에 고객님의 질문이나 우려 사항에 대해 도움을 드릴 수 있습니다. 추가 지원이 필요하면 언제든지 문의해 주세요. 제가 더 도와드릴 일이 있나요?
BIL,고객지원팀에 언제 연락할 수 있나요?,문의,고객 서비스 문의,고객님의 메시지는 많은 의미가 있습니다! 고객님이 당사 고객 지원팀에 연락할 수 있는 구체적인 시간을 알고 싶다는 생각에 저는 동의합니다. [운영시간/기간] 동안 고객 지원이 제공됩니다. [고객센터전화번호]로 연락하시거나 당사 웹사이트 [웹사이트/메뉴]의 라이브 채팅을 통해 연락하실 수 있습니다. 저희는 고객님이 가질 수 있는 모든 문의사항이나 우려 사항에 대해 도움을 드리고 있습니다. 오늘은 또 무엇을 도와드릴까요?
BL,고객지원팀에 연락할 수 있는 시간을 확인해야 합니다,문의,고객 서비스 문의,긍정적으로! 저는 고객님을 돕기 위해 여기 있습니다. 당사의 전담 고객 지원 팀은 [운영시간/기간] 동안 이용 가능합니다. 고객님이 가질 수 있는 질문이나 우려 사항에 대해 기꺼이 도움을 드릴 것입니다. 제가 도와드릴 다른 것이 있나요?
BLQZ,고객지원팀에 문의해야겠어요,문의,고객 서비스 문의,"문의해 주셔서 감사합니다! 고객님이 당사 고객 지원팀에 문의해야 한다는 점을 충분히 이해합니다. 고객님의 우려 사항은 우리에게 중요하며 저희는 도움을 드리기 위해 여기 있습니다. 추가 지원을 위해 현재 직면한 문제에 대한 자세한 내용을 제공해 주시겠습니까? 이를 통해 당사는 고객님께 가장 정확하고 효율적인 지원을 제공할 수 있습니다. 고객님의 양해에 감사드리며, 고객님을 도와드릴 수 있기를 기대합니다."
BILZ,고객 서비스와 통화할 수 있게 도와주실 수 있나요?,문의,고객 서비스 문의,무슨 말인지 알겠습니다! 저는 고객님이 당사 고객 서비스 팀과 통화하는 데 도움을 찾고 있다는 것과 같은 입장입니다. 저는 그 일을 쉽게 돕기 위해 왔습니다. 문의 내용이나 도움이 필요한 특정 문제에 대한 자세한 내용을 제공해 주시겠습니까? 이렇게 하면 제가 고객님께 절차를 안내하고 고객 서비스 담당자와 원활하고 효과적인 대화를 나눌 수 있도록 할 수 있습니다.
BLQZ,시스터머 지원에 전화하고 싶어,문의,고객 서비스 문의,우리가 도와드리겠습니다! 고객님께서 당사 고객 지원팀에 전화하고 싶다는 점을 확인했습니다. [운영시간/기간] 동안 당사의 전담 고객 지원 직원이 고객님을 도와드릴 것입니다. [고객센터전화번호]로 연락하시거나 당사 웹사이트 [웹사이트/메뉴]의 라이브 채팅을 통해 연락하실 수 있습니다. 저희는 고객님의 시간을 소중히 여기며 고객님께 필요한 지원을 제공해 드리겠습니다. 다른 질문이나 우려 사항이 있으면 언제든지 문의해 주세요.
BIL,고객 서비스에 어떻게 말해야 합니까?,문의,고객 서비스 문의,고객님의 의견을 듣고 기뻐요! 고객님께서 당사 고객 서비스 팀과 통화하는 방법을 알고 싶어하신다는 점을 진심으로 이해합니다. 당사의 전담 지원 담당자와 연결하려면 다양한 채널을 통해 연락하실 수 있습니다. 한 가지 옵션은 고객 서비스 핫라인 [고객센터전화번호]에 전화하는 것입니다. 또 다른 옵션은 당사 웹사이트 [웹사이트/메뉴]를 방문하여 담당자와 실시간으로 채팅할 수 있는 라이브 채팅 기능을 사용하는 것입니다. 이메일([이메일주소])을 통해서도 문의하실 수 있습니다. 추가로 도움이 필요하시면 알려주시기 바랍니다.
BILQ,몇 시에 고객 서비스에 전화할 수 있는지 알려주세요,문의,고객 서비스 문의,연락해주셔서 감사합니다! 당사 고객 서비스 팀에 연락할 수 있는 영업 시간을 알고 싶다는 점을 이해합니다. [운영시간/기간] 동안 고객 서비스에서 도움을 드릴 수 있습니다. 이 시간 동안 당사에 연락하여 고객님이 가질 수 있는 질문이나 우려 사항을 해결할 수 있습니다. 저희는 고객님을 돕기 위해 여기 있습니다! 제가 도와드릴 다른 것이 있나요?
BCIL,고객지원팀에 문의하고 싶은데 도움을 받을 수 있나요?,문의,고객 서비스 문의,"문의해 주셔서 감사합니다! 저는 고객 지원팀에 문의하고 싶은 마음을 충분히 이해하며 고객님께 필요한 지원을 제공해 드리겠습니다. 저희의 전담 지원팀은 고객님이 가질 수 있는 질문이나 우려 사항에 대해 도움을 드릴 수 있습니다. [운영시간/기간] 동안 연락하실 수 있습니다. 전화, 이메일, 라이브 채팅 등을 통해 저희 팀은 고객님께 가장 편리한 방법으로 도움을 드릴 준비가 되어 있습니다. 추가로 어떻게 도와드릴까요?"
BLQZ,몇 시에 고객에게 연락할 수 있는지 알려주세요,문의,고객 서비스 문의,연락해주셔서 감사합니다! 고객님이 당사 고객 지원팀에 연락할 수 있는 시간을 알고 싶어하시는 것 같습니다. 저희의 전담 지원팀은 [운영시간/기간] 동안 이용 가능합니다. 그들은 고객님의 우려 사항을 해결하고 고객님께 필요한 지원을 제공하기 위해 여기에 있습니다. 다른 궁금한 점이 있거나 제가 도와드릴 수 있는 사항이 있으면 언제든지 문의해 주세요.
BLQZ,고객 지원팀에 연락할 수 있는 시간을 확인하는 데 도움,문의,고객 서비스 문의,문의해 주셔서 감사합니다! 저는 고객님이 당사 고객 지원팀에 연락할 수 있는 시간을 파악하는 데 도움이 필요하다는 점을 충분히 이해합니다. 저희 팀은 [운영시간/기간] 동안 고객님을 도와드릴 수 있습니다. 추가 질문이나 문의 사항이 있으면 언제든지 문의해 주세요. 우리가 도와드리겠습니다!
BLQ,언제 고객 서비스에 연락할 수 있는지 알고 싶어요,문의,고객 서비스 문의,문의해 주셔서 감사합니다! 고객 서비스 팀에 언제 연락할 수 있는지 결정해야 한다는 점을 이해합니다. 정확한 최신 정보를 제공하기 위해 고객님이 당사에 문의하는 국가를 명시해 주시겠습니까? 이렇게 하면 고객님이 있는 지역의 정확한 고객 서비스 시간을 알려드릴 수 있습니다.
BILQ,고객 서비스에 언제 연락할 수 있는지 확인하도록 도와줄 수 있나요?,문의,고객 서비스 문의,고객님의 메시지는 많은 의미가 있습니다! 저희 고객 서비스 팀에 연락할 수 있는 영업 시간을 확인하고 싶으신 것 같아요. 저희 팀은 [운영시간/기간]에서 고객님을 도와드릴 수 있습니다. 다른 질문이나 우려 사항이 있는 경우 언제든지 알려주시면 기꺼이 도와드리겠습니다.
BLQW,빌어먹을 고객 서비스에 연락하려고 해요,문의,고객 서비스 문의,"고객님의 의견은 소중합니다! 고객님께서 당사 고객 서비스 팀에 연락하려고 하시는 것으로 확인되었습니다. 어려움이 있었다면 사과드립니다. 저희 팀은 고객님을 지원하고 고객님이 가질 수 있는 모든 문제를 해결하기 위해 왔습니다. 고객님께 더 나은 지원을 제공할 수 있도록 고객님의 연락처 정보나 고객님이 직면한 문제에 관한 구체적인 세부정보를 제공해 주시기 바랍니다. 고객 만족이 최우선이며, 고객님의 우려 사항을 신속하게 해결하기 위해 최선을 다하겠습니다."
BL,몇시부터 고객센터에 연락할 수 있는지 알아보려고 합니다,문의,고객 서비스 문의,언제나 연결이 좋아요! 고객님이 당사 고객 서비스 팀에 연락할 수 있는 영업 시간을 알고 싶다는 사실을 잘 알고 있습니다. [운영시간/기간] 동안 당사의 전담 지원팀이 고객님을 도와드릴 수 있습니다. 제가 더 도와드릴 일이 있나요?
BLQZ,고객 지원팀에 전화할래,문의,고객 서비스 문의,바로 처리하겠습니다! 고객 지원팀에 전화하고 싶다는 점을 이해합니다. [운영시간/기간] 동안 도움을 드릴 수 있습니다. [고객센터전화번호]로 연락하시거나 당사 웹사이트 [웹사이트/메뉴]의 라이브 채팅을 통해 연락하실 수 있습니다. 저희 팀은 고객님께 필요한 도움을 제공할 준비가 되어 있습니다. 오늘은 또 어떤 도움을 드릴까요?
BL,고객 지원팀과 통화할 수 있도록 도와주세요,문의,고객 서비스 문의,저희는 모두 귀를 기울입니다! 고객 지원에 연결하는 데 도움이 필요하다는 생각에 귀를 기울이고 있습니다. 저는 고객님께 그 과정을 안내하기 위해 왔습니다. 고객 지원에 관해 이야기하려면 업무 시간 중에 [고객센터전화번호]로 연락하세요. 또는 당사 웹사이트 [웹사이트/메뉴]의 라이브 채팅 기능을 통해 당사와 연결할 수도 있습니다. 저희 팀은 고객님이 가질 수 있는 질문이나 우려 사항에 대해 기꺼이 도움을 드릴 것입니다. 오늘은 어떻게 추가로 도움을 드릴 수 있나요?
BL,고객센터에 전화해야겠어요,문의,고객 서비스 문의,도와주셔서 영광입니다! 저희 고객 서비스 팀에 전화하셔야 할 것 같아요. 저희는 고객님을 돕고 고객님께 필요한 지원을 제공해 드리겠습니다. 최고의 경험을 보장하기 위해 고객님의 전화번호나 고객님께 연락할 수 있는 가장 좋은 방법을 알려주시겠습니까? 이렇게 하면 절차를 신속하게 처리하고 고객 서비스 부서의 적합한 담당자와 고객님을 연결하는 데 도움이 됩니다.
BILQ,고객 서비스에 몇 시까지 연락할 수 있는지 어디서 확인하세요,문의,고객 서비스 문의,문의해 주셔서 감사합니다! 고객님이 당사 고객 서비스 팀의 운영 시간을 확인해야 한다는 점을 충분히 이해합니다. 이용 가능 시간을 확인하려면 당사 웹사이트 [웹사이트/메뉴]를 방문하세요. 당사 웹사이트에는 고객 서비스 전용 페이지나 섹션이 있어 운영 시간을 쉽게 확인할 수 있습니다. 다른 질문이나 우려 사항이 있으면 언제든지 알려주시기 바랍니다. 저는 고객님을 돕기 위해 여기 있습니다!
BL,몇 시부터 고객 서비스에 전화할 수 있는지 알고 싶어요,문의,고객 서비스 문의,고객님의 메시지는 많은 의미가 있습니다! 저희 고객 서비스 팀에 문의하실 수 있는 영업 시간을 알고 싶으시다면 저는 그 생각에 동의합니다. 당사의 전담 지원팀은 다음 시간 동안 고객님을 도와드릴 수 있습니다: [운영시간/기간]. 해당 시간 내에 언제든지 연락해 주시면 문의사항이나 문의 사항이 있으면 기꺼이 도와드리겠습니다. 제가 도와드릴 다른 것이 있나요?
BCILQZ,고객지원팀에 문의해야 하는데 도와주실 수 있나요,문의,고객 서비스 문의,고객님의 의견은 소중합니다! 저희 고객지원팀에 문의하셔야 할 것 같습니다. 저는 고객님을 돕고 필요한 도움을 제공하기 위해 여기에 있습니다. 고객님이 가지고 있는 문제나 질문에 대해 더 자세한 내용을 제공해 주시겠습니까? 이를 통해 고객님을 올바른 부서로 안내하거나 적절한 정보를 제공할 수 있습니다.
BILZ,고객 서비스에 연락할 수 있는 이메일 주소가 있나요?,문의,고객 서비스 문의,"고객님의 메시지는 많은 의미가 있습니다! 우리 고객 서비스에 연락할 수 있는 이메일 주소가 있는지 알고 싶다는 생각에 저는 동의합니다. 예, 고객 서비스를 위한 이메일 주소가 있습니다. [기타정보]로 문의하실 수 있습니다. 저희 팀은 고객님이 가질 수 있는 모든 문의사항이나 우려 사항에 대해 도움을 드릴 준비가 되어 있습니다. 이메일을 통해 언제든지 문의해 주시면 기꺼이 도와드리겠습니다. 제가 도와드릴 다른 것이 있나요?"
BILQ,언제 고객지원팀에 연락할 수 있는지 알 수 있을까요,문의,고객 서비스 문의,"문의해 주셔서 감사합니다! 전담 고객 지원팀에 문의할 수 있는 영업 시간을 확인해야 한다는 점을 이해합니다. 당사의 고객 서비스 시간은 [운영시간/기간]이며, 이 시간 동안 저희 팀이 고객님을 도와드릴 수 있습니다. 추가 질문이나 문의 사항이 있으면 언제든지 문의해 주세요. 우리가 도와드리겠습니다!"
BILQ,고객 서비스에 연락할 수 있는 이메일 있나요,문의,고객 서비스 문의,저는 고객님을 듣고! 고객님이 당사 고객 서비스에 문의하기 위한 이메일을 찾고 계시다는 소식을 전해 드립니다. 저희는 고객님의 시간을 소중히 여기며 즉각적인 지원을 제공하고자 합니다. 가장 빠른 답변을 얻으려면 전용 이메일 주소 [이메일주소]를 통해 고객 서비스 팀에 문의하는 것이 좋습니다. 저희 팀은 고객님이 가질 수 있는 모든 질문이나 우려 사항을 해결할 준비가 되어 있습니다. 이메일을 통해 언제든지 문의해 주시면 추가 지원을 해드리겠습니다.
BLQ,고객 지원팀에 전화할 수 있는 시간을 확인하는 데 도움이 필요합니다,문의,고객 서비스 문의,고객님의 연락에 감사드립니다! 고객지원팀에 전화하려면 영업시간을 확인하는 데 도움이 필요하다고 생각합니다. [운영시간/기간] 동안 당사의 전담 지원팀이 전화로 도움을 드릴 수 있습니다. 다른 질문이나 우려 사항이 있으면 언제든지 알려주시기 바랍니다.
BILQ,고객지원팀에 전화할 수 있는 시간은 어디서 확인하나요?,문의,고객 서비스 문의,연락해주셔서 감사합니다! 고객님이 당사 고객 지원팀에 문의할 때 영업 시간에 대한 정보를 찾고 있다는 것을 확실히 알고 있습니다. 구체적인 영업 시간을 알아보려면 당사 웹사이트 [웹사이트/메뉴]를 방문하는 것이 좋습니다. 당사 웹사이트의 고객 지원 섹션에서 정확한 운영 시간을 확인하실 수 있습니다. 추가 문의사항이 있거나 추가 지원이 필요하시면 언제든지 알려주세요.
BCILQZ,고객 서비스에 얘기하고 싶은데 도와줄 수 있나요?,문의,고객 서비스 문의,저는 고객님을 듣고! 고객님이 당사 고객 서비스 팀과 통화하고 싶다는 소식을 전해 드립니다. 저는 고객님을 돕기 위해 여기 있습니다. 고객 서비스에 연결하려면 [운영시간/기간] 중에 연락할 수 있습니다. 다른 질문이나 문의 사항이 있으면 언제든지 알려주시기 바랍니다. 추가로 어떻게 도와드릴까요?
BILQZ,고객 지원에 전화하도록 도와줄 수 있나요?,문의,고객 서비스 문의,언제나 연결이 좋아요! 고객지원팀에 전화하실 때 도움이 필요하다는 사실을 잘 알고 있습니다. 저희 팀은 지원을 제공하고 고객님의 질문에 답변해 드립니다. 고객 지원에 전화하려면 영업 시간 중에 [고객센터전화번호]([운영시간/기간])로 전화하세요. 다른 문의사항이 있거나 추가 지원이 필요한 경우 언제든지 알려주시기 바랍니다.
BLQ,고객 지원팀에 몇 시까지 전화할 수 있는지 알아봐야겠어요,문의,고객 서비스 문의,저희는 듣고 있어요! 고객 지원팀에 전화할 수 있는 시간을 확인해야 한다는 사실을 알고 있습니다. 당사 고객 지원팀은 [운영시간/기간] 동안 이용 가능합니다. 도움이나 문의사항이 있으면 언제든지 저희에게 연락해 주세요. 제가 더 도와드릴 일이 있나요?
BILQZ,고객 서비스에 어떻게 전화해야 해?,문의,고객 서비스 문의,무슨 말인지 알겠습니다! 저희 고객 서비스에 전화하는 방법을 알고 싶으신 것과 같은 페이지입니다. 고객 서비스 팀에 연락하려면 영업 시간 중에 [고객센터전화번호]로 전화하세요. 당사의 전담 담당자가 고객님의 질문이나 문의 사항에 대해 도움을 드릴 준비가 되어 있습니다. 또한 웹사이트 [웹사이트/메뉴]에서 라이브 채팅과 같은 대체 방법을 제공합니다. 저희 팀은 고객님께 필요한 지원을 제공해 드리겠습니다. 오늘은 또 어떤 도움을 드릴까요?
BLQ,고객 지원이 가능한 시간을 알고 싶습니다,문의,고객 서비스 문의,우리를 믿어주셔서 감사합니다! 고객님께서 당사 고객 지원팀의 업무 시간을 알고 싶어 하신다는 점을 잘 알고 있습니다. 저희의 전담 지원팀은 [운영시간/기간]에서 고객님을 도울 준비가 되어 있습니다. 질문이나 문의 사항이 있거나 도움이 필요하신 경우 언제든지 알려주시기 바랍니다. 저는 고객님의 경험을 가능한 한 원활하게 만들기 위해 왔습니다. 추가로 어떻게 도와드릴까요?
BL,고객 지원에 전화하는 데 도움,문의,고객 서비스 문의,고객 지원 팀에 전화하는 데 도움이 필요하다고 연락해주셔서 기쁘게 생각합니다. 저는 고객님께 그 과정을 안내하기 위해 왔습니다. 고객 지원에 문의하려면 영업 시간 중에 [고객센터전화번호]로 전화하세요. 저희 팀은 [운영시간/기간]에서 고객님의 질문이나 우려 사항에 대해 도움을 드릴 수 있습니다. 다른 방법을 선호하시는 경우 당사 웹사이트 [웹사이트/메뉴]의 라이브 채팅 기능을 통해 당사에 문의하실 수도 있습니다. 저희는 탁월한 지원을 제공하기 위해 노력하고 있으며 고객님을 돕기 위해 최선을 다하고 있습니다. 추가로 도움이 필요하시면 알려주세요.
BL,고객 서비스에 전화할 수 있는 시간 확인 지원,문의,고객 서비스 문의,연락해주셔서 감사합니다! 고객 서비스에 전화할 수 있는 시간을 알아내는 데 도움이 필요하다는 느낌이 듭니다. 저희는 안정적인 지원을 제공하는 것을 목표로 하며 지정된 고객 지원 시간 동안 이용 가능합니다. 저희 팀은 [운영시간/기간]에서 고객님을 도울 준비가 되어 있습니다. 이 기간 내에 언제든지 문의해 주시면 문의사항이나 우려 사항이 있는 경우 기꺼이 도와드리겠습니다. 어떻게 하면 고객님의 하루를 더 좋게 만들 수 있나요?
BLZ,고객 지원팀에 전화할 수 있는 시간이 언제인지 확인하세요,문의,고객 서비스 문의,언제나 연결이 좋아요! 고객님이 당사 고객 지원팀에 연락할 수 있는 시간을 알고 싶어한다는 사실을 잘 알고 있습니다. 저희의 전담 지원팀은 [운영시간/기간] 동안 이용 가능합니다. 도움이나 문의사항이 있으면 이 시간 내에 언제든지 연락해 주세요. 우리가 도와드리겠습니다!
BIL,고객 지원팀에 문의하려면 어떻게 해야 하나요?,문의,고객 서비스 문의,"연락해주셔서 감사합니다! 우리 고객 지원팀과 대화하기 위해 어떤 단계를 밟아야 하는지 알고 싶어하시는 것 같습니다. 고객 지원에 연결하려면 당사 웹사이트를 방문하여 ""연락처"" 또는 ""지원"" 페이지를 찾으십시오. 여기에서 전화번호, 이메일 주소 또는 라이브 채팅과 같은 다양한 옵션을 찾을 수 있습니다. [운영시간/기간] 동안 당사의 전담 지원팀이 고객님의 문의 사항이나 우려 사항에 대해 도움을 드릴 수 있습니다. 주저하지 말고 저희에게 연락해 주시면 기꺼이 도와드리겠습니다!"
BIL,언제 고객지원팀에 연락할 수 있는지 어디서 확인할 수 있나요?,문의,고객 서비스 문의,"저희는 고객님의 봉사 활동을 소중히 여깁니다! 우리 고객 지원팀의 연락 시간을 어디에서 찾을 수 있는지 알고 싶다는 사실에 공감합니다. 연락 가능한 시간을 알아보려면 당사 웹사이트 [웹사이트/메뉴]를 방문하는 것이 좋습니다. 당사 웹사이트에서 ""연락처"" 페이지 또는 ""지원"" 섹션으로 이동하여 고객 지원 시간에 대한 정보를 찾을 수 있습니다. 이 정보를 찾는 데 문제가 있는 경우 알려주시면 기꺼이 도와드리겠습니다."
BLZ,그럼 고객 서비스에 연결해 주세요,문의,고객 서비스 문의,고객님의 의견을 듣고 기뻐요! 고객 서비스 팀과 통화하는 데 도움이 필요하다는 점을 진심으로 이해합니다. 안심하세요. 제가 도와드리겠습니다. 고객 서비스 담당자와 연결하려면 [운영시간/기간] 중에 연락하세요. [고객센터전화번호]로 연락하거나 당사 웹사이트 [웹사이트/메뉴]의 라이브 채팅을 통해 연결할 수도 있습니다. 고객님의 질문이나 우려 사항에 대해 기꺼이 도움을 드릴 것입니다. 오늘은 또 어떻게 고객님께 봉사할 수 있을까요?
BL,고객 지원팀과 대화 중,문의,고객 서비스 문의,문의해 주셔서 감사합니다! 고객 지원팀에 연락하는 방법을 안내해 드리겠습니다. 이들과 연결하려면 무료 헬프라인 [고객센터전화번호]로 전화하거나 당사 웹사이트를 방문하여 당사 담당자와 라이브 채팅 세션을 시작할 수 있습니다. 이메일 통신을 원하시면 [이메일주소]로 문의 사항을 보내실 수 있습니다. 당사의 전담 지원팀은 [운영시간/기간]의 고객 서비스 시간 동안 이용 가능합니다. 당사 제품이나 서비스에 관해 고객님이 가질 수 있는 질문이나 우려 사항에 대해 기꺼이 도움을 드릴 것입니다. 저희는 고객님께 가능한 최고의 지원을 제공하기 위해 최선을 다하고 있습니다. 제가 도와드릴 수 있는 다른 사항이 있으면 알려주세요!
BIL,언제 고객지원에 전화할 수 있는지 어디서 확인하나요?,문의,고객 서비스 문의,저희는 듣고 있어요! 우리 고객 지원팀에 전화할 수 있는 시간을 어디에서 볼 수 있는지 알고 싶다는 사실을 알고 싶습니다. 운영 시간을 확인하려면 당사 웹사이트 [웹사이트/메뉴]를 방문하여 '연락처' 또는 '고객 지원' 섹션으로 이동하세요. 여기에서 전화로 연락할 수 있는 구체적인 시간을 확인하실 수 있습니다. 이메일이나 라이브 채팅과 같은 다른 연락 방법을 선호하는 경우 해당 정보도 그곳에서 찾을 수 있습니다. 추가로 도움이 필요하시면 알려주세요.
BI,고객 서비스에 어떻게 연락하나요?,문의,고객 서비스 문의,문의해 주셔서 감사합니다! 고객님이 당사 고객 서비스 팀에 문의해야 한다는 점을 충분히 이해합니다. 우리와 연결하려면 전용 전화선 [고객센터전화번호]를 통해 연락하거나 [이메일주소]로 이메일을 보내세요. 또는 당사 웹사이트 [웹사이트/메뉴]를 방문하여 지원 담당자와 라이브 채팅을 시작할 수 있습니다. 저희는 고객님을 지원하고 원활한 경험을 보장하기 위해 왔습니다. 제가 도와드릴 수 있는 다른 사항이 있으면 알려주세요!
BL,고객 지원에 연락할 수 있는 시간을 확인해야 합니다.,문의,고객 서비스 문의,저희는 고객님의 봉사 활동을 소중히 여깁니다! 고객님께서 당사 고객 지원팀에 연락할 수 있는 운영 시간을 알고 싶어하신다는 사실에 공감합니다. [운영시간/기간] 동안 당사의 전담 지원팀이 고객님을 도와드릴 수 있습니다. 다른 질문이나 우려 사항이 있으면 언제든지 알려주시기 바랍니다.
BILQ,몇시에 고객 서비스에 연락할 수 있는지 어떻게 알 수 있어?,문의,고객 서비스 문의,"도와주셔서 영광입니다! 고객님께서 우리 고객 서비스 팀에 연락하기에 가장 좋은 시간을 알고 싶어하신다는 것을 잘 알고 있습니다. 홈페이지에서 영업시간을 쉽게 확인하실 수 있습니다. 당사 홈페이지를 방문하여 ""연락처"" 또는 ""지원"" 페이지로 이동하시면 됩니다. 여기에서 당사 고객 서비스 팀이 고객님께 도움을 드릴 수 있는 특정 시간을 확인하실 수 있습니다. 다른 질문이나 우려 사항이 있으면 언제든지 알려주시기 바랍니다. 저는 도와주러 왔습니다!"
BL,고객지원팀에 언제 전화할 수 있는지 알려 줘,문의,고객 서비스 문의,저는 고객님을 듣고! 고객님이 당사 고객지원팀에 전화할 수 있는 시간을 알고 싶으셔서 연락드립니다. 당사의 전담 지원팀은 다음 시간 동안 고객님을 도와드릴 수 있습니다: [운영시간/기간]. 이 기간 내에 언제든지 연락해 주시면 궁금한 점이나 우려 사항이 있는 경우 기꺼이 도와드리겠습니다. 제가 더 도와드릴 일이 있나요?
BLW,빌어먹을 고객 지원팀에 연락할 수 있게 도와주세요,문의,고객 서비스 문의,고객님의 메시지에 감사드립니다! 고객님이 당사 고객 지원팀에 연락하는 데 도움이 필요하다는 것은 확실합니다. 불편을 끼쳐드려 죄송합니다. 당사의 전담 지원팀은 [운영시간/기간] 동안 이용 가능하며 고객님이 가질 수 있는 모든 문의 사항이나 우려 사항에 대해 기꺼이 도움을 드릴 것입니다. 걱정하지 마십시오. 저희는 고객님께 필요한 지원을 제공하고 도와드립니다. 추가로 어떻게 도움을 드릴 수 있나요?
BILZ,지원에 연락하는 방법은 무엇입니까?,문의,고객 서비스 문의,문의해 주셔서 감사합니다! 고객 지원 문의에 관심을 갖고 계시다는 점을 이해합니다. 저희 팀에 연락하려면 전용 고객 지원 핫라인 [고객센터전화번호]를 통해 연락하거나 웹사이트 [웹사이트/메뉴]를 방문하여 라이브 채팅 기능에 액세스할 수 있습니다. 저희는 고객님을 지원하고 고객님께 필요한 지침을 제공할 수 있는 친절한 담당자를 보유하고 있습니다. 저희는 고객님을 돕기를 기대합니다!
BILQZ,고객지원 메일이 뭐예요?,문의,고객 서비스 문의,문의해 주셔서 감사합니다! 이메일을 통해 고객 지원팀에 문의하셔야 한다는 점을 이해합니다. 당사의 전용 고객 지원 이메일 주소는 [이메일주소]입니다. 문의사항이나 문의 사항이 있는 이메일을 보내주시면 저희 팀에서 최대한 빨리 연락드리겠습니다. 저희는 고객님을 돕고 고객님께 필요한 지원을 제공해 드리겠습니다. 오늘은 또 어떤 도움을 드릴까요?
BIL,고객지원팀에 전화할 수 있는 시간을 어떻게 확인할 수 있나요?,문의,고객 서비스 문의,저희는 고객님의 봉사 활동을 소중히 여깁니다! 고객님이 당사 고객 지원팀에 문의할 수 있는 운영 시간을 결정하려고 한다는 사실에 공감합니다. 고객 지원이 가능한 시간을 확인하려면 당사 웹사이트 [기타정보]를 방문하세요. 당사 웹사이트에는 고객 지원 시간에 대한 정보를 제공하는 전용 페이지가 있습니다. 다른 질문이 있거나 추가 도움이 필요하시면 언제든지 알려주세요. 저는 도와주러 왔습니다!
BL,고객지원팀에 언제 연락할 수 있는지 알아보려고 합니다.,문의,고객 서비스 문의,고객님의 연락에 감사드립니다! 고객님이 당사 고객 지원팀에 연락할 최적의 시간을 결정하려고 노력하고 있는 것 같습니다. 고객 지원 시간은 [운영시간/기간]입니다. 이 기간 동안 저희 팀은 고객님이 가질 수 있는 질문이나 우려 사항에 대해 도움을 드릴 수 있습니다. 추가 도움이 필요하시면 언제든지 알려주시기 바랍니다.
BLQ,고객지원팀에 전화하려면 어떻게 해야할지 모르겠어요,문의,고객 서비스 문의,고객님의 연락에 감사드립니다! 고객지원팀에 전화하기 위해 따라야 할 단계를 잘 모르시는 것 같습니다. 걱정하지 마세요. 제가 이 과정을 안내해 드리겠습니다. 고객 지원에 연락하려면 업무 시간([운영시간/기간]) 중에 [고객센터전화번호]로 전화하세요. 원하는 경우 당사 웹사이트 [웹사이트/메뉴]를 방문하여 라이브 채팅 기능을 사용하여 당사 지원팀과 연결할 수도 있습니다. 고객님이 가질 수 있는 질문이나 우려 사항에 대해 기꺼이 도움을 드릴 것입니다. 제가 도와드릴 수 있는 다른 사항이 있으면 알려주세요!
BLQZ,고객 지원이 가능한 시간을 확인하려면 도움이 필요합니다.,문의,고객 서비스 문의,"고객님의 의견은 소중합니다! 고객 지원팀의 이용 가능 시간을 확인하는 데 도움이 필요하다는 소식을 들었습니다. 당사의 전담 지원팀은 고객 지원 시간([운영시간/기간]) 동안 고객님을 도와드릴 수 있습니다. 이 기간 동안 문의 사항, 우려 사항 또는 도움이 필요할 경우 당사에 연락하실 수 있습니다. 저희는 가능한 최고의 지원을 제공해 드리겠습니다. 오늘은 또 어떤 도움을 드릴까요?"
BL,고객 서비스와 대화,문의,고객 서비스 문의,저희는 고객님의 봉사 활동을 소중히 여깁니다! 고객님께서 당사 고객 서비스 팀과 대화를 나누고 싶어하신다는 사실에 동의합니다. 당사의 전담 담당자가 고객님을 도와드릴 준비가 되어 있습니다. 고객 지원 시간 동안 [고객센터전화번호]로 연락하거나 당사 웹사이트 [웹사이트/메뉴]의 라이브 채팅을 통해 연락하실 수 있습니다. 고객님이 가질 수 있는 질문이나 우려 사항에 대해 기꺼이 도움을 드릴 것입니다. 무엇이든 편하게 물어보세요. 저희는 모든 단계에서 고객님을 지원하기 위해 여기 있습니다.
BIL,언제 고객센터에 전화할 수 있는지 어떻게 확인할 수 있나요?,문의,고객 서비스 문의,저희는 고객님을 위해 여기 있습니다! 고객님이 당사 고객 서비스 팀에 문의할 수 있는 영업 시간을 알고 싶다는 것을 알고 있습니다. 정확한 시간을 확인하려면 당사 웹사이트를 방문하거나 고객 지원 핫라인 [고객센터전화번호]에 문의하는 것이 좋습니다. 고객님이 연락할 수 있는 구체적인 시간을 기꺼이 안내해 드릴 것입니다. 다른 질문이나 문의 사항이 있으시면 언제든지 문의해 주세요.
BL,고객지원팀과 통화할 수 있게 도와주세요,문의,고객 서비스 문의,저희는 듣고 있어요! 고객 지원팀과 연결하는 데 도움이 필요하다는 사실을 알고 있습니다. 안심하세요. 제가 도와드리겠습니다. 우리 고객 지원 팀은 [운영시간/기간] 동안 이용 가능합니다. [고객센터전화번호]로 전화하거나 당사 웹사이트 [웹사이트/메뉴]의 라이브 채팅을 통해 연락하실 수 있습니다. 추가로 도움이 필요하시면 알려주시기 바랍니다.
BIL,고객 서비스와 대화하는 방법은 무엇입니까?,문의,고객 서비스 문의,고객님의 연락에 감사드립니다! 고객님께서 당사 고객 서비스 팀과 대화하는 방법을 알고 싶어 하시는 것 같습니다. 당사의 전담 고객 서비스 담당자와 연결하려면 몇 가지 옵션이 있습니다. [고객센터전화번호]로 전화하거나 당사 웹사이트 [웹사이트/메뉴]의 라이브 채팅 기능을 통해 연락하실 수 있습니다. 저희는 고객님을 지원하고 고객님이 가질 수 있는 질문이나 우려 사항을 해결하기 위해 왔습니다. 오늘은 어떻게 추가로 도움을 드릴 수 있나요?
BLQZ,몇 시에 고객 지원팀에 전화할 수 있는지 확인하도록 도와주세요,문의,고객 서비스 문의,저희는 고객님의 봉사 활동을 소중히 여깁니다! 고객 지원에 전화할 수 있는 시간을 확인하는 데 도움이 필요하다는 사실에 동의합니다. 저희 팀은 [운영시간/기간] 동안 고객님을 도와드릴 수 있습니다. 지금이 우리에게 연락하여 필요한 지원을 받을 수 있는 최적의 시간입니다. 저희는 고객님의 시간을 소중히 여기며 이 시간 동안 우수한 서비스를 제공하기 위해 최선을 다하고 있습니다. 다른 질문이 있거나 추가 도움이 필요하시면 언제든지 알려주세요.
BCIL,고객센터에 얘기해야 하는데 도와주실 수 있나요?,문의,고객 서비스 문의,문의해 주셔서 감사합니다! 저희 고객 서비스 팀에 문의하셔야 한다는 점을 전적으로 이해합니다. [운영시간/기간] 동안 당사의 전담 지원팀이 고객님을 도와드릴 수 있습니다. 다음 채널을 통해 연락하실 수 있습니다: [고객센터전화번호] 또는 당사 웹사이트 [웹사이트/메뉴]의 라이브 채팅을 통해. 그들은 고객님이 가질 수 있는 모든 문의나 우려 사항을 기꺼이 해결해 드릴 것입니다. 오늘 고객님의 경험을 더욱 향상시키려면 어떻게 해야 합니까?
BL,고객 지원팀과 통화하는 데 도움,문의,고객 서비스 문의,고객님의 의견을 들으니 반갑습니다! 고객지원팀과 통화하는 데 도움이 필요하신 것으로 알고 있습니다. 안심해 주세요. 저는 고객님께 절차를 안내하고 전담 담당자와의 원활한 연결을 보장하기 위해 왔습니다. 고객 지원팀과 통화하려면 지정된 고객 지원 시간 동안 [고객센터전화번호]로 연락하거나 당사 웹사이트 [웹사이트/메뉴]의 라이브 채팅 기능을 통해 연락할 수 있습니다. 저희 팀은 맞춤형 지원을 제공하고 고객님이 가질 수 있는 모든 질문이나 우려 사항을 해결하도록 교육을 받았습니다. 구체적인 세부 사항이나 요구 사항을 자유롭게 공유해 주시면 저희 팀이 고객님을 도와드릴 수 있도록 만반의 준비를 갖추도록 하겠습니다.
BL,고객 지원에 전화할 수 있는 시간을 확인하고 싶습니다.,문의,고객 서비스 문의,연락해주셔서 기뻐요! 고객님께서 당사 고객 지원팀에 연락할 수 있는 시간을 알고 싶어하신다는 점을 분명히 알고 있습니다. 당사의 전담 지원팀이 [운영시간/기간]를 통해 고객님을 도와드릴 수 있습니다. 이 시간 동안 언제든지 연락해 주시면 궁금한 점이나 우려 사항이 있는 경우 기꺼이 도와드리겠습니다. 제가 도와드릴 다른 것이 있나요?
BIL,고객 지원 전화번호는 무엇입니까?,문의,고객 서비스 문의,연락해주셔서 기뻐요! 고객님께서 고객 지원 전화번호를 찾고 계시다는 것을 확실히 알고 있습니다. 더 나은 도움을 드릴 수 있도록 문의하신 회사나 서비스의 세부정보를 알려주시면 정확한 연락처를 알려드릴 수 있도록 하겠습니다.
BL,고객지원팀에 언제 연락할 수 있는지 확인하고 싶어요,문의,고객 서비스 문의,저는 고객님을 듣고! 고객지원팀에 문의할 수 있는 운영시간을 알고 싶으셔서 연락드립니다. 당사의 전담 지원팀이 [운영시간/기간]를 통해 고객님을 도와드릴 수 있습니다. 다른 질문이나 우려 사항이 있으면 언제든지 알려주시기 바랍니다.
BL,고객 지원팀과 어떻게 대화해야 할지 모르겠습니다.,문의,고객 서비스 문의,우리가 도와드리겠습니다! 고객 지원팀에 연락하는 방법을 잘 모르시는 것으로 알고 있습니다. 걱정하지 마세요. 제가 도와드리겠습니다. 고객 지원팀에 문의하려면 [운영시간/기간] 중에 연락하세요. [고객센터전화번호]로 전화하거나 당사 웹사이트 [웹사이트/메뉴]에서 라이브 채팅 기능을 사용할 수 있습니다. 고객님이 가질 수 있는 질문이나 우려 사항에 대해 기꺼이 도움을 드릴 것입니다. 현재 직면하고 있는 의문점이나 문제를 자유롭게 공유하고 해결책을 찾기 위해 함께 노력합시다. 어떻게 더 지원을 받을 수 있나요?
BL,고객센터에 몇시까지 연락가능한지 알고싶습니다,문의,고객 서비스 문의,"우리가 도와드리겠습니다! 고객님이 당사 고객 서비스 팀에 연락할 수 있는 시간에 대해 궁금해하시는 것으로 알고 있습니다. [기타정보] 동안 당사의 전담 지원팀이 고객님을 도와드릴 수 있습니다. 질문, 문의 사항, 피드백 등 무엇이든 저희가 도와드리겠습니다. 추가로 도움이 필요하시면 언제든지 알려주시기 바랍니다."
BILQ,고객 지원에 연락할 수 있는 무료 전화번호가 있습니다,문의,고객 서비스 문의,연락해주셔서 감사합니다! 고객님께서 당사 고객 지원에 연락하기 위해 무료 전화번호를 찾고 계시다는 것을 확실히 알고 있습니다. 고객 서비스 팀에 [기타정보]로 연락할 수 있습니다. [운영시간/기간]에서 고객님의 문의 사항이나 우려 사항에 대해 도움을 드릴 수 있습니다. 고객님이 편한 시간에 언제든지 연락하세요. 제가 도와드릴 다른 것이 있나요?
BCILPQZ,고객 지원에 도움을 받고 싶습니다.,문의,고객 서비스 문의,물론입니다! 저는 고객님을 안내하기 위해 여기에 있습니다. 당사의 전담 고객 지원 팀과 통화하려면 몇 가지 옵션이 있습니다. [운영시간/기간]의 고객 지원 시간 동안 [고객센터전화번호]로 전화를 통해 문의하실 수 있습니다. 저희 웹사이트 [웹사이트/메뉴]에서 실시간으로 채팅하실 수도 있습니다. 또는 [이메일주소]로 이메일을 보내실 수도 있습니다. 추가로 도움이 필요하시면 알려주시기 바랍니다.
BILZ,고객지원에 전화할 수 있나요?,문의,고객 서비스 문의,"연락해주셔서 기뻐요! 저는 고객님이 당사 고객 지원팀에 전화하는 것이 가능한지 궁금해하고 있다는 것을 분명히 알고 있습니다. 예, 실제로 고객지원팀에 전화하는 것이 가능합니다. 지정된 고객 지원 시간 동안 [고객센터전화번호]로 저희 팀에 연락하실 수 있습니다. 당사의 지식이 풍부한 담당자가 고객님이 가질 수 있는 모든 질문이나 문의 사항을 전화로 기꺼이 도와드릴 것입니다. 제가 더 도와드릴 일이 있나요?"
BCIL,고객 지원팀에 문의해야 합니다. 어떻게 해야 하나요?,문의,고객 서비스 문의,고객님의 연락에 감사드립니다! 저희 고객지원팀에 문의하셔야 할 것 같습니다. 그렇게 하려면 고객 서비스 핫라인 [고객센터전화번호]에 문의하세요. 저희 팀은 [운영시간/기간] 동안 사용할 수 있습니다. 또는 당사 웹사이트 [웹사이트/메뉴]를 방문하여 라이브 채팅 기능을 활용하여 고객 서비스 담당자와 연결할 수 있습니다. 저희는 고객님께 필요한 지원을 제공해 드리겠습니다. 추가로 어떻게 도와드릴까요?
BIL,고객지원팀에 연락할 수 있는 무료 전화번호가 있나요?,문의,고객 서비스 문의,도와주셔서 영광입니다! 고객님께서 당사 고객 지원팀에 연락할 수 있는 무료 전화번호를 찾고 계신 것으로 알고 있습니다. 가장 정확한 정보를 제공하기 위해 고객님이 어느 국가 출신인지 알 수 있습니까? 그렇게 하면 정확한 연락처 정보를 알려드릴 수 있습니다.
BL,고객지원팀에 언제 연락할 수 있는지 알아보세요,문의,고객 서비스 문의,"도와주셔서 영광입니다! 고객님는 당사 고객 지원팀에 문의할 수 있는 특정 시간을 알아보기 위해 도움을 찾고 계신 것으로 알고 있습니다. 당사의 전담 지원팀은 고객 지원 시간([운영시간/기간]) 동안 고객님을 도와드릴 수 있습니다. 전화, 이메일, 라이브 채팅 등 다양한 커뮤니케이션 채널을 통해 당사에 연락하실 수 있습니다. 추가 문의사항이 있거나 추가 지원이 필요한 경우 언제든지 알려주시기 바랍니다."
BILQ,고객 서비스에 연락하려면 어떻게 해야 하나요?,문의,고객 서비스 문의,"연락해주셔서 기뻐요! 저는 고객님이 우리 고객 서비스 팀에 연락하는 방법을 알고 싶어한다는 것을 분명히 알고 있습니다. 시작하려면 전화, 이메일, 라이브 채팅 등 다양한 채널을 통해 당사에 연락하실 수 있습니다. 고객 지원 시간은 [운영시간/기간]입니다. 신속한 지원을 받으려면 문의사항과 관련된 정보나 계정 세부정보를 준비하세요. 저희는 고객님께 필요한 지원을 제공하고 도와드리기 위해 왔습니다. 특별히 도움을 받고 싶은 것이 있나요?"
BL,고객 서비스 이용 가능 시간 확인,문의,고객 서비스 문의,저희는 모두 귀를 기울입니다! 고객님이 당사 고객 서비스를 이용할 수 있는 시간을 알고 싶다는 생각이 들었습니다. 당사의 전담 고객 서비스 팀이 [운영시간/기간]를 통해 고객님을 도와드릴 수 있습니다. 궁금한 점이나 문의 사항이 있으면 언제든지 알려주시기 바랍니다. 저는 도와주러 왔습니다!
BIL,언제 고객센터에 전화할 수 있는지 어디서 확인할 수 있나요?,문의,고객 서비스 문의,"당사 고객 서비스 팀과의 연결에 관심을 가져주셔서 감사합니다. 고객 서비스에 연락할 수 있는 운영 시간을 확인하려면 [웹사이트/메뉴]를 방문하세요. 당사 웹사이트에는 고객 서비스 시간을 확인할 수 있는 전용 ""연락처"" 페이지가 있습니다. 추가 문의사항이 있거나 다른 도움이 필요한 경우 언제든지 알려주시기 바랍니다. 저는 도와주러 왔습니다!"
BL,고객 서비스에 전화할 수 있는 시간을 확인하고 싶습니다.,문의,고객 서비스 문의,연락해주셔서 감사합니다! 고객 서비스 팀에 연락할 수 있는 시간을 확인하는 데 도움이 필요하다고 생각합니다. [운영시간/기간] 동안 당사의 전담 지원팀이 고객님을 도와드릴 수 있습니다. [고객센터전화번호]로 전화하거나 당사 웹사이트 [웹사이트/메뉴]의 라이브 채팅을 통해 연락하실 수 있습니다. 추가 질문이나 우려 사항이 있으면 언제든지 알려주시기 바랍니다. 오늘은 또 어떤 도움을 드릴까요?
BLQZ,몇시에 고객 지원을 받을 수 있는지 확인해야 해요,문의,고객 서비스 문의,고객님의 의견은 소중합니다! 고객지원팀에 문의할 수 있는 특정 시간을 확인하는 데 도움이 필요하다는 사실을 확인했습니다. [운영시간/기간] 동안 당사의 전담 지원팀이 고객님을 도와드릴 수 있습니다. [고객센터전화번호]를 통해 또는 당사 웹사이트 [웹사이트/메뉴]에서 라이브 채팅을 통해 당사에 연락하실 수 있습니다. 저희는 지정된 시간 내에 신속하고 유용한 지원을 제공하기 위해 노력하고 있습니다. 제가 더 도와드릴 일이 있나요?
BL,몇 시에 고객 서비스에 전화할 수 있는지 알려 줘,문의,고객 서비스 문의,"우리가 도와드리겠습니다! 고객 서비스 팀에 전화할 수 있는 영업 시간을 알고 싶습니다. 고객 서비스 담당자가 [운영시간/기간]를 통해 도움을 드릴 수 있습니다. 이 기간 동안 언제든지 저희에게 연락해 주시면, 문의 사항이나 우려 사항이 있으면 기꺼이 도와드리겠습니다. 오늘은 또 어떤 도움을 드릴까요?"
BCLW,"빌어먹을 고객 지원팀과 통화해야 하는데, 도와주세요",문의,고객 서비스 문의,저희는 도움을 받기 위해 여기에 있습니다. 고객님이 당사 고객 서비스 팀과 통화하고 싶다는 점을 이해합니다. 저는 고객님이 가질 수 있는 모든 문의 사항이나 문의 사항에 대해 도움을 주기 위해 여기 있습니다. 추가로 도움을 드릴 수 있는 방법을 알려주세요.
BIL,고객지원팀에 전화하는 것을 도와주실 수 있나요?,문의,고객 서비스 문의,저는 고객님을 듣고! 고객지원팀에 전화하는 데 도움이 필요하다는 소식을 전해 드립니다. 저는 도와주러 왔습니다! 당사 고객 지원팀은 [고객센터전화번호]로 연락하실 수 있습니다. [운영시간/기간] 동안 사용할 수 있습니다. 추가 지원이 필요하거나 다른 질문이 있는 경우 주저하지 말고 문의해 주세요.
BLQ,고객 지원이 가능한 시간을 확인해야 해요,문의,고객 서비스 문의,"저희는 모두 귀를 기울입니다! 저희 고객지원팀의 운영시간을 확인하셔야 한다는 생각에 귀를 기울이고 있습니다. [운영시간/기간] 동안 당사의 전담 지원팀이 고객님을 도와드릴 수 있습니다. 전화, 이메일, 라이브 채팅 등 다양한 채널을 통해 연락할 수 있습니다. 제가 더 도와드릴 일이 있나요?"
BIL,고객 지원팀에 전화할 수 있는 시간을 알려 주시겠어요?,문의,고객 서비스 문의,고객님의 메시지는 많은 의미가 있습니다! 고객 지원팀에 문의할 수 있는 시간을 알고 싶다는 생각에 동의합니다. [운영시간/기간] 동안 고객 지원을 통해 도움을 받으실 수 있습니다. 저희는 고객님이 가질 수 있는 모든 질문이나 우려 사항에 대해 고객님을 도울 준비가 되어 있는 전담 지원팀을 보유하고 있습니다. 근무시간 중에 편하게 연락주시면 최선을 다해 도와드리겠습니다. 제가 도와드릴 수 있는 일이 더 있으면 알려주세요!
BCLW,망할 고객 지원팀에 얘기해야 하는데 도움이 필요해요,문의,고객 서비스 문의,연락해주셔서 기뻐요! 고객님이 불만을 느끼고 있으며 당사 고객 지원팀의 도움이 필요하다는 점을 이해합니다. 저희는 고객님이 가질 수 있는 문제나 우려 사항을 해결하는 데 도움을 드리고 있습니다. [운영시간/기간]에 당사의 전담 고객 서비스 팀이 고객님을 도와드릴 수 있습니다. 추가로 도움을 드릴 수 있는 방법을 알려주세요.
BCILP,고객 지원팀에 문의해야 하는데 도움을 받을 수 있나요?,문의,고객 서비스 문의,"고객님의 의견을 듣고 기뻐요! 고객님이 당사 고객 지원팀에 문의해야 한다는 점을 진심으로 이해하며, 제가 도와드리겠습니다. [운영시간/기간] 동안 고객 지원에 연락하실 수 있습니다. 질문이나 문의 사항이 있으시면 언제든지 저에게 알려주시기 바랍니다. 함께, 저희는 고객님께 가장 적합한 솔루션을 찾을 것입니다!"
BILQZ,고객지원팀에 언제 연락할 수 있는지 어떻게 확인하나요?,문의,고객 서비스 문의,우리를 믿어주셔서 감사합니다! 고객님께서 당사 고객 지원팀과 연락 가능한 시간을 알고 싶어하신다는 점을 잘 알고 있습니다. 당사 웹사이트 [웹사이트/메뉴]에서 연락 시간을 확인하실 수 있습니다. 고객 지원 섹션으로 이동하시면 거기에 나열된 운영 시간을 확인하실 수 있습니다. 다른 질문이나 우려 사항이 있는 경우 언제든지 알려주시면 기꺼이 도와드리겠습니다.
BILQZ,고객지원팀에 얘기할 수 있어?,문의,고객 서비스 문의,무슨 말인지 알겠습니다! 저는 고객님이 우리 고객 지원팀에 문의하고 싶은 것과 같은 생각입니다. 저는 고객님을 돕기 위해 여기 있습니다. 당사 고객 지원팀은 [운영시간/기간] 동안 이용 가능합니다. [고객센터전화번호]로 연락하거나 당사 웹사이트 [웹사이트/메뉴]의 라이브 채팅을 통해 연락할 수 있습니다. 질문이 있으시면 언제든지 문의하시거나 필요한 지원에 대한 자세한 내용을 제공해 주십시오. 추가로 어떻게 도와드릴까요?
BL,고객지원팀에 전화하세요,문의,고객 서비스 문의,문의해 주셔서 감사합니다! 당사 고객 지원팀과 직접 통화하려면 [고객센터전화번호]로 문의하세요. 고객님이 가질 수 있는 질문이나 우려 사항에 대해 기꺼이 도움을 드릴 것입니다. 제가 더 도와드릴 일이 있나요?
BLQ,고객 서비스가 가능한 시간은 언제인지 알고 싶습니다.,문의,고객 서비스 문의,연락해주셔서 감사합니다! 고객 서비스를 이용할 수 있는 구체적인 시간을 알고 싶다는 점을 이해합니다. [운영시간/기간] 동안 고객 서비스를 이용할 수 있습니다. 이를 통해 당사의 전담 지원팀이 고객님께 가장 편리한 시간에 고객님을 지원할 준비가 되어 있는지 확인할 수 있습니다. 제가 더 도와드릴 일이 있나요?
BIL,언제 고객 지원에 전화할 수 있는지 알 수 있나요?,문의,고객 서비스 문의,저희는 고객님의 봉사 활동을 소중히 여깁니다! 고객 지원을 받을 수 있는 시기를 알고 싶다는 사실에 동의합니다. [운영시간/기간] 동안 당사의 전담 지원팀이 고객님을 도와드릴 수 있습니다. 이 시간 동안 부담 없이 전화해 주시면 최선을 다해 도와드리겠습니다. 제가 도와드릴 다른 것이 있나요?
BIL,언제 고객센터에 연락할 수 있는지 알 수 있나요?,문의,고객 서비스 문의,"우리를 믿어주셔서 감사합니다! 고객님이 당사 고객 서비스 팀에 문의할 수 있는 영업 시간을 알고 싶다는 점을 잘 알고 있습니다. [운영시간/기간] 동안 당사의 전담 지원팀이 고객님을 도와드릴 수 있습니다. 질문이 있거나, 도움이 필요하거나, 단순히 피드백을 제공하려는 경우, 저희 팀이 고객님을 지원할 준비가 되어 있습니다. 오늘 제가 더 도와드릴 일이 있나요?"
BCIL,고객센터에 얘기해야 하는데 어떻게 해야 하나요?,문의,고객 서비스 문의,문의해 주셔서 감사합니다! 저는 고객님이 긴급하게 당사 고객 서비스 팀에 문의해야 한다는 점을 충분히 이해합니다. 저희와 연결하려면 [운영시간/기간]([고객센터전화번호]) 또는 저희 웹사이트([웹사이트/메뉴])의 라이브 채팅을 통해 연락하실 수 있습니다. 저희의 전담 지원팀은 고객님이 가질 수 있는 질문이나 우려 사항에 대해 도움을 드리기 위해 대기하고 있습니다. 오늘 고객님의 경험을 더욱 향상시키려면 어떻게 해야 합니까?
BILQ,고객 지원과 통화할 수 있는 무료 전화번호가 있습니다,문의,고객 서비스 문의,문의해 주셔서 감사합니다! 고객 지원팀과 통화하려면 무료 전화번호가 필요하다는 점을 충분히 이해합니다. 당사의 전담 지원팀이 무료 전화번호 [고객센터전화번호]를 통해 무료로 도움을 드릴 수 있습니다. 언제든지 저희에게 연락해 주시면 궁금한 점이나 문의 사항이 있으면 기꺼이 도와드리겠습니다.
BLW,빌어먹을 고객 지원팀에 연락하는 데 도움,문의,고객 서비스 문의,연락해주셔서 감사합니다! 고객님이 당사 고객 지원팀에 연락하는 데 도움이 필요하다는 것을 확실히 알고 있습니다. 저희 팀은 고객님을 지원하고 고객님이 직면할 수 있는 모든 문제를 해결해 드릴 수 있습니다. 고객 지원을 받으려면 근무 시간 중에 [고객센터전화번호]로 전화하거나 웹사이트를 방문하여 라이브 채팅 기능에 액세스하여 즉각적인 지원을 받을 수 있습니다. 저희는 고객님을 돕기 위해 여기 있습니다. 우리가 고객님을 가장 잘 도울 수 있는 방법을 알려주십시오.
BIMZ,고객센터 근무시간은 어떻게 되나요?,문의,고객 서비스 문의,"문의해 주셔서 감사합니다! 저는 고객 서비스 근무 시간에 관해 고객님이 필요로 하는 정보를 제공해 드리겠습니다. 당사의 전담 고객 서비스 팀은 월요일부터 금요일, 오전 9시부터 오후 6시까지 고객님께 도움을 드릴 수 있습니다. 추가 문의사항이 있거나 다른 도움이 필요한 경우 언제든지 알려주시기 바랍니다."
BILQ,고객님의 고객 지원 전화번호는 무엇입니까,문의,고객 서비스 문의,언제나 연결이 좋아요! 고객님이 당사의 고객 지원 전화번호를 알고 싶어한다는 사실을 잘 알고 있습니다. 보안 목적과 고객님의 개인 정보 보호를 위해 특정 전화번호를 제공할 수 없습니다. 그러나 [운영시간/기간] 동안 당사 웹사이트나 고객님의 계정 세부정보에 제공된 전화번호로 당사 고객 지원팀에 연락하실 수 있습니다. 그들은 기꺼이 고객님을 도와줄 것입니다. 제가 더 도와드릴 일이 있나요?
BIL,고객 서비스에 연락할 수 있는 무료 전화번호가 있나요?,문의,고객 서비스 문의,문의해 주셔서 감사합니다! 저희 고객 서비스 팀에 연락하기 위해 무료 전화번호가 필요하신 점을 충분히 이해합니다. 고객님의 편의를 위해 무료 전화번호를 제공하고 있습니다. 고객 지원 시간 동안 [고객센터전화번호]로 연락하실 수 있습니다. 고객님의 질문이나 우려 사항에 대해 당사의 지식이 풍부한 담당자가 기꺼이 도움을 드릴 것입니다. 제가 더 도와드릴 일이 있나요?
BL,고객지원팀에 언제 연락할 수 있는지 확인하려고 합니다.,문의,고객 서비스 문의,고객님의 의견은 소중합니다! 저희 고객 지원팀에 연락하기 위한 운영 시간을 확인하고 싶다는 연락을 받았습니다. [운영시간/기간] 동안 당사의 전담 지원팀이 고객님을 도와드릴 수 있습니다. 당사 서비스와 관련하여 추가 질문이나 우려 사항이 있는 경우 언제든지 알려주시기 바랍니다. 저는 도와주러 왔습니다!
BCILPZ,고객 지원팀에 전화해야 하는데 도움을 받을 수 있나요?,문의,고객 서비스 문의,저희는 고객님을 위해 여기 있습니다! 저희 고객지원팀에 전화하셔서 도움이 필요하신 것으로 알고 있습니다. 저희의 지식이 풍부하고 헌신적인 팀은 고객님께 필요한 도움을 제공할 수 있습니다. 원활한 연결을 위해 [운영시간/기간] 이용 가능 기간 동안 고객지원팀에 문의하시기 바랍니다. [고객센터전화번호]로 연락하실 수 있습니다. 추가 문의사항이나 문의 사항이 있으면 언제든지 문의해 주세요. 제가 또 어떻게 고객님께 도움을 드릴 수 있을까요?
BILQ,고객지원팀에 연락할 수 있는 시간은 어디서 확인하나요?,문의,고객 서비스 문의,"문의해 주셔서 감사합니다! 고객지원팀에 연락할 수 있는 시간을 확인하셔야 한다는 점을 이해합니다. 운영 시간을 확인하려면 당사 웹사이트 [웹사이트/메뉴]를 방문하여 ""연락처"" 또는 ""고객 지원"" 페이지로 이동하세요. 여기에서 고객 지원 가용성에 관한 모든 관련 정보를 찾을 수 있습니다. 다른 질문이나 문의 사항이 있으면 언제든지 알려주시기 바랍니다. 저는 도와주러 왔습니다!"
BLZ,고객 지원 계약을 체결해야 합니다,문의,고객 서비스 문의,"고객님의 연락에 감사드립니다! 저희 고객지원팀에 문의하셔야 할 것 같습니다. 저희는 고객님이 가질 수 있는 질문이나 문의 사항에 대해 도움을 드리고 있습니다. 지정된 고객 지원 시간 동안 [운영시간/기간]로 고객 서비스 팀에 연락하실 수 있습니다. 전화, 이메일, 웹사이트 라이브 채팅 등 다양한 채널을 통해 연락하실 수 있습니다. 추가로 도움을 드릴 수 있는 방법이 있으면 언제든지 알려주시기 바랍니다."
BIL,고객센터에 전화할 수 있는 시간은 어떻게 확인하나요?,문의,고객 서비스 문의,고객님의 메시지는 많은 의미가 있습니다! 고객님이 당사 고객 서비스 팀에 연락할 수 있는 영업 시간을 알고 싶다는 생각에 저는 동의합니다. 구체적인 이용 가능 시간을 확인하려면 당사 웹사이트를 방문하거나 고객 지원 핫라인에 문의하는 것이 좋습니다. 저희 팀은 고객님께 필요한 정확한 최신 정보를 기꺼이 제공할 것입니다. 제가 도와드릴 다른 것이 있나요?
BIZ,고객 서비스를 차단할 수 있는 시간은 어떻게 확인하나요?,문의,고객 서비스 문의,무슨 말인지 알겠습니다! 고객 서비스에 문의할 수 있는 운영 시간을 알고 싶으신 것과 같은 페이지입니다. 고객 서비스 시간을 확인하려면 당사 웹사이트 [웹사이트/메뉴]를 방문하거나 당사 웹사이트의 연락처 정보 섹션을 찾아보세요. 여기에서 당사 고객 서비스 팀이 고객님께 도움을 드릴 수 있는 특정 시간을 확인하실 수 있습니다. 추가 질문이 있거나 추가 지원이 필요한 경우 언제든지 문의해 주세요.
BLQ,고객 지원이 가능한 시간이 몇시인지 확인해야 해요,문의,고객 서비스 문의,저희는 고객님의 봉사 활동을 소중히 여깁니다! 고객 지원팀에 문의할 수 있는 운영 시간을 알고 싶다는 사실에 동의합니다. 당사의 전담 지원팀은 다음 시간 동안 고객님을 도와드릴 수 있습니다: [운영시간/기간]. 다른 질문이나 문의 사항이 있으면 언제든지 알려주시기 바랍니다. 저는 도와주러 왔습니다!
BLQZ,고객 지원에 몇 시까지 연락할 수 있는지 확인하는 데 도움,문의,고객 서비스 문의,무슨 말인지 알겠습니다! 저희 고객 지원팀에 연락하실 수 있을 때 운영 시간을 확인하는 데 도움이 필요하신 것 같습니다. 고객 지원 시간은 [운영시간/기간]입니다. 이 기간 동안 당사에 연락하여 문의 사항이나 우려 사항을 해결할 수 있습니다. 추가 지원이 필요하거나 다른 궁금한 점이 있으면 언제든지 문의해 주세요.
B,고객 서비스 이용 가능 시간을 확인하는 데 도움이 됩니다.,문의,고객 서비스 문의,고객님의 의견은 소중합니다! 고객 서비스 이용 가능 여부를 확인하고 싶다는 연락을 받았습니다. 당사의 전담 고객 서비스 팀은 [운영시간/기간] 동안 도움을 드릴 수 있습니다. 이 시간 동안 저희에게 연락하시면 궁금한 점이나 문의 사항을 해결하실 수 있습니다. 추가 도움이 필요하시면 주저하지 말고 문의해 주세요. 오늘은 또 어떤 도움을 드릴까요?
BELZ,고객 지원에 전화하려면 어떻게 해야 할지 모르겠습니다.,문의,고객 서비스 문의,고객 지원팀에 연락하는 방법에 대해 확신이 없으신 것으로 알고 있습니다. 걱정하지 마세요. 제가 이 과정을 안내해 드리겠습니다. 고객 지원에 전화하려면 고객 지원 시간 동안 [고객센터전화번호]로 헬프라인에 전화하세요. 저희의 전담 지원팀은 고객님이 가질 수 있는 모든 문의사항이나 우려 사항에 대해 도움을 드릴 준비가 되어 있습니다. 라이브 채팅이나 이메일 등 다른 옵션을 선호하시는 경우 알려주시면 필요한 정보를 제공해 드리겠습니다. 제가 또 어떻게 고객님께 도움을 드릴 수 있을까요?
BL,고객지원팀에 연락할 수 있도록 도와주세요,문의,고객 서비스 문의,고객님의 메시지는 많은 의미가 있습니다! 저는 고객님이 당사 고객 지원팀에 문의하기 위해 도움을 구하고 있다는 생각에 동의합니다. 저는 도와주러 왔습니다! 고객 지원에 문의하려면 [운영시간/기간]([고객센터전화번호]) 또는 당사 웹사이트([웹사이트/메뉴])의 라이브 채팅을 통해 연락하실 수 있습니다. 저희의 전담 지원팀은 고객님이 가질 수 있는 모든 질문이나 우려 사항에 대해 도움을 드릴 준비가 되어 있습니다. 오늘은 또 어떤 도움을 드릴까요?
BL,고객 서비스에 언제 연락할 수 있는지 확인하도록 도와주세요,문의,고객 서비스 문의,연락해주셔서 감사합니다! 저희 고객 서비스 팀의 운영 시간을 알고 싶어하시는 것 같습니다. [운영시간/기간] 동안 당사의 전담 지원 담당자가 고객님을 도와드릴 수 있습니다. 이 기간 동안 언제든지 연락해 주시면 궁금한 점이나 우려 사항이 있는 경우 기꺼이 도와드리겠습니다. 제가 도와드릴 다른 것이 있나요?
BIL,고객 지원에 연락하는 방법은 무엇입니까?,문의,고객 서비스 문의,우리가 도와드리겠습니다! 당사 고객 지원팀에 연락하는 방법을 알고 싶습니다. 고객님의 편의를 위해 다양한 채널을 제공하고 있습니다. 고객 서비스 전화번호 [고객센터전화번호]를 통해 문의하시거나 당사 웹사이트 [웹사이트/메뉴]에서 라이브 채팅 지원을 받으실 수 있습니다. 또한 [이메일주소]로 이메일을 보내실 수도 있습니다. 자신에게 가장 적합한 채널을 자유롭게 선택하세요. 오늘은 또 어떤 도움을 드릴까요?
BL,고객지원팀에 연락할 수 있는 시간을 확인하는 데 도움을 주세요,문의,고객 서비스 문의,고객님의 의견을 들으니 반갑습니다! 고객 지원에 연락할 수 있는 영업 시간을 알고 싶으시네요. 당사의 전담 고객 지원팀은 [운영시간/기간]를 통해 고객님을 도와드릴 수 있습니다. 문의사항이나 우려 사항이 있는 경우 해당 기간 동안 언제든지 저희에게 연락해 주시기 바랍니다. 저희는 고객님의 경험을 가능한 한 원활하게 할 수 있도록 돕기 위해 왔습니다. 제가 도와드릴 다른 것이 있나요?
BLW,빌어먹을 고객지원팀에 전화하는 방법을 모르겠어요,문의,고객 서비스 문의,저희는 모두 귀를 기울입니다! 고객님이 당사 고객 지원팀에 문의하는 데 어려움을 겪고 계시다는 생각이 들었습니다. 저는 고객님을 돕기 위해 여기 있습니다. 고객 지원팀에 전화하려면 운영 시간 동안 [고객센터전화번호]로 전용 헬프라인에 전화하세요. 추가 지원이 필요하거나 다른 질문이 있으면 언제든지 알려주시기 바랍니다.
BL,배송 주소를 설정하는 중에 오류가 발생했습니다.,배송지,배송지 설정,배송지 주소 설정에 어려움을 겪고 계신다니 안타깝습니다. 이 문제가 얼마나 실망스러울 수 있는지 이해합니다. 하지만 안심하세요. 문제를 해결하도록 도와드리겠습니다. 발생한 오류에 대해 더 자세히 알려주실 수 있나요? 이렇게 하면 문제를 더 잘 이해하고 가장 정확한 지원을 제공할 수 있습니다. 저희는 함께 이 문제를 해결하고 배송 주소를 원활하게 설정할 수 있도록 하겠습니다.
BLZ,새 배송 주소를 확인하는 데 도움이 필요합니다.,배송지,배송지 설정,"고객님께서 새 배송 주소를 설정하는 데 도움을 요청하신 것으로 알고 있습니다. 저는 고객님께 절차를 안내하고 필요한 지원을 제공해 드리겠습니다. 새 배송 주소를 설정하려면 다음 단계를 따르세요. 1. 고객님의 계정에 로그인하십시오. 2. '내 계정' 또는 '프로필' 섹션으로 이동하세요. 3. '배송 주소' 또는 이와 유사한 섹션을 찾으십시오. 4. '새 주소 추가' 또는 '배송 주소 편집' 옵션이 있어야 합니다. 선택하세요. 5. 제공된 필드에 새 배송 주소의 세부 정보를 입력합니다. 6. 변경 사항을 저장합니다. 어려움이 있거나 절차가 다르게 나타저는 경우, 도움이 필요한 부분에 대한 구체적인 세부정보를 제공해 주시면 기꺼이 도와드리겠습니다."
BL,배송지 입력에 문제가 있어요,배송지,배송지 설정,"배송 주소를 입력하려고 할 때 직면하게 되는 좌절감을 확실히 알고 있습니다. 이 문제를 해결하기 위해 함께 노력합시다. 시도해 볼 수 있는 방법은 다음과 같습니다. 1. 배송 주소를 입력할 수 있는 올바른 페이지나 섹션에 있는지 다시 확인하세요. 이는 고객님의 계정 설정, 기본 설정 또는 주문 정보 아래에 있을 수 있습니다. 2. 거리 주소, 도시, 주, 우편번호, 아파트 호수나 호실 호수 등의 추가 세부정보 등 필수 필드에 올바른 정보를 입력했는지 확인하세요. 3. 대문자, 약어, 특정 문자 등 페이지에 언급된 특정 형식 지정 지침을 따르고 있는지 확인하세요. 4. 주소를 복사하여 붙여넣는 경우 형식 문제를 배제하기 위해 정보를 수동으로 입력해 보세요. 5. 브라우저 캐시와 쿠키를 지운 다음 브라우저를 다시 시작하여 일시적인 결함을 제거하세요. 6. 여전히 문제가 발생하는 경우 당사 기술 지원 팀이 이 문제를 해결하는 데 추가 도움을 드릴 수 있도록 현재 겪고 있는 특정 오류 메시지나 문제에 대한 자세한 내용을 제공해 주시기 바랍니다. 저는 이 과정 전반에 걸쳐 고객님을 지원해 드릴 것입니다. 추가 질문이나 우려 사항이 있는 경우 주저하지 말고 문의해 주세요. 고객님의 배송 주소가 성공적으로 입력되었는지 함께 확인하겠습니다."
BL,배송 주소 설정에 도움이 필요합니다,배송지,배송지 설정,"배송 주소 설정과 관련하여 도움을 요청하신 것으로 확인되었습니다. 저는 고객님께 절차를 안내하고 원활한 경험을 보장하기 위해 왔습니다. 배송 주소를 설정하려면 다음 단계를 따르세요. 1. 고객님의 계정에 로그인하십시오. 2. '내 계정' 또는 '프로필' 섹션으로 이동하세요. 3. '배송 주소' 또는 이와 유사한 옵션을 찾으십시오. 4. '새 주소 추가' 또는 '배송 주소 수정'을 선택하세요. 5. 제공된 필드에 새 배송 주소의 세부 정보를 입력하세요. 6. 정보의 정확성을 다시 확인하고 변경 사항을 저장합니다. 문제가 발생하거나 플랫폼에 따라 절차가 다른 경우, 문제가 발생한 부분에 대한 자세한 내용을 제공해 주시면 추가 지원을 제공해 드리겠습니다. 이 문제에 대해 고객님을 지원하는 데 있어 고객 만족이 최우선입니다."
BL,보조 배송 주소를 제출하는 데 문제가 있습니다,배송지,배송지 설정,보조 배송 주소 제출 문제로 불편을 끼쳐드려 죄송합니다. 이 문제를 해결하기 위해 함께 노력합시다. 시도해 볼 수 있는 몇 가지 단계는 다음과 같습니다. 1. 보조 배송 주소에 입력한 정보가 정확한지 다시 확인하세요. 모든 필수 필드를 올바르게 입력했는지 확인하세요. 2. 주소 필드에 특수 문자나 유효하지 않은 기호가 없는지 확인하십시오. 3. 주소를 복사하여 붙여넣는 경우 형식 문제를 제거하려면 수동으로 입력해 보세요. 4. 브라우저의 캐시와 쿠키를 지운 다음 주소를 다시 제출해 보세요. 5. 문제가 지속되면 다른 웹 브라우저나 장치를 사용하여 주소를 제출해 보십시오. 6. 추가 지원이 필요하면 고객 지원팀에 문의하세요. 문제를 해결하고 보조 배송 주소가 성공적으로 제출되었는지 확인하는 데 도움이 될 수 있습니다. 추가 도움이 필요하거나 제가 도와드릴 수 있는 다른 사항이 있으면 알려주시기 바랍니다.
BCL,배송지 주소를 입력해야 하는데 도움이 필요해요,배송지,배송지 설정,"배송 주소를 정확하게 입력하는 것이 중요하다는 점을 이해하고 있으며 도움을 드리고자 왔습니다. 원활한 절차를 보장하려면 다음 단계를 따라 주세요. 1. 고객님의 계정에 로그인하십시오. 2. '내 계정' 또는 '프로필' 섹션으로 이동하세요. 3. '배송 주소' 또는 이와 유사한 옵션을 찾으십시오. 4. '새 주소 추가' 또는 '배송 주소 편집' 옵션을 선택하세요. 5. 지정된 필드에 거리명, 건물 번호, 도시, 우편번호 등 배송 주소에 필요한 세부 정보를 주의 깊게 입력하세요. 6. 변경 사항을 저장하기 전에 입력한 정보가 정확한지 다시 한번 확인하세요. 배송 주소를 입력하는 데 어려움이 있거나 구체적인 질문이 있는 경우 언제든지 자세한 내용을 제공해 주시면 추가 지원을 해 드리겠습니다. 고객 만족은 나의 최우선 사항입니다."
BIL,새 배송 주소를 입력하려면 어떻게 해야 하나요?,배송지,배송지 설정,"물론이죠! 새 배송 주소를 입력하는 방법에 대한 안내를 찾고 계신 것으로 알고 있습니다. 이를 수행하려면 아래 단계를 따라 주세요. 1. 당사 웹사이트에서 고객님의 계정에 로그인하십시오. 2. 계정 설정 또는 프로필 섹션으로 이동합니다. 3. 배송 주소 탭이나 유사한 옵션을 찾으십시오. 4. ""새 주소 추가"" 또는 ""배송 주소 편집""을 클릭하세요. 5. 거리, 도시, 주, 우편번호 등 새 배송 주소 세부정보로 필수 필드를 입력합니다. 6. 입력된 정보가 정확한지 다시 한번 확인하세요. 7. 변경 사항을 저장합니다. 문제가 발생하거나 절차가 다르게 나타저는 경우, 직면한 특정 문제에 대한 자세한 내용을 제공해 주시면 기꺼이 도와드리겠습니다."
BLW,빌어먹을 보조 배송 주소 제출을 도와주세요,배송지,배송지 설정,고객님의 요청에 부적절한 언어가 사용된 점 사과드립니다. 보조 배송 주소 설정을 도와드리겠습니다. 그렇게 하려면 다음 단계를 따라 주세요. 1. 고객님의 계정에 로그인하십시오. 2. '내 계정' 또는 '프로필' 섹션으로 이동하세요. 3. '배송 주소' 또는 이와 유사한 옵션을 찾으십시오. 4. '새 주소 추가' 또는 '배송 주소 편집' 옵션을 선택하세요. 5. 제공된 필드에 보조 배송 주소의 세부정보를 입력하세요. 6. 변경 사항을 저장합니다. 진행 중에 어려움이 있거나 추가 지원이 필요한 경우 자세한 내용을 알려주시면 기꺼이 도와드리겠습니다.
BELQ,유효한 보조 배송 주소를 입력할 수 없습니다,배송지,배송지 설정,보조 배송 주소 입력 문제로 불편을 끼쳐드려 죄송합니다. 저는 고객님이 유효한 주소를 등록하는 것이 얼마나 중요한지 잘 알고 있습니다. 추가 지원을 위해 현재 발생한 문제에 대한 자세한 내용을 제공해 주시겠습니까? 오류 메시지가 표시되거나 시스템이 입력한 주소를 인식하지 못합니까? 구체적인 문제를 이해함으로써 해결 방법을 더 잘 안내하고 주소가 올바르게 입력되었는지 확인할 수 있습니다.
BLQ,배송 주소를 설정하는 데 도움이 필요해요,배송지,배송지 설정,"배송 주소 설정에 도움이 필요하신 것으로 확인되었습니다. 걱정하지 마세요. 제가 이 과정을 안내해 드리겠습니다. 새로운 배송 주소를 설정하려면 다음 단계를 따르세요. 1. 당사 웹사이트에서 고객님의 계정에 로그인하십시오. 2. ""내 계정"" 또는 ""프로필"" 섹션으로 이동합니다. 3. ""배송 주소"" 또는 유사한 옵션을 찾으십시오. 4. ""새 주소 추가"" 또는 ""배송 주소 편집""을 클릭하세요. 5. 거리, 도시, 주, 우편번호 등 새 배송 주소에 대한 세부정보를 입력하세요. 6. 변경 사항을 저장합니다. 이 과정에서 문제가 발생하거나 추가 지원이 필요한 경우 알려주시기 바랍니다. 궁금한 점이나 문의 사항이 있으면 최선을 다해 도와드리겠습니다."
BLQZ,보조 배송 주소를 입력하는 데 도움이 필요합니다,배송지,배송지 설정,보조 배송 주소를 입력하는 데 도움을 요청하신다는 생각에 공감합니다. 저는 고객님께 그 과정을 안내하고 고객님의 목표 달성을 돕기 위해 왔습니다. 단계는 다음과 같습니다. 1. 로그인하여 계정에 액세스하세요. 2. '내 계정' 또는 '프로필' 섹션으로 이동하세요. 3. '배송 주소' 또는 이와 유사한 옵션을 찾으십시오. 4. '새 주소 추가' 또는 '배송 주소 편집' 옵션을 선택하세요. 5. 해당 필드에 보조 배송 주소의 세부정보를 입력하세요. 6. 정보의 정확성을 다시 한번 확인하세요. 7. 변경 사항을 저장합니다. 문제가 발생하거나 구체적인 문의사항이 있는 경우 언제든지 알려주시면 최선을 다해 도와드리겠습니다.
BLWZ,빌어먹을 배송 주소를 설정하려고 해,배송지,배송지 설정,"배송 주소를 설정하는 동안 겪으실 수 있는 좌절이나 불편에 대해 사과드립니다. 이 과정이 때때로 어려울 수 있다는 점을 이해하지만 이 문제를 해결하는 데 도움을 드리고자 합니다. 원활한 설정을 위해 다음 단계를 주의 깊게 따라 주세요. 1. 고객님의 계정에 로그인하십시오. 2. '내 계정' 또는 '프로필' 섹션으로 이동합니다. 3. '배송 주소' 또는 이와 유사한 옵션을 찾으십시오. 4. '새 주소 추가' 또는 '배송 주소 수정' 버튼이나 링크가 있어야 합니다. 그것을 클릭하세요. 5. 수취인 이름, 주소, 연락처 정보 및 기타 필수 필드 등 필요한 세부 정보를 입력합니다. 6. 입력된 모든 정보가 정확한지 다시 한번 확인하세요. 7. 변경 사항을 저장하고 새 배송 주소가 계정에 올바르게 표시되는지 확인하십시오. 절차 중에 계속해서 문제가 발생하거나 오류 메시지가 표시되는 경우 발생한 문제에 대한 구체적인 세부정보를 제공해 주세요. 이는 보다 구체적인 솔루션을 제공하고 문제를 신속하게 해결하는 데 도움이 될 것입니다."
BLM,배송 주소 설정 중 오류가 발생했습니다.,배송지,배송지 설정,배송지 설정 과정에서 불편을 드려 죄송합니다. 저는 이것이 얼마나 실망스러울 수 있는지 이해합니다. 더 나은 지원을 위해 발생한 오류에 대한 구체적인 세부정보를 제공해 주시겠습니까? 이렇게 하면 문제를 파악하고 가장 정확한 해결 방법을 제공하는 데 도움이 됩니다. 이 문제를 신속하게 해결하기 위해 함께 노력해 주셔서 감사합니다.
BL,유효한 보조 배송 주소를 입력할 수 없는 이유,배송지,배송지 설정,보조 배송 주소 입력 문제로 불편을 끼쳐드려 죄송합니다. 함께 이 문제를 해결해 봅시다. 문제를 더 잘 이해할 수 있도록 오류 메시지나 주소를 입력하는 동안 발생하는 특정 문제에 대한 자세한 내용을 제공해 주실 수 있습니까? 이 정보는 고객님께 보다 정확한 지침과 솔루션을 제공하는 데 도움이 됩니다. 안심해 주세요. 저는 모든 단계에서 고객님을 도와드릴 것입니다.
BLZ,보조 배송 주소를 어떻게 제출해야 할지 모르겠습니다.,배송지,배송지 설정,"보조 배송 주소를 제출하는 방법에 대해 잘 모르시겠다는 점을 이해했습니다. 절차를 안내해 드리겠습니다. 1. 당사 웹사이트에서 고객님의 계정에 로그인하십시오. 2. 계정 설정에서 ""배송 주소"" 섹션으로 이동하세요. 3. ""새 주소 추가"" 또는 ""배송 주소 편집"" 옵션을 찾으세요. 4. 필수 입력란에 보조 배송 주소 세부정보를 입력하세요. 5. 입력한 정보가 정확한지 다시 한번 확인하세요. 6. 변경 사항을 저장합니다. 문제가 발생하거나 추가 질문이 있는 경우 언제든지 문의해 주세요. 저는 고객님께 필요한 도움을 제공하기 위해 여기 있습니다."
BQ,새 배송 주소를 설정하는 데 도움이 필요해요,배송지,배송지 설정,"새 배송 주소를 설정하는 데 도움이 필요하신 것으로 확인됩니다. 저는 고객님께 그 과정을 안내하기 위해 왔습니다. 이 일을 완료하기 위해 함께 노력합시다: 1. 계정에 로그인하여 시작하세요. 2. '배송 주소' 또는 '내 계정' 섹션으로 이동합니다. 3. '새 주소 추가' 또는 '배송 주소 편집' 옵션을 찾으세요. 4. 해당 옵션을 클릭하세요. 5. 수취인 이름, 주소, 연락처 정보 등 새 배송 주소에 필요한 세부 정보를 입력하세요. 6. 배송 문제가 발생하지 않도록 입력한 정보의 정확성을 다시 한번 확인하세요. 7. 변경 사항을 저장하거나 적용합니다. 이 과정에서 어려움을 겪거나 추가 문의사항이 있으면 언제든지 알려주시기 바랍니다. 저는 고객님의 새 배송 주소가 원활하고 성공적으로 설정되도록 하기 위해 왔습니다."
BL,새 배송 주소를 설정하는 데 문제가 있습니다.,배송지,배송지 설정,"새 배송 주소를 설정할 때 문제가 발생하는 것으로 파악했으며, 이로 인해 불편을 끼쳐드려 죄송합니다. 이러한 문제를 해결하기 위해 저희는 함께 문제를 해결할 수 있습니다. 다음 단계를 따라 주세요. 1. 고객님의 계정에 로그인하십시오. 2. '배송' 또는 '배송' 섹션으로 이동합니다. 3. '새 주소 추가' 또는 '주소 수정' 옵션을 찾으세요. 4. 해당 필드에 거리 이름, 도시, 주, 우편번호 등 새 배송 주소의 세부 정보를 입력합니다. 5. 입력된 정보가 정확한지 다시 한번 확인하세요. 6. 변경 사항을 저장합니다. 이 단계를 수행한 후에도 문제가 계속 발생하거나 특정 오류 메시지가 표시되는 경우 알려주시면 추가 지원을 제공해 드리겠습니다. 고객 만족이 저희의 최우선 과제이며 고객님의 새 배송 주소 설정을 위한 원활한 절차를 보장하기 위해 왔습니다."
BL,보조 배송 주소를 제출하려고 합니다.,배송지,배송지 설정,"보조 배송 주소 제출에 대해 문의해 주셔서 감사합니다. 저는 이 단계를 성공적으로 완료하는 것이 얼마나 중요한지 잘 알고 있습니다. 이 문제를 해결하는 데 도움을 드리겠습니다. 보조 배송 주소를 제출하려면 다음의 간단한 단계를 따르세요. 1. 당사 웹사이트에서 고객님의 계정에 로그인하십시오. 2. 계정 설정 또는 프로필로 이동합니다. 3. ""배송 주소"" 또는 이와 유사한 섹션을 찾으십시오. 4. ""새 주소 추가"" 또는 ""주소 편집"" 옵션을 클릭하십시오. 5. 2차 배송 주소를 정확하고 완전하게 입력하세요. 6. 모든 정보가 정확한지 다시 확인하세요. 7. 모든 내용이 정확하다고 확신하면 ""제출"" 또는 ""저장"" 버튼을 클릭하여 절차를 완료하세요. 어려움이 있거나 절차가 설명된 내용과 다르게 나타저는 경우 문제가 발생한 부분에 대한 구체적인 세부정보를 제공해 주시면 기꺼이 추가 지원을 제공해 드리겠습니다. 저희는 모든 단계에서 고객님을 지원하기 위해 여기 있다는 것을 기억하십시오."
BIL,보조 배송 주소를 어떻게 제출하나요?,배송지,배송지 설정,"보조 배송 주소를 제출하는 방법에 대한 지침을 찾고 계시다는 것을 확인했습니다. 다음 단계를 도와드리겠습니다. 1. 고객님의 계정에 로그인하여 시작하십시오. 2. '내 계정' 또는 '프로필' 섹션으로 이동하세요. 3. '배송 주소' 또는 이와 유사한 옵션을 찾으십시오. 4. 배송 주소 섹션 내에서 '새 주소 추가' 또는 '배송 주소 편집' 버튼이나 링크를 찾을 수 있습니다. 선택하세요. 5. 제공된 필드에 보조 배송 주소에 필요한 세부 정보를 입력합니다. 6. 정보가 정확한지 검토하는 것을 잊지 마세요. 7. 변경 사항을 저장합니다. 절차 중에 문제가 발생하거나 계정에서 단계가 다르게 나타저는 경우, 문제가 발생한 부분에 대해 보다 구체적인 세부정보를 제공해 주시면 기꺼이 도와드리겠습니다."
BL,다른 배송 주소를 입력하는 방법 좀 도와주세요,배송지,배송지 설정,"다른 배송 주소를 입력하는 데 도움이 필요하다는 점을 충분히 이해합니다. 이 문제를 해결하기 위해 함께 노력합시다. 단계별 절차는 다음과 같습니다. 1. 고객님의 계정에 로그인하여 시작하십시오. 2. 계정 설정을 관리할 수 있는 ""내 계정"" 또는 ""프로필"" 섹션으로 이동하세요. 3. 해당 섹션에서 ""배송 주소"" 또는 이와 유사한 옵션을 찾으십시오. 4. ""새 주소 추가"" 또는 ""배송 주소 편집"" 옵션이 표시됩니다. 이 옵션을 선택하세요. 5. 제공된 필드에 새 배송 주소의 세부 정보를 입력하세요. 6. 입력한 정보가 정확한지 다시 한번 확인하세요. 7. 배송 주소를 업데이트하려면 변경 사항을 저장하세요. 문제가 발생하거나 계정에 따라 절차가 다를 경우 직면한 문제에 대해 보다 구체적인 세부정보를 제공해 주시기 바랍니다. 저는 모든 단계에서 고객님을 지원하고 원활한 경험을 보장하기 위해 여기 있습니다."
BL,보조 배송 주소 설정에 도움이 필요합니다,배송지,배송지 설정,"과연! 보조 배송 주소 설정과 관련하여 도움을 요청하신 것으로 알고 있습니다. 고객 만족이 저희의 최우선 과제이며, 제가 그 과정을 안내해 드리겠습니다. 보조 배송 주소를 설정하려면 다음 단계를 따르세요. 1. 당사 웹사이트에서 고객님의 계정에 로그인하십시오. 2. '내 계정' 또는 '프로필' 섹션으로 이동하세요. 3. '배송 주소' 또는 이와 유사한 옵션을 찾으십시오. 4. '새 주소 추가' 또는 유사한 버튼을 클릭하십시오. 5. 거리, 시, 주, 우편번호를 포함한 보조 배송 주소의 세부정보를 입력하세요. 6. 입력된 정보를 검토하여 정확성과 완전성을 보장합니다. 7. 변경 사항을 저장하여 보조 배송 주소 설정을 완료하세요. 문제가 발생하거나 추가 문의사항이 있으면 언제든지 알려주시기 바랍니다. 저는 고객님께 필요할 수 있는 추가 지침이나 지원을 제공해 드리겠습니다."
B,다른 배송 주소를 설정하는 데 도움이 필요합니다.,배송지,배송지 설정,"다른 배송 주소를 설정하는 데 도움이 필요하신 것 같습니다. 저는 고객님께 그 과정을 안내하기 위해 왔습니다. 다음 단계를 따라 주세요. 1. 고객님의 계정에 로그인하십시오. 2. '내 계정' 또는 '프로필' 섹션으로 이동합니다. 3. 배송 주소를 관리하는 옵션을 찾으세요. 4. 새 주소를 추가하는 옵션을 선택하세요. 5. 거리, 시, 주, 우편번호 등 새 배송 주소와 관련된 모든 세부정보를 입력하세요. 6. 입력한 정보가 정확한지 다시 한번 확인하세요. 7. 새 배송 주소를 설정하려면 변경 사항을 저장하세요. 문제가 발생하거나 추가 지원이 필요한 경우 언제든지 알려주시기 바랍니다. 고객 만족이 저희의 최우선 사항입니다."
BL,새 배송 주소를 설정해야 해요,배송지,배송지 설정,"저는 그것을하고있다! 새 배송 주소를 설정하는 데 도움이 필요하다는 점을 이해합니다. 패키지를 정확하고 안전하게 배송하려면 새 주소를 설정하는 것이 중요합니다. 다음은 도움이 되는 단계별 가이드입니다. 1. 당사 웹사이트에서 고객님의 계정에 로그인하십시오. 2. 계정 설정 또는 프로필 페이지로 이동합니다. 3. ""배송 주소"" 또는 ""배송 주소""라고 표시된 섹션이나 탭을 찾으십시오. 4. ""새 주소 추가"" 또는 유사한 옵션을 클릭하십시오. 5. 거리 이름, 집 번호, 도시, 주, 우편번호 등 새 배송 주소의 세부정보를 필수 필드에 입력하세요. 6. 입력한 정보가 정확한지 다시 한번 확인하세요. 7. 변경 사항을 저장하거나 주소를 업데이트하세요. 이 과정에서 문제가 발생하거나 제가 제공한 단계가 계정 인터페이스와 일치하지 않는 경우 문제가 있는 부분에 대한 보다 구체적인 세부정보를 제공해 주시기 바랍니다. 추가로 도움을 드리고 새 배송 주소가 성공적으로 설정될 수 있도록 도와드리겠습니다."
BL,보조 배송 주소를 설정하는 데 도움이 필요합니다,배송지,배송지 설정,"저는 원활한 배송 과정을 보장하기 위해 보조 배송 주소 설정의 중요성을 완전히 이해합니다. 이 여정을 함께 탐색해 봅시다. 단계별 가이드는 다음과 같습니다. 1. 당사 웹사이트에서 고객님의 계정에 로그인하십시오. 2. 로그인한 후 '내 계정' 또는 '프로필' 섹션을 찾으세요. 3. 계정 또는 프로필 섹션에서 ""배송 주소"" 또는 유사한 옵션을 찾으십시오. 4. ""새 주소 추가"" 또는 ""배송 주소 편집""을 클릭하세요. 5. 수취인 이름, 거리 주소, 도시, 주, 우편번호, 전화번호 등 보조 배송 주소 세부정보를 필수 필드에 입력합니다. 6. 입력된 정보가 정확한지 다시 한번 확인하세요. 7. 변경 사항을 저장합니다. 이 과정에서 어려움을 겪거나 추가 문의사항이 있으면 언제든지 알려주시기 바랍니다. 저희는 원활한 배송 경험을 보장하는 데 필요한 지원을 제공해 드리겠습니다."
BL,배송 주소를 제출하는 데 도움이 필요합니다,배송지,배송지 설정,"배송 주소 제출에 도움이 필요하다는 점을 이해했습니다. 저희의 목표는 원활하고 번거롭지 않은 절차를 보장하는 것입니다. 따라야 할 단계는 다음과 같습니다. 1. 당사 웹사이트에서 고객님의 계정에 로그인하십시오. 2. ""내 계정"" 또는 ""프로필"" 섹션으로 이동합니다. 3. ""배송 주소"" 또는 유사한 옵션을 찾으십시오. 4. ""새 주소 추가"" 또는 ""배송 주소 편집""을 클릭하세요. 5. 거리, 도시, 주, 우편번호 등 배송 주소 세부정보를 필수 입력란에 입력하세요. 6. 제공한 정보가 정확한지 다시 확인하세요. 7. 변경 사항을 저장합니다. 절차 중에 문제가 발생하거나 특정 질문이 있는 경우 주저하지 말고 알려주시기 바랍니다. 저희는 모든 단계를 안내하고 고객님이 가질 수 있는 우려 사항을 해결하기 위해 여기 있습니다. 고객 만족이 저희의 최우선 사항입니다."
BIL,보조 배송 주소는 어디에 입력하나요?,배송지,배송지 설정,"보조 배송 주소를 입력할 위치에 대한 안내를 찾고 계신 것으로 알고 있습니다. 보조 배송 주소를 설정하려면 다음 단계를 따르세요. 1. 당사 웹사이트에서 고객님의 계정에 로그인하십시오. 2. 계정 설정 또는 프로필 섹션으로 이동합니다. 3. ""배송 주소"" 또는 유사한 옵션을 찾으십시오. 4. ""새 주소 추가"" 또는 ""배송 주소 편집"" 옵션을 선택하십시오. 5. 지정된 필드에 보조 배송 주소의 세부 정보를 입력합니다. 6. 변경 사항을 저장합니다. 계정에 문제가 발생하거나 절차가 다르게 나타저는 경우, 발생한 특정 문제에 대한 추가 정보를 제공해 주시면 기꺼이 도와드리겠습니다."
BCILP,새 배송 주소를 제출해야 하는데 도와주실 수 있나요?,배송지,배송지 설정,"기꺼이 도와드리겠습니다! 새 배송 주소를 제출하는 데 도움을 드리고자 왔습니다. 이 절차가 원활하고 성공적으로 이루어질 수 있도록 함께 노력합시다. 새 배송 주소를 제출하려면 다음 단계를 따르세요. 1. 고객님의 계정에 로그인하십시오. 2. '내 계정' 또는 '설정' 섹션으로 이동하세요. 3. '배송 주소' 또는 이와 유사한 옵션을 찾으십시오. 4. '새 주소 추가' 또는 '주소 수정' 버튼을 선택하세요. 5. 업데이트된 배송 주소 세부정보로 필수 필드를 입력하세요. 6. 모든 정보가 정확한지 다시 확인하세요. 7. '제출' 또는 '저장' 버튼을 클릭하여 변경사항을 완료하세요. 이 과정에서 오류 메시지가 표시되거나 문제가 발생하면 구체적인 오류 메시지를 제공하거나 문제를 자세히 설명해 주세요. 그렇게 하면 고객님이 직면할 수 있는 모든 문제를 해결하기 위한 맞춤형 지원을 제공할 수 있습니다. 기억하세요, 저는 고객님의 모든 단계를 지원하기 위해 여기 있습니다!"
BILQ,다른 배송 주소는 어디에 입력하나요,배송지,배송지 설정,"아, 다른 배송지 주소를 입력하시려는 것으로 알고 있습니다. 절차를 안내해 드리겠습니다. 1. 당사 웹사이트에서 고객님의 계정에 로그인하십시오. 2. 일반적으로 페이지 오른쪽 상단에 있는 ""내 계정"" 또는 ""프로필"" 섹션으로 이동합니다. 3. ""배송 주소"" 또는 유사한 옵션을 찾으십시오. ""주소 관리"" 또는 ""배송 정보""로 표시될 수도 있습니다. 4. 저장된 주소에 액세스하려면 해당 옵션을 클릭하세요. 5. 다른 배송 주소를 입력하려면 기존 주소를 ""수정""하거나 ""새 주소 추가""를 선택할 수 있습니다. 6. 편집을 선택한 경우 업데이트하려는 주소를 찾아 ""편집"" 또는 ""수정"" 버튼을 클릭하십시오. 변경한 후 저장하세요. 7. 완전히 새로운 주소를 추가하려면 ""새 주소 추가"" 또는 이와 유사한 옵션을 클릭하십시오. 필요한 세부 정보를 입력하고 저장합니다. 배송 주소가 정확한지 확인하려면 입력한 모든 정보를 다시 확인하세요. 문제가 발생하거나 추가 질문이 있는 경우 주저하지 말고 문의해 주세요. 저희는 모든 단계에서 고객님을 지원하기 위해 여기 있습니다!"
BL,새로운 배송 주소 제출 지원,배송지,배송지 설정,새 배송 주소를 제출하는 데 도움이 필요하다는 점을 충분히 이해합니다. 저는 고객님께 그 과정을 안내하기 위해 왔습니다. 새 배송 주소를 제출하려면 다음 단계를 따르세요. 1. 고객님의 계정에 로그인하십시오. 2. '내 계정' 또는 '프로필' 섹션으로 이동하세요. 3. '배송 주소' 또는 이와 유사한 옵션을 찾으십시오. 4. '새 주소 추가' 또는 '배송 주소 편집' 옵션을 선택하십시오. 5. 새 배송 주소의 세부정보를 필수 입력란에 입력하세요. 6. 고객님이 제공한 정보의 정확성을 다시 한번 확인하십시오. 7. 세부정보를 확인한 후 변경 사항을 저장합니다. 새 배송 주소를 제출하는 동안 오류가 발생하거나 어려움을 겪는 경우 현재 겪고 있는 문제에 대한 보다 구체적인 정보를 제공해 주시기 바랍니다. 이렇게 하면 문제를 즉시 해결할 수 있도록 맞춤형 지원을 제공하는 데 도움이 됩니다.
BL,다른 배송 주소를 설정하는 중에 오류가 발생했습니다.,배송지,배송지 설정,"다른 배송 주소를 설정하는 동안 오류가 발생했다는 연락을 받았습니다. 이 문제를 해결하는 데 도움을 드리고자 합니다. 이 문제를 해결하려면 다음 단계를 시도해 보세요. 1. 새 배송 주소에 입력한 정보를 다시 확인하여 거리 이름, 호수, 도시, 우편번호 등 모든 세부정보가 정확한지 확인하세요. 2. 입력하는 주소 형식이 올바른지 확인하세요. 건물 번호, 아파트 번호 또는 기타 관련 세부 정보 등 배송에 필요한 모든 필수 정보를 포함했는지 확인하세요. 3. 브라우저 캐시와 쿠키를 삭제하고 주소 설정 페이지에 다시 접속해 보세요. 때로는 브라우저에 저장된 임시 데이터가 절차를 방해할 수 있습니다. 4. 모바일 앱을 사용하는 경우 앱을 최신 버전으로 업데이트했는지 확인하세요. 오래된 버전의 앱은 때때로 호환성 문제를 일으킬 수 있습니다. 5. 문제가 지속되면 다른 장치나 브라우저에서 주소 설정 페이지에 접속하여 장치별 문제인지 확인해보세요. 6. 위 단계를 수행해도 문제가 해결되지 않으면 고객 지원팀([고객센터전화번호])에 문의하거나 당사 웹사이트([웹사이트/메뉴])의 라이브 채팅을 통해 문의하세요. 이 문제를 해결하는 데 도움이 될 수 있는 추가 도구와 리소스에 액세스할 수 있습니다. 불편을 끼쳐드려 죄송하며, 양해해 주셔서 감사합니다. 고객님의 배송 주소가 올바르게 설정될 수 있도록 함께 노력하겠습니다."
BIL,보조 배송 주소는 어디에서 설정할 수 있나요?,배송지,배송지 설정,"보조 배송 주소를 설정하는 데 도움이 필요하신 것으로 확인됩니다. 안내해 드리겠습니다. 1. 계정에 로그인하여 시작하세요. 2. ""내 계정"" 또는 ""프로필"" 섹션으로 이동합니다. 3. ""배송 주소"" 또는 이와 유사한 옵션을 찾으십시오. 4. ""새 주소 추가"" 또는 ""배송 주소 편집"" 옵션을 선택합니다. 5. 제공된 필드에 보조 배송 주소의 세부정보를 입력하세요. 6. 정보의 정확성을 다시 한번 확인하세요. 7. 변경 사항을 저장합니다. 이 과정에서 어려움이 발생하거나 플랫폼에서 다르게 나타저는 경우 추가 지원을 드릴 수 있도록 자세한 내용을 알려주세요. 고객 만족이 최우선입니다."
BL,다른 배송 주소를 제출하는 데 도움이 필요합니다,배송지,배송지 설정,"다른 배송 주소를 제출하는 데 도움이 필요하다는 점을 인정합니다. 고객님의 요청은 우리에게 중요하며, 제가 그 과정을 안내해 드리겠습니다. 다른 배송 주소를 제출하려면 다음 단계를 따르세요. 1. 로그인 정보를 사용하여 계정에 로그인합니다. 2. '내 계정' 또는 '프로필' 섹션으로 이동하세요. 3. '배송 주소' 또는 유사한 옵션을 찾으십시오. 4. '새 주소 추가' 또는 '배송 주소 편집' 옵션을 찾으세요. 선택하세요. 5. 지정된 필드에 다른 배송 주소의 세부 정보를 입력합니다. 6. 고객님이 제공한 정보의 정확성을 다시 한번 확인하십시오. 7. 변경 사항을 저장합니다. 문제가 발생하거나 추가 질문이 있는 경우 언제든지 알려주시기 바랍니다. 저는 고객님의 다른 배송 주소에 대한 원활한 제출 절차를 보장하기 위해 왔습니다."
BLZ,배송 주소를 입력하는 데 문제가 있습니다.,배송지,배송지 설정,배송지 입력 문제로 불편을 끼쳐드려 죄송합니다. 이 문제를 해결하고 원활한 절차를 보장하기 위해 함께 노력하겠습니다. 배송 주소를 성공적으로 입력하기 위해 따라야 할 단계는 다음과 같습니다. 1. 고객님의 계정에 로그인하십시오. 2. '내 계정' 또는 '프로필' 섹션으로 이동하세요. 3. '배송 주소' 또는 이와 유사한 섹션을 찾으십시오. 4. '새 주소 추가' 또는 '배송 주소 편집' 옵션이 표시됩니다. 그것을 클릭하세요. 5. 필수 입력란에 배송지 주소를 정확하게 입력해주세요. 6. 변경 사항을 저장합니다. 이 단계를 수행하는 동안 특정 문제가 발생하거나 질문이 있는 경우 알려주시면 기꺼이 도와드리겠습니다. 고객 만족이 저희의 최우선 사항입니다.
BILPZ,다른 배송 주소를 입력하도록 도와주실 수 있나요?,배송지,배송지 설정,"물론이죠! 다른 배송 주소를 입력하는 데 도움을 드리고자 왔습니다. 시작하려면 다음 단계를 따르세요. 1. 당사 플랫폼에서 고객님의 계정에 로그인하십시오. 2. ""내 계정"" 또는 ""프로필"" 섹션으로 이동합니다. 3. ""배송 주소"" 또는 이와 유사한 옵션을 찾으십시오. 4. ""새 주소 추가"" 또는 ""배송 주소 편집"" 옵션을 선택하십시오. 5. 해당 필드에 새 배송 주소의 세부 정보를 입력합니다. 6. 제공된 정보의 정확성을 다시 한번 확인하세요. 7. 변경 사항을 저장합니다. 문제가 발생하거나 단계가 다르게 보이는 경우, 직면한 문제에 대해 보다 구체적인 세부정보를 제공해 주시면 기꺼이 추가 지원을 제공해 드리겠습니다."
BL,배송지 주소를 제출해야 해요,배송지,배송지 설정,"배송 주소를 제출해 주셔서 감사합니다. 절차를 안내해 드리겠습니다. 원활한 제출을 위해 다음 단계를 따르세요. 1. 당사 웹사이트에서 고객님의 계정에 로그인하십시오. 2. 계정 설정을 관리할 수 있는 ""내 계정"" 또는 ""프로필"" 섹션으로 이동하세요. 3. ""배송 주소"" 또는 유사한 옵션을 찾으십시오. 4. 계속 진행하려면 ""새 주소 추가"" 또는 ""배송 주소 편집""을 클릭하세요. 5. 이름, 주소, 연락처 정보 및 기타 필요한 세부 정보 등 필수 필드를 모두 입력합니다. 6. 성공적인 제출을 위해 입력된 정보가 정확한지 다시 한번 확인하세요. 7. 변경 사항을 저장하고 배송 주소가 올바르게 제출되었는지 확인하세요. 이 과정에서 문제가 발생하거나 추가 질문이 있는 경우 언제든지 문의해 주세요. 저희는 모든 단계에서 고객님을 돕기 위해 여기 있습니다."
BLQ,내 보조 배송 주소를 입력하는 데 도움이 필요합니다,배송지,배송지 설정,"보조 배송 주소를 입력하는 데 도움을 드릴 수 있습니다. 이 문제를 해결하기 위해 함께 노력합시다: 1. 로그인 정보를 사용하여 계정에 로그인합니다. 2. '내 계정' 또는 '프로필' 섹션으로 이동합니다. 3. '배송 주소' 또는 이와 유사한 옵션을 찾으십시오. 4. '새로 추가' 또는 '배송 주소 수정'을 클릭하세요. 5. 수취인의 이름, 주소, 도시, 주, 우편번호 및 연락처 정보를 포함하여 보조 배송 주소에 필요한 세부 정보를 입력합니다. 6. 입력된 모든 정보가 정확한지 다시 확인하세요. 7. 변경 사항을 저장합니다. 어떤 단계에서든 문제가 발생하거나 추가 안내가 필요한 경우 알려주시면 기꺼이 도와드리겠습니다."
BKL,다른 배송지 주소 설정,배송지,배송지 설정,다른 배송 주소를 설정하고 싶다는 점을 이해하며 이에 대해 도움을 드리고자 합니다. 계속하려면 다음 단계를 따르세요. 1. 고객님의 계정에 로그인하십시오. 2. '배송 주소' 또는 '주소' 섹션으로 이동합니다. 3. '새 주소 추가' 또는 '배송 주소 편집' 옵션을 찾으세요. 4. 새 배송 주소에 대한 세부 정보를 입력하고 올바른 정보를 입력했는지 확인하세요. 5. 변경 사항을 저장합니다. 어려움이 있거나 절차가 다르게 나타저는 경우 추가 지원을 제공할 수 있도록 자세한 내용을 제공해 주시기 바랍니다.
BLMQZ,보조 배송 주소를 설정하는 데 문제가 있습니다,배송지,배송지 설정,"2차 배송 주소 설정에 어려움을 겪고 계신 것으로 알고 있으며, 도와드리겠습니다. 원활한 배송 작업을 위해서는 이 문제를 신속하게 해결하는 것이 필수적입니다. 이 문제를 해결하려면 다음 단계를 따라 주세요. 1. 고객님의 계정에 로그인하십시오. 2. '내 계정' 또는 '프로필' 섹션으로 이동합니다. 3. '배송 주소' 또는 이와 유사한 옵션을 찾으십시오. 4. 배송 주소를 추가하거나 편집할 수 있는 섹션을 식별합니다. 5. 2차 배송지 주소에 필요한 사항을 정확하게 입력해주세요. 6. 변경 사항을 저장합니다. 절차 중에 장애물이 발생하거나 단계가 표시되는 내용과 일치하지 않는 경우 문제가 있는 부분에 대해 보다 구체적인 세부정보를 제공해 주세요. 이 정보를 통해 고객님께 맞춤형 지원을 제공하고 문제를 효과적으로 해결할 수 있습니다. 고객 만족이 저희의 최우선 사항이며, 저는 고객님께 모든 단계를 안내하기 위해 최선을 다하고 있습니다."
BCIL,새로운 배송지 주소를 입력해야 하는데 어떻게 해야 하나요?,배송지,배송지 설정,"저도 같은 생각입니다. 새 배송 주소를 입력해야 합니다. 제가 안내해드릴 간단한 과정은 다음과 같습니다. 1. 고객님의 계정에 로그인하십시오. 2. '내 계정' 또는 '프로필' 섹션으로 이동합니다. 3. '배송 주소' 섹션을 찾으세요. 4. '새 주소 추가' 옵션을 선택하세요. 5. 수취인의 이름, 거리 주소, 도시, 주, 우편번호 및 추가 주소 세부정보를 포함하여 필수 세부정보를 입력합니다. 6. 입력 내용이 정확한지 다시 한번 확인하세요. 7. '저장' 또는 '제출'을 클릭하여 새 배송 주소를 저장하세요. 이 과정에서 문제가 발생하거나 특정 질문이 있는 경우 알려주시기 바랍니다. 저는 모든 단계에서 고객님을 돕기 위해 여기 있을 것입니다!"
BLM,배송 주소를 입력하는 중에 오류가 발생했습니다,배송지,배송지 설정,"배송 주소를 입력할 때 오류가 발생했다는 소식을 듣고 안타깝게 생각합니다. 저는 이것이 얼마나 실망스러울 수 있는지 이해합니다. 이 문제를 해결하기 위해 함께 노력합시다. 시도해 볼 수 있는 방법은 다음과 같습니다. 1. 입력한 정보를 다시 확인하세요. 거리 이름, 도시, 주, 우편번호를 포함하여 모든 필수 세부정보를 정확하게 입력했는지 확인하세요. 철자 오류나 누락된 정보가 있는지 확인하세요. 2. 브라우저 캐시 지우기: 때로는 캐시나 쿠키가 양식 제출 절차를 방해할 수 있습니다. 브라우저 캐시를 지우면 이 문제를 해결하는 데 도움이 될 수 있습니다. 온라인에서 다양한 브라우저의 캐시를 지우는 방법에 대한 지침을 찾을 수 있습니다. 3. 다른 기기나 브라우저 사용: 여전히 오류가 발생하는 경우 다른 기기나 브라우저에서 웹사이트나 앱에 액세스해 보세요. 이는 문제가 현재 장치나 브라우저에만 해당되는지 확인하는 데 도움이 될 수 있습니다. 4. 고객 지원팀에 문의: 위의 해결 방법 중 어느 것도 효과가 없으면 고객 지원팀에 문의하는 것이 가장 좋습니다. 그들은 고객님이 직면할 수 있는 모든 기술적 문제를 해결할 수 있는 전문 지식을 갖추고 있습니다. [고객센터전화번호]로 연락하거나 당사 웹사이트 [웹사이트/메뉴]의 라이브 채팅을 통해 연락할 수 있습니다. 그들은 기꺼이 고객님을 도와드릴 것입니다. 저희는 가능한 최고의 고객 경험을 제공하기 위해 최선을 다하고 있으며, 이 문제를 해결하는 동안 양해해 주셔서 진심으로 감사드립니다."
BLM,다른 배송 주소를 입력하는 데 문제가 있습니다,배송지,배송지 설정,다른 배송 주소를 입력하려고 할 때 겪게 되는 불편함을 이해합니다. 안심하세요. 제가 이 과정을 도와드리겠습니다. 문제를 해결하려면 다음 단계를 따라 주세요. 1. 고객님의 계정에 로그인하십시오. 2. '내 계정' 또는 '프로필' 섹션으로 이동합니다. 3. '배송 주소' 또는 이와 유사한 옵션을 찾으십시오. 4. 현재 배송 주소 옆에 있는 '수정' 또는 '업데이트' 버튼을 선택하세요. 5. 제공된 필드에 새 배송 주소의 세부 정보를 입력합니다. 6. 정보의 정확성을 다시 확인하고 필요한 경우 조정합니다. 7. 변경 사항을 저장합니다. 특정 오류 메시지가 표시되거나 절차가 다르게 나타저는 경우 맞춤형 지원을 제공할 수 있도록 자세한 내용을 제공해 주시기 바랍니다. 고객 만족은 우리에게 가장 중요하며 고객님의 새 배송 주소가 성공적으로 추가될 수 있도록 함께 노력하겠습니다.
BLQ,보조 배송 주소를 설정해야 합니다.,배송지,배송지 설정,"보조 배송 주소를 설정해야 한다는 점을 이해했으며, 그 과정을 안내해 드리겠습니다. 원활한 설정을 위해 다음 단계를 따르세요. 1. 고객님의 계정에 로그인하십시오. 2. '내 계정' 또는 '프로필' 섹션으로 이동합니다. 3. '배송 주소' 또는 이와 유사한 옵션을 찾으십시오. 4. '새 주소 추가' 또는 '배송 주소 편집' 옵션을 선택하세요. 5. 2차 배송지 정보를 정확하게 입력해주세요. 6. 변경 사항을 저장합니다. 도중에 어려움이 있거나 추가 지원이 필요한 경우 언제든지 알려주시기 바랍니다. 고객 만족은 저의 최우선 사항이며 모든 단계에서 고객님을 돕기 위해 최선을 다하고 있습니다."
BLQ,새 배송 주소를 설정해야 해,배송지,배송지 설정,"새 배송 주소를 설정해야 하는 것으로 확인되었습니다. 이를 달성하는 데 도움이 되는 간단한 가이드는 다음과 같습니다. 1. 고객님의 계정에 로그인하십시오. 2. 프로필 또는 계정 설정으로 이동합니다. 3. ""배송 주소"" 또는 이와 유사한 섹션을 찾으십시오. 4. ""새 주소 추가"" 또는 ""배송 주소 편집"" 옵션을 선택합니다. 5. 거리, 도시, 주, 우편번호 등 새 배송 주소의 세부정보를 입력하세요. 6. 정보가 정확한지 다시 확인하고 ""저장"" 버튼을 클릭하세요. 이 과정에서 문제가 발생하거나 추가 질문이 있는 경우 언제든지 알려주시기 바랍니다. 저는 모든 단계에서 고객님을 돕기 위해 여기 있습니다."
BL,배송지 주소를 설정하려고 합니다,배송지,배송지 설정,배송 주소를 설정하려고 하신 것을 확인했습니다. 주소 설정은 주문을 정확하고 효율적으로 배송하기 위한 중요한 단계입니다. 추가 지원을 받으려면 몇 가지 추가 정보가 필요합니다. 배송 주소를 설정하는 데 사용하는 플랫폼이나 웹사이트를 알려주시겠어요? 이렇게 하면 해당 플랫폼에 맞는 구체적인 지침을 제공하는 데 도움이 됩니다. 고객 만족은 저의 최우선 사항이며 모든 단계를 안내해 드리겠습니다.
BLM,배송 주소 제출 문제,배송지,배송지 설정,"배송지 주소를 제출하는 데 어려움을 겪고 계신 것으로 알고 있으며, 이로 인해 불편을 끼쳐드려 죄송합니다. 이 문제를 해결하려면 다음 단계를 따르는 것이 좋습니다. 1. 모든 필수 필드를 다시 확인하세요. 거리 주소, 도시, 주, 우편번호 등 모든 필수 정보를 정확하게 입력했는지 확인하세요. 2. 주소 형식 확인: 주소가 올바른 형식을 따르고 필요한 아파트, 스위트 또는 유닛 번호가 포함되어 있는지 확인하십시오. 형식이 확실하지 않은 경우 지역 우편 서비스나 서비스 제공업체에 확인하세요. 3. 캐시 및 쿠키 지우기: 때로는 기술적 문제로 인해 배송 세부 정보 제출이 방해될 수 있습니다. 브라우저의 캐시와 쿠키를 지우면 이 문제를 해결하는 데 도움이 될 수 있습니다. 온라인에서 빠른 검색을 수행하면 웹 브라우저와 관련된 캐시 및 쿠키를 지우는 지침을 찾을 수 있습니다. 4. 다른 장치나 브라우저를 사용해 보십시오. 문제가 지속되면 사용 중인 장치나 브라우저와 관련된 문제일 수 있습니다. 다른 기기나 다른 웹 브라우저를 사용하여 배송 주소를 제출하여 문제가 해결되는지 확인하세요. 5. 고객 지원팀에 문의: 위의 단계 중 어느 것도 효과가 없으면 고객 지원팀에 문의하세요. 추가 지원을 제공하고 발생할 수 있는 기술적 문제를 해결하는 데 도움을 드릴 수 있습니다. [고객센터전화번호]로 고객 지원팀에 문의하거나 당사 웹사이트 [웹사이트/메뉴]의 라이브 채팅을 통해 문의하실 수 있습니다. 이러한 단계가 배송 주소 제출 문제를 해결하는 데 도움이 되기를 바랍니다. 더 궁금한 점이나 우려 사항이 있으면 주저하지 말고 문의해 주세요. 고객 만족이 저희의 최우선 과제이며 고객님의 배송 주소가 성공적으로 제출되었는지 확인하기 위해 왔습니다."
BLW,내 빌어먹을 새 배송 주소를 입력해줘,배송지,배송지 설정,"새 배송 주소를 입력하는 데 불편을 겪고 계신 것 같습니다. 불편을 끼쳐드려 죄송합니다. 이 문제를 해결하기 위해 함께 노력합시다. 할 수 있는 작업은 다음과 같습니다. 1. 당사 웹사이트나 앱에서 고객님의 계정에 로그인하세요. 2. '내 계정' 또는 '프로필' 섹션으로 이동하세요. 3. 배송 주소를 관리하는 옵션을 찾으세요. 4. '새 주소 추가' 또는 '주소 수정'을 선택하여 새 배송 주소를 입력하세요. 5. 거리명, 도시, 주, 우편번호를 포함한 정확한 정보로 필수 필드를 입력하세요. 6. 모든 세부정보가 올바르게 입력되었는지 다시 확인하세요. 7. 변경 사항을 저장합니다. 계속해서 문제가 발생하거나 당사 플랫폼에서 절차가 다른 경우 문제가 발생한 위치에 대한 보다 구체적인 세부정보를 제공해 주시기 바랍니다. 저희는 고객님을 지원하고 원활하고 만족스러운 경험을 보장하기 위해 최선을 다하고 있습니다."
BCL,새 배송 주소를 설정해야 하는데 도와주세요,배송지,배송지 설정,"고객님께서 새 배송 주소를 설정하셔야 한다는 사실을 잘 알고 있습니다. 이를 달성하기 위해 수행할 수 있는 단계는 다음과 같습니다. 1. 당사 웹사이트나 앱에서 고객님의 계정에 로그인하세요. 2. ""내 계정"" 섹션으로 이동합니다. 3. ""배송 주소"" 또는 이와 유사한 옵션을 찾으십시오. 4. ""새 주소 추가"" 또는 ""배송 주소 편집""을 클릭하여 새 배송 주소 세부 정보를 입력하세요. 5. 수취인 이름, 거리 주소, 도시, 주, 우편번호 및 기타 필요한 정보를 포함하여 모든 필수 필드를 입력합니다. 6. 모든 세부 사항이 정확한지 다시 확인하고 필요한 경우 변경합니다. 7. 새 배송 주소를 저장하세요. 이 과정에서 어려움이 있거나 특정 질문이 있는 경우 알려주시면 기꺼이 도와드리겠습니다. 고객 만족이 저희의 최우선 사항입니다."
BLM,보조 배송 주소 설정 문제,배송지,배송지 설정,"보조 배송 주소를 설정하는 중에 문제가 발생했다는 것을 확인했습니다. 안심하세요. 이 과정을 원활하게 진행하실 수 있도록 도와드리겠습니다. 함께 문제를 해결해 봅시다: 1. 계정에 로그인하여 시작하세요. 2. ""배송 주소"" 또는 이와 유사한 섹션을 찾으십시오. 3. 이미 기본 배송 주소를 설정한 경우 보조 주소를 추가할 수 있는 옵션이 표시됩니다. 4. ""추가"" 또는 ""수정""을 클릭하여 보조 배송 주소 정보를 입력하세요. 5. 필수사항을 모두 정확하게 입력해주세요. 6. 필요한 세부 정보를 입력한 후 변경 사항을 저장합니다. 여전히 문제가 발생하거나 추가 설명이 필요한 경우 발생한 문제에 대해 보다 구체적인 정보를 제공해 주시면 기꺼이 도와드리겠습니다. 고객 만족이 최우선이라는 점을 기억해주세요."
BLM,보조 배송 주소를 입력하는 데 문제가 있습니다,배송지,배송지 설정,보조 배송지 입력 문제로 불편을 끼쳐드린 점 이해합니다. 불편을 끼쳐드려 죄송합니다. 추가 지원을 위해 고객님이 직면한 특정 문제에 대한 추가 정보를 제공해 주시겠습니까? 오류 메시지가 표시됩니까? 아니면 시스템이 고객님의 입력을 받아들이지 않습니까? 이러한 세부정보를 통해 저는 고객님께 보다 구체적인 지침을 제공하고 가능한 한 빨리 해결책을 찾을 수 있도록 할 수 있습니다.
BIQWZ,"알았어, 빌어먹을 배송 주소를 또 설정하는 것 좀 도와줘",배송지,배송지 설정,다른 배송지 주소를 설정하는 데 문제가 있다는 점을 확인했습니다. 저는 고객님을 돕기 위해 여기 있습니다. 하지만 저와 대화할 때 적절한 언어를 사용하시기 바랍니다. 오류 메시지나 이미 수행한 단계 등 현재 겪고 있는 문제에 대한 자세한 내용을 알려주시기 바랍니다. 그러면 고객님이 새 배송 주소를 성공적으로 설정하는 데 도움이 되는 가장 정확한 지침을 제공하는 데 도움이 될 것입니다.
BLZ,새 배송 주소 설정 지원,배송지,배송지 설정,새 배송 주소 설정 지원과 관련하여 문의해 주셔서 감사합니다. 저는 이 과정을 도와드리기 위해 왔습니다. 다음 단계를 따라 주세요. 1. 고객님의 계정에 로그인하십시오. 2. '내 계정' 또는 '프로필' 섹션으로 이동하세요. 3. '배송 주소' 또는 이와 유사한 옵션을 찾으십시오. 4. '새 주소 추가' 또는 '배송 주소 편집'을 클릭하세요. 5. 제공된 필드에 새 배송 주소의 세부 정보를 입력합니다. 6. 변경 사항을 저장합니다. 이 단계를 수행하는 동안 문제가 발생하거나 다른 질문이 있는 경우 언제든지 알려주시기 바랍니다. 저는 고객님의 새 배송 주소 설정 과정이 원활하고 번거롭지 않도록 하기 위해 왔습니다.
BL,배송주소를 설정하려고 하는데,배송지,배송지 설정,배송 주소를 설정하려고 하시는 것 같네요. 이는 패키지를 정확하고 시기적절하게 배송하기 위한 중요한 단계입니다. 이 과정을 지원하려면 다음 단계를 따르세요. 1. 고객님의 계정에 로그인하십시오. 2. '내 계정' 또는 '프로필' 섹션으로 이동하세요. 3. '배송 주소' 또는 이와 유사한 옵션을 찾으십시오. 4. '새 주소 추가'를 클릭하세요. 5. 새 배송 주소 세부정보를 필수 입력란에 입력하세요. 6. 입력한 정보가 정확한지 다시 한번 확인하세요. 7. 변경 사항을 저장합니다. 이 단계를 수행하는 중에 문제가 발생하거나 궁금한 점이 있으면 언제든지 알려주시기 바랍니다. 저는 고객님이 가질 수 있는 모든 우려 사항이나 문제에 대해 도움을 주기 위해 여기 있습니다.
BEL,보조 배송지 설정 방법을 모르겠습니다.,배송지,배송지 설정,보조 배송 주소를 설정하는 방법에 대해 확신이 없을 수도 있는 것과 같은 페이지에 있습니다. 절차를 단계별로 안내하게 되어 기쁘게 생각합니다. 보조 배송 주소를 설정하려면 아래 지침을 따라 주세요. 1. 고객님의 계정에 로그인하십시오. 2. '내 계정' 또는 '프로필' 섹션으로 이동하세요. 3. '배송 주소' 또는 이와 유사한 옵션을 찾으십시오. 4. '새 주소 추가' 또는 '배송 주소 편집' 옵션이 표시됩니다. 그것을 클릭하세요. 5. 제공된 필드에 보조 배송 주소의 세부 정보를 입력합니다. 6. 입력한 정보가 정확한지 다시 한번 확인하세요. 7. 변경 사항을 저장합니다. 이 과정에서 어려움이 있거나 추가 지원이 필요한 경우 주저하지 말고 문의해 주세요. 고객님이 배송 주소 관리에 대한 지원과 자신감을 느끼는 것이 우리에게 중요합니다.
BCILQ,보조 배송 주소를 제출해야 합니다. 방법,배송지,배송지 설정,보조 배송 주소를 제출해야 한다는 고객님의 의견이 분명하다고 들었습니다. 이 과정을 함께 살펴보겠습니다. 다음 단계를 따라 주세요. 1. 고객님의 계정에 로그인하십시오. 2. '내 계정' 또는 '프로필' 섹션으로 이동하세요. 3. '배송 주소' 또는 이와 유사한 섹션을 찾으십시오. 4. '새 주소 추가' 옵션이 있어야 합니다. 선택하세요. 5. 제공된 필드에 보조 배송 주소의 세부 정보를 입력합니다. 6. 변경 사항을 저장합니다. 어려움이 있거나 절차가 다양할 경우 직면한 문제에 대해 자세한 내용을 제공해 주시면 기꺼이 도와드리겠습니다.
BLQ,배송 주소를 설정하는 데 도움이 필요합니다,배송지,배송지 설정,"물론입니다! 저는 도움의 손길을 빌려주고 배송 주소 설정 과정을 안내하기 위해 왔습니다. 할 수 있는 작업은 다음과 같습니다. 1. 당사 웹사이트에서 고객님의 계정에 로그인하십시오. 2. ""내 계정"" 또는 ""프로필"" 섹션으로 이동합니다. 3. ""배송 주소"" 또는 유사한 옵션을 찾으십시오. 4. ""새 주소 추가"" 또는 ""배송 주소 편집""을 클릭하세요. 5. 이름, 거리 주소, 도시, 주, 우편번호 등 배송 주소에 필요한 세부 정보를 입력하세요. 6. 모든 정보가 정확한지 다시 확인하세요. 7. 변경 사항을 저장합니다. 문제가 발생하거나 추가 문의사항이 있으면 언제든지 알려주시기 바랍니다. 고객 만족이 저희의 최우선 사항이며, 절차 전반에 걸쳐 기꺼이 도와드리겠습니다."
BL,새 배송 주소를 입력하는 데 문제가 있습니다,배송지,배송지 설정,"새 배송 주소를 입력할 때 문제가 발생하는 것으로 확인되었습니다. 불편을 끼쳐드려 죄송합니다. 더 나은 지원을 위해 현재 발생한 특정 문제에 대한 자세한 내용을 제공해 주시겠습니까? 오류 메시지가 표시됩니까? 배송지 입력 페이지로 이동하는데 어려움이 있으신가요? 더 많은 정보를 제공해 주시면 이 문제를 해결하는 데 도움을 드릴 수 있는 능력이 더욱 향상됩니다. 고객님의 협조에 감사드리며, 앞으로도 더 많은 도움을 드릴 수 있기를 기대합니다."
BL,새 배송 주소 설정에 도움이 되었습니다,배송지,배송지 설정,"새 배송 주소를 설정하는 데 도움이 필요하다는 것을 확인했습니다. 저는 고객님을 돕기 위해 여기 있습니다. 새 배송 주소를 설정하려면 다음 단계를 따르세요. 1. 고객님의 계정에 로그인하십시오. 2. '내 계정' 또는 '프로필' 섹션으로 이동하세요. 3. '배송 주소' 또는 이와 유사한 옵션을 찾으십시오. 4. '새 주소 추가' 또는 '배송 주소 편집' 옵션을 선택하십시오. 5. 거리 주소, 시, 주, 우편번호 및 기타 필요한 정보를 포함하여 필수 세부 정보를 입력합니다. 6. 입력된 정보가 정확한지 다시 한번 확인하고 변경사항을 저장하세요. 어려움이 있거나 절차가 다르게 보이는 경우 직면한 문제에 대해 보다 구체적인 정보를 제공해 주시면 기꺼이 도와드리겠습니다. 원활한 배송 경험을 제공하는 것이 저의 최우선 과제입니다."
BILQ,배송 주소는 어디서 설정하나요?,배송지,배송지 설정,"배송 주소를 설정할 위치에 대한 정보를 찾고 계시다는 점을 확인했으며, 절차를 안내해 드리겠습니다. 배송 주소를 설정하려면 다음 단계를 따르세요. 1. 고객님의 계정에 로그인하십시오. 2. ""내 계정"" 또는 ""프로필"" 섹션으로 이동합니다. 3. ""배송 주소"" 또는 유사한 옵션을 찾으십시오. 4. ""새 주소 추가"" 또는 ""배송 주소 편집""을 선택하십시오. 5. 배송 주소에 필요한 세부 정보를 입력하세요. 6. 변경 사항을 저장합니다. 배송 주소를 설정하는 데 어려움이 있거나 특정 질문이 있는 경우 알려주시기 바랍니다. 저는 모든 단계에서 고객님을 돕기 위해 여기 있습니다."
BLM,배송 주소를 설정하려고 하면 오류 메시지가 나타납니다.,배송지,배송지 설정,"배송지 설정 과정에서 불편을 드려 죄송합니다. 오류 메시지는 실망스러울 수 있지만 저희는 이 문제를 해결하기 위해 함께 노력할 것입니다. 문제를 더 잘 이해할 수 있도록 발생한 오류 메시지에 대한 자세한 내용을 제공해 주시겠습니까? 특히, 특정 오류 코드나 오류 설명을 받았는지 알아두면 도움이 됩니다. 이 정보를 통해 정확한 문제를 찾아내고 가장 정확한 솔루션을 제공할 수 있습니다. 그동안 문제 해결에 도움이 될 수 있는 몇 가지 문제 해결 단계를 시도해 보시기 바랍니다. 1. 브라우저 캐시 및 쿠키 지우기: 때로는 브라우저 데이터가 주소 제출 절차를 방해할 수 있습니다. 캐시와 쿠키를 지우면 잠재적인 충돌을 제거하는 데 도움이 될 수 있습니다. 2. 다른 브라우저나 기기를 사용해 보세요. 배송 주소를 제출할 때 브라우저 호환성 문제로 인해 오류가 발생할 수 있는 경우가 있습니다. 다른 브라우저나 장치로 전환하면 이러한 경우인지 판단하는 데 도움이 될 수 있습니다. 3. 특별한 요구사항이 있는지 확인하세요. 이름, 주소, 우편번호, 연락처 등 필수 정보를 모두 정확하게 입력했는지 확인하세요. 일부 시스템에는 특정 형식 요구 사항이 있으므로 항목을 다시 확인하십시오. 오류 메시지가 계속 나타나면 발생한 정확한 오류 메시지와 지금까지 수행한 단계에 대한 관련 세부정보를 제공해 주세요. 이를 통해 당사는 추가 조사를 실시하고 문제를 즉시 해결하기 위한 적절한 지원을 제공할 수 있습니다. 안심해 주세요. 저희는 고객 만족을 보장하기 위해 최선을 다하고 있으며 고객님이 배송 주소를 성공적으로 설정할 수 있도록 최선을 다할 것입니다."
BLQ,다른 배송 주소를 제출하는 데 도움이 필요합니다.,배송지,배송지 설정,"저는 고객님이 내려놓은 것, 다른 배송 주소를 제출하는 데 도움을 요청하는 것 등을 픽업합니다. 이 작업을 성공적으로 완료하는 데 필요한 지침을 제공하는 것이 중요합니다. 다음 단계를 따라 주세요. 1. 고객님의 계정에 로그인하십시오. 2. '내 계정' 또는 '프로필' 섹션으로 이동하세요. 3. '배송 주소' 또는 이와 유사한 옵션을 찾으십시오. 4. '새 주소 추가' 또는 '배송 주소 편집' 버튼이나 링크를 찾으세요. 그것을 클릭하세요. 5. 다른 배송지 주소를 필수 입력란에 입력하세요. 6. 종료하기 전에 변경 사항을 저장하는 것을 잊지 마십시오. 어려움이 있거나 추가 지원이 필요한 특정 영역이 있는 경우 알려주시기 바랍니다. 저는 이 과정 전반에 걸쳐 고객님을 돕기 위해 여기 있습니다!"
BILZ,새로운 배송 주소를 설정하려면 어떻게 해야 하나요?,배송지,배송지 설정,"새 배송 주소 설정에 대한 안내를 찾고 계시다고 들었습니다. 이 작업을 진행하려면 아래 설명된 단계를 따라 주세요. 1. 당사 웹사이트나 모바일 앱에 로그인하여 고객님의 계정에 접속하세요. 2. 배송 세부정보를 관리할 수 있는 '내 계정' 또는 '프로필' 섹션으로 이동하세요. 3. '배송 주소' 또는 이와 유사한 문구가 표시된 옵션을 찾으십시오. 계정 설정 내에 위치해야 합니다. 4. '새 주소 추가' 또는 새 배송 주소를 입력할 수 있는 유사한 옵션을 클릭하십시오. 5. 수취인의 이름, 거리 주소, 도시, 주, 우편번호 및 기타 관련 정보를 포함하여 새 배송 주소의 세부정보로 필수 필드를 입력합니다. 6. 입력된 정보가 정확한지 다시 한번 확인하여 제대로 전달되었는지 확인하세요. 7. 제공된 세부정보가 만족스러우면 변경 사항을 저장하여 새 배송 주소 설정을 마무리하세요. 이 과정에서 어려움이 있거나 추가 지원이 필요한 경우 주저하지 말고 문의해 주세요. 저희는 모든 단계에서 고객님께 도움을 드릴 수 있습니다."
BCLP,배송주소를 입력하고 싶은데 도움이 필요해요,배송지,배송지 설정,"기꺼이 도와드리겠습니다! 배송 주소를 입력하는 데 도움을 드리고자 왔습니다. 함께 시작해보자: 1. 고객님의 계정에 로그인하십시오. 2. ""내 계정"" 또는 ""프로필"" 섹션으로 이동합니다. 3. ""배송 주소"" 또는 이와 유사한 옵션을 찾으십시오. 4. ""새 주소 추가"" 또는 ""배송 주소 편집"" 옵션을 선택하십시오. 5. 제공된 필드에 배송 주소에 필요한 세부 정보를 입력하세요. 6. 변경 사항을 저장하는 것을 잊지 마십시오. 도중에 문제가 발생하거나 절차가 다르게 나타저는 경우 알려주시면 추가 안내를 제공해 드리겠습니다. 고객 만족이 나의 우선순위입니다!"
BL,다른 배송 주소를 설정하는 데 도움이 필요합니다,배송지,배송지 설정,"다른 배송 주소를 설정하는 데 도움이 필요하신 것으로 확인됩니다. 고객님의 배송 주소는 매우 중요하며, 제가 그 과정을 안내해 드리겠습니다. 새 배송 주소를 설정하려면 다음 단계를 따르세요. 1. 당사 웹사이트에서 고객님의 계정에 로그인하십시오. 2. 계정 설정 또는 프로필 섹션으로 이동합니다. 3. 배송 주소를 관리하는 옵션을 찾으세요. 4. ""새 주소 추가"" 또는 유사한 옵션을 클릭하십시오. 5. 거리 주소, 도시, 주, 우편번호, 국가 등 필수 정보를 입력합니다. 6. 입력한 내용이 정확한지 다시 한번 확인해주세요. 7. 새로운 배송 주소를 저장하세요. 이 과정에서 문제가 발생하거나 추가 질문이 있는 경우 주저하지 말고 고객 지원팀에 문의하세요. [운영시간/기간]([고객센터전화번호]) 또는 당사 웹사이트([웹사이트/메뉴])의 라이브 채팅을 통해 연락하실 수 있습니다. 새로운 배송 주소를 설정하는 것은 저희의 도움으로 원활하고 번거롭지 않게 진행될 것입니다."
BLMZ,다른 배송 주소를 설정하는 데 문제가 있습니다,배송지,배송지 설정,"다른 배송 주소를 설정하는 데 따른 고객님의 좌절감과 어려움을 크게 듣고 명확하게 들었습니다. 원활한 배송을 위해서는 고객님의 주소 정보가 당사 시스템에 정확하게 반영되는 것이 중요합니다. 이 문제를 해결하기 위해 함께 노력합시다. 이 문제를 해결하려면 다음 단계를 수행하는 것이 좋습니다. 1. 로그인 정보를 사용하여 계정에 로그인합니다. 2. '계정' 또는 '프로필' 섹션으로 이동합니다. 3. ""배송 주소"" 또는 이와 유사한 옵션을 찾으십시오. 4. ""새 주소 추가"" 또는 ""배송 주소 편집"" 옵션을 선택하세요. 5. 제공된 필드에 다른 배송 주소의 세부 정보를 정확하게 입력하세요. 6. 정보가 정확한지 다시 확인하고 변경 사항을 저장합니다. 추가 문제가 발생하거나 절차가 다른 경우 오류 메시지나 예상치 못한 동작 등 문제가 발생한 부분에 대한 자세한 내용을 알려주시기 바랍니다. 이렇게 하면 고객님께 더 나은 지원을 제공하고 고객님의 다른 배송 주소를 올바르게 설정하는 데 도움이 됩니다."
BK,잘못된 배송 주소,배송지,배송지 설정,"배송 주소 확인 문제로 불편을 끼쳐드려 죄송합니다. 저는 그것이 얼마나 실망스러울 수 있는지 이해합니다. 이 문제를 해결하기 위해 함께 노력합시다. 먼저, 배송지 주소 양식의 필수 항목이 모두 올바르게 입력되었는지 다시 확인해 보겠습니다. 거리 이름, 도시, 주, 우편번호를 정확하게 입력했는지 확인하세요. 주소가 유효하지 않다는 오류 메시지가 계속 표시된다면 형식에 문제가 있거나 시스템이 특정 주소를 인식하지 못하는 것일 수 있습니다. 이러한 경우 당사 고객지원팀에 문의하시는 것이 좋습니다. 그들은 이 문제를 즉시 해결하는 데 도움이 되는 추가 도구와 리소스에 액세스할 수 있습니다. [고객센터전화번호]로 전화하거나 당사 웹사이트 [웹사이트/메뉴]의 라이브 채팅 기능을 통해 고객 지원팀에 연락할 수 있습니다. 그들은 문제를 더 자세히 조사하고 배송 주소를 설정하는 데 필요한 도움을 제공할 수 있습니다. 이 문제를 알려주셔서 감사드리며, 불편을 끼쳐드려 죄송합니다. 고객 만족이 저희의 최우선 과제이며 고객님께 원활한 경험을 보장하기 위해 최선을 다하고 있습니다."
BLM,새 배송 주소를 입력하는 데 문제가 있습니다.,배송지,배송지 설정,"새 배송 주소를 입력하는 데 문제가 있다는 연락을 받았고, 도움을 드리고자 합니다. 이 문제를 해결하려면 다음 단계를 따라 주세요. 1. 당사 웹사이트에서 고객님의 계정에 로그인하십시오. 2. 고객님의 개인 정보를 관리하는 ""배송 주소"" 또는 ""프로필"" 섹션으로 이동하십시오. 3. ""새 주소 추가"" 또는 ""배송 주소 편집"" 옵션을 찾아 선택하십시오. 4. 거리 주소, 도시, 주, 우편번호 등 새 배송 주소의 세부정보를 필수 필드에 입력하세요. 5. 모든 정보가 정확하고 완전한지 다시 확인하세요. 6. 변경 사항을 저장하여 새 배송 주소가 계정에 성공적으로 추가되었는지 확인하세요. 이 단계를 수행한 후에도 여전히 문제가 발생하는 경우 오류 메시지나 예상치 못한 동작 등 발생한 문제에 대한 보다 구체적인 세부정보를 제공해 주세요. 이를 통해 당사는 고객님께 더욱 맞춤화된 지원을 제공할 수 있습니다. 불편을 끼쳐드려 죄송하며, 이 문제를 함께 해결하기 위해 노력하는 동안 양해해 주셔서 감사합니다."
BLZ,배달 주소를 제출하고 싶어요,배송지,배송지 설정,"배송 주소를 제출하려고 하시는 것으로 확인되었으며, 도와드리겠습니다. 배송 주소를 제출하려면 다음 단계를 따르세요. 1. 고객님의 계정에 로그인하십시오. 2. ""내 계정"" 또는 ""프로필"" 섹션으로 이동합니다. 3. ""배송 주소"" 또는 이와 유사한 섹션을 찾으십시오. 4. ""새 주소 추가"" 또는 ""배송 주소 편집"" 옵션이 표시됩니다. 선택하세요. 5. 제공된 필드에 배송 주소 세부정보를 입력하세요. 6. 필수 정보를 모두 입력한 후 ""제출"" 또는 ""저장"" 버튼을 클릭하여 절차를 완료하세요. 배송 주소를 제출하는 동안 문제가 발생하거나 추가 지원이 필요한 경우 알려주시면 기꺼이 도와드리겠습니다."
BLW,빌어먹을 배송 주소를 설정하는 데 도움이 필요해요,배송지,배송지 설정,"고객님이 불만을 갖고 있으며 배송 주소 설정에 도움이 필요하다는 소식을 전해 드립니다. 불편을 끼쳐드려 죄송합니다. 이 문제를 해결하려면 다음 단계를 따르세요. 1. 당사 웹사이트에서 고객님의 계정에 로그인하십시오. 2. 계정 설정 또는 프로필 섹션으로 이동합니다. 3. ""배송 주소"" 또는 이와 유사한 옵션을 찾으십시오. 4. 해당 섹션 내에서 배송 주소를 추가하거나 편집할 수 있는 옵션을 찾을 수 있습니다. 선택하세요. 5. 거리명, 번호, 도시, 주, 우편번호 등 배송 주소에 필요한 정보를 입력하세요. 6. 모든 세부 사항이 정확한지 다시 확인하고 ""제출"" 또는 ""저장"" 버튼을 클릭하여 변경 사항을 완료하세요. 이 과정에서 오류가 발생하거나 어려움을 겪을 경우 알려주시면 기꺼이 도와드리겠습니다. 고객 만족이 저희의 최우선 사항이며 고객님의 배송 주소가 올바르게 설정되었는지 확인하기 위해 왔습니다."
BLQ,네 유효한 다른 배송 주소를 제출할 수 없습니다,배송지,배송지 설정,다른 배송 주소를 제출하려고 할 때 문제가 발생했다는 소식을 들으니 안타깝습니다. 이 문제의 근본 원인을 파악하고 해결책을 함께 찾아보겠습니다. 오류 메시지나 발생한 특정 오류에 대한 자세한 내용을 제공해 주실 수 있습니까? 정확한 문제 파악을 통해 다른 배송지 제출이 성공적으로 이루어질 수 있도록 정확한 안내를 해드릴 수 있도록 하겠습니다. 고객 만족이 저의 최우선 사항입니다. 저는 고객님을 위해 이 문제를 해결하는 데 도움을 드리고자 왔습니다.
BLQ,다른 배송 주소를 제출하는 데 문제가 있습니다,배송지,배송지 설정,"다른 배송 주소를 제출하는 동안 문제가 발생한다는 사실을 파악했으며, 이 문제를 해결하는 데 도움을 드리고자 합니다. 원활한 절차를 보장하려면 다음 단계를 따라 주세요. 1. 고객님의 계정에 로그인하십시오. 2. '배송' 또는 '배송' 섹션으로 이동합니다. 3. 배송 주소를 '업데이트' 또는 '변경'하는 옵션을 찾으세요. 4. 제공된 필드에 새 배송 주소의 세부 정보를 정확하게 입력하세요. 5. 정보가 정확한지 다시 확인하세요. 6. 변경 사항을 저장하거나 제출합니다. 여전히 문제가 발생하거나 절차가 다르게 나타저는 경우, 문제가 발생한 부분에 대한 자세한 내용을 제공해 주시면 기꺼이 추가 지원을 제공해 드리겠습니다. 고객 만족이 저희의 최우선 과제이며, 저희는 모든 단계에서 고객님을 돕기 위해 여기 있습니다."
BCILPQZ,내 새 배송 주소를 제출해야 합니다. 도움이 될 것입니다.,배송지,배송지 설정,"물론, 새 배송 주소를 제출하는 데 도와드리겠습니다. 원활한 절차를 보장하려면 다음 단계를 따라 주세요. 1. 고객님의 계정에 로그인하십시오. 2. ""내 계정"" 또는 ""프로필"" 섹션으로 이동합니다. 3. ""배송 주소"" 또는 유사한 옵션을 찾으십시오. 4. ""새 주소 추가"" 또는 ""배송 주소 편집"" 옵션을 선택합니다. 5. 새 배송 주소의 세부정보를 필수 필드에 입력하세요. 6. 모든 정보가 정확하고 완전한지 다시 확인하세요. 7. 변경 사항을 저장합니다. 진행 중에 어려움이 발생하거나 추가 질문이 있는 경우 언제든지 알려주시기 바랍니다. 저는 고객님이 새 배송 주소를 설정하는 과정이 원활하게 이루어지도록 하기 위해 왔습니다."
BELQZ,새 배송 주소를 유효하게 설정할 수 없습니다,배송지,배송지 설정,새 배송 주소를 설정하는 데 문제가 있는 것으로 알고 있습니다. 저는 이 문제를 해결하는 데 도와드리겠습니다. 상황을 더 잘 이해하기 위해 정확한 오류 메시지나 절차 중에 발생한 특정 장애물에 대한 자세한 내용을 제공해 주실 수 있습니까? 이 정보를 통해 고객님께 맞춤형 지침을 제공하고 고객님의 새 배송 주소가 성공적으로 설정되었는지 확인할 수 있습니다.
BLM,보조 배송 주소를 입력하는 데 문제가 있습니다.,배송지,배송지 설정,"보조 배송 주소 입력에 어려움이 있는 것으로 확인되었습니다. 이 과제를 함께 해결해 봅시다. 다음은 고객님을 돕기 위한 단계별 가이드입니다. 1. 고객님의 계정에 로그인하여 시작하십시오. 2. '설정' 또는 '프로필' 섹션으로 이동합니다. 3. ""배송 주소"" 또는 이와 유사한 옵션을 찾으십시오. 4. ""새 주소 추가"" 또는 ""배송 주소 편집""을 클릭하세요. 5. 보조 배송 주소에 필요한 정보를 입력하세요. 6. 세부정보가 정확한지 다시 확인하고 변경사항을 저장하세요. 여전히 문제가 발생하거나 위에서 언급한 단계 중 하나라도 고객님의 플랫폼과 일치하지 않는 경우, 발생한 문제에 대한 자세한 내용을 제공해 주시기 바랍니다. 안심하세요. 저는 고객님이 보조 배송 주소를 설정하는 데 있어 원활한 경험을 하실 수 있도록 도와드리기 위해 왔습니다."
BIL,보조 배송 주소 제출을 도와주실 수 있나요?,배송지,배송지 설정,"보조 배송 주소를 제출하는 데 도움이 필요하신 것으로 알고 있습니다. 고객님이 겪을 수 있는 혼란이나 어려움에 대해 사과드립니다. 이 문제를 해결하기 위해 함께 노력합시다. 보조 배송 주소를 제출하려면 다음 단계를 따르세요. 1. 당사 웹사이트에서 고객님의 계정에 로그인하십시오. 2. ""내 계정"" 또는 ""프로필"" 섹션으로 이동합니다. 3. ""배송 주소"" 또는 이와 유사한 옵션을 찾으십시오. 4. ""새 주소 추가"" 또는 ""배송 주소 편집"" 옵션을 선택하십시오. 5. 보조 배송 주소에 필요한 세부 정보를 입력하세요. 6. 모든 정보가 정확한지 다시 확인하세요. 7. 보조 배송 주소를 제출하려면 변경 사항을 저장하세요. 이 과정에서 문제가 발생하거나 추가 문의사항이 있으면 언제든지 알려주시기 바랍니다. 저는 모든 단계에서 고객님을 돕기 위해 여기 있습니다."
BL,보조 배송 주소 입력 도와주세요,배송지,배송지 설정,"보조 배송 주소를 입력하는 데 도움이 필요하다고 들었습니다. 저는 고객님께 절차를 안내하고 가능한 한 원활하게 진행되도록 하려고 왔습니다. 다음 단계를 따라 주세요. 1. 고객님의 계정에 로그인하십시오. 2. '내 계정' 또는 '프로필' 섹션으로 이동하세요. 3. '배송 주소' 또는 이와 유사한 섹션을 찾으십시오. 4. '새 주소 추가' 또는 '배송 주소 편집' 옵션이 있어야 합니다. 선택하세요. 5. 제공된 필드에 보조 배송 주소의 세부정보를 입력하세요. 6. 변경 사항을 저장합니다. 문제가 발생하거나 특정 상황에 따라 절차가 다른 경우 더 자세한 도움을 드릴 수 있도록 자세한 내용을 제공해 주시기 바랍니다. 고객 만족이 저의 최우선 사항이며, 저는 모든 단계에서 도움을 드리기 위해 여기 있습니다."
BIP,다른 배송 주소를 설정하는 것을 도와주실 수 있나요?,배송지,배송지 설정,물론입니다! 다른 배송 주소를 설정하는 데 도움을 드리고자 왔습니다. 다음 단계를 따라 주세요. 1. 고객님의 계정에 로그인하십시오. 2. '내 계정' 또는 '프로필' 섹션으로 이동하세요. 3. 배송 주소를 관리하는 옵션을 찾으세요. 4. '새 주소 추가' 또는 유사한 옵션을 선택하십시오. 5. 새 배송 주소에 필요한 세부 정보를 입력하세요. 6. 입력된 정보가 정확한지 다시 한번 확인하세요. 7. 변경 사항을 저장합니다. 진행 중에 어려움이 있거나 추가 안내가 필요한 경우 언제든지 알려주시기 바랍니다. 저는 고객님께 필요한 도움을 제공하기 위해 여기 있습니다.
BEL,배송주소를 설정하려면 어떻게 해야할지 모르겠습니다.,배송지,배송지 설정,"배송지 설정 방법에 대해 잘 모르시는 것으로 알고 있습니다. 절차를 안내해 드리겠습니다. 1. 고객님의 계정에 로그인하십시오. 2. ""내 계정"" 또는 ""프로필"" 섹션으로 이동합니다. 3. ""배송 주소"" 또는 유사한 옵션을 찾으십시오. 4. 클릭하시면 배송지 관리 페이지로 접속됩니다. 5. ""새 주소 추가"" 또는 ""새 주소 만들기"" 버튼을 찾으세요. 6. 주소 라인, 도시, 우편번호 및 필요한 추가 정보 등 필요한 세부 정보를 입력합니다. 7. 입력한 정보가 정확한지 다시 한번 확인하세요. 8. 변경 사항을 저장하거나 ""제출"" 버튼을 클릭하여 설정을 완료합니다. 진행 중에 어려움이 있거나 추가 지원이 필요한 경우 언제든지 알려주시기 바랍니다. 저는 도와주러 왔습니다!"
BL,보조 배송 주소를 설정해야 해요,배송지,배송지 설정,"보조 배송 주소를 설정하는 데 도움이 필요하다고 생각합니다. 절차를 안내해 드리겠습니다. 1. 먼저 당사 웹사이트에서 고객님의 계정에 로그인하십시오. 2. ""내 계정"" 또는 ""프로필"" 섹션으로 이동합니다. 3. ""배송 주소"" 또는 ""배송 주소""와 관련된 탭이나 옵션을 찾으십시오. 4. 기존 주소에 액세스하거나 새 주소를 추가하려면 해당 옵션을 클릭하세요. 5. ""새 주소 추가"" 또는 ""주소 추가""라고 표시된 버튼이나 링크가 표시됩니다. 그것을 클릭하세요. 6. 수취인의 이름, 거리 주소, 도시, 주, 우편번호를 포함하여 보조 배송 주소에 필요한 세부 정보를 입력합니다. 7. 입력한 정보가 정확한지 다시 한번 확인하세요. 8. ""저장"" 또는 ""제출"" 버튼을 클릭하여 변경 사항을 저장하세요. 이 과정에서 문제가 발생하거나 추가 질문이 있는 경우 언제든지 알려주시기 바랍니다. 보조 배송 주소가 성공적으로 설정될 수 있도록 모든 단계에서 도와드리겠습니다."
BL,배송지 주소를 입력하고 싶어요,배송지,배송지 설정,"배송 주소를 입력하고 싶다는 것을 깨달았습니다. 절차를 단순화해 보겠습니다. 1. 고객님의 계정에 로그인하십시오. 2. '내 계정' 또는 '프로필' 섹션으로 이동하세요. 3. '배송 주소' 또는 이와 유사한 옵션을 찾으십시오. 4. '새 주소 추가' 옵션을 선택하세요. 5. 필수 입력란에 배송 주소 세부정보를 입력하세요. 6. 정보가 정확한지 검토하고 변경 사항을 저장합니다. 배송 주소를 입력하는 데 어려움이 있는 경우 알려주시면 모든 단계에서 지원해 드리겠습니다. 고객 만족은 우리에게 중요하며, 이 과정이 진행되는 동안 양해해 주셔서 감사합니다."
BEL,새 배송 주소를 제출하는 방법을 모르겠습니다.,배송지,배송지 설정,"저는 새 배송 주소 제출에 대한 고객님의 불확실성에 동감하고 있으며, 고객님의 절차를 도와드리기 위해 왔습니다. 다음 단계를 따라 주세요. 1. 당사 웹사이트에서 고객님의 계정에 로그인하십시오. 2. '내 계정' 또는 '프로필' 섹션으로 이동하세요. 3. '배송 주소' 또는 이와 유사한 옵션을 찾으십시오. 4. '새 주소 추가' 또는 '배송 주소 편집'을 클릭하세요. 5. 새 배송 주소의 세부정보를 필수 필드에 입력하세요. 6. 입력된 정보가 정확한지 다시 한번 확인하세요. 7. '제출' 또는 '저장' 버튼을 클릭하여 과정을 완료하세요. 문제가 발생하거나 계정에서 절차가 다르게 나타저는 경우 현재 직면한 특정 문제에 대한 추가 정보를 제공해 주세요. 저는 고객님의 원활한 경험을 보장하기 위해 여기에 있습니다!"
BCL,새 배송 주소를 입력해야 합니다. 도와주세요.,배송지,배송지 설정,"새로운 배송지 입력으로 인해 불편을 드려 죄송합니다. 이 문제를 해결하기 위해 함께 노력합시다: 1. 고객님의 계정에 로그인하십시오. 2. '내 계정' 또는 '프로필' 섹션으로 이동하세요. 3. '배송 주소' 또는 이와 유사한 옵션을 찾으십시오. 4. '새 주소 추가' 또는 '배송 주소 편집'을 선택합니다. 5. 새 배송 주소에 필요한 세부 정보를 입력하세요. 6. 제공된 정보의 정확성을 다시 한번 확인하세요. 7. 변경 사항을 저장합니다. 문제가 발생하거나 절차가 이 지침과 일치하지 않는 경우, 문제가 있는 특정 영역을 알려주시면 기꺼이 추가 지원을 해 드리겠습니다."
BCILQZ,새 배송 주소를 입력해야 하는데 도와주실 수 있나요?,배송지,배송지 설정,"저는 새 배송 주소를 입력하는 것이 긴급하고 중요하다는 것을 이해합니다. 안심해 주세요. 저는 모든 단계에서 고객님을 도와드릴 것입니다. 원활한 절차를 보장하려면 다음 지침을 따라 주세요. 1. 고객님의 계정에 로그인하십시오. 2. '계정' 또는 '프로필' 섹션으로 이동합니다. 3. '주소 관리', '배송 주소' 또는 이와 유사한 옵션을 찾으십시오. 4. '새 주소 추가' 또는 '주소 수정' 옵션이 표시됩니다. 그것을 클릭하세요. 5. 새 배송 주소를 포함하여 필요한 세부 정보를 입력하세요. 6. 입력한 정보가 정확한지 다시 한번 확인하세요. 7. 변경 사항을 저장하고 확인합니다. 문제가 발생하거나 추가 안내가 필요한 경우 언제든지 추가 정보를 제공해 주시기 바랍니다. 고객님의 새 배송 주소가 성공적으로 입력되었는지 함께 확인하겠습니다."
BL,보조 배송 주소를 설정해야 합니다,배송지,배송지 설정,"고객님의 편의를 위해 보조 배송 주소를 설정하는 것이 중요하다는 점을 분명히 알고 있습니다. 절차를 안내해 드리겠습니다. 1. 고객님의 계정에 로그인하여 시작하십시오. 2. '내 계정' 또는 '프로필' 섹션을 찾으세요. 3. ""배송 주소"" 또는 이와 유사한 옵션을 찾으십시오. 4. ""새 주소 추가"" 또는 ""배송 주소 편집""에 대한 버튼이나 링크를 찾아야 합니다. 그것을 클릭하세요. 5. 제공된 필드에 보조 배송 주소에 필요한 세부 정보를 입력합니다. 6. 정보의 정확성을 검토하고 확인한 후 변경 사항을 저장합니다. 이 과정에서 어려움을 겪거나 궁금한 점이 있으면 언제든지 알려주시기 바랍니다. 저는 모든 단계에서 고객님을 돕기 위해 여기 있습니다."
BLQ,배송 주소를 설정하는 중에 오류가 발생했습니다,배송지,배송지 설정,"배송 주소를 설정하는 동안 오류가 발생했다는 소식을 듣고 안타깝게 생각합니다. 저는 그것이 얼마나 실망스러울 수 있는지 이해합니다. 안심하세요. 이 문제를 해결하실 수 있도록 도와드리겠습니다. 더 나은 지원을 위해 발생한 오류에 대한 자세한 내용을 제공해 주시겠습니까? 특히, 오류 메시지가 표시되거나 문제를 일으키는 특정 단계가 있는 경우 알려주시기 바랍니다. 이 정보는 문제를 식별하고 해결 방법을 안내하는 데 도움이 됩니다."
BL,배송주소 입력 도와주세요,배송지,배송지 설정,"배송 주소를 입력하는 데 도움이 필요하다는 사실을 확인했습니다. 절차를 안내해 드리겠습니다. 1. 고객님의 계정에 로그인하십시오. 2. ""내 계정"" 또는 ""프로필"" 섹션으로 이동합니다. 3. ""배송 주소"" 또는 이와 유사한 섹션을 찾으십시오. 4. ""새 주소 추가"" 또는 ""배송 주소 편집"" 옵션이 있어야 합니다. 선택하세요. 5. 제공된 필드에 배송 주소 세부정보를 입력하세요. 6. 입력한 정보가 정확한지 주의 깊게 검토하세요. 7. 변경 사항을 저장합니다. 어려움이 있거나 추가 문의사항이 있으면 알려주시기 바랍니다. 저는 모든 단계에서 고객님을 돕기 위해 여기 있습니다."
BLZ,새 배송 주소를 제출하는 데 도움을 주세요,배송지,배송지 설정,새 배송 주소를 제출하는 데 도움을 드리고자 왔습니다. 그 과정을 함께 살펴보겠습니다: 1. 고객님의 계정에 로그인하십시오. 2. '내 계정' 또는 '프로필' 섹션으로 이동하세요. 3. '배송 주소' 또는 이와 유사한 옵션을 찾으십시오. 4. '새 주소 추가' 또는 '배송 주소 편집' 옵션을 선택하십시오. 5. 제공된 필드에 새 배송 주소의 세부 정보를 입력하세요. 6. 정보의 정확성을 다시 확인하고 필요한 경우 조정합니다. 7. 변경 사항을 저장합니다. 이 과정에서 문제가 발생하거나 궁금한 점이 있으면 언제든지 알려주시기 바랍니다. 저는 고객님의 새 배송 주소를 원활하고 성공적으로 제출할 수 있도록 하기 위해 왔습니다.
BELQZ,배송 주소를 제출하려면 어떻게 해야 할지 모르겠습니다.,배송지,배송지 설정,"새 배송 주소를 제출하는 단계에 대해 확신이 없으신 것으로 확인되었습니다. 걱정하지 마세요. 제가 이 과정을 안내해 드리겠습니다. 다음 지침을 따라 주세요. 1. 당사 웹사이트에서 고객님의 계정에 로그인하십시오. 2. 계정 설정 또는 프로필 페이지로 이동합니다. 3. ""배송 주소"" 섹션을 찾으십시오. 4. ""새 주소 추가"" 또는 ""주소 편집"" 옵션을 클릭하십시오. 5. 거리 이름, 시, 주, 우편번호 등 새 배송 주소 세부정보를 필수 필드에 입력하세요. 6. 입력한 정보가 정확한지 다시 한번 확인하세요. 7. 변경 사항을 저장하거나 제출합니다. 문제가 발생하거나 추가 지원이 필요한 경우 언제든지 알려주시기 바랍니다. 저는 모든 단계에서 고객님을 돕기 위해 여기 있습니다."
BLZ,새 배송 주소를 입력하는 데 도움을 주세요,배송지,배송지 설정,"새 배송 주소를 입력하는 데 도움이 필요하다는 사실을 확인했습니다. 절차를 단계별로 안내해 드리겠습니다. 1. 고객님의 계정에 로그인하십시오. 2. '배송' 또는 '배송' 섹션으로 이동합니다. 3. '새 주소 추가' 또는 '배송 주소 편집' 옵션을 찾으세요. 선택하세요. 4. 거리, 시, 주, 우편번호 등 새 배송 주소의 세부정보를 입력하세요. 5. 입력된 정보가 정확한지 다시 한번 확인하여 제대로 전달되었는지 확인하세요. 6. 변경 사항을 저장하여 새 배송 주소 추가를 완료하세요. 이 과정에서 어려움을 겪거나 추가 문의사항이 있으면 언제든지 알려주시기 바랍니다. 저는 모든 단계에서 고객님을 돕기 위해 여기 있습니다."
BLZ,다른 배송 주소를 설정하는 데 문제가 있습니다.,배송지,배송지 설정,다른 배송 주소를 설정하는 데 어려움을 겪고 계시다는 점을 이해하며 도와드리겠습니다. 이 문제를 해결하려면 다음 단계를 따라 주세요. 1. 고객님의 계정에 로그인하십시오. 2. '내 계정' 또는 '프로필' 섹션으로 이동하세요. 3. '배송 주소' 또는 이와 유사한 옵션을 찾으십시오. 4. '새 주소 추가' 또는 '배송 주소 편집' 옵션을 선택하십시오. 5. 해당 필드에 새 배송 주소의 세부 정보를 입력합니다. 6. 정보의 정확성을 다시 확인하고 변경 사항을 저장합니다. 이 단계를 수행한 후에도 문제가 계속 발생하거나 절차가 다르게 나타저는 경우 발생한 특정 문제에 대한 자세한 정보를 제공해 주세요. 자세한 내용을 제공해 주시면 더 나은 지원을 제공해 드리겠습니다.
BELQ,내 배송 주소가 유효하지 않아요,배송지,배송지 설정,"고객님의 배송 주소가 유효한 것으로 간주되지 않는 문제에 직면하고 있음을 인정합니다. 이로 인해 불편을 끼쳐드려 죄송합니다. 원활하고 효율적인 배송 절차를 보장하려면 주소를 정확하게 확인하는 것이 중요합니다. 고객님의 주소가 유효한 것으로 인식되지 않는 데에는 여러 가지 이유가 있을 수 있습니다. 오타, 정보 누락 또는 시스템에서 사용하는 형식과의 불일치로 인해 발생할 수 있습니다. 이 문제를 해결하려면 다음 단계를 수행하는 것이 좋습니다. 1. 거리 이름, 건물 번호, 아파트 또는 호실 번호, 도시, 주, 우편번호 및 층수나 유닛 번호와 같은 추가 주소 요소를 포함하여 입력한 주소 세부정보를 다시 확인하세요. 2. 해당 지역에 맞는 주소 형식과 요구 사항을 확인하세요. 국가와 지역마다 주소 형식이 다를 수 있으므로 주소가 올바른 구조를 따르는지 확인하는 것이 중요합니다. 3. 주소를 복사하여 붙여넣는 경우 수동으로 입력해 보세요. 때로는 외부 소스에서 주소를 붙여넣을 때 보이지 않는 서식 문자로 인해 문제가 발생할 수 있습니다. 4. 자동 완성 기능이나 자동 완성 기능을 사용하는 경우 해당 기능을 비활성화하고 대신 수동으로 주소를 입력해 보세요. 자동 완성 기능이 항상 가장 정확하거나 최신 정보를 제공하는 것은 아닙니다. 5. 올바른 형식이 확실하지 않거나 도움이 필요한 경우 현지 우편 서비스나 배송업체에 문의하여 안내를 받으시기 바랍니다. 이는 해당 지역과 관련된 주소 유효성 검사 요구 사항에 대한 통찰력을 제공할 수 있습니다. 이 단계를 수행한 후에도 여전히 문제가 발생하는 경우 오류 메시지나 발생한 특정 문제에 대한 자세한 내용을 알려주시기 바랍니다. 이렇게 하면 상황을 더 잘 이해하고 보다 구체적인 지원을 제공하는 데 도움이 됩니다."
BILP,보조 배송 주소를 입력하는 것을 도와주실 수 있나요?,배송지,배송지 설정,보조 배송 주소를 입력하는 데 도움을 요청하신 것으로 보입니다. 과정을 안내하게 되어 기쁘게 생각합니다. 방법은 다음과 같습니다. 1. 고객님의 계정에 로그인하십시오. 2. '내 계정' 또는 '프로필' 섹션으로 이동하세요. 3. '배송 주소' 또는 이와 유사한 옵션을 찾으십시오. 4. '새 주소 추가' 또는 '배송 주소 편집'을 선택합니다. 5. 보조 배송 주소를 정확하게 입력해주세요. 6. 변경 사항을 저장합니다. 문제가 발생하거나 추가 설명이 필요한 경우 언제든지 문의해 주세요. 저는 고객님의 모든 단계를 지원하기 위해 여기 있습니다!
BLQ,배송 주소를 설정하고 싶어,배송지,배송지 설정,"고객님이 배송 주소를 설정하고 싶다는 점을 이해하며 이에 대해 도움을 드리고자 합니다. 배송 주소를 설정하려면 다음 단계를 따르세요. 1. 고객님의 계정에 로그인하십시오. 2. ""내 계정"" 또는 ""프로필"" 섹션으로 이동합니다. 3. ""배송 주소"" 또는 유사한 옵션을 찾으십시오. 4. ""새 주소 추가"" 또는 ""배송 주소 편집""을 클릭하세요. 5. 새 배송 주소에 필요한 세부 정보를 입력하세요. 6. 변경 사항을 저장합니다. 이 과정에서 문제가 발생하거나 추가 질문이나 문의 사항이 있는 경우 알려주시면 기꺼이 도와드리겠습니다."
BLZ,내 배송 주소 설정 지원,배송지,배송지 설정,"바로 처리하겠습니다! 배송 주소를 설정하는 데 필요한 도움을 제공해 드리겠습니다. 시작하려면 다음 단계를 따르세요. 1. 당사 웹사이트에서 고객님의 계정에 로그인하십시오. 2. 계정 설정 또는 프로필 페이지로 이동합니다. 3. ""배송 주소"" 또는 이와 유사한 섹션을 찾으십시오. 4. 해당 섹션 내에 ""새 주소 추가"" 또는 ""배송 주소 편집"" 옵션이 표시됩니다. 그것을 클릭하세요. 5. 거리, 도시, 주, 우편번호 등 새 배송 주소의 세부정보를 필수 필드에 입력하세요. 6. 입력한 정보를 검토하여 정확성을 확인하세요. 7. 변경 사항을 저장합니다. 이 과정에서 문제가 발생하거나 플랫폼에 따라 단계가 다른 경우 추가 지원을 드릴 수 있도록 보다 구체적인 세부정보를 제공해 주시기 바랍니다. 고객 만족은 우리에게 중요하며, 그 과정에서 고객님이 갖고 있는 모든 우려 사항이나 질문을 해결해 드리겠습니다."
BILZ,내 배송 주소를 입력하는 것을 도와주실 수 있나요?,배송지,배송지 설정,"긍정적으로! 배송 주소를 입력하는 데 도움을 드리겠습니다. 다음은 절차를 진행하는 데 도움이 되는 단계별 가이드입니다. 1. 당사 웹사이트에서 고객님의 계정에 로그인하십시오. 2. 로그인한 후 계정 설정 또는 프로필 섹션으로 이동합니다. 3. ""배송 주소"" 또는 ""배송 주소""와 관련된 옵션을 찾으십시오. 4. 배송 주소를 추가하거나 편집하려면 해당 옵션을 클릭하세요. 5. 거리 주소, 도시, 주, 우편번호 등 정확하고 완전한 정보로 필수 필드를 입력하세요. 6. 입력된 모든 세부정보가 정확한지 다시 확인하고 필요한 경우 수정합니다. 7. 마지막으로 변경 사항을 저장합니다. 문제가 발생하거나 추가 지원이 필요한 경우 언제든지 알려주시기 바랍니다. 저는 고객님의 절차를 최대한 원활하게 진행하도록 돕기 위해 왔습니다."
BIL,보조 배송 주소는 어떻게 설정하나요?,배송지,배송지 설정,"물론이죠! 보조 배송 주소 설정을 도와드리겠습니다. 원활하게 완료하려면 다음 단계를 따르세요. 1. 당사 웹사이트나 앱에서 고객님의 계정에 로그인하세요. 2. '계정' 또는 '프로필' 섹션으로 이동합니다. 3. ""배송 주소"" 또는 유사한 옵션을 찾으십시오. 4. ""새 주소 추가"" 또는 ""배송 주소 편집""을 클릭하세요. 5. 수취인 이름, 주소 라인 1 및 2, 도시, 주, 우편번호 및 기타 필수 정보 등 보조 배송 주소에 필요한 세부 정보를 입력합니다. 6. 입력한 정보가 모두 정확한지 다시 한번 확인하세요. 7. 변경 사항을 저장하거나 새 주소를 확인합니다. 보조 배송 주소를 설정하는 동안 어려움을 겪거나 질문이 있는 경우 언제든지 알려주시기 바랍니다. 저는 추가 지원을 제공하고 원활한 절차를 보장하기 위해 왔습니다!"
BELQZ,배송 주소를 설정할 수 없어요,배송지,배송지 설정,배송지 주소 설정 문제로 불편을 끼쳐드려 죄송합니다. 저는 그것이 얼마나 실망스러울 수 있는지 이해합니다. 문제가 해결될 수 있도록 함께 노력합시다. 더 나은 도움을 드릴 수 있도록 고객님이 겪고 있는 특정 문제에 대한 자세한 내용을 제공해 주시겠습니까? 절차 중에 오류 메시지가 표시되거나 문제가 발생합니까? 더 많은 정보를 얻으시면 문제를 해결할 수 있는 가장 정확한 지침을 제공해 드릴 수 있습니다. 안심해 주세요. 저는 모든 단계에서 고객님을 도와드릴 것입니다. 고객 만족이 최우선이며 배송 주소 설정이 원활하게 이루어질 수 있도록 도와드리겠습니다.
BL,배송주소를 입력해야 해요,배송지,배송지 설정,"저는 그것을하고있다! 배송 주소를 입력해야 한다는 점을 이해하며 절차를 안내해 드리겠습니다. 배송 주소를 입력하려면 다음 단계를 따르세요. 1. 고객님의 계정에 로그인하십시오. 2. '계정' 섹션이나 '프로필' 페이지로 이동하세요. 3. '배송' 또는 '배송 주소' 섹션을 찾으세요. 4. '새 주소 추가' 또는 유사한 옵션을 클릭하십시오. 5. 거리명, 도시, 주, 우편번호 등 배송 주소 세부정보를 필수 입력란에 입력하세요. 6. 입력한 정보가 정확한지 다시 한번 확인하세요. 7. 변경 사항을 저장합니다. 문제가 발생하거나 추가 질문이 있는 경우 직면한 문제의 세부 사항을 자유롭게 공유해 주세요. 이 문제를 해결하고 배송 주소를 성공적으로 입력할 수 있도록 기꺼이 도와드리겠습니다."
BLM,새 배송 주소를 제출하는 데 문제가 있습니다,배송지,배송지 설정,새 배송 주소를 제출할 때 문제가 발생했다는 소식을 듣고 죄송합니다. 저는 좌절감과 해결의 필요성을 완전히 이해합니다. 더 나은 지원을 위해 현재 겪고 있는 특정 문제에 대한 추가 정보를 제공해 주시겠습니까? 오류 메시지가 표시됩니까? 웹사이트에서 고객님의 주소를 허용하지 않습니까? 세부 사항을 이해하면 고객님의 새 배송 주소가 성공적으로 제출될 수 있도록 맞춤형 지침과 지원을 제공할 수 있습니다.
BILP,새 배송 주소를 입력하는 것을 도와주실 수 있나요?,배송지,배송지 설정,"긍정적으로! 새 배송 주소를 입력하고 싶은 마음을 이해하며 모든 단계에서 도움을 드리겠습니다. 시스템에 새 배송 주소를 입력하려면 다음 지침을 따라 주세요. 1. 당사 웹사이트에서 고객님의 계정에 로그인하십시오. 2. 계정 설정 또는 프로필 섹션으로 이동합니다. 3. 배송 주소를 관리하는 옵션을 찾으세요. 4. 새 배송 주소를 추가하는 옵션을 선택하세요. 5. 거리, 도시, 주, 우편번호 등 새 배송 주소의 세부정보를 필수 필드에 입력하세요. 6. 배송 문제가 발생하지 않도록 입력한 정보의 정확성을 다시 한번 확인하세요. 7. 변경 사항을 저장하여 새 배송 주소 추가를 완료하세요. 이 과정에서 어려움을 겪거나 궁금한 점이 있으면 언제든지 알려주시기 바랍니다. 고객 만족이 저희의 최우선 과제이며, 저는 고객님의 새 배송 주소 설정에 있어 원활한 경험을 보장하기 위해 최선을 다하고 있습니다."
BEL,배송 주소를 유효하게 설정할 수 없는 이유,배송지,배송지 설정,"유효한 배송지 설정에 어려움을 겪고 계신 것으로 알고 있으며, 불편을 끼쳐드려 죄송합니다. 배송 주소를 확인하는 것은 원활하고 정확한 배송을 보장하는 데 필수적인 부분입니다. 이 문제를 해결하려면 필수 필드에 올바른 정보를 입력했는지 확인하십시오. 거리 이름, 집 번호, 아파트 또는 호수, 우편번호, 도시를 다시 확인하여 정확한지 확인하세요. 사용 중인 형식이 해당 위치에 필요한 형식과 일치하는지 확인하는 것도 중요합니다. 계속해서 문제가 발생할 경우 발생할 수 있는 오류 메시지나 오류 코드에 대한 자세한 내용을 알려주시기 바랍니다. 이 정보는 조사에 도움이 되며 문제를 즉시 해결할 수 있도록 보다 맞춤화된 지원을 제공하는 데 도움이 됩니다."
BCIL,새 배송 주소가 유효하지 않습니다. 도와주실 수 있나요?,배송지,배송지 설정,"새 배송 주소가 유효하지 않다는 소식을 들으니 안타깝습니다. 저는 정확한 배송 세부 정보를 갖는 것이 얼마나 중요한지 이해합니다. 더 나은 도움을 드릴 수 있도록 해당 주소에서 발생한 문제에 대해 보다 구체적인 정보를 제공해 주시겠습니까? 오류 메시지를 받거나 특정 필드를 입력하는 데 어려움이 있습니까? 문제를 더 잘 이해하게 되면 문제를 해결하고 새 배송 주소가 성공적으로 입력될 수 있도록 단계별로 안내해 드릴 수 있습니다. 고객 만족이 저희의 최우선 과제이며, 저희는 모든 단계에서 고객님을 돕기 위해 여기 있습니다."
BCIL,"새로운 배송 주소를 입력하고 싶은데, 도와주실 수 있나요?",배송지,배송지 설정,물론입니다! 새 배송 주소를 입력하고 싶은 마음을 충분히 이해합니다. 이를 돕기 위해 단계별로 살펴보겠습니다. 1. 당사 웹사이트에서 고객님의 계정에 로그인하십시오. 2. '내 계정' 또는 '프로필' 섹션으로 이동하세요. 3. '배송 주소' 또는 이와 유사한 옵션을 찾으십시오. 4. '새 주소 추가' 또는 '배송 주소 편집' 옵션이 있어야 합니다. 그것을 클릭하세요. 5. 제공된 필드에 새 배송 주소에 필요한 세부 정보를 입력합니다. 6. 입력한 정보가 정확한지 다시 한번 확인하세요. 7. 마지막으로 변경 사항을 저장합니다. 이 과정에서 어려움을 겪거나 추가 문의사항이 있으면 언제든지 알려주시기 바랍니다. 저는 고객님께 모든 단계를 안내하기 위해 여기 있습니다!
BL,유효한 다른 배송 주소를 입력할 수 없는 이유,배송지,배송지 설정,다른 유효한 배송 주소를 입력할 수 없어 불편을 끼쳐 드린 점 이해합니다. 이 문제가 발생하는 데는 몇 가지 이유가 있을 수 있습니다. 시도해 볼 수 있는 몇 가지 해결 방법은 다음과 같습니다. 1. 주소 형식을 확인하세요. 주소를 필수 형식에 맞게 올바르게 입력했는지 확인하세요. 오타나 누락된 세부정보가 있는지 다시 확인하세요. 2. 유효한 주소 사용: 입력하는 주소가 인식 가능한 주소인지 확인하세요. 지원되는 지역 또는 국가 내의 유효한 주소여야 합니다. 3. 캐시 및 쿠키 지우기: 때로는 브라우저의 캐시와 쿠키를 지우면 기술적인 문제가 해결될 수 있습니다. 해당 주소를 삭제한 후 다른 배송 주소를 다시 입력해 보세요. 4. 브라우저 업데이트: 오래되었거나 지원되지 않는 브라우저 버전으로 인해 문제가 발생할 수 있습니다. 최신 버전의 브라우저를 사용하고 있는지 확인하거나 다른 브라우저를 사용해 보세요. 5. 고객 지원팀에 문의: 위의 해결 방법 중 어느 것도 효과가 없으면 고객 지원팀에 문의하는 것이 가장 좋습니다. 담당자가 문제를 더 자세히 조사하고 맞춤형 지원을 제공할 수 있습니다. 다음 제안 사항을 시도해 보시고 계속해서 문제가 발생하면 주저하지 말고 알려주시기 바랍니다. 저는 고객님이 이 상황을 헤쳐나가고 고객님께 적합한 해결책을 찾을 수 있도록 돕기 위해 왔습니다.
BLQZ,배송 주소를 제출해야 합니다,배송지,배송지 설정,"이해했습니다. 배송 주소를 제출해야 합니다. 이렇게 하려면 다음 단계를 따르세요. 1. 고객님의 계정에 로그인하십시오. 2. ""내 계정"" 또는 ""프로필"" 섹션으로 이동합니다. 3. 배송 주소를 관리하는 옵션을 찾으세요. 4. 새 주소를 추가하거나 기존 주소를 편집하는 옵션을 선택합니다. 5. 필수 입력란에 배송 주소 세부정보를 입력하세요. 6. 정보가 정확한지 다시 확인하세요. 7. 변경 사항을 저장합니다. 어려움이 있거나 추가 문의사항이 있으면 알려주시기 바랍니다. 저는 모든 단계에서 고객님을 돕기 위해 여기 있습니다."
BILQZ,다른 배송 주소를 제출하는 곳,배송지,배송지 설정,"다른 배송 주소를 어디에 제출해야 하는지에 대한 지침을 찾고 계시는 것 같습니다. 제가 고객님을 도와드리겠습니다. 다른 배송 주소를 제출하려면 다음 단계를 따르세요. 1. 고객님의 계정에 로그인하십시오. 2. '내 계정' 또는 '프로필' 섹션으로 이동하세요. 3. '배송 주소' 또는 이와 유사한 옵션을 찾으십시오. 4. 주소를 관리할 수 있는 섹션을 찾으세요. 5. 새 주소를 추가하거나 기존 주소를 편집하는 옵션을 선택합니다. 6. 현재 주소를 제출하려는 다른 배송 주소로 바꾸세요. 7. 주소 세부정보가 정확한지 반드시 확인하세요. 8. 변경 사항을 저장합니다. 문제가 발생하거나 계정에 따라 절차가 다른 경우, 문제가 발생한 부분을 자세히 알려주시면 기꺼이 도와드리겠습니다."
BL,배송지 주소 설정에 문제가 있습니다,배송지,배송지 설정,배송지 주소 설정에 어려움을 겪고 계신다니 안타깝습니다. 안심하세요. 이 문제를 즉시 해결할 수 있도록 도와드리겠습니다. 문제를 더 잘 이해할 수 있도록 현재 직면한 특정 문제에 대한 자세한 내용을 제공해 주시겠습니까? 오류 메시지가 표시되거나 절차가 예상대로 작동하지 않습니까? 이 정보를 통해 고객님께 맞춤형 안내를 제공하고 배송 주소를 성공적으로 설정하도록 도와드릴 수 있습니다. 고객 만족이 저희의 최우선 사항이며 고객님의 요구 사항을 충족하는 솔루션을 찾기 위해 최선을 다하고 있습니다.
BLZ,내 배송 주소를 설정하는 데 문제가 발생했습니다,배송지,배송지 설정,배송지 설정 과정에서 불편을 드려 죄송합니다. 패키지가 올바른 위치로 배송되도록 하려면 이를 정리하는 것이 중요합니다. 추가 지원을 위해 현재 발생한 특정 문제에 대한 자세한 내용을 제공해 주시겠습니까? 오류 메시지가 발생하거나 설정 절차를 탐색하는 데 어려움이 있습니까? 문제를 더 잘 이해하면 고객님의 배송 주소를 성공적으로 설정할 수 있는 맞춤형 솔루션을 제공할 수 있습니다.
BCILPW,배송지 주소를 설정해야 하는데 도와주실 수 있나요?,배송지,배송지 설정,"저는 고객님이 배송 주소 설정에 대해 불만을 갖고 도움을 찾고 있다는 것을 알고 있습니다. 불편을 끼쳐드려 죄송합니다. 안심하세요. 제가 도와드리겠습니다. 배송 주소를 설정하려면 다음 단계를 따르세요. 1. 고객님의 계정에 로그인하십시오. 2. ""내 계정"" 또는 ""프로필"" 섹션으로 이동합니다. 3. ""배송 주소"" 또는 ""배송 주소"" 옵션을 찾으세요. 4. ""새 주소 추가"" 또는 ""배송 주소 편집""을 클릭하세요. 5. 이름, 거리 주소, 도시, 주, 우편번호 등 배송 주소에 필요한 정보를 입력하세요. 6. 세부정보가 정확한지 다시 확인하세요. 7. 변경 사항을 저장하거나 ""제출""을 클릭하세요. 문제가 발생하거나 추가 지침이 필요한 경우 문제가 있는 부분에 대한 자세한 내용을 제공해 주시면 기꺼이 도와드리겠습니다."
BIQ,다른 배송 주소는 어디에서 설정할 수 있나요?,배송지,배송지 설정,"과연! 다른 배송 주소를 설정하는 데 도움을 드리고자 왔습니다. 그렇게 하려면 다음 단계를 따라 주세요. 1. 당사 웹사이트에서 고객님의 계정에 로그인하십시오. 2. ""내 계정"" 또는 ""프로필"" 섹션으로 이동합니다. 3. ""배송 주소"" 또는 유사한 옵션을 찾으십시오. 4. ""새 주소 추가"" 옵션이 표시됩니다. 그것을 클릭하세요. 5. 수취인 이름, 거리 주소, 도시, 주, 우편번호 등 새 배송 주소에 필요한 세부 정보를 입력하세요. 6. 모든 정보를 입력한 후 ""저장"" 또는 ""제출""을 클릭하여 새 주소를 저장하세요. 어려움이 있거나 당사 플랫폼에서 절차가 다른 경우, 문제가 있는 부분에 대한 자세한 내용을 제공해 주시면 기꺼이 도와드리겠습니다!"
BL,배송 주소를 제출하는 중에 오류가 발생했습니다,배송지,배송지 설정,"배송 주소를 제출하는 동안 오류가 발생했다는 것을 확인했습니다. 이로 인해 불편을 끼쳐드려 죄송합니다. 더 나은 지원을 위해 고객님이 받은 오류 메시지나 발생한 특정 문제에 대한 자세한 내용을 알려주시겠습니까? 이 정보는 근본 원인을 파악하고 적절한 솔루션을 제공하는 데 도움이 됩니다. 고객 만족이 저희의 최우선 사항이며, 이 오류를 즉시 해결할 수 있도록 최선을 다하겠습니다."
BL,새 배송 주소를 유효하게 설정할 수 없는 이유,배송지,배송지 설정,"저도 같은 생각입니다. 유효한 새 배송 주소를 설정할 수 없어서 불만을 느끼는 것입니다. 이 문제를 해결하기 위해 함께 노력합시다. 시도해 볼 수 있는 몇 가지 작업은 다음과 같습니다. 1. 입력하는 정보를 다시 확인하세요. 거리 이름, 아파트 또는 호수, 도시, 주 또는 도, 우편번호 등 새 배송 주소에 대한 정확한 세부 정보를 입력했는지 확인하세요. 오타나 잘못된 정보로 인해 유효성 검사 오류가 발생할 수 있습니다. 2. 형식 요구 사항 확인: 일부 플랫폼이나 시스템에는 배송 주소 형식 지정에 대한 특정 요구 사항이 있습니다. 특정 필드에 대문자를 사용하거나 국가 이름과 같은 추가 정보를 포함하는 등 형식 지정 규칙을 따르고 있는지 확인하세요. 3. 현재 위치와의 호환성 확인: 시스템이 특정 위치와 호환되지 않을 수 있습니다. 플랫폼이나 서비스가 해당 국가 또는 지역의 배송 주소를 지원하는지 확인하세요. 그렇지 않은 경우 추가 지원을 위해 지원팀에 문의해야 할 수도 있습니다. 4. 캐시 및 쿠키 지우기: 때로는 브라우저 관련 문제로 인해 주소 확인이 방해될 수 있습니다. 브라우저의 캐시와 쿠키를 지운 다음 새 배송 주소를 다시 설정해 보세요. 이러한 단계를 수행해도 문제가 해결되지 않으면 현재 겪고 있는 특정 오류 메시지나 어려움에 대한 자세한 내용을 제공해 주세요. 이렇게 하면 문제의 범위를 좁히고 보다 정확한 지침을 제공하는 데 도움이 됩니다."
BLQZ,내 배송 주소를 입력하는 데 도움이 필요해요,배송지,배송지 설정,"배송 주소를 입력하는 데 도움이 필요하다는 점을 이해했습니다. 절차를 안내해 드리겠습니다. 1. 고객님의 계정에 로그인하십시오. 2. ""내 계정"" 또는 ""프로필"" 섹션으로 이동합니다. 3. ""배송 주소"" 또는 유사한 옵션을 찾으십시오. 4. ""새 주소 추가"" 또는 ""배송 주소 편집"" 옵션이 있어야 합니다. 그것을 클릭하세요. 5. 거리, 도시, 주, 우편번호 등 배송 주소에 필요한 세부 정보를 입력하세요. 6. 입력된 정보가 정확한지 다시 한번 확인하세요. 7. 변경 사항을 저장합니다. 어려움이 있거나 추가 문의사항이 있으면 언제든지 알려주시기 바랍니다. 저는 고객님의 배송 주소 입력이 원활하게 진행되도록 도와드리고자 왔습니다."
BLQZ,내 배송 주소를 제출하는 데 도움이 필요해요,배송지,배송지 설정,"배송 주소를 제출하는 데 도움이 필요하신가요? 배송 주소를 제출하는 것은 패키지가 올바른 위치에 도착하도록 하는 중요한 단계입니다. 이 절차를 지원하려면 다음 단계를 따르시기 바랍니다. 1. 당사 웹사이트나 앱에서 고객님의 계정에 로그인하세요. 2. ""내 계정"" 또는 ""프로필"" 섹션으로 이동합니다. 3. ""배송 주소"" 또는 유사한 옵션을 찾으십시오. 4. ""새 주소 추가"" 또는 ""주소 제출""을 선택합니다. 5. 이름, 주소, 연락처, 구체적인 배송 지침 등 필요한 정보를 입력하세요. 6. 배송 문제가 발생하지 않도록 입력한 내용이 정확한지 다시 한번 확인하세요. 7. 모든 정보가 정확하다고 확신하면 ""제출"" 또는 ""저장"" 버튼을 클릭하여 제출을 완료하세요. 제출 과정에서 오류가 발생하거나 어려움을 겪는 경우 발생한 문제에 대한 구체적인 세부 정보를 제공해 주시기 바랍니다. 당사의 고객 지원팀은 연중무휴 24시간 이용 가능하며 고객님이 직면할 수 있는 모든 문제를 해결하기 위해 최선을 다하고 있습니다."
BCIL,새로운 배송지 주소를 입력하고 싶은데 어떻게 해야 하나요?,배송지,배송지 설정,"새 배송 주소를 입력하려고 하시는 것으로 확인되었으며, 절차를 안내해 드리겠습니다. 새 배송 주소를 설정하려면 다음 단계를 따르세요. 1. 고객님의 계정에 로그인하십시오. 2. ""내 계정"" 또는 ""프로필"" 섹션으로 이동합니다. 3. ""배송 주소"" 또는 유사한 옵션을 찾으십시오. 4. ""새 주소 추가"" 또는 ""배송 주소 편집"" 옵션을 선택합니다. 5. 수취인의 이름, 거리 주소, 도시, 주, 우편번호 등 필수 세부정보를 입력하세요. 6. 해당되는 경우 배송에 대한 추가 지침이나 기본 설정을 지정합니다. 7. 입력한 정보가 정확한지 다시 한번 확인하세요. 8. 변경 사항을 저장합니다. 이 과정에서 문제가 발생하거나 어려움을 겪게 되면 주저하지 말고 알려주시기 바랍니다. 추가 지원을 제공해 드리겠습니다."
BL,배송주소를 어떻게 제출해야 하는지 모르겠어요,배송지,배송지 설정,배송 주소 제출 방법을 잘 모르신다는 연락을 받았습니다. 절차를 안내해 드리겠습니다. 1. 고객님의 계정에 로그인하십시오. 2. 프로필 또는 계정 설정으로 이동합니다. 3. 배송 또는 배달 주소와 관련된 섹션을 찾으십시오. 4. 주소를 추가하거나 편집할 수 있는 옵션이 표시됩니다. 5. 배송 주소에 필요한 세부 정보를 입력하세요. 6. 정보의 정확성을 다시 한번 확인하세요. 7. 변경 사항을 저장합니다. 여전히 문제가 발생하거나 사용 중인 플랫폼에 따라 절차가 다른 경우 문제가 발생한 위치에 대한 보다 구체적인 정보를 제공해 주세요. 저는 고객님을 더 도와주기 위해 여기 있습니다!
BEL,2차 배송지 입력방법을 모르겠습니다,배송지,배송지 설정,"걱정하지 마세요. 보조 배송 주소를 입력하는 과정을 안내해 드리겠습니다. 다음 단계를 따르세요. 1. 당사 웹사이트나 앱에서 고객님의 계정에 로그인하세요. 2. ""내 계정"" 또는 ""프로필"" 섹션으로 이동합니다. 3. ""배송 주소"" 또는 유사한 옵션을 찾으십시오. 4. ""새 주소 추가"" 또는 ""배송 주소 편집"" 옵션을 선택합니다. 5. 제공된 필드에 보조 배송 주소에 필요한 세부 정보를 입력합니다. 6. 입력된 정보가 정확한지 다시 한번 확인하세요. 7. 변경 사항을 저장합니다. 문제가 발생하거나 기기에서 절차가 다르게 나타저는 경우 알려주시면 추가 지원을 해 드리겠습니다. 고객 만족이 나의 우선순위입니다."
BELQZ,새 배송 주소를 어떻게 설정하는지 모르겠어요,배송지,배송지 설정,"새로운 배송 주소 설정에 대해 혼란을 겪고 계신 점 진심으로 이해합니다. 절차를 안내하고 필요한 정보를 제공해 드리겠습니다. 새로운 배송 주소를 설정하려면 다음 단계를 따르세요. 1. 당사 웹사이트 또는 모바일 앱에서 고객님의 계정에 로그인하십시오. 2. ""내 계정"" 또는 ""프로필"" 섹션으로 이동합니다. 3. ""배송 주소"" 또는 유사한 옵션을 찾으십시오. 4. ""새 주소 추가"" 또는 ""배송 주소 편집""을 클릭하세요. 5. 거리명, 도시, 우편번호, 추가 정보 등 새 배송 주소의 세부정보를 필수 필드에 입력하세요. 6. 입력된 정보가 정확한지 다시 한번 확인하세요. 7. 변경 사항을 저장하고 새 배송 주소가 저장된 주소 중 하나로 나열되는지 확인하세요. 절차 중에 문제가 발생하거나 추가 지원이 필요한 경우 주저하지 말고 문의해 주세요. 당사 고객 지원팀은 [고객센터전화번호]로 [운영시간/기간] 또는 당사 웹사이트 [웹사이트/메뉴]의 라이브 채팅을 통해 연락 가능합니다. 고객님이 가질 수 있는 질문이나 우려 사항에 대해 도움을 드리고자 합니다."
BL,보조 배송 주소를 설정하는 방법을 모르겠습니다.,배송지,배송지 설정,"보조 배송 주소 설정 방법과 관련하여 혼란이나 불확실성에 대해 사과드립니다. 명확하게 이해하고 절차를 원활하게 탐색할 수 있는 것이 중요합니다. 다음 단계를 안내해 드리겠습니다. 1. 당사 웹사이트 또는 모바일 앱에서 고객님의 계정에 로그인하십시오. 2. ""계정"" 또는 ""프로필"" 섹션을 찾으세요. 3. 해당 섹션에서 ""배송 주소"" 또는 이와 유사한 옵션을 찾으십시오. 4. ""새 주소 추가"" 또는 ""배송 주소 편집""을 클릭하세요. 5. 수취인 이름, 주소, 연락처 등 보조 배송 주소에 필요한 정보를 입력하세요. 6. 입력한 모든 세부정보가 정확하고 완전한지 다시 확인하세요. 7. 변경 사항을 저장하여 보조 배송 주소를 확인하세요. 문제가 발생하거나 절차가 약간 다른 경우 알려주시면 추가 지원을 제공해 드리겠습니다."
BILP,다른 배송 주소를 제출할 수 있나요?,배송지,배송지 설정,확실히! 다른 배송 주소를 제출하고 싶다는 점을 이해합니다. 당사 시스템은 고객님의 주소 정보에 대한 변경 및 수정을 수용하도록 설계되었습니다. 다른 배송 주소를 제출하려면 다음 단계를 따르세요. 1. 고객님의 계정에 로그인하십시오. 2. '내 계정' 또는 '프로필' 섹션으로 이동하세요. 3. '배송 주소' 또는 이와 유사한 옵션을 찾으십시오. 4. 수정하려는 주소를 선택하세요. 5. 새 주소 세부정보로 필요한 필드를 편집합니다. 6. 변경 사항을 저장합니다. 문제가 발생하거나 계정에서 절차가 다르게 나타저는 경우 알려주시면 기꺼이 도와드리겠습니다. 저희는 고객님의 배송 주소가 고객님의 요구 사항을 정확하게 반영하도록 최선을 다하고 있습니다.
BCEIL,새 배송 주소가 유효하지 않습니다. 어떻게 해야 하나요?,배송지,배송지 설정,"새 배송 주소를 입력하는 데 문제가 있어 주소가 승인되지 않는 것으로 확인되었습니다. 이 문제를 해결하기 위해 함께 노력합시다. 단계별 가이드는 다음과 같습니다. 1. 당사 웹사이트에서 고객님의 계정에 로그인하십시오. 2. ""내 계정"" 또는 ""프로필"" 섹션으로 이동합니다. 3. ""배송 주소"" 또는 유사한 옵션을 찾으십시오. 4. ""새 주소 추가"" 또는 ""배송 주소 편집"" 옵션을 선택합니다. 5. 새 배송 주소에 필요한 모든 정보를 주의 깊게 입력하여 정확성을 보장하세요. 6. 거리 번호, 시, 주, 우편번호를 포함한 주소 형식을 다시 확인하세요. 7. 여전히 문제가 발생하는 경우 대체 브라우저나 장치를 사용하여 기술적인 결함이 아닌지 확인하세요. 8. 문제가 지속되면 [이메일주소] 또는 [고객센터전화번호]로 고객 지원팀에 문의하세요. 문제를 해결하는 데 기꺼이 도움을 드릴 것입니다. 저는 이 여정 내내 고객님을 지원하기 위해 여기 있다는 것을 기억하세요. 추가 질문이 있으면 주저하지 말고 필요한 경우 추가 세부정보를 제공하세요."
BLW,빌어먹을 보조 배송 주소를 입력하는 데 도움이 필요해요,배송지,배송지 설정,"보조 배송 주소 입력으로 인해 불편을 겪고 계신 것으로 파악되었습니다. 이로 인해 불편을 끼쳐드려 죄송합니다. 이 문제를 해결하기 위해 함께 노력합시다. 단계별 가이드는 다음과 같습니다. 1. 고객님의 계정에 로그인하십시오. 2. '계정' 또는 '프로필' 섹션으로 이동합니다. 3. ""배송 주소"" 또는 유사한 옵션을 찾으십시오. 4. ""새 주소 추가"" 또는 ""배송 주소 편집""을 선택하십시오. 5. 보조 배송 주소에 필요한 세부 정보를 입력하세요. 6. 변경 사항을 저장합니다. 문제가 계속 발생하거나 계정의 절차가 다른 경우 문제가 발생한 위치에 대한 보다 구체적인 정보를 제공해 주시기 바랍니다. 고객님이 보조 배송 주소를 성공적으로 입력할 수 있도록 도와드리겠습니다."
BLW,내 빌어먹을 배달 주소 설정하는 것 좀 도와줘,배송지,배송지 설정,"배송지 설정으로 인해 불편을 겪고 계신 것으로 확인되었으며, 불편을 끼쳐드려 진심으로 사과드립니다. 저는 이 과정을 도와드리기 위해 왔습니다. 한발 물러서서 함께 접근해 봅시다. 다음 단계를 따라 주세요. 1. 로그인 정보를 사용하여 계정에 로그인합니다. 2. 일반적으로 페이지 오른쪽 상단에 있는 '내 계정' 또는 '프로필' 섹션으로 이동합니다. 3. '배송 주소' 또는 이와 유사한 옵션을 찾으십시오. 4. '새 주소 추가' 또는 '배송 주소 편집'을 선택하세요. 5. 이제 새 배송 주소의 세부 정보를 정확하게 입력하세요. 6. 필요한 정보를 모두 입력한 후 '저장' 또는 '제출' 버튼을 클릭하여 변경 사항을 완료하세요. 어려움이 있거나 절차가 다르게 나타저는 경우, 직면한 문제에 대해 보다 구체적인 세부정보를 제공해 주시면 기꺼이 도와드리겠습니다. 고객 만족이 저희의 최우선 과제임을 기억하십시오. 저희는 그 과정에서 어떤 어려움도 함께 극복할 것입니다."
BLZ,배달 주소를 제출하는 데 문제가 있습니다,배송지,배송지 설정,배송 주소 제출 문제로 불편을 끼쳐드려 죄송합니다. 얼마나 실망스러울지 이해합니다. 하지만 걱정하지 마세요. 제가 도와드리겠습니다. 문제를 더 잘 이해할 수 있도록 특정 오류 메시지나 이미 수행한 단계에 대한 추가 정보를 제공해 주시겠습니까? 이렇게 하면 문제 해결을 위한 가장 정확한 지침을 제공하는 데 도움이 됩니다.
BL,새 배송 주소를 제출하는 데 도움이 필요합니다,배송지,배송지 설정,"저는 새로운 배송 주소를 제출하는 것의 중요성을 충분히 이해하고 있으며 원활한 절차를 보장하기 위해 전문 지식과 지침을 확장하기 위해 왔습니다. 새 배송 주소를 성공적으로 제출하려면 다음 단계를 따르세요. 1. 로그인 정보를 사용하여 계정에 로그인합니다. 2. 당사 플랫폼의 '계정' 또는 '프로필' 섹션으로 이동하세요. 3. '배송 주소' 또는 이와 유사한 옵션을 찾으십시오. 4. 새 주소를 추가하거나 기존 주소를 편집하는 옵션을 찾으세요. 5. 이름, 전체 주소, 연락처 및 기타 필요한 정보를 포함하여 새 배송 주소에 필요한 세부 정보를 주의 깊게 입력하세요. 6. 제공된 모든 정보가 정확한지 다시 확인하세요. 7. 변경 사항을 저장하고 새 배송 주소가 성공적으로 제출되었는지 확인하세요. 이 과정에서 어려움을 겪거나 특정 질문이 있는 경우 주저하지 말고 문의해 주세요. 당사의 전담 지원팀은 [고객센터전화번호]로 [운영시간/기간]를 이용하거나 당사 웹사이트 [웹사이트/메뉴]의 라이브 채팅을 통해 이용할 수 있습니다. 저희는 고객님께 이러한 경험을 최대한 원활하게 제공하기 위해 최선을 다하고 있습니다."
BL,새 배송 주소 설정에 대한 지원,배송지,배송지 설정,"새 배송 주소를 설정하는 데 도움이 필요하시다는 생각에 저는 이 과정을 안내해 드리고자 왔습니다. 새 배송 주소를 설정하려면 다음 단계를 따르세요. 1. 당사 웹사이트에서 고객님의 계정에 로그인하십시오. 2. 계정 설정 또는 프로필 섹션으로 이동합니다. 3. ""배송 주소"" 또는 ""배송 주소"" 옵션을 찾으세요. 4. ""새 주소 추가"" 또는 ""배송 주소 추가"" 버튼을 선택하세요. 5. 수취인 이름, 거리 주소, 도시, 주, 우편번호 등 필요한 세부 정보를 입력하세요. 6. 입력된 정보가 정확한지 다시 한번 확인하여 제대로 전달되었는지 확인하세요. 7. 변경 사항을 저장하거나 새 배송 주소를 확인하세요. 진행 중에 문제가 발생하거나 추가 문의사항이 있는 경우 언제든지 문의해 주시면 최선을 다해 도와드리겠습니다."
BLQ,보조 배송 주소를 제출하는 방법을 모르겠습니다.,배송지,배송지 설정,"보조 배송 주소를 제출하는 방법에 대해 잘 모르신다는 생각에 공감합니다. 절차를 안내해 드리겠습니다. 1. 당사 웹사이트에서 고객님의 계정에 로그인하십시오. 2. ""내 계정"" 또는 ""프로필"" 섹션으로 이동합니다. 3. ""배송 주소"" 또는 유사한 옵션을 찾으십시오. 4. ""새 주소 추가"" 또는 ""배송 주소 편집""을 선택하십시오. 5. 제공된 필드에 보조 배송 주소의 세부 정보를 입력합니다. 6. 정보의 정확성을 검토하는 것을 잊지 마십시오. 7. 변경 사항을 저장합니다. 이 과정에서 어려움을 겪거나 특정 질문이 있는 경우 언제든지 알려주시기 바랍니다. 저는 고객님께 필요한 도움을 제공하기 위해 여기 있습니다."
BL,새 배송 주소를 설정하는 데 도움이 필요합니다,배송지,배송지 설정,"바로 처리하겠습니다! 고객님의 새 배송 주소 설정을 도와드리기 위해 왔습니다. 원활한 절차를 보장하려면 다음 단계를 따라 주세요. 1. 고객님의 계정에 로그인하십시오. 2. ""내 계정"" 또는 ""프로필"" 섹션으로 이동합니다. 3. ""배송 주소"" 또는 유사한 옵션을 찾으십시오. 4. ""새 주소 추가"" 또는 ""배송 주소 편집"" 옵션을 선택합니다. 5. 거리 이름, 도시, 주, 우편번호 등 새 배송 주소에 필요한 세부 정보를 입력합니다. 6. 고객님이 제공한 정보의 정확성을 다시 한번 확인하십시오. 7. 변경 사항을 저장합니다. 도중에 문제가 발생하거나 추가 지원이 필요한 경우 언제든지 알려주시기 바랍니다. 고객님의 새 배송 주소가 올바르게 설정되어 향후 배송에 대비할 수 있도록 함께 도와드리겠습니다."
BILQZ,보조 배송 주소를 설정하는 데 도움을 주실 수 있나요?,배송지,배송지 설정,"보조 배송 주소 설정 문제로 불편을 끼쳐드려 죄송합니다. 저는 고객님을 돕기 위해 여기 있습니다. 절차를 성공적으로 완료하려면 다음 단계를 따라 주세요. 1. 고객님의 계정에 로그인하십시오. 2. '내 계정' 또는 '프로필' 섹션으로 이동하세요. 3. '배송 주소' 또는 이와 유사한 옵션을 찾으십시오. 4. '새 주소 추가' 또는 '배송 주소 편집' 옵션을 찾아서 선택하세요. 5. 제공된 필드에 보조 배송 주소의 세부정보를 입력하세요. 6. 변경 사항을 저장합니다. 장애물이 발생하거나 절차가 제가 설명한 것과 다른 경우, 고객님이 직면한 특정 문제에 대한 자세한 정보를 제공해 주시면 최선의 해결책을 제공해 드릴 수 있습니다. 안심하세요. 보조 배송 주소를 성공적으로 설정하실 수 있도록 도와드리겠습니다."
BL,배송 주소를 제출하는 데 문제가 있습니다.,배송지,배송지 설정,"배송 주소 제출에 어려움을 겪고 계신 것으로 확인되었습니다. 불편을 끼쳐드려 죄송합니다. 추가 지원을 위해 현재 발생한 특정 문제에 대한 자세한 내용을 제공해 주시겠습니까? 오류 메시지를 받거나 기술적인 문제가 있습니까? 추가 정보를 제공해 주시면 상황을 더 잘 이해하고 더 정확한 해결 방법을 제공하는 데 도움이 됩니다. 협조해 주셔서 감사드리며, 이 문제가 해결되기를 바랍니다."
BCILP,다른 배송 주소를 입력해야 합니다. 도와주실 수 있나요?,배송지,배송지 설정,"내가 해낼게! 다른 배송 주소를 입력하는 과정을 안내해 드리겠습니다. 시작하려면 다음 단계를 따르세요. 1. 당사 웹사이트에서 고객님의 계정에 로그인하십시오. 2. ""내 계정"" 또는 ""프로필"" 섹션으로 이동합니다. 3. ""배송 주소"" 또는 유사한 옵션을 찾으십시오. 4. ""새 주소 추가"" 또는 ""배송 주소 편집"" 옵션이 표시됩니다. 선택하세요. 5. 해당 필드에 새 배송 주소의 세부 정보를 입력합니다. 6. 모든 정보가 정확하고 완전한지 다시 확인하세요. 7. 변경 사항을 저장합니다. 진행하는 동안 어려움을 겪거나 추가 문의사항이 있으면 언제든지 알려주시기 바랍니다. 저는 모든 단계에서 고객님을 돕기 위해 여기 있습니다!"
BLW,빌어먹을 배송 주소를 제출하는 데 문제가 있습니다,배송지,배송지 설정,"배송 주소 제출 문제로 불편을 끼쳐드려 죄송합니다. 저는 이 문제를 해결하는 데 도와드리겠습니다. 시작하려면 모든 필수 필드를 정확하게 입력했는지 확인하세요. 오류가 발생하지 않도록 거리명, 아파트 호수, 도시, 주, 우편번호 등 입력한 정보를 다시 확인하세요. 여전히 배송 주소를 제출할 수 없는 경우 브라우저 캐시와 쿠키를 지워보세요. 때로는 오래된 데이터가 제출 절차를 방해할 수도 있습니다. 캐시를 지운 후 웹사이트로 돌아가서 배송 주소를 다시 입력해 보세요. 문제가 지속되면 다른 웹 브라우저나 장치를 사용해 문제가 현재 사용 중인 브라우저나 장치에만 해당되는지 확인해 보세요. 위의 해결 방법 중 어느 것도 효과가 없는 경우 고객 지원팀에 문의하는 것이 좋습니다. 문제를 해결하고 배송 주소가 성공적으로 제출되었는지 확인하는 데 기꺼이 도움을 드릴 것입니다. 저희는 고객님의 경험이 원활하게 이루어질 수 있도록 최선을 다하고 있으므로 추가 지원이 필요한 경우 주저하지 말고 문의해 주세요."
BL,배송지 주소를 설정해야 해요,배송지,배송지 설정,"물론입니다! 배송 주소 설정을 도와드리겠습니다. 원활한 절차를 보장하려면 다음 단계를 따라 주세요. 1. 로그인 정보를 사용하여 계정에 로그인합니다. 2. ""내 계정"" 또는 ""프로필"" 섹션으로 이동합니다. 3. ""배송 주소"" 또는 이와 유사한 옵션을 찾으십시오. 4. ""새 주소 추가"" 또는 ""배송 주소 편집"" 선택 항목이 표시됩니다. 선택하세요. 5. 제공된 필드에 배송 주소에 필요한 세부 정보를 입력하세요. 6. 입력 내용이 정확한지 다시 확인하고 변경 사항을 저장하세요. 문제가 발생하거나 추가 문의사항이 있으면 언제든지 알려주시기 바랍니다. 고객 만족은 나의 최우선 순위입니다!"
BLM,새 배송 주소를 설정하는 데 문제가 있습니다,배송지,배송지 설정,"새 배송 주소를 설정하는 동안 문제가 발생했다는 소식을 들으니 안타깝습니다. 고객 만족은 우리에게 중요합니다. 저는 이 문제를 해결하는 데 도와드리겠습니다. 발생한 문제를 더 잘 이해할 수 있도록 발생한 특정 문제나 오류 메시지에 대한 자세한 내용을 제공해 주시겠습니까? 이를 통해 고객님께 정확한 안내를 제공하고 고객님의 새 배송 주소에 대한 원활한 설정 절차를 보장할 수 있습니다. 고객님의 의견은 소중하며, 함께 해결책을 찾기 위해 노력하겠습니다."
BL,보조 배송 주소를 설정하고 싶습니다.,배송지,배송지 설정,물론이죠! 보조 배송 주소를 설정하고 싶은 마음을 이해합니다. 고객님의 편의가 저희의 최우선 사항입니다. 계속하려면 다음 단계를 따르세요. 1. 고객님의 계정에 로그인하십시오. 2. '내 계정' 또는 '프로필' 섹션으로 이동하세요. 3. '배송 주소' 또는 이와 유사한 옵션을 찾으십시오. 4. '새 주소 추가' 또는 '배송 주소 편집' 옵션이 표시됩니다. 선택하세요. 5. 제공된 필드에 보조 배송 주소의 세부 정보를 입력합니다. 6. 변경 사항을 저장합니다. 보조 배송 주소를 설정하는 동안 문제가 발생할 경우 발생한 문제에 대해 보다 구체적인 세부정보를 제공해 주시면 기꺼이 도와드리겠습니다.
BIPQ,새 배송 주소 설정하는 것을 도와주실 수 있나요?,배송지,배송지 설정,"물론입니다! 새 배송 주소를 설정하는 데 도와드리겠습니다. 시작하려면 다음 단계를 따르세요. 1. 고객님의 계정에 로그인하십시오. 2. '내 계정' 또는 '프로필' 섹션으로 이동하세요. 3. '배송 주소' 또는 이와 유사한 옵션을 찾으십시오. 4. '새 주소 추가' 또는 '배송 주소 편집'을 클릭하세요. 5. 수취인 이름, 주소, 도시, 주, 우편번호, 연락처 등 새 배송 주소에 필요한 세부 정보를 입력하세요. 6. 제공한 정보를 검토하여 정확성을 확인하세요. 7. 변경 사항을 저장합니다. 이 절차에 대해 문제가 발생하거나 추가 질문이 있는 경우 알려주시기 바랍니다. 저는 도와주러 왔습니다!"
BL,배송 주소를 설정하는 데 문제가 있습니다,배송지,배송지 설정,"배송 주소를 설정하는 데 어려움을 겪고 계신 것으로 알고 있으며, 이 문제를 해결하는 데 도움을 드리고자 합니다. 현재 겪고 있는 문제를 더 잘 이해할 수 있도록 현재 발생한 특정 문제에 대한 자세한 내용을 제공해 주시겠습니까? 오류 메시지가 표시됩니까? 혼동을 일으키는 특정 단계나 분야가 있습니까? 추가 정보가 있으면 배송 주소가 올바르게 설정될 수 있도록 적절한 지침과 문제 해결 단계를 제공해 드릴 수 있습니다. 고객 만족이 저희의 최우선 과제이며, 저는 고객님이 이 문제에 대한 해결책을 찾을 수 있도록 최선을 다해 도와드리겠습니다."
BL,다른 배송 주소를 제출해야 합니다,배송지,배송지 설정,"다른 배송 주소를 제출하셔야 한다고 말씀드리며, 이에 대해 도와드리겠습니다. 새 배송 주소를 제출하려면 다음 단계를 따르세요. 1. 고객님의 계정에 로그인하십시오. 2. 계정 설정이나 프로필 페이지로 이동하세요. 3. ""배송 주소"" 섹션이나 유사한 옵션을 찾으십시오. 4. ""새 주소 추가"" 또는 ""배송 주소 편집""을 클릭하세요. 5. 제공된 필드에 새 배송 주소의 세부 정보를 입력하세요. 6. 입력한 정보가 정확한지 다시 한번 확인하세요. 7. 변경 사항을 저장하여 새 배송 주소를 제출하세요. 이 과정에서 어려움을 겪거나 궁금한 점이 있으면 언제든지 알려주시기 바랍니다. 저는 모든 단계에서 고객님을 돕기 위해 여기 있습니다."
BLM,보조 배송 주소를 설정하는 데 문제가 있습니다.,배송지,배송지 설정,"보조 배송 주소를 설정하는 중에 문제가 발생한다는 것을 확인했습니다. 이로 인해 불편을 끼쳐드려 죄송합니다. 추가 지원을 위해 현재 발생한 특정 문제에 대한 자세한 내용을 제공해 주시겠습니까? 오류 메시지가 표시되거나 절차를 진행하는 데 어려움이 있습니까? 이러한 문제를 해결하고 보조 배송 주소가 성공적으로 설정되었는지 확인하는 데 도움을 드리고 있으니 안심하세요. 고객 만족이 저희의 최우선 과제이며, 적절한 솔루션을 찾기 위해 함께 노력할 것입니다."
BL,다른 배송 주소를 입력하는 데 도움이 필요합니다,배송지,배송지 설정,다른 배송 주소를 입력하는 데 도움이 필요하신 것으로 확인되었습니다. 절차를 안내해 드리겠습니다. 1. 고객님의 계정에 로그인하십시오. 2. '내 계정' 또는 '프로필' 섹션으로 이동하세요. 3. '배송 주소' 또는 이와 유사한 옵션을 찾으십시오. 4. '새 주소 추가' 또는 '배송 주소 편집' 옵션이 표시됩니다. 선택하세요. 5. 제공된 필드에 새 배송 주소의 세부 정보를 입력합니다. 6. 변경 사항을 저장합니다. 어려움이 있거나 절차가 다르게 나타저는 경우 문제가 발생한 위치에 대한 자세한 내용을 제공해 주세요. 배송 주소를 성공적으로 설정할 수 있도록 기꺼이 도와드리겠습니다.
BLP,배송주소를 제출하고 싶습니다,배송지,배송지 설정,"물론이죠! 배송 주소 제출을 도와드리기 위해 왔습니다. 계속하려면 다음 단계를 따르세요. 1. 당사 웹사이트에서 고객님의 계정에 로그인하십시오. 2. ""내 계정"" 또는 ""프로필"" 섹션으로 이동합니다. 3. ""배송 주소"" 또는 유사한 옵션을 찾으십시오. 4. 제출하려는 배송 주소를 선택하거나 필요한 경우 새 주소를 추가하세요. 5. 거리 이름, 집 번호, 도시, 우편번호 등 필요한 모든 세부 정보가 정확하게 입력되었는지 확인하세요. 6. 정보 확인 후 '제출' 또는 '저장' 버튼을 클릭하면 배송지 주소 제출이 완료됩니다. 절차 중에 문제가 발생하거나 추가 지침이 필요한 경우 주저하지 말고 문의하세요. 저희는 고객님이 배송 주소를 성공적으로 제출하는 데 필요한 지원을 제공하기 위해 최선을 다하고 있습니다."
BEL,새 배송 주소를 입력할 수 없습니다.,배송지,배송지 설정,"새 배송 주소를 입력하는 데 어려움을 겪고 계시다는 점을 이해했으며, 이 문제를 해결하는 데 도움을 드리고자 합니다. 이 문제를 해결하려면 다음 단계를 수행하는 것이 좋습니다. 1. 당사 웹사이트 또는 모바일 앱에서 고객님의 계정에 로그인되어 있는지 확인하십시오. 2. 계정 설정의 '계정' 또는 '프로필' 섹션으로 이동하세요. 3. '배송 주소' 또는 '배송 주소'라고 표시된 옵션을 찾으십시오. 4. 현재 주소 목록에 액세스하려면 해당 주소를 클릭하세요. 5. 이미 배송주소가 저장되어 있는 경우, 새 주소를 입력하는 대신 수정해 보세요. 그렇지 않은 경우 다음 단계로 진행하세요. 6. '새 주소 추가' 또는 '새 배송 주소 입력' 옵션을 찾아 선택하세요. 7. 수취인의 이름, 거리 주소, 도시, 주, 우편번호 및 아파트 번호나 특별 배송 지침과 같은 추가 세부정보를 포함하여 필요한 모든 정보를 입력하세요. 8. 입력한 내용이 정확한지 다시 한번 확인하세요. 9. 마지막으로 새 주소를 저장하여 배송 기본 설정을 업데이트하세요. 이러한 단계를 수행한 후에도 문제가 계속 발생하는 경우 오류 메시지나 비정상적인 동작 등 발생한 문제에 대한 보다 구체적인 세부정보를 제공해 주시면 이 문제를 해결하는 데 도움을 드릴 수 있습니다."
BILZ,배송 주소를 설정할 수 있나요?,배송지,배송지 설정,과연! 배송 주소 설정에 도움을 드리게 되어 기쁘게 생각합니다. 그렇게 하려면 다음 단계를 따라 주세요. 1. 고객님의 계정에 로그인하십시오. 2. '내 계정' 또는 '프로필' 섹션으로 이동하세요. 3. '배송 주소' 또는 이와 유사한 옵션을 찾으십시오. 4. '새 주소 추가'를 선택하여 새 배송 주소를 생성하세요. 5. 원하는 배송 주소를 필수 입력란에 입력하세요. 6. 모든 정보가 정확한지 확인한 후 변경 사항을 저장합니다. 도중에 어려움이 있거나 추가 안내가 필요한 경우 언제든지 알려주시기 바랍니다. 원활한 배송 주소 설정 절차를 보장하기 위해 모든 단계에서 도움을 드리고 있습니다.
BLQ,보조 배송 주소를 입력할 수 없습니다,배송지,배송지 설정,보조 배송 주소 입력 문제로 불편을 끼쳐드려 죄송합니다. 이 문제를 해결하기 위해 함께 노력합시다. 발생한 문제에 대한 자세한 내용을 제공해 주시겠습니까? 구체적으로 어느 단계에서 어려움을 겪고 있는지 알려주시면 그에 맞게 안내해 드리겠습니다. 안심해 주세요. 저는 모든 단계에서 고객님을 도와드릴 것입니다.
BL,보조 배송 주소를 제출하는 중에 오류가 발생했습니다,배송지,배송지 설정,보조 배송 주소를 제출하는 중에 오류가 발생했다는 연락을 받았습니다. 이 문제로 인해 불편을 끼쳐드려 죄송합니다. 이 문제를 해결하려면 다음 단계를 시도해 보시기 바랍니다. 1. 입력한 정보가 정확한지 다시 한번 확인하세요. 오타나 세부정보 누락 등 주소에 오류가 있으면 제출이 완료되지 않을 수 있습니다. 2. 모든 필수 필드가 작성되었는지 확인하십시오. 일부 필드는 필수 항목일 수 있으므로 올바르게 입력했는지 확인하세요. 3. 브라우저 캐시와 쿠키를 지웁니다. 때때로 이는 양식 제출을 방해할 수 있습니다. 캐시를 지운 후 주소를 다시 제출해 보세요. 4. 다른 웹 브라우저나 장치로 전환하십시오. 문제가 지속되면 대체 브라우저나 장치를 사용하면 호환성 문제인지 확인하는 데 도움이 될 수 있습니다. 5. 추가 지원이 필요하면 고객 지원팀에 문의하세요. 이들은 고급 도구에 액세스할 수 있으며 고객님의 계정과 관련된 문제 해결 단계를 안내해 드릴 수 있습니다. 이러한 단계를 수행해도 오류가 해결되지 않으면 오류 메시지 또는 발생한 특정 문제에 대한 자세한 내용을 제공해 주세요. 이 정보는 문제를 더 잘 이해하고 보다 구체적인 솔루션을 제공하는 데 도움이 됩니다. 저희는 이 문제를 신속하게 해결하기 위해 최선을 다하고 있으며 해결을 위해 노력하는 동안 양해해 주셔서 감사합니다.
BL,보조 배송 주소를 설정하는 중에 오류가 발생했습니다.,배송지,배송지 설정,보조 배송 주소를 설정하는 동안 오류가 발생했다는 소식을 듣고 안타깝게 생각합니다. 저는 이것이 얼마나 실망스러울 수 있는지 이해합니다. 더 나은 지원을 위해 발생한 특정 오류 메시지나 문제에 대한 자세한 내용을 제공해 주시겠습니까? 이 정보는 문제를 식별하고 가능한 한 빨리 해결책을 찾는 데 도움이 됩니다. 고객님의 인내와 협조에 감사드립니다.
BIQ,다른 배송 주소를 설정하는 데 도움을 줄 수 있나요?,배송지,배송지 설정,"다른 배송 주소를 설정하는 동안 불편을 끼쳐드려 죄송합니다. 다양한 배송 옵션을 갖는 것이 얼마나 중요한지 이해합니다. 다른 배송 주소를 설정하려면 다음 단계를 따르세요. 1. 고객님의 계정에 로그인하십시오. 2. '내 계정' 또는 '프로필' 섹션으로 이동하세요. 3. '배송 주소' 또는 이와 유사한 섹션을 찾으십시오. 4. '새 주소 추가' 또는 '배송 주소 편집' 옵션이 있어야 합니다. 선택하세요. 5. 제공된 필드에 새 배송 주소에 필요한 세부 정보를 제공합니다. 6. 변경 사항을 저장합니다. 어려움을 겪거나 절차가 제가 설명한 것과 다른 경우, 어려움을 겪고 있는 부분에 대한 추가 정보를 주저하지 말고 제공해 주세요. 저는 고객님을 추가로 지원하고 고객님의 새 배송 주소에 대한 원활한 설정 절차를 보장하기 위해 왔습니다."
BIL,보조 배송 주소를 제출하는 데 도움을 주실 수 있나요?,배송지,배송지 설정,"내가 해낼게! 보조 배송 주소를 제출하는 데 도움을 드리고자 왔습니다. 원활한 절차를 보장하기 위해 함께 진행합시다. 1. 고객님의 계정에 로그인하고 '내 계정' 섹션으로 이동하십시오. 2. 일반적으로 '프로필' 또는 '설정' 탭에 있는 '배송 주소' 또는 이와 유사한 옵션을 찾으십시오. 3. '새 주소 추가' 또는 '배송 주소 편집' 버튼을 선택합니다. 4. 수취인 이름, 주소, 도시, 주, 우편번호 및 기타 관련 정보 등 필수 필드를 입력합니다. 5. 입력한 정보를 검토하여 정확성을 확인하세요. 6. '제출' 또는 '저장' 버튼을 선택하여 변경 사항을 저장합니다. 이 과정에서 어려움을 겪거나 궁금한 점이 있으면 언제든지 알려주시기 바랍니다. 보조 배송 주소를 성공적으로 제출하는 데 필요할 수 있는 모든 지원을 제공해 드리겠습니다."
BLM,보조 배송 주소를 제출하는 중에 오류가 발생했습니다.,배송지,배송지 설정,"보조 배송 주소 제출과 관련하여 불편을 끼쳐드려 죄송합니다. 저는 이 문제를 해결하는 데 도와드리겠습니다. 문제를 더 잘 이해할 수 있도록 발생한 오류에 대한 자세한 내용을 제공해 주시겠습니까? 구체적으로, 오류 메시지를 받았거나 주소 입력에 어려움을 겪은 경우 알려주시기 바랍니다. 더 많은 정보를 얻으면 더 효과적으로 도움을 드리고 해결 방법을 안내해 드릴 수 있습니다. 고객 만족이 저희의 최우선 사항이며, 가능한 한 빨리 이 문제를 해결하기 위해 최선을 다하고 있습니다."
BELZ,새 배송 주소를 유효한 것으로 제출할 수 없습니다.,배송지,배송지 설정,새 배송 주소를 유효한 것으로 제출하는 데 문제가 있는 것으로 확인됩니다. 이로 인해 불편을 끼쳐드려 죄송합니다. 어려움을 겪는 데에는 몇 가지 이유가 있을 수 있습니다. 더 나은 지원을 위해 오류 메시지나 제출 과정에서 발생한 특정 문제에 대한 자세한 내용을 제공해 주시기 바랍니다. 이 정보를 통해 보다 구체적인 지침을 제공하고 최대한 빨리 문제를 해결하도록 도와드릴 수 있습니다. 문의해 주시고 도움을 드릴 수 있는 기회를 주셔서 감사합니다.
BL,새 배송 주소를 입력하는 중에 오류가 발생했습니다.,배송지,배송지 설정,"새 배송 주소를 입력하는 중에 오류가 발생하는 것으로 확인되었습니다. 불편을 끼쳐드려 죄송합니다. 더 나은 지원을 위해 오류 메시지나 발생한 특정 문제에 대한 자세한 내용을 제공해 주시겠습니까? 이 정보는 문제를 식별하고 해결책을 찾는 데 도움이 됩니다. 저희 팀은 이 문제를 즉시 해결하고 고객님의 새 배송 주소가 성공적으로 입력되도록 최선을 다하고 있습니다. 협조해 주셔서 감사드리며, 이 문제를 해결하기 위해 함께 노력하는 동안 양해해 주셔서 감사합니다."
BLZ,보조 배송 주소를 설정하려고 합니다.,배송지,배송지 설정,보조 배송 주소를 설정하려고 하시는 것으로 확인되었습니다. 불편을 끼쳐드려 죄송합니다. 이 과정을 지원하려면 다음 단계를 따르세요. 1. 고객님의 계정에 로그인하십시오. 2. '내 계정' 또는 '프로필' 섹션으로 이동하세요. 3. '배송 주소' 또는 이와 유사한 옵션을 찾으십시오. 4. '새 주소 추가' 또는 '배송 주소 편집' 옵션을 선택하세요. 5. 2차 배송지 정보를 정확하게 입력해주세요. 6. 변경 사항을 저장합니다. 어려움이 있거나 절차가 다르게 나타저는 경우 문제가 있는 부분에 대한 자세한 내용을 제공해 주시면 기꺼이 추가 지원을 제공해 드리겠습니다. 저희는 고객님의 배송 주소가 정확하고 효율적으로 설정되었는지 확인하기 위해 왔습니다.
BL,배송주소를 어떻게 설정하는지 모르겠어요,배송지,배송지 설정,"배송 주소 설정 방법을 잘 모르신다는 연락을 받았습니다. 배송 주소를 설정하는 것은 주문한 상품이 올바른 위치로 배송되도록 하기 위한 필수 단계입니다. 절차를 안내해 드리겠습니다. 1. 고객님의 계정에 로그인하여 시작하십시오. 2. ""내 계정"" 또는 ""프로필"" 섹션을 찾아 클릭하세요. 3. 계정 설정 내에서 ""배송 주소"" 또는 이와 유사한 섹션을 검색하십시오. 4. ""새 주소 추가"" 또는 ""배송 주소 편집"" 옵션을 찾아야 합니다. 그것을 클릭하세요. 5. 수취인의 이름, 거리 주소, 도시, 주, 우편번호 및 기타 필수 정보를 포함하여 배송 주소에 필요한 세부 정보를 입력하세요. 6. 모든 세부 사항을 정확하게 입력한 후에는 변경 사항을 저장하는 것을 잊지 마십시오. 진행 중에 어려움이 있거나 특정 질문이 있는 경우, 주저하지 말고 문의해 주세요. 고객님의 배송 주소가 올바르게 설정되었는지 확인하고 필요한 추가 지원을 제공해 드리겠습니다."
BCLQ,배송 주소를 설정하고 싶어 도와줘,배송지,배송지 설정,"배송 주소 설정을 원하신다니 반갑습니다! 저는 모든 단계에서 고객님을 돕기 위해 여기 있습니다. 시작하려면 다음 지침을 따라 주세요. 1. 당사 웹사이트에서 고객님의 계정에 로그인하십시오. 2. ""내 계정"" 또는 ""프로필"" 섹션으로 이동합니다. 3. ""배송 주소"" 또는 유사한 옵션을 찾으십시오. 4. ""새 주소 추가"" 또는 ""배송 주소 편집""을 클릭하세요. 5. 보조 주소를 포함하여 배송 주소에 필요한 세부 정보를 입력합니다. 6. 모든 정보가 정확한지 다시 확인하고 ""저장""을 클릭하여 변경 사항을 제출하세요. 이 과정에서 문제가 발생하거나 추가 질문이 있는 경우 언제든지 알려주시기 바랍니다. 저는 고객님의 배송 주소 설정이 원활하게 이루어지도록 하기 위해 왔습니다!"
BIL,보조 배송 주소는 어떻게 입력하나요?,배송지,배송지 설정,보조 배송지 입력에 관해 문의하신 내용을 확인했습니다. 절차를 안내해 드리겠습니다. 1. 당사 웹사이트나 앱에서 고객님의 계정에 로그인하세요. 2. '내 계정' 또는 '프로필' 섹션으로 이동하세요. 3. '배송 주소' 또는 이와 유사한 옵션을 찾으십시오. 4. '새 주소 추가' 또는 '배송 주소 편집'을 선택합니다. 5. 필수 입력란에 보조 배송 주소 세부정보를 입력하세요. 6. 입력된 정보가 정확한지 확인하고 변경사항을 저장하세요. 문제가 발생하거나 절차가 다르게 나타저는 경우 문제가 있는 부분에 대한 자세한 내용을 알려주시면 기꺼이 도와드리겠습니다.
BL,새 배송 주소를 설정하는 데 도움을 주세요,배송지,배송지 설정,"내가 해낼게! 새 배송 주소를 설정하는 데 도와드리겠습니다. 새 배송 주소를 설정하는 과정은 간단합니다. 진행 방법은 다음과 같습니다. 1. 당사 웹사이트나 앱에서 고객님의 계정에 로그인하세요. 2. ""내 계정"" 또는 ""프로필"" 섹션으로 이동합니다. 3. ""배송 주소"" 또는 유사한 옵션을 찾으십시오. 4. ""새 주소 추가"" 또는 ""배송 주소 편집""을 클릭하세요. 5. 거리 주소, 도시, 주, 우편번호 등 새 배송 주소에 필요한 세부 정보를 입력합니다. 6. 입력한 모든 정보가 정확한지 다시 한번 확인하세요. 7. 변경 사항을 저장하면 모든 준비가 완료됩니다! 어려움이 있거나 절차가 제가 설명한 것과 다른 경우, 직면한 특정 문제에 대한 추가 정보를 제공해 주시면 기꺼이 도와드리겠습니다."
BCIL,배송지 주소를 설정해야 하는데 어떻게 해야 하나요?,배송지,배송지 설정,"물론입니다! 배송 주소 설정 과정을 안내해 드리고자 왔습니다. 다음 단계를 따라 주세요. 1. 당사 웹사이트에서 고객님의 계정에 로그인하십시오. 2. '내 계정' 또는 '프로필' 섹션으로 이동하세요. 3. '배송 주소' 또는 이와 유사한 옵션을 찾으십시오. 4. 그것을 클릭하면 현재 배송 주소 목록이 표시됩니다. 5. 새 배송 주소를 설정하려면 '새 주소 추가' 또는 '배송 주소 추가' 버튼을 클릭하세요. 6. 수취인 이름, 주소, 연락처 등 새로운 배송지 정보를 필수 입력란에 입력하세요. 7. 입력한 모든 정보가 정확하고 완전한지 확인하십시오. 8. 변경 사항을 저장하면 새 배송 주소가 성공적으로 설정됩니다! 이 단계를 수행하는 동안 문제가 발생하거나 추가 지원이 필요한 경우 언제든지 알려주시기 바랍니다. 기꺼이 도와드리겠습니다."
BL,보조 배송 주소를 유효하게 설정할 수 없는 이유,배송지,배송지 설정,"보조 배송 주소를 유효하게 설정할 수 없다는 점에 대한 고객님의 불만과 혼란을 이해합니다. 이 문제를 해결하기 위해 함께 노력합시다. 보조 배송 주소가 유효한지 확인하려면 다음 사항을 다시 확인하세요. 1. 거리명, 도시, 주, 우편번호 등 필수 항목이 모두 올바르게 입력되었는지 확인하세요. 필수 정보를 누락하지 않았는지 확인하세요. 2. 주소에 오타나 철자 오류가 없는지 확인하세요. 작은 실수라도 주소가 유효한 것으로 인식되지 않을 수 있습니다. 3. 보조 배송 주소가 당사 시스템에서 설정한 주소 형식 요구 사항을 충족하는지 확인하세요. 국가나 지역에 따라 주소 형식이 다를 수 있으므로 올바른 형식을 따르고 있는지 확인하세요. 이 단계를 수행했지만 여전히 문제가 발생하는 경우 고객 지원팀에 문의해 주세요. [고객센터전화번호]로 연중무휴 24시간 이용 가능하거나 당사 웹사이트 [웹사이트/메뉴]의 라이브 채팅을 통해 이용 가능합니다. 당사의 전담 지원팀이 이 문제를 해결하고 보조 배송 주소가 올바르게 설정되었는지 확인하는 데 도움을 드릴 것입니다. 고객님의 인내와 협조에 감사드립니다."
BL,배송지 주소를 입력하려고 합니다.,배송지,배송지 설정,"현재 배송지 주소를 입력하려고 하시는 것으로 확인되었습니다. 이 문제를 해결하고 절차를 원활하게 진행하기 위해 함께 노력하겠습니다. 다음은 고객님을 돕기 위한 단계별 가이드입니다. 1. 당사 웹사이트나 앱에서 고객님의 계정에 로그인하세요. 2. '설정' 또는 '계정 설정' 섹션으로 이동하세요. 3. ""배송 주소"" 또는 ""배송 주소"" 옵션을 찾으세요. 4. 이를 클릭하고 ""새 주소 추가"" 또는 ""주소 편집""을 선택하십시오. 5. 이름, 거리 주소, 도시, 주, 우편번호 등 배송 주소에 필요한 세부 정보를 입력하세요. 6. 입력한 모든 정보가 정확한지 다시 확인하고 ""저장"" 또는 ""업데이트""를 클릭하세요. 문제가 발생하거나 절차가 제가 설명한 것과 다른 경우, 주저하지 마시고 자세한 내용을 알려주시면 기꺼이 도와드리겠습니다. 고객 만족이 저희의 최우선 사항이며, 저희는 이를 고객님께 적합하게 만들기 위해 최선을 다하고 있습니다."
BIL,다른 배송 주소를 어떻게 제출하나요?,배송지,배송지 설정,확실히! 다른 배송 주소를 제출하는 데 도움을 드리고자 왔습니다. 다음 단계를 따르세요. 1. 고객님의 계정에 로그인하십시오. 2. '내 계정' 또는 '프로필' 섹션으로 이동하세요. 3. '배송 주소' 또는 이와 유사한 옵션을 찾으십시오. 4. '새 주소 추가' 또는 '새 배송 주소 제출'을 선택하고 선택하세요. 5. 제공된 필드에 새 배송 주소의 세부 정보를 입력합니다. 6. 변경 사항을 저장합니다. 어려움이 있거나 절차가 다른 경우 문제가 있는 부분에 대해 보다 구체적인 정보를 제공해 주시면 기꺼이 추가 지원을 제공해 드리겠습니다.
BCIL,새로운 배송 주소를 입력해야 하는데 어떻게 하나요?,배송지,배송지 설정,"새 배송 주소를 입력해야 한다는 점을 잘 알고 있으며, 이 과정을 도와드리겠습니다. 새 배송 주소를 추가하려면 아래 단계를 따르세요. 1. 당사 웹사이트 또는 모바일 앱에서 고객님의 계정에 로그인하십시오. 2. '내 계정' 또는 '프로필' 섹션으로 이동하세요. 3. '배송 주소' 또는 이와 유사한 옵션을 찾으십시오. 4. '새 주소 추가' 또는 '배송 주소 편집'을 클릭하세요. 5. 거리 이름, 아파트 번호, 도시, 주, 우편번호 등 새 배송 주소의 세부정보로 모든 필수 필드를 입력하세요. 6. 입력한 정보가 정확한지 다시 한 번 확인한 후 '저장' 또는 '업데이트'를 클릭하여 새 배송 주소 추가를 완료하세요. 절차 중에 문제가 발생하거나 추가 지원이 필요한 경우 주저하지 말고 문의하세요. 필요한 업데이트를 수행하고 원활한 배송 경험을 보장할 수 있도록 도와드리겠습니다."
BCL,보조 배송 주소를 입력해야 합니다. 도와주세요.,배송지,배송지 설정,"보조 배송 주소를 입력하는 데 도움이 필요하다는 점을 확인했습니다. 고객 만족이 저희의 최우선 과제입니다. 절차를 단계별로 안내해 드리겠습니다. 1. 로그인 정보를 사용하여 계정에 로그인합니다. 2. 일반적으로 페이지 오른쪽 상단에 있는 ""내 계정"" 또는 ""프로필"" 섹션으로 이동합니다. 3. ""배송 주소"" 또는 유사한 옵션을 찾으십시오. 4. ""새 주소 추가"" 또는 ""배송 주소 편집"" 옵션을 선택합니다. 5. 거리 주소, 도시, 주, 우편번호 및 기타 필수 정보 등 필요한 모든 필드를 입력합니다. 6. 적절한 옵션을 선택하거나 가능한 경우 상자를 선택하여 이 주소를 보조 배송 주소로 지정하십시오. 7. 원활한 배송 진행을 위해 입력하신 정보가 정확한지 다시 한 번 확인해주세요. 8. 보조 배송 주소를 성공적으로 저장하려면 변경 사항을 저장하세요. 여전히 어려움이 있거나 사용 중인 플랫폼에 따라 절차가 다른 경우 추가 세부정보를 제공해 주시면 기꺼이 도와드리겠습니다."
BIL,보조 배송 주소는 어디에 제출할 수 있나요?,배송지,배송지 설정,"보조 배송 주소를 제출할 위치에 대한 지침을 찾고 계시는 것 같습니다. 올바른 길을 찾는 데 도움을 드리겠습니다. 보조 배송 주소를 제출하려면 다음 단계를 따르세요. 1. 당사 웹사이트에서 고객님의 계정에 로그인하십시오. 2. ""내 계정"" 또는 ""프로필"" 섹션으로 이동합니다. 3. ""배송 주소"" 또는 유사한 옵션을 찾으십시오. 4. 이 섹션에는 ""새 주소 추가"" 또는 ""배송 주소 편집"" 옵션이 있습니다. 선택하세요. 5. 주소 라인, 도시, 주, 우편번호 및 기타 관련 정보 등 필수 세부 정보를 입력합니다. 6. 제출된 주소가 정확한지 확인한 후 변경 사항을 저장하세요. 이 단계를 수행하는 동안 문제가 발생하거나 추가 질문이 있는 경우 언제든지 알려주시기 바랍니다. 저는 이 과정 전반에 걸쳐 고객님께 필요할 수 있는 모든 지원을 제공해 드리겠습니다."
BL,새 배송 주소를 입력하는 데 도움이 필요합니다,배송지,배송지 설정,"새 배송 주소를 입력하는 데 도움이 필요하신 것으로 알고 있습니다. 저는 도와주러 왔습니다! 원활한 절차를 보장하려면 다음 단계를 따라 주세요. 1. 고객님의 계정에 로그인하십시오. 2. '배송 주소' 또는 '배송 주소' 섹션을 찾으세요. 3. '새 주소 추가' 또는 '주소 편집' 옵션을 찾으세요. 4. 거리명, 도시, 주, 우편번호 등 새 배송 주소에 필요한 세부정보를 입력하세요. 5. 정보가 정확한지 다시 확인하세요. 6. 변경 사항을 저장합니다. 새 배송 주소를 입력하는 동안 문제가 발생하거나 추가 안내가 필요한 경우 언제든지 알려주시기 바랍니다. 전 과정 전반에 걸쳐 도움을 드릴 수 있습니다."
BELZ,두 번째 배송 주소를 유효하게 입력할 수 없는 이유,배송지,배송지 설정,"유효한 보조 배송 주소를 입력할 수 없는 문제로 인해 불편을 끼쳐 드린 점 이해합니다. 이 문제를 함께 조사하고 해결책을 찾아봅시다. 먼저, 보조 배송 주소에 대한 세부 정보를 정확하게 입력했는지 확인하세요. 거리 이름, 집 번호, 도시, 주, 우편번호 등 각 구성 요소의 철자, 형식 및 정확성을 다시 확인하세요. 또한 해당하는 경우 아파트 번호나 층수 등 필요한 추가 정보를 제공했는지 확인하세요. 주소 입력이 올바른지 확인한 후에도 여전히 문제가 발생하는 경우 문제를 일으키는 다른 요인이 있을 수 있습니다. 우리 시스템에 일시적인 결함이 있거나 특정 주소의 입력을 막는 제한 사항이 있을 수 있습니다. 이러한 문제를 해결하려면 고객 지원팀에 문의하는 것이 좋습니다. 이들은 전문 도구와 리소스에 접근할 수 있으며 문제를 더 자세히 조사하고 맞춤형 지원을 제공할 수 있습니다. 당사 고객 지원팀은 전화, 이메일, 라이브 채팅 등 다양한 채널을 통해 연락할 수 있습니다. [운영시간/기간]([고객센터전화번호]) 또는 당사 웹사이트([웹사이트/메뉴])의 라이브 채팅을 통해 이용 가능합니다. 연락할 때 발생한 문제와 관련된 오류 메시지나 구체적인 세부정보를 알려주시기 바랍니다. 이렇게 하면 조사에 도움이 되고 신속한 해결 가능성이 높아집니다. 고객님이 보조 배송 주소를 성공적으로 입력할 수 있도록 최선을 다하고 있으니 안심해 주세요. 고객 만족이 저희의 최우선 사항이며, 저희는 고객님을 위해 이 문제를 해결하기 위해 부지런히 노력할 것입니다."
BEL,보조 배송 주소를 유효하게 입력할 수 없는 이유,배송지,배송지 설정,"유효한 보조 배송 주소를 입력할 수 없어 불편을 끼쳐 드린 점 이해합니다. 고객님이 어려움을 겪는 데에는 몇 가지 이유가 있을 수 있습니다. 이는 당사 시스템의 기술적인 문제일 수도 있고, 주소가 유효한 것으로 간주되기 위해 충족해야 하는 특정 형식이나 요구 사항이 있을 수도 있습니다. 이 문제를 해결하려면 다음 단계를 따르는 것이 좋습니다. 1. 형식을 다시 확인하세요. 보조 배송 주소를 올바른 형식으로 입력했는지 확인하세요. 때로는 아파트 번호를 포함하거나 거리 이름에 약어를 사용하는 등 특정 요구 사항이 있을 수 있습니다. 2. 오류 확인: 입력한 세부정보에 오타나 오류가 있는지 주의 깊게 검토하세요. 사소한 실수라도 주소가 유효하지 않은 것으로 간주될 수 있습니다. 3. 고객지원팀에 문의하세요. 올바른 형식을 따랐고 오류가 없다면 당사 측에 기술적인 문제가 있을 수 있습니다. 고객 지원팀에 연락하여 발생한 문제에 대한 구체적인 오류 메시지나 세부 정보를 제공하세요. 추가 지원을 제공하고 문제 해결에 도움을 드릴 수 있습니다. 이로 인해 불편을 끼쳐드려 죄송합니다. 저희 팀은 고객님이 보조 배송 주소를 성공적으로 설정할 수 있도록 최선을 다하고 있으며, 문제를 해결하는 동안 기다려 주시고 이해해 주셔서 감사합니다."
BIL,배송 주소는 어떻게 설정하나요?,배송지,배송지 설정,"배송 주소 설정 방법에 대한 안내를 요청하신 것으로 확인되었습니다. 이는 주문 과정의 필수적인 부분이며 제가 도와드리겠습니다. 배송 주소를 설정하려면 다음 단계를 따르세요. 1. 당사 웹사이트나 앱에서 고객님의 계정에 로그인하세요. 2. ""내 계정"" 또는 ""프로필"" 섹션으로 이동합니다. 3. ""배송"" 또는 ""배송 주소"" 옵션을 찾으세요. 4. 배송 주소를 ""추가"" 또는 ""수정""할 수 있는 옵션이 표시됩니다. 선택하세요. 5. 수취인 이름, 거리 주소, 도시, 주, 우편번호 등 필수 필드를 모두 입력하세요. 6. 모든 정보가 정확하고 완전한지 다시 확인하세요. 7. 변경 사항을 저장합니다. 어려움이 있거나 절차가 다른 경우 알려주시면 기꺼이 도와드리겠습니다. 고객 만족이 최우선이며, 번거로움 없이 배송 주소를 설정할 수 있도록 하겠습니다."
BLQZ,배송 주소를 입력하고 싶어요,배송지,배송지 설정,"고객님이 배송 주소를 입력하고 싶어 한다는 것을 알고 있으며, 그 과정을 안내해 드리고자 왔습니다. 배송 주소를 입력하려면 다음 단계를 따르세요. 1. 당사 웹사이트 또는 모바일 앱에서 고객님의 계정에 로그인하십시오. 2. ""내 계정"" 또는 ""프로필"" 섹션으로 이동합니다. 3. ""배송"" 또는 ""배송"" 주소를 관리하는 옵션을 찾으세요. 4. 해당 옵션을 선택하면 새 주소를 추가하라는 메시지가 표시됩니다. 5. 수취인의 이름, 거리 주소, 도시, 주, 우편번호 등 필수 세부정보를 입력하세요. 6. 입력한 정보가 정확하고 정확한지 다시 한번 확인하세요. 7. 변경 사항을 저장하면 새 배송 주소가 계정에 추가됩니다. 이 과정에서 어려움을 겪거나 궁금한 점이 있으면 언제든지 알려주시기 바랍니다. 저는 모든 단계에서 고객님을 돕기 위해 여기 있습니다."
BLQ,배송 주소를 제출하는 데 도움이 필요해요,배송지,배송지 설정,배송 주소 제출과 관련하여 도움을 요청해 주셔서 감사합니다. 저는 고객님께 그 과정을 안내하기 위해 왔습니다. 다음 단계를 따라 주세요. 1. 고객님의 계정에 로그인하십시오. 2. '내 계정' 또는 '프로필' 섹션으로 이동하세요. 3. '배송 주소' 또는 이와 유사한 옵션을 찾으십시오. 4. 목록에서 제출하려는 주소를 선택하거나 '새 주소 추가' 버튼을 클릭하여 새 주소를 입력하세요. 5. 배송 주소의 정확한 세부정보로 모든 필수 필드를 입력하세요. 6. 입력한 정보가 정확한지 다시 한 번 확인한 후 '제출' 또는 '저장' 버튼을 클릭하여 제출을 완료하세요. 문제가 발생하거나 시스템이 설명된 내용과 다른 경우 알려주시면 추가 지원을 제공해 드리겠습니다.
BL,다른 배송 주소를 설정하는 중에 문제가 발생했습니다,배송지,배송지 설정,다른 배송 주소를 설정하는 데 문제가 있다는 소식을 들으니 안타깝습니다. 저는 고객님의 주소 정보를 원활하고 원활하게 입력하는 과정의 중요성을 이해합니다. 더 나은 지원을 위해 고객님이 직면한 문제에 대한 보다 구체적인 정보를 제공해 주시겠습니까? 오류 메시지가 발생했거나 시스템이 입력한 주소를 받아들이지 않습니까? 문제의 정확한 성격을 이해함으로써 가장 정확한 지침을 제공하고 문제를 효과적으로 해결하는 데 도움을 드릴 수 있습니다.
BL,보조 배송 주소를 제출해야 합니다,배송지,배송지 설정,"물론이죠! 보조 배송 주소를 제출해야 하는 것으로 알고 있습니다. 우리 시스템은 유연성과 편의성을 제공하기 위해 여러 배송 주소를 수용하도록 설계되었습니다. 보조 배송 주소를 제출하려면 다음 단계를 따르세요. 1. 고객님의 계정에 로그인하십시오. 2. 프로필 또는 계정 설정으로 이동합니다. 3. 배송 주소를 관리하는 옵션을 찾으세요. 4. ""새 주소 추가"" 또는 ""주소 편집"" 버튼을 클릭하십시오. 5. 수취인 이름, 주소 라인, 도시, 우편번호 및 필요한 추가 세부정보를 포함하여 보조 배송 주소의 세부정보를 입력하세요. 6. 변경 사항을 저장하기 전에 정보가 정확한지 다시 확인하세요. 절차 중에 문제가 발생하거나 추가 지원이 필요한 경우 주저하지 말고 문의해 주세요. 보조 배송 주소를 원활하고 성공적으로 제출할 수 있도록 모든 단계에서 도움을 드리고 있습니다."
BLW,빌어먹을 배송 주소를 입력할 수 없어요,배송지,배송지 설정,배송 주소를 입력하는 동안 불편을 끼쳐드려 죄송합니다. 저는 정확한 배송 정보를 갖는 것이 얼마나 중요한지 완전히 이해합니다. 추가 지원을 위해 고객님이 직면한 특정 문제에 대한 자세한 내용을 제공해 주시겠습니까? 입력 필드에 오류 메시지나 어려움이 있습니까? 이 정보는 문제를 해결하고 맞춤형 솔루션을 제공하는 데 도움이 됩니다. 안심하세요. 저는 이 문제를 즉시 해결하고 배송 주소가 성공적으로 입력되도록 최선을 다하겠습니다.
BILQ,배송 주소를 설정할 수 있나요,배송지,배송지 설정,"확실히! 배송 주소를 설정해야 한다는 점을 충분히 이해합니다. 안심하세요. 제가 절차를 안내해 드리겠습니다. 새 배송 주소를 설정하려면 다음 단계를 따르세요. 1. 고객님의 계정에 로그인하십시오. 2. 계정 설정 내 '배송 주소' 섹션으로 이동하세요. 3. '새 주소 추가' 또는 '배송 주소 편집' 옵션을 찾으세요. 4. 계속 진행하려면 언급된 옵션을 클릭하세요. 5. 수취인 이름, 거리 주소, 도시, 우편번호, 연락처 등 새 배송 주소에 필요한 정보를 입력하세요. 6. 필요한 세부 정보를 모두 입력한 후 정보가 정확한지 검토하고 변경 사항을 저장합니다. 문제가 발생하거나 절차가 다르게 보이는 경우 문제가 발생한 부분에 대해 보다 구체적인 세부정보를 제공해 주시면 기꺼이 도와드리겠습니다. 배송 주소 설정에 대한 고객 만족이 최우선입니다."
BL,내 새 배송 주소 설정 도와줘,배송지,배송지 설정,저는 고객님이 새 배송 주소를 설정하는 데 도움을 구하고 있다는 사실을 알고 있습니다. 저는 고객님이 절차를 탐색하는 데 도와드리겠습니다. 1. 고객님의 계정에 로그인하십시오. 2. '내 계정' 또는 '프로필' 섹션으로 이동합니다. 3. '배송 주소' 또는 이와 유사한 옵션을 찾으십시오. 4. '새 주소 추가' 또는 '배송 주소 편집' 옵션을 선택하십시오. 5. 새 배송 주소의 세부정보를 필수 입력란에 입력하세요. 6. 입력된 정보가 정확한지 다시 한번 확인하세요. 7. 배송 주소를 업데이트하려면 변경 사항을 저장하세요. 진행 중에 문제가 발생하거나 추가 문의사항이 있는 경우 언제든지 알려주시면 기꺼이 도와드리겠습니다.
BL,새 배송 주소를 설정하는 중에 문제가 발생했습니다,배송지,배송지 설정,"새 배송 주소를 설정하는 데 어려움을 겪고 계신 것으로 알고 있습니다. 불편을 끼쳐드려 죄송합니다. 이 문제를 해결하려면 다음 단계를 시도해 보시기 바랍니다. 1. 이름, 주소, 연락처, 기타 필수 정보를 포함하여 모든 필수 항목을 올바르게 입력했는지 다시 확인하세요. 2. 주소 세부정보에 오타나 오류가 없는지 확인하세요. 철자, 약어, 형식에 세심한 주의를 기울이세요. 3. 브라우저 캐시와 쿠키를 지우거나 다른 브라우저나 기기에서 웹사이트에 접속해 보세요. 때로는 기술적인 문제로 인해 주소 설정 절차가 방해를 받을 수 있습니다. 4. 문제가 지속되면 고객 지원팀에 문의하여 추가 지원을 받으세요. [운영시간/기간]([고객센터전화번호]) 또는 당사 웹사이트([웹사이트/메뉴])의 라이브 채팅을 통해 이용 가능합니다. 그들은 절차를 안내하고 발생할 수 있는 특정 문제를 해결할 수 있습니다. 저희 팀은 고객님이 이 문제를 극복하고 배송 주소가 올바르게 설정되도록 돕기 위해 왔습니다. 추가 지원이 필요하면 주저하지 말고 문의해 주세요."
BILQZ,내 배송 주소를 제출할 수 있나요?,배송지,배송지 설정,"고객님의 메시지를 통해 고객님이 배송 주소 제출에 대해 문의하고 있는 것으로 추론했습니다. 전적으로! 고객님의 편의를 보장하기 위해 절차를 최대한 원활하게 만들었습니다. 배송 주소를 제출하는 방법은 다음과 같습니다. 1. 당사 웹사이트에서 고객님의 계정에 로그인하십시오. 2. ""내 계정"" 또는 ""프로필"" 섹션으로 이동합니다. 3. ""배송 주소"" 또는 유사한 옵션을 찾으십시오. 4. ""새 주소 추가"" 또는 ""배송 주소 편집"" 옵션을 선택합니다. 5. 이름, 거리, 도시, 주, 우편번호를 포함한 배송 주소 세부정보를 입력하세요. 6. 입력한 정보가 정확한지 다시 확인하고 변경 사항을 저장하세요. 다음 단계를 따르면 배송 주소를 성공적으로 제출하게 됩니다. 도중에 어려움을 겪거나 궁금한 점이 있으면 주저하지 말고 문의해 주세요. 고객 만족이 저희의 최우선 사항이며, 저희는 모든 단계에서 고객님을 지원하기 위해 여기 있습니다."
BILP,내 배송 주소 설정을 도와줄 수 있나요?,배송지,배송지 설정,"기꺼이 도와드리겠습니다! 배송 주소 설정에 도움을 드리겠습니다. 구매하신 상품의 원활한 배송을 위해서는 정확하고 신뢰할 수 있는 배송 정보를 보유하는 것이 중요합니다. 다음은 절차를 진행하는 데 도움이 되는 단계별 가이드입니다. 1. 당사 웹사이트에서 고객님의 계정에 로그인하십시오. 2. 일반적으로 페이지 오른쪽 상단에 있는 '내 계정' 또는 '프로필' 섹션으로 이동합니다. 3. '배송 주소' 또는 이와 유사한 옵션을 찾으십시오. '설정' 또는 '기본 설정' 메뉴 아래에 있을 수도 있습니다. 4. '새 주소 추가' 또는 '배송 주소 추가' 버튼을 클릭하세요. 5. 수취인 이름, 거리 주소, 도시, 주, 우편번호 및 필요한 추가 정보 등 새 배송 주소에 필요한 세부 정보를 입력합니다. 6. 입력된 모든 정보가 정확한지 다시 확인하세요. 7. 변경 사항을 저장하고 필요한 경우 새 배송 주소를 기본 주소 또는 기본 주소로 설정하십시오. 8. 모든 준비가 완료되었습니다! 이제 새 배송 주소가 성공적으로 추가되어 사용할 수 있습니다. 이 과정에서 문제가 발생하거나 추가 지원이 필요한 경우 라이브 채팅이나 전화를 통해 주저하지 말고 고객 지원팀에 문의하세요. 저희는 고객님이 이 과정을 최대한 원활하게 진행할 수 있도록 돕기 위해 왔습니다."
BILQ,새 배송 주소는 어디에 제출할 수 있나요?,배송지,배송지 설정,"새 배송 주소를 제출할 위치에 대한 정보를 찾고 계시다는 점을 파악했으며, 제가 도와드리겠습니다. 새 배송 주소를 제출하려면 다음 단계를 따르세요. 1. 당사 웹사이트에서 고객님의 계정에 로그인하십시오. 2. '내 계정' 또는 '프로필' 섹션으로 이동하세요. 3. '배송 주소' 또는 이와 유사한 옵션을 찾으십시오. 4. '배송 주소' 섹션에 '새 주소 추가' 또는 '새 주소 제출' 옵션이 표시됩니다. 그것을 클릭하세요. 5. 수취인 이름, 거리 주소, 도시, 시/도, 우편번호, 연락처 정보 등 새 배송 주소의 세부정보를 필수 필드에 입력하세요. 6. 입력한 정보가 정확한지 다시 한 번 확인한 후 '저장' 또는 '제출' 버튼을 클릭하여 제출을 완료하세요. 문제가 발생하거나 추가 문의사항이 있는 경우 언제든지 알려주시면 최선을 다해 도와드리겠습니다."
BCIL,보조 배송 주소를 설정하고 싶은데 어떻게 해야 하나요?,배송지,배송지 설정,"확실히! 보조 배송 주소 설정을 도와드리겠습니다. 다음은 고객님을 돕기 위한 단계별 가이드입니다. 1. 고객님의 계정에 로그인하십시오. 2. ""내 계정"" 또는 ""프로필"" 섹션으로 이동합니다. 3. ""배송 주소"" 또는 유사한 옵션을 찾으십시오. 4. ""새 주소 추가"" 또는 ""배송 주소 편집"" 옵션을 찾아야 합니다. 그것을 클릭하세요. 5. 제공된 필드에 보조 배송 주소의 세부정보를 입력하세요. 6. 주소 정보가 정확한지 다시 한번 확인하세요. 7. 변경 사항을 저장하여 보조 배송 주소 설정을 완료하세요. 어려움이 있거나 절차가 다르게 나타저는 경우 문제가 있는 부분에 대한 추가 정보를 제공해 주세요. 고객님의 보조 배송 주소가 원활하고 성공적으로 설정될 수 있도록 기꺼이 도와드리겠습니다."
BILQ,보조 배송 주소는 어떻게 설정해?,배송지,배송지 설정,"보조 배송 주소를 설정하는 방법에 대한 안내를 찾고 계신 것으로 확인되었습니다. 이 과정에 도움이 되는 단계별 지침을 제공해 드리겠습니다. 1. 당사 웹사이트/앱에서 고객님의 계정에 로그인하세요. 2. ""내 계정"" 또는 ""프로필"" 섹션으로 이동합니다. 3. ""배송 주소"" 또는 유사한 옵션을 찾으십시오. 4. 배송 주소 섹션에는 주소를 추가하거나 편집할 수 있는 옵션이 있습니다. 선택하세요. 5. 수취인 이름, 거리 주소, 도시, 주, 우편번호 등 보조 배송 주소의 세부정보를 입력하세요. 6. 입력된 정보의 정확성을 다시 확인하고 필요한 경우 수정합니다. 7. 변경 사항을 저장하면 보조 배송 주소가 성공적으로 설정됩니다. 이 과정에서 문제가 발생하거나 추가 질문이 있는 경우 언제든지 알려주시기 바랍니다. 저는 고객님의 보조 배송 주소가 원활하게 설정될 수 있도록 도와드리기 위해 왔습니다."
BIL,보조 배송 주소를 입력할 수 있나요?,배송지,배송지 설정,물론입니다! 보조 배송 주소를 입력하는 것은 절대적으로 가능합니다. 우리 시스템은 고객님의 요구를 충족시키기 위해 여러 배송 주소를 수용하도록 설계되었습니다. 보조 배송 주소를 설정하려면 다음 단계를 따르세요. 1. 고객님의 계정에 로그인하십시오. 2. '내 계정' 또는 '프로필' 섹션으로 이동하세요. 3. '배송 주소' 또는 이와 유사한 옵션을 찾으십시오. 4. '새 주소 추가' 또는 '배송 주소 편집' 옵션을 찾아야 합니다. 그것을 클릭하세요. 5. 제공된 필드에 보조 배송 주소에 대한 필수 세부 정보를 입력합니다. 6. 변경 사항을 저장합니다. 보조 배송 주소를 입력하는 데 어려움이 있거나 특정 질문이 있는 경우 언제든지 알려주시기 바랍니다. 저는 모든 단계에서 고객님을 돕기 위해 여기 있습니다!
BCL,배송 주소를 입력해야 하는데 도움이 필요합니다,배송지,배송지 설정,"저는 고객님의 주문에 대한 배송 주소를 입력하는 것이 긴급하고 중요하다는 것을 이해합니다. 이 문제를 신속하게 해결하기 위해 함께 노력합시다. 새 배송 주소를 입력하려면 다음 단계를 따르세요. 1. 당사 웹사이트나 앱에서 고객님의 계정에 로그인하세요. 2. ""내 계정"" 또는 ""프로필"" 섹션으로 이동합니다. 3. ""배송 주소"" 또는 유사한 옵션을 찾으십시오. 4. ""새 주소 추가"" 또는 ""배송 주소 편집""을 클릭하세요. 5. 수취인 이름, 거리 주소, 도시, 주, 우편번호, 연락처 정보 등 배송 주소에 필요한 세부 정보를 입력하세요. 6. 제공된 정보의 정확성을 다시 한번 확인하세요. 7. 변경 사항을 저장하여 새 배송 주소를 확정하세요. 이 과정에서 문제가 발생하거나 추가 질문이 있는 경우 직면하고 있는 특정 장애물을 자유롭게 공유해 주세요. 최선을 다해 도와드리겠습니다. 고객 만족이 저희의 최우선 과제이며, 원활하고 성공적인 배송 경험을 보장하고자 합니다."
BILQ,배송 주소를 제출하려면 어떻게 해야 하나요?,배송지,배송지 설정,배송 주소 제출과 관련하여 도움을 요청해 주셔서 감사합니다. 저는 그 과정을 도와드리기 위해 왔습니다. 배송 주소를 제출하려면 다음 단계를 따르세요. 1. 고객님의 계정에 로그인하십시오. 2. '내 계정' 또는 '프로필' 섹션으로 이동하세요. 3. '배송 주소' 또는 이와 유사한 섹션을 찾으십시오. 4. '새 주소 추가' 또는 '배송 주소 편집' 옵션을 찾아야 합니다. 선택하세요. 5. 제공된 필드에 배송 주소에 대한 필수 세부 정보를 입력합니다. 6. 입력한 정보가 정확한지 다시 한번 확인하세요. 7. 만족스러우면 '제출' 또는 '저장' 버튼을 클릭하세요. 배송 주소를 제출하는 동안 문제가 발생하거나 추가 질문이 있는 경우 언제든지 알려주시기 바랍니다. 저는 고객님께 필요할 수 있는 추가 지원을 제공해 드리겠습니다.
BK,배송 주소가 유효하지 않습니다,배송지,배송지 설정,"배송 주소 확인 문제로 불편을 끼쳐드려 죄송합니다. 이 문제를 해결하기 위해 함께 노력합시다. 다음은 몇 가지 제안 사항입니다. 1. 입력한 정보를 다시 확인하세요. 거리 이름, 도시, 주, 우편번호, 아파트 또는 호실 번호 등 필요한 모든 세부 정보를 올바르게 입력했는지 확인하세요. 2. 주소 형식 확인: 주소 형식이 해당 위치의 표준 지침을 따르는지 확인하십시오. 이는 고객님이 거주하는 국가나 지역에 따라 다를 수 있습니다. 3. 인식되는 형식 사용: 가능하면 해당 국가의 우편 서비스와 같이 공인된 기관에서 제공하는 주소 형식을 사용해 보십시오. 이렇게 하면 잠재적인 형식 문제를 방지하는 데 도움이 됩니다. 4. 오타 확인: 때로는 단순한 오타로 인해 주소가 유효하지 않은 것으로 간주될 수 있습니다. 각 필드에 오류나 맞춤법 오류가 있는지 주의 깊게 검토하세요. 5. 고객 지원팀에 문의: 위 단계를 시도한 후에도 여전히 문제가 발생하는 경우 고객 지원팀에 문의하세요. 그들은 고객님께 추가 지원을 제공하고 주소 확인 문제를 해결하는 데 도움을 줄 것입니다. 추가 문의사항이 있거나 추가 지원이 필요한 경우 알려주시기 바랍니다."
BL,새 배송 주소를 입력하는 방법을 모르겠습니다.,배송지,배송지 설정,"새 배송 주소를 입력하는 것이 혼란스러울 수 있다는 점을 이해합니다. 하지만 걱정하지 마세요. 절차를 진행하는 데 도움을 드리기 위해 여기 있습니다. 새 배송 주소를 입력하려면 다음 단계를 따르세요. 1. 고객님의 계정에 로그인하십시오. 2. ""배송"" 또는 ""배송"" 섹션으로 이동합니다. 3. ""새 주소 추가"" 또는 ""주소 편집"" 옵션을 찾으십시오. 4. 해당 옵션을 클릭하세요. 5. 거리, 도시, 주, 우편번호 등 새 배송 주소의 세부정보를 필수 필드에 입력하세요. 6. 입력한 정보가 정확한지 다시 한번 확인하세요. 7. 변경 사항을 저장합니다. 이 단계를 수행하는 동안 문제가 발생하거나 장치나 플랫폼에 따라 절차가 다르게 나타저는 경우 추가 세부정보를 제공해 주시면 추가 지원을 해 드리겠습니다. 고객 만족은 나의 최우선 사항입니다."
BLM,새 배송 주소를 설정하는 데 문제가 발생했습니다.,배송지,배송지 설정,"새로운 배송지 설정에 어려움을 겪고 계신 점 잘 알고 있으며, 불편을 끼쳐드려 죄송합니다. 이 문제를 해결하는 데 도움을 드리겠습니다. 새 배송 주소를 설정하려면 다음 단계를 따르세요. 1. 당사 웹사이트나 앱에서 고객님의 계정에 로그인하세요. 2. ""내 계정"" 또는 ""프로필"" 섹션으로 이동합니다. 3. ""배송 주소"" 또는 유사한 옵션을 찾으십시오. 4. ""새 주소 추가"" 또는 ""배송 주소 편집"" 옵션을 선택합니다. 5. 제공된 필드에 새 배송 주소의 세부 정보를 정확하게 입력하세요. 6. 입력한 정보를 검토하고 확인하세요. 7. 새 배송 주소를 계정에 적용하려면 변경 사항을 저장하세요. 이 과정에서 특정 오류 메시지가 표시되거나 어려움이 발생하는 경우 현재 직면한 문제에 대한 자세한 내용을 제공해 주시기 바랍니다. 이를 통해 고객님께 보다 구체적인 지원을 제공할 수 있습니다. 새로운 배송 주소를 성공적으로 설정하고 원활한 경험을 하실 수 있도록 하는 것이 저의 최우선 과제입니다."
BLQ,보조 배송 주소를 입력하는 데 도움이 필요합니다.,배송지,배송지 설정,"보조 배송 주소를 입력하는 데 도움이 필요하다는 점을 인정합니다. 저는 도와주러 왔습니다! 원활한 절차를 보장하려면 다음 단계를 따라 주세요. 1. 고객님의 계정에 로그인하십시오. 2. ""내 계정"" 또는 ""프로필"" 섹션으로 이동합니다. 3. ""배송 주소"" 또는 이와 유사한 섹션을 찾으십시오. 4. ""새 주소 추가"" 또는 ""배송 주소 편집"" 옵션이 있어야 합니다. 선택하세요. 5. 제공된 필드에 보조 배송 주소의 세부 정보를 입력합니다. 6. 변경 사항을 저장합니다. 문제가 발생하거나 추가 질문이 있는 경우 언제든지 알려주시기 바랍니다. 저는 모든 단계에서 고객님을 돕기 위해 여기 있습니다!"
BLQ,배송 주소를 설정해야 해,배송지,배송지 설정,"배송 주소 설정에 도움이 필요하다는 것을 확인했습니다. 이 문제를 해결하기 위해 함께 노력합시다. 할 수 있는 작업은 다음과 같습니다. 1. 당사 웹사이트에서 고객님의 계정에 로그인하십시오. 2. ""내 계정"" 또는 ""프로필"" 섹션을 찾으십시오. 3. 해당 섹션 내에서 ""배송 주소"" 또는 ""배송 주소"" 하위 섹션으로 이동합니다. 4. ""새 주소 추가"" 또는 ""배송 주소 편집"" 옵션을 찾으세요. 해당 옵션을 선택하세요. 5. 거리 주소, 도시, 주, 우편번호 등 배송 주소에 필요한 세부 정보를 입력하세요. 6. 입력한 정보가 정확한지 다시 한번 확인하세요. 7. 변경 사항을 저장하여 배송 주소 설정을 완료하세요. 절차 중에 문제가 발생하거나 추가 지침이 필요한 경우 언제든지 문의해 주세요. 저희는 모든 단계에서 고객님을 돕기 위해 여기 있습니다."
BL,다른 배송 주소 설정하는 것 좀 도와줘,배송지,배송지 설정,다른 배송 주소를 설정하는 데 도움을 요청하신 것으로 확인됩니다. 저는 고객님께 그 과정을 안내하기 위해 왔습니다. 다음 단계를 따라 주세요. 1. 고객님의 계정에 로그인하십시오. 2. '내 계정' 또는 '프로필' 섹션으로 이동하세요. 3. '배송 주소' 또는 이와 유사한 섹션을 찾으십시오. 4. '새 주소 추가' 또는 '배송 주소 편집' 옵션을 선택하세요. 5. 제공된 필드에 새 배송 주소의 세부 정보를 입력합니다. 6. 변경 사항을 저장합니다. 문제가 발생하거나 절차가 다르게 나타저는 경우 현재 겪고 있는 어려움에 대한 자세한 내용을 제공해 주시면 기꺼이 추가 지침과 지원을 제공해 드리겠습니다.
BILPQW,빌어먹을 보조 배송 주소는 어디에 제출할 수 있지?,배송지,배송지 설정,저는 고객님이 보조 배송 주소 제출에 대해 불만을 갖고 도움을 찾고 있다는 것을 깨달았습니다. 불편을 끼쳐드려 죄송합니다. 절차를 안내해 드리겠습니다. 1. 당사 웹사이트/앱에서 고객님의 계정에 로그인하세요. 2. '내 계정' 또는 '프로필' 섹션으로 이동하세요. 3. '배송 주소' 또는 이와 유사한 옵션을 찾으십시오. 4. 이를 클릭하면 기존 주소를 불러올 수 있습니다. 5. '새 주소 추가' 또는 '배송 주소 편집' 옵션을 검색하세요. 선택하세요. 6. 보조 배송 주소를 포함하여 필요한 세부 정보를 입력하세요. 7. 입력된 정보가 정확한지 다시 한번 확인하세요. 8. 변경 사항을 저장합니다. 문제가 발생하거나 추가 문의사항이 있으면 언제든지 알려주시기 바랍니다. 저는 모든 단계에서 고객님을 돕기 위해 여기 있습니다.
B,다른 배송지 주소를 설정하려고 합니다.,배송지,배송지 설정,다른 배송 주소를 설정하려고 하시는 것으로 알고 있습니다. 배송 문제를 방지하려면 주소 세부 정보가 정확하고 최신인지 확인하는 것이 중요합니다. 다른 배송 주소를 설정하려면 다음의 간단한 단계를 따라 주세요. 1. 고객님의 계정에 로그인하십시오. 2. '내 계정' 또는 '프로필' 섹션으로 이동하세요. 3. '배송 주소' 또는 이와 유사한 옵션을 찾으십시오. 4. '새 주소 추가' 또는 '배송 주소 편집' 버튼을 찾아 선택하십시오. 5. 제공된 필드에 다른 배송 주소의 세부 정보를 입력합니다. 6. 정보를 주의 깊게 검토하여 모든 세부 사항이 올바른지 확인하십시오. 7. 변경 사항을 저장합니다. 이 과정에서 문제가 발생하거나 추가 지원이 필요한 경우 언제든지 알려주시기 바랍니다. 저는 모든 단계에서 고객님을 돕기 위해 여기 있습니다.
BILQZ,보조 배송 주소를 설정하는 것이 가능한가요?,배송지,배송지 설정,최선을 다하겠습니다! 실제로 보조 배송 주소를 설정하는 것이 가능합니다. 저는 그 과정을 도와드리기 위해 왔습니다. 시작하려면 다음 단계를 따르세요. 1. 고객님의 계정에 로그인하십시오. 2. '내 계정' 또는 '프로필' 섹션으로 이동합니다. 3. '배송 주소' 또는 이와 유사한 옵션을 찾으십시오. 4. '새 주소 추가' 또는 '배송 주소 편집' 옵션을 선택하십시오. 5. 제공된 필드에 보조 배송 주소의 필수 세부 정보를 입력합니다. 6. 정보의 정확성과 완전성을 검토합니다. 7. 변경 사항을 저장합니다. 진행 중에 어려움이 있거나 추가 안내가 필요한 경우 알려주시면 기꺼이 도와드리겠습니다. 고객 만족이 저희의 최우선 사항입니다!
BL,새로운 배송지 주소를 설정하려고 합니다,배송지,배송지 설정,"새로운 배송 주소를 설정하려고 노력하고 계신 것으로 알고 있습니다. 이는 패키지가 정확하고 효율적으로 배송되도록 하기 위한 필수 단계입니다. 이 과정을 지원하려면 다음의 간단한 단계를 따라 주세요. 1. 당사 웹사이트나 앱에서 고객님의 계정에 로그인하세요. 2. ""내 계정"" 또는 ""프로필"" 섹션으로 이동합니다. 3. ""배송 주소"" 또는 유사한 옵션을 찾으십시오. 4. ""새 주소 추가"" 또는 ""배송 주소 편집"" 옵션이 표시됩니다. 그것을 클릭하세요. 5. 제공된 필드에 새 배송 주소의 세부 정보를 입력합니다. 고객님의 이름, 거리 주소, 아파트 번호(해당하는 경우), 도시, 주, 우편번호, 연락처 등 필요한 모든 정보를 포함했는지 확인하세요. 6. 입력된 정보의 정확성과 완전성을 다시 한번 확인하세요. 7. 변경 사항을 저장합니다. 이제 새 배송 주소가 모두 설정되었습니다! 이 과정에서 문제가 발생하거나 추가 지원이 필요한 경우 언제든지 알려주시기 바랍니다. 저는 고객님의 배송 주소가 원활하고 정확하게 설정되었는지 확인하기 위해 왔습니다."
BILQ,새 배송 주소를 제출해도 될까요?,배송지,배송지 설정,"내가 처리할게! 새 배송 주소를 제출하시면 됩니다. 그렇게 하려면 다음 단계를 따라 주세요. 1. 고객님의 계정에 로그인하십시오. 2. '내 계정' 또는 '프로필' 섹션으로 이동하세요. 3. '배송 주소' 또는 이와 유사한 옵션을 찾으십시오. 4. '새 주소 추가' 또는 '배송 주소 편집' 옵션을 선택하세요. 5. 지정된 필드에 새 배송 주소의 세부정보를 입력하세요. 6. 변경 사항을 저장합니다. 문제가 발생하거나 절차가 다르게 나타저는 경우, 직면한 특정 문제에 대한 추가 정보를 자유롭게 제공해 주시기 바랍니다. 저는 모든 단계에서 고객님을 돕기 위해 여기 있습니다!"
BLQ,다른 배송 주소를 설정하려고 합니다.,배송지,배송지 설정,"다른 배송 주소를 설정하려고 하시는 것으로 확인되었습니다. 고객님이 배송 기본 설정을 관리하는 모습을 보니 반갑습니다! 절차 진행에 도움을 받으려면 다음 단계를 따르세요. 1. 고객님의 계정에 로그인하십시오. 2. '내 계정' 또는 '프로필' 섹션으로 이동하세요. 3. '배송 주소' 또는 이와 유사한 섹션을 찾으십시오. 4. '새 주소 추가' 또는 '배송 주소 편집' 옵션이 있어야 합니다. 선택하세요. 5. 제공된 필드에 새 배송 주소의 세부 정보를 입력하세요. 6. 변경 사항을 저장합니다. 이러한 단계에서 어려움을 겪거나 절차가 다양할 경우, 제가 추가 지침을 제공할 수 있도록 문제가 있는 부분에 대한 자세한 내용을 제공해 주시기 바랍니다. 저는 고객님의 원활한 경험과 만족을 보장하기 위해 여기 있다는 것을 기억하십시오."
B,다른 배송지 주소를 설정해야 해요,배송지,배송지 설정,"다른 배송 주소를 설정하셔야 합니다. 걱정하지 마세요. 제가 절차를 안내해 드리겠습니다. 계속하려면 다음 단계를 따르세요. 1. 당사 웹사이트에서 고객님의 계정에 로그인하십시오. 2. ""내 계정"" 또는 ""프로필"" 섹션으로 이동합니다. 3. ""배송 주소"" 또는 유사한 옵션을 찾으십시오. 4. 이 섹션에는 ""새 주소 추가"" 또는 ""배송 주소 편집"" 옵션이 있습니다. 그것을 클릭하세요. 5. 전체 주소, 연락처 정보, 구체적인 배송 지침 등 새 배송 주소에 필요한 세부 정보를 입력하세요. 6. 제공한 정보가 정확한지 다시 확인한 후 ""저장""을 클릭하여 변경을 완료하세요. 이 과정에서 어려움을 겪거나 추가 문의사항이 있으면 언제든지 알려주시기 바랍니다. 저는 모든 단계에서 고객님을 돕기 위해 여기 있습니다."
BILQ,새 배송 주소는 어떻게 설정해?,배송지,배송지 설정,"새 배송 주소를 설정하는 데 도움을 요청하신 것으로 확인됩니다. 걱정하지 마세요. 제가 도와드리겠습니다! 새 배송 주소를 설정하려면 다음 단계를 따르세요. 1. 당사 웹사이트에서 고객님의 계정에 로그인하십시오. 2. 계정 설정 또는 프로필 섹션으로 이동합니다. 3. 배송 주소 섹션을 찾으세요. 4. 새 주소를 추가하거나 기존 주소를 편집하는 옵션을 찾으세요. 5. ""새 주소 추가"" 또는 유사한 버튼을 클릭하십시오. 6. 거리 주소, 도시, 주, 우편번호 및 필요한 추가 세부정보를 포함하여 필수 필드를 정확하게 입력합니다. 7. 입력한 정보가 정확한지 다시 한번 확인하세요. 8. 변경 사항을 저장하여 절차를 완료합니다. 진행 중에 어려움을 겪거나 궁금한 점이 있으면 언제든지 문의해 주세요. 우리 지원팀이 추가 지원을 제공해 드리겠습니다. 새 배송 주소를 설정해 보세요!"
BILQ,보조 배송 주소를 입력해도 되나요?,배송지,배송지 설정,물론이죠! 보조 배송 주소를 입력해도 됩니다. 이를 통해 배송 위치에 대한 다양한 옵션을 가질 수 있습니다. 보조 배송 주소를 추가하려면 다음 단계를 따르세요. 1. 고객님의 계정에 로그인하십시오. 2. '내 계정' 또는 '프로필' 섹션으로 이동하세요. 3. '배송 주소' 또는 이와 유사한 섹션을 찾으십시오. 4. '새 주소 추가' 또는 '배송 주소 편집' 옵션이 있어야 합니다. 선택하세요. 5. 제공된 필드에 보조 배송 주소의 세부 정보를 입력합니다. 6. 변경 사항을 저장하는 것을 잊지 마십시오. 어려움이 있거나 절차가 다르게 보이는 경우 알려주시기 바랍니다. 저는 전체 과정 전반에 걸쳐 고객님을 도와드리기 위해 여기 있습니다.
BLZ,다른 배송 주소에 도움이 필요합니다,배송지,배송지 설정,"다른 배송 주소를 입력하는 데 도움을 요청하신 것으로 확인됩니다. 그것이 실현될 수 있도록 함께 노력합시다. 다음은 도움이 되는 단계별 가이드입니다. 1. 고객님의 계정에 로그인하십시오. 2. '내 계정' 또는 '프로필' 섹션으로 이동하세요. 3. '배송 주소' 또는 이와 유사한 옵션을 찾으십시오. 4. '새 주소 추가' 또는 '배송 주소 편집' 버튼을 선택합니다. 5. 새 배송 주소에 필요한 세부 정보를 입력하세요. 6. 고객님이 제공한 정보의 정확성을 다시 한번 확인하십시오. 7. 변경 사항을 저장합니다. 다음 단계를 따르면 계정에 다른 배송 주소를 성공적으로 입력할 수 있습니다. 문제가 발생하거나 추가 지원이 필요한 경우 언제든지 알려주시기 바랍니다. 고객 만족이 저희의 최우선 과제이며, 저희는 모든 단계에서 고객님을 지원하기 위해 여기 있습니다."
BELZ,배송 주소를 제출할 수 없습니다.,배송지,배송지 설정,"배송 주소 제출 문제로 불편을 끼쳐드려 죄송합니다. 저는 원활한 경험의 중요성을 이해하고 있으며, 고객님을 돕기 위해 왔습니다. 추가 도움을 드리기 위해서는 몇 가지 추가 정보가 필요합니다. 배송 주소를 제출하는 동안 직면한 특정 문제에 대한 세부 정보를 제공해 주시겠습니까? 이를 통해 가장 정확하고 맞춤화된 지원을 제공할 수 있습니다. 양해해 주셔서 감사드리며 답변을 기다리겠습니다."
BLZ,보조 배송 주소를 설정하는 데 문제가 발생했습니다,배송지,배송지 설정,보조 배송 주소를 설정하는 중에 문제가 발생하고 있는 것으로 확인되었습니다. 불편을 끼쳐드려 죄송합니다. 더 나은 지원을 위해 현재 직면하고 있는 정확한 문제에 대한 자세한 내용을 제공해 주시겠습니까? 주소 세부 정보를 입력할 때 오류 메시지나 문제가 발생합니까? 추가 정보가 접수되면 절차를 안내하고 보조 배송 주소를 성공적으로 설정하실 수 있도록 도와드리겠습니다. 고객 만족과 편리함이 저의 최우선 사항입니다.
BLZ,새 배송 주소를 제출하는 중에 오류가 발생했습니다.,배송지,배송지 설정,"새 배송 주소를 제출하려고 할 때 어려움을 겪고 계시다는 사실을 알고 있습니다. 불편을 끼쳐드려 죄송합니다. 적절한 해결책을 제공하기 위해 오류 메시지나 주소를 제출하는 동안 발생한 특정 문제에 대한 자세한 내용을 제공해 주시겠습니까? 이 정보를 통해 고객님이 문제를 해결하고 고객님의 새 배송 주소가 성공적으로 제출되었는지 확인하는 데 더 나은 도움을 드릴 수 있습니다. 고객님의 협조에 감사드리며, 저는 모든 단계에서 고객님을 지원하기 위해 여기 있습니다."
BIL,배송지 주소는 어디서 설정하나요?,배송지,배송지 설정,"배송 주소를 설정할 위치에 대한 안내를 찾고 계시다는 것을 확인했습니다. 배송 주소를 생성하거나 업데이트하는 것은 패키지가 정확하게 배송되도록 하는 중요한 단계입니다. 배송 주소를 설정하려면 다음 단계를 따라 주세요. 1. 당사 웹사이트에서 고객님의 계정에 로그인하십시오. 2. ""내 계정"" 또는 ""프로필"" 섹션으로 이동합니다. 3. ""배송 주소"" 또는 유사한 옵션을 찾으십시오. 4. 클릭하시면 주소관리 페이지로 이동합니다. 5. 이 페이지에는 ""새 주소 추가"" 또는 ""배송 주소 편집"" 옵션이 표시됩니다. 6. 계속 진행하려면 적절한 옵션을 클릭하세요. 7. 해당되는 경우 보조 주소를 포함하여 배송 주소에 대한 필수 세부 정보를 입력합니다. 8. 저장하기 전에 모든 정보를 다시 확인하세요. 이 과정에서 문제가 발생하거나 추가 지원이 필요한 경우 주저하지 말고 알려주시기 바랍니다. 당사의 전담 고객 지원팀은 항상 고객님을 도울 준비가 되어 있습니다."
BL,다른 배송 주소를 입력해야 합니다.,배송지,배송지 설정,안심하세요. 다른 배송 주소를 입력하실 수 있도록 도와드리겠습니다. 원활한 전환을 위해 절차를 함께 진행해 봅시다. 1. 고객님의 계정에 로그인하여 시작하십시오. 2. 로그인한 후 '배송 주소' 또는 '배송 주소' 섹션으로 이동하세요. 3. '새 주소 추가' 또는 '배송 주소 편집' 옵션을 찾으세요. 선택하세요. 4. 제공된 필드에 다른 배송 주소의 세부 정보를 입력합니다. 5. 입력한 정보가 정확한지 다시 한번 확인하세요. 6. 변경 사항을 저장하면 새 배송 주소가 시스템에 업데이트됩니다. 장애물이 발생하거나 절차가 다양할 경우 직면한 문제에 대한 추가 세부정보를 제공해 주세요. 고객님의 다른 배송 주소가 성공적으로 입력될 때까지 모든 단계에서 도움을 드릴 수 있습니다.
BLQ,배송 주소를 제출하려면 어떻게 해야 하는지 모르겠어요,배송지,배송지 설정,"배송 주소를 제출하는 데 필요한 단계가 확실하지 않다는 연락을 받았고, 제가 안내해 드리겠습니다. 배송 주소를 성공적으로 제출하려면 다음 지침을 따라 주세요. 1. 당사 웹사이트나 앱에서 고객님의 계정에 로그인하세요. 2. ""내 계정"" 또는 ""프로필"" 섹션으로 이동합니다. 3. ""배송 주소"" 또는 유사한 탭을 찾으십시오. 4. ""새 주소 추가"" 또는 ""배송 주소 편집"" 옵션을 클릭하세요. 5. 보조 배송 주소를 포함하여 필요한 세부 정보를 입력하세요. 6. 입력된 정보가 정확한지 다시 한번 확인하세요. 7. 변경 사항을 저장하거나 ""제출"" 버튼을 클릭하세요. 이 과정에서 어려움이 있거나 추가 지원이 필요한 경우 주저하지 말고 문의해 주세요. 고객님의 배송 주소가 성공적으로 제출되었는지 확인하는 데 도움을 드리고 있습니다."
BL,내 보조 배송 주소를 입력하는 데 도움을 주세요,배송지,배송지 설정,"보조 배송 주소를 입력하는 데 도움이 필요하신 것으로 알고 있으며, 절차를 안내해 드리겠습니다. 보조 주소를 추가하려면 다음 단계를 따르세요. 1. 고객님의 계정에 로그인하십시오. 2. '계정' 또는 '프로필' 섹션으로 이동합니다. 3. ""배송 주소"" 또는 유사한 옵션을 찾으십시오. 4. ""새 주소 추가"" 옵션을 선택하세요. 5. 필수 입력란에 보조 배송 주소 세부정보를 입력하세요. 6. 정보가 정확한지 다시 확인하세요. 7. 변경 사항을 저장합니다. 문제가 발생하거나 절차의 모든 단계에서 추가 설명이 필요한 경우 주저하지 말고 알려주시기 바랍니다. 모든 단계에서 도움을 드리고 보조 배송 주소가 원활하게 설정되도록 도와드리겠습니다."
BL,보조 배송 주소를 제출하는 데 문제가 있습니다.,배송지,배송지 설정,보조 배송 주소를 제출할 때 문제가 발생하는 것으로 알고 있습니다. 이 문제를 함께 해결해 봅시다. 문제를 해결하는 데 도움이 되는 몇 가지 단계는 다음과 같습니다. 1. 세부정보를 다시 확인하세요. 보조 배송 주소에 올바른 정보를 입력했는지 확인하세요. 오타나 누락된 필드가 없는지 확인하세요. 2. 오류 메시지 확인: 주소를 제출할 때 나타저는 오류 메시지에 주의하세요. 문제의 원인에 대한 구체적인 정보를 제공할 수도 있습니다. 3. 브라우저 캐시 지우기: 때때로 캐시된 정보가 제출 절차를 방해할 수 있습니다. 브라우저 캐시를 지우면 이 문제를 해결하는 데 도움이 될 수 있습니다. 웹 브라우저 설정에서 이를 수행하는 방법에 대한 지침을 찾을 수 있습니다. 4. 다른 웹 브라우저를 사용해 보십시오. 문제가 지속되면 다른 웹 브라우저를 사용하여 주소를 제출해 보십시오. 이는 문제가 현재 브라우저에만 해당되는지 확인하는 데 도움이 될 수 있습니다. 5. 고객 지원팀에 문의: 위 단계를 수행해도 문제가 해결되지 않으면 고객 지원팀에 문의하는 것이 좋습니다. 추가 리소스에 액세스할 수 있으며 보조 배송 주소가 성공적으로 제출되도록 맞춤 지원을 제공할 수 있습니다. 추가 문의사항이 있거나 제가 도와드릴 수 있는 다른 사항이 있으면 알려주시기 바랍니다.
BLQZ,새 배달 주소를 설정하는 데 문제가 있습니다,배송지,배송지 설정,"새 배송 주소를 설정하는 데 문제가 있다는 것을 알게 되었으며, 불편을 끼쳐드려 죄송합니다. 새 배송 주소를 설정하는 과정은 원활하게 이루어지며, 이 문제를 해결하는 데 도움을 드리고자 합니다. 새로운 배송 주소를 설정하려면 다음 단계를 따르세요. 1. 고객님의 계정에 로그인하십시오. 2. '내 계정' 또는 '프로필' 섹션으로 이동하세요. 3. '배송 주소' 또는 이와 유사한 옵션을 찾으십시오. 4. '새 주소 추가' 옵션을 선택하세요. 5. 거리 이름, 시, 주, 우편번호 등 새 배송 주소에 필요한 세부 정보를 입력하세요. 6. 입력한 정보가 정확한지 다시 한번 확인하세요. 7. 변경 사항을 저장합니다. 새 배송 주소를 설정하는 데 계속 어려움을 겪는 경우, 더 나은 지원을 드릴 수 있도록 발생한 문제에 대한 보다 구체적인 세부정보를 제공해 주시기 바랍니다. 안심해 주세요. 저는 모든 단계에서 고객님을 도와드릴 것입니다."
BELP,새 배송 주소를 어떻게 입력할 수 있는지 모르겠습니다.,배송지,배송지 설정,새 배송 주소를 입력하는 방법에 대해 잘 모르시는 것으로 알고 있습니다. 제가 절차를 안내하고 필요한 지원을 제공해 드리겠습니다. 다음 단계를 따르세요. 1. 당사 웹사이트에서 고객님의 계정에 로그인하십시오. 2. '내 계정' 또는 '프로필' 섹션으로 이동하세요. 3. '배송 주소' 또는 이와 유사한 옵션을 찾으십시오. 4. '새 주소 추가' 또는 '배송 주소 편집' 옵션을 선택하세요. 5. 새 배송 주소의 세부정보를 필수 입력란에 입력하세요. 6. 입력한 정보가 정확한지 다시 한번 확인하세요. 7. 변경 사항을 저장합니다. 문제가 발생하거나 계정에서 단계가 다르게 나타저는 경우 문제가 발생한 부분에 대해 보다 구체적인 세부정보를 제공해 주시면 문제를 해결할 수 있도록 기꺼이 도와드리겠습니다.
BLQ,다른 배송 주소를 입력해야 해요,배송지,배송지 설정,"다른 배송 주소를 입력하셔야 한다는 점을 알고 있으며, 이에 대해 도움을 드리고자 합니다. 배송 주소를 변경하려면 다음 단계를 따르세요. 1. 당사 웹사이트에서 고객님의 계정에 로그인하십시오. 2. ""내 계정"" 또는 ""프로필"" 섹션으로 이동합니다. 3. ""배송 주소"" 또는 유사한 옵션을 찾으십시오. 4. ""수정"" 또는 ""새 주소 추가"" 옵션이 표시됩니다. 선택하세요. 5. 제공된 필드에 새 배송 주소의 세부 정보를 입력하세요. 6. 입력한 정보가 정확한지 다시 한번 확인하세요. 7. 변경 사항을 저장합니다. 문제가 발생하거나 절차가 다르게 나타저는 경우 알려주시면 추가 지원을 제공해 드리겠습니다."
BL,내 보조 배송 주소를 설정하는 데 도움을 주세요,배송지,배송지 설정,물론입니다! 보조 배송 주소 설정을 도와드리겠습니다. 이 과정을 최대한 원활하게 진행해 보겠습니다. 시작하려면 다음 단계를 따르세요. 1. 고객님의 계정에 로그인하십시오. 2. '내 계정' 또는 '프로필' 섹션으로 이동하세요. 3. '배송 주소' 또는 이와 유사한 옵션을 찾으십시오. 4. '새 주소 추가' 또는 '배송 주소 편집' 옵션이 표시됩니다. 선택하세요. 5. 제공된 필드에 보조 배송 주소에 대한 필수 정보를 입력합니다. 6. 모든 세부 사항이 정확하게 입력되었는지 다시 확인하세요. 7. 변경 사항을 저장합니다. 어려움이 있거나 절차가 다르게 나타저는 경우 알려주시기 바랍니다. 저는 고객님이 직면할 수 있는 모든 어려움을 헤쳐나갈 수 있도록 안내하기 위해 여기 있습니다. 고객 만족이 나의 우선순위입니다!
BCLP,배송지 주소를 설정하고 싶은데 도와주세요,배송지,배송지 설정,"배송 주소를 설정하고 싶다는 연락을 받았으며, 절차를 안내해 드리겠습니다. 배송 주소를 설정하는 것은 패키지가 올바른 위치로 배송되도록 하는 데 중요합니다. 따를 수 있는 단계는 다음과 같습니다. 1. 당사 웹사이트나 앱에서 고객님의 계정에 로그인하세요. 2. 계정 설정 또는 프로필 섹션으로 이동합니다. 3. ""배송 주소"" 또는 ""배송 주소"" 옵션을 찾으세요. 4. 새 배송 주소를 추가하려면 해당 옵션을 클릭하세요. 5. 거리 이름, 집 번호, 도시, 주, 우편번호 등 새 배송 주소 세부정보를 필수 필드에 입력하세요. 6. 필요한 정보를 모두 입력한 후 정확성을 다시 확인하세요. 7. 배송 주소를 업데이트하려면 변경 사항을 저장하세요. 절차 중에 문제가 발생하거나 특정 질문이 있는 경우 주저하지 말고 문의해 주세요. 저희 고객 서비스 팀은 항상 고객님을 도와드릴 준비가 되어 있습니다."
BI,다른 배송 주소는 어디서 설정하나요?,배송지,배송지 설정,"저는 같은 파장을 사용하고 있습니다. 배송 주소를 다르게 설정해야 합니다. 절차를 안내해 드리겠습니다. 1. 당사 웹사이트나 앱에서 고객님의 계정에 로그인하세요. 2. 계정 설정 또는 프로필로 이동합니다. 3. ""배송 주소"" 또는 유사한 옵션을 찾으십시오. 4. 기존 배송 주소에 액세스하려면 해당 주소를 클릭하세요. 5. ""새 주소 추가"" 또는 ""주소 편집"" 옵션이 표시됩니다. 선택하세요. 6. 새 배송 주소의 세부정보를 필수 필드에 입력하세요. 7. 입력한 정보가 정확한지 다시 한번 확인하세요. 8. 변경 사항을 저장하여 새 배송 주소 추가를 완료하세요. 언제든지 어려움을 겪거나 절차가 다르게 나타저는 경우, 보다 효과적으로 도움을 드릴 수 있도록 주저하지 마시고 구체적인 세부정보를 제공해 주시기 바랍니다. 저는 고객님이 새 배송 주소를 설정할 때 원활한 경험을 할 수 있도록 돕기 위해 왔습니다."
BLMQZ,내 배송 주소를 제출하는 중에 오류가 발생했습니다.,배송지,배송지 설정,새 배송 주소를 제출하려고 할 때 오류가 발생했다는 소식을 듣고 안타깝게 생각합니다. 안심하세요. 저는 이 문제를 해결하는 데 도와드리겠습니다. 문제를 해결하려면 다음 단계를 시도해 보세요. 1. 새 배송 주소에 입력한 정보를 다시 확인하여 모든 세부 정보가 정확하고 형식이 올바른지 확인하세요. 2. 문제에 대한 구체적인 정보를 제공하는 오류 메시지나 알림을 찾아보세요. 이러한 메시지는 종종 문제의 원인을 나타낼 수 있습니다. 3. 온라인 양식을 사용하여 주소를 제출하는 경우 페이지를 새로 고치고 정보를 다시 제출해 보세요. 때로는 페이지를 새로 고치는 것만으로도 일시적인 결함을 해결할 수 있습니다. 4. 잠재적인 충돌을 제거하려면 브라우저 캐시와 쿠키를 지우거나 비공개 또는 시크릿 모드로 웹사이트에 액세스해 보십시오. 5. 문제가 지속되면 다른 기기나 브라우저를 사용하여 새 배송 주소를 제출해 보세요. 이는 문제가 현재 장치나 브라우저에만 해당되는지 확인하는 데 도움이 될 수 있습니다. 6. 추가 지원이 필요하면 고객 지원팀에 문의하세요. 이들은 문제를 보다 철저하게 조사하고 빠른 해결 방법을 제공할 수 있는 도구와 전문 지식을 갖추고 있습니다. 제가 모든 단계에서 도움을 드릴 수 있다는 점을 기억하세요. 발생한 오류에 대해 주저하지 말고 자세한 내용을 알려주세요. 저희는 함께 이 문제를 해결하고 새 배송 주소를 원활하게 제출할 수 있도록 노력하겠습니다.
BCIL,새로운 배송 주소를 입력하고 싶은데 어떻게 해야 하나요?,배송지,배송지 설정,"새 배송 주소를 입력하려고 하시는 것으로 확인되었습니다. 절차를 단계별로 안내해 드리겠습니다. 1. 당사 웹사이트나 앱에서 고객님의 계정에 로그인하여 시작하세요. 2. 로그인한 후 일반적으로 페이지 오른쪽 상단에 있는 ""내 계정"" 또는 ""프로필"" 섹션으로 이동하십시오. 3. 계정 또는 프로필 섹션에서 ""배송 주소"" 또는 이와 유사한 옵션을 찾으십시오. 4. ""배송 주소""를 클릭하여 주소록에 액세스하세요. 5. 여기에 새 주소를 추가하거나 기존 주소를 편집할 수 있는 옵션이 표시됩니다. 새 주소를 추가하는 옵션을 선택하세요. 6. 수취인 이름, 거리 주소, 도시, 주, 우편번호 등 필수 필드를 모두 입력하세요. 아파트 번호나 특별 지침과 같은 추가 세부정보를 제공할 수도 있습니다. 7. 입력한 모든 정보가 정확한지 다시 한번 확인하세요. 실수로 인해 배송 문제가 발생할 수 있습니다. 8. 마지막으로 ""저장"" 또는 ""제출"" 버튼을 클릭하여 새 배송 주소를 저장하세요. 이 과정에서 어려움이 발생하거나 추가 지원이 필요한 경우 언제든지 알려주시기 바랍니다. 저는 도와주러 왔습니다!"
BEL,유효한 배송 주소를 제출할 수 없는 이유,배송지,배송지 설정,"유효한 배송 주소를 제출하는 동안 발생한 문제에 대해 사과드립니다. 더 나은 지원을 위해 현재 발생한 문제에 대한 자세한 내용을 제공해 주시겠습니까? 오류 메시지가 표시됩니까? 이 문제가 이전에 발생한 적이 있습니까, 아니면 처음으로 발생합니까? 특정 문제를 이해함으로써 고객님이 해결책을 찾는 데 더 나은 도움을 드릴 수 있습니다. 협조해 주셔서 감사합니다. 모든 단계에서 제가 도와드리겠습니다."
BL,배송지 주소를 어떻게 설정하는지 모르겠어요,배송지,배송지 설정,"배송 주소를 설정하는 방법을 잘 모르시는 것으로 확인되었습니다. 이를 완료하기 위해 함께 노력합시다. 1. 당사 웹사이트에서 고객님의 계정에 로그인하십시오. 2. ""내 계정"" 또는 ""프로필"" 섹션으로 이동합니다. 3. ""배송 주소"" 또는 이와 유사한 옵션을 찾으십시오. 4. 클릭하면 배송지 주소 설정에 접근할 수 있습니다. 5. ""새 주소 추가"" 또는 ""배송 주소 편집"" 옵션을 선택합니다. 6. 배송지 주소에 대한 정확한 정보를 필수 입력란에 입력하세요. 7. 세부정보가 정확한지 다시 확인하세요. 8. 변경 사항을 저장하거나 업데이트합니다. 이 과정에서 문제가 발생하거나 추가 지원이 필요한 경우 언제든지 알려주시기 바랍니다. 저는 모든 단계에서 고객님을 돕기 위해 여기 있습니다."
BELQW,빌어먹을 새 배송 주소를 입력하는 방법을 모르겠어요,배송지,배송지 설정,"새 배송 주소를 입력하는 데 대한 고객님의 불만과 혼란을 진심으로 이해합니다. 이 문제를 해결하기 위해 함께 노력합시다. 새 배송 주소를 입력하려면 다음 단계를 따르세요. 1. 고객님의 계정에 로그인하십시오. 2. ""내 계정"" 또는 ""프로필"" 섹션으로 이동합니다. 3. ""배송 주소"" 또는 유사한 옵션을 찾으십시오. 4. ""새 주소 추가"" 또는 ""배송 주소 편집""을 클릭하세요. 5. 제공된 필드에 새 배송 주소의 세부 정보를 입력합니다. 6. 변경 사항을 저장합니다. 여전히 문제가 발생하거나 절차가 다르게 나타저는 경우 문제가 발생한 부분에 대한 자세한 정보를 제공해 주시면 기꺼이 도와드리겠습니다. 고객 만족은 우리에게 큰 의미가 있으며, 저희는 고객님을 위해 이 문제를 빠르고 효율적으로 해결하기 위해 최선을 다하고 있습니다."
BCIL,보조 배송 주소를 입력해야 하는데 어떻게 해야 하나요?,배송지,배송지 설정,"보조 배송지 입력에 대한 안내가 필요한 것으로 파악되었습니다. 제가 그 과정을 도와드릴 수 있도록 해주세요. 보조 배송 주소를 입력하려면 다음의 간단한 단계를 따라 주세요. 1. 당사 웹사이트에서 고객님의 계정에 로그인하십시오. 2. ""내 계정"" 또는 ""프로필"" 섹션으로 이동합니다. 3. ""배송 주소"" 또는 유사한 옵션을 찾으십시오. 4. ""새 주소 추가"" 또는 ""배송 주소 편집""을 클릭하세요. 5. 수취인 이름, 거리 주소, 도시, 주, 우편번호 등 보조 배송 주소에 필요한 세부 정보를 입력합니다. 6. 입력된 정보가 정확한지 다시 한번 확인하고 변경사항을 저장하세요. 다음 단계를 따르면 보조 배송 주소를 성공적으로 입력하게 됩니다. 어려움이 있거나 추가 질문이 있는 경우, 주저하지 말고 문의해 주세요. 고객 만족이 저희의 최우선 사항입니다."
BCILPZ,배송지 주소를 입력하고 싶은데 어떻게 해야 하나요?,배송지,배송지 설정,"배송지 입력 방법에 대한 안내를 원하시는 것으로 확인되었습니다. 안심하세요. 제가 도와드리겠습니다. 배송 주소를 입력하려면 다음 단계를 따르세요. 1. 당사 웹사이트에서 고객님의 계정에 로그인하십시오. 2. ""내 계정"" 섹션으로 이동합니다. 3. ""배송 주소"" 또는 유사한 옵션을 찾으십시오. 4. ""새 주소 추가"" 또는 ""배송 주소 편집"" 옵션을 선택합니다. 5. 거리 주소, 시, 도, 우편번호 등 배송지 주소 세부정보를 필수 입력란에 입력하세요. 6. 입력된 정보가 정확한지 다시 한번 확인하세요. 7. ""저장"" 또는 ""업데이트"" 버튼을 클릭하여 배송지 주소를 확인하고 저장하세요. 진행 중에 문제가 발생하거나 추가 질문이 있는 경우 언제든지 문의해 주세요. 당사의 전담 지원팀이 고객님께 필요한 모든 지원을 제공해 드립니다."
BCEIL,내 배송 주소가 유효하지 않습니다. 어떻게 해야 하나요?,배송지,배송지 설정,"고객님의 배송 주소가 잘못되어 불만을 갖고 계신 것에 대해 공감합니다. 안심하세요. 문제 해결 과정을 안내해 드리겠습니다. 이 문제를 협력적으로 해결해 봅시다. 잘못된 배송 주소를 수정하려면 다음 단계를 따르세요. 1. 고객님의 계정에 로그인하고 ""내 계정"" 또는 ""프로필"" 섹션으로 이동하십시오. 2. ""배송 주소"" 또는 이와 유사한 섹션을 찾으십시오. 3. 문제의 잘못된 주소를 찾아 편집 또는 삭제 옵션을 선택합니다. 4. 정확한 배송 주소를 주의 깊게 입력하여 모든 세부 사항이 정확하도록 하세요. 5. 배송 주소를 업데이트하려면 변경 사항을 저장하세요. 이 과정에서 추가 문제나 혼란이 발생할 경우, 제가 원하는 지원을 제공할 수 있도록 오류 메시지에 대한 추가 세부정보나 기타 관련 정보를 제공해 주시기 바랍니다. 고객님의 배송 주소가 유효하고 원활한 배송이 가능한지 함께 확인하겠습니다."
BIL,다른 배송 주소를 입력하는 방법은 무엇입니까?,배송지,배송지 설정,고객님께서 다른 배송 주소를 입력하는 방법에 대한 안내를 구하고 계신 것으로 알고 있습니다. 절차를 함께 살펴보겠습니다. 1. 고객님의 계정에 로그인하여 시작하십시오. 2. '내 계정' 또는 '프로필' 섹션을 찾으세요. 3. 이 섹션에서 '배송 주소' 또는 이와 유사한 옵션을 검색하십시오. 4. '새 주소 추가' 또는 '배송 주소 편집' 옵션을 찾아야 합니다. 그것을 클릭하세요. 5. 제공된 필드에 새 배송 주소의 세부 정보를 입력하세요. 6. 필요한 모든 정보를 주의 깊게 입력한 후 변경 사항을 저장합니다. 어려움이 있거나 절차가 다르게 나타저는 경우 문제가 있는 구체적인 단계를 알려주시기 바랍니다. 다른 배송지 주소를 원활하게 입력하실 수 있도록 도와드리겠습니다.
BEQZ,새 배송 주소를 설정할 수 없습니다,배송지,배송지 설정,"새 배송 주소를 설정하는 데 문제가 있다는 소식을 들으니 안타깝습니다. 저는 원활하고 원활한 경험을 갖는 것이 얼마나 중요한지 이해합니다. 절차를 안내해 드리겠습니다. 1. 당사 웹사이트에서 고객님의 계정에 로그인하십시오. 2. ""내 계정"" 또는 ""프로필"" 섹션으로 이동합니다. 3. ""배송 주소"" 또는 유사한 라벨이 표시된 옵션을 찾으십시오. 4. ""새 주소 추가"" 또는 ""배송 주소 편집"" 옵션을 선택합니다. 5. 이름, 주소, 연락처 정보, 기타 필요한 정보 등 새 배송 주소의 세부 정보를 필수 필드에 입력합니다. 6. 모든 정보가 정확하고 완전한지 다시 확인하세요. 7. 변경 사항을 저장하여 새 배송 주소 설정을 완료하세요. 계속해서 문제가 발생하거나 절차가 다르게 나타저는 경우 문제가 발생한 부분에 대한 자세한 내용을 제공해 주시면 기꺼이 도와드리겠습니다. 고객 만족이 저희의 최우선 사항이며 고객님이 새 배송 주소를 설정하는 데 원활한 경험을 할 수 있도록 최선을 다하고 있습니다."
BLZ,배송 주소 설정을 도와주세요,배송지,배송지 설정,"물론이죠! 배송 주소 설정을 도와드리겠습니다. 시작하는 데 도움이 되는 단계별 가이드는 다음과 같습니다. 1. 당사 웹사이트에서 고객님의 계정에 로그인하십시오. 2. ""내 계정"" 또는 ""프로필"" 섹션으로 이동합니다. 3. ""배송 주소"" 또는 유사한 옵션을 찾으십시오. 4. ""새 주소 추가"" 또는 ""배송 주소 편집""을 클릭하세요. 5. 수취인의 이름, 거리 주소, 도시, 주, 우편번호를 포함한 새 배송 주소의 세부 정보를 입력하세요. 6. 모든 정보가 정확한지 다시 확인하고 '변경사항 저장'을 클릭하세요. 이 단계를 완료하면 새 배송 주소가 설정되어 사용할 수 있게 됩니다. 궁금한 점이 있거나 도중에 문제가 발생하면 언제든지 문의해 주세요. 저는 이 과정이 최대한 순조롭게 진행되도록 돕기 위해 왔습니다."
BILQ,다른 배송지 주소를 입력할 수 있나요?,배송지,배송지 설정,"다른 배송지 입력에 대한 고객님의 문의 사항을 명확하게 알고 있습니다. 예, 고객님의 계정에 여러 배송 주소를 추가하는 것은 절대적으로 가능합니다. 이를 통해 각 주문의 필요에 따라 가장 적합한 주소를 편리하게 선택할 수 있습니다. 다른 배송 주소를 입력하려면 다음 단계를 따르세요. 1. 고객님의 계정에 로그인하십시오. 2. '내 계정' 또는 '프로필' 섹션으로 이동하세요. 3. '배송 주소' 또는 이와 유사한 섹션을 찾으십시오. 4. '새 주소 추가' 또는 '배송 주소 편집' 옵션을 찾아야 합니다. 선택하세요. 5. 제공된 필드에 추가 배송 주소의 세부 정보를 입력합니다. 6. 변경 사항을 저장합니다. 이제 고객님의 계정에 다른 배송 주소를 성공적으로 입력했습니다. 필요한 만큼 주소를 추가하고, 추가 질문이 있으면 언제든지 문의해 주세요. 저희는 항상 고객님을 돕기 위해 여기 있습니다!"
BL,배송지 주소를 설정하는 중에 오류가 발생했습니다,배송지,배송지 설정,배송 주소를 설정하는 동안 오류가 발생했다는 소식을 듣고 안타깝게 생각합니다. 이 문제가 얼마나 실망스러울 수 있는지 잘 알고 있으며 이 문제를 해결하는 데 도움을 드리고자 합니다. 현재 겪고 있는 문제를 더 잘 이해할 수 있도록 오류 메시지 또는 오류를 발생시키기 위해 수행한 특정 단계에 대한 자세한 내용을 제공해 주실 수 있습니까? 이렇게 하면 문제를 보다 효과적으로 해결하고 적절한 솔루션을 제공하는 데 도움이 됩니다. 안심하세요. 배송 주소를 성공적으로 설정할 수 있도록 최선을 다해 도와드리겠습니다.
BL,다른 배송 주소 설정 문제,배송지,배송지 설정,"다른 배송 주소를 설정하는 동안 직면하고 있는 어려움에 공감합니다. 고객 만족이 저희의 최우선 사항이며, 가능한 최선의 방법으로 고객님을 도와드리겠습니다. 이 문제를 해결하려면 다음 단계를 따르세요. 1. 고객님의 계정에 로그인하십시오. 2. '내 계정' 또는 '프로필' 섹션으로 이동합니다. 3. '배송 주소' 또는 이와 유사한 옵션을 찾으십시오. 4. 새 주소를 추가하거나 기존 주소를 편집할 수 있는 옵션이 있는지 확인하세요. 5. 옵션을 찾을 수 없거나 오류가 발생한 경우 오류 메시지나 예상치 못한 동작 등 현재 겪고 있는 특정 문제에 대한 세부정보를 제공해 주세요. 이러한 세부 정보를 공유하면 문제를 더 자세히 조사하고 고객님의 상황에 맞는 정확한 지침을 제공할 수 있습니다. 신속한 해결을 위해 노력하는 동안 고객님의 인내심과 협조에 감사드립니다."
BKLZ,다른 배송 주소 제출,배송지,배송지 설정,"다른 배송 주소를 제출하려고 하신 것으로 확인되었습니다. 이 문제를 해결하기 위해 함께 노력합시다. 할 수 있는 작업은 다음과 같습니다. 1. 주소 세부정보를 다시 확인하세요. 거리 번호, 도시, 주, 우편번호 등 필요한 모든 정보와 함께 올바른 배송 주소를 입력했는지 확인하세요. 2. 오류 메시지가 있는지 확인하세요. 주소를 제출하는 동안 오류 메시지가 나타나면 오류 메시지나 발생한 특정 오류 코드에 대한 추가 정보를 제공해 주세요. 이렇게 하면 문제를 더 잘 이해하고 더 정확한 해결 방법을 제공하는 데 도움이 됩니다. 3. 캐시 및 쿠키 지우기: 때로는 브라우저 캐시와 쿠키가 제출 절차를 방해할 수 있습니다. 이를 지우면 페이지를 새로 고치고 기술적 결함을 해결하는 데 도움이 될 수 있습니다. 4. 다른 브라우저나 장치를 사용해 보십시오. 문제가 지속되면 다른 브라우저나 장치를 사용하여 배송 주소 제출 페이지에 접속해 보십시오. 이는 문제가 현재 브라우저나 장치 구성에 특정한 것인지 확인하는 데 도움이 될 수 있습니다. 5. 고객 지원팀에 문의: 위 단계를 수행해도 문제가 해결되지 않으면 고객 지원팀에 문의하는 것이 좋습니다. 맞춤형 지원을 제공하고 다른 배송 주소를 제출하는 과정을 안내할 수 있는 장비가 잘 갖춰져 있습니다. 저희는 모든 단계에서 고객님을 지원하기 위해 여기 있다는 것을 기억하십시오. 따라서 추가 질문이 있으면 주저하지 말고 직면한 특정 문제에 대해 자세한 내용을 알려주십시오."
BELPZ,다른 배송 주소를 어떻게 설정할 수 있는지 모르겠습니다.,배송지,배송지 설정,다른 배송 주소를 설정하는 방법에 대해 잘 모르시는 것으로 확인되었습니다. 걱정하지 마세요. 제가 절차를 안내해 드리겠습니다. 다음 단계를 따라 주세요. 1. 당사 웹사이트에서 고객님의 계정에 로그인하십시오. 2. '내 계정' 또는 '프로필' 섹션으로 이동하세요. 3. '배송 주소' 또는 이와 유사한 옵션을 찾으십시오. 4. '새 주소 추가' 또는 '배송 주소 편집' 옵션이 표시됩니다. 그것을 클릭하세요. 5. 제공된 필드에 새 배송 주소의 세부정보를 입력하세요. 6. 변경 사항을 저장하는 것을 잊지 마십시오. 어려움이 있거나 절차가 다르게 나타저는 경우 문제가 발생한 부분에 대한 추가 정보를 공유해 주시면 기꺼이 도와드리겠습니다.
BL,새 배송 주소 설정하는 것 좀 도와줘,배송지,배송지 설정,"새 배송 주소를 설정하는 데 도움이 필요하신 것으로 알고 있으며, 제가 도와드리겠습니다. 새로운 배송 주소를 설정하려면 다음 단계를 따르세요. 1. 고객님의 계정에 로그인하십시오. 2. '내 계정' 또는 '프로필' 섹션으로 이동하세요. 3. '배송 주소' 또는 이와 유사한 옵션을 찾으십시오. 4. '새 주소 추가' 또는 이와 유사한 버튼을 클릭하여 새 주소를 추가하세요. 5. 수취인의 이름, 거리 주소, 도시, 주, 우편번호 및 연락처 정보를 포함하여 새 배송 주소에 필요한 세부 정보를 입력해 주세요. 6. 모든 정보가 정확한지 다시 한 번 확인한 후 '저장'을 클릭하여 새 주소를 저장하세요. 문제가 발생하거나 추가 문의사항이 있으면 언제든지 알려주시기 바랍니다. 저는 모든 단계에서 고객님을 돕기 위해 여기 있습니다."
BEL,다른 배송 주소를 제출할 수 없습니다.,배송지,배송지 설정,"다른 배송 주소를 제출하는 데 문제가 있다는 소식을 들으니 안타깝습니다. 이 문제를 해결하기 위해 함께 노력합시다. 시도해 볼 수 있는 몇 가지 단계는 다음과 같습니다. 1. 정보를 다시 확인하세요. 거리 주소, 도시, 주, 우편번호 등 모든 필수 필드를 올바르게 입력했는지 확인하세요. 정보가 누락되거나 부정확할 경우 제출이 불가능할 수 있습니다. 2. 브라우저 캐시 지우기: 때로는 오래되었거나 손상된 캐시 파일이 제출 절차를 방해할 수 있습니다. 브라우저 캐시를 지운 다음 주소를 다시 제출해 보세요. 3. 다른 브라우저나 장치를 사용해 보십시오. 때때로 특정 브라우저나 장치가 당사 웹사이트와 호환성 문제를 겪을 수 있습니다. 다른 브라우저나 장치로 전환하여 문제가 해결되는지 확인하세요. 4. 고객 지원팀에 문의: 위의 단계를 시도했지만 여전히 배송 주소를 제출할 수 없는 경우 고객 지원팀에 직접 문의하는 것이 가장 좋습니다. 담당자가 문제를 더 자세히 조사하고 맞춤형 지원을 제공할 수 있습니다. 이러한 단계가 문제 해결에 도움이 되었거나 추가 지원이 필요한 경우 알려주시기 바랍니다."
BILQ,보조 배송 주소를 설정하려면 어떻게 해야 하나요?,배송지,배송지 설정,"보조 배송 주소를 설정하는 방법에 대한 안내를 찾고 계시다는 것을 알 수 있습니다. 저희 팀은 모든 단계에서 고객님을 지원하기 위해 여기 있습니다! 보조 배송 주소를 설정하려면 다음 지침을 따라 주세요. 1. 당사 웹사이트에서 고객님의 계정에 로그인하십시오. 2. ""내 계정"" 또는 ""프로필"" 섹션으로 이동합니다. 3. ""배송 주소"" 또는 유사한 옵션을 찾으십시오. 4. ""새 주소 추가"" 또는 ""배송 주소 편집""을 클릭하세요. 5. 수취인 이름, 주소, 연락처 정보 등 보조 배송 주소에 필요한 세부정보를 입력하세요. 6. 입력하신 정보가 정확한지 다시 한 번 확인해주세요. 오류가 있을 경우 배송 문제가 발생할 수 있습니다. 7. 변경 사항을 저장하여 보조 배송 주소 추가를 완료하세요. 이 과정에서 어려움이 있거나 추가 지원이 필요한 경우 주저하지 말고 고객 지원팀에 문의하세요. 저희는 [운영시간/기간]에 연락할 수 있으며 [고객센터전화번호]로 연락하거나 웹사이트 [웹사이트/메뉴]의 라이브 채팅을 통해 연락할 수 있습니다. 고객님의 보조 배송 주소가 성공적으로 설정되어 사용할 준비가 되었는지 확인하기 위해 왔습니다!"
BCL,보조 배송 주소를 설정해야 하는데 도와주세요,배송지,배송지 설정,"물론이죠! 보조 배송 주소 설정 과정을 안내해 드리겠습니다. 다음 단계를 따라 주세요. 1. 로그인 정보를 사용하여 계정에 로그인합니다. 2. '계정' 또는 '프로필' 섹션으로 이동합니다. 이는 일반적으로 페이지의 오른쪽 상단에 있습니다. 3. ""배송 주소"" 또는 유사한 옵션을 찾으십시오. 그것을 클릭하세요. 4. 배송 주소 페이지에 ""새 주소 추가"" 또는 ""주소 편집"" 옵션이 표시됩니다. 그것을 클릭하세요. 5. 수취인 이름, 거리 주소, 도시, 주, 우편번호 등 새 보조 배송 주소에 필요한 정보를 입력하세요. 6. 세부 사항이 정확한지 다시 한 번 확인한 후 변경 사항을 저장하세요. 도중에 어려움을 겪거나 궁금한 점이 있으면 주저하지 말고 문의하세요. 당사 고객 지원팀은 [고객센터전화번호]로 [운영시간/기간] 또는 당사 웹사이트 [웹사이트/메뉴]의 라이브 채팅 기능을 통해 연락 가능합니다. 보조 배송 주소를 설정해 보세요."
BLQ,배송 주소를 제출하려고 합니다,배송지,배송지 설정,"배송 주소 제출을 시도한 경험을 공유해 주셔서 감사합니다. 이로 인해 불편을 끼쳐드려 죄송합니다. 더 나은 지원을 위해 발생한 문제에 대한 자세한 내용을 제공해 주시겠습니까? 예를 들어, 제출 과정에서 오류 메시지를 받았거나 특정 문제에 직면했습니까? 더 많은 정보를 통해 문제를 더 잘 이해하고 효과적으로 해결하도록 도와드릴 수 있습니다. 고객 만족이 저희의 최우선 사항이며, 저는 모든 단계에서 고객님을 도와드릴 것입니다."
BL,배송 주소를 입력하는 데 도움이 필요합니다,배송지,배송지 설정,"저는 그것을하고있다! 배송 주소를 입력하는 데 필요한 지침을 제공해 드리겠습니다. 원활한 절차를 보장하려면 다음 단계를 따라 주세요. 1. 당사 웹사이트에서 고객님의 계정에 로그인하십시오. 2. ""내 계정"" 또는 ""프로필"" 섹션으로 이동합니다. 3. ""배송 주소"" 또는 유사한 옵션을 찾으십시오. 4. ""새 주소 추가"" 또는 ""배송 주소 편집"" 옵션을 선택하십시오. 5. 필수 입력란에 배송 주소 세부정보를 입력하세요. 6. 입력된 정보가 정확한지 다시 한번 확인하세요. 7. 변경 사항을 저장합니다. 이 과정에서 어려움을 겪거나 특정 질문이 있는 경우 언제든지 알려주시기 바랍니다. 저는 모든 단계에서 고객님을 돕기 위해 여기 있습니다."
BL,배송지 주소를 설정하는 데 문제가 있습니다,배송지,배송지 설정,"배송지 주소를 설정하는 과정에서 겪고 계신 불편함을 이해합니다. 이 문제를 신속하게 해결하기 위해 함께 노력합시다. 절차를 안내하는 단계는 다음과 같습니다. 1. 당사 웹사이트에서 고객님의 계정에 로그인하십시오. 2. ""내 계정"" 또는 ""프로필"" 섹션으로 이동합니다. 3. ""배송 주소"" 또는 유사한 탭을 찾으십시오. 4. ""새 주소 추가"" 또는 ""배송 주소 편집"" 옵션을 클릭하세요. 5. 거리, 도시, 주, 우편번호 등 배송 주소에 필요한 세부 정보를 입력하세요. 6. 입력한 모든 정보가 정확한지 다시 한번 확인하세요. 7. 변경 사항을 저장하고 새 배송 주소가 성공적으로 설정되었는지 확인하세요. 이러한 단계를 수행하는 동안 특정 문제가 발생하는 경우 보다 효과적으로 도움을 드릴 수 있도록 추가 세부정보를 제공해 주시기 바랍니다. 이 문제를 해결하고 번거로움 없는 경험을 보장하는 것이 저의 최우선 과제입니다."
BLZ,배송 주소를 로 설정할 수 없는 이유,배송지,배송지 설정,"배송 주소 설정에 어려움을 겪고 계신다니 안타깝습니다. 이 문제를 해결하기 위해 함께 노력합시다. 현재 겪고 있는 문제에 대해 더 자세한 내용을 알려주실 수 있나요? 오류 메시지가 표시됩니까? 아니면 진행 중에 막히는 특정 단계가 있습니까? 고객님이 직면하고 있는 구체적인 문제를 이해함으로써 보다 정확하고 맞춤화된 지원을 제공할 수 있습니다. 고객 만족이 저희의 최우선 과제이며, 저는 모든 단계에서 고객님을 지원하기 위해 여기 있습니다!"
BL,보조 배송 주소를 설정하는 데 도움을 주세요,배송지,배송지 설정,"보조 배송 주소를 설정하는 데 도움이 필요하다는 것을 확인했습니다. 절차를 안내해 드리겠습니다. 1. 고객님의 계정에 로그인하십시오. 2. '내 계정' 또는 '프로필' 섹션으로 이동하세요. 3. '배송 주소' 또는 이와 유사한 섹션을 찾으십시오. 4. '새 주소 추가' 또는 '배송 주소 편집' 옵션을 찾아야 합니다. 그것을 클릭하세요. 5. 보조 배송 주소에 필요한 세부 정보를 입력합니다. 6. 정보가 정확한지 다시 확인하고 변경 사항을 저장합니다. 문제가 발생하거나 절차가 다른 경우, 문제가 발생한 부분을 더 구체적으로 알려주시면 기꺼이 도와드리겠습니다."
BL,다른 배송 주소를 입력하는 문제,배송지,배송지 설정,다른 배송 주소를 입력하는 데 문제가 있다는 소식을 들으니 안타깝습니다. 이 문제를 해결하기 위해 함께 노력합시다. 시작하려면 계정에 로그인되어 있는지 확인하세요. 그런 다음 '내 계정' 또는 '프로필' 섹션으로 이동하세요. '배송 주소' 또는 이와 유사한 옵션을 찾으십시오. 여기에서 배송 주소를 추가하거나 편집할 수 있습니다. 여전히 문제가 발생하는 경우 브라우저 캐시를 지우고 다시 시도하는 것이 도움이 될 수 있습니다. 또한 오류 메시지나 주소를 허용하지 않는 특정 필드가 있는지 확인하세요. 발생한 특정 문제에 대해 더 자세한 정보를 제공해 주시면 더욱 효과적으로 도움을 드리는 데 도움이 됩니다. 저는 모든 단계에서 고객님을 지원하기 위해 여기 있다는 것을 기억하십시오. 질문이 있거나 추가 정보를 공유해 주시기 바랍니다. 고객님의 배송 주소를 성공적으로 설정해 드리겠습니다.
BL,새 배송 주소를 제출하는 데 문제가 있습니다.,배송지,배송지 설정,"고객님께서 새 배송 주소를 제출하는 데 어려움을 겪고 계시다는 점을 이해하고 있으며, 제가 도와드리겠습니다. 이 문제를 해결하려면 다음 단계를 수행하는 것이 좋습니다. 1. 모든 필드를 다시 확인하고 새 배송 주소에 대한 올바른 정보를 제공했는지 확인하십시오. 2. 거리명, 우편번호, 아파트 번호 누락 등 주소 세부정보에 오류나 오타가 없는지 확인하세요. 3. 브라우저 캐시와 쿠키를 지우고 주소를 다시 제출해 보세요. 때로는 기술적인 문제로 인해 제출 과정이 방해를 받을 수도 있습니다. 4. 문제가 지속되면 다른 웹 브라우저나 장치를 사용하여 새 배송 주소를 제출해 보세요. 이는 문제가 현재 브라우저나 장치에만 해당되는지 식별하는 데 도움이 될 수 있습니다. 5. 위 단계 중 어느 것도 효과가 없으면 고객 지원팀([고객센터전화번호])에 문의하거나 당사 웹사이트([웹사이트/메뉴])의 라이브 채팅을 통해 문의하세요. 추가 지원을 제공하고 보다 개별적으로 문제를 해결할 수 있습니다. 불편을 끼쳐드려 죄송하며, 최대한 신속하고 효율적으로 이 문제를 해결하기 위해 최선을 다할 것을 약속드립니다."
BEL,배송지 주소를 제출할 수 없습니다,배송지,배송지 설정,"배송지 주소 제출에 어려움을 겪고 계신 것으로 알고 있습니다. 이로 인해 불편을 끼쳐드려 죄송합니다. 더 나은 지원을 위해 현재 발생한 문제에 대한 자세한 내용을 제공해 주시겠습니까? 오류 메시지가 표시되거나 제출 버튼이 작동하지 않습니까? 문제를 더 잘 이해하게 되면 적절한 해결책을 제공해 드릴 수 있을 것입니다. 고객 만족은 우리에게 중요하며, 저희는 모든 단계에서 고객님을 돕기 위해 여기 있습니다."
BCLQZ,보조 배송 주소를 입력해야 합니다. 도움이 필요합니다.,배송지,배송지 설정,"보조 배송 주소를 입력하는 데 도움이 필요하다는 점을 확인했습니다. 걱정하지 마세요. 제가 여기에서 절차를 단계별로 안내해 드리겠습니다. 다음 지침을 따라 주세요. 1. 당사 웹사이트에서 고객님의 계정에 로그인하십시오. 2. 계정 설정 또는 프로필 섹션으로 이동합니다. 3. ""배송 주소"" 또는 이와 유사한 옵션을 찾으십시오. 4. ""새 주소 추가"" 또는 ""배송 주소 편집""을 클릭하세요. 5. 제공된 필드에 보조 배송 주소의 세부 정보를 입력합니다. 6. 모든 정보가 올바른지 확인하고 저장 버튼을 클릭하세요. 도중에 어려움을 겪거나 궁금한 점이 있으면 언제든지 알려주시기 바랍니다. 최선을 다해 도와드리겠습니다."
BL,배송지 입력 문제,배송지,배송지 설정,"배송 주소를 입력하는 데 어려움이 있으신 것으로 알고 있으며, 제가 도와드리겠습니다. 기술적인 문제를 해결하는 것이 저희의 최우선 과제이므로 이 문제를 해결하기 위해 함께 노력합시다. 이 문제를 효과적으로 해결하려면 다음 단계를 권장합니다. 1. 형식을 다시 확인하세요. 거리 이름, 건물 번호, 도시, 주, 우편번호 등 주소 세부정보를 올바르게 입력했는지 확인하세요. 오류가 발생할 수 있는 특수 문자나 기호의 사용을 피하세요. 2. 오류나 오타 확인: 입력하는 주소에 철자 오류나 오타가 있는지 주의 깊게 검토하세요. 사소한 오류라도 시스템 인식에 문제가 발생할 수 있습니다. 3. 다른 브라우저나 기기를 사용해 보세요. 때로는 플랫폼과 사용 중인 브라우저나 기기 간의 호환성 문제로 인해 기술적인 문제가 발생할 수 있습니다. 다른 브라우저나 장치에서 배송 주소를 입력해 보면 이 문제를 극복하는 데 도움이 될 수 있습니다. 4. 브라우저 캐시 및 쿠키 지우기: 캐시된 데이터 및 쿠키가 축적되면 웹페이지 기능에 영향을 미칠 수 있습니다. 브라우저의 캐시와 쿠키를 지우면 배송 주소 입력과 관련된 기술적 문제가 해결될 수 있습니다. 5. 지원팀에 문의: 문제가 지속되면 주저하지 말고 전담 지원팀에 문의하세요. 그들은 절차를 안내하고 맞춤형 지원을 제공할 전문 지식을 갖추고 있습니다. 고객 만족이 저희의 최우선 사항임을 기억하십시오. 추가 문의사항이 있거나 도중에 문제가 발생하면 알려주시기 바랍니다. 고객님의 배송 주소가 올바르게 입력되었는지 확인하여 원활하고 원활한 경험을 즐기실 수 있도록 도와드리겠습니다."
BELQ,배송지 주소를 어떻게 설정해야 할지 모르겠어요,배송지,배송지 설정,"배송 주소 설정에 대한 고객님의 혼란과 열망을 이해합니다. 절차를 안내해 드리겠습니다. 1. 당사 웹사이트에서 고객님의 계정에 로그인하여 시작하십시오. 2. ""내 계정"" 또는 ""프로필"" 섹션을 찾으십시오. 3. 해당 섹션 내에서 ""배송 주소"" 또는 이와 유사한 옵션을 찾으십시오. 4. ""새 주소 추가"" 또는 ""배송 주소 편집"" 옵션이 표시됩니다. 그것을 클릭하세요. 5. 이름, 연락처 정보, 주소 세부정보 등 배송 주소에 필요한 세부 정보를 입력합니다. 6. 입력된 정보가 정확한지 다시 한번 확인한 후 ""저장"" 버튼을 클릭하여 설정을 완료하세요. 문제가 발생하거나 위에서 언급한 단계가 다른 경우, 문제가 있는 부분에 대해 보다 구체적인 세부정보를 제공해 주시면 배송 주소 설정을 도와드리겠습니다."
BLZ,배송지 주소를 제출할 수 없습니다.,배송지,배송지 설정,"배송 주소를 제출하는 데 문제가 있다는 점을 이해합니다. 이 문제를 해결하는 데 도움을 드리고자 합니다. 문제 해결에 도움을 받으려면 다음 단계를 시도해 보세요. 1. 배송 주소의 거리명, 도시, 주, 우편번호를 포함하여 모든 필수 항목이 올바르게 입력되었는지 다시 확인하세요. 2. 주소 필드에 특수 문자나 기호가 없는지 확인하세요. 제출 오류가 발생할 수 있습니다. 3. 다른 웹 브라우저를 사용하거나 현재 브라우저의 캐시와 쿠키를 지워 브라우저 관련 문제를 배제해 보세요. 4. 모바일 장치를 사용하는 경우 데스크톱이나 노트북 컴퓨터로 전환하여 문제가 지속되는지 확인하세요. 5. 이 단계를 시도한 후에도 배송 주소를 제출할 수 없는 경우 고객 지원팀([고객센터전화번호])에 문의하거나 당사 웹사이트([웹사이트/메뉴])에서 라이브 채팅을 통해 문의하세요. 이 문제를 해결하는 데 기꺼이 도움을 드릴 것입니다. 이로 인해 불편을 끼쳐드려 죄송하며, 해결 방법을 찾는 동안 양해해 주셔서 감사합니다. 고객 만족이 저희의 최우선 사항입니다."
BL,보조 배송 주소를 제출하는 데 도움이 필요합니다.,배송지,배송지 설정,"물론이죠! 보조 배송 주소를 제출하는 데 도움을 드리고자 왔습니다. 원활한 절차를 보장하려면 다음 단계를 따라 주세요. 1. 고객님의 계정에 로그인하고 ""내 계정"" 또는 ""프로필"" 섹션으로 이동하십시오. 2. ""배송 주소"" 또는 유사한 옵션을 찾으십시오. 3. 새 주소를 추가하거나 기존 주소를 편집하는 옵션을 찾으세요. 4. 보조 배송 주소에 필요한 세부 정보를 정확하고 완전하게 입력하세요. 5. 정보가 정확한지 다시 확인하세요. 6. 변경 사항을 저장합니다. 이 과정에서 어려움을 겪거나 추가 문의사항이 있으면 언제든지 알려주시기 바랍니다. 저는 고객님의 경험이 번거로움이 없는지 확인하기 위해 왔습니다!"
BLMW,배달 주소를 입력하는 데 문제가 있습니다,배송지,배송지 설정,"배송지 입력에 어려움이 있으신 것으로 판단되며, 불편을 끼쳐드려 죄송합니다. 새 주소를 원활하게 설정하는 과정을 안내해 드리겠습니다. 1. 고객님의 계정에 로그인하여 시작하십시오. 2. 계정 설정에서 '배송 주소' 섹션을 찾으세요. 3. ""새 주소 추가"" 또는 ""배송 주소 편집"" 옵션을 선택하십시오. 4. 배송지 주소를 정확하게 입력해주세요. 5. 오류가 발생하지 않도록 입력한 정보를 다시 확인하세요. 6. 변경 사항을 저장하여 설정을 완료합니다. 문제가 계속 발생하거나 플랫폼에 따라 절차가 다른 경우 문제가 발생한 부분에 대한 구체적인 세부정보를 제공해 주시면 추가 지원을 해 드리겠습니다. 고객 만족이 저희의 최우선 과제이며 함께 해결책을 찾을 것입니다."
BILQ,내 배송 주소를 어떻게 제출할 수 있나요?,배송지,배송지 설정,"배송 주소 제출과 관련하여 도움을 요청해 주셔서 감사합니다. 배송 주소를 설정하는 것은 주문을 정확하게 배송하기 위한 중요한 단계입니다. 절차를 안내해 드리겠습니다. 1. 당사 웹사이트에서 고객님의 계정에 로그인하십시오. 2. '계정' 또는 '프로필' 섹션으로 이동합니다. 3. ""배송 주소"" 또는 유사한 옵션을 찾으십시오. 4. ""새 주소 추가"" 또는 ""배송 주소 편집"" 옵션을 선택합니다. 5. 이름, 거리 주소, 도시, 주, 우편번호 및 기타 필요한 세부 정보를 포함한 주소 정보로 필수 필드를 입력합니다. 6. 배송 문제가 발생하지 않도록 입력한 정보의 정확성을 다시 한번 확인하세요. 7. 배송 주소를 제출하려면 변경 사항을 저장하세요. 이 과정에서 어려움을 겪거나 질문이 있는 경우 언제든지 고객 지원팀에 문의하세요. 저희는 고객님께 필요한 지원을 연중무휴 24시간 제공할 수 있습니다."
BIL,배송지 설정이 가능한가요?,배송지,배송지 설정,"최선을 다하겠습니다! 배송지 설정은 당연히 가능합니다. 우리 플랫폼은 배송 주소에 필요한 모든 정보를 입력할 수 있는 원활한 설정을 제공하도록 설계되었습니다. 시작하려면 다음 단계를 따르세요. 1. 당사 웹사이트 또는 모바일 앱에서 고객님의 계정에 로그인하십시오. 2. 계정 설정 또는 프로필 섹션으로 이동합니다. 3. 배송 주소를 관리하거나 편집할 수 있는 옵션을 찾으세요. 4. 해당 옵션을 클릭하면 배송 주소를 추가하거나 업데이트할 수 있는 페이지로 이동됩니다. 5. 주소, 도시, 주, 우편번호 등 필수 항목을 모두 입력하세요. 6. 입력된 주소가 정확한지 검토하고 변경 사항을 저장합니다. 이 과정에서 어려움을 겪거나 추가 질문이 있는 경우, 주저하지 말고 알려주시기 바랍니다. 저희는 모든 단계에서 고객님을 돕기 위해 여기 있습니다!"
BCIL,배송지 주소를 제출해야 하는데 도움을 받을 수 있나요?,배송지,배송지 설정,"배송 주소 제출과 관련하여 도움이 필요하신 것으로 확인되었습니다. 안심하세요. 저는 이 과정을 안내해 드리기 위해 왔습니다. 배송 주소를 제출하려면 다음 단계를 따르세요. 1. 당사 웹사이트에서 고객님의 계정에 로그인하십시오. 2. 주소 세부정보를 관리할 수 있는 '내 계정' 또는 '프로필' 섹션으로 이동하세요. 3. '배송 주소' 또는 이와 유사한 옵션을 찾으십시오. 4. '새 주소 추가'를 클릭하여 배송 주소 세부 정보를 입력하세요. 5. 이름, 거리 주소, 도시, 주, 우편번호 등 필수 필드를 모두 입력하세요. 고객님이 제공한 정보의 정확성을 다시 한번 확인하십시오. 6. 필요한 세부 정보를 모두 입력한 후 '저장' 또는 '제출'을 클릭하여 배송 주소를 저장하세요. 어려움이 있거나 절차가 어떤 식으로든 다르게 나타저는 경우, 주저하지 말고 저에게 연락해 주세요. 고객님이 배송 주소를 성공적으로 제출할 수 있도록 추가 지원을 제공해 드리겠습니다."
BIL,새 배송 주소는 어디서 설정하나요?,배송지,배송지 설정,새 배송 주소를 설정할 위치에 대한 안내를 찾고 계시다는 것을 해독했습니다. 원활한 절차를 보장하려면 다음 단계를 따라 주세요. 1. 당사 웹사이트에서 고객님의 계정에 로그인하십시오. 2. '내 계정' 또는 '프로필' 섹션으로 이동하세요. 3. '배송 주소' 또는 이와 유사한 옵션을 찾으십시오. 4. '새 주소 추가' 또는 '배송 주소 편집' 옵션을 선택하세요. 5. 새 배송 주소에 필요한 세부 정보를 입력하세요. 6. 변경 사항을 저장하면 향후 배송을 위해 새 주소가 설정됩니다. 어려움이 있거나 절차가 다르게 나타저는 경우 알려주시면 추가 지원을 제공해 드리겠습니다. 저희는 고객님이 새 배송 주소를 설정하는 과정에서 원활한 경험을 할 수 있도록 최선을 다하고 있습니다.
BIL,다른 배송 주소를 설정하는 데 도움을 주실 수 있나요?,배송지,배송지 설정,"물론입니다! 다른 배송 주소를 설정하는 데 도움을 드리고자 왔습니다. 다음은 절차에 도움이 되는 단계별 가이드입니다. 1. 당사 웹사이트에서 고객님의 계정에 로그인하십시오. 2. '내 계정' 또는 '프로필' 섹션으로 이동하세요. 3. '배송 주소' 또는 이와 유사한 옵션을 찾으십시오. 4. '새 주소 추가' 또는 '배송 주소 편집'을 선택합니다. 5. 거리 이름, 도시, 우편번호 및 필요한 추가 정보를 포함하여 새 배송 주소의 세부 정보를 입력하세요. 6. 입력된 정보가 정확한지 다시 한번 확인하세요. 7. 변경 사항을 저장합니다. 진행 중에 문제가 발생하거나 추가 문의사항이 있으면 언제든지 알려주시기 바랍니다. 고객님의 새 배송 주소가 성공적으로 설정되었는지 확인하기 위해 왔습니다."
BL,새로운 배송 주소 입력 지원,배송지,배송지 설정,"안심하세요. 새 배송 주소를 입력하실 수 있도록 도와드리겠습니다. 절차를 단계별로 안내해 드리겠습니다. 1. 당사 웹사이트나 앱에서 고객님의 계정에 로그인하세요. 2. ""내 계정"" 또는 ""프로필"" 섹션으로 이동합니다. 3. ""배송 주소"" 또는 유사한 옵션을 찾으십시오. 4. ""새 주소 추가"" 또는 ""새 배송 주소"" 버튼을 선택하세요. 5. 이름, 주소, 도시, 주, 우편번호, 연락처 등 정확한 정보를 필수 항목에 입력하세요. 6. 입력된 정보에 오류나 누락이 있는지 다시 한번 확인하세요. 7. ""저장"" 또는 ""제출"" 버튼을 클릭하여 새 배송 주소를 저장하세요. 이 과정에서 예상치 못한 문제가 발생하거나 추가 지원이 필요한 경우 주저하지 말고 고객 지원팀에 문의하세요. 저희는 각 단계를 통해 고객님을 기꺼이 도와드릴 것이며 고객님의 새 배송 주소가 우리 시스템에 성공적으로 입력되었는지 확인할 것입니다."
BILP,배송 주소는 어디에 제출할 수 있나요?,배송지,배송지 설정,배송 주소를 제출할 위치를 찾아야 한다는 점을 이해합니다. 이렇게 하려면 다음 단계를 따라 주세요. 1. 당사 웹사이트에서 고객님의 계정에 로그인하십시오. 2. '내 계정' 또는 '프로필' 섹션으로 이동하세요. 3. '배송 주소' 또는 이와 유사한 옵션을 찾으십시오. 4. 찾으면 클릭하여 계속 진행하세요. 5. 배송 주소 페이지에는 새 주소를 '추가' 또는 '제출'할 수 있는 필드 또는 버튼이 있습니다. 6. '추가' 또는 '제출' 옵션을 클릭하여 배송 주소 세부정보를 입력하세요. 7. 필수 항목에는 정확하고 완전한 정보를 입력하시기 바랍니다. 8. 마지막으로 변경 사항을 저장합니다. 정확한 단계는 사용 중인 플랫폼이나 웹사이트에 따라 약간 다를 수 있습니다. 어려움이 있거나 추가 문의사항이 있으면 언제든지 알려주시기 바랍니다. 저는 모든 단계에서 고객님을 돕기 위해 여기 있습니다!
BL,다른 배송지 주소를 입력해야 합니다,배송지,배송지 설정,"기꺼이 도와드리겠습니다! 다른 배송 주소를 입력하는 데 도움을 드리고자 왔습니다. 새 배송 주소를 추가하려면 다음 단계를 따르세요. 1. 고객님의 계정에 로그인하십시오. 2. ""내 계정"" 또는 ""프로필"" 섹션으로 이동합니다. 3. ""배송 주소"" 또는 유사한 옵션을 찾으십시오. 4. 계속 진행하려면 ""새 배송 주소 추가"" 또는 관련 버튼을 클릭하세요. 5. 제공된 필드에 필수 정보를 정확하게 입력하세요. 6. 모든 세부정보가 올바른지 다시 확인하세요. 7. 변경 사항을 저장합니다. 도중에 어려움을 겪거나 구체적인 질문이 있는 경우 언제든지 알려주시기 바랍니다. 기꺼이 절차를 안내하고 문의 사항을 해결해 드리겠습니다. 고객 만족은 나의 최우선 순위입니다!"
BL,새 배송 주소를 설정하는 데 문제가 발생했습니다,배송지,배송지 설정,새 배송 주소를 설정하는 데 어려움을 겪고 계신 것으로 알고 있습니다. 불편을 끼쳐드려 죄송합니다. 더 나은 지원을 위해 현재 발생한 특정 문제에 대한 자세한 내용을 제공해 주시겠습니까? 오류 메시지가 표시됩니까? 시스템이 고객님의 주소를 유효한 것으로 받아들이지 않습니까? 추가 정보가 접수되면 절차를 안내하고 새 배송 주소를 성공적으로 설정하실 수 있도록 도와드리겠습니다.
BL,새 배송 주소를 제출하려고 합니다.,배송지,배송지 설정,"고객님이 새 배송 주소를 제출하려고 시도하고 있는 현실을 알고 있습니다. 이 문제를 함께 해결해 봅시다. 먼저, 거리 주소, 도시, 주, 우편번호를 포함하여 모든 필수 정보를 올바르게 입력했는지 확인하세요. 제출 오류의 원인이 될 수 있는 오타나 누락된 세부정보가 있는지 확인하세요. 여전히 문제가 발생하는 경우 브라우저 캐시와 쿠키를 지우고 다시 제출해 보세요. 때로는 오래되었거나 충돌하는 데이터가 제출 절차를 방해할 수 있습니다. 문제가 지속되면 고객 지원팀에 직접 문의하시는 것이 좋습니다. 기술적인 문제를 해결하고 새 배송 주소 제출에 대한 맞춤형 지원을 제공하는 전문 지식을 갖추고 있습니다. [고객센터전화번호]로 전화하거나 당사 웹사이트 [웹사이트/메뉴]의 라이브 채팅을 통해 연락할 수 있습니다. 추가 문제를 해결하기 위해 [운영시간/기간]를 사용할 수 있습니다. 추가로 도움이 필요하시면 알려주시기 바랍니다."
BCLP,배송지 주소를 설정하고 싶은데 도움이 필요해요,배송지,배송지 설정,"바로 처리하겠습니다! 배송 주소 설정을 도와드리겠습니다. 이 여행을 함께 시작해 보세요! 배송 주소를 설정하려면 다음 단계를 따르세요. 1. 당사 웹사이트나 앱에서 고객님의 계정에 로그인하세요. 2. '내 계정' 또는 '프로필' 섹션으로 이동합니다. 3. '배송 주소' 또는 이와 유사한 옵션을 찾으십시오. 4. '새 주소 추가' 또는 '배송 주소 편집'을 클릭하세요. 5. 이름, 거리 주소, 도시, 주/도, 우편번호 등 배송 주소 세부정보를 입력하세요. 6. 입력된 정보가 정확한지 다시 한번 확인하세요. 7. 변경 사항을 저장합니다. 이 과정에서 어려움이 발생하거나 추가 안내가 필요한 경우 언제든지 알려주시기 바랍니다. 고객 만족이 저희의 최우선 과제이며 고객님께 필요한 지원을 제공해 드리겠습니다."
BL,다른 배송 주소를 입력하는 데 도움,배송지,배송지 설정,"다른 배송 주소를 입력하는 데 도움이 필요하다는 점을 잘 알고 있습니다. 저는 이 과정을 도와드리기 위해 왔습니다. 단계별 가이드는 다음과 같습니다. 1. 로그인 정보를 사용하여 계정에 로그인합니다. 2. 일반적으로 페이지 오른쪽 상단에 있는 ""내 계정"" 또는 ""프로필"" 섹션으로 이동합니다. 3. 계정 설정에서 ""배송 주소"" 또는 이와 유사한 옵션을 찾으십시오. 4. ""새 주소 추가"" 또는 ""배송 주소 편집"" 옵션을 선택합니다. 5. 수취인의 이름, 거리 주소, 도시, 주, 우편번호 및 기타 필수 정보를 포함하여 새 배송 주소에 필요한 세부 정보를 입력합니다. 6. 입력된 세부정보가 정확한지 다시 확인하고 필요한 경우 조정합니다. 7. 변경 사항을 저장하여 새 주소가 계정에 성공적으로 추가되었는지 확인하세요. 다른 배송 주소를 입력하는 데 어려움이 있거나 추가 질문이 있는 경우 언제든지 알려주시기 바랍니다."
BI,새로운 배송 주소를 설정할 수 있나요?,배송지,배송지 설정,새 배송 주소를 설정할 수 있는지 궁금해하시는 것으로 알고 있습니다. 물론입니다! 저희는 고객님의 필요에 맞게 여러 배송 주소를 추가할 수 있는 유연성을 제공합니다. 방법은 다음과 같습니다. 1. 고객님의 계정에 로그인하십시오. 2. '내 계정' 또는 '프로필' 섹션으로 이동하세요. 3. '배송 주소' 또는 이와 유사한 옵션을 찾으십시오. 4. '새 주소 추가' 옵션이 표시됩니다. 그것을 클릭하세요. 5. 새 배송 주소에 필요한 세부 정보를 입력하세요. 6. 변경 사항을 저장합니다. 문제가 발생하거나 추가 문의사항이 있으면 알려주시기 바랍니다. 저는 모든 단계에서 고객님을 돕기 위해 여기 있습니다!
BILQZ,내 새 배송 주소를 제출하는 것을 도와줄 수 있나요?,배송지,배송지 설정,새 배송 주소를 제출하는 데 도움이 필요하다는 점을 인정합니다. 저는 고객님을 돕기 위해 여기 있습니다! 새 주소를 제출하려면 다음 단계를 따르세요. 1. 고객님의 계정에 로그인하십시오. 2. '내 계정' 또는 '프로필' 섹션으로 이동합니다. 3. '배송 주소' 옵션이나 유사한 섹션을 찾으십시오. 4. '새 주소 추가' 또는 '배송 주소 편집' 옵션을 선택하세요. 5. 제공된 필드에 새 배송 주소의 세부 정보를 입력합니다. 6. 정보가 정확한지 다시 확인하세요. 7. 변경 사항을 저장합니다. 이 과정에서 문제가 발생하거나 추가 안내가 필요한 경우 주저하지 말고 알려주시기 바랍니다. 고객 만족은 나의 최우선 순위입니다!
BLQZ,배송 주소를 설정해야 해요,배송지,배송지 설정,"배송 주소 설정과 관련하여 도움이 필요하신 것으로 확인됩니다. 저는 고객님께 절차를 안내하고 원활한 경험을 보장하기 위해 왔습니다. 다음 단계를 따라 주세요. 1. 당사 웹사이트나 앱에서 고객님의 계정에 로그인하세요. 2. ""내 계정"" 또는 ""프로필"" 섹션으로 이동합니다. 3. ""배송 주소"" 또는 유사한 옵션을 찾으십시오. 4. ""새 주소 추가"" 또는 ""배송 주소 편집""을 클릭하세요. 5. 지정된 필드에 배송 주소 세부 정보를 입력하세요. 6. 정보가 정확한지 다시 확인하고 ""저장""을 클릭하여 변경 사항을 확인하세요. 문제가 발생하거나 배송 주소에 대한 특정 요구사항이 있는 경우 알려주시면 추가 지원을 해드리겠습니다."
BELQ,배송주소 입력하는 방법을 모르겠어요,배송지,배송지 설정,"배송 주소를 입력하는 방법에 대해 잘 모르시는 것으로 알고 있습니다. 걱정하지 마세요. 제가 이 과정을 안내해 드리겠습니다. 배송 주소를 입력하려면 다음 단계를 따르세요. 1. 고객님의 계정에 로그인하십시오. 2. ""내 계정"" 또는 ""프로필"" 섹션으로 이동합니다. 3. ""배송 주소"" 또는 유사한 옵션을 찾으십시오. 4. ""새 주소 추가"" 또는 ""배송 주소 편집"" 버튼을 클릭하십시오. 5. 거리, 도시, 우편번호, 국가 등 배송 주소 세부정보를 필수 입력란에 입력하세요. 6. 입력한 정보가 정확한지 다시 한번 확인하세요. 7. 새 배송 주소를 계정에 적용하려면 변경 사항을 저장하세요. 어려움이 있거나 추가 설명이 필요한 특정 영역이 있는 경우 알려주시기 바랍니다. 저는 모든 단계에서 고객님을 돕기 위해 여기 있습니다!"
BELQ,배송 주소를 설정할 수 없습니다,배송지,배송지 설정,배송지 주소 설정에 불편을 드려 죄송합니다. 불편을 끼쳐드려 죄송합니다. 더 나은 지원을 위해 고객님이 겪고 있는 특정 문제에 대한 추가 정보를 제공해 주시겠습니까? 절차 중에 오류 메시지가 나타나거나 장애물이 발생합니까? 보다 자세한 내용을 통해 문제를 신속하게 해결할 수 있도록 가장 정확한 안내와 솔루션을 제공해 드릴 수 있습니다. 고객 만족이 저희의 최우선 과제이며 원활하고 번거롭지 않은 경험을 보장하기 위해 왔습니다.
BL,다른 배송 주소 제출 지원,배송지,배송지 설정,"다른 배송 주소를 제출하는 데 도움이 필요하다는 것을 알고 있습니다. 이 문제를 해결하기 위해 함께 노력합시다. 추가 배송 주소를 제출하려면 다음 단계를 따르세요. 1. 고객님의 계정에 로그인하십시오. 2. ""내 계정"" 또는 ""프로필"" 섹션으로 이동합니다. 3. ""배송 주소"" 또는 유사한 옵션을 찾으십시오. 4. ""새 주소 추가"" 또는 ""수정"" 버튼을 선택하십시오. 5. 새 배송 주소에 필요한 세부 정보를 입력하세요. 6. 정보가 정확한지 다시 확인하세요. 7. 변경 사항을 저장합니다. 진행 중에 문제가 발생하거나 추가 문의사항이 있으면 언제든지 알려주시기 바랍니다. 저는 모든 단계에서 고객님을 돕기 위해 여기 있습니다."
BIL,배송 주소는 어디에 입력하나요?,배송지,배송지 설정,"배송 주소를 어디에 입력해야 하는지에 대한 안내를 찾고 계시는 것 같습니다. 이 과정에서 제가 도움을 드릴 수 있도록 하겠습니다. 배송 주소를 추가할 준비가 되면 다음 단계를 따르세요. 1. 당사 웹사이트에서 고객님의 계정에 로그인하십시오. 2. '계정' 또는 '프로필' 섹션으로 이동합니다. 3. ""배송 주소"" 또는 유사한 옵션을 찾으십시오. 4. 클릭하시면 주소관리 페이지로 이동합니다. 5. ""새 주소 추가"" 또는 ""배송 주소 편집"" 옵션이 표시됩니다. 이 옵션을 선택하세요. 6. 필수 입력란에 정확한 배송 주소 정보를 입력하세요. 7. 정보가 정확한지 다시 확인한 후 변경 사항을 저장합니다. 이 과정에서 문제가 발생하거나 추가 지원이 필요한 경우 언제든지 알려주시기 바랍니다. 저는 모든 단계에서 고객님을 돕기 위해 여기 있습니다."
BELW,혈기왕성한 배송주소를 제출하려면 어떻게 해야할지 모르겠어요,배송지,배송지 설정,"배송 주소를 제출하는 단계를 잘 모르시는 것으로 알고 도움을 드리고 있습니다. 함께 분석해 보겠습니다. 1. 당사 웹사이트에서 고객님의 계정에 로그인하십시오. 2. ""내 계정"" 또는 ""프로필"" 섹션으로 이동합니다. 3. ""배송 주소"" 또는 이와 유사한 옵션을 찾으십시오. 4. 이를 클릭하면 배송 주소 설정에 액세스할 수 있습니다. 5. ""새 주소 추가"" 또는 ""배송 주소 편집"" 옵션이 표시됩니다. 선택하세요. 6. 수취인 이름, 거리 주소, 도시, 시/도, 우편번호, 연락처 등 배송 주소에 필요한 세부 정보를 입력하세요. 7. 원활한 전달을 위해 제공된 정보의 정확성을 다시 한번 확인하세요. 8. 변경 사항을 저장합니다. 이 과정에서 어려움이 발생하거나 추가 안내가 필요한 경우 언제든지 알려주시기 바랍니다. 저는 고객님이 배송 주소를 설정하는 과정이 원활하게 이루어지도록 하기 위해 왔습니다."
BCL,배송 주소를 설정해야 하는데 도움이 필요해요,배송지,배송지 설정,"배송 주소 설정에 도움이 필요하다는 점을 이해했습니다. 저는 고객님께 절차를 안내하고 원활한 경험을 보장하기 위해 왔습니다. 배송 주소를 설정하려면 다음 단계를 따르세요. 1. 당사 웹사이트/앱에서 고객님의 계정에 로그인하세요. 2. ""내 계정"" 또는 ""프로필"" 섹션으로 이동합니다. 3. ""배송 주소"" 또는 유사한 옵션을 찾으십시오. 4. 새 주소를 추가하거나 기존 주소를 편집하는 옵션을 선택합니다. 5. 거리명, 번호, 도시, 주, 우편번호 등 배송 주소에 필요한 정보를 입력하세요. 6. 배송 문제가 발생하지 않도록 입력한 정보의 정확성을 다시 한번 확인하세요. 7. 변경 사항을 저장합니다. 배송 주소를 설정하는 데 어려움이 있거나 특정 질문이 있는 경우 주저하지 말고 문의하세요. 우리 지원팀은 추가 지원을 제공하고 성공적인 설정을 보장할 준비가 되어 있습니다."
BLM,다른 배송 주소를 설정하는 중에 문제가 발생했습니다.,배송지,배송지 설정,다른 배송지 설정 문제로 불편을 끼쳐드려 죄송합니다. 저는 이 문제를 해결하는 데 도와드리겠습니다. 더 나은 지원을 위해 현재 발생한 문제에 대한 자세한 내용을 제공해 주시겠습니까? 오류 메시지가 표시됩니까? 이전에 제공된 단계를 따랐습니까? 추가 정보가 접수되면 문제 해결 과정을 안내하고 보조 배송 주소를 성공적으로 설정하실 수 있도록 도와드리겠습니다.
BCIL,새로운 배송지 주소를 제출해야 하는데 어떻게 해야 하나요?,배송지,배송지 설정,"새 배송 주소를 즉시 제출하는 것이 중요하다는 점을 잘 알고 있습니다. 절차를 안내해 드리겠습니다. 1. 당사 웹사이트에서 고객님의 계정에 로그인하여 시작하십시오. 2. 로그인한 후 '내 계정' 또는 '프로필' 섹션으로 이동하세요. 3. '배송 주소' 또는 이와 유사한 옵션을 찾으십시오. 4. '새 주소 추가' 또는 '배송 주소 편집'을 클릭하세요. 5. 거리 이름, 도시, 주, 우편번호 및 기타 필수 필드를 포함하여 새 배송 주소에 필요한 세부 정보를 입력합니다. 6. 입력한 정보가 정확한지 다시 한번 확인하세요. 7. 변경 사항을 저장하여 새 배송 주소를 제출하세요. 문제가 발생하거나 추가 질문이 있는 경우 언제든지 문의해 주세요. 저희는 모든 단계에서 고객님을 돕기 위해 여기 있습니다!"
BLW,빌어먹을 새 배송 주소를 입력하는 중에 오류가 발생했습니다.,배송지,배송지 설정,"새 배송 주소를 입력하면서 겪고 있는 불편함을 이해하며, 불편을 끼쳐드려 죄송합니다. 이 문제를 극복하기 위해 함께 노력합시다. 더 나은 지원을 위해 발생한 특정 오류 메시지나 문제에 대한 자세한 내용을 제공해 주시겠습니까? 이렇게 하면 문제를 보다 정확하게 해결하고 적합한 솔루션을 찾는 데 도움이 됩니다. 안심해 주세요. 저희는 고객님께 원활한 경험을 보장하기 위해 최선을 다하고 있으며 모든 단계에서 고객님을 지원하기 위해 여기 있습니다."
BLM,다른 배송 주소를 입력하는 데 문제가 있습니다.,배송지,배송지 설정,"다른 배송 주소를 입력하는 동안 문제가 발생하여 불편을 끼쳐드린 점 이해합니다. 입력하려는 주소가 유효하고 필수 형식을 충족하는지 확인하는 것이 중요합니다. 이 문제를 해결하기 위해 시도할 수 있는 몇 가지 방법은 다음과 같습니다. 1. 주소 세부정보를 다시 확인하세요. 거리 이름, 집/아파트 번호, 도시, 우편번호 및 기타 관련 세부정보를 포함하여 필요한 모든 정보를 올바르게 입력했는지 확인하세요. 2. 주소 형식을 확인하세요. 국가나 지역에 따라 주소 형식이 다를 수 있습니다. 고객님의 위치에 따라 올바른 형식을 따르고 있는지 확인하십시오. 3. 고객 지원팀에 문의: 주소를 여러 번 입력했는데도 여전히 문제가 발생하는 경우 고객 지원팀에 문의하는 것이 가장 좋습니다. 추가 지원을 제공하고 이 문제를 일으킬 수 있는 기술적 문제를 해결할 수 있습니다. 4. 대체 옵션 고려: 일반적인 절차를 통해 다른 배송 주소를 입력할 수 없는 경우 배송업체에 직접 연락하여 올바른 주소를 제공하거나 당분간 계정에서 다른 배송 주소를 사용하는 등의 대체 옵션을 모색할 수 있습니다. 저희는 모든 단계에서 고객님을 지원하기 위해 여기 있다는 것을 기억하십시오. 다른 질문이나 문의 사항이 있으면 알려주시기 바랍니다."
BL,보조 배송 주소 설정 도움말,배송지,배송지 설정,"확실히! 보조 배송 주소 설정을 도와드리겠습니다. 원활한 절차를 위해 다음 단계를 따르세요. 1. 고객님의 계정에 로그인하십시오. 2. '내 계정' 또는 '프로필' 섹션으로 이동하세요. 3. '배송 주소' 또는 이와 유사한 옵션을 찾으십시오. 4. '새 주소 추가' 또는 '배송 주소 편집'을 클릭하세요. 5. 거리, 시, 주, 우편번호를 포함한 보조 배송 주소의 세부 정보를 입력하세요. 6. 배송 문제가 발생하지 않도록 정보의 정확성을 다시 확인하세요. 7. 변경 사항을 저장하여 보조 배송 주소 설정을 완료하세요. 도중에 어려움을 겪거나 궁금한 점이 있으면 언제든지 저에게 연락해 주세요. 저는 이 과정 전반에 걸쳐 고객님을 돕기 위해 여기 있습니다!"
BL,새 배송 주소를 입력해야 합니다,배송지,배송지 설정,새 배송 주소를 입력하는 데 도움이 필요하다는 것을 확인했습니다. 절차를 안내해 드리겠습니다. 1. 고객님의 계정에 로그인하십시오. 2. '내 계정' 또는 '프로필' 섹션으로 이동하세요. 3. '배송 주소' 또는 이와 유사한 섹션을 찾으십시오. 4. '새 주소 추가' 또는 '배송 주소 편집' 옵션이 있어야 합니다. 선택하세요. 5. 제공된 필드에 새 배송 주소에 대한 필수 세부 정보를 입력합니다. 6. 입력된 정보가 정확한지 다시 한번 확인하세요. 7. 변경 사항을 저장합니다. 문제가 발생하거나 추가 문의사항이 있으면 언제든지 알려주시기 바랍니다. 저는 도와주러 왔습니다!
BLZ,배달 주소 제출 지원,배송지,배송지 설정,"배송 주소를 제출하는 데 도움이 필요하다는 점을 말씀드립니다. 이로 인해 불편을 끼쳐드려 죄송합니다. 절차를 안내해 드리겠습니다. 1. 고객님의 계정에 로그인하십시오. 2. ""내 계정"" 또는 ""프로필"" 섹션으로 이동합니다. 3. ""배송 주소"" 또는 유사한 옵션을 찾으십시오. 4. ""새 주소 추가"" 또는 ""배송 주소 편집""에 대한 버튼이나 링크를 찾아야 합니다. 그것을 클릭하세요. 5. 수취인 이름, 거리 주소, 도시, 주, 우편번호 등 배송 주소에 필요한 세부 정보를 입력하세요. 6. 정보의 정확성과 완전성을 다시 한번 확인하세요. 7. 인터페이스에 따라 변경 사항을 저장하거나 양식을 제출합니다. 8. 배송 주소가 성공적으로 제출되었음을 알리는 확인 메시지를 받게 됩니다. 이 과정에서 문제가 발생하거나 추가 지원이 필요한 경우 언제든지 알려주시기 바랍니다. 저는 모든 단계에서 고객님을 돕기 위해 여기 있습니다!"
BCEILQZ,배송 주소가 유효하지 않아요 어떻게 해야 하나요,배송지,배송지 설정,"고객님의 배송 주소가 유효하지 않은 문제에 직면해 있음을 확인했습니다. 불편을 끼쳐드려 죄송합니다. 이 문제를 해결하려면 다음 단계를 수행하는 것이 좋습니다. 1. 배송지 주소에 입력한 정보를 다시 확인하세요. 거리 이름, 건물 번호, 도시, 주, 우편번호를 포함하여 주소가 정확하고 완전한지 확인하세요. 2. 공백 누락, 잘못된 약어, 특수 문자 등 서식 오류가 있는지 확인하세요. 주소 형식이 배송 서비스 제공업체의 요구 사항과 일치하는지 확인하세요. 3. 그래도 계속 진행할 수 없는 경우 브라우저 캐시와 쿠키를 삭제한 후 배송 주소를 다시 입력해 보세요. 4. 문제가 지속되면 고객지원팀에 문의하세요. 그들은 고객님께 추가 지원을 제공하고 문제 해결에 실시간 도움을 제공할 수 있습니다. 불편을 끼쳐드려 죄송하며, 문제를 해결하는 동안 양해해 주셔서 감사합니다."
BEL,배송지 설정을 어떻게 해야 할지 모르겠습니다,배송지,배송지 설정,"배송 주소 설정 단계에 대해 잘 모르셨다니 감사드립니다. 걱정하지 마세요. 제가 이 과정을 안내해 드리겠습니다. 진행 방법은 다음과 같습니다. 1. 고객님의 계정에 로그인하십시오. 2. '설정' 또는 '계정 설정' 섹션으로 이동합니다. 3. ""배송"" 또는 ""배송 주소"" 옵션을 찾으세요. 4. ""새 주소 추가"" 또는 ""배송 주소 편집"" 옵션을 선택하십시오. 5. 필수 입력란에 올바른 배송 주소 정보를 입력하세요. 6. 정보가 정확한지 다시 확인하고 '저장' 또는 '제출'을 클릭하세요. 문제가 발생하거나 고객님의 계정에서 절차가 다르게 보이는 경우, 어려움을 겪고 있는 부분에 대한 자세한 내용을 알려주시면 기꺼이 도와드리겠습니다."
BLM,새 배송 주소를 설정하는 중에 오류가 발생했습니다.,배송지,배송지 설정,"새로운 배송 주소를 설정하는 동안 어려움을 겪고 계시다는 사실을 파악하고 이러한 오류를 극복할 수 있도록 도와드리겠습니다. 이 문제를 해결하려면 다음 단계를 따라 주세요. 1. 당사 웹사이트에서 고객님의 계정에 로그인하십시오. 2. ""내 계정"" 또는 ""프로필"" 섹션으로 이동합니다. 3. ""배송 주소"" 또는 유사한 옵션을 찾으십시오. 4. ""새 주소 추가"" 또는 ""배송 주소 편집"" 옵션을 선택합니다. 5. 정확한 배송을 위해 새 배송 주소를 주의 깊게 입력하세요. 6. 입력한 정보에 실수나 오타가 있는지 다시 확인하세요. 7. 변경 사항을 저장하고 오류가 지속되는지 확인합니다. 계속해서 오류가 발생하거나 추가 지원이 필요한 경우 오류 메시지나 추가 오류 코드 등 발생한 오류에 대한 보다 구체적인 세부정보를 제공해 주세요. 이 정보는 문제를 보다 효과적으로 진단하고 가장 적절한 솔루션을 제공하는 데 도움이 됩니다."
BLQZ,내 배송 주소를 설정할래,배송지,배송지 설정,"배송 주소 설정에 관심을 가져주셔서 감사합니다. 절차를 단계별로 안내해 드리겠습니다. 1. 고객님의 로그인 정보를 사용하여 당사 웹사이트에서 고객님의 계정에 로그인하십시오. 2. 계정 설정 또는 프로필 섹션으로 이동합니다. 일반적으로 프로필 사진이나 사용자 이름을 클릭하면 이 옵션을 찾을 수 있습니다. 3. ""배송 주소"" 섹션이나 유사한 옵션을 찾으십시오. 배송지 주소를 관리하는 곳입니다. 4. ""주소 추가"" 또는 이와 유사한 버튼을 클릭하여 새 배송 주소를 추가하세요. 5. 수취인 이름, 거리 주소, 도시, 주, 우편번호 등 보조 배송 주소에 필요한 세부 정보를 입력합니다. 6. 시기적절하고 정확한 배송을 위해 고객님이 입력한 정보의 정확성을 다시 한번 확인하십시오. 7. 변경 사항을 저장하여 보조 배송 주소 설정을 마무리하세요. 절차 중에 어려움이 발생하거나 추가 질문이 있는 경우 [고객센터전화번호]를 통해 [운영시간/기간]로 제공되는 고객 지원팀에 문의하거나 웹사이트 [웹사이트/메뉴]의 라이브 채팅을 통해 언제든지 문의하세요. 저희는 모든 단계에서 고객님을 돕기 위해 여기 있습니다."
BCILQ,새 배송 주소를 제출하고 싶어요 어떻게 해야 하나요?,배송지,배송지 설정,"새 배송 주소를 제출하려고 하는데 처리 과정이 확실하지 않다는 문의를 받았습니다. 단계별로 안내해 드리겠습니다. 1. 고객님의 계정에 로그인하여 시작하십시오. 2. '내 계정' 또는 '프로필' 섹션으로 이동하세요. 3. '배송 주소' 또는 유사한 탭을 찾으십시오. 4. 해당 섹션에는 '새 주소 추가' 또는 '배송 주소 편집' 옵션이 표시됩니다. 선택하세요. 5. 거리 이름, 도시, 주, 우편번호 및 기타 관련 정보를 포함하여 새 배송 주소에 필요한 세부 정보를 입력합니다. 6. 입력된 정보가 정확한지 다시 한번 확인하여 오타나 실수가 없는지 확인하세요. 7. 세부정보를 검토하고 정확성을 확인한 후 변경 사항을 저장합니다. 문제가 발생하거나 특정 플랫폼에 따라 절차가 다른 경우 직면한 문제에 대한 추가 정보를 제공해 주시면 기꺼이 도와드리겠습니다."
BILQ,배송 주소 설정을 도와줄 수 있나요?,배송지,배송지 설정,"물론이죠! 배송 주소 설정을 도와드리겠습니다. 시작하려면 다음 단계를 따르세요. 1. 고객님의 계정에 로그인하십시오. 2. '내 계정' 또는 '프로필' 섹션으로 이동하세요. 3. '배송 주소' 또는 이와 유사한 옵션을 찾으십시오. 4. '새 주소 추가' 또는 '배송 주소 편집' 버튼이나 링크를 찾으세요. 그것을 클릭하세요. 5. 수취인 이름, 거리 주소, 도시, 주, 우편번호 등 새 배송 주소에 필요한 세부 정보를 입력하세요. 6. 모든 정보가 정확한지 다시 확인한 후 변경 사항을 저장합니다. 이 과정에서 어려움을 겪거나 추가 문의사항이 있으면 언제든지 알려주시기 바랍니다. 배송 주소 설정 전반에 걸쳐 원활한 경험을 하실 수 있도록 도와드리겠습니다."
BILQ,보조 배송 주소를 설정할 수 있나요?,배송지,배송지 설정,물론이죠! 실제로 보조 배송 주소를 설정하는 것이 가능합니다. 우리 시스템은 고객님의 다양한 배송 요구 사항을 충족하기 위해 여러 주소를 추가할 수 있는 유연성을 제공합니다. 보조 배송 주소를 설정하려면 다음 단계를 따르세요. 1. 고객님의 계정에 로그인하십시오. 2. '내 계정' 또는 '프로필' 섹션으로 이동하세요. 3. '배송 주소' 또는 이와 유사한 섹션을 찾으십시오. 4. '새 주소 추가' 또는 '배송 주소 편집' 옵션이 표시됩니다. 선택하세요. 5. 제공된 필드에 보조 배송 주소의 세부 정보를 입력합니다. 6. 변경 사항을 저장합니다. 보조 배송 주소를 설정하는 데 어려움이 있거나 특정 질문이 있는 경우 언제든지 알려주시기 바랍니다. 절차 전반에 걸쳐 기꺼이 도와드리겠습니다.
BCIL,새 배송 주소를 제출하고 싶은데 어떻게 해야 하나요?,배송지,배송지 설정,"새 배송 주소를 제출하고 싶다는 것을 해독했습니다. 저는 이 과정을 도와드리기 위해 왔습니다. 새 배송 주소를 제출하려면 다음 단계를 따르세요. 1. 당사 웹사이트에서 고객님의 계정에 로그인하십시오. 2. ""내 계정"" 또는 ""프로필"" 섹션으로 이동합니다. 3. ""배송 주소"" 또는 유사한 옵션을 찾으십시오. 4. ""새 주소 추가"" 또는 ""배송 주소 편집"" 옵션을 찾아야 합니다. 선택하세요. 5. 거리명, 도시, 주, 우편번호 등 새 배송 주소 세부정보를 필수 필드에 입력하세요. 6. 입력한 정보가 정확한지 다시 한번 확인하세요. 7. 변경 사항을 저장하여 새 배송 주소를 제출하세요. 이 과정에서 어려움을 겪거나 추가 문의사항이 있으면 언제든지 알려주시기 바랍니다. 저는 이것이 고객님의 원활한 경험이 될 수 있도록 돕기 위해 왔습니다."
BLZ,보조 배송 주소를 제출해야 해요,배송지,배송지 설정,보조 배송 주소를 제출해야 한다는 점에 민감합니다. 이는 패키지가 원하는 위치에 도달했는지 확인하는 중요한 단계입니다. 보조 배송 주소를 제출하려면 다음 단계를 따르세요. 1. 고객님의 계정에 로그인하십시오. 2. '내 계정' 또는 '프로필' 섹션으로 이동하세요. 3. '배송 주소' 또는 이와 유사한 옵션을 찾으십시오. 4. '새 주소 추가' 또는 '배송 주소 편집' 옵션을 선택하십시오. 5. 제공된 필드에 보조 배송 주소의 세부정보를 입력하세요. 6. 모든 정보가 정확한지 다시 확인하세요. 7. 변경 사항을 저장합니다. 문제가 발생하거나 추가 질문이 있는 경우 언제든지 자세한 내용을 공유해 주시면 기꺼이 도와드리겠습니다. 고객 만족이 저희의 최우선 사항입니다.
BL,새 배송 주소를 설정해야 합니다,배송지,배송지 설정,"걱정 마세요! 새 배송 주소를 설정하는 과정을 안내해 드리겠습니다. 시작하려면 다음 단계를 따르세요. 1. 당사 웹사이트나 앱에서 고객님의 계정에 로그인하세요. 2. '내 계정' 또는 '프로필' 섹션으로 이동합니다. 3. '배송 주소' 또는 이와 유사한 옵션을 찾으십시오. 4. '새 주소 추가' 또는 '배송 주소 편집'을 선택하세요. 5. 거리 주소, 도시, 주, 우편번호 및 필요한 경우 추가 정보를 포함한 새 배송 주소 세부정보로 필수 필드를 입력합니다. 6. 입력된 정보가 정확한지 다시 한번 확인하세요. 7. 변경 사항을 저장합니다. 이 과정에서 어려움이 있거나 추가 지원이 필요한 경우 주저하지 말고 문의해 주세요. 저희는 항상 고객님을 돕기 위해 여기 있습니다!"
BLQZ,보조 배송 주소를 입력하려고 합니다.,배송지,배송지 설정,"고객님께서 보조 배송 주소를 입력하려고 하신다는 연락을 받았습니다. 원활하게 진행할 수 있는지 확인해보세요! 따를 수 있는 단계는 다음과 같습니다. 1. 계정에 로그인하여 시작하세요. 2. ""배송 주소"" 또는 이와 유사한 섹션을 찾으십시오. 3. 주소를 찾으면 ""새 주소 추가"" 또는 ""배송 주소 편집"" 옵션을 클릭하세요. 4. 거리 이름, 시, 주, 우편번호 등 보조 배송 주소에 필요한 모든 세부 정보를 입력하세요. 5. 입력한 모든 정보가 정확한지 다시 확인하세요. 6. 마지막으로 변경 사항을 저장하면 이제 보조 배송 주소가 성공적으로 입력됩니다. 이 과정에서 문제가 발생하거나 추가 지원이 필요한 경우 언제든지 알려주시기 바랍니다. 기꺼이 도와드리겠습니다!"
BL,배송 주소 설정하는 것 좀 도와줘,배송지,배송지 설정,"기꺼이 도와드리겠습니다! 배송 주소 설정 과정을 안내해 드리겠습니다. 다음 단계를 따르면 즉시 준비가 완료됩니다. 1. 고객님의 계정에 로그인하십시오. 2. ""내 계정"" 또는 ""프로필"" 섹션으로 이동합니다. 3. ""배송 주소"" 또는 유사한 옵션을 찾으십시오. 4. ""새 주소 추가"" 또는 ""배송 주소 편집""을 클릭하세요. 5. 제공된 필드에 새 배송 주소의 세부 정보를 입력하세요. 6. 입력한 정보가 정확한지 다시 한번 확인하세요. 7. 변경 사항을 저장합니다. 도중에 어려움을 겪거나 특정 질문이 있는 경우 주저하지 말고 알려주시기 바랍니다. 고객 만족이 나의 우선순위입니다!"
BLM,배송 주소 설정 문제,배송지,배송지 설정,고객님의 메시지를 통해 고객님이 배송 주소를 설정하는 동안 어려움을 겪고 있음을 추론했습니다. 불편을 끼쳐드려 죄송합니다. 더 나은 지원을 위해 현재 발생한 특정 문제에 대해 더 자세한 정보를 제공해 주시겠습니까? 오류 메시지를 받거나 필수 정보를 입력하는 데 어려움이 있습니까? 추가 정보를 입수하면 문제 해결을 위한 보다 맞춤화된 솔루션을 제공할 수 있습니다. 고객님의 인내와 협조에 감사드립니다.
BIL,배송 주소 설정하는 것을 도와주실 수 있나요?,배송지,배송지 설정,"배송 주소 설정과 관련하여 도움이 필요하신 것으로 알고 있으며, 제가 그 과정을 안내해 드리겠습니다. 이 문제를 함께 해결해 보겠습니다. 1. 먼저 당사 웹사이트에서 고객님의 계정에 로그인하십시오. 2. 로그인한 후 '내 계정' 또는 '프로필' 섹션으로 이동하세요. 3. 해당 섹션에서 ""배송 주소"" 또는 이와 유사한 옵션을 찾으십시오. 4. ""새 주소 추가"" 또는 ""배송 주소 편집"" 옵션이 표시됩니다. 그것을 클릭하세요. 5. 이름, 주소, 연락처 정보 및 기타 필수 필드를 포함하여 배송 주소에 필요한 모든 세부 정보를 입력합니다. 6. 모든 정보가 정확하고 완전한지 다시 확인하세요. 7. 마지막으로 변경 사항을 저장하면 배송 주소가 성공적으로 설정됩니다. 이 과정에서 어려움이 발생하거나 추가 질문이 있는 경우 언제든지 알려주시기 바랍니다. 저는 모든 단계에서 고객님을 돕기 위해 여기 있습니다."
BCEIL,보조 배송 주소가 유효하지 않습니다. 어떻게 해야 하나요?,배송지,배송지 설정,"고객님의 보조 배송 주소가 유효하지 않다는 소식을 듣고 죄송합니다. 이 문제를 함께 해결해 봅시다. 할 수 있는 작업은 다음과 같습니다. 1. 고객님의 계정에 로그인하십시오. 2. '내 계정' 또는 '프로필' 섹션으로 이동하세요. 3. '배송 주소' 또는 이와 유사한 옵션을 찾으십시오. 4. 보조 배송 주소의 세부정보를 확인하세요. 모든 필수 필드가 올바르게 채워졌는지 확인하세요. 5. 오류나 누락된 정보가 있는 경우 보조 배송 주소 옆에 있는 '수정' 또는 '업데이트' 옵션을 선택하세요. 6. 해당 필드에 올바른 정보를 주의 깊게 입력하십시오. 7. 변경 사항을 저장하기 전에 주소를 다시 확인하세요. 8. 주소가 여전히 유효하지 않은 것으로 간주되면 주소의 형식과 구조를 확인하십시오. 올바른 거리 번호, 거리 이름, 우편번호 및 필요한 경우 추가 주소 줄을 포함하여 올바른 형식 규칙을 따르는지 확인하세요. 9. 문제가 지속되면 고객지원팀에 문의하여 추가 지원을 받으세요. 이들은 문제를 보다 구체적으로 해결하고 문제 해결을 위한 맞춤형 지침을 제공할 수 있습니다. 저희의 목표는 고객님의 보조 배송 주소가 올바르게 입력되고 검증되었는지 확인하는 것입니다. 추가 질문이 있거나 추가 지원이 필요한 경우 언제든지 문의해 주세요."
BLM,새 배송 주소 설정 문제,배송지,배송지 설정,"새 배송 주소를 설정하는 데 어려움을 겪고 계신 것으로 알고 있습니다. 이로 인해 불편을 끼쳐드려 죄송합니다. 효과적인 지원을 위해 현재 발생한 특정 문제에 대한 추가 정보를 제공해 주시겠습니까? 이렇게 하면 문제를 더 잘 이해하고 적절한 지침과 솔루션을 제공하는 데 도움이 됩니다. 고객 만족이 저의 최우선 사항이며, 저는 모든 단계에서 고객님을 지원하기 위해 여기 있습니다."
BILQ,보조 배송 주소를 제출해도 될까요?,배송지,배송지 설정,"기꺼이 도와드리겠습니다! 보조 배송 주소를 제출하고 싶다는 점을 확인했습니다. 그렇게 하려면 다음 단계를 따라 주세요. 1. 고객님의 계정에 로그인하십시오. 2. '배송 주소' 또는 '배송 주소' 섹션으로 이동합니다. 3. '새 주소 추가' 또는 '보조 주소 추가' 옵션을 찾으세요. 4. 거리 주소, 도시, 주, 우편번호 등 필수 세부정보를 입력합니다. 5. 입력한 정보가 정확한지 다시 한번 확인하세요. 6. '제출' 또는 '저장' 버튼을 클릭하여 제출을 완료하세요. 문제가 발생하거나 제출 절차가 다를 경우 알려주시면 추가 지원을 제공해 드리겠습니다. 고객 만족이 저희의 최우선 과제이며 고객님의 원활한 경험을 보장하기 위해 왔습니다."
BLQ,배송 주소 설정에 도움이 필요해요,배송지,배송지 설정,"물론이죠! 배송 주소 설정 과정을 안내해 드리겠습니다. 원활한 경험을 보장하려면 다음 단계를 따르세요. 1. 고객님의 계정에 로그인하십시오. 2. 계정 설정에서 ""배송"" 또는 ""배송"" 섹션으로 이동하세요. 3. ""새 주소 추가"" 또는 ""배송 주소 편집"" 옵션을 찾으세요. 4. 거리 이름, 집 번호, 도시, 주, 우편번호 등 새 배송 주소에 필요한 세부 정보를 입력하세요. 5. 입력하신 정보가 정확한지 다시 한번 확인해 주세요. 6. 변경 사항을 저장합니다. 어려움이 있거나 추가 지원이 필요한 경우 언제든지 알려주시기 바랍니다. 저는 도와주러 왔습니다!"
BILQ,배송 주소 설정 좀 도와줄래?,배송지,배송지 설정,"긍정적으로! 배송 주소를 설정하는 데 필요한 도움을 제공해 드리겠습니다. 시작하려면 다음 단계를 따르세요. 1. 고객님의 계정에 로그인하십시오. 2. '내 계정' 또는 '프로필' 섹션으로 이동하세요. 3. '배송 주소' 또는 이와 유사한 옵션을 찾으십시오. 4. 배송 주소 섹션에서 새 주소를 추가하는 옵션을 선택합니다. 5. 거리, 도시, 주, 우편번호 등 배송 주소 세부정보를 필수 입력란에 입력하세요. 6. 입력한 정보가 정확한지 다시 한번 확인하세요. 7. 변경 사항을 저장합니다. 이 과정에서 문제가 발생하거나 추가 안내가 필요한 경우 언제든지 알려주시기 바랍니다. 저는 모든 단계에서 고객님을 돕기 위해 여기 있습니다!"
BLQ,보조 배송 주소를 어떻게 입력할 수 있는지 모르겠어요,배송지,배송지 설정,"보조 배송 주소를 입력하는 과정에 대해 잘 모르시는 것으로 확인되었습니다. 다음 사항을 안내해 드리겠습니다. 1. 당사 웹사이트 또는 모바일 앱에서 고객님의 계정에 로그인하십시오. 2. 계정 설정에서 ""배송"" 또는 ""배송 주소"" 섹션으로 이동하세요. 3. 새 주소를 추가하거나 기존 주소를 편집하는 옵션을 찾으세요. 4. 계속 진행하려면 해당 옵션을 클릭하세요. 5. 수취인 이름, 거리 주소, 도시, 주, 우편번호, 전화번호 등 보조 배송 주소의 세부정보를 필수 필드에 입력합니다. 6. 입력된 정보가 정확한지 다시 한번 확인 후 저장해주세요. 어려움이 있거나 절차가 다르게 나타저는 경우 문제가 발생한 위치에 대한 구체적인 세부정보를 제공해 주시면 기꺼이 도와드리겠습니다. 고객 만족이 저희의 최우선 사항입니다."
BELQ,배송 주소를 어떻게 설정하는지 모르겠어요,배송지,배송지 설정,"배송 주소를 설정하는 방법에 대해 확신이 없으신 것으로 알고 있습니다. 고객님은 혼자가 아닙니다. 저는 그 과정을 안내하기 위해 여기 있습니다. 배송 주소를 설정하려면 다음 단계를 따르세요. 1. 당사 웹사이트에서 고객님의 계정에 로그인하십시오. 2. 계정 설정 또는 프로필 섹션으로 이동합니다. 3. 배송지나 주소와 관련된 탭이나 옵션을 찾으세요. 4. '새 주소 추가' 또는 '주소 수정' 옵션을 선택하세요. 5. 이름, 거리 주소, 도시, 주, 우편번호 및 필요한 경우 추가 주소 정보 등 필요한 세부 정보를 입력합니다. 6. 모든 정보가 정확한지 다시 한번 확인하세요. 7. 변경 사항을 저장하거나 제출합니다. 어려움이 있거나 절차가 다르게 보이는 경우 알려주시면 추가 지원을 제공해 드리겠습니다. 배송 주소가 올바르게 설정되었는지 확인하는 것이 중요합니다. 모든 단계에서 제가 도와드리겠습니다."
BCLP,새로운 배송 주소를 입력하고 싶습니다. 도와주세요,배송지,배송지 설정,물론입니다! 새 배송 주소를 입력하는 과정을 안내해 드리겠습니다. 시작하려면 다음 단계를 따르세요. 1. 고객님의 계정에 로그인하십시오. 2. '내 계정' 또는 '프로필' 섹션으로 이동하세요. 3. '배송 주소' 또는 이와 유사한 옵션을 찾으십시오. 4. '새 주소 추가' 또는 '배송 주소 편집' 옵션이 표시됩니다. 그것을 클릭하세요. 5. 제공된 필드에 새 배송 주소에 필요한 세부 정보를 입력합니다. 6. 모든 정보를 입력한 후 변경 사항을 저장하세요. 이 과정에서 문제가 발생하거나 추가 지원이 필요한 경우 알려주시기 바랍니다. 저는 모든 단계에서 고객님을 돕기 위해 여기 있습니다!
BL,유효한 보조 배송 주소를 설정할 수 없는 이유,배송지,배송지 설정,"유효한 보조 배송 주소를 설정하는 데 어려움을 겪고 계신 것으로 확인되었습니다. 이는 다음과 같은 여러 가지 이유 때문일 수 있습니다. 1. 잘못된 형식: 거리 이름, 번호, 도시, 주, 우편번호를 포함한 주소 세부정보를 올바르게 입력했는지 확인하세요. 오타나 누락된 정보가 있는지 다시 확인하세요. 2. 잘못된 주소: 입력하려는 주소가 당사 시스템에서 인식되지 않거나 배송 대상이 아닐 수 있습니다. 이러한 경우에는 다른 주소를 사용하거나 고객 지원팀에 문의하여 추가 지원을 받는 것이 가장 좋습니다. 3. 주소 제한: 일부 지역에서는 배송에 제한이 있을 수 있습니다. 원하는 주소에 적용될 수 있는 특정 배송 제한 사항이 있는지 확인하세요. 위의 문제 중 어느 것도 문제를 일으키지 않는 것으로 확인되면 발생한 오류 메시지나 특정 오류 코드에 대한 자세한 내용을 제공해 주세요. 이렇게 하면 문제를 더 자세히 조사하고 보다 정확한 해결 방법을 제공하는 데 도움이 됩니다. 고객 만족이 저희의 최우선 과제이며, 저희는 모든 단계에서 고객님을 돕기 위해 여기 있습니다."
BILP,새 배송 주소는 어디에서 설정할 수 있나요?,배송지,배송지 설정,"물론입니다! 새 배송 주소를 설정하는 데 도와드리겠습니다. 그렇게 하려면 다음 단계를 따라 주세요. 1. 고객님의 계정에 로그인하십시오. 2. ""내 계정"" 또는 ""프로필"" 섹션으로 이동합니다. 3. ""배송 주소"" 또는 이와 유사한 섹션을 찾으십시오. 4. 이 섹션에는 ""새 주소 추가"" 또는 ""배송 주소 편집"" 옵션이 있습니다. 5. 계속 진행하려면 이 옵션을 클릭하세요. 6. 수취인 이름, 주소, 연락처 정보 등 새 배송 주소에 필요한 세부 정보를 제공하세요. 7. 입력된 정보가 정확한지 다시 한번 확인하세요. 8. 변경 사항을 저장합니다. 다음 단계를 따르면 새 배송 주소를 성공적으로 설정할 수 있습니다. 진행 중에 어려움이 있거나 추가 문의사항이 있으면 언제든지 문의해 주세요. 저는 모든 단계에서 고객님을 돕기 위해 여기 있습니다!"
BIL,새 배송 주소는 어디에 입력할 수 있나요?,배송지,배송지 설정,"새 배송 주소 입력에 대한 안내를 찾고 계시다는 것을 깨달았습니다. 문의해 주셔서 감사합니다. 새 배송 주소를 입력하려면 다음 단계를 따르세요. 1. 고객님의 계정에 로그인하십시오. 2. ""내 계정"" 또는 ""프로필"" 섹션으로 이동합니다. 3. ""배송 주소"" 또는 유사한 옵션을 찾으십시오. 4. ""새 주소 추가"" 또는 ""배송 주소 편집"" 옵션을 찾아야 합니다. 선택하세요. 5. 제공된 필드에 새 배송 주소의 세부 정보를 입력합니다. 6. 변경 사항을 저장합니다. 문제가 발생하거나 계정에서 절차가 다르게 나타저는 경우, 어려움을 겪고 있는 특정 영역을 알려주시면 기꺼이 도와드리겠습니다."
BIL,새 배송 주소를 제출하는 것을 도와주실 수 있나요?,배송지,배송지 설정,"저는 그것을하고있다! 새 배송 주소를 제출하는 데 도움을 드리고자 왔습니다. 다음 단계를 따라 주세요. 1. 고객님의 계정에 로그인하십시오. 2. '내 계정' 또는 '프로필' 섹션으로 이동하세요. 3. '배송 주소' 또는 이와 유사한 옵션을 찾으십시오. 4. '새 주소 추가' 또는 '배송 주소 편집' 옵션을 선택하세요. 5. 제공된 필드에 새 배송 주소의 세부 정보를 입력하세요. 6. 입력한 정보가 정확한지 다시 한번 확인하세요. 7. 변경 사항을 저장합니다. 어려움이 있거나 절차가 다른 경우, 발생한 문제에 대해 보다 구체적인 세부정보를 제공해 주시면 기꺼이 추가 지원을 제공해 드리겠습니다."
BLM,보조 배송 주소 입력 문제,배송지,배송지 설정,보조 배송 주소 입력 문제로 불편을 끼쳐드려 죄송합니다. 저는 고객님을 도와 원활한 설정 과정을 보장하기 위해 왔습니다. 이 문제를 효율적으로 해결하기 위해 현재 겪고 있는 어려움에 대해 보다 구체적인 내용을 제공해 주시기를 부탁드립니다. 오류 메시지가 표시됩니까? 페이지가 제대로 로딩되지 않나요? 추가 정보를 제공해 주시면 이 문제를 즉시 해결할 수 있도록 맞춤형 지침을 제공하는 데 도움이 됩니다. 안심하세요. 저는 고객님의 보조 배송 주소가 성공적으로 설정되도록 최선을 다하겠습니다.
BELQ,배송 주소를 어떻게 입력하는지 모르겠어요,배송지,배송지 설정,"배송지 입력 과정에 대해 불확실하신 것으로 알고 있습니다. 다음 단계를 안내해 드리겠습니다. 1. 먼저 당사 웹사이트에서 고객님의 계정에 로그인하십시오. 2. ""내 계정"" 또는 ""프로필"" 섹션으로 이동합니다. 3. ""배송 주소"" 또는 유사한 옵션을 찾으십시오. 4. 클릭하시면 주소관리 페이지로 이동합니다. 5. 주소 관리 페이지에 ""새 주소 추가"" 또는 ""주소 편집"" 옵션이 표시됩니다. 계속하려면 이 옵션을 선택하세요. 6. 이름, 주소, 연락처 등 필수 항목을 정확하게 입력하세요. 7. 입력한 정보가 정확한지 다시 한번 확인하세요. 8. 세부 사항에 만족하면 변경 사항을 저장합니다. 이 과정에서 어려움을 겪거나 추가 문의사항이 있으면 언제든지 알려주시기 바랍니다. 저는 모든 단계에서 고객님을 돕기 위해 여기 있습니다."
BCILZ,다른 배송 주소를 제출해야 하는데 어떻게 해야 하나요?,배송지,배송지 설정,"다른 배송 주소를 제출해 달라는 요청을 받았습니다. 절차를 함께 살펴보고 성공적으로 완료할 수 있는지 확인해 보겠습니다. 1. 고객님의 계정에 로그인하여 시작하십시오. 2. ""내 계정"" 또는 ""프로필"" 섹션으로 이동합니다. 3. ""배송 주소"" 또는 이와 유사한 옵션을 찾으십시오. 4. 배송 주소 섹션에서 ""새 주소 추가"" 또는 ""새 배송 주소 제출"" 옵션을 찾으세요. 5. 새 배송 주소의 세부정보를 필수 입력란에 입력하세요. 6. 입력한 모든 정보가 정확한지 다시 한번 확인하세요. 7. 변경 사항을 저장합니다. 이 과정에서 문제가 발생하거나 추가 지원이 필요한 경우 주저하지 말고 문의해 주세요. 고객 만족이 저희의 최우선 과제이며, 저희는 모든 단계에서 도움을 드릴 것입니다."
BCILPQZ,새 배송 주소를 제출해야 하는데 어떻게 해야 하나요?,배송지,배송지 설정,"새로운 배송 주소를 제출해야 한다고 문의해 주셔서 감사합니다. 정확한 배송 정보를 보장하는 것이 중요하다는 점을 인식하고 절차를 안내해 드리겠습니다. 새 배송 주소를 제출하려면 다음 단계를 따르세요. 1. 당사 웹사이트나 앱에서 고객님의 계정에 로그인하세요. 2. '계정' 또는 '프로필' 섹션으로 이동합니다. 3. '배송 주소' 또는 이와 유사한 옵션을 찾으십시오. 4. '새 주소 추가' 또는 '배송 주소 편집' 버튼을 선택합니다. 5. 거리, 시, 주, 우편번호 등 새 배송 주소에 필요한 세부 정보를 입력하세요. 6. 배송 문제가 발생하지 않도록 입력한 정보의 정확성을 다시 한번 확인하세요. 7. 새 배송 주소를 성공적으로 제출하려면 변경 사항을 저장하세요. 이 과정에서 문제가 발생하거나 특정 상황에 따라 단계가 다른 경우 자세한 내용을 제공해 주시면 기꺼이 도와드리겠습니다. 저희는 고객 만족을 최우선으로 생각하면서 배송 과정을 최대한 원활하게 진행하기 위해 노력하고 있습니다."
BQZ,새 배송 주소를 설정하는 방법을 모르겠어요,배송지,배송지 설정,"새 배송 주소를 설정하는 과정이 확실하지 않으면 혼란스러울 수 있다는 말씀이 무슨 뜻인지 알겠습니다. 걱정하지 마세요. 제가 도와드리겠습니다. 새 배송 주소를 설정하려면 다음 단계를 따르세요. 1. 당사 웹사이트에서 고객님의 계정에 로그인하십시오. 2. '계정' 또는 '프로필' 섹션으로 이동합니다. 3. '배송 주소' 또는 '주소' 옵션을 찾으세요. 4. '새 주소 추가' 또는 '새 주소 만들기' 버튼이나 링크가 표시됩니다. 그것을 클릭하세요. 5. 거리, 도시, 주, 우편번호 등 새 배송 주소의 세부정보로 필수 필드를 입력하세요. 6. 입력한 정보가 정확한지 다시 확인하고 필요한 경우 수정합니다. 7. 새 주소가 만족스러우면 변경 사항을 저장하거나 확인하세요. 절차 중에 문제가 발생하거나 추가 지원이 필요한 경우 언제든지 알려주시기 바랍니다. 모든 단계에서 최선을 다해 도와드리겠습니다."
BCLZ,보조 배송 주소를 제출해야 합니다. 도와주세요.,배송지,배송지 설정,보조 배송 주소를 제출하는 데 도움이 필요하다는 사실을 확인했습니다. 이 일을 완료하기 위해 함께 노력합시다: 1. 고객님의 계정에 로그인하십시오. 2. '내 계정' 또는 '프로필' 섹션으로 이동하세요. 3. '배송 주소' 또는 이와 유사한 옵션을 찾으십시오. 4. '새 주소 추가' 또는 '배송 주소 편집'을 선택합니다. 5. 제공된 필드에 보조 배송 주소의 세부 정보를 입력합니다. 6. 정보의 정확성을 다시 한번 확인하세요. 7. 변경 사항을 저장합니다. 이 과정에서 문제가 발생하거나 특정 계정에 따라 단계가 다른 경우 문제가 있는 부분에 대한 세부정보를 제공해 주시면 추가 지원을 해 드리겠습니다. 고객 만족은 나의 최우선 사항입니다.
BL,다른 배송 주소를 입력하는 데 도움이 됩니다,배송지,배송지 설정,다른 배송 주소를 입력하는 데 도움이 필요하다는 점을 확인했습니다. 걱정하지 마세요. 제가 이 과정을 안내해 드리겠습니다. 다른 배송 주소를 입력하려면 다음 단계를 따르세요. 1. 고객님의 계정에 로그인하십시오. 2. '내 계정' 또는 '프로필' 섹션으로 이동합니다. 3. '배송 주소' 또는 이와 유사한 옵션을 찾으십시오. 4. '새 주소 추가' 또는 '배송 주소 편집' 옵션을 선택하세요. 5. 다른 배송지 정보를 입력해주세요. 6. 변경 사항을 저장합니다. 문제가 발생하거나 추가 지원이 필요한 경우 보다 구체적인 세부정보를 제공해 주시면 다른 배송 주소를 입력할 수 있도록 기꺼이 도와드리겠습니다.
BILQZ,보조 배송 주소는 어디에 입력할 수 있나요?,배송지,배송지 설정,보조 배송 주소를 어디에 입력해야 하는지 알고 싶다는 내용을 확인했습니다. 정확한 안내를 위해 배송지 주소 입력 시 어떤 플랫폼이나 웹사이트를 사용하고 계시는지 알려주실 수 있나요? 이 정보는 고객님의 상황에 맞게 지침을 맞춤화하는 데 도움이 될 것입니다. 저는 모든 단계에서 고객님을 돕기 위해 여기 있습니다.
BCL,보조 배송 주소를 입력해야 하는데 도움이 필요합니다,배송지,배송지 설정,"확실히! 보조 배송 주소를 입력하는 데 도움을 드리고자 왔습니다. 시작하려면 다음 단계를 따르세요. 1. 로그인 정보를 사용하여 계정에 로그인합니다. 2. 일반적으로 웹페이지 오른쪽 상단에 있는 '내 계정' 또는 '프로필' 섹션으로 이동합니다. 3. '배송 주소' 또는 이와 유사한 옵션을 찾으십시오. 4. '새 주소 추가' 또는 '배송 주소 편집' 옵션을 선택하세요. 5. 지정된 필드에 보조 배송 주소의 세부 정보를 입력하세요. 거리 이름, 번호, 도시, 주, 우편번호 등 필수 정보를 포함했는지 확인하세요. 6. 배송사고를 방지하기 위해 제공된 정보의 정확성을 다시 한번 확인하세요. 7. 변경 사항을 저장하여 보조 배송 주소 입력을 완료하세요. 어려움이 있거나 추가 지원이 필요한 경우 언제든지 알려주시기 바랍니다. 고객 만족은 저희의 최우선 과제이며, 저희는 모든 단계에서 고객님을 도와드릴 것입니다!"
BLQ,내 배송 주소를 입력하고 싶어,배송지,배송지 설정,"배송 주소를 입력하고 싶다는 뜻이 무엇인지 알겠습니다. 절차를 단계별로 안내해 드리겠습니다. 1. 당사 웹사이트에서 고객님의 계정에 로그인하십시오. 2. '계정' 또는 '프로필' 섹션으로 이동합니다. 3. ""배송 주소"" 또는 유사한 옵션을 찾으십시오. 4. ""새 주소 추가"" 또는 ""배송 주소 편집"" 버튼을 선택하십시오. 5. 이름, 거리 주소, 도시, 주, 우편번호, 연락처 정보 등 배송 주소에 필요한 세부 정보를 입력하세요. 6. 정보가 정확한지 다시 확인한 후 ""저장"" 또는 ""제출""을 클릭하여 항목을 완료합니다. 절차 중에 문제가 발생하거나 추가 지원이 필요한 경우 언제든지 알려주시기 바랍니다. 저는 고객님의 원활하고 성공적인 경험을 보장하기 위해 여기에 있습니다."
BL,다른 배송 주소 설정 지원,배송지,배송지 설정,"다른 배송 주소 설정에 대한 도움 요청에 감사드립니다. 저는 이 과정을 도와드리기 위해 왔습니다. 새로운 배송 주소를 설정하려면 다음 단계를 따르세요. 1. 고객님의 계정에 로그인하십시오. 2. ""내 계정"" 또는 ""프로필"" 섹션에 액세스합니다. 3. ""배송 주소"" 또는 유사한 옵션을 찾으십시오. 4. ""새 주소 추가"" 또는 ""배송 주소 편집""을 선택하십시오. 5. 제공된 필드에 새 배송 주소의 세부 정보를 입력합니다. 6. 변경 사항을 저장합니다. 어려움이 있거나 절차가 다르게 나타저는 경우 문제가 있는 부분에 대한 자세한 내용을 제공해 주시면 기꺼이 추가 지원을 제공해 드리겠습니다."
BLM,보조 배송 주소 입력 오류,배송지,배송지 설정,보조 배송 주소를 입력하는 동안 발생한 오류에 대해 사과드립니다. 저는 이것이 얼마나 실망스러울 수 있는지 이해합니다. 추가 지원을 위해 발생한 특정 오류에 대한 자세한 내용을 제공해 주시겠습니까? 이를 통해 문제를 파악하고 가장 정확한 솔루션을 제공할 수 있습니다. 고객님의 인내와 협조에 감사드립니다.
BIL,배송 주소 제출을 도와주실 수 있나요?,배송지,배송지 설정,"물론, 배송 주소 제출을 도와드리기 위해 왔습니다. 고객 만족이 나의 우선순위입니다. 배송 주소를 제출하려면 다음 단계를 따르세요. 1. 당사 웹사이트나 앱에서 고객님의 계정에 로그인하세요. 2. 계정 설정 또는 프로필 섹션으로 이동합니다. 3. ""배송 주소"" 또는 이와 유사한 옵션을 찾으십시오. 4. 새 주소를 추가하거나 기존 주소를 수정하려면 해당 주소를 클릭하세요. 5. 거리, 도시, 주, 우편번호 등 필요한 모든 세부정보를 정확하게 제공하세요. 6. 변경 사항을 저장하여 제출을 완료합니다. 진행 중에 어려움이 있거나 특정 질문이 있는 경우 언제든지 알려주시기 바랍니다. 고객님이 배송 주소를 원활하게 제출할 수 있도록 도와드리겠습니다."
BILQZ,배송 주소는 어디서 설정하나요,배송지,배송지 설정,"배송 주소를 설정할 위치에 대한 안내를 찾고 계시다는 점을 이해합니다. 이렇게 하려면 다음 단계를 따르세요. 1. 당사 웹사이트에서 고객님의 계정에 로그인하십시오. 2. '계정' 또는 '프로필' 섹션으로 이동합니다. 3. ""배송 주소"" 또는 유사한 옵션을 찾으십시오. 4. 클릭하면 배송지 주소 설정에 접근할 수 있습니다. 5. 여기에서 기본 및 보조 배송 주소를 입력하거나 편집할 수 있습니다. 6. 종료하기 전에 변경 사항을 저장했는지 확인하세요. 추가 지원이 필요하거나 절차 중에 문제가 발생하면 언제든지 알려주시기 바랍니다. 저는 도와주러 왔습니다!"
BELQZ,보조 배송 주소를 입력하는 방법을 모르겠습니다,배송지,배송지 설정,"보조 배송 주소 입력에 대한 불만을 진심으로 이해합니다. 이 문제를 해결하기 위해 함께 노력합시다. 따를 수 있는 단계는 다음과 같습니다. 1. 고객님의 계정에 로그인하십시오. 2. ""내 계정"" 또는 ""프로필"" 섹션으로 이동합니다. 3. ""배송 주소"" 또는 유사한 옵션을 찾으십시오. 4. ""새 주소 추가"" 또는 ""배송 주소 편집"" 옵션을 선택합니다. 5. 제공된 필드에 보조 배송 주소의 세부 정보를 입력합니다. 6. 변경 사항을 저장합니다. 이 단계를 수행하는 동안 문제가 발생하거나 절차가 고객님께 다른 경우 문제가 발생한 위치에 대한 보다 구체적인 정보를 제공해 주십시오. 고객님이 보조 배송 주소를 성공적으로 입력할 수 있도록 도와드리겠습니다."
BCILQZ,새로운 배송 주소를 설정해야 하는데 어떻게 해야 하나요?,배송지,배송지 설정,"새 배송 주소 설정에 대한 안내가 필요한 것으로 확인되었습니다. 걱정하지 마세요. 제가 그 과정을 도와드리기 위해 여기 있습니다. 새로운 배송 주소를 설정하려면 다음 단계를 따르세요. 1. 당사 웹사이트나 앱에서 고객님의 계정에 로그인하세요. 2. '내 계정' 또는 '프로필' 섹션으로 이동하세요. 3. '배송 주소' 또는 이와 유사한 옵션을 찾으십시오. 4. '새 주소 추가' 또는 '배송 주소 편집' 옵션이 표시됩니다. 그것을 클릭하세요. 5. 수취인의 이름, 거리 주소, 도시, 주, 우편번호 및 필요한 추가 정보 등 필요한 세부 정보를 입력합니다. 6. 시기적절하고 정확한 배송을 위해 입력된 정보의 정확성을 다시 한 번 확인하세요. 7. 변경 사항을 저장합니다. 어려움이 있거나 당사 플랫폼에서 절차가 다른 경우, 문제가 있는 부분에 대해 보다 구체적인 세부정보를 제공해 주시면 기꺼이 추가 지원을 해 드리겠습니다. 고객 만족이 나의 우선순위입니다."
BCILQ,보조 배송 주소를 설정해야 하는데 어떻게 해야 하나요?,배송지,배송지 설정,"보조 배송 주소를 설정해야 한다는 점을 잘 알고 있으며, 절차를 안내해 드리겠습니다. 이를 수행하려면 아래 설명된 단계를 따라 주세요. 1. 당사 웹사이트에서 고객님의 계정에 로그인하십시오. 2. 로그인한 후 '내 계정' 또는 '프로필' 섹션으로 이동하세요. 3. ""배송 주소"" 또는 유사한 옵션을 찾으십시오. 4. 클릭하면 주소를 관리할 수 있는 화면에 접속됩니다. 5. ""새 주소 추가"" 또는 ""배송 주소 추가"" 버튼을 찾아 선택하십시오. 6. 거리 주소, 도시, 주, 우편번호 및 기타 필수 정보와 같은 보조 배송 주소의 세부 정보를 입력할 수 있는 양식이 나타납니다. 7. 입력하신 정보가 정확한지 다시 한번 확인해 주세요. 8. 확인 후 ""저장"" 또는 ""제출"" 버튼을 클릭하여 보조 배송 주소를 저장하세요. 이 과정에서 오류가 발생하거나 추가 지원이 필요한 경우 언제든지 알려주시기 바랍니다. 발생할 수 있는 모든 문제에 대해 도움을 드리고자 여기 있습니다."
BI,다른 배송 주소를 설정하려면 어떻게 해야 합니까?,배송지,배송지 설정,"다른 배송 주소를 설정하는 방법에 대한 안내를 찾고 계시다는 점을 이해했습니다. 배송 기본 설정을 효율적으로 관리하기 위한 조치를 취하고 계시다니 정말 다행입니다. 다음은 당사 시스템에서 다른 배송 주소를 설정하는 데 도움이 되는 단계별 가이드입니다. 1. 당사 웹사이트에서 고객님의 계정에 로그인하십시오. 2. '내 계정' 또는 '프로필' 섹션으로 이동하세요. 3. '배송 주소' 또는 이와 유사한 옵션을 찾으십시오. 4. '새 주소 추가' 또는 '배송 주소 편집'을 클릭하세요. 5. 수취인 이름, 배송 주소, 연락처 및 기타 필수 항목을 포함하여 새 배송 주소의 세부 정보를 입력합니다. 6. 입력한 정보가 정확한지 다시 한번 확인하세요. 7. 변경 사항을 저장합니다. 다음 단계를 수행하면 당사 시스템에 다른 배송 주소를 성공적으로 설정할 수 있습니다. 문제가 발생하거나 논의하고 싶은 추가 사양이 있는 경우 언제든지 알려주시기 바랍니다. 저는 모든 단계에서 고객님을 돕기 위해 여기 있습니다!"
BL,배송 주소 제출 도와주세요,배송지,배송지 설정,"배송 주소를 제출하는 데 도움이 필요하다는 점을 이해합니다. 고객님이 겪고 있는 어려움에 대해 사과드립니다. 이 문제를 해결하려면 다음 단계를 따르세요. 1. 고객님의 계정에 로그인하십시오. 2. '내 계정' 또는 '프로필' 섹션으로 이동하세요. 3. '배송 주소' 또는 이와 유사한 옵션을 찾으십시오. 4. '새 주소 추가' 또는 '배송 주소 수정' 버튼을 선택하세요. 5. 필수 입력란에 배송지 주소 정보를 입력하세요. 6. 입력한 정보가 정확한지 다시 한번 확인하세요. 7. 변경 사항을 저장하거나 제출합니다. 이 과정에서 문제가 발생하거나 추가 도움이 필요한 경우, 어려움을 겪고 있는 부분에 대한 구체적인 세부정보를 알려주시면 즉시 지원해 드리겠습니다."
BELQ,새 배송 주소를 설정하려면 어떻게 해야 할지 모르겠어요,배송지,배송지 설정,"새 배송 주소를 설정하는 것이 때때로 혼란스러울 수 있다는 것을 깨달았습니다. 걱정하지 마세요. 제가 도와드리겠습니다. 새 배송 주소를 성공적으로 설정하려면 다음 단계를 따르세요. 1. 당사 웹사이트에서 고객님의 계정에 로그인하십시오. 2. ""내 계정"" 또는 ""프로필"" 섹션으로 이동합니다. 3. ""주소 관리"" 또는 ""배송 주소""와 같은 옵션을 찾으십시오. 4. 새 주소를 추가하려면 클릭하세요. 5. 거리, 시, 주, 우편번호 등 새 배송 주소 세부정보를 필수 필드에 입력하세요. 6. 정보의 정확성을 다시 한번 확인하세요. 7. 주소를 저장하거나 업데이트하세요. 문제가 발생하거나 당사 웹사이트에서 절차가 다를 경우, 추가 지원을 드릴 수 있도록 자세한 내용을 알려주세요."
BILQW,나 빌어먹을 새 배송 주소 제출해도 돼?,배송지,배송지 설정,고객님께서 새 배송 주소를 제출하고 싶어하시는 것으로 확인되었습니다. 그 과정에서 불편함이 있었다면 사과드립니다. 원활한 제출을 위해 다음 단계를 따르세요. 1. 고객님의 계정에 로그인하십시오. 2. '내 계정' 또는 '프로필' 섹션으로 이동하세요. 3. '배송 주소' 또는 이와 유사한 섹션을 찾으십시오. 4. '새 주소 추가' 또는 '배송 주소 편집' 옵션을 찾아야 합니다. 그것을 클릭하세요. 5. 제공된 필드에 새 배송 주소의 세부 정보를 입력합니다. 6. 정보가 정확한지 다시 한번 확인하세요. 7. 변경 사항을 저장합니다. 이 과정에서 어려움이 있거나 다른 문의 사항이 있는 경우 자세한 내용을 알려주시면 신속하게 도와드리겠습니다. 고객 만족은 우리에게 가장 중요합니다.
BILQZ,새로운 배송 주소를 설정하는 것을 도와줄 수 있나요?,배송지,배송지 설정,"내가 처리할게! 새 배송 주소를 설정하는 데 도와드리겠습니다. 원활한 절차를 보장하려면 제공된 단계를 따라 주세요. 1. 고객님의 계정에 로그인하여 시작하십시오. 2. ""계정"" 또는 ""프로필"" 섹션을 찾으세요. 3. 해당 섹션 내에서 ""배송 주소"" 또는 유사한 라벨로 이동합니다. 4. ""새 주소 추가"" 또는 ""주소 편집"" 옵션을 클릭하십시오. 5. 거리, 시, 주, 우편번호를 포함하여 새 배송 주소의 세부정보를 입력하세요. 6. 필요한 정보를 모두 입력한 후 변경 사항을 저장합니다. 문제가 발생하거나 추가 안내가 필요한 경우 언제든지 알려주시기 바랍니다. 절차 전반에 걸쳐 기꺼이 도와드리겠습니다."
BLMW,빌어먹을 보조 배송 주소 입력 문제,배송지,배송지 설정,고객님의 메시지를 통해 보조 배송 주소를 입력하는 동안 문제가 발생하고 있음을 추론했습니다. 이 문제를 신속하고 효과적으로 해결할 수 있도록 도와드리겠습니다. 더 나은 지원을 위해 현재 직면한 특정 문제에 대한 자세한 내용을 제공해 주시겠습니까? 입력 필드에 오류 메시지나 문제가 있습니까? 문제의 정확한 성격을 이해함으로써 정확한 지침을 안내하고 문제를 해결할 수 있습니다. 고객 만족이 저의 최우선 사항이며 고객님을 위한 해결책을 찾기 위해 최선을 다하고 있습니다.
BEL,배송지 주소를 설정할 수 없습니다,배송지,배송지 설정,배송 주소 설정 문제로 불편을 끼쳐드려 죄송합니다. 저는 이 문제에 대해 도와드리겠습니다. 문제를 더 잘 이해할 수 있도록 현재 직면하고 있는 문제에 대한 구체적인 세부 정보를 제공해 주시겠습니까? 오류 메시지가 표시되거나 필요한 설정을 찾을 수 있는 위치에 대한 지침이 필요합니까? 추가 정보를 제공해 주시면 단계별 지침을 제공하거나 문제를 효과적으로 해결할 수 있습니다.
BLM,배송 주소를 입력하는 데 문제가 있습니다,배송지,배송지 설정,"배송지 주소 입력 문제로 불편을 끼쳐드려 죄송합니다. 얼마나 실망스러울지 이해합니다. 하지만 걱정하지 마세요. 제가 도와드리겠습니다. 이 문제를 해결하려면 먼저 몇 가지 세부정보를 확인하세요. 배송 주소를 입력하려고 할 때 오류 메시지가 표시되거나 특정 문제가 발생합니까? 더 많은 정보를 제공해 주시면 문제를 더 잘 파악하고 문제 해결을 위한 적절한 지침을 제공하는 데 도움이 됩니다. 그동안 시도해 볼 수 있는 몇 가지 일반적인 문제 해결 단계는 다음과 같습니다. 1. 거리 주소, 도시, 주, 우편번호를 포함하여 모든 필수 필드를 올바르게 입력했는지 다시 확인하세요. 2. 주소 필드에 추가 공백이나 특수 문자가 없는지 확인하십시오. 3. 브라우저 캐시와 쿠키를 지운 후 배송 주소를 다시 입력해 보세요. 때로는 캐시된 데이터가 절차를 방해할 수 있습니다. 문제가 지속되거나 공유할 추가 정보가 있는 경우 알려주시면 추가 지원을 위해 최선을 다하겠습니다."
BILP,배송 주소를 어디에 제출할 수 있나요?,배송지,배송지 설정,"배송 주소를 제출할 위치에 대한 안내를 찾고 계시다는 소식을 들었습니다. 필요한 정보를 제공해 드리겠습니다. 배송 주소를 제출하려면 다음 단계를 따르세요. 1. 고객님의 계정에 로그인하십시오. 2. ""내 계정"" 또는 ""프로필"" 섹션으로 이동합니다. 3. ""배송 주소"" 또는 이와 유사한 섹션을 찾으십시오. 4. 이 섹션에는 ""새 주소 추가"" 또는 ""배송 주소 편집"" 옵션이 있습니다. 5. 계속하려면 해당 옵션을 클릭하세요. 6. 배송 주소 세부 정보를 입력할 수 있는 양식이 나타납니다. 7. 거리 주소, 도시, 주, 우편번호 등 필수 필드를 모두 입력합니다. 8. 입력한 정보가 정확한지 다시 한번 확인하세요. 9. 모든 내용이 정확하다고 확신하면 ""제출"" 또는 ""저장"" 버튼을 클릭하여 배송 주소 제출을 완료하세요. 어려움이 있거나 절차가 다르게 보이는 경우 현재 직면한 문제에 대한 자세한 내용을 알려주시기 바랍니다. 이렇게 하면 보다 구체적인 지원을 제공하는 데 도움이 될 것입니다."
BL,보조 배송 주소 설정 도와줘,배송지,배송지 설정,보조 배송 주소 설정과 관련하여 도움을 요청하신 것으로 확인되었습니다. 걱정하지 마세요. 저는 고객님께 그 과정을 안내하기 위해 왔습니다. 지침의 정확성을 보장하기 위해 사용 중인 플랫폼이나 서비스의 이름을 알려주시겠습니까? 해당 정보가 확보되면 고객님의 필요에 맞는 구체적인 단계를 안내해 드릴 수 있습니다. 고객 만족이 저의 최우선 과제이며 고객님께 가장 적합한 솔루션을 찾기 위해 최선을 다하고 있습니다.
BCQ,다른 배송 주소를 설정해야 해요 도움이 필요해요,배송지,배송지 설정,"추가 배송 주소를 설정하려고 하시는 것으로 확인되었으며, 모든 단계에서 도움을 드릴 수 있습니다. 새 배송 주소를 추가하려면 다음 지침을 따라 주세요. 1. 고객님의 계정에 로그인하십시오. 2. '내 계정' 또는 '프로필' 섹션으로 이동하세요. 3. '배송 주소' 또는 이와 유사한 옵션을 찾으십시오. 4. '새 주소 추가' 또는 '배송 주소 편집' 옵션을 선택하세요. 5. 수취인 이름, 전체 주소, 연락처 정보 등 새 배송 주소에 필요한 모든 세부 정보를 입력하세요. 6. 입력된 정보가 정확한지 다시 한번 확인하고 변경사항을 저장하세요. 추가 배송 주소를 설정하는 동안 문제가 발생하거나 추가 지원이 필요한 경우 언제든지 알려주시기 바랍니다. 저는 도와주러 왔습니다!"
BCL,새 배송 주소를 설정해야 하는데 도움이 필요합니다,배송지,배송지 설정,"새 배송 주소를 설정하는 데 도움이 필요하다는 사실을 알고 있습니다. 저는 고객님을 돕기 위해 여기 있습니다. 새 주소를 설정하려면 다음 단계를 따르세요. 1. 고객님의 계정에 로그인하십시오. 2. '내 계정' 또는 '프로필' 섹션으로 이동하세요. 3. '배송 주소' 또는 이와 유사한 옵션을 찾으십시오. 4. '새 주소 추가' 옵션이 표시됩니다. 그것을 클릭하세요. 5. 거리 주소, 도시, 주, 우편번호 등 새 배송 주소에 필요한 세부 정보를 입력하세요. 6. 모든 정보가 올바른지 확인하고 '저장' 또는 '제출' 버튼을 클릭하세요. 이 과정에서 문제가 발생하거나 추가 질문이 있는 경우 언제든지 알려주시기 바랍니다. 저는 모든 단계에서 고객님을 돕기 위해 여기 있습니다."
BCIL,새로운 배송주소를 설정하고 싶은데 어떻게 해야 하나요?,배송지,배송지 설정,"문의해 주셔서 감사합니다. 새 배송 주소 설정을 안내해 드리겠습니다. 이 작업을 진행하려면 다음 단계를 따르세요. 1. 먼저 당사 웹사이트에서 고객님의 계정에 로그인하십시오. 2. 로그인한 후 '내 계정' 또는 '프로필' 섹션으로 이동하세요. 3. ""배송 주소"" 또는 이와 유사한 옵션을 찾으십시오. 4. 배송 주소 섹션 내에서 ""새 주소 추가"" 또는 이와 유사한 옵션을 클릭하십시오. 5. 거리 이름, 집 번호, 도시, 주, 우편번호 등 새 배송 주소에 필요한 세부 정보를 입력하세요. 6. 모든 정보를 정확하게 입력했는지 다시 한번 확인하여 정확성을 보장하세요. 7. 마지막으로 ""저장"" 또는 ""주소 업데이트"" 버튼을 클릭하여 변경 사항을 저장합니다. 이 과정에서 어려움이 있거나 추가 지원이 필요한 경우 알려주시기 바랍니다. 저는 모든 단계에서 고객님을 돕기 위해 여기 있습니다!"
BEL,유효한 배송 주소를 입력할 수 없는 이유,배송지,배송지 설정,"유효한 배송 주소를 입력할 수 없어 불편을 끼쳐 드린 점 이해합니다. 주문을 정확하고 효율적으로 배송하려면 주소 확인이 필요합니다. 이 문제가 발생하는 데는 몇 가지 이유가 있을 수 있습니다. 1. 잘못된 형식: 거리 이름, 건물 번호, 도시, 주, 우편번호 등 필요한 모든 세부 정보를 포함하여 주소를 올바른 형식으로 입력했는지 확인하세요. 입력 내용에 오타나 누락된 정보가 있는지 다시 확인하세요. 2. 잘못된 문자: 당사 시스템에서 인식되지 않을 수 있으므로 주소 필드에 특수 문자나 기호를 사용하지 않았는지 확인하십시오. 영숫자, 공백, 구두점을 사용하세요. 3. 지원되지 않는 주소: 입력하려는 주소가 당사의 배송 지역이 아닐 수도 있습니다. 당사가 고객님의 위치로 배송하는지 또는 제한 사항이 있는지 확인하십시오. 4. 기술적인 결함: 때때로 당사 웹사이트나 앱에 주소 입력 절차에 영향을 줄 수 있는 일시적인 기술 문제가 있을 수 있습니다. 페이지를 새로 고치거나 브라우저 캐시를 지워서 문제가 해결되는지 확인해 보세요. 문제가 지속되면 고객 지원팀에 문의하여 추가 지원을 받으시기 바랍니다. 안심하세요. 저는 문제를 해결하고 해결책을 찾는 데 도와드리겠습니다. 발생한 오류 메시지나 오류 코드에 대해 보다 구체적인 세부정보를 제공해 주시면 더욱 효과적으로 도움을 드릴 수 있습니다. 저희는 함께 이 문제를 해결하고 원활한 배송 경험을 보장하기 위해 노력할 것입니다."
BIL,보조 배송 주소 설정을 도와주실 수 있나요?,배송지,배송지 설정,저는 그것을하고있다! 보조 배송 주소 설정을 도와드리겠습니다. 다음 단계를 따라 주세요. 1. 고객님의 계정에 로그인하십시오. 2. '내 계정' 또는 '프로필' 섹션으로 이동하세요. 3. '배송 주소' 또는 이와 유사한 옵션을 찾으십시오. 4. '새 주소 추가' 또는 '배송 주소 편집'을 선택합니다. 5. 보조 배송 주소에 필요한 세부 정보를 입력합니다. 6. 변경 사항을 저장합니다. 이 과정에서 문제가 발생하거나 추가 안내가 필요한 경우 언제든지 알려주시기 바랍니다. 저는 고객님의 보조 배송 주소가 원활하고 성공적으로 설정되도록 하기 위해 왔습니다.
BELQZ,유효한 새 배송 주소를 제출할 수 없습니다,배송지,배송지 설정,"새 배송 주소를 제출하는 데 문제가 있어 유효한 주소로 승인되지 않는 것으로 확인되었습니다. 저는 이 문제를 해결하고 해결책을 찾는 데 도움을 드리고자 왔습니다. 거리 이름, 집 번호, 도시, 주, 우편번호 등 필요한 모든 정보를 정확하게 입력했는지 확인하세요. 오타나 누락된 세부정보가 있는지 다시 확인하세요. 문제가 지속되면 배송 주소에 대한 특정 형식 요구 사항이나 제한 사항이 있을 수 있습니다. 당사 웹사이트의 라이브 채팅을 통하거나 [고객센터전화번호]에 전화하여 고객 지원팀에 직접 문의하실 것을 권장합니다. 그들은 고객님께 맞춤형 지원을 제공하고 배송 주소 제출 과정을 안내할 수 있습니다. 이로 인해 불편을 끼쳐드려 죄송하며, 문제를 해결하는 동안 양해해 주셔서 감사합니다."
BLQ,새 배송 주소를 입력하는 데 도움이 필요해요,배송지,배송지 설정,새 배송 주소를 입력하는 데 도움이 필요하다는 것을 깨달았습니다. 이 문제를 해결하기 위해 함께 노력합시다. 다음은 수행할 수 있는 몇 가지 단계입니다. 1. 고객님의 계정에 로그인하십시오. 2. '배송 주소' 섹션이나 이와 유사한 섹션으로 이동합니다. 3. '새 주소 추가' 또는 '주소 편집' 옵션을 찾으세요. 4. 해당 옵션을 클릭하고 새 배송 주소에 필요한 모든 세부 정보를 입력하세요. 5. 정보가 정확한지 다시 확인하세요. 6. 변경 사항을 저장합니다. 이 과정에서 문제가 발생하거나 궁금한 점이 있으면 언제든지 알려주시기 바랍니다. 저는 모든 단계에서 고객님을 돕기 위해 여기 있습니다!
BL,보조 배송 주소를 설정하고 싶어요,배송지,배송지 설정,"보조 배송 주소를 설정하려고 하신다는 점을 이해하며 이에 대해 도와드리겠습니다. 이 작업을 진행하려면 다음 단계를 따르세요. 1. 고객님의 계정에 로그인하십시오. 2. 계정 설정 또는 프로필 섹션으로 이동합니다. 3. ""주소 관리"" 또는 ""배송 주소"" 옵션을 찾으십시오. 4. 새 주소를 추가하는 옵션을 선택하세요. 5. 거리 주소, 도시, 주, 우편번호 및 기타 관련 세부정보를 포함하여 보조 배송 주소에 필요한 정보를 입력하세요. 6. 입력된 정보의 정확성과 완전성을 다시 한번 확인하세요. 7. 변경 사항을 저장하여 보조 배송 주소 설정을 완료하세요. 이 과정에서 어려움이 발생하거나 추가 지원이 필요한 경우 언제든지 알려주시기 바랍니다. 저는 고객님의 보조 배송 주소가 원활하고 성공적으로 설정되도록 하기 위해 왔습니다."
BLZ,내 보조 배송 주소 설정하는 데 도움 좀 주세요,배송지,배송지 설정,"보조 배송 주소 설정에 도움이 필요하다는 점을 확인했습니다. 저는 고객님께 그 과정을 단계별로 안내하기 위해 왔습니다. 다음 지침을 따라 주세요. 1. 당사 웹사이트나 앱에서 고객님의 계정에 로그인하세요. 2. 계정 설정 또는 프로필 섹션으로 이동합니다. 3. 배송 주소를 관리하는 옵션을 찾으세요. 4. 새 주소를 추가하거나 기존 주소를 편집하는 옵션을 선택합니다. 5. 수취인 이름, 거리 주소, 도시, 주, 우편번호 등 보조 배송 주소에 필요한 세부 정보를 입력하세요. 6. 모든 정보가 정확한지 다시 확인하세요. 7. 배송 주소를 업데이트하려면 변경 사항을 저장하세요. 어려움이 있거나 추가 문의사항이 있으면 언제든지 문의해 주세요. 저는 고객님의 절차가 최대한 순조롭게 진행되도록 돕기 위해 왔습니다."
BLQ,배송 주소를 설정하려면 어떻게 해야 할지 모르겠어요,배송지,배송지 설정,"배송 주소 설정 방법에 대해 잘 모르시는 것으로 알고 있습니다. 걱정하지 마세요. 제가 그 과정을 도와드리기 위해 여기 있습니다. 배송 주소를 설정하려면 다음 단계를 따르세요. 1. 당사 웹사이트에서 고객님의 계정에 로그인하십시오. 2. '내 계정' 또는 '프로필' 섹션으로 이동하세요. 3. '배송 주소' 또는 이와 유사한 옵션을 찾으십시오. 4. '새 주소 추가' 또는 '배송 주소 편집'을 클릭하세요. 5. 거리명, 도시, 주, 우편번호 등 배송 주소 세부정보를 입력하세요. 6. 고객님이 제공한 정보의 정확성을 다시 한번 확인하십시오. 7. 변경 사항을 저장합니다. 어려움이 있거나 추가 지원이 필요한 경우 언제든지 문의해 주세요. 저는 고객님이 배송 주소를 성공적으로 설정했는지 확인하기 위해 왔습니다."
BEL,배송 주소를 유효하게 입력할 수 없는 이유,배송지,배송지 설정,"유효한 배송 주소를 입력할 수 없어 불편을 끼쳐 드린 점 이해합니다. 주소 확인은 정확하고 시기적절한 배송을 보장하는 필수 단계입니다. 어려움을 겪는 데에는 몇 가지 이유가 있을 수 있습니다. 주소 형식에 문제가 있거나 일부 누락되거나 잘못된 정보가 있을 수 있습니다. 이 문제를 해결하려면 다음 단계를 수행하는 것이 좋습니다. 1. 형식을 다시 확인하세요. 배송 주소를 올바른 형식으로 입력했는지 확인하세요. 여기에는 거리 이름, 집 번호, 도시, 주, 우편번호가 포함될 수 있습니다. 2. 주소 확인: 주소 확인 도구나 서비스를 사용하여 입력한 주소가 유효한지 확인하세요. 이는 오류나 불일치를 식별하는 데 도움이 될 수 있습니다. 3. 고객 지원팀에 문의: 여전히 유효한 배송 주소를 입력할 수 없는 경우 고객 지원팀에 문의하는 것이 가장 좋습니다. 추가 리소스에 액세스할 수 있으며 문제 해결에 도움을 줄 수 있습니다. 4. 대체 주소 탐색: 입력하려는 주소가 지속적으로 유효하지 않은 경우 임시 해결책으로 직장 주소나 친구 주소와 같은 대체 주소를 사용하는 것을 고려해야 할 수도 있습니다. 기억하세요. 저는 모든 단계에서 고객님을 돕기 위해 여기 있습니다. 추가 정보나 발생한 특정 오류 메시지를 제공해 주시면 이 문제를 해결하고 원활한 배송 과정을 보장하기 위해 함께 노력하겠습니다."
BCL,배송지 주소를 설정해야 하는데 도움이 필요해요,배송지,배송지 설정,"물론입니다! 배송 주소 설정 과정을 안내해 드리겠습니다. 따를 수 있는 단계는 다음과 같습니다. 1. 당사 웹사이트에서 고객님의 계정에 로그인하십시오. 2. 계정 설정 또는 프로필 섹션으로 이동합니다. 3. 배송 주소를 관리하는 옵션을 찾으세요. 4. ""새 주소 추가"" 또는 이와 유사한 옵션을 클릭하여 새 배송 주소 정보를 입력하세요. 5. 거리 주소, 도시, 주, 우편번호 및 기타 관련 정보를 포함하여 모든 필수 필드를 정확하게 입력하십시오. 6. 변경 사항을 저장하기 전에 모든 정보가 올바른지 다시 확인하세요. 배송 주소를 설정하는 동안 문제가 발생하거나 특정 질문이 있는 경우 언제든지 알려주시기 바랍니다. 고객님의 배송 주소가 번거로움 없이 원활하게 설정되도록 함께 도와드리겠습니다."
BLQ,배송 주소를 제출하는 데 문제가 있습니다,배송지,배송지 설정,배송 주소를 제출하는 데 어려움이 있는 것으로 파악되어 도움을 드리고자 합니다. 문제를 더 잘 해결할 수 있도록 현재 발생한 문제에 대한 추가 정보를 제공해 주시겠습니까? 배송 주소를 제출하려고 할 때 오류 메시지가 나타나거나 특정 문제가 발생합니까? 이 추가 정보는 고객님께 가장 정확한 지침과 지원을 제공하는 데 도움이 될 것입니다.
BCIL,배송지 주소를 설정해야 하는데 어떻게 하나요?,배송지,배송지 설정,"물론이죠! 배송 주소 설정 과정을 안내해 드리겠습니다. 다음 단계를 따르세요. 1. 고객님의 계정에 로그인하십시오. 2. '내 계정' 또는 '프로필' 섹션으로 이동하세요. 3. '배송 주소' 또는 이와 유사한 옵션을 찾으십시오. 4. '새 주소 추가' 또는 '배송 주소 편집'을 선택합니다. 5. 거리, 도시, 주, 우편번호 등 배송 주소에 필요한 세부 정보를 입력하세요. 6. 고객님이 제공한 정보의 정확성을 다시 한번 확인하십시오. 7. 변경 사항을 저장합니다. 배송 주소를 설정하는 동안 특별한 우려 사항이 있거나 어려움이 있는 경우 언제든지 알려주시면 기꺼이 추가 지원해 드리겠습니다."
BILQWZ,내 빌어먹을 배달 주소는 어떻게 설정해?,배송지,배송지 설정,"배송 주소 설정과 관련하여 도움을 요청하신 것으로 확인되었습니다. 불편을 끼쳐드려 죄송합니다. 이를 지원하려면 다음 단계에 따라 배송 주소를 설정하세요. 1. 고객님의 계정에 로그인하십시오. 2. ""내 계정"" 또는 ""프로필"" 섹션으로 이동합니다. 3. ""배송 주소"" 또는 유사한 옵션을 찾으십시오. 4. 클릭하시면 배송지 관리 페이지로 접속됩니다. 5. ""새 주소 추가"" 또는 ""배송 주소 편집"" 옵션을 선택하십시오. 6. 거리 주소, 도시, 주, 우편번호 등 필요한 세부정보를 입력하세요. 7. 모든 정보가 정확하고 완전한지 확인하십시오. 8. 변경 사항을 저장합니다. 이 과정에서 문제가 발생하거나 추가 질문이 있는 경우 언제든지 알려주시기 바랍니다. 배송 주소를 원활하게 설정하실 수 있도록 도와드리겠습니다."
BEL,새 배송 주소를 어떻게 설정하는지 모르겠습니다.,배송지,배송지 설정,"새 배송 주소를 설정하는 방법에 대해 잘 모르시는 것으로 알고 있습니다. 절차를 안내해 드리겠습니다. 1. 계정에 로그인하여 시작하세요. 2. ""내 계정"" 또는 ""프로필"" 섹션을 찾으십시오. 3. 거기에 도착하면 ""배송 주소"" 또는 이와 유사한 옵션을 검색하십시오. 4. ""새 주소 추가"" 또는 ""배송 주소 편집"" 옵션이 표시됩니다. 그것을 클릭하세요. 5. 제공된 필드에 새 배송 주소에 대한 필수 세부 정보를 입력합니다. 6. 입력하신 정보가 정확한지 다시 한번 확인해 주세요. 7. 변경 사항을 저장하면 새 배송 주소가 설정됩니다. 이 과정에서 어려움을 겪거나 특정 질문이 있는 경우 알려주시기 바랍니다. 저는 모든 단계에서 고객님을 돕기 위해 여기 있습니다."
BLM,배송지 입력에 문제가 있습니다,배송지,배송지 설정,"배송지 입력 문제로 불편을 끼쳐드려 죄송합니다. 얼마나 실망스러울지 이해합니다. 하지만 모든 단계에서 도움을 드릴 수 있으니 안심하세요. 이 문제를 해결하려면 다음 단계를 시도해 보세요. 1. 형식을 다시 확인하세요. 거리 주소, 도시, 주, 우편번호에 대해 지정된 필드에 따라 배송 주소를 올바르게 입력했는지 확인하세요. 때로는 작은 오류로 인해 문제가 발생할 수 있습니다. 2. 캐시 및 쿠키 지우기: 웹 브라우저를 사용하는 경우 캐시와 쿠키를 지워보세요. 이러한 임시 파일은 때때로 웹 기반 양식의 기능을 방해할 수 있습니다. 3. 다른 장치나 브라우저를 사용해 보십시오. 문제가 지속되면 다른 장치나 브라우저를 사용하여 배송 주소를 입력해 보십시오. 이는 문제가 현재 설정과 관련된 것인지 식별하는 데 도움이 될 수 있습니다. 4. 고객 지원팀에 문의: 위의 단계 중 어느 것도 효과가 없으면 고객 지원팀에 문의하세요. 고객 지원팀에서 실시간으로 문제를 해결하고 추가 지원을 드릴 수 있습니다. 이러한 제안 사항이 고객님의 문제를 해결하는 데 도움이 되기를 바랍니다. 추가 도움이 필요하시면 언제든지 알려주시기 바랍니다."
BEL,배송주소를 설정하려면 어떻게 해야 하는지 모르겠습니다.,배송지,배송지 설정,"배송지 설정 과정에 대해 확신이 없으신 것으로 확인되었습니다. 걱정하지 마세요. 제가 안내해 드리겠습니다. 배송 주소를 설정하려면 다음 단계를 따르세요. 1. 당사 웹사이트에서 고객님의 계정에 로그인하십시오. 2. ""내 계정"" 또는 ""프로필"" 섹션으로 이동합니다. 3. ""배송 주소"" 또는 ""주소 관리""와 관련된 옵션을 찾습니다. 4. 해당 옵션을 클릭하여 배송 주소 설정에 액세스합니다. 5. ""새 주소 추가"" 또는 ""배송 주소 편집"" 옵션이 표시됩니다. 선택하세요. 6. 새 배송 주소에 대한 이름, 거리 주소, 도시, 주, 우편번호 등 필요한 세부 정보를 입력합니다. 7. 정보가 정확한지 다시 확인하세요. 8. 변경 사항을 저장하여 배송 주소 설정을 완료하세요. 이 과정에서 문제가 발생하거나 추가 질문이 있는 경우 언제든지 알려주시기 바랍니다. 저는 모든 단계에서 고객님을 돕기 위해 여기 있습니다."
BLQZ,새 배송 주소를 제출할 수 없어요,배송지,배송지 설정,"새 배송 주소를 제출하는 동안 불편을 끼쳐드려 죄송합니다. 이 문제를 해결하기 위해 함께 노력합시다. 시도해 볼 수 있는 몇 가지 문제 해결 단계는 다음과 같습니다. 1. 세부정보를 다시 확인하세요. 이름, 주소, 우편번호, 연락처 등 필수 정보를 모두 올바르게 입력했는지 확인하세요. 오타나 형식 오류가 없는지 확인하세요. 2. 캐시 및 쿠키 지우기: 때때로 임시 인터넷 파일이 제출 절차를 방해할 수 있습니다. 브라우저의 캐시와 쿠키를 지우면 도움이 될 수 있습니다. 브라우저의 설정 또는 기본 설정 섹션에서 이를 수행하는 방법에 대한 지침을 찾을 수 있습니다. 3. 다른 기기나 브라우저를 사용해 보세요. 문제가 지속되면 다른 기기나 브라우저를 사용하여 새 배송 주소를 제출해 보세요. 이는 문제가 현재 장치나 브라우저에만 해당되는지 판단하는 데 도움이 됩니다. 4. 고객 지원팀에 문의: 위의 단계 중 어느 것도 효과가 없으면 전담 고객 지원팀에 문의하는 것이 좋습니다. 이들은 이 문제를 해결하는 데 도움이 되는 전문 지식과 도구를 보유하고 있습니다. [고객센터전화번호]로 연락하거나 당사 웹사이트 [웹사이트/메뉴]의 라이브 채팅을 통해 연락할 수 있습니다. 다음 단계를 시도해 보시고, 여전히 새 배송 주소를 제출할 수 없는 경우 발생한 오류 메시지나 특정 문제에 대한 추가 세부정보를 제공해 주세요. 이를 통해 문제를 더 잘 이해하고 보다 구체적인 지원을 제공할 수 있습니다. 안심하세요. 저희는 이 문제를 해결하고 새 배송 주소를 원활하게 설정할 수 있도록 최선을 다하고 있습니다."
BK,새 배송 주소 설정,배송지,배송지 설정,"새로운 배송지 주소를 설정해 주셔서 감사드리며, 해당 절차를 도와드릴 준비가 되어 있습니다. 다음은 고객님을 돕기 위한 단계별 가이드입니다. 1. 당사 웹사이트나 앱에서 고객님의 계정에 로그인하여 시작하십시오. 2. ""내 계정"" 또는 ""프로필"" 섹션으로 이동합니다. 3. ""배송 주소"" 또는 유사한 탭을 찾으십시오. 4. 배송 주소 섹션에서 ""새로 추가"" 또는 ""배송 주소 추가"" 옵션을 선택합니다. 5. 수취인 이름, 거리 주소, 도시, 주, 우편번호 및 요청된 추가 세부정보를 포함하여 새 배송 주소에 대한 정확한 정보로 필수 필드를 입력하세요. 6. 모든 정보가 올바른지 확인한 후 변경 사항을 저장합니다. 어려움이 있거나 당사 플랫폼에 따라 절차가 다를 경우 직면한 문제에 대해 보다 구체적인 세부정보를 제공해 주시기 바랍니다. 원활한 배송 경험을 위해 새 배송 주소를 성공적으로 설정할 수 있는지 확인하기 위해 왔습니다."
BILZ,새 배송 주소를 입력할 수 있나요?,배송지,배송지 설정,"새 배송 주소를 입력하려고 하시는 것으로 확인됩니다. 전적으로! 고객님은 확실히 그렇게 할 수 있습니다. 새 배송 주소를 입력하려면 다음 단계를 따르세요. 1. 고객님의 계정에 로그인하십시오. 2. 계정 설정에서 ""배송 주소"" 또는 이와 유사한 섹션으로 이동하세요. 3. ""새 주소 추가"" 또는 ""새 배송 주소 입력"" 옵션을 찾으세요. 4. 수취인 이름, 거리 주소, 도시, 주, 우편번호 등 새 배송 주소의 세부정보를 필수 필드에 입력하세요. 5. 입력한 정보가 정확한지 다시 한번 확인하세요. 6. 변경 사항을 저장하여 절차를 완료합니다. 문제가 발생하거나 절차가 다르게 나타저는 경우 추가 지원을 드릴 수 있도록 자세한 내용을 제공해 주시기 바랍니다. 고객 만족이 저희의 최우선 과제이며, 저는 고객님이 전체적으로 원활한 경험을 할 수 있도록 여기 있습니다!"
BL,배송 주소 제출 지원,배송지,배송지 설정,"저는 고객님이 배송 주소 제출에 대한 지원을 찾고 있다는 사실에 민감합니다. 저는 그 과정을 도와드리기 위해 왔습니다. 배송 주소를 제출하려면 다음 단계를 따르세요. 1. 당사 웹사이트에서 고객님의 계정에 로그인하십시오. 2. ""내 계정"" 또는 ""프로필"" 섹션으로 이동합니다. 3. ""배송 주소"" 또는 이와 유사한 옵션을 찾으십시오. 4. ""새 주소 추가"" 또는 ""배송 주소 편집"" 옵션을 선택하세요. 5. 거리 번호, 거리 이름, 시, 주, 우편번호를 포함한 전체 배송 주소를 입력하세요. 6. 입력한 정보가 정확한지 다시 한번 확인하세요. 7. 업데이트된 배송 주소를 제출하려면 변경 사항을 저장하세요. 절차 중에 문제가 발생하거나 추가 지원이 필요한 경우 알려주시기 바랍니다. 저는 모든 단계에서 고객님을 지원하기 위해 여기 있습니다."
BCIL,새로운 배송주소를 설정해야 하는데 어떻게 해야 하나요?,배송지,배송지 설정,"새 배송 주소 설정에 대한 안내가 필요하다는 사실을 알게 되었습니다. 절차를 도와드리겠습니다. 1. 고객님의 계정에 로그인하여 시작하십시오. 2. ""내 계정"" 또는 ""프로필"" 섹션으로 이동합니다. 3. ""배송 주소"" 또는 이와 유사한 옵션을 찾으십시오. 4. 해당 섹션 내에서 ""새 주소 추가"" 또는 ""배송 주소 편집"" 옵션을 찾을 수 있습니다. 그것을 클릭하세요. 5. 이름, 주소, 도시, 주, 우편번호, 연락처 정보 등 새 배송 주소의 세부정보를 필수 필드에 모두 입력하세요. 6. 입력한 정보가 정확한지 다시 한번 확인하세요. 7. 만족스러우면 변경 사항을 저장합니다. 절차 중에 어려움이 발생하거나 당사 플랫폼과 관련된 추가 단계가 있는 경우 자세한 내용을 제공해 주시면 추가 지원을 해 드리겠습니다."
BL,다른 배송 주소를 입력하는 중에 문제가 발생했습니다,배송지,배송지 설정,다른 배송 주소를 입력하려고 할 때 문제가 발생하는 것으로 확인되었습니다. 불편을 끼쳐드려 죄송합니다. 더 나은 지원을 위해 현재 발생한 특정 문제에 대한 자세한 내용을 제공해 주시겠습니까? 오류 메시지가 표시됩니까? 페이지가 올바르게 로드되지 않습니까? 이 정보를 공유함으로써 저희는 함께 협력하여 해결책을 찾고 보조 배송 주소가 성공적으로 입력되었는지 확인할 수 있습니다. 고객님의 인내와 협조에 감사드립니다.
BI,다른 배송지 주소를 설정할 수 있나요?,배송지,배송지 설정,과연! 다른 배송 주소를 설정하는 것은 절대적으로 가능합니다. 그렇게 하려면 다음 단계를 따르세요. 1. 고객님의 계정에 로그인하십시오. 2. '내 계정' 또는 '프로필' 섹션으로 이동하세요. 3. '배송 주소' 또는 이와 유사한 섹션을 찾으십시오. 4. '새 주소 추가' 또는 '배송 주소 편집' 옵션을 찾아야 합니다. 선택하세요. 5. 제공된 필드에 다른 배송 주소의 세부 정보를 입력합니다. 6. 변경 사항을 저장합니다. 문제가 발생하거나 절차가 다르게 나타저는 경우 직면하고 있는 특정 문제에 대한 추가 정보를 제공해 주시면 기꺼이 추가 지원을 해 드리겠습니다.
BQZ,다른 배송 주소를 설정하는 데 도움이 필요해요,배송지,배송지 설정,다른 배송 주소를 설정하는 데 도움이 필요하신 것 같습니다. 저는 도와주러 왔습니다! 새 배송 주소를 추가하려면 다음 단계를 따르세요. 1. 고객님의 계정에 로그인하십시오. 2. '내 계정' 또는 '프로필' 섹션으로 이동하세요. 3. '배송 주소' 또는 이와 유사한 섹션을 찾으십시오. 4. '새 주소 추가' 또는 '배송 주소 편집' 옵션이 있어야 합니다. 선택하세요. 5. 제공된 필드에 새 배송 주소의 세부 정보를 입력합니다. 6. 변경 사항을 저장합니다. 문제가 발생하거나 추가 안내가 필요한 경우 언제든지 알려주시기 바랍니다. 저는 고객님께 원활하고 번거롭지 않은 경험을 보장하기 위해 왔습니다.
BILQ,내 새 배송 주소를 설정하는 데 도움을 줄 수 있나요?,배송지,배송지 설정,물론이죠! 저는 고객님이 새 배송 주소를 설정하는 데 필요한 지침을 제공해 드리겠습니다. 다음 단계를 따라 주세요. 1. 로그인 정보를 사용하여 계정에 로그인합니다. 2. '내 계정' 또는 '프로필' 섹션으로 이동하세요. 3. '배송 주소' 또는 이와 유사한 옵션을 찾으십시오. 4. 새 주소를 추가하는 옵션을 선택하세요. 5. 새 배송 주소의 세부정보를 필수 필드에 입력하세요. 6. 입력된 정보가 정확한지 다시 한번 확인하세요. 7. 배송 주소에 대한 변경 사항을 저장합니다. 진행 중에 어려움이 있거나 추가 지원이 필요한 경우 언제든지 알려주시기 바랍니다. 저는 고객님의 새 배송 주소가 원활하게 설정될 수 있도록 도와드리기 위해 왔습니다.
BLZ,다른 배송 주소를 입력하는 방법 좀 알려주세요,배송지,배송지 설정,"다른 배송 주소를 입력하는 방법을 안내해 드리겠습니다. 다음 단계를 함께 살펴보겠습니다. 1. 고객님의 계정에 로그인하십시오. 2. 배송지 또는 배송 주소와 관련된 섹션을 찾으세요. 3. ""새 주소 추가"" 또는 ""주소 편집"" 옵션을 찾으세요. 4. 해당 옵션을 클릭하세요. 5. 수취인 이름, 거리 주소, 도시, 주, 우편번호 등 새 배송 주소에 필요한 세부 정보를 입력하세요. 6. 입력한 정보가 정확한지 다시 확인하세요. 7. 변경 사항을 저장합니다. 이 과정에서 어려움이 발생하거나 특정 질문이나 문의 사항이 있는 경우 언제든지 알려주시면 기꺼이 도와드리겠습니다."
BEL,새로운 배송주소를 어떻게 입력하는지 모르겠습니다,배송지,배송지 설정,"새 배송 주소를 입력하는 방법에 대해 잘 모르시는 것으로 확인되었습니다. 걱정하지 마세요. 제가 도와드리겠습니다. 새 배송 주소를 입력하려면 다음 단계를 따르세요. 1. 당사 웹사이트에서 고객님의 계정에 로그인하십시오. 2. ""내 계정"" 또는 ""프로필"" 섹션으로 이동합니다. 3. ""배송 주소"" 또는 유사한 옵션을 찾으십시오. 4. ""새 주소 추가"" 또는 ""배송 주소 편집""을 선택하십시오. 5. 새 배송 주소의 세부정보를 필수 입력란에 입력하세요. 6. 필요한 정보를 모두 입력한 후 변경 사항을 저장합니다. 새 배송 주소를 입력하는 동안 문제가 발생하거나 추가 안내가 필요한 경우 알려주시기 바랍니다. 저는 모든 단계에서 고객님을 돕기 위해 여기 있습니다."
BLW,빌어먹을 다른 배송지 주소를 입력하는 중에 오류가 발생했습니다.,배송지,배송지 설정,다른 배송지 입력으로 인해 불편을 드려 죄송합니다. 이 문제가 얼마나 실망스러울 수 있는지 잘 알고 있으며 이 문제를 해결하는 데 도움을 드리고자 합니다. 더 나은 지원을 위해 발생한 오류에 대한 자세한 내용을 제공해 주시겠습니까? 이렇게 하면 문제를 정확히 찾아내고 정확한 솔루션을 제공하는 데 도움이 됩니다. 고객님의 인내와 협조에 감사드립니다.
BL,다른 배송 주소를 제출하려고 합니다.,배송지,배송지 설정,다른 배송 주소를 제출하려고 하시는 것으로 알고 있습니다. 제출하는 주소가 정확하고 완전한지 확인하는 것이 중요합니다. 따라야 할 단계는 다음과 같습니다. 1. 고객님의 계정에 로그인하십시오. 2. '배송 주소' 또는 '배송 주소' 섹션으로 이동합니다. 3. '새 주소 추가' 또는 '배송 주소 편집' 옵션을 찾으세요. 선택하세요. 4. 제공된 필드에 새 배송 주소의 세부 정보를 입력합니다. 5. 입력한 모든 정보가 올바른지 다시 한번 확인하세요. 6. 변경 사항을 저장합니다. 도중에 어려움을 겪거나 궁금한 점이 있으면 언제든지 알려주시기 바랍니다. 저는 모든 단계에서 고객님을 돕기 위해 여기 있을 것입니다.
BK,배송지 주소 문제,배송지,배송지 설정,배송 주소 관련 문제로 불편을 끼쳐드려 죄송합니다. 정확한 배송 정보를 갖는 것이 얼마나 중요한지 잘 알고 있습니다. 추가 지원을 위해 고객님이 직면한 특정 문제에 대한 자세한 내용을 제공해 주시겠습니까? 주소를 입력하는 데 문제가 있거나 오류 메시지가 표시됩니까? 구체적인 문제를 이해함으로써 가장 적절한 지침을 제공하고 가능한 한 빨리 문제를 해결하도록 도와드릴 수 있습니다.
BIL,새 배송 주소를 입력하는 방법은 무엇입니까?,배송지,배송지 설정,"새로운 배송 주소를 입력하는 방법에 대해 문의해 주셔서 감사합니다. 저는 고객님께 그 과정을 안내하기 위해 왔습니다. 새 배송 주소를 추가하려면 다음 단계를 따르세요. 1. 고객님의 계정에 로그인하십시오. 2. ""내 계정"" 또는 ""프로필"" 섹션으로 이동합니다. 3. ""배송 주소"" 또는 유사한 옵션을 찾으십시오. 4. ""새 주소 추가"" 또는 ""배송 주소 편집""에 대한 버튼이나 링크가 표시됩니다. 그것을 클릭하세요. 5. 수취인 이름, 거리 주소, 도시, 주, 우편번호 등 새 배송 주소에 필요한 정보를 입력하세요. 6. 모든 세부정보가 정확한지 다시 확인하고 ""저장"" 또는 ""제출"" 버튼을 클릭하여 절차를 완료하세요. 이 과정에서 문제가 발생하거나 추가 지원이 필요한 경우 언제든지 알려주시기 바랍니다. 저는 모든 단계에서 고객님을 돕기 위해 여기 있습니다."
BLMQ,보조 배송 주소를 설정하는 중에 오류가 발생했습니다,배송지,배송지 설정,"보조 배송 주소를 설정하는 동안 오류가 발생했다는 소식을 듣고 안타깝게 생각합니다. 이 문제를 해결하기 위해 함께 노력합시다. 시도해 볼 수 있는 몇 가지 단계는 다음과 같습니다. 1. 주소, 도시, 주, 우편번호를 포함하여 모든 필수 정보를 올바르게 입력했는지 다시 확인하세요. 오타나 누락된 필드가 없는지 확인하세요. 2. 브라우저의 캐시와 쿠키를 지우고 다시 시도하십시오. 때로는 오래된 정보로 인해 문제가 발생할 수 있으므로 새로 시작하는 것이 도움이 될 수 있습니다. 3. 모바일 장치를 사용하는 경우 데스크톱이나 노트북 컴퓨터로 전환하여 차이가 있는지 확인하세요. 기기마다 호환성 문제가 다른 경우가 있습니다. 4. 위의 단계 중 어느 것도 효과가 없으면 고객 지원팀에 문의하세요. 그들은 고객님께 추가 지원을 제공하기 위해 더 많은 리소스와 기술 전문 지식에 접근할 수 있습니다. [고객센터전화번호]로 연락하거나 당사 웹사이트 [웹사이트/메뉴]의 라이브 채팅을 통해 연락할 수 있습니다. 저희 팀은 고객의 원활한 경험을 보장하기 위해 최선을 다하고 있으며, 불편을 끼쳐드려 죄송합니다. 양해해 주셔서 감사드리며, 최대한 빨리 이 문제를 해결하도록 최선을 다하겠습니다."
BLMZ,내 배송 주소 제출 문제,배송지,배송지 설정,배송 주소를 제출하는 동안 문제가 발생했다는 연락을 받았습니다. 불편을 끼쳐드려 죄송합니다. 추가 지원을 위해 현재 발생한 특정 오류나 문제에 대한 자세한 내용을 제공해 주시겠습니까? 이를 통해 고객님께 가장 정확한 지침을 제공하고 문제를 원활하게 해결할 수 있습니다. 협조해 주셔서 감사합니다.
BL,배송지 주소를 입력해야 해요,배송지,배송지 설정,"배송주소 입력에 대한 안내가 필요하다는 것을 깨달았습니다. 걱정하지 마세요. 제가 그 과정을 도와드리기 위해 왔습니다. 배송 주소를 입력하려면 다음 단계를 따르세요. 1. 고객님의 계정에 로그인하십시오. 2. ""내 계정"" 또는 ""프로필"" 섹션으로 이동합니다. 3. ""배송 주소"" 또는 이와 유사한 옵션을 찾으십시오. 4. ""새 주소 추가"" 또는 ""배송 주소 편집"" 옵션을 선택합니다. 5. 수취인 이름, 거리 주소, 도시, 주, 우편번호 등 배송 주소에 필요한 세부 정보를 입력하세요. 6. 입력된 정보의 정확성과 완전성을 반드시 검토하세요. 7. 변경 사항을 저장하여 배송 주소 입력을 완료하세요. 이 과정에서 문제가 발생하거나 추가 문의사항이 있으면 언제든지 알려주시기 바랍니다. 고객 만족이 저의 최우선 사항이며, 저는 모든 단계에서 고객님을 도와드릴 것입니다."
BILQZ,다른 배송 주소는 어디서 설정하나요,배송지,배송지 설정,"다른 배송 주소를 설정할 위치에 대한 지침을 찾고 계시는 것으로 알고 있습니다. 제가 고객님을 도와드리겠습니다. 다른 배송 주소를 설정하려면 다음 단계를 따르세요. 1. 당사 웹사이트 또는 모바일 앱에서 고객님의 계정에 로그인하십시오. 2. ""내 계정"" 또는 ""프로필"" 섹션으로 이동합니다. 3. ""배송 주소"" 또는 유사한 옵션을 찾으십시오. 4. 기존 배송 주소에 액세스하려면 해당 버튼을 클릭하세요. 5. 기존 주소를 ""새 주소 추가"" 또는 ""편집""할 수 있는 옵션이 있어야 합니다. 선택하세요. 6. 수취인 이름, 거리 주소, 도시, 주, 우편번호 등 새 배송 주소에 필요한 모든 세부 정보를 입력하세요. 7. 입력한 모든 정보가 올바른지 다시 확인하세요. 8. 변경 사항을 저장하여 새 배송 주소를 설정하세요. 어려움이 있거나 절차가 다르게 나타저는 경우 문제가 발생한 위치에 대한 자세한 내용을 제공해 주시면 기꺼이 도와드리겠습니다."
BLP,보조 배송 주소를 제출하고 싶습니다.,배송지,배송지 설정,"물론입니다. 고객님의 보조 배송 주소 제출을 도와드리겠습니다. 절차를 단계별로 살펴보겠습니다. 1. 당사 웹사이트에서 고객님의 계정에 로그인하십시오. 2. 계정 설정에서 ""배송 주소"" 섹션으로 이동하세요. 3. ""새 주소 추가"" 또는 ""보조 주소 입력""과 같은 옵션을 찾으세요. 4. 수취인 이름, 거리 주소, 도시, 주, 우편번호를 포함한 보조 배송 주소 세부정보로 필수 필드를 입력합니다. 5. 입력한 정보가 정확한지 다시 한번 확인하세요. 6. 보조 배송 주소를 제출하려면 변경 사항을 저장하세요. 이 과정에서 어려움을 겪거나 추가 문의사항이 있으면 언제든지 알려주시기 바랍니다. 보조 배송 주소를 원활하게 제출하여 전반적인 경험을 개선할 수 있도록 도와드리겠습니다."
BILP,새 배송 주소 설정을 도와주실 수 있나요?,배송지,배송지 설정,"고객님의 요구에 맞는 새로운 배송 주소를 설정하는 것이 중요합니다. 이 문제를 함께 해결해 봅시다! 새 배송 주소를 설정하는 데 도움이 되는 단계별 가이드는 다음과 같습니다. 1. 고객님의 계정에 로그인하여 시작하십시오. 2. ""내 계정"" 또는 ""프로필"" 섹션을 찾으십시오. 3. ""배송 주소"" 또는 유사한 옵션으로 이동합니다. 4. ""새 주소 추가"" 또는 ""배송 주소 편집"" 옵션을 선택합니다. 5. 새 배송 주소에 필요한 세부 정보를 입력하세요. 6. 정보의 정확성을 다시 확인하고 변경 사항을 저장합니다. 이 과정에서 문제가 발생하거나 특정 질문이 있는 경우 언제든지 알려주시기 바랍니다. 저는 고객님이 새 배송 주소를 설정할 때 원활한 경험을 보장하기 위해 왔습니다."
BELQ,네 유효한 새 배송 주소를 제출할 수 없습니다,배송지,배송지 설정,유효한 새 배송 주소를 제출하는 데 문제가 있는 것으로 확인되었습니다. 불편을 끼쳐드려 죄송합니다. 더 나은 도움을 드릴 수 있도록 현재 겪고 있는 특정 문제에 대한 자세한 내용을 제공해 주시겠습니까? 주소를 제출하려고 할 때 오류 메시지를 받거나 특정 문제가 발생합니까? 추가 정보가 접수되면 이 문제를 해결하고 고객님의 새 배송 주소가 성공적으로 제출되었는지 확인할 수 있는 적절한 지침을 제공할 수 있습니다.
BILQ,배송 주소는 어디서 설정해야 해?,배송지,배송지 설정,"배송 주소 설정에 도움을 요청하신 것으로 확인되었습니다. 이를 달성하려면 다음 단계를 따라야 합니다. 1. 고객님의 계정에 로그인하여 시작하십시오. 2. 성공적으로 로그인한 후 ""내 계정"" 또는 ""프로필"" 섹션을 찾으십시오. 3. 해당 섹션 내에서 ""배송 주소"" 또는 유사한 옵션을 검색하십시오. 4. 클릭하시면 주소를 관리할 수 있는 영역으로 이동합니다. 5. 이전에 배송 주소를 설정하지 않은 경우 ""새 주소 추가"" 옵션이 표시될 수 있습니다. 해당 옵션을 선택하세요. 6. 거리명, 도시, 주, 우편번호 등 배송 주소에 필요한 세부 정보를 입력하세요. 7. 입력한 모든 정보가 정확한지 다시 한번 확인하세요. 8. 배송 주소를 저장하려면 ""저장"" 또는 ""업데이트"" 버튼을 클릭하세요. 이 과정에서 어려움을 겪거나 추가 질문이 있는 경우 주저하지 말고 추가 정보를 제공해 주시면 기꺼이 도와드리겠습니다."
BLZ,다른 배송 주소를 설정해야 합니다,배송지,배송지 설정,다른 배송 주소를 설정해 주시면 감사하겠습니다. 저는 고객님을 돕기 위해 여기 있습니다. 여러 배송 주소를 설정하려면 다음 단계를 따르세요. 1. 고객님의 계정에 로그인하십시오. 2. '내 계정' 또는 '프로필' 섹션으로 이동하세요. 3. '배송 주소' 또는 이와 유사한 옵션을 찾으십시오. 4. '새 주소 추가' 또는 '배송 주소 편집' 옵션이 표시됩니다. 선택하세요. 5. 제공된 필드에 새 배송 주소의 세부 정보를 입력하세요. 6. 변경 사항을 저장합니다. 새 배송 주소를 추가하는 동안 문제나 질문이 있으면 언제든지 알려주세요. 저는 이 과정 전반에 걸쳐 고객님을 돕기 위해 여기 있습니다.
BLMZ,두 번째 배송 주소를 설정하는 데 문제가 있습니다.,배송지,배송지 설정,보조 배송 주소를 설정하는 데 어려움을 겪고 계신다니 안타깝습니다. 저는 이 문제를 해결하는 데 도와드리겠습니다. 보조 배송 주소를 설정하려면 다음 단계를 따르세요. 1. 고객님의 계정에 로그인하십시오. 2. '내 계정' 또는 '프로필' 섹션으로 이동하세요. 3. '배송 주소' 또는 이와 유사한 옵션을 찾으십시오. 4. '새 주소 추가' 또는 '배송 주소 편집' 옵션을 선택하세요. 5. 제공된 필드에 보조 배송 주소의 세부 정보를 입력합니다. 6. 정보의 정확성을 다시 확인하고 변경 사항을 저장합니다. 이 과정에서 특정 문제나 오류 메시지가 발생하는 경우 더 효과적으로 도움을 드릴 수 있도록 자세한 내용을 알려주세요.
BL,내 배송 주소를 제출하도록 도와주세요,배송지,배송지 설정,"배송 주소를 제출하는 데 도움이 필요하다는 점을 확인했으며 도와드리겠습니다. 배송 주소를 제출하려면 다음 단계를 따르세요. 1. 고객님의 계정에 로그인하십시오. 2. ""내 계정"" 또는 ""프로필"" 섹션으로 이동합니다. 3. ""배송 주소"" 또는 유사한 옵션을 찾으십시오. 4. ""새 주소 추가"" 또는 ""배송 주소 편집"" 옵션을 선택합니다. 5. 거리, 도시, 주, 우편번호 등 배송 주소에 필요한 정보를 입력하세요. 6. 입력된 내용이 정확한지 다시 한번 확인하세요. 7. 변경 사항을 저장하거나 제출합니다. 이 과정에서 문제가 발생하거나 추가 지원이 필요한 경우 알려주시면 즉시 도와드리겠습니다. 고객 만족이 나의 우선순위입니다."
BL,새 배송 주소를 설정하는 중에 문제가 발생했습니다.,배송지,배송지 설정,"새 배송 주소를 설정하는 데 어려움을 겪고 계신 것으로 알고 있습니다. 이로 인해 불편을 끼쳐드린 점 사과드립니다. 이에 대한 도움을 받으려면 다음 단계를 따라 주세요. 1. 고객님의 계정에 로그인하십시오. 2. '내 계정' 또는 '프로필' 섹션으로 이동하세요. 3. '배송 주소' 또는 이와 유사한 섹션을 찾으십시오. 4. '새 주소 추가' 옵션이 표시됩니다. 그것을 클릭하세요. 5. 새 배송 주소의 세부정보를 필수 입력란에 입력하세요. 6. 정보가 정확한지 다시 확인하세요. 7. 변경 사항을 저장합니다. 여전히 문제가 발생하거나 절차가 다른 경우, 발생한 특정 문제에 대한 자세한 내용을 제공해 주시면 기꺼이 추가 지원을 제공해 드리겠습니다. 기억하세요. 저는 모든 단계에서 고객님을 돕기 위해 여기 있습니다."
BLMW,빌어먹을 보조 배송 주소를 제출하는 중에 오류가 발생했습니다.,배송지,배송지 설정,"보조 배송 주소를 제출하는 동안 발생한 좌절이나 불편에 대해 사과드립니다. 저희의 우선순위는 고객님을 위해 이 문제를 해결하는 것입니다. 문제를 더 잘 이해하고 적절한 지원을 제공할 수 있도록 보조 배송 주소를 제출하는 동안 직면하게 되는 특정 오류나 어려움에 대한 자세한 내용을 제공해 주시겠습니까? 이 정보를 바탕으로 저희는 해결책을 찾기 위해 함께 노력할 수 있습니다. 고객 만족은 우리에게 매우 중요하며, 이 문제를 신속하게 처리하는 동안 양해해 주셔서 감사합니다."
BCILP,배송지 주소를 설정하고 싶은데 어떻게 하면 되나요?,배송지,배송지 설정,"배송 주소를 설정해 주셔서 감사합니다. 원활한 경험을 보장하기 위해 절차를 단계별로 안내해 드리겠습니다. 1. 당사 웹사이트에서 고객님의 계정에 로그인하십시오. 2. ""내 계정"" 또는 ""프로필"" 섹션으로 이동합니다. 3. ""배송 주소"" 또는 유사한 옵션을 찾으십시오. 4. 클릭하시면 배송지 관리 페이지로 접속됩니다. 5. ""새 주소 추가"" 또는 ""주소 편집"" 옵션이 표시됩니다. 그것을 클릭하세요. 6. 제공된 필드에 배송 주소에 필요한 세부 정보를 입력하세요. 7. 입력한 정보가 정확한지 다시 한번 확인하세요. 8. 설정을 완료하기 위해 변경한 내용을 저장합니다. 진행 중 어려운 점이나 궁금한 점이 있으면 언제든지 문의해 주세요. 저는 모든 단계에서 고객님을 돕기 위해 여기 있습니다."
BLM,배송 주소 설정 중에 오류가 발생했습니다.,배송지,배송지 설정,"고객님의 메시지를 통해 고객님이 배송 주소 설정에 어려움을 겪고 있음을 추론했으며, 불편을 끼쳐드려 죄송합니다. 추가 지원을 위해 발생한 특정 오류에 대한 자세한 내용을 제공해 주시기 바랍니다. 오류 메시지가 표시됩니까? 지금까지 취한 조치를 설명해 주실 수 있나요? 이 정보를 통해 저희는 문제를 정확히 파악하고 가장 적절한 솔루션을 제공할 수 있습니다. 이 문제를 함께 해결하기 위해 노력하는 동안 고객님의 인내심과 협조에 감사드립니다."
BCILW,빌어먹을 배송 주소를 제출해야 하는데 어떻게 해야 하나요?,배송지,배송지 설정,"고객님께서 배송 주소 제출에 대해 불만을 갖고 도움이 필요하신 것으로 확인됩니다. 절차를 단계별로 안내해 드리겠습니다. 1. 고객님의 계정에 로그인하여 시작하십시오. 2. 로그인한 후 '계정' 또는 '프로필' 섹션으로 이동합니다. 3. '배송 주소' 또는 이와 유사한 옵션을 찾으십시오. 4. 클릭하시면 주소를 관리할 수 있는 페이지로 이동됩니다. 5. '새 주소 추가' 또는 '배송 주소 편집' 옵션을 찾아 선택하십시오. 6. 제출하려는 보조 주소를 포함하여 배송 주소에 필요한 모든 정보를 입력하세요. 7. 패키지가 올바른 위치로 배송될 수 있도록 주소 세부 정보가 정확한지 다시 확인하세요. 8. 변경 사항을 저장합니다. 어려움이 있거나 절차가 다르게 나타저는 경우, 더 구체적인 세부정보를 제공해 주시면 기꺼이 도와드리겠습니다."
BCIL,새 배송 주소가 잘못되었습니다. 어떻게 해야 하나요?,배송지,배송지 설정,"새 배송 주소가 잘못되어 문제가 발생한 것 같습니다. 불편을 끼쳐드려 죄송합니다. 이 문제를 해결하려면 다음 단계를 따르세요. 1. 새로운 배송 주소에 입력한 정보를 다시 확인하세요. 거리 이름, 번호, 도시, 주, 우편번호 등 모든 필드가 정확한지 확인하세요. 2. 주소 세부정보에 철자 오류나 오타가 없는지 확인하세요. 3. 주소 형식이 해당 국가 또는 지역의 표준 규칙을 따르는지 확인하십시오. 4. 해외 주소를 입력하는 경우 우편번호, 도시, 국가 이름을 올바르게 입력했는지 확인하세요. 5. 각 항목을 주의 깊게 입력하면서 주소를 다시 입력해 보세요. 문제가 지속되거나 기타 특정 오류 메시지나 동작이 발생하는 경우 보다 효과적으로 도움을 드릴 수 있도록 자세한 내용을 제공해 주시기 바랍니다. 안심해 주세요. 저는 고객님이 이 상황을 헤쳐나가고 적절한 해결 방법을 찾을 수 있도록 도와드리기 위해 왔습니다."
BL,보조 배송 주소를 설정하는 중에 문제가 발생했습니다,배송지,배송지 설정,"보조 배송 주소 설정에 어려움을 겪고 계신 것으로 알고 있습니다. 도와드리겠습니다. 보조 배송 주소가 올바르게 설정되었는지 확인하려면 다음 단계를 따르세요. 1. 고객님의 계정에 로그인하십시오. 2. '내 계정' 또는 '프로필' 섹션으로 이동하세요. 3. '배송 주소' 또는 이와 유사한 옵션을 찾으십시오. 4. '새 주소 추가' 또는 '배송 주소 편집' 옵션을 선택하세요. 5. 제공된 필드에 보조 배송 주소의 세부정보를 입력하세요. 6. 입력한 정보가 정확한지 다시 한번 확인하세요. 7. 변경 사항을 저장하여 보조 배송 주소 설정을 완료하세요. 여전히 문제가 발생하거나 절차가 다르게 보이는 경우, 문제가 있는 부분에 대해 보다 구체적인 세부정보를 제공해 주시면 기꺼이 추가 지원을 제공해 드리겠습니다. 고객 만족은 우리에게 중요하며, 저희는 이 문제를 해결하기 위해 함께 노력할 것입니다."
BILP,새로운 배송 주소를 입력할 수 있나요?,배송지,배송지 설정,새 배송 주소를 입력하는 것이 가능한지 궁금하신 것으로 해독되었습니다. 전적으로! 배송 주소를 업데이트하는 것이 편리해졌습니다. 절차를 안내해 드리겠습니다. 1. 고객님의 계정에 로그인하십시오. 2. '내 계정' 또는 '프로필' 섹션으로 이동하세요. 3. '배송 주소' 또는 이와 유사한 옵션을 찾으십시오. 4. '새 주소 추가' 또는 '배송 주소 편집' 옵션을 찾아야 합니다. 그것을 클릭하세요. 5. 제공된 필드에 새 배송 주소에 필요한 세부 정보를 입력하세요. 6. 변경 사항을 저장하는 것을 잊지 마십시오. 문제가 발생하거나 추가 질문이 있는 경우 알려주시기 바랍니다. 저는 모든 단계에서 고객님을 돕기 위해 여기 있습니다.
BLQZ,내 배달 주소를 제출해야 해요,배송지,배송지 설정,"배송 주소를 제출해야 한다는 사실을 확인했으며, 절차를 안내해 드리겠습니다. 다음 단계를 따라 주세요. 1. 계정에 로그인하거나 아직 계정이 없다면 새 계정을 만드세요. 2. '내 계정' 또는 '프로필' 섹션으로 이동합니다. 3. '배송 주소' 또는 이와 유사한 옵션을 찾으십시오. 4. '새 주소 추가' 또는 '배송 주소 편집'을 클릭하세요. 5. 수취인의 이름, 거리 주소, 도시, 주, 우편번호 등 배송 주소에 필요한 세부 정보를 입력하세요. 6. 입력한 정보가 정확한지 다시 한 번 확인한 후 '제출' 또는 '저장'을 클릭하여 절차를 완료하세요. 이 과정에서 문제가 발생하거나 특정 질문이 있는 경우 주저하지 말고 문의해 주세요. 저는 고객님께 필요한 도움을 제공하기 위해 여기 있습니다."
BCLQZ,배송 주소를 입력해야 해요 도와주세요,배송지,배송지 설정,배송 주소 입력의 긴급성과 중요성을 이해하고 있으며 즉시 도움을 드리겠습니다. 이 문제를 함께 해결해 봅시다: 1. 고객님의 계정에 로그인하여 시작하십시오. 2. '내 계정' 또는 '프로필' 섹션으로 이동하세요. 3. '배송 주소' 또는 이와 유사한 옵션을 찾으십시오. 4. '새 주소 추가' 또는 '배송 주소 편집'을 선택하여 계속 진행하세요. 5. 제공된 필드에 배송 주소에 필요한 세부 정보를 입력하세요. 6. 입력한 정보가 정확한지 다시 한번 확인하세요. 7. 변경 사항을 저장하여 절차를 마무리합니다. 어떤 단계에서든 어려움이 있거나 추가 안내가 필요한 경우 주저하지 말고 알려주시기 바랍니다. 고객님의 배송 주소가 원활하고 성공적으로 입력될 수 있도록 도와드리게 되어 기쁘게 생각합니다.
BL,새 배송 주소를 제출해야 해요,배송지,배송지 설정,"새 배송 주소를 제출하기 위해 연락해 주셔서 감사합니다. 저는 정확하고 시기적절한 배송을 보장하는 것이 중요하다는 것을 이해합니다. 이 문제를 함께 해결해 봅시다: 1. 고객님의 계정에 접속하여 ""배송 주소"" 또는 이와 유사한 섹션으로 이동하십시오. 2. 주소를 추가하거나 편집할 수 있는 옵션을 찾으십시오. 3. 수취인의 이름, 거리 주소, 도시, 주, 우편번호 및 기타 필수 정보를 포함하여 새 배송 주소에 필요한 세부 정보를 입력하세요. 4. 잠재적인 배송 문제를 방지하기 위해 모든 정보가 정확한지 다시 확인하세요. 5. 변경 사항을 저장합니다. 새 배송 주소를 제출하는 동안 문제가 발생할 경우 문제에 대한 보다 구체적인 세부정보를 제공해 주시면 기꺼이 도와드리겠습니다. 고객 만족이 저희의 최우선 사항이며 고객님을 위한 원활한 절차를 보장하기 위해 왔습니다."
BL,보조 배송 주소를 입력해야 합니다.,배송지,배송지 설정,보조 배송 주소를 추가하려고 하시는 것 같습니다. 저는 고객님께 절차를 안내하고 원활하게 수행할 수 있도록 하려고 왔습니다. 보조 배송 주소를 입력하려면 다음 단계를 따르세요. 1. 고객님의 계정에 로그인하십시오. 2. '내 계정' 또는 '프로필' 섹션으로 이동하세요. 3. '배송 주소' 또는 이와 유사한 옵션을 찾으십시오. 4. '새 주소 추가' 또는 '배송 주소 편집' 옵션을 선택하세요. 5. 보조 배송 주소를 포함하여 필수 세부정보를 입력하세요. 6. 모든 정보가 정확한지 확인하세요. 7. 변경 사항을 저장합니다. 어려움이 있거나 절차가 다르게 나타저는 경우 문제가 있는 부분에 대해 자세한 내용을 제공해 주시면 기꺼이 도와드리겠습니다. 고객 만족은 나의 최우선 순위입니다!
BLW,빌어먹을 보조 배송 주소를 입력하는 데 도움이 필요합니다,배송지,배송지 설정,"보조 배송 주소를 입력하는 데 도움이 필요하다는 사실을 알게 되었습니다. 불편을 끼쳐 드려 죄송합니다. 이 문제를 함께 해결해 봅시다. 시작하려면 계정에 로그인되어 있는지 확인하세요. 그런 다음 '내 계정' 또는 '프로필' 섹션으로 이동하세요. 이 섹션에서 '배송 주소' 또는 유사한 용어와 관련된 옵션을 찾으십시오. 여기에서 '새 주소 추가' 또는 '배송 주소 편집' 옵션을 찾을 수 있습니다. 이 옵션을 선택하면 보조 배송 주소 세부 정보를 입력할 수 있는 양식이 나타납니다. 거리 주소, 도시, 주, 우편번호, 국가 등 필수 항목을 모두 입력했는지 확인하세요. 저장하기 전에 입력한 정보가 정확한지 다시 한번 확인하세요. 특정 오류 메시지가 표시되거나 추가 어려움이 있는 경우 보다 효과적으로 도움을 드릴 수 있도록 추가 세부정보를 제공해 주시기 바랍니다."
BL,새 배송 주소를 입력하는 중에 문제가 발생했습니다,배송지,배송지 설정,새 배송 주소를 입력하는 중에 문제가 발생하는 것으로 확인되어 도움을 드리고자 합니다. 이 문제를 해결하려면 다음 단계를 시도해 보세요. 1. 고객님의 계정에 로그인되어 있는지 확인하십시오. 2. '내 계정' 또는 '프로필' 섹션으로 이동하세요. 3. '배송 주소' 또는 이와 유사한 옵션을 찾으십시오. 4. '새 주소 추가' 또는 '배송 주소 편집' 옵션을 선택하십시오. 5. 제공된 필드에 새 배송 주소의 세부 정보를 주의 깊게 입력하세요. 6. 입력된 정보가 정확한지 다시 한번 확인하세요. 7. 변경 사항을 저장하고 문제가 지속되는지 확인합니다. 이 단계를 수행한 후에도 여전히 문제가 발생하는 경우 발생한 문제에 대해 보다 구체적인 세부정보를 제공해 주세요. 오류 메시지가 표시됩니까? 페이지가 응답하지 않습니까? 이러한 세부정보를 통해 더욱 효과적으로 도움을 드릴 수 있습니다. 기억하세요. 저는 고객님이 길을 가면서 마주칠 수 있는 모든 장애물을 헤쳐나가는 데 도움을 주기 위해 여기 있다는 것을 기억하세요.
BL,보조 배송 주소를 입력하는 중에 오류가 발생했습니다.,배송지,배송지 설정,"보조 배송 주소를 입력하는 동안 불편을 끼쳐드려 죄송합니다. 저는 이것이 초래했을 수 있는 좌절감을 이해합니다. 이 문제를 해결하기 위해 함께 노력합시다. 다음은 오류 문제를 해결하기 위해 취할 수 있는 몇 가지 단계입니다. 1. 입력하는 정보가 정확한지 다시 한번 확인하여 모든 필수 필드가 올바르게 입력되었는지 확인하세요. 2. 페이지를 새로 고치고 주소를 다시 입력해 보세요. 때로는 간단한 새로 고침으로 일시적인 결함을 해결할 수 있습니다. 3. 브라우저의 캐시와 쿠키를 지운 다음 주소를 다시 입력해 보세요. 이렇게 하면 충돌을 일으킬 수 있는 캐시된 데이터를 제거하는 데 도움이 될 수 있습니다. 4. 오류가 지속되면 다른 브라우저나 장치를 사용해 문제가 이전에 사용했던 것과 관련된 것인지 확인하십시오. 5. 위의 해결 방법 중 어느 것도 효과가 없으면 고객 지원팀에 문의하세요. 그들은 고객님의 계정에 액세스하여 오류를 조사하고 고객님께 맞춤형 지원을 제공할 수 있습니다. 저희는 원활한 배송 주소 입력 절차의 중요성을 이해하고 있으며, 이 문제를 최대한 빨리 해결할 수 있도록 최선을 다하고 있습니다."
BL,보조 배송 주소 제출 문제,배송지,배송지 설정,보조 배송 주소 제출 문제로 불편을 끼쳐드려 죄송합니다. 이 문제를 해결하기 위해 함께 노력합시다. 할 수 있는 작업은 다음과 같습니다. 1. 배송 주소 양식의 모든 필드를 다시 확인하여 올바른 정보를 입력했는지 확인하세요. 누락되었을 수 있는 필수 필드에 주의하세요. 2. 브라우저 캐시와 쿠키를 지운 다음 주소를 다시 제출해 보세요. 때로는 캐시 관련 문제로 인해 양식 제출에 문제가 발생할 수 있습니다. 3. 모바일 장치를 사용하는 경우 다른 브라우저로 전환하거나 데스크톱 컴퓨터를 사용하여 주소를 제출해 보세요. 이는 호환성 문제를 배제하는 데 도움이 될 수 있습니다. 4. 추가 지원이 필요하면 고객 지원팀에 문의하세요. 문제를 보다 효과적으로 해결하는 데 도움이 되는 추가 도구와 리소스에 액세스할 수 있습니다. 기억하세요. 저는 고객님의 모든 단계를 지원하기 위해 여기 있습니다. 제가 도와드릴 수 있는 것이 더 있으면 알려주세요!
B,새 배송 주소를 설정하는 데 도움이 필요합니다.,배송지,배송지 설정,"새 배송 주소 설정에 대한 도움 요청을 들었습니다. 고객님께서 저희에게 연락해 주셔서 감사합니다. 기꺼이 그 과정을 안내해 드리겠습니다. 새 배송 주소를 설정하려면 다음 단계를 따르세요. 1. 아직 로그인하지 않았다면 계정에 로그인하세요. 2. 계정 설정 또는 프로필 섹션으로 이동합니다. 3. ""배송 주소"" 또는 이와 유사한 옵션을 찾으십시오. 4. 해당 옵션을 클릭하여 주소에 액세스하세요. 5. 새 주소를 추가하거나 새 배송 주소를 만드는 옵션을 선택하세요. 6. 수취인 이름, 거리 주소, 도시, 주, 우편번호 및 기타 필수 필드를 포함하여 필요한 세부 정보를 입력합니다. 7. 정보가 정확한지 다시 확인하세요. 8. 새 배송 주소를 저장하세요. 도중에 문제가 발생하거나 추가 문의사항이 있으면 언제든지 알려주시기 바랍니다. 저는 고객님의 경험이 원활하고 효율적으로 진행되도록 하기 위해 여기에 있습니다."
BL,배송지 주소를 설정하려면 어떻게 해야 하는지 모르겠습니다.,배송지,배송지 설정,"배송 주소를 설정하는 단계에 대해 잘 모르신다는 점을 인정합니다. 절차를 안내해 드리겠습니다. 1. 당사 웹사이트에서 고객님의 계정에 로그인하십시오. 2. '내 계정' 또는 '프로필' 섹션으로 이동하세요. 3. '배송 주소' 또는 이와 유사한 옵션을 찾으십시오. 4. '새 주소 추가' 또는 '배송 주소 편집'을 선택합니다. 5. 거리, 도시, 주, 우편번호 등 배송 주소에 필요한 세부 정보를 입력하세요. 6. 모든 정보가 정확한지 다시 확인하세요. 7. 변경 사항을 저장합니다. 절차 중에 문제가 발생하거나 추가 지원이 필요한 경우 알려주시기 바랍니다. 저는 도와주러 왔습니다!"
BL,다른 배송 주소를 입력하는 데 도움을 주세요,배송지,배송지 설정,"다른 배송 주소를 입력하는 데 도움이 필요하신 것으로 확인되었습니다. 저는 도와드리려고 왔습니다. 다른 배송 주소를 입력하려면 다음 단계를 따르세요. 1. 고객님의 계정에 로그인하십시오. 2. ""내 계정"" 또는 ""프로필"" 섹션으로 이동합니다. 3. ""배송 주소"" 또는 이와 유사한 섹션을 찾으십시오. 4. ""새 주소 추가"" 또는 ""배송 주소 편집"" 옵션을 찾으세요. 선택하세요. 5. 제공된 필드에 새 배송 주소의 세부 정보를 입력합니다. 6. 변경 사항을 저장하는 것을 잊지 마십시오. 문제가 발생하거나 절차가 다른 경우, 어려움을 겪고 있는 부분에 대한 자세한 내용을 제공해 주시면 추가 지원을 제공해 드리겠습니다."
BL,새 배송 주소를 제출해야 합니다.,배송지,배송지 설정,"새 배송 주소를 제출해야 하는 긴급한 상황이 있다는 점을 잘 알고 있으며, 처리 과정을 도와드리겠습니다. 방법은 다음과 같습니다. 1. 고객님의 계정에 로그인하십시오. 2. '내 계정' 또는 '프로필' 섹션으로 이동하세요. 3. '배송 주소' 또는 이와 유사한 옵션을 찾으십시오. 4. '새 주소 추가' 또는 '배송 주소 편집' 옵션을 선택하세요. 5. 제공된 필드에 새 배송 주소에 필요한 세부 정보를 입력합니다. 6. 정보가 정확한지 다시 확인하세요. 7. 변경 사항을 저장합니다. 문제가 발생하거나 추가 지원이 필요한 경우 언제든지 알려주시기 바랍니다."
BL,보조 배송 주소를 제출하는 데 도움이 됩니다,배송지,배송지 설정,"물론입니다. 보조 배송 주소를 제출하실 수 있도록 기꺼이 도와드리겠습니다. 따를 수 있는 단계는 다음과 같습니다. 1. 당사 웹사이트나 앱에서 고객님의 계정에 로그인하세요. 2. ""내 계정"" 또는 ""프로필"" 섹션으로 이동합니다. 3. ""배송 주소"" 또는 유사한 옵션을 찾으십시오. 4. ""새 주소 추가"" 또는 ""배송 주소 편집"" 버튼을 선택하십시오. 5. 필수 입력란에 보조 배송 주소 세부정보를 입력하세요. 6. 정보가 정확한지 다시 확인하세요. 7. ""제출"" 또는 ""저장"" 버튼을 클릭하여 변경 사항을 저장하세요. 문제가 발생하거나 추가 질문이 있는 경우 언제든지 알려주시기 바랍니다. 저는 모든 단계에서 고객님을 돕기 위해 여기 있습니다!"
BL,새 배송 주소를 제출해야 합니다,배송지,배송지 설정,"바로 처리하겠습니다! 새 배송 주소를 제출해야 한다는 사실을 확인했습니다. 이 절차가 원활하게 진행되도록 함께 노력하겠습니다. 단계별 가이드는 다음과 같습니다. 1. 당사 웹사이트에서 고객님의 계정에 로그인하십시오. 2. ""내 계정"" 또는 ""프로필"" 섹션으로 이동합니다. 3. ""배송 주소"" 또는 이와 유사한 옵션을 찾으십시오. 4. ""새 주소 추가"" 또는 ""배송 주소 편집"" 옵션을 선택합니다. 5. 새 배송 주소의 세부정보를 필수 입력란에 입력하세요. 6. 입력된 정보가 정확한지 다시 한번 확인하세요. 7. 변경 사항을 저장합니다. 새 배송 주소를 제출하는 동안 어려움을 겪거나 궁금한 점이 있으면 언제든지 알려주시기 바랍니다. 고객님의 배송 주소가 성공적으로 업데이트되었는지 확인하고 도와드리기 위해 왔습니다."
BLQ,배송지 주소를 설정하려고 하는데,배송지,배송지 설정,"배송 주소 설정에 노력해 주셔서 감사합니다. 원활하게 완료될 수 있도록 함께 노력하겠습니다. 다음은 고객님을 돕기 위한 단계별 가이드입니다. 1. 당사 웹사이트에서 고객님의 계정에 로그인하십시오. 2. '내 계정' 또는 '프로필' 섹션으로 이동하세요. 3. '배송 주소' 또는 이와 유사한 옵션을 찾으십시오. 4. 인터페이스에 따라 '새 주소 추가' 또는 '배송 주소 편집' 옵션을 찾을 수 있습니다. 그것을 클릭하세요. 5. 수취인 이름, 거리 주소, 도시, 주, 우편번호 등 배송 주소에 필요한 세부 정보를 입력하세요. 6. 입력한 정보가 정확한지 다시 한번 확인하세요. 7. 변경 사항을 저장합니다. 이 과정에서 문제가 발생하거나 제가 제공한 단계가 인터페이스와 일치하지 않는 경우, 주저하지 말고 알려주시기 바랍니다. 저는 모든 단계에서 고객님을 지원하기 위해 여기 있습니다."
BIL,새 배송 주소는 어디에 제출하나요?,배송지,배송지 설정,"새 배송 주소를 제출할 위치에 대한 정보를 찾고 계시는 상황에 공감합니다. 정확한 지침을 제공하려면 배송에 사용 중인 플랫폼이나 서비스에 대해 좀 더 자세한 정보가 필요합니다. 당사 웹사이트나 앱을 사용하는 경우 일반적으로 다음 단계에 따라 새 배송 주소를 제출할 수 있습니다. 1. 고객님의 계정에 로그인하십시오. 2. ""내 계정"" 또는 ""프로필"" 섹션으로 이동합니다. 3. ""배송 주소"" 또는 유사한 옵션을 찾으십시오. 4. ""새 주소 추가"" 또는 ""배송 주소 편집""을 클릭하세요. 5. 해당 필드에 새 배송 주소의 세부 정보를 입력합니다. 6. 변경 사항을 저장합니다. 그러나 다른 플랫폼이나 서비스를 사용하는 경우 단계가 다를 수 있습니다. 사용 중인 플랫폼이나 서비스를 알려주시면 보다 구체적인 지침을 제공해 드릴 수 있습니다."
BEL,배송지 주소를 어떻게 설정하는지 모르겠습니다,배송지,배송지 설정,"배송 주소 설정에 대한 도움을 위해 저희에게 연락해 주셔서 감사합니다. 저는 고객님께 그 과정을 안내하기 위해 왔습니다. 배송 주소를 설정하려면 다음 단계를 따르세요. 1. 당사 웹사이트에서 고객님의 계정에 로그인하십시오. 2. 계정 설정 또는 프로필로 이동합니다. 3. ""배송 주소"" 또는 이와 유사한 옵션을 찾으십시오. 4. 새 배송 주소를 추가하려면 해당 옵션을 클릭하세요. 5. 이름, 주소, 전화번호, 기타 필수 정보를 포함하여 필수 항목을 모두 입력하세요. 6. 모든 세부 정보를 입력한 후 ""저장"" 또는 ""제출"" 버튼을 클릭하여 새 배송 주소를 저장하세요. 배송 주소를 설정하는 동안 문제가 발생하거나 질문이 있는 경우 언제든지 알려주시기 바랍니다. 저는 고객님이 우리와 함께 원활한 경험을 할 수 있도록 돕고자 왔습니다."
BILQ,보조 배송 주소를 설정하는 방법,배송지,배송지 설정,"물론이죠! 보조 배송 주소 설정에 대한 단계별 안내를 제공해 드리겠습니다. 다음 지침을 따라 주세요. 1. 당사 웹사이트 또는 모바일 앱에서 고객님의 계정에 로그인하십시오. 2. '내 계정' 또는 '프로필' 섹션으로 이동하세요. 3. '배송 주소' 또는 유사한 탭을 찾으십시오. 4. '새 주소 추가' 또는 '배송 주소 편집' 옵션이 있어야 합니다. 선택하세요. 5. 수취인의 이름, 주소, 연락처 및 기타 필수 정보를 포함하여 보조 배송 주소의 세부 정보를 입력하세요. 6. 필요한 세부정보를 모두 입력한 후 정보가 정확한지 검토하세요. 7. 변경 사항을 저장하면 보조 배송 주소가 성공적으로 설정됩니다. 문제가 발생하거나 추가 지원이 필요한 경우 언제든지 알려주시기 바랍니다. 저는 도와주러 왔습니다!"
BLQ,배송지 주소 입력하는 방법을 모르겠어요,배송지,배송지 설정,"배송지 입력 방법에 대해 잘 모르시는 현실을 인지하고 있습니다. 절차를 안내해 드리겠습니다. 1. 고객님의 계정에 로그인하십시오. 2. '내 계정' 또는 '프로필' 섹션을 찾으세요. 3. ""배송 주소"" 또는 유사한 옵션을 찾으십시오. 4. ""새 주소 추가"" 또는 ""배송 주소 편집""을 클릭하세요. 5. 거리, 도시, 주, 우편번호 등 배송 주소에 필요한 세부 정보를 입력하세요. 6. 입력된 정보가 정확한지 다시 한번 확인해 주세요. 7. 변경 사항을 저장합니다. 특정 문제가 발생하거나 추가 지원이 필요한 경우 자세한 내용을 제공해 주시면 문제 해결을 도와드리겠습니다."
BLQ,보조 배송 주소를 어떻게 제출할 수 있는지 모르겠습니다,배송지,배송지 설정,"보조 배송 주소를 제출하는 방법을 잘 모르시는 것으로 확인되어 절차를 안내해 드리겠습니다. 보조 배송 주소를 제출하려면 다음 단계를 따르세요. 1. 당사 웹사이트에서 고객님의 계정에 로그인하십시오. 2. ""내 계정"" 또는 ""프로필"" 섹션으로 이동합니다. 3. ""배송 주소"" 또는 유사한 옵션을 찾으십시오. 4. 배송 주소 섹션에서 ""새 주소 추가"" 또는 ""배송 주소 편집"" 옵션을 찾으세요. 5. 수취인의 이름, 주소, 도시, 주, 우편번호 등 보조 배송 주소에 필요한 세부 정보를 입력합니다. 6. 제출하기 전에 정보의 정확성을 다시 한 번 확인하세요. 7. 필요한 정보를 모두 입력한 후 ""저장"" 또는 ""제출"" 버튼을 찾아 절차를 완료하세요. 문제가 발생하거나 절차가 다르게 나타저는 경우 추가 지원을 제공할 수 있도록 자세한 내용을 제공해 주시기 바랍니다. 고객 만족은 우리에게 중요하며 고객님이 보조 배송 주소를 성공적으로 제출할 수 있도록 도와드립니다."
BL,보조 배송 주소 설정 지원,배송지,배송지 설정,"보조 배송 주소를 설정하는 데 지침이 필요하다는 점을 인정하며 이 과정을 도와드리겠습니다. 원활한 경험을 보장하기 위해 함께 노력합시다. 1. 계정에 로그인하여 시작하세요. 2. 주소 세부정보를 관리할 수 있는 '내 계정' 또는 '프로필' 섹션을 찾으세요. 3. 해당 섹션에서 '배송 주소' 또는 이와 유사한 옵션을 찾으십시오. 4. 플랫폼에 따라 '새 주소 추가' 또는 '배송 주소 편집' 옵션이 있어야 합니다. 선택하세요. 5. 수취인 이름, 주소, 연락처 등 필수 정보를 입력하세요. 6. 세부정보를 정확하게 입력한 후 변경 사항을 저장합니다. 도중에 어려움이 있거나 특정 플랫폼에 따라 절차가 다를 경우 직면한 문제에 대한 자세한 정보를 제공해 주시기 바랍니다. 저는 고객님께 추가 지침을 제공하고 고객님이 보조 배송 주소를 성공적으로 설정했는지 확인하기 위해 왔습니다."
BLZ,배송 주소를 설정하는 문제가 발생했습니다,배송지,배송지 설정,"배송지 설정 과정에서 불편을 드려 죄송합니다. 이 문제를 해결하기 위해 함께 노력합시다. 우리가 할 수 있는 일은 다음과 같습니다: 1. 필드를 다시 확인하십시오. 이름, 주소, 도시, 주 및 우편번호를 포함하여 모든 필수 정보를 올바르게 입력했는지 확인하십시오. 누락되거나 잘못된 정보를 나타낼 수 있는 오류 메시지나 프롬프트에 주의하세요. 2. 브라우저 캐시 지우기: 때때로 브라우저 캐시가 웹사이트 기능을 방해할 수 있습니다. 캐시를 지우면 기술적 결함을 해결하는 데 도움이 될 수 있습니다. 방법은 다음과 같습니다. - Chrome의 경우: 설정 > 개인 정보 보호 및 보안 > 인터넷 사용 기록 삭제로 이동하세요. - Firefox의 경우: 옵션 > 개인 정보 보호 및 보안 > 쿠키 및 사이트 데이터 > 데이터 지우기로 이동합니다. - Safari의 경우: Safari > 기본 설정 > 개인 정보 보호 > 웹 사이트 데이터 관리 > 모두 제거로 이동합니다. 3. 다른 장치나 브라우저를 사용해 보십시오. 때때로 특정 장치나 브라우저와 당사 웹사이트 간에 호환성 문제가 발생할 수 있습니다. 다른 장치나 브라우저로 전환하면 이 문제를 해결하는 데 도움이 될 수 있습니다. 4. 지원팀에 문의하세요. 위의 단계 중 어느 것도 효과가 없으면 지원팀에서 추가 지원을 해드립니다. 그들은 고객님이 직면한 특정 문제를 조사하고 맞춤형 솔루션을 제공할 수 있습니다. 이러한 단계가 문제 해결에 도움이 되었는지 알려주시기 바랍니다. 저희는 고객님의 배송 주소가 번거로움 없이 설정되도록 최선을 다하고 있습니다."
BLQ,다른 배송 주소를 입력하는 데 도움이 필요해요,배송지,배송지 설정,다른 배송 주소를 입력하는 데 도움이 필요하신 것으로 확인됩니다. 이 문제를 해결하기 위해 함께 노력합시다. 따를 수 있는 단계는 다음과 같습니다. 1. 고객님의 계정에 로그인하십시오. 2. '내 계정' 또는 '프로필' 섹션으로 이동하세요. 3. '배송 주소' 또는 이와 유사한 옵션을 찾으십시오. 4. '새 주소 추가' 또는 '배송 주소 편집' 옵션이 표시됩니다. 해당 옵션을 선택하세요. 5. 제공된 필드에 새 배송 주소의 세부 정보를 입력합니다. 6. 변경 사항을 저장합니다. 어려움이 있거나 절차가 다르게 나타저는 경우 문제가 발생한 부분에 대한 보다 구체적인 세부정보를 제공해 주시기 바랍니다. 이렇게 하면 제가 고객님을 더욱 효과적으로 지원하고 고객님이 새 배송 주소를 성공적으로 입력할 수 있도록 도와드릴 것입니다.
BLM,배송지 주소 설정 문제,배송지,배송지 설정,"배송 주소를 설정하는 중에 문제가 발생하고 있는 것으로 알고 있습니다. 이 문제를 해결하기 위해 함께 노력합시다. 시도해 볼 수 있는 몇 가지 문제 해결 단계는 다음과 같습니다. 1. 입력하는 정보를 다시 확인하세요. 거리 이름, 우편번호, 아파트 호수 등 모든 세부정보가 정확하고 형식이 올바른지 확인하세요. 2. 브라우저 캐시 지우기: 때때로 저장된 데이터가 주소 입력 절차를 방해할 수 있습니다. 브라우저 캐시를 지우면 근본적인 문제를 해결하는 데 도움이 될 수 있습니다. 3. 다른 브라우저나 장치를 사용해 보십시오. 현재 겪고 있는 문제는 사용 중인 브라우저나 장치에 따라 다를 수 있습니다. 다른 브라우저나 장치로 전환하면 이러한 경우인지 판단하는 데 도움이 될 수 있습니다. 4. 고객 지원팀에 문의하세요. 위 단계를 시도한 후에도 문제가 지속되면 전담 고객 지원팀에서 추가 지원을 제공해 드릴 것입니다. [고객센터전화번호]로 헬프라인에 전화하거나 당사 웹사이트 [웹사이트/메뉴]의 라이브 채팅을 통해 그들에게 연락할 수 있습니다. 저희는 모든 고객에게 원활하고 즐거운 경험을 보장하기 위해 최선을 다하고 있음을 기억하십시오. 이 문제를 알려주셔서 감사드리며, 문제를 해결하기 위해 함께 노력하는 동안 양해해 주셔서 감사합니다."
BCIL,배송지 주소를 제출해야 하는데 도와주실 수 있나요?,배송지,배송지 설정,배송 주소를 제출하는 데 도움을 드리고자 왔습니다. 안심해 주세요. 저희는 원활한 절차를 보장하기 위해 함께 노력할 것입니다. 이 문제를 해결하는 데 도움이 되도록 자세한 내용을 알려주시겠어요? 배송 주소를 제출하는 동안 특정 문제가 발생하거나 오류 메시지가 표시됩니까? 고객님의 상황을 더 잘 이해하게 되면 가장 정확한 지침과 지원을 제공할 수 있을 것입니다.
BEL,다른 배송 주소를 제출하는 방법을 모르겠습니다.,배송지,배송지 설정,다른 배송 주소를 제출하는 것과 관련해 혼란을 겪고 계신 점 이해합니다. 절차를 안내해 드리겠습니다. 1. 고객님의 계정에 로그인하여 시작하십시오. 2. '배송 주소' 또는 '배송 주소' 섹션으로 이동합니다. 3. 배송 주소를 '추가' 또는 '수정'하는 옵션을 찾으세요. 4. 새 배송 주소의 세부정보를 필수 입력란에 입력하세요. 5. 제공된 정보의 정확성을 다시 한번 확인하세요. 6. 다른 배송 주소를 성공적으로 제출하려면 변경 사항을 저장하세요. 새 배송 주소를 제출하는 데 어려움이 있거나 추가 지원이 필요한 경우 언제든지 알려주시기 바랍니다. 저는 도와주러 왔습니다!
BL,배송지 주소 입력에 도움이 필요합니다,배송지,배송지 설정,"배송 주소를 입력하는 데 도움이 필요하다는 것을 깨달았습니다. 배송 주소 설정은 주문이 성공적으로 배송되기 위한 필수 단계입니다. 다음은 절차에 도움이 되는 간단한 가이드입니다. 1. 고객님의 계정에 로그인하십시오. 2. '내 계정' 섹션으로 이동합니다. 3. '배송 주소' 또는 이와 유사한 옵션을 찾으십시오. 4. '새 주소 추가' 또는 주소 추가 관련 버튼을 클릭하세요. 5. 거리, 도시, 주, 우편번호를 포함한 배송 주소 세부정보를 필수 필드에 입력하세요. 6. 제공한 정보가 정확한지 다시 확인하세요. 7. 주소를 저장하여 설정 과정을 완료하세요. 문제가 발생하거나 단계를 진행하는 데 어려움을 겪는 경우 주저하지 말고 알려주시기 바랍니다. 저는 고객님을 도와드리고 고객님의 배송 주소가 제대로 입력되었는지 확인하기 위해 왔습니다."
BCILQW,빌어먹을 배송지 주소를 설정해야 하는데 어떻게 해야 해?,배송지,배송지 설정,"저는 고객님이 내려놓은 것, 배송 주소를 설정하려고 할 때 좌절감을 느끼는 것을 집어들고 있습니다. 저는 고객님이 이 과정을 진행하는 데 도움을 드리고자 왔습니다. 따를 수 있는 단계는 다음과 같습니다. 1. 당사 웹사이트에서 고객님의 계정에 로그인하십시오. 2. 일반적으로 페이지 오른쪽 상단에 있는 ""내 계정"" 또는 ""프로필"" 섹션으로 이동합니다. 3. ""배송 주소"" 또는 이와 유사한 옵션을 찾으십시오. 4. 이를 클릭하면 배송 주소 설정에 액세스할 수 있습니다. 5. 배송 주소 설정에 ""새 주소 추가"" 또는 ""배송 주소 편집"" 옵션이 표시됩니다. 선택하세요. 6. 거리 주소, 도시, 주, 우편번호, 국가 등 보조 배송 주소 세부정보로 필수 필드를 입력합니다. 7. 입력한 정보가 정확한지 다시 한번 확인하세요. 8. 변경 사항을 저장합니다. 진행 과정에서 어려움이 있거나 추가 문의사항이 있으면 언제든지 알려 주시기 바랍니다. 추가 지원을 제공해 드리겠습니다."
BL,다른 배송 주소를 설정하는 데 도움,배송지,배송지 설정,다른 배송지 설정으로 인해 불편을 끼쳐드려 죄송합니다. 저는 정확하고 업데이트된 배송 정보를 갖는 것이 얼마나 중요한지 이해합니다. 추가 지원을 위해 새 배송 주소를 설정하는 동안 발생한 특정 문제에 대한 자세한 내용을 제공해 주시겠습니까? 이렇게 하면 문제를 더 잘 이해하고 가장 효과적인 솔루션을 제공하는 데 도움이 됩니다. 이 문제를 해결하는 데 있어 고객님의 인내심과 협조에 감사드립니다.
BL,새 배송 주소를 설정할 수 없습니다.,배송지,배송지 설정,"새 배송 주소를 설정하는 데 어려움을 겪고 계신 것으로 알고 있으며, 이 문제를 해결하는 데 도움을 드리고자 합니다. 문제를 함께 해결해 봅시다: 1. 먼저 당사 웹사이트에서 고객님의 계정에 로그인되어 있는지 확인하십시오. 2. 일반적으로 페이지 오른쪽 상단에 있는 ""내 계정"" 또는 ""프로필"" 섹션으로 이동합니다. 3. '배송지 주소', '배송 정보', '주소록' 등 주소 관리와 관련된 옵션을 찾아보세요. 4. 해당 옵션을 클릭하여 주소 관리 페이지에 접속하세요. 5. 기본 배송 주소가 이미 설정되어 있는 경우 보조 주소를 추가하거나 편집할 수 있는 옵션이 있는지 확인하세요. 6. 해당 옵션을 클릭하여 새 배송 주소의 세부 정보를 입력하세요. 모든 필수 정보를 정확하게 제공했는지 확인하세요. 7. 오류가 발생하거나 절차가 예상대로 작동하지 않는 경우 브라우저 캐시 및 쿠키를 삭제하거나 다른 브라우저를 통해 웹사이트에 접속해 보십시오. 8. 문제가 지속되면 [고객센터전화번호]로 전화하거나 당사 웹사이트 [웹사이트/메뉴]의 라이브 채팅 기능을 사용하여 고객 지원팀에 문의하세요. 저는 이 과정 전반에 걸쳐 고객님을 지원하기 위해 여기 있다는 것을 기억하십시오. 현재 겪고 있는 특정 문제에 대해 추가 세부정보를 제공해 주시면 추가 지원을 위해 최선을 다하겠습니다."
BIL,보조 배송 주소를 제출하는 방법은 무엇입니까?,배송지,배송지 설정,"물론, 저는 고객님의 보조 배송 주소 제출을 도와드리기 위해 왔습니다. 보조 주소를 추가하려면 다음 단계를 따르세요. 1. 고객님의 계정에 로그인하십시오. 2. 프로필 또는 계정 설정으로 이동합니다. 3. ""배송 주소"" 또는 이와 유사한 섹션을 찾으십시오. 4. ""새 주소 추가"" 또는 ""배송 주소 편집"" 옵션을 선택합니다. 5. 거리 이름, 도시, 주, 우편번호 및 요청된 추가 정보 등 보조 배송 주소에 필요한 세부 정보를 입력하세요. 6. 입력된 세부정보가 정확한지 다시 확인하고 필요한 경우 수정합니다. 7. 정보가 정확하다고 확신하면 변경 사항을 저장합니다. 절차 중에 문제가 발생하거나 계정 설정이 다른 경우 문제가 발생한 위치에 대한 자세한 정보를 제공해 주시면 추가 지원을 해 드리겠습니다."
BILQ,배송 주소를 설정하려면 어떻게 해야 하나요?,배송지,배송지 설정,"바로 처리하겠습니다! 배송 주소 설정을 도와드릴 수 있습니다. 진행 방법은 다음과 같습니다. 1. 고객님의 계정에 로그인하십시오. 2. '내 계정' 또는 '프로필' 섹션으로 이동하세요. 3. '배송 주소' 또는 이와 유사한 섹션을 찾으십시오. 4. 해당 섹션 내에서 '새 주소 추가' 또는 '배송 주소 편집' 옵션을 찾으세요. 5. 수취인 이름, 거리 주소, 도시, 주, 우편번호 등 새 배송 주소의 세부정보를 필수 필드에 입력하세요. 6. 입력된 정보가 정확한지 확인하세요. 7. 변경 사항을 저장합니다. 절차 중에 문제가 발생하거나 추가 지원이 필요한 경우 언제든지 알려주시기 바랍니다. 저희는 고객님께 필요한 지원을 제공해 드리겠습니다!"
BILP,다른 배송 주소를 어디에 제출할 수 있나요?,배송지,배송지 설정,다른 배송 주소를 제출할 위치에 대한 정보를 찾고 계시다는 점을 확인했습니다. 배송 주소를 업데이트하려면 다음 단계를 따르세요. 1. 당사 웹사이트에서 고객님의 계정에 로그인하십시오. 2. '계정' 또는 '프로필' 섹션으로 이동합니다. 3. '배송 주소' 또는 이와 유사한 옵션을 찾으십시오. 4. '새 주소 추가' 또는 '배송 주소 편집' 옵션이 있어야 합니다. 선택하세요. 5. 제공된 필드에 새 배송 주소의 세부 정보를 입력하세요. 6. 변경 사항을 저장합니다. 여전히 문제가 발생하거나 절차가 다르게 보이는 경우 문제가 발생한 부분에 대한 자세한 내용을 제공해 주시면 기꺼이 도와드리겠습니다.
BLQZ,내 보조 배송 주소를 설정하는 데 도움이 필요합니다,배송지,배송지 설정,"고객님께서 보조 배송 주소를 설정하는 데 도움을 원하신다는 점을 이해하고 있으며, 제가 도와드리겠습니다. 이로 인해 고객님께 혼란과 좌절을 안겨드린 점 사과드립니다. 보조 배송 주소를 설정하려면 다음 단계를 따르세요. 1. 고객님의 계정에 로그인하십시오. 2. '내 계정' 또는 '프로필' 섹션으로 이동하세요. 3. '배송 주소' 또는 이와 유사한 섹션을 찾으십시오. 4. '새 주소 추가' 또는 '배송 주소 편집' 옵션이 있어야 합니다. 선택하세요. 5. 제공된 필드에 보조 배송 주소의 세부 정보를 입력합니다. 6. 변경 사항을 저장합니다. 진행 중에 문제가 발생하거나 궁금한 점이 있으면 언제든지 문의해 주세요. 저는 추가 지침을 제공하고 원활한 경험을 보장하기 위해 왔습니다."
BLWZ,빌어먹을 새 배송 주소를 제출하는 데 도움이 필요해요,배송지,배송지 설정,저도 같은 입장입니다. 새 배송 주소를 제출하는 데 있어서의 좌절감과 긴급함입니다. 저는 고객님을 돕기 위해 여기에 있습니다. 원활한 절차를 보장하려면 다음 단계를 따라 주세요. 1. 고객님의 계정에 로그인하십시오. 2. '내 계정' 또는 '프로필' 섹션으로 이동하세요. 3. '배송 주소' 또는 이와 유사한 옵션을 찾으십시오. 4. '새 주소 추가' 또는 '배송 주소 편집' 옵션을 선택하십시오. 5. 새 배송 주소에 대한 정확한 정보를 필수 필드에 입력하세요. 6. 세부 사항을 다시 확인하여 모든 것이 올바른지 확인하세요. 7. '저장' 또는 '제출'을 클릭하여 제출을 완료하세요. 이 과정에서 어려움을 겪거나 궁금한 점이 있으면 언제든지 알려주시기 바랍니다. 저는 모든 단계에서 고객님을 돕기 위해 여기 있습니다.
BL,배송주소를 어떻게 제출하는지 모르겠어요,배송지,배송지 설정,"배송 주소 제출 방법에 대해 혼란을 겪고 계십니다. 다음 단계를 함께 살펴보겠습니다. 1. 당사 웹사이트에서 고객님의 계정에 로그인하십시오. 2. ""배송"" 또는 ""배송"" 섹션으로 이동합니다. 3. ""새 주소 추가"" 또는 이와 유사한 옵션을 찾으십시오. 4. 해당 옵션을 클릭하여 배송 주소 세부정보를 입력할 수 있는 양식을 엽니다. 5. 주소, 시, 도, 우편번호 등 필수 항목을 입력하세요. 6. 입력한 정보가 정확한지 다시 한번 확인하세요. 7. 세부 정보가 만족스러우면 ""제출"" 또는 ""저장"" 버튼을 클릭하여 배송 주소를 저장하세요. 과정에 어려움이 있거나 특정 질문이 있는 경우, 주저하지 말고 문의해 주세요. 고객님의 배송 주소가 성공적으로 제출되었는지 확인하고 도와드리겠습니다."
BLZ,다른 배송 주소를 제출하는 중에 문제가 발생했습니다.,배송지,배송지 설정,"다른 배송 주소를 제출하려고 할 때 문제가 발생하는 것으로 알고 있습니다. 실망스러울 수 있지만 안심하세요. 해결책을 찾는 데 도움을 드리고 있으니 안심하세요. 이 문제를 해결하려면 다음 단계를 주의 깊게 따라 주세요. 1. 정보를 다시 확인하세요. 거리 이름, 번호, 도시, 주, 우편번호 등 모든 필수 세부정보를 정확하게 입력했는지 확인하세요. 2. 형식 확인: 제출하려는 주소가 필수 형식을 충족하는지 확인하세요. 일반적인 문제로는 아파트 번호 누락, 잘못된 약어 또는 정보 누락 등이 있습니다. 3. 자동 완성 기능: 사용 중인 플랫폼에 자동 완성 기능이 있는 경우 이를 활용하여 입력하는 주소가 인식되고 유효성이 검사되는지 확인하세요. 4. 배송 가능 여부 확인 : 일부 지역은 배송이 제한되거나 배송 서비스가 적용되지 않을 수 있습니다. 선택한 주소가 배송 가능한지 확인하세요. 이 단계를 따른 후에도 여전히 문제가 발생하는 경우 발생한 문제에 대한 보다 구체적인 세부정보를 제공해 주시기 바랍니다. 여기에는 오류 메시지나 기타 관련 정보가 포함될 수 있습니다. 이 정보를 통해 추가 지원을 제공하고 더욱 맞춤화된 솔루션을 제공할 수 있습니다. 저희는 원활한 경험을 보장하기 위해 최선을 다하고 있으니 추가 질문이나 우려 사항이 있는 경우 주저하지 말고 문의해 주세요."
BILP,보조 배송 주소를 제출하도록 도와주실 수 있나요?,배송지,배송지 설정,"바로 처리하겠습니다! 보조 배송 주소를 제출하는 데 도움을 드리고자 왔습니다. 원활한 절차를 보장하려면 다음 단계를 따라 주세요. 1. 고객님의 계정에 로그인하십시오. 2. ""내 계정"" 또는 ""프로필"" 섹션으로 이동합니다. 3. 해당 섹션에서 ""배송 주소"" 또는 이와 유사한 옵션을 찾으십시오. 4. ""새 주소 추가"" 또는 ""배송 주소 편집"" 옵션을 클릭하세요. 5. 제공된 필드에 보조 배송 주소의 세부정보를 입력하세요. 6. 변경 사항을 저장합니다. 이 단계를 수행하는 동안 문제가 발생하거나 추가 지원이 필요한 경우 알려주시기 바랍니다. 저는 모든 단계에서 고객님을 돕기 위해 여기 있습니다!"
BI,새 배송 주소를 설정할 수 있나요?,배송지,배송지 설정,"물론이죠! 새 배송 주소를 설정하는 과정을 안내해 드리겠습니다. 할 수 있는 작업은 다음과 같습니다. 1. 당사 웹사이트나 앱에서 고객님의 계정에 로그인하세요. 2. '내 계정' 또는 '프로필' 섹션으로 이동하세요. 3. '배송 주소' 또는 이와 유사한 옵션을 찾으십시오. 4. '새 주소 추가' 옵션이 표시됩니다. 선택하세요. 5. 받는 사람의 이름, 주소, 연락처 정보 등 필요한 세부 정보를 입력합니다. 6. 정보의 정확성을 다시 확인하고 변경 사항을 저장합니다. 새 배송 주소를 설정하는 동안 문제가 발생하거나 추가 질문이 있는 경우 언제든지 알려주시기 바랍니다. 저는 도와주러 왔습니다!"
BLM,새 배송 주소 입력 문제,배송지,배송지 설정,새 배송 주소를 입력하는 데 어려움을 겪고 있다는 소식을 들으니 안타깝습니다. 안심하세요. 저는 고객님이 이 장애물을 극복하도록 돕기 위해 왔습니다. 효과적으로 도움을 드리기 위해서는 몇 가지 추가 정보가 필요합니다. 발생한 특정 문제에 대한 자세한 내용을 제공해 주시겠습니까? 오류 메시지가 표시됩니까? 시스템이 주소 형식을 허용하지 않습니까? 혼란을 일으키는 특정 필드가 있습니까? 고객님의 문의 사항을 더 잘 이해하게 되면 문제를 해결하고 새 배송 주소를 성공적으로 입력할 수 있도록 맞춤형 지침을 제공할 수 있습니다. 고객 만족이 저의 최우선 과제이며 고객님께 원활하고 번거롭지 않은 경험을 보장하기 위해 최선을 다하고 있습니다.
BIL,새 배송 주소를 어떻게 설정하나요?,배송지,배송지 설정,"새 배송 주소를 설정하는 데 도움이 필요하다는 것을 깨달았습니다. 절차를 안내해 드리겠습니다. 1. 고객님의 계정에 로그인하십시오. 2. 계정 설정 또는 프로필 섹션으로 이동합니다. 3. 배송 주소를 관리하는 옵션을 찾으세요. 4. 새 주소를 추가하는 옵션이 표시됩니다. 그것을 클릭하세요. 5. 거리, 시, 주, 우편번호 등 새 배송 주소의 세부정보를 필수 필드에 입력하세요. 6. 정보가 정확한지 다시 확인하세요. 7. 변경 사항을 저장합니다. 도중에 어려움을 겪거나 추가 문의사항이 있으면 언제든지 알려주시기 바랍니다. 저는 이 과정 전반에 걸쳐 고객님을 돕기 위해 여기 있습니다."
BEL,내 보조 배송 주소가 유효하지 않습니다,배송지,배송지 설정,"보조 배송 주소가 유효하지 않아 문제가 발생하고 있다는 점 이해해 주시기 바랍니다. 이로 인해 불편을 끼쳐드려 죄송합니다. 이 문제를 해결하려면 다음 단계를 따르세요. 1. 고객님의 계정에 로그인하십시오. 2. '내 계정' 또는 '프로필' 섹션으로 이동하세요. 3. '배송 주소' 또는 이와 유사한 옵션을 찾으십시오. 4. 보조 배송 주소를 수정하는 옵션을 선택하세요. 5. 거리 이름, 도시, 주, 우편번호 등 입력된 세부정보가 정확한지 다시 확인하세요. 오타나 누락된 정보가 없는지 확인하세요. 6. 변경 사항을 저장합니다. 계속해서 문제가 발생하거나 추가 지원이 필요한 경우 오류 메시지나 발생한 문제에 대한 구체적인 세부정보를 제공해 주시면 최선을 다해 도와드리겠습니다. 저희의 목표는 고객님의 보조 배송 주소가 우리 시스템에서 올바르게 업데이트되도록 하는 것입니다."
BCILZ,새로운 배송 주소를 입력해야 하는데 어떻게 해야 하나요?,배송지,배송지 설정,"새 배송 주소를 입력하는 데 도움이 필요하다는 점을 이해하며 절차를 안내해 드리겠습니다. 새 배송 주소를 설정하려면 다음 단계를 따르세요. 1. 당사 웹사이트에서 고객님의 계정에 로그인하십시오. 2. 계정 설정 또는 프로필 섹션으로 이동합니다. 3. ""배송 주소"" 또는 이와 유사한 옵션을 찾으십시오. 4. 해당 옵션을 클릭하면 배송지 관리 페이지로 이동합니다. 5. 배송 주소 관리 페이지에 ""새 주소 추가"" 또는 ""배송 주소 추가"" 옵션이 표시됩니다. 그것을 클릭하세요. 6. 거리 주소, 시, 주, 우편번호 등 새 배송 주소의 세부정보를 필수 필드에 입력하세요. 7. 입력한 정보의 정확성과 완전성을 다시 한번 확인하세요. 8. 새 배송 주소 세부 정보에 만족하면 변경 사항을 저장합니다. 문제가 발생하거나 당사 플랫폼에서 절차가 다르게 나타저는 경우, 어려움을 겪고 있는 부분에 대한 구체적인 세부정보를 제공해 주시면 기꺼이 추가 지원을 제공해 드리겠습니다."
BLM,배송 주소를 제출하려고 하면 오류 메시지가 나타납니다.,배송지,배송지 설정,"배송지 입력시 불편을 드려 죄송합니다. 오류 메시지는 실망스러울 수 있지만 저희가 도와드리겠습니다. 이 문제를 해결하려면 다음 단계를 따라 주세요. 1. 주소, 우편번호, 연락처 정보를 포함하여 모든 필수 항목이 올바르게 입력되었는지 다시 확인하세요. 2. 주소 필드에 특수 문자나 기호가 없는지 확인하십시오. 영숫자와 표준 구두점을 사용하세요. 3. 브라우저 캐시와 쿠키를 지웁니다. 때로는 브라우저에 저장된 오래된 정보로 인해 주소 제출에 문제가 발생할 수 있습니다. 4. 다른 웹 브라우저나 장치를 사용해 보십시오. 특정 브라우저나 장치 간의 비호환성으로 인해 오류 메시지가 나타날 수 있습니다. 5. 문제가 지속되면 고객지원팀에 문의해 주세요. 이들은 고객님을 추가로 지원하고 고객님이 겪고 있는 기술적 문제를 해결하는 데 필요한 도구와 전문 지식을 갖추고 있습니다. 저희는 모든 단계에서 고객님을 돕기 위해 여기 있다는 것을 기억하십시오. 다른 질문이나 문의 사항이 있으면 알려주시기 바랍니다."
BELQZ,유효한 보조 배송 주소를 설정할 수 없습니다,배송지,배송지 설정,"보조 배송 주소를 설정하는 중에 어려움을 겪고 계신 것으로 알고 있으며, 이에 대해 도움을 드리고자 합니다. 더 나은 지원을 받으려면 현재 발생한 문제에 대해 더 구체적인 세부정보가 필요합니다. 절차 중에 오류 메시지가 나타나거나 장애물이 발생합니까? 필요한 지침을 제공하고 유효한 해결책을 찾을 수 있도록 추가 정보를 제공해 주시기 바랍니다. 고객 만족이 저의 최우선 과제이며 고객님의 보조 배송 주소를 성공적으로 설정하기 위해 함께 노력하겠습니다."
BILQ,내 배송 주소를 입력할 수 있어?,배송지,배송지 설정,"확실히! 배송지 주소를 직접 입력하시면 됩니다. 저희는 고객님을 위해 그것을 편리하고 간단하게 만들었습니다. 배송 주소를 입력하려면 다음 단계를 따르세요. 1. 고객님의 계정에 로그인하십시오. 2. ""내 계정"" 또는 ""프로필"" 섹션으로 이동합니다. 3. ""배송 주소"" 또는 유사한 옵션을 찾으십시오. 4. ""새 주소 추가"" 또는 ""배송 주소 편집"" 옵션이 있어야 합니다. 선택하세요. 5. 제공된 필드에 배송 주소 세부정보를 입력하세요. 6. 변경 사항을 저장합니다. 다음 단계를 따르면 배송 주소를 성공적으로 입력할 수 있습니다. 문제가 발생하거나 추가 지원이 필요한 경우 언제든지 알려주시기 바랍니다. 저는 도와주러 왔습니다!"
BELQZ,다른 배송 주소를 어떻게 입력할 수 있는지 모르겠어요,배송지,배송지 설정,"다른 배송 주소를 입력하는 방법에 대한 고객님의 불확실성이 착각이 아닙니다. 절차를 안내해 드리겠습니다. 1. 당사 웹사이트에서 고객님의 계정에 로그인하여 시작하십시오. 2. 계정 설정에서 ""배송"" 또는 ""배송 주소"" 섹션으로 이동하세요. 3. ""새 주소 추가"" 또는 ""배송 주소 편집"" 옵션을 찾으세요. 선택하세요. 4. 수취인의 이름, 거리 주소, 도시, 주, 우편번호 및 기타 필수 정보를 포함하여 새 배송 주소에 필요한 세부 정보를 입력합니다. 5. 입력한 정보가 정확한지 다시 한번 확인하세요. 6. 변경 사항을 저장하거나 주소를 업데이트하세요. 계속해서 문제가 발생하거나 특정 질문이 있는 경우 발생한 문제에 대한 추가 정보를 제공해 주시면 기꺼이 도와드리겠습니다."
BL,보조 배송 주소가 잘못되었습니다.,배송지,배송지 설정,"입력하신 보조 배송 주소에 문제가 있는 것으로 확인되었으며, 불편을 끼쳐드려 죄송합니다. 이 문제를 해결하기 위해 함께 노력합시다. 정확한 지침을 제공할 수 있도록 오류 메시지나 보조 배송 주소를 입력하는 동안 발생한 특정 문제에 대한 자세한 내용을 제공해 주시겠습니까? 자세한 정보를 입수하면 효과적으로 도움을 드릴 수 있습니다. 고객 만족이 저희의 최우선 사항이며, 저는 모든 단계에서 고객님을 도와드릴 것입니다."
BCLQ,내 보조 배송 주소가 유효하지 않습니다. 도와주세요,배송지,배송지 설정,고객님의 보조 배송 주소가 유효하지 않다는 점을 이해하고 도와드리겠습니다. 이 문제를 해결하려면 다음 단계를 따라 주세요. 1. 고객님의 계정에 로그인하십시오. 2. '내 계정' 또는 '프로필' 섹션으로 이동하세요. 3. '배송 주소' 또는 이와 유사한 섹션을 찾으십시오. 4. 보조 배송 주소의 세부정보를 확인하고 필요한 경우 수정합니다. 5. 변경 사항을 저장합니다. 여전히 문제가 발생하거나 절차가 다르게 나타저는 경우 오류 메시지나 문제를 일으키는 특정 필드 등 발생한 잘못된 주소에 대한 자세한 정보를 제공해 주세요. 이렇게 하면 문제를 해결하고 추가 지원을 제공할 수 있습니다.
BIL,새로운 배송주소를 입력할 수 있나요?,배송지,배송지 설정,"물론입니다! 새로운 배송주소를 입력하는 것은 절대적으로 가능합니다. 우리 시스템은 변화하는 요구 사항을 수용하도록 설계되었습니다. 그렇게 하려면 다음 단계를 따라 주세요. 1. 로그인 정보를 사용하여 계정에 로그인합니다. 2. 일반적으로 오른쪽 상단에 있는 ""내 계정"" 또는 ""프로필"" 섹션을 찾으세요. 3. 계정 설정에서 ""배송 주소"" 또는 이와 유사한 옵션을 찾으십시오. 4. ""새 주소 추가"" 또는 ""배송 주소 편집""을 클릭하세요. 5. 수취인의 이름, 거리 주소, 도시, 주, 우편번호 및 추가 관련 정보를 포함하여 새 배송 주소의 세부 정보를 입력하세요. 6. 입력된 정보가 정확한지, 오타나 오류가 없는지 다시 한번 확인하세요. 7. 변경 사항을 저장하고 새 배송 주소가 계정에 성공적으로 추가되었는지 확인하세요. 이 과정에서 어려움이 있거나 추가 지원이 필요한 경우, 주저하지 마시고 당사 웹사이트를 통해 고객 지원팀에 연락하시거나 전화로 문의해 주시기 바랍니다. 우리가 도와드리겠습니다!"
BILW,빌어먹을 배송 주소를 제출하려면 어떻게 해야 하나요?,배송지,배송지 설정,"배송 주소를 제출하는 동안 겪을 수 있는 불편에 대해 진심으로 사과드립니다. 고객님께서 이 절차를 완료하고 싶어하신다는 점을 이해하며, 단계별로 안내해 드리겠습니다. 배송 주소를 제출하려면 다음 지침을 따라 주세요. 1. 당사 웹사이트에서 고객님의 계정에 로그인하십시오. 2. '내 계정' 또는 '프로필' 섹션으로 이동하세요. 3. '배송 주소' 또는 이와 유사한 옵션을 찾으십시오. 4. '새 주소 추가' 또는 유사한 버튼을 클릭하십시오. 5. 필수 입력란에 배송지 주소 정보를 입력하세요. 6. 정보가 정확한지 다시 확인하세요. 7. 변경 사항을 저장합니다. 문제가 발생하거나 추가 지원이 필요한 경우 언제든지 알려주시기 바랍니다. 배송 주소를 성공적으로 제출할 수 있도록 도와드리겠습니다."
BKLZ,배송 주소 문제,배송지,배송지 설정,배송 주소에 문제가 있는 것으로 확인되었습니다. 저는 고객님이 이 문제를 해결하고 원활한 배송 과정을 보장할 수 있도록 도와드리기 위해 왔습니다. 더 나은 지원을 위해 현재 겪고 있는 특정 문제에 대한 자세한 내용을 제공해 주시겠습니까? 배송 주소를 입력하거나 업데이트하는 데 문제가 있습니까? 추가 정보가 있으면 문제를 해결하고 배송 주소가 정확하게 설정되었는지 확인하는 데 필요한 단계를 안내해 드릴 수 있습니다. 고객 만족이 저희의 최우선 과제이며 고객님께 필요한 지원을 제공하기 위해 최선을 다하고 있습니다.
BCIL,내 새 배송 주소가 잘못되었습니다. 도와주실 수 있나요?,배송지,배송지 설정,새 배송 주소가 잘못되어 문제가 발생하고 있는 것으로 알고 있습니다. 불편을 끼쳐드려 죄송합니다. 이 문제를 해결하려면 다음 단계를 따라 주세요. 1. 고객님의 계정에 로그인하십시오. 2. '내 계정' 또는 '프로필' 섹션으로 이동하세요. 3. '배송 주소' 또는 이와 유사한 섹션을 찾으십시오. 4. 배송 주소를 '수정' 또는 '업데이트'하는 옵션을 선택하세요. 5. 새 배송 주소에 대한 올바른 정보를 입력했는지 다시 한 번 확인하세요. 6. 나타저는 오류 메시지나 알림을 검토하세요. 문제에 대한 보다 구체적인 세부 정보를 제공할 수 있기 때문입니다. 7. 변경 사항을 저장하고 새 배송 주소를 다시 입력해 보세요. 문제가 계속 발생하거나 오류가 지속되는 경우 오류 메시지에 대한 자세한 내용이나 추가 정보를 제공해 주시면 이 문제를 해결할 수 있도록 기꺼이 도와드리겠습니다.
BCL,배송 주소를 제출하고 싶은데 도움이 필요합니다,배송지,배송지 설정,"배송 주소 제출과 관련하여 도움을 드리고자 합니다. 저는 원활하고 시기적절한 배송 경험을 보장하기 위해 이 절차의 중요성을 이해합니다. 배송 주소를 제출하려면 다음 단계를 따르세요. 1. 당사 웹사이트 또는 모바일 앱에서 고객님의 계정에 로그인하십시오. 2. ""내 계정"" 또는 ""프로필"" 섹션으로 이동합니다. 3. ""배송 주소"" 또는 이와 유사한 옵션을 찾으십시오. 4. 새 주소를 추가하거나 기존 주소를 편집하려면 옵션을 클릭하세요. 5. 거리, 도시, 주, 우편번호 등 배송 주소에 필요한 세부 정보를 입력하세요. 6. ""제출"" 또는 ""저장"" 버튼을 클릭하기 전에 정보가 정확한지 다시 한번 확인하세요. 이 과정에서 어려움을 겪거나 추가 문의사항이 있는 경우 언제든지 알려주시기 바랍니다. 저는 모든 단계에서 고객님을 돕기 위해 여기 있습니다."
BLZ,다른 주소를 입력하는 중에 오류가 발생했습니다,배송지,배송지 설정,"다른 배송지 주소를 입력하는 중에 오류가 발생했다는 소식을 듣고 안타깝게 생각합니다. 이 문제가 얼마나 실망스러울 수 있는지 이해합니다. 하지만 걱정하지 마세요. 문제를 해결하고 해결책을 찾는 데 도와드리겠습니다. 이 문제를 해결하려면 다음 단계를 시도해 보세요. 1. 세부정보를 다시 확인하세요. 주소란, 도시, 주, 우편번호 및 기타 필수 항목을 포함하여 배송 주소에 대한 올바른 정보를 입력했는지 확인하세요. 작은 오타에도 오류가 발생할 수 있습니다. 2. 캐시 및 쿠키 지우기: 브라우저의 캐시와 쿠키를 지우면 양식 제출과 관련된 문제가 해결되는 경우도 있습니다. 브라우저 설정에서 이 옵션을 찾을 수 있습니다. 3. 다른 브라우저나 장치를 사용하십시오. 때로는 사용 중인 브라우저나 장치에 따라 문제가 발생할 수 있습니다. 문제가 지속되는지 확인하려면 다른 브라우저나 기기에서 웹사이트나 앱에 액세스해 보세요. 4. 고객 지원팀에 문의: 위의 단계 중 어느 것도 효과가 없으면 고객 지원팀에 문의하는 것이 가장 좋습니다. 이들은 고급 문제 해결 도구에 액세스할 수 있으며 오류 해결에 추가 도움을 줄 수 있습니다. 이러한 단계가 오류 해결에 도움이 되는지 알려주시기 바랍니다. 문제가 지속되는 경우 구체적인 오류 메시지나 세부정보를 제공해 주시면 최선을 다해 도와드리겠습니다."
BELQZ,배송 주소를 입력할 수 없습니다,배송지,배송지 설정,"배송 주소를 입력하려고 할 때 문제가 발생하는 것을 확인했습니다. 안심하세요. 저는 이 문제를 해결하는 데 도움을 드리고 있습니다. 문제를 해결하고 해결책을 찾기 위해 함께 노력합시다: 1. 고객님의 계정에 로그인되어 있는지 확인하십시오. 사용자 이름과 비밀번호가 올바른지 다시 확인하세요. 2. 인터넷 연결을 확인하세요. 안정적인 인터넷 연결은 당사 플랫폼에서 정보에 접근하고 제출하는 데 매우 중요합니다. 3. 브라우저 캐시와 쿠키를 지웁니다. 이는 제출 절차를 방해할 수 있는 일시적인 문제를 해결하는 데 도움이 될 수 있습니다. 4. 다른 웹 브라우저를 사용해 보십시오. 때로는 특정 브라우저에서 호환성 문제가 발생하는 경우, 다른 브라우저로 전환하면 문제를 해결하는 데 도움이 될 수 있습니다. 5. 문제가 지속되면 발생한 오류에 대한 자세한 내용을 알려주시기 바랍니다. 오류 메시지가 표시됩니까? 페이지가 올바르게 로드되지 않습니까? 더 많은 정보를 제공해 주시면 더 나은 지원을 제공해 드리겠습니다. 저희는 함께 이 문제를 해결하고 고객님이 배송 주소를 성공적으로 입력할 수 있도록 노력할 것입니다. 고객 만족이 저희의 최우선 사항입니다."
BLM,다른 배송 주소를 제출하는 데 문제가 있습니다.,배송지,배송지 설정,"다른 배송 주소를 제출하는 데 어려움이 있다는 점을 이해했으며, 도와드리겠습니다. 이 문제를 함께 해결해 봅시다: 1. 입력하는 주소의 형식과 정확성을 다시 한번 확인하세요. 오타나 누락된 세부정보가 없는지 확인하세요. 2. 거리명, 도시, 주, 우편번호 등 필수 항목이 모두 올바르게 입력되었는지 확인하세요. 3. 주소를 복사하여 붙여넣는 경우 대신 수동으로 입력해 보세요. 복사하여 붙여넣을 때 서식 문제가 발생할 수 있는 경우가 있습니다. 4. 브라우저 캐시와 쿠키를 지운 후 다시 시도하세요. 이는 일시적인 기술 문제를 해결하는 데 도움이 될 수 있습니다. 5. 문제가 지속되면 다른 인터넷 브라우저나 장치를 사용하여 문제가 현재 설정과 관련된 것인지 확인하십시오. 6. 위의 단계 중 어느 것도 효과가 없으면 고객 지원팀에 문의하여 추가 지원을 받으십시오. 그들은 문제를 조사하고 고객님의 특정 상황에 맞는 솔루션을 제공할 수 있습니다. 기억하세요. 저는 고객님의 모든 단계를 지원하기 위해 여기 있습니다. 추가 문의사항이나 문의 사항이 있으면 알려주시기 바랍니다."
BELQZ,새 배송 주소를 어떻게 제출해야 하는지 모르겠어요,배송지,배송지 설정,새 배송 주소를 제출하는 방법에 대해 혼란을 겪고 계시다는 점을 이해합니다. 절차를 단계별로 안내해 드리겠습니다. 1. 로그인 정보를 사용하여 계정에 로그인합니다. 2. '내 계정' 또는 '프로필' 섹션으로 이동하세요. 3. '배송 주소' 또는 이와 유사한 옵션을 찾으십시오. 4. 새 주소를 추가하려면 옵션을 클릭하세요. 5. 새 배송 주소의 세부정보를 필수 필드에 입력하세요. 6. 입력한 정보가 정확한지 다시 한번 확인하세요. 7. 변경 사항을 저장하면 새 배송 주소가 성공적으로 제출됩니다. 이 과정에서 어려움이 발생하거나 추가 문제가 있는 경우 언제든지 알려주시기 바랍니다. 저는 고객님의 원활한 경험을 돕고 보장하기 위해 왔습니다.
BCIL,배송주소를 입력해야 하는데 도와주실 수 있나요?,배송지,배송지 설정,내가 해낼게! 배송 주소를 입력하는 데 도움을 드리고자 왔습니다. 패키지가 의도한 목적지에 도달하는지 확인하는 것은 중요한 단계입니다. 시작하려면 다음 단계를 따르세요. 1. 계정에 로그인하거나 아직 계정이 없다면 새 계정을 만드세요. 2. '내 계정' 또는 '프로필' 섹션으로 이동하세요. 3. '배송 주소' 또는 이와 유사한 옵션을 찾으십시오. 4. '새 주소 추가' 또는 '배송 주소 편집' 옵션이 표시됩니다. 그것을 클릭하세요. 5. 배송지 주소를 정확하게 입력해주세요. 6. 오타나 오류가 있는지 다시 확인하고 주소가 완전하고 유효한지 확인하세요. 7. 변경 사항을 저장합니다. 이 과정에서 어려움을 겪거나 추가 문의사항이 있으면 언제든지 알려주시기 바랍니다. 저는 필요한 지침과 지원을 제공해 드리겠습니다.
BCLQZ,내 새 배송 주소가 잘못되었습니다. 도움이 필요해요,배송지,배송지 설정,새 배송 주소 관련 문제로 인해 불편을 끼쳐드려 죄송합니다. 저는 이 문제를 해결하는 데 도와드리겠습니다. 제가 문제를 더 잘 이해하고 적절한 해결책을 제공할 수 있도록 고객님이 겪고 있는 특정 문제에 대한 자세한 내용을 제공해 주시기 바랍니다.
BIL,배송 주소는 어디서 설정할 수 있나요?,배송지,배송지 설정,"내가 해낼게! 배송 주소 설정을 도와드리겠습니다. 그렇게 하려면 다음 단계를 따르세요. 1. 당사 웹사이트에서 고객님의 계정에 로그인하십시오. 2. ""내 계정"" 또는 ""프로필"" 섹션으로 이동합니다. 3. ""배송 주소"" 또는 유사한 옵션을 찾으십시오. 4. ""새 주소 추가"" 또는 ""배송 주소 편집"" 옵션을 선택합니다. 5. 새 배송 주소에 필요한 세부 정보를 입력하세요. 6. 변경 사항을 저장합니다. 이 단계를 수행하는 동안 문제가 발생하거나 절차가 다르게 나타저는 경우 문제가 있는 부분에 대한 자세한 정보를 제공해 주세요. 고객님의 배송 주소에 대한 원활한 설정 과정을 보장하기 위해 추가 지침이나 지원을 기꺼이 제공해 드리겠습니다."
BCIL,새로운 배송지 주소를 제출하고 싶은데 어떻게 해야 하나요?,배송지,배송지 설정,"새 배송 주소를 제출해 주셔서 감사합니다. 원활한 절차를 보장하려면 다음 단계를 따르세요. 1. 고객님의 계정에 로그인하십시오. 2. ""내 계정"" 또는 ""프로필"" 섹션으로 이동합니다. 3. ""배송 주소"" 또는 유사한 옵션을 찾으십시오. 4. ""새 주소 추가"" 또는 ""배송 주소 편집"" 옵션을 선택합니다. 5. 제공된 필드에 새 배송 주소에 필요한 세부 정보를 입력합니다. 6. 입력한 정보가 정확한지 다시 한번 확인하세요. 7. 변경 사항을 저장합니다. 이 과정에서 어려움을 겪거나 특정 우려 사항이 있는 경우 주저하지 말고 문의해 주세요. 저는 모든 단계에서 고객님을 돕기 위해 여기 있습니다."
BL,다른 배송 주소 설정하는 데 도움 좀 주세요,배송지,배송지 설정,다른 배송 주소를 설정하는 데 도움이 필요하다는 사실을 알게 되었습니다. 저는 고객님을 돕기 위해 여기 있습니다. 새 배송 주소를 추가하려면 다음 단계를 따르세요. 1. 고객님의 계정에 로그인하십시오. 2. '계정' 또는 '프로필' 섹션으로 이동합니다. 3. '배송 주소' 또는 유사한 옵션을 찾으십시오. 4. '새 주소 추가' 또는 '배송 주소 편집'을 클릭하세요. 5. 새 배송 주소의 세부정보를 필수 입력란에 입력하세요. 6. 정보가 정확한지 다시 확인하세요. 7. 변경 사항을 저장합니다. 도중에 문제가 발생하거나 궁금한 점이 있으면 언제든지 알려주시기 바랍니다. 새 배송 주소를 원활하게 설정하실 수 있도록 하는 것이 저의 최우선 과제입니다.
BLQ,새 배송 주소를 설정할 수 없어요,배송지,배송지 설정,새 배송 주소를 설정하는 데 어려움을 겪고 계시다니 안타깝습니다. 해결책을 찾기 위해 함께 노력합시다. 더 나은 지원을 위해 현재 발생한 문제에 대해 더 구체적인 세부정보를 제공해 주시겠습니까? 오류 메시지를 받거나 입력 필드에 문제가 있습니까? 고객님이 제공할 수 있는 추가 정보는 문제를 정확히 파악하고 새 배송 주소를 성공적으로 설정하는 데 도움이 됩니다.
BLMW,빌어먹을 배송 주소 설정이 문제야,배송지,배송지 설정,"배송지 설정에 문제가 있는 것으로 확인되었으며, 불편을 끼쳐드려 죄송합니다. 도움을 드리기 위해서는 발생한 특정 문제에 대한 추가 정보가 필요합니다. 오류 메시지가 나타나거나 시스템이 고객님의 주소를 받아들이지 않습니까? 진행 과정을 안내하고 발생한 문제를 해결하는 데 도움을 드릴 수 있도록 자세한 내용을 제공해 주세요. 고객 만족이 저희의 최우선 과제이며, 고객님의 배송 주소가 성공적으로 설정될 수 있도록 함께 노력하겠습니다. 고객님의 인내와 협조에 감사드립니다."
BCL,새 배송 주소를 제출해야 합니다. 도움이 필요합니다.,배송지,배송지 설정,"저는 새 배송 주소를 정확하게 제출하는 것의 중요성을 완전히 이해하고 있으며 고객님께 필요한 지원을 제공해 드리겠습니다. 원활하고 성공적인 제출을 위해 다음 단계를 따라 주세요. 1. 당사 웹사이트에서 고객님의 계정에 로그인하십시오. 2. 계정 설정 또는 프로필 섹션으로 이동합니다. 3. ""배송 주소"" 또는 이와 유사한 옵션을 찾으십시오. 4. ""새 주소 추가"" 또는 이에 상응하는 옵션을 클릭하십시오. 5. 새 배송 주소 세부정보를 모든 필수 필드에 정확하게 입력하세요. 6. 제공한 정보가 올바른지 다시 확인하세요. 7. 변경 사항을 저장하거나 제출하여 절차를 마무리하세요. 이 단계를 완료하는 동안 문제가 발생하거나 궁금한 점이 있으면 언제든지 알려주시기 바랍니다. 저는 모든 단계에서 고객님을 돕기 위해 여기 있습니다."
BCL,보조 배송 주소를 제출하고 싶습니다. 도와주세요.,배송지,배송지 설정,"물론이죠! 보조 배송 주소를 제출하는 데 도움이 필요하신 것으로 알고 있습니다. 이 과정에 도움을 받으려면 다음 단계를 따르세요. 1. 로그인 정보를 사용하여 계정에 로그인합니다. 2. '내 계정' 또는 '프로필' 섹션으로 이동하세요. 3. '배송 주소' 또는 이와 유사한 옵션을 찾으십시오. 4. '새 주소 추가' 또는 '배송 주소 편집'을 클릭하세요. 5. 거리 이름, 도시, 주, 우편번호 등 보조 배송 주소에 필요한 세부 정보를 입력합니다. 6. 필요한 정보를 모두 입력한 후 '제출' 또는 '저장' 버튼을 클릭하여 변경 사항을 저장하세요. 어려움이 있거나 추가 안내가 필요한 경우 언제든지 알려주시기 바랍니다. 저는 모든 단계에서 고객님을 돕기 위해 여기 있습니다!"
BIQ,다른 배송 주소를 설정하려면 어떻게 해야 하나요?,배송지,배송지 설정,"다른 배송 주소 설정에 관심을 가져주셔서 감사합니다. 원활한 경험을 보장하기 위해 절차를 단계별로 안내해 드리겠습니다. 1. 당사 웹사이트에서 고객님의 계정에 로그인하십시오. 2. 계정 설정 또는 프로필 섹션으로 이동합니다. 3. ""배송 주소"" 또는 유사한 옵션을 찾으십시오. 4. ""새 주소 추가"" 또는 ""배송 주소 편집"" 옵션을 선택합니다. 5. 수취인의 이름, 거리 주소, 도시, 주, 우편번호 및 필요한 추가 정보를 포함하여 새 배송 주소에 필요한 세부 정보를 입력합니다. 6. 배송 문제가 발생하지 않도록 입력한 정보의 정확성을 다시 한번 확인하세요. 7. 변경 사항을 저장하여 다른 배송 주소 설정을 완료하세요. 진행 중에 어려움이 있거나 추가 문의사항이 있으면 언제든지 문의해 주세요. 저는 필요한 도움을 제공하고 이 과정을 최대한 원활하게 진행하기 위해 왔습니다!"
BLQZ,배송 주소 설정에 도움이 되지 않았습니다.,배송지,배송지 설정,"배송 주소 설정에 필요한 도움을 받지 못하셨다면 사과드립니다. 고객 만족이 저희의 최우선 사항이며, 이 과정에서 기꺼이 도와드리겠습니다. 배송 주소를 설정하려면 다음 단계를 따르세요. 1. 당사 웹사이트에서 고객님의 계정에 로그인하십시오. 2. ""프로필"" 또는 ""내 계정"" 섹션으로 이동합니다. 3. ""배송 주소"" 또는 유사한 옵션을 찾으십시오. 4. ""새 주소 추가"" 또는 ""배송 주소 편집"" 옵션을 선택합니다. 5. 수취인의 이름, 거리 주소, 도시, 주, 우편번호 및 필요한 추가 정보를 포함하여 배송 주소의 세부 정보를 입력하십시오. 6. 입력된 정보가 정확한지 다시 한번 확인하세요. 7. 변경 사항을 저장합니다. 이 과정에서 어려움을 겪거나 특정 질문이 있는 경우, 주저하지 말고 고객 지원팀에 문의해 주세요. 최선을 다해 도와드리겠습니다. 저희는 고객님께 원활하고 번거롭지 않은 경험을 보장하기 위해 최선을 다하고 있습니다."
BLQ,배송지 주소를 제출하려고 합니다.,배송지,배송지 설정,배송 주소를 제출하려고 하시는 것으로 확인되었습니다. 절차를 안내해 드리겠습니다. 1. 고객님의 계정에 로그인하십시오. 2. '내 계정' 또는 '프로필' 섹션으로 이동하세요. 3. '배송 주소' 또는 이와 유사한 옵션을 찾으십시오. 4. '새 주소 추가' 또는 '배송 주소 편집'을 선택합니다. 5. 배송지 주소를 필수 입력란에 입력하세요. 6. 정보의 정확성과 완전성을 다시 한번 확인하세요. 7. 변경 사항을 저장합니다. 문제가 발생하거나 추가 질문이 있는 경우 언제든지 알려주시기 바랍니다. 저는 모든 단계에서 고객님을 돕기 위해 여기 있습니다.
BLQ,보조 배송 주소를 입력해야 합니다,배송지,배송지 설정,보조 배송 주소를 입력해야 한다고 확인했습니다. 안심하세요. 제가 절차를 안내해 드리겠습니다. 그렇게 하려면 다음 단계를 따라 주세요. 1. 고객님의 계정에 로그인하십시오. 2. '내 계정' 또는 '프로필' 섹션으로 이동하세요. 3. '배송 주소' 또는 이와 유사한 옵션을 찾으십시오. 4. '새 주소 추가' 또는 '배송 주소 편집' 옵션이 있어야 합니다. 그것을 클릭하세요. 5. 제공된 필드에 보조 배송 주소의 세부 정보를 입력합니다. 6. 입력한 모든 정보를 다시 한번 확인해 주세요. 7. 변경 사항을 저장합니다. 이 과정에서 어려움을 겪거나 궁금한 점이 있으면 언제든지 알려주시기 바랍니다. 저는 모든 단계에서 고객님을 돕기 위해 여기 있습니다.
BLW,빌어먹을 배송 주소를 어떻게 설정하는지 모르겠어요,배송지,배송지 설정,"배송 주소를 설정하는 과정에서 겪으신 좌절감과 혼란이 저의 착각이 아닙니다. 절차를 단계별로 안내해 드리겠습니다. 1. 계정에 로그인하여 시작하세요. 2. 로그인한 후 '내 계정' 또는 '프로필' 섹션으로 이동하세요. 3. ""배송 주소"" 또는 이와 유사한 옵션과 관련된 옵션을 찾으십시오. 4. 배송 주소를 추가하거나 편집하려면 해당 옵션을 클릭하세요. 5. 새 배송 주소에 필요한 정보를 필수 필드에 입력하세요. 6. 입력된 세부정보가 정확한지 다시 확인하고 ""저장"" 또는 ""업데이트"" 버튼을 클릭하세요. 특정 문제가 발생하거나 도중에 궁금한 점이 있으면 언제든지 알려주시기 바랍니다. 저는 이 과정의 모든 단계에서 도움을 드리기 위해 여기 있습니다."
BEL,보조 배송 주소를 설정할 수 없습니다.,배송지,배송지 설정,"보조 배송 주소 설정에 어려움을 겪고 계신 것으로 확인되었습니다. 이로 인해 불편을 끼쳐드려 죄송합니다. 이 문제를 해결하려면 다음 단계를 따라 주세요. 1. 당사 웹사이트에서 고객님의 계정에 로그인하십시오. 2. 계정 설정 또는 프로필 섹션으로 이동합니다. 3. 배송 주소를 관리하는 옵션을 찾으세요. 4. 새 주소를 추가하는 옵션을 선택하세요. 5. 거리, 도시, 주, 우편번호 등 보조 배송 주소에 필요한 세부 정보를 입력합니다. 6. 입력한 정보가 정확한지 다시 한번 확인하세요. 7. 변경 사항을 저장합니다. 문제가 계속 발생하거나 플랫폼에 따라 단계가 다른 경우 발생한 특정 문제에 대한 자세한 내용을 제공해 주시기 바랍니다. 안심하세요. 제가 도와드리고 이 문제를 신속하고 효율적으로 해결할 수 있도록 도와드리겠습니다."
BEL,배송지 설정이 안되네요,배송지,배송지 설정,"배송지 주소 설정 문제로 불편을 끼쳐드려 죄송합니다. 원활한 배송 경험을 위해서는 주소를 올바르게 등록하는 것이 얼마나 중요한지 잘 알고 있습니다. 이 문제를 함께 해결해 봅시다! 이 문제를 해결하려면 추가 정보가 필요합니다. 발생한 특정 문제에 대한 세부정보를 알려주시겠습니까? 오류 메시지가 나타나거나 절차에서 어려운 특정 단계가 있습니까? 자세한 내용을 제공해 주시면 더 나은 도움을 드릴 수 있습니다. 안심해 주세요. 저희는 함께 협력하여 문제의 근본 원인을 파악하고 적절한 해결책을 찾을 것입니다. 고객 만족이 저희의 최우선 과제이며, 저희는 모든 단계에서 고객님을 지원하기 위해 여기 있습니다."
BILQ,내 배송 주소는 어디에 입력하나요,배송지,배송지 설정,"배송 주소를 입력할 위치에 대한 안내를 찾고 계시다는 점을 이해합니다. 저는 고객님을 돕기 위해 여기 있습니다. 배송 주소를 입력하려면 다음 단계를 따르세요. 1. 고객님의 계정에 로그인하십시오. 2. ""내 계정"" 또는 ""프로필"" 섹션으로 이동합니다. 3. ""배송 주소"" 또는 유사한 옵션을 찾으십시오. 4. 배송 주소 섹션에 주소를 추가하거나 편집할 수 있는 옵션이 표시됩니다. 5. 추가 또는 편집 옵션을 클릭하고 제공된 필드에 배송 주소 세부 정보를 입력하세요. 6. 입력된 정보가 정확한지 다시 한번 확인해 주세요. 7. 세부정보 입력 후 배송지 주소를 저장하세요. 문제가 발생하거나 추가 질문이 있는 경우 특정 문제에 대한 자세한 내용을 제공해 주시기 바랍니다. 저는 추가 지원을 제공하고 원활한 주소 입력 절차를 보장하기 위해 왔습니다."
BL,배송주소를 입력할 수 없습니다,배송지,배송지 설정,"배송 주소 입력에 어려움을 겪고 계신 것 같습니다. 이로 인해 불편을 끼쳐드려 죄송합니다. 추가 지원을 위해 현재 발생한 특정 문제에 대한 자세한 내용을 제공해 주시겠습니까? 배송 주소를 입력할 때 오류 메시지가 나타나거나 기술적인 문제가 발생합니까? 문제를 더 잘 이해하게 되면 가장 효과적인 솔루션을 제공해 드릴 수 있을 것입니다. 고객 만족과 사용 편의성이 저희의 최우선 과제이며, 저희는 이 문제를 가능한 한 빨리 해결하기 위해 최선을 다하고 있습니다. 협조해 주셔서 감사합니다."
BEL,유효한 새 배송 주소를 입력할 수 없는 이유,배송지,배송지 설정,"유효한 새 배송 주소를 입력할 수 없는 문제로 인해 불편을 끼쳐 드린 점 이해합니다. 이 문제를 해결하기 위해 함께 노력합시다. 문제가 발생할 수 있는 몇 가지 이유는 다음과 같습니다. 1. 잘못된 형식: 거리 이름, 번호, 도시, 주, 우편번호 등 필요한 모든 세부 정보를 포함하여 주소를 올바른 형식으로 입력했는지 다시 확인하세요. 오타나 누락된 정보가 없는지 확인하세요. 2. 주소 제한: 일부 시스템에는 사서함이나 서비스 적용 지역 외부의 주소와 같은 특정 주소에 대한 제한이 있습니다. 입력하려는 주소가 시스템 요구 사항을 준수하는지 확인하세요. 3. 문자 제한: 주소 필드에 문자 제한이 있는지 확인하고 이를 초과하지 않는지 확인하세요. 필요한 경우 긴 주소 정보를 줄이세요. 4. 기술적인 결함: 때때로 기술적인 결함으로 인해 새 배송 주소를 입력하는 데 방해가 될 수 있습니다. 페이지를 새로 고치거나, 브라우저 캐시를 지우거나, 다른 장치나 브라우저를 사용해 보세요. 위 단계를 수행해도 문제가 해결되지 않으면 고객 지원팀에 문의하시기 바랍니다. 문제를 추가로 해결하고 새 배송 주소를 정확하게 입력하는 데 도움을 줄 수 있는 장비가 잘 갖춰져 있습니다. [고객센터전화번호]로 연락하거나 당사 웹사이트 [웹사이트/메뉴]의 라이브 채팅을 통해 문의하실 수 있습니다. 안심해 주세요. 저희는 이 문제를 신속하게 해결하고 고객 만족을 보장하기 위해 최선을 다하고 있습니다. 양해해 주셔서 감사드리며, 불편을 끼쳐드려 죄송합니다."
BEL,다른 배송지 주소를 어떻게 입력하는지 모르겠습니다,배송지,배송지 설정,다른 배송 주소 입력과 관련하여 혼란이나 불확실성에 대해 사과드립니다. 절차를 안내해 드리겠습니다. 1. 고객님의 계정에 로그인하십시오. 2. '내 계정' 또는 '프로필' 섹션을 찾으세요. 3. '배송 주소' 또는 이와 유사한 옵션을 찾으십시오. 4. '새 주소 추가' 또는 '배송 주소 편집'을 클릭하세요. 5. 제공된 필드에 새 배송 주소의 세부 정보를 입력합니다. 6. 변경 사항을 저장합니다. 어려움이 있거나 절차가 다른 경우 문제가 있는 부분에 대한 추가 정보를 제공해 주시면 기꺼이 추가 지원을 제공해 드리겠습니다.
BL,다른 배송 주소를 제출하도록 도와주세요,배송지,배송지 설정,"긍정적으로! 다른 배송 주소를 제출하는 데 도움을 드리고자 왔습니다. 시작하는 데 도움이 되도록 다음 단계를 따르세요. 1. 당사 웹사이트나 앱에서 고객님의 계정에 로그인하세요. 2. ""내 계정"" 또는 ""프로필"" 섹션으로 이동합니다. 3. ""배송 주소"" 또는 유사한 옵션을 찾으십시오. 4. ""새 주소 추가"" 또는 ""배송 주소 편집""을 선택하십시오. 5. 새 배송 주소에 필요한 세부 정보를 입력하세요. 6. 정보의 정확성을 다시 한번 확인하세요. 7. 변경 사항을 저장하여 새 배송 주소 제출을 완료하세요. 도중에 어려움을 겪거나 추가 문의사항이 있으면 언제든지 알려주시기 바랍니다. 절차 전반에 걸쳐 기꺼이 도와드리겠습니다."
BLQZ,응 내 보조 배송 주소를 유효하게 설정할 수 없어,배송지,배송지 설정,보조 배송 주소 설정 문제로 불편을 끼쳐드려 죄송합니다. 해결책을 찾기 위해 함께 노력합시다. 발생한 문제에 대해 더 자세한 내용을 알려주실 수 있나요? 오류 메시지나 작동하지 않는 특정 단계가 발생했나요? 더 많은 정보를 제공해 주시면 이 문제를 해결하는 데 도움을 드릴 수 있습니다. 저희는 고객님의 보조 배송 주소가 올바르게 설정되도록 최선을 다하고 있으므로 이 문제를 즉시 해결할 수 있도록 추가 정보를 공유해 주시기 바랍니다.
BL,배송지 주소를 어떻게 제출해야 할지 모르겠습니다.,배송지,배송지 설정,"배송 주소 제출 과정에 대해 확신이 없으신 것으로 알려졌습니다. 단계별로 안내해 드리겠습니다. 1. 당사 웹사이트에서 고객님의 계정에 로그인하십시오. 2. ""내 계정"" 또는 ""프로필"" 섹션으로 이동합니다. 3. ""배송 주소"" 또는 이와 유사한 옵션을 찾으십시오. 4. 주소 설정에 액세스하려면 해당 주소를 클릭하세요. 5. 주소 설정에서 ""새 주소 추가"" 또는 ""주소 편집"" 옵션을 찾아서 선택하세요. 6. 배송지 주소를 필수 입력란에 입력하세요. 7. 입력된 정보가 정확한지 다시 한번 확인하세요. 8. 주소가 만족스러우면 변경 사항을 저장합니다. 이 과정에서 문제가 발생하거나 추가 지원이 필요한 경우 주저하지 말고 문의해 주세요."
BIL,다른 배송 주소를 제출하도록 도와주실 수 있나요?,배송지,배송지 설정,"물론이죠! 다른 배송 주소를 제출하실 수 있도록 도와드리겠습니다. 계속하려면 다음 단계를 따르세요. 1. 고객님의 계정에 로그인하십시오. 2. ""내 계정"" 또는 ""프로필"" 섹션으로 이동합니다. 3. ""배송 주소"" 또는 유사한 옵션을 찾으십시오. 4. ""새 주소 추가"" 또는 ""배송 주소 편집"" 옵션을 선택하십시오. 5. 지정된 필드에 다른 배송 주소의 세부 정보를 입력하세요. 6. 변경 사항을 저장합니다. 문제가 발생하거나 절차의 모든 단계에서 추가 지침이 필요한 경우 언제든지 알려주시기 바랍니다. 저는 고객님께 원활하고 번거롭지 않은 경험을 보장하기 위해 왔습니다!"
BLW,빌어먹을 배송 주소를 입력하는 데 문제가 있어요,배송지,배송지 설정,"배송지 주소 입력 문제로 불편을 끼쳐드려 죄송합니다. 저는 이 문제를 해결하는 데 도와드리겠습니다. 문제를 더 잘 이해할 수 있도록 현재 겪고 있는 특정 문제에 대한 자세한 내용을 제공해 주시겠습니까? 예를 들어, 오류 메시지가 표시됩니까? 아니면 시스템이 고객님의 입력을 받아들이지 않습니까? 추가 정보를 입수하면 이 문제를 해결하기 위한 가장 정확한 지침을 제공할 수 있을 것입니다. 고객 만족이 저희의 최우선 과제이며 고객님의 배송 주소 설정을 위한 원활하고 원활한 절차를 보장하기 위해 최선을 다하고 있습니다."
BLQZ,새로운 배송 주소를 제출해야 합니다,배송지,배송지 설정,"새 배송 주소를 제출하는 데 도움이 필요하다는 것을 알고 있습니다. 절차를 안내해 드리겠습니다. 1. 먼저 계정에 로그인하세요. 2. 로그인한 후 '내 계정' 또는 '프로필' 섹션으로 이동하세요. 3. ""배송 주소"" 또는 유사한 옵션을 찾으십시오. 4. 해당 섹션에는 새 배송 주소를 ""추가"" 또는 ""제출""할 수 있는 옵션이 표시됩니다. 선택하세요. 5. 수취인 이름, 거리 주소, 도시, 주, 우편번호 등 새 배송 주소에 필요한 모든 세부 정보를 입력합니다. 6. 입력한 정보가 정확한지 다시 한번 확인하세요. 7. 마지막으로 변경 사항을 저장하거나 새 배송 주소를 제출하세요. 문제가 발생하거나 추가 문의사항이 있으면 언제든지 알려주시기 바랍니다. 저는 모든 단계에서 고객님을 돕기 위해 여기 있습니다."
BCIL,배송지 주소를 입력해야 하는데 어떻게 하나요?,배송지,배송지 설정,"배송 주소 입력에 대한 안내를 문의해 주셔서 감사합니다. 도움이 되는 단계별 접근 방식은 다음과 같습니다. 1. 당사 웹사이트에서 고객님의 계정에 로그인하십시오. 2. 일반적으로 ""계정"" 또는 ""프로필"" 메뉴에 있는 ""배송"" 또는 ""배송 주소"" 섹션으로 이동합니다. 3. ""주소 추가"", ""새 배송 주소 입력"" 또는 ""배송 주소 편집""과 같은 옵션을 찾으십시오. 4. 옵션을 클릭하고 거리 이름, 집/아파트 번호, 도시, 주 및 우편번호를 포함한 배송 주소의 정확한 세부정보로 필수 필드를 입력하세요. 5. 입력한 정보에 오류나 누락된 내용이 있는지 다시 확인하세요. 6. 배송 주소 제출에 대한 변경 사항을 저장하십시오. 다음 단계를 따르면 배송 주소를 성공적으로 입력할 수 있습니다. 문제가 발생하거나 추가 지원이 필요한 경우 언제든지 알려주시기 바랍니다."
BL,배송지 입력이 안 돼요,배송지,배송지 설정,"배송지 주소 입력에 문제가 있는 것으로 확인되었습니다. 이 문제를 해결하기 위해 함께 노력합시다. 다음은 도움이 될 수 있는 몇 가지 단계입니다. 1. 계정에 로그인되어 있는지 다시 확인하세요. 그렇지 않은 경우 로그인하세요. 2. 계정 설정 또는 프로필 페이지로 이동합니다. 일반적으로 웹사이트 오른쪽 상단에서 이 옵션을 찾을 수 있습니다. 3. ""배송 주소"" 또는 이와 유사한 제목의 섹션을 찾으십시오. 그것을 클릭하세요. 4. 거리 주소, 도시, 주, 우편번호 등 모든 필수 필드가 올바르게 입력되었는지 확인하세요. 5. 주소를 입력하는 동안 오류 메시지나 문제가 발생하는 경우 더 나은 지원을 할 수 있도록 구체적인 세부 정보나 오류 메시지를 제공해 주세요. 이러한 단계를 수행해도 문제가 해결되지 않는 경우 발생한 정확한 오류를 알려주시면 추가로 문제를 해결해 드리겠습니다. 저희는 모든 단계에서 고객님을 지원하기 위해 여기 있다는 것을 기억하십시오."
BLMWZ,내 빌어먹을 배송 주소를 제출하는 중에 오류가 발생했네,배송지,배송지 설정,배송 주소를 제출하는 동안 발생한 오류에 대해 사과드립니다. 저는 이것이 얼마나 실망스러울 수 있는지 충분히 이해합니다. 추가 지원을 위해 발생한 특정 오류에 대한 자세한 내용을 제공해 주시겠습니까? 이를 통해 문제를 파악하고 맞춤형 솔루션을 제공할 수 있습니다. 안심해 주세요. 저희 팀은 이 문제를 즉시 해결하고 원활한 경험을 보장하기 위해 최선을 다하고 있습니다.
BL,다른 배송 주소 입력 지원,배송지,배송지 설정,"다른 배송 주소를 입력하려면 지원이 필요하다는 것을 깨달았고, 제가 도와드리겠습니다. 원활한 절차를 보장하려면 다음 단계를 따라 주세요. 1. 당사 웹사이트나 앱에서 고객님의 계정에 로그인하세요. 2. ""내 계정"" 또는 ""프로필"" 섹션으로 이동합니다. 3. ""배송 주소"" 또는 유사한 옵션을 찾으십시오. 4. ""새 주소 추가"" 또는 ""배송 주소 편집"" 옵션을 선택합니다. 5. 제공된 필드에 새 배송 주소의 세부 정보를 입력합니다. 6. 입력한 정보가 정확한지 다시 한번 확인하세요. 7. 변경 사항을 저장합니다. 이 단계를 수행하는 동안 문제가 발생하거나 절차가 다른 것으로 보이는 경우, 발생한 특정 문제에 대해 자세한 내용을 제공해 주시면 기꺼이 도와드리겠습니다."
BCL,내 배송 주소가 잘못되었습니다. 도움이 필요합니다,배송지,배송지 설정,저는 고객님이 잘못된 배송 주소로 인해 어려움을 겪고 있다는 사실을 알고 있으며 고객님께 필요한 지원을 제공해 드리겠습니다. 이 문제를 해결하려면 고객님의 배송 주소가 정확하고 당사 시스템에서 업데이트되었는지 확인해야 합니다. 이 문제를 해결하기 위해 취할 수 있는 단계는 다음과 같습니다. 1. 당사 웹사이트나 앱에서 고객님의 계정에 로그인하세요. 2. '내 계정' 또는 '프로필' 섹션으로 이동하세요. 3. '배송 주소' 또는 이와 유사한 옵션을 찾으십시오. 4. 현재 유효하지 않은 것으로 표시된 배송 주소를 선택하세요. 5. 주소를 편집하여 올바른 정보와 형식을 입력했는지 확인하세요. 6. 변경 사항을 저장하고 업데이트된 주소가 이제 유효한지 확인합니다. 이 단계를 수행한 후에도 문제가 계속 발생하거나 추가 지원이 필요한 경우 알려주시기 바랍니다. 저는 이 과정 전반에 걸쳐 고객님을 돕고 고객님의 배송 주소에 대한 원활한 경험을 보장하기 위해 왔습니다.
BEL,새 배송 주소를 제출하려면 어떻게 해야 할지 모르겠습니다.,배송지,배송지 설정,"저는 고객님의 새 배송 주소 제출에 대한 불확실성에 대해 고객님의 편입니다. 단계별 지침을 통해 절차를 안내하겠습니다. 1. 당사 웹사이트에서 고객님의 계정에 로그인하십시오. 2. ""내 계정"" 또는 ""프로필"" 섹션으로 이동합니다. 3. ""배송 주소"" 또는 유사한 옵션을 찾으십시오. 4. ""새 주소 추가"" 또는 ""새 배송 주소 제출""이라고 표시된 버튼이나 링크를 찾으세요. 그것을 클릭하세요. 5. 거리 이름, 도시, 주, 우편번호 및 추가 지침을 포함하여 새 배송 주소와 관련된 모든 세부 정보를 입력합니다. 6. 입력한 모든 정보가 정확한지 다시 한번 확인하세요. 7. ""제출"" 또는 ""변경 사항 저장"" 버튼을 클릭하여 새 배송 주소 제출을 완료하세요. 문제가 발생하거나 고객님의 계정에서 절차가 다르게 나타저는 경우 주저하지 말고 추가 세부정보를 제공해 주시면 추가 지원을 해 드리겠습니다. 저희는 고객님이 새 배송 주소를 설정하는 과정을 원활하게 진행할 수 있도록 도와드립니다."
BQ,다른 배송 주소를 설정하는 방법을 모르겠어요,배송지,배송지 설정,"다른 배송 주소를 설정하는 방법을 잘 모르신다는 점을 이해합니다. 걱정하지 마세요. 제가 모든 단계에서 도움을 드리기 위해 여기 있습니다. 다른 배송 주소를 설정하려면 다음 지침을 따라 주세요. 1. 당사 웹사이트에서 고객님의 계정에 로그인하십시오. 2. ""계정"" 또는 ""프로필"" 섹션으로 이동합니다. 3. ""배송 주소"" 탭이나 유사한 옵션을 찾으십시오. 4. 기존 주소를 관리하려면 클릭하세요. 5. 새 주소를 추가하려면 ""새 주소 추가"" 또는 ""새 주소 만들기"" 버튼을 찾으세요. 6. 수취인 이름, 거리 주소, 도시, 주, 우편번호 등 다양한 배송 주소에 필요한 세부 정보를 입력하세요. 7. 정보가 정확한지 다시 한 번 확인한 후 '저장'을 클릭하여 새 배송 주소를 저장하세요. 다른 배송 주소를 설정하는 동안 어려움이 있거나 추가 질문이 있는 경우 알려주시면 기꺼이 도와드리겠습니다."
BIL,새 배송 주소를 제출하려면 어떻게 해야 하나요?,배송지,배송지 설정,"새 배송 주소를 제출하려면 다음 단계를 따라야 합니다. 1. 당사 웹사이트나 앱에서 고객님의 계정에 로그인하세요. 2. 계정 설정 또는 프로필 섹션으로 이동합니다. 3. 배송지 또는 배송 주소와 관련된 섹션을 찾으세요. 4. ""새 주소 추가"" 또는 유사한 옵션을 클릭하십시오. 5. 거리 이름, 시, 주, 우편번호 등 새 배송 주소에 필요한 정보를 입력하세요. 6. 입력된 세부정보가 정확한지 검토하고 필요한 경우 수정합니다. 7. 정보가 만족스러우면 ""제출"" 또는 ""저장"" 버튼을 클릭하여 새 배송 주소를 저장하세요. 이 과정에서 문제가 발생하거나 추가 지원이 필요한 경우 언제든지 알려주시기 바랍니다. 고객님의 새 배송 주소를 최대한 원활하게 설정하실 수 있도록 도와드리겠습니다."
BILW,빌어먹을 배달 주소는 어떻게 설정하나요?,배송지,배송지 설정,"배송 주소를 설정하는 동안 겪고 있는 불편함에 공감합니다. 저는 이 과정을 도와드리기 위해 왔습니다. 배송 주소를 설정하려면 다음 단계를 따르세요. 1. 당사 웹사이트에서 고객님의 계정에 로그인하십시오. 2. ""내 계정"" 섹션으로 이동합니다. 3. ""배송 주소"" 옵션이나 유사한 메뉴를 찾으십시오. 4. 새 주소를 추가하거나 기존 주소를 편집하려면 해당 주소를 클릭하세요. 5. 배송지 주소에 대한 정확한 정보를 필수 입력란에 입력하세요. 6. 세부정보가 정확한지 다시 확인하세요. 7. 변경 사항을 저장합니다. 어려움이 있거나 절차가 다르게 나타저는 경우, 문제가 발생한 부분에 대한 추가 정보를 주저하지 말고 제공해 주시기 바랍니다. 배송 주소를 설정하는 동안 발생하는 모든 문제를 해결하는 데 도움을 드리고자 왔습니다."
BLZ,배송주소를 설정하려고 합니다,배송지,배송지 설정,"저는 고객님이 배송 주소를 설정하려고 한다는 사실에 민감하며, 고객님을 도와드리기 위해 왔습니다. 원활한 절차를 보장하려면 다음 단계를 따라 주세요. 1. 당사 웹사이트에서 고객님의 계정에 로그인하십시오. 2. '내 계정' 또는 '프로필' 섹션으로 이동하세요. 3. '배송 주소' 또는 이와 유사한 옵션을 찾으십시오. 4. 계속 진행하려면 해당 옵션을 클릭하세요. 5. '새 주소 추가' 또는 '배송 주소 편집' 버튼이나 링크가 표시됩니다. 선택하세요. 6. 배송 주소의 정확한 세부정보로 모든 필수 필드를 입력하세요. 7. 입력한 정보가 정확한지 다시 한번 확인하세요. 8. 배송 주소 설정을 완료하기 위해 변경된 내용을 저장하세요. 문제가 발생하거나 추가 문의사항이 있으면 언제든지 알려주시기 바랍니다. 저는 이 과정을 도와드리고 만족을 보장하기 위해 왔습니다."
BEL,2차 배송지 설정 방법을 모르겠습니다.,배송지,배송지 설정,"보조 배송 주소를 설정하는 방법에 대해 잘 모르시는 것으로 확인되었습니다. 걱정하지 마세요. 제가 이 과정을 안내해 드리겠습니다. 보조 배송 주소를 설정하려면 다음 단계를 따르세요. 1. 당사 웹사이트에서 고객님의 계정에 로그인하십시오. 2. 계정 설정 또는 프로필 페이지로 이동합니다. 3. 배송 주소와 관련된 섹션을 찾으세요. 4. 새 주소를 추가하거나 기존 주소를 편집하는 옵션을 찾으세요. 5. 수취인 이름, 거리 주소, 도시, 주, 우편번호 및 필요한 추가 정보를 포함하여 보조 배송 주소의 세부 정보를 입력합니다. 6. 입력된 정보가 정확한지 확인하고 변경사항을 저장하세요. 보조 배송 주소를 설정하는 동안 어려움이 있거나 추가 질문이 있는 경우 [운영시간/기간]([고객센터전화번호]) 또는 당사 웹사이트([웹사이트/메뉴])의 라이브 채팅을 통해 언제든지 당사 고객 지원팀에 문의하세요. 저희는 모든 단계에서 고객님을 돕기 위해 여기 있습니다."
BCEL,보조 배송 주소가 유효하지 않습니다. 도와주세요.,배송지,배송지 설정,"잘못된 보조 배송 주소로 인한 고객님의 불만을 이해하며 이 문제를 해결하는 데 도움을 드리겠습니다. 문제를 해결하려면 다음 단계를 제안합니다. 1. 고객님의 계정에 로그인하고 '내 계정' 또는 '프로필' 섹션으로 이동하십시오. 2. '배송 주소' 또는 이와 유사한 섹션을 찾으십시오. 3. 입력한 보조 배송 주소가 필수 형식과 일치하고 거리, 도시, 주, 우편번호 등 필수 세부정보가 모두 포함되어 있는지 확인하세요. 4. 주소가 필수 형식을 충족하지 않는 경우 필요한 수정을 하여 모든 관련 필드가 올바르게 채워졌는지 확인하십시오. 5. 변경 사항을 저장하고 보조 배송 주소를 다시 입력해 보세요. 이 단계를 수행한 후에도 주소를 확인할 수 없는 경우 오류 메시지나 발생한 다른 문제에 대한 자세한 내용을 알려주시기 바랍니다. 문제의 정확한 성격을 이해함으로써 저희는 함께 협력하여 적절한 해결책을 찾을 수 있습니다."
BCL,배송지 주소를 제출해야 하는데 도와주세요,배송지,배송지 설정,"저는 고객님의 배송 주소 제출이 시급하다는 점을 잘 알고 있으며, 모든 단계에서 고객님을 도와드릴 것입니다. 원활한 절차를 보장하려면 다음 지침을 따라 주세요. 1. 로그인 정보를 사용하여 계정에 로그인합니다. 2. 계정 설정 또는 프로필 섹션으로 이동합니다. 3. ""배송 주소"" 또는 이와 유사한 옵션을 찾으십시오. 4. 주소를 찾으면 ""새 주소 추가"" 또는 ""배송 주소 편집"" 옵션을 선택하십시오. 5. 필수 입력란에 배송지 주소를 정확하게 입력해주세요. 6. 잠시 시간을 내어 입력한 정보에 오류나 누락된 데이터가 있는지 검토해 보세요. 7. 마지막으로 ""제출"" 또는 ""저장"" 버튼을 클릭하여 절차를 완료합니다. 어려움이 있거나 당사 플랫폼에 따라 절차가 다를 경우, 보다 맞춤화된 지원을 제공할 수 있도록 추가 세부정보를 제공해 주시기 바랍니다. 고객 만족이 저희의 최우선 사항이며, 저는 모든 단계에서 고객님을 도와드릴 것입니다."
BCIL,다른 배송 주소를 입력하고 싶은데 도와주실 수 있나요?,배송지,배송지 설정,"물론이죠! 다른 배송 주소를 입력하실 수 있도록 도와드리겠습니다. 원활한 절차를 보장하려면 다음 단계를 따라 주세요. 1. 고객님의 계정에 로그인하십시오. 2. '내 계정' 또는 '프로필' 섹션으로 이동하세요. 3. '배송 주소' 또는 이와 유사한 섹션을 찾으십시오. 4. '새 주소 추가' 또는 '배송 주소 편집' 옵션이 표시됩니다. 선택하세요. 5. 제공된 필드에 새 배송 주소의 세부 정보를 입력합니다. 6. 변경 사항을 저장합니다. 문제가 발생하거나 절차가 다른 경우, 어려움을 겪고 있는 부분에 대한 자세한 내용을 제공해 주시면 기꺼이 추가 지원을 제공해 드리겠습니다. 고객 만족을 최우선으로 생각합니다!"
BILPQ,내 보조 배송 주소를 제출해도 될까요?,배송지,배송지 설정,"보조 배송 주소 제출 요청을 확인합니다. 저희는 고객님을 돕기 위한 원활한 절차를 갖추고 있습니다. 진행 방법은 다음과 같습니다. 1. 당사 웹사이트나 앱에서 고객님의 계정에 로그인하세요. 2. ""내 계정"" 또는 ""프로필"" 섹션으로 이동합니다. 3. ""배송 주소"" 또는 유사한 옵션을 찾으십시오. 4. ""새 주소 추가"" 또는 ""배송 주소 편집"" 옵션을 선택하십시오. 5. 제공된 필드에 보조 배송 주소의 세부 정보를 정확하게 입력하세요. 6. 오류가 있는지 다시 확인하고 ""제출"" 또는 ""저장"" 버튼을 클릭하여 제출을 완료합니다. 문제가 발생하거나 절차가 다르게 보이는 경우, 추가 세부 정보를 제공하거나 당사 웹사이트의 라이브 채팅 또는 [고객센터전화번호]를 통해 고객 지원팀에 문의하시기 바랍니다. 보조 배송 주소가 성공적으로 제출될 수 있도록 모든 단계에서 도움을 드리고 있습니다."
BL,새 배송 주소 설정해 줘,배송지,배송지 설정,"최선을 다하겠습니다! 새로운 배송 주소를 설정하고 싶다는 점을 확인했습니다. 이에 대한 도움을 받으려면 다음 단계를 따라 주세요. 1. 당사 웹사이트에서 고객님의 계정에 로그인하십시오. 2. '계정' 또는 '프로필' 섹션으로 이동합니다. 3. '배송 주소' 또는 이와 유사한 옵션을 찾으십시오. 4. '새 주소 추가' 또는 '배송 주소 추가' 버튼을 선택하세요. 5. 수취인의 이름, 주소, 도시, 주, 우편번호 등 필수 세부정보를 입력하세요. 6. 제공된 정보의 정확성을 다시 한번 확인하세요. 7. 변경 사항을 저장합니다. 진행 중에 어려움이 발생하거나 추가 문의사항이 있으면 언제든지 알려주시기 바랍니다. 저는 고객님의 새 배송 주소 설정이 원활하게 이루어지도록 하기 위해 왔습니다."
BLM,보조 배송 주소 설정에 문제가 있습니다,배송지,배송지 설정,"고객님께서 보조 배송 주소를 설정하는 데 어려움을 겪고 계시다는 것을 알게 되었습니다. 불편을 끼쳐드려 죄송합니다. 이 문제를 해결하는 데 도움을 받으려면 다음 단계를 따르시기 바랍니다. 1. 고객님의 계정에 로그인하십시오. 2. 설정 또는 프로필 섹션으로 이동합니다. 3. ""배송 주소"" 또는 이와 유사한 옵션을 찾으십시오. 4. 새 주소를 추가하거나 기존 주소를 편집하는 옵션을 선택합니다. 5. 수취인의 이름, 거리 주소, 시, 주, 우편번호를 포함하여 보조 배송 주소의 세부 정보를 정확하게 입력하세요. 6. 필요한 정보를 모두 입력한 후 변경 사항을 저장합니다. 이 과정에서 오류 메시지가 표시되거나 추가적인 어려움이 발생할 경우 맞춤형 지원을 제공할 수 있도록 보다 구체적인 세부정보를 제공해 주시기 바랍니다. 안심하세요. 이 과정 전반에 걸쳐 도움을 드리고 보조 배송 주소가 올바르게 설정되었는지 확인하겠습니다."
BL,보조 배송 주소 제출 지원,배송지,배송지 설정,보조 배송 주소를 제출하는 데 도움이 필요하다고 들었습니다. 할 수 있는 작업은 다음과 같습니다. 1. 고객님의 계정에 로그인하십시오. 2. '내 계정' 또는 '프로필' 섹션으로 이동하세요. 3. '배송 주소' 또는 이와 유사한 옵션을 찾으십시오. 4. 이를 클릭하면 배송 주소를 관리할 수 있는 섹션에 액세스할 수 있습니다. 5. 새 주소를 추가할 수 있는 필드나 버튼을 찾으세요. 6. 제공된 필드에 보조 배송 주소의 세부 정보를 입력합니다. 7. 정보가 정확한지 다시 확인하세요. 8. 마지막으로 '제출' 또는 '저장' 버튼을 클릭하여 변경 사항을 저장하세요. 이 과정에서 어려움이 발생하거나 화면에서 단계가 다르게 나타저는 경우 문제가 발생한 위치에 대한 추가 정보를 제공해 주시면 기꺼이 도와드리겠습니다.
BLMW,배달 주소를 설정하는 중에 오류가 발생했습니다,배송지,배송지 설정,"배송지 설정 중 오류가 발생하여 불편을 끼쳐드려 죄송합니다. 더 나은 지원을 위해 발생한 특정 오류에 대한 자세한 내용을 제공해 주시겠습니까? 오류 메시지를 받았는지, 이미 수행한 단계 및 기타 관련 정보를 알고 있으면 도움이 될 것입니다. 이 추가 정보를 통해 더 자세히 조사하고 오류를 효율적으로 해결할 수 있는 적절한 솔루션이나 지원을 제공할 수 있습니다. 양해해 주셔서 감사합니다. 모든 단계에서 도움을 드릴 수 있도록 최선을 다하겠습니다."
BL,새로운 배송 주소를 설정하고 싶어요,배송지,배송지 설정,최선을 다하겠습니다! 새 배송 주소 설정을 도와드리겠습니다. 이렇게 하려면 다음 단계를 따르세요. 1. 당사 웹사이트에서 고객님의 계정에 로그인하십시오. 2. 계정 설정 또는 프로필 섹션으로 이동합니다. 3. 주소나 배송 정보를 관리하는 옵션을 찾으세요. 4. 새 주소를 추가하거나 기존 주소를 편집하려면 버튼을 찾으세요. 5. 새 배송 주소의 세부정보를 필수 입력란에 입력하세요. 6. 정보가 정확한지 다시 확인하고 저장 또는 업데이트를 클릭하세요. 진행 중에 어려움을 겪거나 궁금한 점이 있으면 주저하지 말고 문의하세요. 우리 고객 지원팀이 기꺼이 도와드릴 것입니다.
BL,배송지 주소를 제출하고 싶어요,배송지,배송지 설정,"배송 주소를 제출하고 싶다는 점을 이해했으며, 이에 대해 도움을 드리고자 합니다. 배송 주소를 제출하려면 다음 단계를 따르세요. 1. 고객님의 계정에 로그인하십시오. 2. '내 계정' 또는 '프로필' 섹션으로 이동하세요. 3. '배송 주소' 또는 이와 유사한 섹션을 찾으십시오. 4. '새 주소 추가' 또는 '배송 주소 편집' 옵션이 있어야 합니다. 선택하세요. 5. 제공된 필드에 배송 주소 세부 정보를 입력하세요. 6. 입력한 정보가 정확한지 다시 한번 확인하세요. 7. 모든 내용이 정확하다고 확신하면 '제출' 또는 '저장' 버튼을 클릭하여 배송 주소를 제출하세요. 이 과정에서 어려움을 겪거나 궁금한 점이 있으면 언제든지 알려주시기 바랍니다. 저는 도와주러 왔습니다!"
BL,내 배송 주소를 입력하는 데 도움이 됩니다,배송지,배송지 설정,"배송 주소를 입력하는 데 도움이 필요하신 것으로 알고 있으며, 이에 대해 도와드리겠습니다. 원활한 절차를 보장하려면 다음 단계를 따라 주세요. 1. 고객님의 계정에 로그인하십시오. 2. '내 계정' 또는 '프로필' 섹션으로 이동하세요. 3. '배송 주소' 또는 이와 유사한 옵션을 찾으십시오. 4. '새 주소 추가' 또는 '배송 주소 편집' 옵션을 선택하세요. 5. 거리, 도시, 주, 우편번호 등 배송 주소 세부정보를 필수 입력란에 입력하세요. 6. 입력된 정보가 정확한지 다시 한번 확인하세요. 7. 변경 사항을 저장합니다. 이 과정에서 문제가 발생하거나 추가 질문이 있는 경우 언제든지 알려주시기 바랍니다. 추가 지원을 제공하고 배송 주소가 제대로 입력되었는지 확인하기 위해 왔습니다."
BLW,빌어먹을 배송지 주소 설정하는 것 좀 도와줘,배송지,배송지 설정,고객님이 불만스러워서 배송 주소 설정에 도움이 필요하다는 사실을 알게 되었습니다. 불편을 끼쳐드려 죄송합니다. 이 문제를 해결하려면 다음 단계를 따르세요. 1. 고객님의 계정에 로그인하십시오. 2. 프로필 또는 계정 설정으로 이동합니다. 3. 배송 주소 섹션을 찾으세요. 4. 새 주소를 추가하거나 기존 주소를 편집할 수 있는 옵션이 있어야 합니다. 5. 배송 주소에 필요한 세부 정보를 입력하세요. 6. 정보를 검토하여 정보가 정확한지 확인하세요. 7. 변경 사항을 저장합니다. 문제가 발생하거나 추가 질문이 있는 경우 주저하지 말고 고객 지원팀에 문의하세요. 그들은 고객님을 지원하고 필요한 지침을 제공할 수 있습니다.
BLQ,내 배송 주소를 제출하려고 해요,배송지,배송지 설정,"배송 주소를 제출하는 데 어려움을 겪고 계시다는 사실에 민감합니다. 이 문제를 해결하기 위해 함께 노력합시다. 시도해 볼 수 있는 몇 가지 단계는 다음과 같습니다. 1. 정보를 다시 확인하세요. 주소, 우편번호, 연락처 등 필수 항목이 모두 올바르게 입력되었는지 확인하세요. 정보가 누락되거나 부정확할 경우 성공적인 제출이 불가능할 수 있습니다. 2. 캐시 및 쿠키 삭제: 때로는 브라우저에 저장된 데이터로 인해 기술적인 문제가 발생할 수 있습니다. 캐시와 쿠키를 지우면 페이지를 새로 고치고 제출 문제를 해결하는 데 도움이 될 수 있습니다. 3. 다른 브라우저를 사용해 보십시오. 특정 브라우저는 당사 웹사이트와 호환성 문제가 있을 수 있습니다. 다른 브라우저를 사용하여 배송 주소를 제출해 보세요. 이는 문제가 브라우저에 국한된 것인지 여부를 식별하는 데 도움이 될 수 있습니다. 4. 지원팀에 문의하세요. 위의 해결 방법 중 어느 것도 효과가 없으면 전담 지원팀이 추가 지원을 해드릴 준비가 되어 있습니다. 절차를 안내하고, 실시간으로 문제를 해결하고, 필요한 경우 수동 제출을 지원할 수 있습니다. 이러한 제안 사항이 도움이 되거나 추가 지원이 필요한 경우 알려주시기 바랍니다. 고객 만족이 저희의 최우선 사항입니다."
BLQZ,응 배송 주소를 유효하게 설정할 수 없어,배송지,배송지 설정,배송 주소를 설정하는 데 있어 좌절감과 혼란을 느끼셨다는 점을 잘 듣고 있습니다. 주소가 유효한지 확인하는 데 어려움을 겪고 있는 것 같습니다. 이 문제를 해결하기 위해 함께 노력합시다! 시작하려면 지정된 필드에 정확한 주소 세부정보를 입력했는지 확인하세요. 유효성 검사 문제를 일으킬 수 있는 오타나 정보 누락이 있는지 다시 확인하세요. 성공적으로 진행하려면 정확하고 완전한 정보를 입력하는 것이 중요합니다. 주소의 정확성을 확인한 후에도 여전히 문제가 발생하는 경우 문제를 일으키는 다른 요인이 있을 수 있습니다. 주소 형식이 당사 시스템과 호환되지 않거나 특정 주소에 제한이 있을 수 있습니다. 이러한 경우에는 고객 지원팀에 문의하여 추가 지원을 받는 것이 좋습니다. 이들은 이 특정 문제를 해결하는 데 도움이 되는 고급 도구와 리소스에 액세스할 수 있습니다. 당사 고객 지원팀은 [고객센터전화번호]로 [운영시간/기간] 또는 당사 웹사이트 [웹사이트/메뉴]의 라이브 채팅을 통해 연락 가능합니다. 그들은 기꺼이 절차를 안내하고 배송 주소가 올바르게 설정되었는지 확인할 것입니다.
BLQW,또 다른 망할 배송 주소를 제출하는 데 도움이 필요해요,배송지,배송지 설정,배송 주소를 제출하는 동안 겪을 수 있는 좌절이나 어려움에 대해 사과드립니다. 안심하세요. 제가 도와드리겠습니다. 원활한 절차를 보장하려면 다음 단계를 따라 주세요. 1. 고객님의 계정에 로그인하십시오. 2. '내 계정' 또는 '프로필' 섹션으로 이동하세요. 3. '배송 주소' 또는 이와 유사한 옵션을 찾으십시오. 4. '새 주소 추가' 또는 '배송 주소 편집'을 선택하세요. 5. 해당 필드에 새 배송 주소의 세부 정보를 입력합니다. 6. 잠시 시간을 내어 정보가 정확한지 검토해 보세요. 7. 변경 사항을 저장합니다. 도중에 장애물이 발생하거나 절차가 다른 경우 직면한 문제에 대해 보다 구체적인 세부정보를 제공해 주세요. 저희는 함께 이 문제를 해결하고 배송 주소가 성공적으로 제출되도록 노력할 것입니다.
BCLQWZ,너한테 망할 배달 주소를 설정해야 하는데 도움이 필요해,배송지,배송지 설정,고객님께서 배송 주소 설정에 대해 불만과 열망을 갖고 계시다는 것을 깨달았습니다. 지금까지 불편을 끼쳐드린 점 사과드립니다. 안심해 주세요. 저는 모든 단계에서 고객님을 도와드릴 것입니다. 시작해 봅시다: 1. 당사 웹사이트에서 고객님의 계정에 로그인하십시오. 2. '내 계정' 또는 '프로필' 섹션을 찾으세요. 3. 해당 섹션 내에서 '배송 주소' 또는 유사한 옵션으로 이동합니다. 4. '새 주소 추가' 또는 '배송 주소 편집' 옵션이 있어야 합니다. 그것을 클릭하세요. 5. 정확성과 완전성을 보장하기 위해 배송 주소에 필요한 세부 정보를 입력하세요. 6. 주소를 입력한 후 변경 사항을 저장하는 것을 잊지 마세요. 진행 중에 어려움이 있거나 추가 문의사항이 있으면 알려주시기 바랍니다. 저는 고객님이 직면할 수 있는 모든 문제를 최대한의 헌신과 관심으로 해결하기 위해 최선을 다하고 있습니다.
BILQZ,새 배송 주소를 설정하는 방법,배송지,배송지 설정,"고객님께서 새 배송 주소를 설정하는 방법에 대한 지침을 찾고 계시다는 것을 확인했습니다. 이 과정에서 제가 도움을 드릴 수 있도록 하겠습니다. 아래 단계를 따라 주세요. 1. 당사 웹사이트 또는 모바일 앱에서 고객님의 계정에 로그인하십시오. 2. ""내 계정"" 또는 ""프로필"" 섹션으로 이동합니다. 3. ""배송 주소"" 또는 유사한 옵션을 찾으십시오. 4. ""새 주소 추가"" 또는 ""배송 주소 편집""에 대한 버튼이나 링크를 찾아야 합니다. 클릭하세요. 5. 새 배송 주소의 세부정보를 필수 입력란에 입력하세요. 6. 정보의 정확성과 완전성을 다시 한번 확인하세요. 7. 변경 사항을 저장합니다. 문제가 발생하거나 고객님의 계정에서 절차가 다르게 나타저는 경우 추가 지원을 제공할 수 있도록 자세한 내용을 알려 주시기 바랍니다."
BL,다른 배송 주소를 설정하는 방법을 모르겠습니다.,배송지,배송지 설정,"다른 배송 주소를 설정하는 방법을 잘 모르신다는 사실을 알고 있습니다. 걱정하지 마세요. 제가 이 과정을 안내해 드리겠습니다. 다른 배송 주소를 설정하려면 다음 단계를 따르세요. 1. 고객님의 계정에 로그인하십시오. 2. ""내 계정"" 또는 ""프로필"" 섹션으로 이동합니다. 3. ""배송 주소"" 또는 유사한 옵션을 찾으십시오. 4. 계속 진행하려면 ""새 주소 추가"" 또는 ""배송 주소 편집""을 선택하세요. 5. 수취인 이름, 거리 주소, 도시, 시/도, 우편번호 등 새 배송 주소의 세부 정보를 입력합니다. 6. 입력한 모든 정보가 올바른지 다시 확인하세요. 7. 변경 사항을 저장하여 계정에 새 배송 주소를 추가하세요. 이 과정에서 어려움이 발생하거나 계정에서 단계가 다르게 나타저는 경우, 보다 효과적으로 도움을 드릴 수 있도록 문제가 발생한 부분에 대한 세부정보를 제공해 주시기 바랍니다."
BLQW,빌어먹을 배송 주소를 입력하는 데 도움이 필요해요,배송지,배송지 설정,"배송 주소 입력에 대한 안내를 문의하신 것으로 확인되었습니다. 고객님께서 겪으셨을 수 있는 불편함에 대해 사과드립니다. 이 문제를 함께 해결해 봅시다. 배송 주소를 입력하는 데 도움이 되는 단계는 다음과 같습니다. 1. 고객님의 계정에 로그인하십시오. 2. '계정' 또는 '프로필' 섹션으로 이동합니다. 3. ""배송 주소"" 또는 이와 유사한 옵션을 찾으십시오. 4. 새 주소를 추가하거나 기존 주소를 편집하는 옵션을 선택합니다. 5. 거리명, 도시, 주, 우편번호 등 배송 주소 세부정보를 입력하세요. 6. 입력된 정보가 정확한지 검토하고 변경 사항을 저장합니다. 여전히 문제가 발생하거나 추가 지원이 필요한 경우 문제가 있는 부분에 대한 구체적인 세부정보를 제공해 주시면 기꺼이 추가 지원을 해 드리겠습니다. 고객 만족과 편리함은 우리에게 중요하며 고객님이 배송 주소를 성공적으로 업데이트할 수 있도록 최선을 다해 지원하고 있습니다."
BL,배송 주소 입력에 도움이 필요합니다,배송지,배송지 설정,"배송 주소 입력과 관련하여 도움을 요청해주셔서 감사합니다. 걱정하지 마세요. 제가 이 과정을 안내해 드리겠습니다. 배송 주소를 입력하려면 다음 단계를 따르세요. 1. 당사 웹사이트에서 고객님의 계정에 로그인하십시오. 2. 계정 설정 또는 프로필 섹션으로 이동합니다. 3. 배송 주소를 관리하는 옵션을 찾으세요. 4. ""새 주소 추가"" 또는 유사한 버튼을 클릭하십시오. 5. 거리, 도시, 주, 우편번호 등 새 배송 주소 세부정보로 필수 필드를 입력합니다. 6. 입력한 정보가 정확한지 다시 한번 확인하세요. 7. 주소 변경 사항을 저장합니다. 이 과정에서 어려움이 있거나 추가 질문이 있는 경우 언제든지 고객 지원팀에 문의해 주세요. 기꺼이 도와드리겠습니다. 저희는 고객님의 배송 주소가 올바르게 입력되었는지 확인하고 고객님이 서비스를 원활하게 이용할 수 있도록 최선을 다하고 있습니다."
BLZ,배송지 주소를 입력할 수 없습니다,배송지,배송지 설정,배송지 주소 입력 문제로 불편을 끼쳐드려 죄송합니다. 저는 이 문제를 해결하는 데 도와드리겠습니다. 문제를 더 잘 이해할 수 있도록 현재 겪고 있는 특정 오류나 어려움에 대한 자세한 내용을 제공해 주시겠습니까? 이 정보는 고객님께 가장 정확한 솔루션을 제공하고 배송 주소 설정 절차를 신속하게 처리하는 데 도움이 됩니다. 협조해 주셔서 감사합니다. 앞으로도 더 많은 도움을 드리겠습니다!
BL,보조 배송 주소 설정에 도움이 필요합니다.,배송지,배송지 설정,"보조 배송 주소 설정과 관련하여 도움을 요청하신 것으로 알고 있으며, 과정을 안내해 드리겠습니다. 다음 단계를 따르세요. 1. 고객님의 계정에 로그인하십시오. 2. '내 계정' 또는 '프로필' 섹션으로 이동하세요. 3. '배송 주소' 또는 이와 유사한 섹션을 찾으십시오. 4. '새 주소 추가' 옵션이 표시됩니다. 선택하세요. 5. 제공된 필드에 보조 배송 주소의 세부정보를 입력하세요. 6. 변경 사항을 저장합니다. 어려움이 있거나 절차가 다르게 나타저는 경우 문제가 발생한 부분에 대한 자세한 내용을 제공해 주세요. 고객님의 보조 배송 주소가 성공적이고 정확하게 설정되도록 도와드리겠습니다."
BLW,또 다른 빌어먹을 배송 주소를 입력할 수 없어요,배송지,배송지 설정,다른 배송 주소를 입력할 수 없어 답답하신 점 이해합니다. 이 문제를 해결하는 데 도움을 드리겠습니다. 발생한 특정 오류에 대한 자세한 내용을 제공해 주시겠습니까? 오류 메시지를 받거나 특정한 문제에 직면하고 있나요? 이 정보를 통해 고객님이 배송 주소를 성공적으로 입력할 수 있도록 적절한 지침을 제공할 수 있습니다.
BLQ,새 배송 주소를 입력하고 싶어요,배송지,배송지 설정,새로운 배송 주소를 입력해 주셔서 진심으로 감사드립니다. 이를 설정하려면 다음 단계를 따르세요. 1. 고객님의 계정에 로그인하십시오. 2. '내 계정' 또는 '프로필' 섹션으로 이동하세요. 3. '배송 주소' 또는 이와 유사한 섹션을 찾으십시오. 4. '새 주소 추가' 또는 '배송 주소 편집' 옵션을 찾아야 합니다. 그것을 클릭하세요. 5. 제공된 필드에 새 배송 주소의 세부 정보를 입력합니다. 6. 정보의 정확성을 다시 확인하고 변경 사항을 저장합니다. 이 과정에서 어려움이 발생하거나 단계가 상황에 따라 달라지는 경우 문제가 있는 특정 영역을 알려주시기 바랍니다. 저는 모든 단계에서 고객님을 돕기 위해 여기 있을 것입니다.
BIL,새 배송 주소를 어디에 제출해야 하나요?,배송지,배송지 설정,"새 배송 주소를 어디에 제출해야 할지 잘 모르시는 것으로 확인되었습니다. 저는 고객님께 그 과정을 안내하기 위해 왔습니다. 새 배송 주소를 제출하려면 다음 단계를 따르세요. 1. 당사 웹사이트에서 고객님의 계정에 로그인하십시오. 2. ""내 계정"" 또는 ""프로필"" 섹션으로 이동합니다. 3. ""배송 주소"" 또는 유사한 옵션을 찾으십시오. 4. 해당 섹션 내에서 ""새 주소 추가""라고 표시된 버튼이나 링크를 찾을 수 있습니다. 그것을 클릭하세요. 5. 거리, 도시, 주, 우편번호 등 새 배송 주소의 세부정보를 입력할 수 있는 양식이 나타납니다. 6. 입력한 정보가 정확한지 다시 한번 확인하세요. 7. 주소 세부정보가 만족스러우면 '제출' 또는 '저장' 버튼을 클릭하여 제출을 완료하세요. 이 단계를 수행하는 동안 문제가 발생하거나 당사 플랫폼에서 절차가 다른 경우 직면한 특정 문제에 대한 자세한 내용을 제공해 주세요. 저는 고객님을 추가로 지원하고 고객님의 새 배송 주소에 대한 원활한 제출 절차를 보장하기 위해 왔습니다."
BILPQWZ,빌어먹을 배달 주소를 어떻게 입력해?,배송지,배송지 설정,"배송 주소를 입력하는 동안 불편을 끼쳐드려 죄송합니다. 저는 이 문제를 해결하는 데 도와드리겠습니다. 다음 단계를 따라 주세요. 1. 고객님의 계정에 로그인하십시오. 2. '내 계정' 또는 '프로필' 섹션으로 이동하세요. 3. '배송 주소' 또는 이와 유사한 섹션을 찾으십시오. 4. '새 주소 추가' 또는 '배송 주소 편집' 옵션을 클릭하세요. 5. 제공된 필드에 배송 주소 세부정보를 입력하세요. 6. 변경 사항을 저장합니다. 어려움이 있거나 절차가 다르게 보이는 경우, 직면한 특정 문제에 대해 자세한 내용을 제공해 주시면 기꺼이 도와드리겠습니다."
BLQZ,배송 주소를 제출해야 해요,배송지,배송지 설정,"배송 주소를 제출해야 한다는 것을 깨달았습니다. 이 과정에서 제가 도움을 드릴 수 있도록 하겠습니다. 배송 주소를 제출하는 방법에 대한 단계별 가이드는 다음과 같습니다. 1. 당사 웹사이트에서 고객님의 계정에 로그인하십시오. 2. '내 계정' 또는 '프로필' 섹션으로 이동하세요. 3. '배송 주소' 또는 이와 유사한 옵션을 찾으십시오. 4. 기존 배송 주소에 액세스하려면 해당 버튼을 클릭하세요. 5. '새 주소 추가' 또는 기존 주소 '수정' 옵션을 선택합니다. 6. 수취인 이름, 거리 주소, 도시, 주, 우편번호 등 새 배송 주소에 필요한 세부 정보를 입력합니다. 7. 제출하기 전에 정보가 정확한지 다시 한번 확인하세요. 8. 변경 사항을 저장합니다. 이 과정에서 문제가 발생하거나 추가 질문이 있는 경우 언제든지 알려주시기 바랍니다. 고객님의 배송 주소가 원활하게 제출될 수 있도록 도와드리겠습니다."
BCLW,빌어먹을 보조 배송 주소를 제출해야 하는데 도와주세요,배송지,배송지 설정,"보조 배송 주소 제출과 관련하여 도움이 필요하다는 점을 확인했으며, 불편을 끼쳐드려 죄송합니다. 저는 이 문제를 해결하는 데 도와드리겠습니다. 보조 배송 주소를 제출하려면 다음 단계를 따르세요. 1. 고객님의 계정에 로그인하십시오. 2. 계정 설정 또는 프로필 섹션으로 이동합니다. 3. 배송 주소를 관리하는 옵션을 찾으세요. 4. 새 주소를 추가하거나 기존 주소를 편집하는 옵션을 선택합니다. 5. 정확하고 완전한 정보를 제공하도록 2차 배송 주소의 세부 정보를 입력하세요. 6. 변경 사항을 저장합니다. 어려움이 있거나 절차가 다르게 나타저는 경우 문제가 발생한 위치에 대한 보다 구체적인 세부정보를 제공해 주세요. 이렇게 하면 문제를 더 잘 이해하고 적절한 지침을 제공하는 데 도움이 됩니다. 고객 만족이 최우선이며 보조 배송 주소를 성공적으로 제출할 수 있도록 최선을 다해 도와드리겠습니다."
BL,내 배송 주소 설정,배송지,배송지 설정,"배송 주소 설정에 대한 안내가 필요하다는 점을 이해합니다. 이는 필수적인 단계이며 제가 도와드리겠습니다. 배송 주소를 설정하려면 다음의 간단한 단계를 따라 주세요. 1. 계정에 로그인하거나 아직 로그인하지 않은 경우 새 계정을 만드세요. 2. 일반적으로 페이지 오른쪽 상단에 있는 '내 계정' 또는 '프로필' 섹션으로 이동합니다. 3. 아래로 스크롤하여 '배송 주소' 또는 '배송 세부정보' 탭을 찾습니다. 4. '새 주소 추가' 또는 '주소 수정' 버튼을 클릭하세요. 5. 수취인 이름, 거리 주소, 도시, 주, 우편번호 및 기타 필수 정보 등 배송 주소에 필요한 세부 정보를 입력하는 양식이 제공됩니다. 6. 입력한 정보가 고객님의 배송 기본 설정과 일치하는지 다시 한번 확인하세요. 7. 변경 사항을 저장합니다. 문제가 발생하거나 사이트에서 절차가 다르게 나타저는 경우 구체적인 세부정보를 알려주세요. 최선을 다해 도와드리겠습니다. 안심하세요. 제 목표는 원활한 구매 경험을 위해 배송 주소를 올바르게 설정하는 것입니다."
BEL,유효한 새 배송 주소를 설정할 수 없는 이유,배송지,배송지 설정,"새로운 유효한 배송 주소를 설정하는 데 문제가 있다는 소식을 들으니 안타깝습니다. 함께 탐구하고 고객님을 위한 해결책을 찾아봅시다. 문제가 발생하는 데에는 다음과 같은 몇 가지 이유가 있을 수 있습니다. 1. 고객님의 계정에 로그인되어 있는지 확인하십시오. 유효한 로그인이 없으면 새 배송 주소를 추가하는 데 필요한 권한이 없을 수 있습니다. 2. 이미 허용된 최대 배송 주소 수에 도달했는지 확인하세요. 일부 시스템에는 추가할 수 있는 주소 수가 제한되어 있습니다. 이 한도에 도달한 경우 새 주소를 추가하기 전에 기존 주소를 수정하거나 삭제해야 할 수도 있습니다. 3. 모든 필수 필드를 올바르게 입력했는지 확인하십시오. 번지, 시, 도, 우편번호 및 기타 필수 항목을 포함한 주소 세부정보를 정확하게 입력했는지 확인하세요. 4. 주소 형식이 시스템에서 허용하는 형식과 일치하는지 다시 확인하세요. 시스템마다 약어 사용, 추가 정보 제공 등 주소 형식에 대한 특정 요구 사항이 있을 수 있습니다. 이러한 해결 방법으로도 문제가 해결되지 않으면 발생한 오류 메시지나 기타 오류 표시기에 대한 자세한 내용을 알려주시기 바랍니다. 이렇게 하면 제가 고객님을 추가로 지원하고 보다 맞춤화된 솔루션을 제공하는 데 도움이 될 것입니다."
BL,다른 배송 주소를 입력하려고 합니다.,배송지,배송지 설정,이 문제를 알려주셔서 감사합니다. 다른 배송 주소를 입력하려고 하셔서 문제가 발생한 것으로 알고 있습니다. 더 나은 지원을 위해 새 주소를 입력하는 동안 직면하게 되는 특정 오류나 문제에 대한 자세한 내용을 제공해 주시겠습니까? 이 정보를 통해 고객님께 보다 정확한 지침을 제공하고 문제를 신속하게 해결하는 데 도움이 될 것입니다.
BL,배송주소를 입력하려면 어떻게 해야 하는지 모르겠어요,배송지,배송지 설정,"배송지 입력 과정에 대해 확신이 없으실 수도 있는 것으로 파악되었습니다. 다음 단계를 안내해 드리겠습니다. 1. 당사 웹사이트에서 고객님의 계정에 로그인하십시오. 2. '계정' 또는 '프로필'이라는 옵션을 찾으세요. 3. '배송 주소' 섹션으로 이동합니다. 4. 배송 주소를 '추가' 또는 '수정'할 수 있는 옵션이 표시됩니다. 그것을 클릭하세요. 5. 필수 필드에 완전하고 정확한 배송 주소 정보를 입력하세요. 6. 입력한 정보가 정확한지 다시 한번 확인하세요. 7. 마지막으로 '저장' 버튼을 클릭하여 배송지 주소를 제출하세요. 어려움이 있거나 절차가 다르게 나타저는 경우 문제가 있는 부분에 대해 자세한 내용을 제공해 주시면 기꺼이 도와드리겠습니다. 고객 만족이 저희의 최우선 과제이며, 저희는 모든 단계에서 고객님을 도와드릴 것입니다!"
BELZ,왜 유효한 배송 주소를 설정할 수 없나요?,배송지,배송지 설정,"유효한 배송 주소를 설정할 수 없어 발생한 불만에 대해 알려드립니다. 입력한 모든 세부 정보가 정확하고 요구 사항을 충족하는지 확인하는 것이 중요합니다. 문제를 해결하기 위해 따를 수 있는 몇 가지 단계는 다음과 같습니다. 1. 주소 형식을 다시 확인하세요. 거리 이름, 번호, 도시, 주, 우편번호 등 필요한 정보를 모두 포함했는지 확인하세요. 2. 입력한 주소가 유효한 배송 주소인지 확인하세요. 일부 주소는 불완전하거나 부정확할 경우 시스템에서 인식되지 않을 수 있습니다. 공식 우편 서비스를 통해 주소를 대조 확인하거나 주소의 유효성을 확인하는 온라인 도구를 사용할 수 있습니다. 3. 배송지 입력 시 특별한 안내사항이나 제한사항이 있는지 확인해주세요. 일부 시스템에는 주소 필드의 형식, 문자 또는 길이에 관한 특정 규칙이 있을 수 있습니다. 해당 지침을 따르고 있는지 확인하세요. 4. 여전히 유효한 배송 주소를 설정할 수 없는 경우 고객 지원팀에 문의하여 추가 지원을 받으십시오. 그들은 절차를 안내하고 직면한 문제를 해결하는 데 도움을 줄 수 있습니다. 저희는 모든 단계에서 고객님을 돕기 위해 여기 있다는 것을 기억하십시오. 함께 해결책을 찾고 배송 주소를 성공적으로 설정할 수 있습니다."
BLQ,내 보조 배송 주소를 설정하고 싶어,배송지,배송지 설정,고객님이 보조 배송 주소를 설정하고 싶다는 것을 확인했으며 도와드리겠습니다. 보조 배송 주소 설정은 계정 설정을 통해 수행할 수 있습니다. 따를 수 있는 단계는 다음과 같습니다. 1. 고객님의 계정에 로그인하십시오. 2. '내 계정' 또는 '프로필' 섹션으로 이동하세요. 3. '배송 주소' 또는 이와 유사한 옵션을 찾으십시오. 4. 배송 주소 섹션 내에서 '새 주소 추가' 또는 '배송 주소 편집' 옵션을 찾을 수 있습니다. 선택하세요. 5. 해당 필드에 보조 배송 주소의 세부정보를 입력하세요. 6. 필요한 정보를 모두 입력한 후 '저장' 또는 유사한 버튼을 클릭하여 변경 사항을 확인하세요. 이 과정에서 어려움이 있거나 추가 지원이 필요한 경우 알려주시기 바랍니다. 저는 고객님의 절차를 최대한 원활하게 진행하도록 돕기 위해 왔습니다.
BILQ,내 배송 주소 입력하는 방법,배송지,배송지 설정,"물론입니다. 배송 주소를 입력하는 과정을 안내해 드릴 수 있습니다. 단계는 다음과 같습니다. 1. 계정에 로그인하여 시작하세요. 2. ""내 계정"" 또는 ""프로필"" 섹션으로 이동합니다. 3. ""배송 주소"" 또는 이와 유사한 옵션을 찾으십시오. 4. 클릭하시면 배송지 관리 페이지로 접속됩니다. 5. ""새 주소 추가"" 또는 ""배송 주소 편집"" 옵션이 표시됩니다. 적절한 것을 선택하십시오. 6. 거리, 도시, 주, 우편번호 등 배송 주소 세부정보를 필수 입력란에 입력하세요. 7. 정보가 정확한지 다시 확인하고 필요한 경우 수정합니다. 8. 입력한 주소에 만족하면 변경 사항을 저장합니다. 절차 중에 문제가 발생하거나 위에서 언급한 단계가 인터페이스와 일치하지 않는 경우, 문제가 있는 부분에 대한 자세한 내용을 제공해 주시면 기꺼이 도와드리겠습니다."
BCL,새 배송 주소를 제출해야 하는데 도움이 필요합니다,배송지,배송지 설정,"새 배송 주소를 제출하는 데 도움이 필요하다는 점을 이해하고 있습니다. 저는 고객님께 그 과정을 안내하기 위해 왔습니다. 다음 단계를 따라 주세요. 1. 당사 웹사이트에서 고객님의 계정에 로그인하십시오. 2. ""내 계정"" 또는 ""프로필"" 섹션으로 이동합니다. 3. ""배송 주소"" 또는 이와 유사한 옵션을 찾으십시오. 4. ""새 주소 추가"" 또는 ""배송 주소 편집"" 옵션을 선택합니다. 5. 새 배송 주소의 세부정보를 필수 필드에 입력하세요. 6. 정보가 정확한지 검토한 후 변경 사항을 저장합니다. 문제가 발생하거나 추가 질문이 있는 경우 주저하지 말고 알려주시기 바랍니다. 저는 모든 단계에서 고객님을 돕기 위해 여기 있습니다."
BILQ,내 배송 주소를 설정할 수 있나요?,배송지,배송지 설정,"물론입니다! 배송지 설정은 절대적으로 가능합니다. 저는 고객님을 돕기 위해 여기 있습니다. 시작해 봅시다! 배송 주소를 설정하려면 몇 가지 간단한 단계를 따라야 합니다. 1. 고객님의 계정에 로그인하십시오. 2. '내 계정' 또는 '프로필' 섹션으로 이동하세요. 3. '배송 주소' 또는 이와 유사한 옵션을 찾으십시오. 4. 해당 섹션 내에서 '새 주소 추가' 또는 '배송 주소 편집' 옵션을 찾을 수 있습니다. 선택하세요. 5. 거리 이름, 도시, 주, 우편번호 및 기타 필수 정보를 포함한 배송 주소 세부 정보를 입력하세요. 6. 모든 세부정보가 정확하고 최신인지 확인하세요. 7. 변경 사항을 저장합니다. 이 과정에서 어려움이 있거나 문제가 발생하는 경우 문제가 있는 부분에 대한 자세한 내용을 제공해 주시면 기꺼이 도와드리겠습니다."
BLQ,배송 주소를 제출하는 방법을 모르겠어요,배송지,배송지 설정,"배송 주소를 제출하는 방법을 잘 모르신다는 점을 인정합니다. 제가 도와드리겠습니다: 1. 고객님의 계정에 로그인하십시오. 2. ""내 계정"" 또는 ""프로필"" 섹션으로 이동합니다. 3. ""배송 주소"" 또는 유사한 옵션을 찾으십시오. 4. ""새 주소 추가"" 또는 ""배송 주소 편집"" 옵션을 선택하십시오. 5. 거리, 도시, 주, 우편번호 등 배송 주소에 필요한 세부 정보를 입력하세요. 6. 입력된 정보가 정확한지 다시 한번 확인하세요. 7. 변경 사항을 저장합니다. 여전히 배송 주소를 제출하는 데 문제가 있거나 특정 계정에 따라 절차가 다른 경우, 문제가 발생한 부분에 대한 자세한 내용을 제공해 주시면 기꺼이 도와드리겠습니다."
BELQ,유효한 보조 배송 주소를 제출할 수 없습니다,배송지,배송지 설정,"유효한 보조 배송 주소를 제출할 수 없어 불편을 끼쳐드린 점 이해합니다. 해결책을 찾기 위해 함께 노력합시다. 이 문제가 발생할 수 있는 이유 중 하저는 입력한 정보에 오류가 있기 때문일 수 있습니다. 주소 형식, 우편번호, 기타 필수 항목 등 입력하는 세부정보를 다시 확인하세요. 제출 실패의 원인이 될 수 있는 특수 문자나 기호가 있는지 확인하는 것도 좋습니다. 이 모든 작업을 수행한 후에도 여전히 문제가 발생하는 경우 고객 지원팀에 문의하세요. 이 문제를 해결하는 데 도움을 드리고 보조 배송 주소가 성공적으로 제출되었는지 확인할 수 있습니다. 저희는 모든 단계에서 도움을 드릴 수 있다는 점을 기억하십시오. 추가 지원이 필요하면 주저하지 말고 문의하세요."
BCILQWZ,배달 주소 설정해야 하는데 어떻게 해야 해?,배송지,배송지 설정,"고객님이 배송 주소 설정에 대해 불만과 열망을 갖고 있다는 것을 깨달았습니다. 해결책을 찾기 위해 함께 노력합시다. 다음은 새 배송 주소를 설정하는 데 도움이 되는 단계별 가이드입니다. 1. 당사 웹사이트/앱에서 고객님의 계정에 로그인하세요. 2. '내 계정' 또는 '프로필' 섹션으로 이동하세요. 3. '배송 주소' 또는 이와 유사한 옵션을 찾으십시오. 4. '새 주소 추가' 또는 '배송 주소 편집' 옵션이 표시됩니다. 그것을 클릭하세요. 5. 거리, 집/아파트 번호, 시, 주, 우편번호 등 새 배송 주소에 필요한 세부 정보를 입력하세요. 6. 입력한 내용이 정확한지 다시 한 번 확인한 후 '저장' 또는 '확인'을 클릭하여 새 주소를 저장하세요. 이 단계를 수행하는 동안 특정 문제가 발생하거나 추가 지원이 필요한 경우 자세한 내용을 제공해 주시면 기꺼이 도와드리겠습니다. 기억하세요. 저는 모든 단계에서 고객님을 지원하기 위해 여기 있습니다."
BILZ,다른 배송 주소를 설정하는 방법은 무엇입니까?,배송지,배송지 설정,다른 배송 주소를 설정하는 방법에 대한 안내를 찾고 계시다는 점을 확인했습니다. 저는 고객님을 돕기 위해 여기 있습니다. 다음의 간단한 단계를 따라 주세요. 1. 고객님의 계정에 로그인하십시오. 2. '내 계정' 또는 '프로필' 섹션으로 이동하세요. 3. '배송 주소' 또는 이와 유사한 옵션을 찾으십시오. 4. '새 주소 추가' 또는 '배송 주소 편집' 옵션이 표시됩니다. 그것을 클릭하세요. 5. 제공된 필드에 새 배송 주소에 대한 필수 세부 정보를 입력합니다. 6. 변경 사항을 저장합니다. 이 단계를 수행하는 동안 문제가 발생하거나 절차에 변형이 있는 경우 직면한 특정 문제에 대한 자세한 내용을 제공해 주세요. 기꺼이 추가 지원을 제공해 드리겠습니다.
BLZ,배송 주소를 제출하려고 합니다.,배송지,배송지 설정,"고객님께서 새 배송 주소를 제출하려고 하시는 것으로 알고 있습니다. 원활하고 효율적인 배송을 위해서는 올바른 주소를 파일에 등록하는 것이 중요합니다. 절차를 안내해 드리겠습니다. 1. 고객님의 계정에 로그인하고 ""내 계정"" 또는 ""프로필"" 섹션으로 이동하십시오. 2. 주소를 관리할 수 있는 ""배송 주소"" 또는 이와 유사한 탭을 찾으십시오. 3. ""새 주소 추가"" 또는 ""배송 주소 편집"" 옵션을 선택합니다. 4. 이름, 거리 주소, 도시, 주, 우편번호 및 기타 필요한 세부 정보를 포함하여 새 배송 주소에 대한 필수 필드를 입력합니다. 5. 배송사고를 방지하기 위해 정보의 정확성을 다시 한번 확인하세요. 6. 변경 사항을 저장하면 새 배송 주소가 제출됩니다. 진행 중에 어려움이 있거나 추가 지원이 필요한 경우 언제든지 알려주시기 바랍니다. 저는 모든 단계에서 고객님을 돕기 위해 여기 있습니다."
BLMW,배달 주소를 설정하는 중에 오류가 발생했습니다.,배송지,배송지 설정,"배송 주소 설정 문제로 불편을 끼쳐드려 죄송합니다. 저희 팀은 원활한 경험을 제공하기 위해 최선을 다하고 있으며 고객님의 우려 사항을 즉시 해결하고자 합니다. 더 나은 지원을 위해 발생한 특정 오류에 대한 세부정보를 제공해 주시면 문제 해결을 위한 맞춤형 솔루션을 제공할 수 있습니다. 고객님의 의견은 매우 소중하며, 이 상황을 바로잡기 위해 함께 노력하는 동안 양해해 주셔서 감사합니다."
BLZ,두 번째 배송 주소 입력 문제,배송지,배송지 설정,보조 배송 주소를 입력하는 데 문제가 있는 것으로 파악됩니다. 불편을 끼쳐드려 죄송합니다. 추가 지원을 위해 현재 발생한 특정 문제에 대한 자세한 내용을 제공해 주시기 바랍니다. 오류 메시지가 표시됩니까? 아니면 시스템이 고객님의 입력을 받아들이지 않습니까? 추가 정보가 있으면 문제를 해결하고 도움을 드릴 수 있습니다. 고객 만족이 저의 최우선 사항입니다. 저는 고객님의 보조 배송 주소 설정을 위한 원활하고 효율적인 절차를 보장하기 위해 왔습니다.
BLQ,배송 주소를 입력할 수 없어요,배송지,배송지 설정,배송지 입력 문제로 불편을 끼쳐드려 죄송합니다. 저는 이것이 얼마나 실망스러울 수 있는지 이해합니다. 더 나은 도움을 드릴 수 있도록 현재 겪고 있는 특정 문제에 대한 자세한 내용을 제공해 주시겠습니까? 배송 주소를 입력하려고 할 때 오류 메시지가 표시되거나 시스템이 응답하지 않습니까? 고객님이 제공할 수 있는 추가 정보는 문제를 신속하게 진단하고 해결하는 데 도움이 됩니다. 협조해 주셔서 감사합니다.
BILQZ,새 배송 주소 어떻게 설정해,배송지,배송지 설정,"새 배송 주소 설정에 대한 지침을 찾고 계시다는 점을 이해합니다. 다음은 절차에 도움이 되는 단계별 가이드입니다. 1. 당사 웹사이트에서 고객님의 계정에 로그인하십시오. 2. ""내 계정"" 또는 ""프로필"" 섹션으로 이동합니다. 3. ""배송 주소"" 또는 유사한 옵션을 찾으십시오. 4. ""새 주소 추가"" 또는 ""배송 주소 편집"" 옵션을 찾아야 합니다. 선택하세요. 5. 새 배송 주소, 연락처 정보 및 기타 필수 필드를 포함하여 필수 세부 정보를 입력합니다. 6. 입력된 모든 정보가 정확한지 다시 확인하세요. 7. 변경 사항을 저장하여 새 배송 주소 설정을 완료하세요. 진행 중 어려운 점이나 궁금한 점이 있으면 언제든지 문의해 주세요. 저희는 고객님을 지원하고 고객님의 새 배송 주소 설정에 대한 원활한 경험을 보장하기 위해 왔습니다."
BCL,다른 배송 주소를 제출해야 하는데 도움이 필요합니다,배송지,배송지 설정,다른 배송 주소를 제출하는 데 도움을 요청하신 것으로 알고 있습니다. 저는 고객님께 이 과정을 안내하는 데 도움을 드리고자 왔습니다. 정확하고 시기적절한 지원을 위해 배송 주소를 제출하는 데 사용 중인 플랫폼이나 서비스에 대한 추가 정보를 제공해 주시겠습니까? 이렇게 하면 고객님의 상황에 맞게 지침을 맞춤화하는 데 도움이 될 것입니다.
BELQZ,내 배송 주소를 설정하려면 어떻게 해야 할지 모르겠어요,배송지,배송지 설정,"배송 주소를 설정하는 방법을 잘 모르시는 것으로 확인됩니다. 걱정하지 마세요. 제가 그 과정을 도와드리기 위해 여기 있습니다. 단계별로 분석해 보겠습니다. 1. 고객님의 계정에 로그인하십시오. 2. ""내 계정"" 또는 ""프로필"" 섹션으로 이동합니다. 3. ""배송 주소"" 또는 유사한 옵션을 찾으십시오. 4. ""새 주소 추가"" 또는 ""배송 주소 편집"" 옵션을 찾아야 합니다. 선택하세요. 5. 제공된 필드에 배송 주소 세부 정보를 정확하게 입력하세요. 6. 필요한 정보를 모두 입력한 후 변경 사항을 저장합니다. 문제가 발생하거나 절차가 다르게 보이는 경우 알려주시기 바랍니다. 저는 추가 지원을 제공하고 배송 주소를 성공적으로 설정할 수 있도록 안내하기 위해 왔습니다."
BLM,보조 배송 주소 설정 중 오류 발생,배송지,배송지 설정,"보조 배송 주소를 설정하는 데 어려움을 겪고 계신 것으로 파악됩니다. 도움과 문제 해결을 제공해 드리겠습니다. 발생한 오류를 더 잘 이해할 수 있도록 현재 겪고 있는 특정 문제에 대한 자세한 내용을 제공해 주시겠습니까? 이를 통해 고객님께 맞춤형 지침을 제공하고 고객님의 보조 배송 주소에 대한 보다 원활한 설정 절차를 보장할 수 있습니다. 협조해 주셔서 감사드리며, 이 문제를 해결하는 데 도움이 되기를 바랍니다."
BIL,새로운 배송지 주소를 입력할 수 있나요?,배송지,배송지 설정,새 배송 주소를 입력할 수 있는지 궁금해하시는 것으로 알고 있습니다. 전적으로! 당사 시스템은 배송 세부 정보의 변경 및 업데이트를 수용하도록 설계되었습니다. 새 배송 주소를 입력하려면 다음 단계를 따르세요. 1. 고객님의 계정에 로그인하십시오. 2. '내 계정' 또는 '프로필' 섹션으로 이동하세요. 3. '배송 주소' 또는 이와 유사한 옵션을 찾으십시오. 4. '새 주소 추가' 또는 '배송 주소 편집'을 선택합니다. 5. 새 배송 주소에 필요한 세부 정보를 입력하세요. 6. 정확성을 다시 확인하고 변경 사항을 저장합니다. 다음 단계를 따르면 새 배송 주소를 원활하게 입력할 수 있습니다. 하지만 진행 과정에서 문제가 발생하거나 추가 지원이 필요한 경우 언제든지 알려주시기 바랍니다. 저는 도와주러 왔습니다!
BILQZ,내 배송 주소 설정하는 것 좀 도와줄래?,배송지,배송지 설정,"배송 주소 설정에 도움이 필요하신 것으로 알고 있습니다. 저는 도와주러 왔습니다! 배송 주소를 설정하려면 다음 단계를 따르세요. 1. 고객님의 계정에 로그인하십시오. 2. '내 계정' 또는 '프로필' 섹션으로 이동하세요. 3. '배송 주소' 또는 이와 유사한 옵션을 찾으십시오. 4. '새 주소 추가' 또는 '배송 주소 편집' 옵션을 선택하세요. 5. 이름, 거리 주소, 도시, 주, 우편번호 등 배송 주소에 필요한 세부 정보를 입력하세요. 6. 필요한 정보를 모두 입력한 후 '저장' 또는 '제출' 버튼을 클릭하세요. 이 과정에서 문제가 발생하거나 추가 질문이 있는 경우 언제든지 알려주시기 바랍니다. 저는 모든 단계에서 고객님을 돕기 위해 여기 있습니다!"
BLZ,2차 배송 주소를 제출하는 데 문제가 있습니다.,배송지,배송지 설정,"보조 배송 주소를 제출하는 데 어려움이 있다는 점을 이해합니다. 이 문제를 해결하도록 도와드리겠습니다. 원활한 제출 과정을 위해 다음 단계를 따라 주세요. 1. 주소 세부정보를 다시 확인하세요. 거리 이름, 집 번호, 도시, 주, 우편번호 등 보조 배송 주소에 대한 올바른 정보를 입력했는지 확인하세요. 이러한 세부 사항에 주의를 기울이면 제출 오류를 방지하는 데 도움이 됩니다. 2. 캐시 및 쿠키 지우기: 때때로 웹사이트 결함으로 인해 제출 절차가 방해를 받을 수 있습니다. 브라우저의 캐시와 쿠키를 지우면 이러한 문제가 해결되는 경우가 많습니다. 이렇게 하려면 브라우저의 설정 또는 기본 설정 섹션으로 이동하여 캐시 및 쿠키를 지우는 옵션을 찾으세요. 그런 다음 보조 배송 주소를 다시 제출해 보세요. 3. 다른 브라우저나 장치를 사용해 보십시오. 현재 겪고 있는 문제는 현재 사용 중인 브라우저나 장치에만 국한될 수 있습니다. 다른 브라우저나 장치로 전환하면 이러한 경우를 식별하는 데 도움이 될 수 있습니다. 다른 웹 브라우저나 모바일 장치를 사용하여 보조 배송 주소를 제출해 볼 수 있습니다. 4. 고객 지원팀에 문의: 위 단계를 시도한 후에도 문제가 지속되면 고객 지원팀에 문의하여 추가 지원을 받는 것이 가장 좋습니다. 기술적인 문제를 해결하고 맞춤형 솔루션을 제공할 수 있는 전문 지식을 갖추고 있습니다. 당사의 전용 헬프라인을 통해 또는 당사 웹사이트에서 라이브 채팅 세션을 시작하여 고객 지원 담당자에게 연락하실 수 있습니다. 이 문제로 인해 불편을 끼쳐드려 죄송합니다. 안심해 주세요. 저희는 고객님께 원활한 경험을 보장하기 위해 최선을 다하고 있으며 저희 팀은 이 문제를 즉시 해결하도록 지원할 준비가 되어 있습니다."
BILW,빌어먹을 다른 배송 주소를 설정할 수 있나요?,배송지,배송지 설정,고객님께서 불만을 느끼고 다른 배송 주소를 설정하고 싶어하신다는 점을 이해합니다. 안심하세요. 제가 도와드리겠습니다. 새 배송 주소를 설정하려면 다음 단계를 따르세요. 1. 고객님의 계정에 로그인하십시오. 2. '내 계정' 또는 '프로필' 섹션으로 이동하세요. 3. '배송 주소' 또는 이와 유사한 옵션을 찾으십시오. 4. '새 주소 추가' 또는 '배송 주소 편집' 기능을 선택하십시오. 5. 새 배송 주소에 필요한 세부 정보를 입력하세요. 6. 변경 사항을 저장합니다. 이 과정에서 문제가 발생하거나 단계가 다르게 보일 경우 발생한 문제에 대한 추가 정보를 제공해 주시면 기꺼이 도와드리겠습니다. 고객 만족이 저희의 최우선 사항임을 기억하십시오.
BKL,보조 배송 주소 제출,배송지,배송지 설정,"보조 배송 주소를 제출할 준비가 되었음을 알려주셔서 감사합니다. 필요한 정보를 제공해 주신 고객님의 노력에 감사드립니다. 원활하고 성공적인 제출을 위해 다음 단계를 따라 주세요. 1. ""내 계정"" 또는 ""프로필"" 섹션으로 이동하여 계정 설정에 액세스하세요. 2. 계정 설정에서 ""배송 주소"" 또는 이와 유사한 옵션을 찾으십시오. 3. ""새 주소 추가"" 또는 ""배송 주소 편집"" 옵션을 선택합니다. 4. 수취인 이름, 전체 주소, 연락처 정보 등 보조 배송 주소와 관련된 모든 세부 정보를 입력하세요. 5. 배송 문제나 지연을 방지하기 위해 입력한 정보의 정확성을 다시 한번 확인하세요. 6. 마지막으로 ""제출"" 또는 ""저장"" 버튼을 클릭하여 보조 배송 주소 제출을 완료하세요. 제출 과정에서 문제가 발생하거나 궁금한 점이 있으면 주저하지 말고 고객 지원팀에 문의하세요. 웹사이트 example.com의 라이브 채팅을 통해 또는 [고객센터전화번호]에 전화하여 연중무휴 24시간 이용 가능합니다. 고객님의 보조 배송 주소가 성공적으로 제출되었는지 확인하기 위한 모든 단계를 도와드리겠습니다."
BCILPQWZ,빌어먹을 배달 주소를 제출하고 싶은데 어떻게 할 수 있지?,배송지,배송지 설정,"먼저, 새 배송 주소를 제출하는 동안 겪으셨을 좌절이나 불편에 대해 사과드리고 싶습니다. 저는 그 과정을 도와드리기 위해 왔습니다. 새 배송 주소를 제출하려면 다음 단계를 따르세요. 1. 당사 웹사이트/앱에서 고객님의 계정에 로그인하세요. 2. ""내 계정"" 또는 ""프로필"" 섹션으로 이동합니다. 3. ""배송 주소"" 또는 유사한 옵션을 찾으십시오. 4. ""새 주소 추가"" 또는 ""배송 주소 편집""을 클릭하십시오. 5. 거리 이름, 도시, 주, 우편번호, 연락처 정보 등 새 배송 주소에 필요한 세부 정보를 입력하세요. 6. 입력한 정보가 정확한지 다시 한 번 확인한 후 ""저장"" 또는 ""제출"" 버튼을 클릭하여 절차를 완료하세요. 절차 중에 문제가 발생하거나 추가 지원이 필요한 경우 언제든지 알려주시기 바랍니다. 고객 만족이 저희의 최우선 사항입니다. 고객님의 새 배송 주소가 성공적으로 제출될 수 있도록 도와드리겠습니다."
BL,내 보조 배송 주소 제출,배송지,배송지 설정,"저는 고객님이 보조 배송 주소를 제출하고 싶어한다는 것을 알고 있습니다. 그렇게 하려면 다음 단계를 따라 주세요. 1. 당사 웹사이트에서 고객님의 계정에 로그인하십시오. 2. 계정 설정에서 '배송 주소' 섹션으로 이동하세요. 3. '새 주소 추가' 또는 '배송 주소 편집' 옵션을 찾아 선택하세요. 4. 필수 입력란에 보조 배송 주소 세부정보를 입력하세요. 5. 입력한 정보가 정확한지 다시 한번 확인하세요. 6. 변경 사항을 저장하여 새로운 보조 배송 주소를 제출하세요. 문제가 발생하거나 고객님의 계정에서 절차가 다르게 나타저는 경우, 추가 지원을 드릴 수 있도록 추가 정보를 제공해 주시기 바랍니다. 고객님의 보조 배송 주소를 원활하고 번거로움 없이 제출하는 것이 저의 최우선 과제입니다."
BELQZ,새 배송 주소를 입력하는 방법을 모르겠습니다,배송지,배송지 설정,"새 배송 주소를 입력하는 방법에 대해 잘 모르시는 것으로 확인되었습니다. 걱정하지 마세요! 저는 이 과정을 단계별로 도와드리기 위해 왔습니다. 할 수 있는 작업은 다음과 같습니다. 1. 당사 웹사이트에서 고객님의 계정에 로그인하십시오. 2. ""내 계정"" 또는 ""프로필"" 섹션으로 이동합니다. 3. ""배송 주소"" 또는 유사한 옵션을 찾으십시오. 4. 해당 섹션 내에서 ""새 주소 추가"" 또는 ""배송 주소 편집""을 클릭하십시오. 5. 새 배송 주소의 정확한 세부정보를 필수 필드에 입력하세요. 6. 모든 정보를 다시 확인하여 정확성과 완전성을 보장합니다. 7. 변경 사항을 저장하거나 새 주소를 확인합니다. 문제가 발생하거나 추가 지원이 필요한 경우 언제든지 알려주시기 바랍니다. 저는 지도와 지원을 제공하기 위해 모든 단계에서 여기에 있습니다."
BCL,배송주소를 설정해야 하는데 도와주세요,배송지,배송지 설정,"바로 처리하겠습니다! 배송 주소 설정 과정을 안내해 드리겠습니다. 다음 단계를 따라 주세요. 1. 고객님의 계정에 로그인하십시오. 2. '내 계정' 또는 '프로필' 섹션으로 이동합니다. 3. '배송 주소' 또는 이와 유사한 옵션을 찾으십시오. 4. 계속 진행하려면 '새 주소 추가' 또는 '배송 주소 편집'을 클릭하세요. 5. 수취인 이름, 거리 주소, 도시, 주, 우편번호 등 배송 주소에 필요한 세부 정보를 입력하세요. 6. 입력된 모든 정보가 정확한지 다시 확인하세요. 7. 변경 사항을 저장합니다. 문제가 발생하거나 계정에서 단계가 다른 경우 현재 직면한 특정 문제에 대한 추가 정보를 제공해 주시면 기꺼이 도와드리겠습니다."
BCIL,배송지 주소를 입력해야 하는데 어떻게 해야 하나요?,배송지,배송지 설정,"저는 고객님이 배송 주소를 제출하려고 한다는 사실에 민감합니다. 절차를 안내해 드리겠습니다. 1. 당사 웹사이트에서 고객님의 계정에 로그인하여 시작하십시오. 2. 로그인한 후 계정 설정 또는 프로필 페이지로 이동하세요. 3. ""배송 주소"" 또는 이와 유사한 옵션을 찾으십시오. 4. 배송 주소 설정에 액세스하려면 해당 옵션을 클릭하세요. 5. 여기에서 ""새 주소 추가"" 또는 ""주소 편집"" 옵션이 표시됩니다. 해당 옵션을 선택하세요. 6. 새 배송 주소 세부정보를 필수 필드에 입력하세요. 7. 모든 정보가 정확한지 다시 확인하세요. 8. 마지막으로 변경 사항을 저장합니다. 이 과정에서 문제가 발생하거나 추가 질문이 있는 경우 주저하지 말고 알려주시기 바랍니다. 저는 모든 단계에서 고객님을 돕기 위해 여기 있습니다."
BELZ,보조 배송 주소를 설정할 수 없습니다,배송지,배송지 설정,보조 배송 주소 설정에 어려움이 있다는 연락을 받았습니다. 불편을 끼쳐드려 죄송합니다. 이 문제를 함께 해결해 봅시다. 추가 지원을 위해 현재 발생한 특정 문제에 대한 자세한 내용을 제공해 주시겠습니까? 오류 메시지가 표시됩니까? 지침에 설명된 필수 단계를 따랐습니까? 더 많은 정보를 제공해 주실수록 원인을 더 정확히 파악하고 맞춤형 솔루션을 제공할 수 있습니다. 안심하세요. 전 과정 내내 제가 도와드리겠습니다. 저희는 함께 이 장애물을 극복하고 보조 배송 주소가 성공적으로 설정되도록 할 것입니다.
BILW,배송 주소를 다르게 설정할 수 있나요?,배송지,배송지 설정,"고객님께서 다른 배송 주소를 설정하는 데 도움을 요청하고 계신 것으로 알고 있습니다. 고객님이 겪었을 수 있는 어려움에 대해 사과드립니다. 다른 배송 주소를 설정하려면 다음 단계를 따르세요. 1. 고객님의 계정에 로그인하십시오. 2. ""내 계정"" 또는 ""프로필"" 섹션으로 이동합니다. 3. ""배송 주소"" 또는 유사한 옵션을 찾으십시오. 4. ""새 주소 추가"" 또는 ""배송 주소 편집"" 옵션을 찾아서 선택하세요. 5. 제공된 필드에 새 배송 주소의 세부 정보를 입력하세요. 6. 변경 사항을 저장합니다. 여전히 문제가 발생하거나 절차가 다르게 보이는 경우 문제가 발생한 부분에 대한 자세한 내용을 제공해 주시면 기꺼이 도와드리겠습니다. 저희는 고객님의 원활한 배송 경험을 보장하기 위해 여기 있습니다."
BCIL,새 배송 주소를 제출하고 싶은데 도와주실 수 있나요?,배송지,배송지 설정,바로 처리하겠습니다! 새 배송 주소를 제출하는 데 도움을 드리고자 왔습니다. 단계별로 진행해 보겠습니다. 1. 당사 웹사이트에서 고객님의 계정에 로그인하십시오. 2. '내 계정' 또는 '프로필' 섹션으로 이동하세요. 3. '배송 주소' 또는 이와 유사한 옵션을 찾으십시오. 4. '새 주소 추가' 또는 '배송 주소 편집' 옵션을 찾아야 합니다. 선택하세요. 5. 제공된 필드에 새 배송 주소에 필요한 세부 정보를 입력하세요. 6. 필수 정보를 모두 입력한 후 주소가 정확한지 다시 확인하세요. 7. 마지막으로 '제출' 또는 '저장' 버튼을 클릭하여 새 배송 주소를 저장하세요. 이 단계를 수행하는 동안 문제가 발생하거나 추가 지원이 필요한 경우 알려주시기 바랍니다. 저는 그 과정 전반에 걸쳐 고객님을 돕기 위해 여기 있습니다!
BLZ,세컨드루 배송 주소를 설정하는 데 문제가 있습니다,배송지,배송지 설정,"고객님의 메시지를 통해 고객님께서 보조 배송 주소를 설정하는 데 어려움을 겪고 계시다는 것을 알게 되었으며, 도와드리겠습니다. 원활한 절차를 보장하려면 다음 단계를 따라 주세요. 1. 당사 웹사이트에서 고객님의 계정에 로그인하십시오. 2. ""내 계정"" 또는 ""프로필"" 섹션으로 이동합니다. 3. ""배송 주소"" 또는 이와 유사한 옵션을 찾으십시오. 4. 이 섹션에는 ""새 주소 추가"" 또는 ""배송 주소 편집"" 옵션이 있습니다. 선택하세요. 5. 계속해서 해당 필드에 보조 배송 주소의 세부 정보를 입력하세요. 6. 필요한 정보를 입력한 후 변경 사항을 저장하는 것을 잊지 마세요. 추가 문제가 발생하거나 이 단계가 현재 진행 중인 절차와 일치하지 않는 경우, 직면한 특정 문제에 대한 자세한 내용을 제공해 주시면 즉시 도움을 드릴 수 있도록 최선을 다하겠습니다."
BLW,내 빌어먹을 배달 주소를 입력하는 걸 도와줘,배송지,배송지 설정,"저는 고객님이 빌어먹을 배송 주소를 입력하는 것에 대해 불만을 갖고 있다는 것을 이해합니다. 불편을 끼쳐드려 죄송합니다. 이 문제를 해결하기 위해 함께 노력합시다. 배송 주소를 입력하는 단계는 다음과 같습니다. 1. 고객님의 계정에 로그인하십시오. 2. '내 계정' 또는 '프로필' 섹션으로 이동하세요. 3. '배송 주소' 또는 이와 유사한 옵션을 찾으십시오. 4. '새 주소 추가' 또는 '배송 주소 편집'을 클릭하세요. 5. 제공된 필드에 블러디 배송 주소의 세부 정보를 입력하세요. 6. 정확성을 다시 확인하고 변경 사항을 저장합니다. 이 과정에서 어려움이 발생하거나 단계가 화면에서 다르게 보이는 경우, 직면한 문제에 대한 보다 구체적인 정보를 주저하지 말고 제공해 주시기 바랍니다. 저는 추가 지원을 제공하고 고객 만족을 보장하기 위해 왔습니다."
BIL,보조 배송 주소를 제출하려면 어떻게 해야 하나요?,배송지,배송지 설정,"물론이죠! 보조 배송 주소를 제출하는 방법에 대한 안내를 요청하신 것으로 알고 있습니다. 효과적으로 도움을 받으려면 다음 단계를 따라 주세요. 1. 고객님의 계정에 로그인하여 시작하십시오. 2. '내 계정' 또는 '프로필' 섹션으로 이동하세요. 3. '배송 주소' 또는 유사한 탭을 찾으십시오. 4. '새 주소 추가' 또는 '배송 주소 편집' 옵션을 찾으세요. 선택하세요. 5. 지정된 필드에 보조 배송 주소에 대한 필수 세부 정보를 입력합니다. 6. 제공된 모든 정보가 정확하고 완전한지 확인하십시오. 7. 보조 배송 주소를 성공적으로 제출하려면 변경 사항을 저장하세요. 어려움이 있거나 사용 중인 플랫폼에 따라 절차가 다른 경우, 발생한 문제에 대해 보다 구체적인 세부정보를 제공해 주시면 기꺼이 도와드리겠습니다."
BILQ,다른 배송 주소를 제출하는 방법,배송지,배송지 설정,"고객님께서 다른 배송 주소를 제출하는 방법에 대한 지침을 찾고 계시다는 것을 확인했습니다. 저는 이 과정을 도와드리기 위해 왔습니다. 다른 배송 주소를 제출하려면 다음 단계를 따르세요. 1. 고객님의 계정에 로그인하십시오. 2. ""주소록"" 또는 ""배송 주소"" 섹션으로 이동합니다. 3. ""새 주소 추가"" 또는 ""배송 주소 만들기"" 옵션을 찾으세요. 그것을 클릭하세요. 4. 수취인의 이름, 거리 주소, 도시, 주, 우편번호, 연락처 등 새 주소에 필요한 세부 정보를 입력합니다. 5. 입력한 정보가 정확한지 다시 한번 확인하세요. 6. 만족스러우면 ""저장"" 또는 ""제출"" 버튼을 클릭하여 새 배송 주소를 저장하세요. 이 과정에서 문제가 발생하거나 추가 질문이 있는 경우 언제든지 문의해 주세요. 저는 추가적인 지침과 지원을 제공해 드리겠습니다."
BEL,보조 배송 주소를 제출할 수 없습니다.,배송지,배송지 설정,"보조 배송 주소를 제출할 수 없어 불편을 끼쳐 드린 점 이해합니다. 이 문제를 해결하기 위해 함께 노력합시다. 먼저, 수취인 이름, 주소 1, 도시, 시/도, 우편번호, 전화번호 등 필수 정보를 모두 정확하게 입력했는지 확인하세요. 오타나 누락된 세부정보가 없는지 확인하세요. 여전히 주소를 제출할 수 없는 경우 브라우저 캐시와 쿠키를 지운 다음 다시 제출해 보세요. 때로는 오래된 데이터가 제출 절차를 방해할 수 있습니다. 문제가 지속되면 고객 지원팀에 직접 문의하시기 바랍니다. 이들은 고객님이 겪고 있는 기술적 문제를 해결하기 위한 전문 지식과 도구를 보유하고 있습니다. [운영시간/기간]([고객센터전화번호]) 또는 당사 웹사이트([웹사이트/메뉴])의 라이브 채팅을 통해 이용 가능합니다. 안심하세요. 저희는 고객님이 보조 배송 주소를 성공적으로 설정할 수 있도록 최선을 다해 도와드립니다."
BL,배송 주소 설정 지원,배송지,배송지 설정,"배송 주소 설정과 관련하여 도움을 요청하신 것으로 확인되었습니다. 주문을 원활하고 적시에 배송하려면 신뢰할 수 있고 정확한 주소를 갖는 것이 중요합니다. 절차를 안내해 드리겠습니다. 1. 당사 웹사이트에서 고객님의 계정에 로그인하십시오. 2. '내 계정' 또는 '프로필' 섹션으로 이동하세요. 3. '배송 주소' 또는 이와 유사한 옵션을 찾으십시오. 4. '새 주소 추가' 또는 '배송 주소 편집'을 클릭하세요. 5. 거리명, 집/건물 번호, 도시, 시/도, 우편번호 등 배송 주소에 필요한 세부 정보를 입력하세요. 정보의 정확성을 다시 한번 확인하세요. 6. 변경 사항을 저장합니다. 이 과정에서 문제가 발생하거나 오류 메시지가 있는 경우 보다 효과적으로 도움을 드릴 수 있도록 구체적인 세부정보를 제공해 주시기 바랍니다. 고객 만족과 번거로움 없는 배송 경험이 저희의 최우선 과제입니다."
BILW,빌어먹을 배송 주소는 어디에 제출할 수 있나요?,배송지,배송지 설정,"배송 주소를 제출할 위치에 대한 안내를 찾고 계시는 데 불만을 갖고 계시다는 생각에 저는 공감합니다. 불편을 끼쳐드려 죄송합니다. 배송 주소를 제출하려면 다음 단계를 따르세요. 1. 고객님의 계정에 로그인하십시오. 2. ""내 계정"" 또는 ""프로필"" 섹션으로 이동합니다. 3. ""배송 주소"" 또는 유사한 탭을 찾으십시오. 4. 이를 클릭하면 ""새 주소 추가"" 또는 ""배송 주소 편집"" 옵션이 표시됩니다. 5. 블러디 배송 주소를 포함하여 양식에 필요한 세부 정보를 입력합니다. 6. 변경 사항을 저장하여 새 배송 주소가 성공적으로 제출되었는지 확인하세요. 추가 문제가 발생하거나 추가 지원이 필요한 경우 언제든지 알려주시기 바랍니다. 저는 고객님이 배송 주소를 원활하게 제출할 수 있도록 도와드리기 위해 왔습니다."
BLM,배송 주소 입력에 문제가 있습니다,배송지,배송지 설정,배송 주소 입력 문제로 불편을 끼쳐드려 죄송합니다. 이 문제를 해결하고 원활한 경험을 보장할 수 있도록 도와드리겠습니다. 더 나은 안내를 위해 현재 발생한 특정 문제에 대한 자세한 내용을 제공해 주시겠습니까? 오류 메시지를 받거나 포맷 문제에 직면하고 있나요? 더 많은 정보를 제공할수록 제가 이 장애물을 극복하는 데 더 많은 도움을 드릴 수 있습니다.
BL,보조 배송 주소를 제출해야 합니다.,배송지,배송지 설정,"저를 믿으세요. 저는 보조 배송 주소 제출의 중요성을 이해하고 있습니다. 이 문제를 함께 해결해 봅시다. 단계별 가이드는 다음과 같습니다. 1. 고객님의 계정에 로그인하십시오. 2. '내 계정' 또는 '프로필' 섹션으로 이동하세요. 3. '배송 주소' 또는 이와 유사한 옵션을 찾으십시오. 4. '새 주소 추가' 또는 '배송 주소 편집'을 선택합니다. 5. 지정된 필드에 보조 배송 주소의 세부 정보를 입력합니다. 6. 변경 사항을 저장합니다. 문제가 발생하거나 절차가 다르게 보이는 경우, 어려움을 겪고 있는 부분에 대한 자세한 정보를 제공해 주세요. 안심해 주세요. 저는 모든 단계에서 고객님을 도와드릴 것입니다."
BCLP,다른 배송 주소를 입력하고 싶습니다. 도와주세요.,배송지,배송지 설정,"저는 고객님이 내려놓은 것, 다른 배송 주소를 추가하고 싶은 것을 집어들었습니다. 이를 실현하기 위해 함께 노력합시다: 1. 고객님의 계정에 로그인하십시오. 2. '내 계정' 또는 '프로필' 섹션을 찾으세요. 3. 해당 섹션 내에서 '배송 주소' 또는 이와 유사한 옵션을 찾아야 합니다. 4. 해당 옵션으로 이동합니다. 5. '새 주소 추가' 또는 '배송 주소 수정' 버튼이나 링크가 있어야 합니다. 그것을 클릭하세요. 6. 해당 필드에 새 배송 주소의 세부 정보를 입력합니다. 7. 필요한 정보를 모두 입력한 후 변경 사항을 저장합니다. 이 단계를 수행하는 동안 문제가 발생하거나 궁금한 점이 있으면 언제든지 문의해 주세요. 저는 고객님께 필요한 지원을 제공하기 위해 여기에 있습니다."
BCILP,배송지 주소를 입력해야 하는데 도움을 받을 수 있나요?,배송지,배송지 설정,"물론입니다! 배송 주소를 성공적으로 입력하는 데 필요한 도움을 제공해 드리겠습니다. 이 문제를 단계별로 함께 해결해 보겠습니다. 1. 당사 웹사이트에서 고객님의 계정에 로그인하여 시작하십시오. 2. 로그인한 후 '내 계정' 또는 '프로필' 섹션으로 이동하세요. 3. ""배송 주소"" 또는 이와 유사한 옵션을 찾으십시오. 4. 클릭하시면 배송지 관리 페이지로 이동합니다. 5. 배송 주소 페이지에 ""새 주소 추가"" 또는 ""배송 주소 편집"" 옵션이 표시됩니다. 선택하세요. 6. 수취인 이름, 거리 주소, 도시, 주, 우편번호 등 배송 주소에 필요한 정보를 입력하세요. 7. 원활한 전달을 위해 입력하신 정보가 정확한지 다시 한 번 확인해주세요. 8. 마지막으로 배송 주소 변경 사항을 저장합니다. 이 과정에서 문제가 발생하거나 추가 질문이 있는 경우 언제든지 알려주시기 바랍니다. 저는 모든 단계에서 고객님을 돕기 위해 여기 있습니다."
BL,보조 배송 주소 설정하는 것 좀 도와줘,배송지,배송지 설정,"고객님께서 보조 배송 주소를 설정하는 데 도움을 구하고 계신다는 사실을 알고 있습니다. 저는 고객님께 그 과정을 안내하기 위해 왔습니다. 보조 배송 주소를 설정하려면 다음 단계를 따르세요. 1. 당사 웹사이트에서 고객님의 계정에 로그인하십시오. 2. ""내 계정"" 또는 ""프로필"" 섹션으로 이동합니다. 3. ""배송 주소"" 또는 유사한 옵션을 찾으십시오. 4. ""새 주소 추가"" 또는 ""배송 주소 편집"" 옵션을 찾아야 합니다. 선택하세요. 5. 보조 배송 주소에 필요한 세부 정보를 입력하세요. 6. 입력한 정보가 정확한지 다시 한번 확인하세요. 7. 변경 사항을 저장합니다. 이 과정에서 어려움을 겪거나 궁금한 점이 있으면 언제든지 알려주시기 바랍니다. 저는 모든 단계에서 고객님을 돕기 위해 여기 있습니다."
BCLQZ,보조 배송 주소를 제출해야 합니다. 도와주세요,배송지,배송지 설정,"확실히! 보조 배송 주소를 제출하는 데 도움이 필요하다는 점을 이해합니다. 걱정하지 마세요. 제가 이 과정을 안내해 드리겠습니다. 따를 수 있는 단계는 다음과 같습니다. 1. 당사 웹사이트에서 고객님의 계정에 로그인하십시오. 2. ""내 계정"" 또는 ""프로필"" 섹션으로 이동합니다. 3. ""배송 주소"" 옵션을 찾으십시오. 4. ""새 주소 추가"" 또는 ""배송 주소 편집""을 클릭하십시오. 5. 제공된 필드에 보조 배송 주소의 세부 정보를 입력합니다. 6. 정보의 정확성을 다시 한번 확인하세요. 7. 변경 사항을 저장합니다. 이 과정에서 문제가 발생하거나 추가 지원이 필요한 경우 언제든지 알려주시기 바랍니다. 모든 단계에서 최선을 다해 도와드리겠습니다."
BELQ,다른 배송 주소를 설정하려면 어떻게 해야 할지 모르겠습니다,배송지,배송지 설정,"걱정하지 마세요. 다른 배송 주소를 설정하는 과정을 안내해 드리겠습니다. 아래 단계를 따라 주세요. 1. 당사 웹사이트에서 고객님의 계정에 로그인하십시오. 2. 계정 설정 또는 프로필 섹션으로 이동합니다. 3. 배송 주소를 관리하는 옵션을 찾으세요. 4. ""새 주소 추가"" 또는 유사한 버튼을 클릭하십시오. 5. 새 배송 주소의 세부정보를 필수 입력란에 입력하세요. 6. 고객님이 제공한 정보의 정확성을 다시 한번 확인하십시오. 7. 변경 사항을 저장합니다. 이 과정에서 어려움을 겪거나 궁금한 점이 있으면 언제든지 알려주시기 바랍니다. 저는 모든 단계에서 고객님을 돕기 위해 여기 있습니다."
BCILQZ,보조 배송 주소를 제출하고 싶은데 어떻게 해야 하나요?,배송지,배송지 설정,"보조 배송 주소를 제출하고 싶으신 것으로 확인되었습니다. 절차를 안내해 드리겠습니다. 1. 로그인 정보를 사용하여 계정에 로그인합니다. 2. ""내 계정"" 또는 ""프로필"" 섹션으로 이동합니다. 3. ""배송 주소"" 또는 유사한 용어와 관련된 옵션을 찾으십시오. 4. 클릭하시면 주소관리 페이지로 이동합니다. 5. ""새 주소 추가"" 또는 ""새 주소 제출""이라는 버튼이나 링크를 찾으세요. 6. 버튼이나 링크를 클릭하여 보조 배송 주소의 세부 정보를 입력하세요. 7. 거리 주소, 도시, 주, 우편번호 등 필수 정보를 제공하여 필수 필드를 정확하게 입력합니다. 8. 세부정보가 올바른지 다시 확인하세요. 9. 변경 사항을 저장하거나 주소를 제출하세요. 절차 중에 문제가 발생하거나 특정 질문이 있는 경우 언제든지 알려주시기 바랍니다. 저는 모든 단계에서 고객님을 돕기 위해 여기 있습니다."
BKLZ,새 배송 주소 제출 중,배송지,배송지 설정,"새 배송 주소 제출에 대한 지침을 찾고 계시다는 점을 이해합니다. 저는 이 과정 전반에 걸쳐 고객님을 돕기 위해 여기 있습니다. 새 배송 주소를 제출하려면 다음 단계를 따르세요. 1. 당사 웹사이트에서 고객님의 계정에 로그인하십시오. 2. '계정' 또는 '프로필' 섹션으로 이동합니다. 3. ""배송 주소"" 또는 유사한 옵션을 찾으십시오. 4. ""새 주소 추가"" 또는 ""배송 주소 편집"" 옵션이 있어야 합니다. 선택하세요. 5. 제공된 필드에 새 배송 주소의 세부 정보를 입력합니다. 6. 입력된 정보가 정확한지 확인하고 변경 사항을 저장하세요. 새 배송 주소를 성공적으로 제출하면 확인 메시지를 받게 됩니다. 이 과정에서 문제가 발생하거나 추가 지원이 필요한 경우 언제든지 알려주시기 바랍니다. 고객 만족이 나의 우선순위입니다."
BLQZ,보조 배송 주소를 제출하는 방법을 모르겠습니다,배송지,배송지 설정,보조 배송 주소를 제출하는 방법을 잘 모르시는 것으로 확인되었습니다. 걱정하지 마세요. 제가 이 과정을 안내해 드리겠습니다. 보조 배송 주소를 제출하려면 다음 단계를 따르세요. 1. 고객님의 계정에 로그인하십시오. 2. '내 계정' 또는 '프로필' 섹션으로 이동하세요. 3. '배송 주소' 또는 이와 유사한 옵션을 찾으십시오. 4. 이 섹션에는 배송 주소를 추가하거나 편집할 수 있는 옵션이 표시됩니다. 선택하세요. 5. 필수 입력란에 보조 배송 주소 세부정보를 입력하세요. 6. 입력한 정보가 정확한지 다시 한번 확인하세요. 7. 변경 사항을 저장합니다. 어려움이 있거나 절차가 다르게 나타저는 경우 문제가 있는 부분에 대한 자세한 내용을 제공해 주시면 기꺼이 도와드리겠습니다.
BL,다른 배송지 주소를 입력할 수 없습니다.,배송지,배송지 설정,다른 배송 주소를 입력하려고 할 때 어려움을 겪고 있다는 사실에 민감합니다. 이 문제를 함께 해결해 봅시다. 다음은 따를 수 있는 몇 가지 단계입니다. 1. 계정에 로그인하여 시작하세요. 2. '내 계정' 또는 '프로필' 섹션으로 이동하세요. 3. '배송 주소' 또는 이와 유사한 옵션을 찾으십시오. 4. 편집 또는 삭제하려는 주소를 선택하거나 새 주소를 추가하는 옵션을 찾으세요. 5. 새 주소를 추가하려는 경우 제공된 필드에 필수 세부정보를 입력하세요. 6. 변경 사항을 저장하고 새 주소가 성공적으로 입력되었는지 확인하세요. 여전히 문제가 발생하는 경우 발생한 문제에 대해 보다 구체적인 세부정보를 제공해 주세요. 이를 통해 보다 맞춤형 지원을 제공할 수 있습니다. 저희는 모든 단계에서 고객님을 돕기 위해 여기 있습니다!
BIL,보조 배송 주소를 입력하는 데 도움을 주실 수 있나요?,배송지,배송지 설정,긍정적으로! 보조 배송 주소를 입력하는 데 도움을 드리고자 왔습니다. 다음 단계를 함께 살펴보겠습니다. 1. 고객님의 계정에 로그인하십시오. 2. '내 계정' 또는 '프로필' 섹션으로 이동하세요. 3. '배송 주소' 또는 이와 유사한 섹션을 찾으십시오. 4. '새 주소 추가' 또는 '배송 주소 편집' 옵션을 찾아야 합니다. 선택하세요. 5. 제공된 필드에 보조 배송 주소의 세부 정보를 입력합니다. 6. 모든 정보가 올바른지 다시 확인하세요. 7. 변경 사항을 저장합니다. 진행 과정에서 어려움을 겪거나 궁금한 점이 있으면 언제든지 알려주시기 바랍니다. 저는 고객님의 원활한 경험을 보장하기 위해 여기에 있습니다!
BEL,다른 배송 주소를 설정할 수 없습니다,배송지,배송지 설정,다른 배송 주소를 설정할 수 없어서 불편하신 점 이해합니다. 주소 정보를 업데이트할 때는 원활한 절차를 갖는 것이 중요합니다. 이 문제를 해결하기 위해 함께 노력합시다. 다른 배송 주소를 설정하려면 다음 단계를 따르세요. 1. 고객님의 계정에 로그인하십시오. 2. '내 계정' 또는 '프로필' 섹션으로 이동하세요. 3. '배송 주소' 또는 이와 유사한 섹션을 찾으십시오. 4. '새 주소 추가' 또는 '배송 주소 편집' 옵션이 표시됩니다. 선택하세요. 5. 제공된 필드에 새 배송 주소의 세부 정보를 입력하세요. 6. 변경 사항을 저장합니다. 계속해서 문제가 발생하거나 절차가 다르게 나타저는 경우 오류 메시지나 도움이 될 것이라고 생각되는 기타 세부정보 등 현재 직면한 특정 문제에 대한 자세한 정보를 제공해 주세요. 그러면 제가 고객님께 추가 지원을 제공하고 고객님의 배송 주소가 성공적으로 업데이트되었는지 확인하는 데 도움이 될 것입니다.
BIL,다른 배송 주소는 어디에 입력하나요?,배송지,배송지 설정,물론입니다! 다른 배송 주소를 입력하려고 하신 것으로 확인되었습니다. 정확한 안내를 위해 배송 주소 설정에 어떤 플랫폼이나 웹사이트를 사용하고 계시는지 알려주실 수 있나요? 이 정보를 받으면 새 배송 주소를 입력할 수 있는 올바른 위치를 찾는 데 도움을 드릴 수 있습니다.
BLW,빌어먹을 보조 배송 주소를 설정할 수가 없어요,배송지,배송지 설정,보조 배송 주소를 설정하는 동안 불편을 끼쳐드려 죄송합니다. 안심하세요. 제가 이 과정을 도와드리겠습니다. 다음 단계에 따라 문제를 해결하기 위해 함께 노력합시다. 1. 당사 웹사이트에서 고객님의 계정에 로그인하십시오. 2. '내 계정' 또는 '프로필' 섹션으로 이동하세요. 3. '배송 주소' 또는 이와 유사한 옵션을 찾으십시오. 4. '새 주소 추가' 또는 '배송 주소 편집' 옵션이 표시됩니다. 그것을 클릭하세요. 5. 보조 배송 주소에 필요한 모든 세부 정보를 입력합니다. 6. 변경 사항을 저장합니다. 어려움이 있거나 절차가 다른 경우 문제가 발생한 위치에 대한 추가 정보를 제공해 주시면 기꺼이 추가 지원을 제공해 드리겠습니다. 고객 만족이 저희의 최우선 사항이므로 언제든지 저에게 연락 주시기 바랍니다.
BILQZ,다른 배송 주소는 어떻게 입력하나요,배송지,배송지 설정,"물론, 다른 배송 주소를 입력하는 방법을 안내해 드리고자 왔습니다. 다음 단계를 따라 주세요. 1. 당사 웹사이트나 앱에서 고객님의 계정에 로그인하세요. 2. 계정 설정 또는 프로필로 이동합니다. 3. ""배송 주소"" 섹션을 찾으십시오. 4. 새 주소를 추가하는 옵션을 선택하세요. 5. 수취인 이름, 거리 주소, 도시, 시/도, 우편번호, 연락처 정보 등 새 배송 주소의 세부정보를 필수 필드에 입력하세요. 6. 필요한 세부 정보를 모두 입력한 후 새 주소를 저장합니다. 어려움이 있거나 추가 문의사항이 있으면 언제든지 알려주시기 바랍니다. 저는 도와주러 왔습니다!"
BILZ,다른 배송 주소를 입력하려면 어떻게 해야 하나요?,배송지,배송지 설정,"저는 그것을하고있다! 다른 배송 주소를 입력하는 데 도움을 드릴 수 있습니다. 절차는 다음과 같습니다. 1. 당사 웹사이트에서 고객님의 계정에 로그인하십시오. 2. ""내 계정"" 또는 ""프로필"" 섹션으로 이동합니다. 3. 배송 주소를 관리하는 옵션을 찾으세요. 4. ""새 주소 추가"" 또는 유사한 옵션을 선택하십시오. 5. 수취인의 이름, 거리 주소, 도시, 주, 우편번호 및 필요한 추가 정보를 포함하여 새 배송 주소의 세부 정보를 입력합니다. 6. 정보를 입력한 후에는 정보가 정확한지 주의 깊게 검토하세요. 7. 새 주소를 저장하세요. 문제가 발생하거나 특정 질문이 있는 경우 언제든지 알려주시기 바랍니다. 저는 모든 단계에서 고객님을 돕기 위해 여기 있습니다!"
BCILQZ,배송 주소가 유효하지 않습니다. 도움을 받을 수 있나요?,배송지,배송지 설정,"고객님의 배송 주소가 올바르지 않다니 안타깝습니다. 저는 성공적인 배송을 위해 정확하고 유효한 주소 정보를 갖는 것이 중요하다는 것을 이해합니다. 이 문제를 해결하는 데 도움을 드리겠습니다. 배송 주소가 올바른지 확인하려면 다음 단계를 따르세요. 1. 고객님의 계정에 로그인하십시오. 2. ""내 계정"" 또는 ""프로필"" 섹션으로 이동합니다. 3. ""배송 주소"" 또는 유사한 옵션을 찾으십시오. 4. 배송 주소를 편집하는 옵션을 선택하세요. 5. 정확성과 완전성을 위해 입력한 모든 세부정보를 다시 확인하세요. 6. 변경 사항을 저장합니다. 여전히 문제가 발생하거나 절차가 다르게 나타저는 경우, 문제가 있는 부분에 대해 보다 구체적인 세부정보를 제공해 주시면 기꺼이 도와드리겠습니다. 고객 만족은 우리에게 중요하며, 저희는 이 문제를 해결하기 위해 함께 노력할 것입니다."
BL,새 배송 주소를 입력하는 데 도움이 필요합니다.,배송지,배송지 설정,"새 배송 주소를 입력하는 데 도움이 필요하신 것으로 알고 있으며, 절차를 안내해 드리겠습니다. 새 배송 주소를 원활하고 성공적으로 입력하려면 다음 단계를 따라 주세요. 1. 고객님의 계정에 로그인하십시오. 2. '내 계정' 또는 '프로필' 섹션으로 이동하세요. 3. '배송 주소' 또는 이와 유사한 옵션을 찾으십시오. 4. '새 주소 추가'를 클릭하세요. 5. 필요한 경우 거리 이름, 도시, 주, 우편번호 및 기타 추가 정보 등 새 배송 주소의 정확한 세부정보를 필수 필드에 입력하세요. 6. 입력된 정보의 정확성과 완전성을 다시 한번 확인하세요. 7. 변경 사항을 저장하거나 '제출'을 클릭하여 새 배송 주소 입력을 완료하세요. 이 과정에서 어려움을 겪거나 추가 질문이 있는 경우 주저하지 말고 문의해 주세요. 저는 고객님께 새 배송 주소를 입력하는 동안 지원을 제공하고 원활한 경험을 보장하기 위해 왔습니다."
BIQ,다른 배송 주소를 설정할 수 있나요,배송지,배송지 설정,"다른 배송지 설정을 원하시는 현실을 알고 있습니다. 저는 고객님을 돕기 위해 여기 있습니다. 새 배송 주소를 추가하려면 다음 단계를 따르세요. 1. 고객님의 계정에 로그인하십시오. 2. ""내 계정"" 또는 ""프로필"" 섹션으로 이동합니다. 3. 배송 주소를 관리하는 옵션을 찾으세요. 4. ""새 주소 추가"" 또는 유사한 옵션을 선택하십시오. 5. 새 배송 주소에 필요한 세부 정보를 입력하세요. 6. 변경 사항을 저장합니다. 어려움이 있거나 특정 요구사항이 있는 경우 알려주시면 최선을 다해 도와드리겠습니다."
BL,보조 배송 주소를 입력하세요,배송지,배송지 설정,"보조 배송 주소를 입력하는 방법에 대한 안내를 찾고 계신 것으로 확인되었습니다. 원활한 절차를 보장하기 위해 함께 노력합시다. 1. 고객님의 계정에 로그인하여 시작하십시오. 2. ""배송 주소"" 섹션을 찾으십시오. 3. 해당 섹션에서 ""새 주소 추가"" 또는 ""배송 주소 편집"" 옵션을 찾으세요. 4. 해당 옵션을 클릭하세요. 5. 거리 주소, 도시, 주, 우편번호 등 보조 배송 주소의 세부정보로 필수 필드를 입력합니다. 6. 세부정보의 정확성과 완전성을 다시 확인하세요. 7. 변경 사항을 저장합니다. 문제가 발생하거나 추가 문의사항이 있으면 언제든지 알려주시기 바랍니다. 저는 고객님께 필요한 도움을 제공하기 위해 여기에 있습니다."
BILQ,배송지 주소를 입력하려면 어떻게 해야 하나요?,배송지,배송지 설정,"배송 주소를 입력하는 방법에 대한 안내를 찾고 계시는 것으로 확인됩니다. 단계별 설명을 제공해 드리겠습니다. 1. 당사 웹사이트에서 고객님의 계정에 로그인하십시오. 2. 일반적으로 페이지 오른쪽 상단에 있는 '내 계정' 또는 '프로필' 섹션으로 이동합니다. 3. '배송 주소' 또는 이와 유사한 라벨이 붙은 탭이나 링크를 찾으십시오. 4. 클릭하시면 배송지 관리 페이지로 접속됩니다. 5. 이 페이지에는 '새 주소 추가' 또는 '주소 편집' 옵션이 표시됩니다. 선택하세요. 6. 이름, 거리 주소, 도시, 주, 우편번호, 전화번호 등 배송 주소에 필요한 모든 정보를 입력할 수 있는 양식이 나타납니다. 7. 각 필드를 다시 확인하여 주소가 정확하고 완전한지 확인하세요. 8. 필수 정보를 모두 입력한 후 '저장' 또는 '제출' 버튼을 클릭하여 배송 주소를 저장하세요. 어려움이 있거나 웹사이트에서 절차가 다르게 나타저는 경우, 직면한 문제에 대해 자세한 내용을 제공해 주시면 기꺼이 도와드리겠습니다."
BILQZ,보조 배송 주소를 설정하는 데 도움을 줄 수 있나요?,배송지,배송지 설정,"물론입니다! 보조 배송 주소를 설정하는 데 도움이 필요하다는 점을 이해합니다. 저는 고객님께 절차를 안내하고 고객님의 주소가 정확하고 효율적으로 설정되었는지 확인하기 위해 왔습니다. 다음 단계를 따라 주세요. 1. 로그인 정보를 사용하여 계정에 로그인합니다. 2. '내 계정' 또는 '프로필' 섹션으로 이동하세요. 3. '배송 주소' 또는 이와 유사한 옵션을 찾으십시오. 4. 해당 주소를 클릭하면 현재 주소 세부정보에 액세스할 수 있습니다. 5. 새 주소를 추가하거나 기존 주소를 편집할 수 있는 옵션을 찾으십시오. 6. '새 주소 추가' 또는 '수정' 옵션을 클릭하세요. 7. 거리명, 도시, 주, 우편번호 등 보조 배송 주소에 필요한 정보를 입력하세요. 8. 정보가 모두 올바른지 다시 확인하세요. 9. 변경 사항을 저장하고 이제 보조 배송 주소가 성공적으로 설정되었는지 확인하세요. 이 과정에서 어려움을 겪거나 추가 질문이 있는 경우 언제든지 문의해 주세요. 저는 모든 단계에서 고객님을 돕기 위해 여기 있습니다!"
BL,새 배송 주소를 제출할 수 없습니다.,배송지,배송지 설정,"저는 고객님이 새 배송 주소를 제출하려고 할 때 겪고 있는 불만을 분명히 알고 있습니다. 이 문제를 해결하고 주소를 성공적으로 제출할 수 있도록 함께 노력하겠습니다. 1. 수취인 이름, 거리 주소, 도시, 주, 우편번호를 포함하여 모든 필수 필드를 정확하게 입력했는지 확인하세요. 2. 입력하신 정보에 오류나 오타가 있는지 다시 한번 확인해주세요. 작은 실수라도 주소가 제출되지 않을 수 있습니다. 3. 다른 웹 브라우저를 사용하거나 브라우저의 캐시와 쿠키를 삭제해 보세요. 때로는 기술적인 문제로 인해 제출 과정이 방해를 받을 수도 있습니다. 4. 여전히 주소를 제출할 수 없는 경우 다른 장치나 네트워크에서 웹사이트나 앱에 액세스하여 로컬 연결 문제를 배제해 보세요. 5. 위 단계를 수행해도 문제가 해결되지 않으면 고객 지원팀([고객센터전화번호])에 문의하거나 당사 웹사이트([웹사이트/메뉴])에서 라이브 채팅을 통해 문의하세요. 추가 지원을 제공하고 잠재적인 기술 문제를 해결할 수 있습니다. 저희는 모든 단계에서 고객님을 지원하기 위해 여기 있다는 것을 기억하십시오. 추가 도움이 필요하면 주저하지 말고 문의하세요!"
BILQWZ,빌어먹을 배송 주소를 알아내는 게 가능해?,배송지,배송지 설정,"배송 주소를 입력하는 동안 불편을 끼쳐드려 죄송합니다. 주소를 올바르게 설정하는 것이 얼마나 중요한지 잘 알고 있습니다. 안심하세요. 제가 도와드리겠습니다. 배송 주소를 입력하려면 다음 단계를 따르세요. 1. 고객님의 계정에 로그인하십시오. 2. '내 계정' 또는 '프로필' 섹션으로 이동하세요. 3. '배송 주소' 또는 이와 유사한 옵션을 찾으십시오. 4. '새 주소 추가' 또는 '배송 주소 편집' 옵션을 클릭하세요. 5. 제공된 필드에 배송 주소에 필요한 세부 정보를 입력하세요. 6. 주소를 올바르게 입력한 후 변경 사항을 저장하세요. 계속해서 문제가 발생하거나 절차가 다양할 경우 현재 발생한 문제에 대해 보다 구체적인 정보를 제공해 주시면 문제 해결을 위해 추가 지원을 해 드리겠습니다. 고객 만족은 우리에게 중요하며, 저희는 함께 고객님이 빌어먹을 배송 주소를 성공적으로 입력할 수 있도록 보장할 것입니다."
BIL,배송 주소를 어떻게 제출할 수 있나요?,배송지,배송지 설정,"물론이죠! 배송 주소 제출을 도와드리겠습니다. 단계별 가이드는 다음과 같습니다. 1. 고객님의 계정에 로그인하십시오. 2. ""내 계정"" 또는 ""프로필"" 섹션으로 이동합니다. 3. ""배송 주소"" 또는 유사한 옵션을 찾으십시오. 4. ""새 주소 추가"" 또는 ""배송 주소 편집""을 선택하십시오. 5. 지정된 필드에 배송 주소 세부 정보를 입력하세요. 6. 고객님의 정보가 정확한지 다시 한번 확인하십시오. 7. 변경 사항을 저장합니다. 문제가 발생하거나 절차가 다르게 나타저는 경우 추가 지원을 제공할 수 있도록 자세한 내용을 제공해 주시기 바랍니다."
BCLP,새 배송 주소를 설정하고 싶습니다. 도움이 필요합니다.,배송지,배송지 설정,새 배송 주소를 설정하는 데 도움이 필요하신 것으로 알고 있습니다. 저는 고객님께 그 과정을 안내하기 위해 왔습니다. 정확하고 신속한 지원을 위해 다음 세부정보를 제공해 주시기 바랍니다. 1. 현재 배송지 주소 2. 설정하려는 새 배송 주소 이러한 세부정보가 확보되면 시스템에서 배송 주소를 업데이트할 수 있도록 도와드리겠습니다. 안심하세요. 고객 만족이 저희의 최우선 과제입니다. 이 문제를 해결하기 위해 노력하는 동안 양해해 주셔서 감사합니다.
