플래그,문의 내용,카테고리,의도,응답
B,주문 [주문/송장번호] 취소 관련 문의,주문,주문 취소,주문 [주문/송장번호] 취소와 관련해 문의하신 내용을 확인했습니다. 궁금하신 점을 말씀해 주시면 필요한 정보를 안내해 드리겠습니다.
BQZ,주문 [주문/송장번호] 취소에 관해 질문이 있습니다,주문,주문 취소,주문 [주문/송장번호] 취소에 관해 궁금한 점이 있으시군요. 구체적인 질문을 말씀해 주시면 필요한 정보와 안내를 빠짐없이 제공해 드리겠습니다. 고객 만족을 최우선으로 도와드리겠습니다.
BLQZ,구매 [주문/송장번호] 취소를 도와주세요,주문,주문 취소,"구매 번호 [주문/송장번호]의 구매 취소에 도움이 필요하시군요. 불편을 드려 죄송하며, 지금부터 절차를 안내해 드리겠습니다. 구매를 취소하려면 다음 단계를 따르세요. 1. 계정에 로그인하세요. [웹사이트/메뉴]를 방문하여 로그인 정보를 사용하여 로그인하세요. 2. 주문 찾기: ​​로그인 후 '[웹사이트/메뉴]' 또는 '[웹사이트/메뉴]' 섹션으로 이동하여 주문 번호 [주문/송장번호]로 구매한 항목을 찾습니다. 3. 취소 시작: 구매 항목을 찾은 후 '[웹사이트/메뉴]' 옵션을 찾아 클릭하여 취소 절차를 시작하세요. 4. 취소 확인: 당사 시스템에서는 취소에 대한 확인이나 피드백을 요청할 수 있습니다. 절차를 완료하는 데 필요한 정보를 입력해 주세요. 5. 추가 지원 요청: 문제가 발생하거나 추가 지원이 필요한 경우 [운영시간/기간]에 전담 고객 지원팀을 이용하실 수 있습니다. [고객센터전화번호]로 문의하시거나 [웹사이트/메뉴]에서 라이브 채팅 기능을 사용하실 수 있습니다. 고객님의 이해에 감사드리며 고객 만족을 소중히 여깁니다. 더 궁금한 점이나 문의 사항이 있으면 언제든지 문의해 주세요. 언제든지 도와드리겠습니다."
BL,구매 [주문/송장번호]를 취소해야 합니다,주문,주문 취소,"주문 번호 [주문/송장번호]의 구매를 취소하는 데 도움이 필요하신 것으로 확인했습니다. 불편을 드려 죄송합니다. 취소 절차를 시작하려면 다음 단계를 따라 주세요. 1. 고객님의 계정에 로그인하십시오: [웹사이트/메뉴]를 방문하여 고객님의 로그인 정보를 사용하여 로그인하십시오. 2. 주문 내역에 액세스하세요. 로그인 후 ""[웹사이트/메뉴]"" 또는 ""[웹사이트/메뉴]"" 섹션으로 이동하세요. 3. 구매 항목 찾기: 특정 주문 번호 [주문/송장번호]의 주문을 찾습니다. 4. 구매 취소: 구매와 관련된 ""[웹사이트/메뉴]"" 옵션을 클릭하세요. 5. 취소 확인: 시스템의 추가 메시지나 질문에 따라 취소를 완료합니다. 어려움이 있거나 추가 질문이 있는 경우 당사의 전담 지원팀이 도움을 드릴 수 있습니다. [운영시간/기간] 동안 [고객센터전화번호]로 연락하거나 당사 웹사이트 [웹사이트/메뉴]의 라이브 채팅 기능을 통해 연락하실 수 있습니다. 고객님의 이해에 감사드리며 고객 만족을 소중히 여깁니다."
BCELN,이 주문을 결제할 여유가 없습니다. 구매 [주문/송장번호]를 취소해 주세요,주문,주문 취소,"경제적인 사정으로 주문 번호 [주문/송장번호]의 구매를 취소해야 하시는군요. 상황을 알려주셔서 감사드리며, 아래와 같이 취소 절차를 안내해 드리겠습니다. 1. 고객님의 계정에 접속하세요: [웹사이트/메뉴]에 로그인하세요. 2. 주문 내역 찾기: 로그인 후 '[웹사이트/메뉴]' 또는 '[웹사이트/메뉴]' 섹션으로 이동하세요. 3. 관련 구매 찾기: 주문 번호 [주문/송장번호]와 관련된 구매를 찾아 클릭합니다. 4. 취소 시작: 구매 세부정보 페이지에 '[웹사이트/메뉴]' 옵션이 표시됩니다. 이 옵션을 선택해 주세요. 5. 취소 확인: 시스템에서 확인 메시지를 표시하거나 피드백을 위해 몇 가지 질문을 할 수 있습니다. 다음 단계를 완료하세요. 도중에 어려움이 있거나 추가 질문이 있는 경우, 저희 팀이 도와드릴 준비가 되어 있습니다. [운영시간/기간]에 [고객센터전화번호]로 중에 또는 [웹사이트/메뉴]의 라이브 채팅을 통해 문의해 주세요. 저희는 고객 만족을 소중히 여기며 상황은 바뀔 수 있다는 것을 이해합니다."
BI,주문 [주문/송장번호] 취소를 도와주실 수 있나요?,주문,주문 취소,물론입니다. 주문 번호 [주문/송장번호]의 취소를 도와드리겠습니다. 아래 단계를 따라 진행해 주세요. 다음 단계를 따라 주세요. 1. 로그인 정보를 사용하여 [웹사이트/메뉴]에 로그인합니다. 2. '[웹사이트/메뉴]' 또는 '[웹사이트/메뉴]' 섹션으로 이동하여 모든 구매 기록을 확인할 수 있습니다. 3. [주문/송장번호] 번호와 관련된 주문을 찾아 클릭하여 세부정보를 확인하세요. 4. '[웹사이트/메뉴]' 옵션을 찾아 선택하여 취소 절차를 시작합니다. 5. 추가 지침을 따르거나 시스템 메시지에 따라 필요한 피드백을 제공합니다. 어려움이 있거나 추가 질문이 있는 경우 당사의 전담 지원팀이 도움을 드릴 수 있습니다. [운영시간/기간] 동안 [고객센터전화번호]로 연락하시거나 당사 웹사이트 [웹사이트/메뉴]에서 라이브 채팅 기능을 사용하여 저희와 연락하실 수 있습니다. 고객 만족스러운 해결과 최고의 만족을 드릴 것을 약속드립니다.
BCLN,더 이상 주문 [주문/송장번호]를 결제할 수 없으니 취소해 주세요,주문,주문 취소,현재 사정상 주문 [주문/송장번호]를 더 이상 진행하기 어려우신 것으로 이해했습니다. 주문 취소를 도와드리고 가능한 해결 방법을 함께 찾아보겠습니다. 아래 단계를 따라 주세요. 1. 계정에 로그인하세요. 로그인하여 [웹사이트/메뉴]에 액세스하세요. 2. 주문 찾기: '[웹사이트/메뉴]' 또는 '[웹사이트/메뉴]' 섹션으로 이동합니다. 3. 특정 주문 확인: 주문 번호 [주문/송장번호]를 찾아 클릭하세요. 4. 취소 시작: 주문 세부정보에서 '[웹사이트/메뉴]' 옵션을 찾을 수 있습니다. 절차를 시작하려면 선택하세요. 5. 취소 확인: 시스템에서 확인 메시지를 표시하거나 피드백을 요청할 수 있습니다. 계속 진행하려면 필요한 정보를 입력하세요. 당사의 전담 지원팀은 항상 대체 옵션을 탐색하거나 고객님이 가질 수 있는 문의 사항을 논의하는 데 도움을 드릴 수 있다는 점을 기억하십시오. [운영시간/기간] 중에 [고객센터전화번호]로 연락하거나 [웹사이트/메뉴]의 라이브 채팅 기능을 통해 언제든지 연락하세요. 저희는 고객 만족을 소중히 여기며 고객님께 필요한 지원을 제공하기 위해 최선을 다하고 있습니다.
BL,구매 [주문/송장번호]를 취소하려고 합니다,주문,주문 취소,구매 [주문/송장번호]를 취소하려고 하시는군요. 최대한 원활하게 처리하실 수 있도록 아래 절차를 안내해 드리겠습니다. 1. 계정에 로그인: [웹사이트/메뉴]에 로그인하여 플랫폼에 액세스하세요. 2. 주문으로 이동합니다. 로그인 후 '[웹사이트/메뉴]' 또는 '[웹사이트/메뉴]' 섹션으로 이동합니다. 3. 구매 찾기: 주문 번호가 [주문/송장번호]인 구매를 찾아 클릭하여 세부 정보를 확인하세요. 4. 취소 시작: 구매 세부정보 내에서 '[웹사이트/메뉴]' 옵션을 찾을 수 있습니다. 취소 절차를 시작하려면 이 옵션을 선택하세요. 5. 추가 단계를 따라 주세요. 특정 상황에 따라 취소를 완료하는 데 필요한 추가 단계나 정보가 있을 수 있습니다. 메시지가 나타나면 필요한 세부 정보를 입력해 주세요. 도중에 어려움이 있거나 추가 질문이 있는 경우 당사의 전담 지원팀이 도움을 드릴 수 있습니다. [운영시간/기간] 동안 [고객센터전화번호]로 연락하거나 당사 웹사이트 [웹사이트/메뉴]의 라이브 채팅 기능을 통해 연락하실 수 있습니다. 안심해 주세요. 저희는 고객 만족을 위해 최선을 다하고 있으며 취소 절차를 돕기 위해 최선을 다할 것입니다.
BL,구매 [주문/송장번호]를 꼭 취소해야 합니다,주문,주문 취소,주문 번호 [주문/송장번호]의 구매를 취소해야 하시는군요. 아래 절차에 따라 진행해 주세요. 1. 계정에 로그인: [웹사이트/메뉴]에 로그인하여 플랫폼에 액세스하세요. 2. 주문으로 이동: 로그인 후 '[웹사이트/메뉴]' 또는 '[웹사이트/메뉴]' 섹션으로 이동합니다. 3. 구매 찾기: 주문 번호 [주문/송장번호]와 관련된 구매를 찾아 클릭하여 자세한 내용을 확인하세요. 4. 취소 시작: 구매 세부정보에서 '[웹사이트/메뉴]' 옵션을 찾을 수 있습니다. 취소 절차를 시작하려면 선택하세요. 5. 피드백 제공(필요한 경우): 경우에 따라 시스템에서 피드백이나 추가 정보를 요청할 수 있습니다. 메시지가 표시되면 다음 단계를 완료하세요. 이 과정에서 어려움을 겪거나 추가 질문이 있는 경우 당사의 전담 지원팀이 도움을 드릴 수 있습니다. [운영시간/기간] 동안 [고객센터전화번호]로 연락하거나 [웹사이트/메뉴]에서 라이브 채팅 기능을 이용하실 수 있습니다. 저희는 고객 만족을 보장하고 고객님이 가질 수 있는 모든 문의 사항을 해결하기 위해 최선을 다하고 있습니다.
BQ,주문 [주문/송장번호]를 취소하려면 어떻게 해야 할지 모르겠습니다,주문,주문 취소,주문 번호 [주문/송장번호]의 취소 방법을 몰라 어려움을 겪고 계시는군요. 걱정하지 마세요. 아래 단계를 따라 주문을 취소하실 수 있습니다. 1. 계정에 로그인하세요. [웹사이트/메뉴]에 로그인하여 플랫폼에 액세스하세요. 2. 주문 찾기: ​​로그인 후 '[웹사이트/메뉴]' 또는 '[웹사이트/메뉴]' 탭으로 이동하여 주문 번호 [주문/송장번호]가 있는 주문을 찾으세요. 3. 취소 시작: 주문을 클릭하고 '[웹사이트/메뉴]' 옵션을 찾으세요. 취소 절차를 시작하려면 이 옵션을 선택하세요. 4. 취소 확인: 시스템에서 취소 확인 메시지를 표시할 수 있습니다. 그렇다면 계속 진행하는 데 필요한 정보를 제공해 주시기 바랍니다. 5. 취소 세부정보 검토: 확인 후 관련 세부정보가 포함된 취소 확인서를 받게 됩니다. 기록을 위해 꼭 검토해 보세요. 어려움이 있거나 추가 질문이 있는 경우 언제든지 전담 지원팀에 문의하세요. [운영시간/기간]에 [고객센터전화번호]로 중에 또는 당사 웹사이트([웹사이트/메뉴])의 라이브 채팅을 통해 연락하실 수 있습니다. 저희는 고객 만족을 보장하기 위해 최선의 지원을 제공하기 위해 최선을 다하고 있습니다.
BL,구매 [주문/송장번호] 취소에 문제가 있습니다,주문,주문 취소,"주문 번호 [주문/송장번호]의 구매를 취소하는 데 문제가 있으시군요. 불편을 드려 죄송합니다. 해결을 위해 아래 안내를 따라 주세요. 1. 계정에 액세스하세요. 등록된 로그인 정보를 사용하여 [웹사이트/메뉴]에 로그인하여 시작하세요. 2. 주문 내역으로 이동합니다. 로그인 후 '[웹사이트/메뉴]' 또는 '[웹사이트/메뉴]' 섹션을 찾으세요. 계속하려면 클릭하세요. 3. 구매 확인: 주문 내역에서 주문 번호 [주문/송장번호]와 관련된 구매를 찾아서 선택합니다. 4. 취소 시작: 취소하려는 특정 구매에 연결된 '[웹사이트/메뉴]' 옵션을 찾으세요. 그것을 클릭해 주세요. 5. 확인 및 피드백: 시스템은 고객님께 취소를 확인하거나 피드백을 제공하라는 메시지를 표시할 수 있습니다. 지시에 따라 필요한 단계를 완료하시기 바랍니다. 추가 문제가 발생하거나 추가 질문이 있는 경우 [운영시간/기간]에 전담 지원팀에 문의하실 수 있습니다. [고객센터전화번호]로 연락하시거나 [웹사이트/메뉴]를 통해 라이브 채팅에 참여하실 수 있습니다. 이번 상황으로 인해 불편을 끼쳐드려 죄송하며, 해결 과정 전반에 걸쳐 양해해 주셔서 감사합니다."
BL,구매 [주문/송장번호] 취소 관련 문제,주문,주문 취소,"주문 번호 [주문/송장번호]의 구매 취소가 원활하지 않으신 것으로 확인했습니다. 불편을 드려 죄송합니다. 문제 해결을 위해 다음 사항을 확인해 주세요. 1. 주문 세부정보를 다시 확인하세요. 올바른 주문 번호를 입력했는지 확인하세요. 구매 취소 시 정확한 내용을 확인하는 것이 중요합니다. 2. 다른 채널을 사용해 보세요. 온라인 구매를 취소하는 데 문제가 있는 경우 전화, 이메일, 라이브 채팅 등 다양한 채널을 통해 고객 지원팀에 문의할 수 있습니다. 취소 절차를 안내해 드릴 것입니다. 3. 추가 정보 제공: 때때로 특정 구매의 경우 취소를 위해 추가 세부 정보가 필요할 수 있습니다. 당사의 고객 지원팀은 고객님께 취소 절차를 원활하게 하는 데 필요한 지침과 요청된 정보를 제공할 수 있습니다. 4. 인내심을 가지세요. 시스템 업데이트나 확인 ​​절차로 인해 구매 취소에 시간이 조금 더 걸릴 수 있습니다. 안심하세요. 저희 팀은 문제를 최대한 빨리 해결하기 위해 열심히 노력하고 있습니다. 추가 지원이 필요한 경우 언제든지 추가 정보를 제공하거나 [운영시간/기간]에 [고객센터전화번호]로 고객 지원팀에 문의하세요. 이 문제를 해결하기 위해 노력하는 동안 양해해 주셔서 감사합니다."
BIL,구매 [주문/송장번호] 취소를 도와주실 수 있나요?,주문,주문 취소,"물론입니다. 구매 번호 [주문/송장번호]의 취소를 도와드리겠습니다. 주문 취소가 다소 복잡하게 느껴질 수 있지만, 아래 절차를 단계별로 따라 주세요. [주문/송장번호] 구매를 취소하려면 다음 지침을 따라 주세요. 1. 로그인 정보를 사용하여 [웹사이트/메뉴]에 로그인합니다. 2. '[웹사이트/메뉴]' 또는 '[웹사이트/메뉴]' 섹션으로 이동합니다. 계정 대시보드에서 쉽게 찾을 수 있습니다. 3. 주문 내역에서 구매 번호 [주문/송장번호]로 구매한 항목을 찾아보세요. 4. 구매 항목을 찾으면 '[기타정보]' 옵션이 표시됩니다. 해당 옵션을 클릭하세요. 5. 시스템에서 확인이나 피드백을 요청할 수 있습니다. 취소 절차를 완료하는 데 필요한 정보를 제공해 주시기 바랍니다. 어려움을 겪거나 추가 질문이 있는 경우 언제든지 전담 지원팀에 문의하세요. [운영시간/기간] 중에 [고객센터전화번호]로 연락하거나 [웹사이트/메뉴]에서 라이브 채팅 기능을 활용할 수 있습니다. 저희는 고객 만족을 보장하기 위해 여기에 있으며, 우리 서비스에 대한 고객님의 신뢰에 감사드립니다."
BIL,구매 [주문/송장번호]를 취소하려면 어떻게 해야 하나요?,주문,주문 취소,"주문 번호 [주문/송장번호]의 구매 취소 방법을 안내해 드리겠습니다. 취소 절차를 시작하려면 다음 단계를 따라 주세요. 1. 로그인 정보를 사용하여 [웹사이트/메뉴]에 로그인합니다. 2. 계정 내에서 ""[웹사이트/메뉴]"" 또는 ""[웹사이트/메뉴]"" 섹션을 찾으세요. 3. 구매 번호 [주문/송장번호]와 관련된 주문을 확인하고 이를 클릭하여 세부 정보에 액세스합니다. 4. ""[웹사이트/메뉴]""라고 표시된 옵션을 찾아 선택하여 취소 절차를 시작합니다. 5. 시스템의 추가 지침이나 질문에 따라 취소를 완료하세요. 어려움이 있거나 추가 질문이 있는 경우 [운영시간/기간]에 당사의 전담 지원팀에 문의하실 수 있습니다. [고객센터전화번호]로 연락하시거나 [웹사이트/메뉴]의 라이브 채팅 기능을 통해 연락하실 수 있습니다. 저희는 고객님께 필요한 지원을 제공하고 원활한 취소 경험을 보장하기 위해 왔습니다."
BCL,같은 상품을 두 번 구매했습니다. 주문 [주문/송장번호]를 취소해 주세요,주문,주문 취소,"같은 상품을 두 번 구매해 당황스러우셨겠습니다. 주문 [주문/송장번호]를 취소하실 수 있도록 아래 절차를 안내해 드리겠습니다. 1. 계정에 로그인하세요. [웹사이트/메뉴]에 로그인하여 플랫폼에 액세스하세요. 2. 주문 찾기: ​​로그인 후 '[웹사이트/메뉴]' 또는 '[웹사이트/메뉴]' 섹션으로 이동하세요. 3. 중복 구매 확인: [주문/송장번호] 번호의 주문을 찾습니다. 자세한 내용을 보려면 클릭해 주세요. 4. 취소 시작: 주문 세부정보에서 '[웹사이트/메뉴]' 옵션을 찾을 수 있습니다. 취소를 진행하려면 이것을 선택하세요. 5. 확인 및 피드백: 시스템에서 확인 또는 피드백을 요청하는 메시지를 표시할 수 있습니다. 필요한 정보를 제공해 주세요. 어려움이 있거나 추가 질문이 있는 경우 [운영시간/기간]에 [고객센터전화번호]로 또는 [웹사이트/메뉴]의 라이브 채팅 기능을 통해 전담 지원팀에 문의하실 수 있습니다. 저희의 목표는 고객 만족을 보장하는 것이며, 이 오류를 수정하는 동안 고객님의 이해에 감사드립니다."
BQ,주문 [주문/송장번호] 취소를 도와주세요,주문,주문 취소,구매 번호 [주문/송장번호]와 관련된 주문 취소에 도움이 필요하시군요. 아래 절차에 따라 진행하실 수 있도록 안내해 드리겠습니다. 주문을 취소하려면 다음 단계를 따르세요. 1. 로그인 정보를 사용하여 [웹사이트/메뉴]에 로그인합니다. 2. 계정에서 '[웹사이트/메뉴]' 또는 '[웹사이트/메뉴]' 섹션을 찾으세요. 3. 구매 번호 [주문/송장번호]로 특정 주문을 찾으세요. 4. '[웹사이트/메뉴]'라고 표시된 옵션을 찾아 선택하여 취소 절차를 시작합니다. 5. 취소를 완료하려면 시스템에서 제공하는 추가 메시지나 요구 사항을 따르세요. 어려움이 있거나 추가 질문이 있는 경우 당사의 전담 지원팀이 도움을 드릴 수 있습니다. [운영시간/기간] 동안 [고객센터전화번호]로 연락하거나 당사 웹사이트 [웹사이트/메뉴]의 라이브 채팅 기능을 통해 연락하실 수 있습니다. 저희는 고객으로서 고객 만족을 소중히 여기며 고객님의 원활한 취소 절차를 보장하기 위해 최선을 다하고 있습니다. 도움이 필요할 경우 언제든지 문의하세요.
BQ,주문 [주문/송장번호] 취소 지원이 필요합니다,주문,주문 취소,주문 번호 [주문/송장번호]의 취소 지원이 필요하시군요. 최대한 원활하게 처리하실 수 있도록 다음 절차를 안내해 드리겠습니다. 1. [웹사이트/메뉴]에 로그인하세요. 당사 웹사이트로 이동하여 로그인 로그인 정보를 입력하여 계정에 액세스하세요. 2. 주문 찾기: ​​로그인 후 '[웹사이트/메뉴]' 또는 '[웹사이트/메뉴]' 섹션을 찾으세요. 여기에서 과거 구매 내역을 모두 확인할 수 있습니다. 3. 관련 구매 찾기: 나열된 주문 중에서 주문 번호 [주문/송장번호]를 찾아 클릭하고 자세한 내용을 확인하세요. 4. 취소 시작: 주문 세부정보에서 '[웹사이트/메뉴]' 옵션을 찾을 수 있습니다. 취소 절차를 시작하려면 이를 선택하세요. 5. 추가 단계를 따라 주세요. 시스템 요구 사항에 따라 취소 이유를 제공하거나 결정을 확인하라는 메시지가 표시될 수 있습니다. 제공된 지침을 따라 주세요. 어려움이 있거나 추가 질문이 있는 경우 당사의 전담 지원팀이 도움을 드릴 수 있습니다. [운영시간/기간]에 [고객센터전화번호]로 또는 당사 웹사이트([웹사이트/메뉴])의 라이브 채팅 기능을 통해 언제든지 연락하세요. 고객 만족이 최우선이며 [주문/송장번호] 주문 취소를 도와드리기 위해 최선을 다하겠습니다.
BQ,주문 [주문/송장번호]를 취소하려고 합니다,주문,주문 취소,"주문 [주문/송장번호]를 취소하려고 하시는군요. 주문 취소는 중요한 요청이므로 아래 절차를 따라 처리하실 수 있도록 도와드리겠습니다. [주문/송장번호] 주문을 취소하려면 다음 단계를 따르세요. 1. 계정에 로그인하세요. [웹사이트/메뉴]에 로그인하여 플랫폼에 액세스하세요. 2. 주문 찾기: ​​로그인 후 계정의 '[웹사이트/메뉴]' 또는 '[웹사이트/메뉴]' 섹션으로 이동하세요. 3. 특정 주문 찾기: ​​주문 번호 [주문/송장번호]를 찾아 클릭하고 세부정보를 확인하세요. 4. 취소 시작: 주문 세부정보 페이지에서 '[웹사이트/메뉴]' 옵션을 찾을 수 있습니다. 취소 절차를 진행하려면 이 옵션을 선택하세요. 5. 피드백 제공(선택 사항): 메시지가 표시되면 주문 취소 결정에 대한 피드백을 제공할 기회가 있을 수 있습니다. 이 피드백은 서비스를 개선하는 데 도움이 됩니다. 어려움이 있거나 추가 질문이 있는 경우 언제든지 전담 지원팀에 문의하세요. [운영시간/기간] 동안 [고객센터전화번호]로 문의하시거나 [웹사이트/메뉴]에서 라이브 채팅 기능을 활용하실 수 있습니다. 이해해 주셔서 감사드리며 이로 인해 불편을 끼쳐드려 죄송합니다. 고객 만족이 저희의 최우선 과제이며, 취소 절차 전반에 걸쳐 고객님을 지원하기 위해 최선을 다하고 있습니다."
BMQ,주문 [주문/송장번호] 취소에 문제가 있습니다,주문,주문 취소,"주문 [주문/송장번호] 취소 과정에서 어려움을 겪고 계시는군요. 불편을 드려 진심으로 죄송합니다. 다음 방법을 확인해 주세요. 이 문제를 해결하려면 다음 단계를 시도해 보시기 바랍니다. 1. 주문 번호를 다시 확인하세요. 취소하려면 올바른 주문 번호 [주문/송장번호]를 입력했는지 확인하세요. 2. 고객 지원팀에 문의: 문제가 계속 발생하는 경우 [운영시간/기간]에 전담 고객 지원팀에 문의하실 것을 적극 권장합니다. 관련 기술 문제를 해결하고 주문 취소 방법을 안내해 드릴 수 있습니다. 3. 세부 정보 제공: 고객 지원팀에 문의할 때 주문 번호, 발생한 오류 메시지 등 문제에 대한 구체적인 세부 정보를 알려주십시오. 이를 통해 문제를 신속하게 파악하고 맞춤형 솔루션을 제공할 수 있습니다. 저희는 이 문제를 신속하게 해결하고 고객 만족을 보장하기 위해 최선을 다하고 있습니다. 고객님의 인내와 이해에 감사드립니다."
BLZ,구매 [주문/송장번호] 취소 지원이 필요합니다,주문,주문 취소,구매 취소에 도움이 필요하시군요. 불편을 드려 죄송합니다. 구매 [주문/송장번호]를 취소하려면 다음 단계를 따라 주세요. 1. [웹사이트/메뉴]에 로그인하세요. 2. '[웹사이트/메뉴]' 또는 '[웹사이트/메뉴]' 섹션으로 이동합니다. 3. 주문 번호 [주문/송장번호]로 구매한 항목을 찾아 클릭하세요. 4. '[웹사이트/메뉴]'라고 표시된 옵션을 찾아 선택하세요. 5. 메시지가 표시되면 취소 절차를 완료하는 데 필요한 정보나 피드백을 제공합니다. 어려움이 있거나 추가 질문이 있는 경우 당사의 전담 지원팀이 도움을 드릴 수 있습니다. [운영시간/기간] 동안 [고객센터전화번호]로 연락하시거나 [웹사이트/메뉴]에서 라이브 채팅 기능을 활용하실 수 있습니다. 저희는 고객 만족을 소중히 여기며 고객님께 필요한 도움을 제공하기 위해 최선을 다하고 있습니다.
B,주문 [주문/송장번호] 취소 관련 문제,주문,주문 취소,"주문 번호 [주문/송장번호]의 취소가 원활하지 않으신 것으로 확인했습니다. 불편을 드려 죄송합니다. 해결을 위해 아래 절차를 따라 주세요. 주문을 취소하려면 다음 단계를 따르세요. 1. 로그인 정보를 사용하여 [웹사이트/메뉴]에 로그인합니다. 2. '[웹사이트/메뉴]' 또는 '[웹사이트/메뉴]' 섹션으로 이동합니다. 거기에서 최근 주문 목록을 찾을 수 있습니다. 3. 번호가 [주문/송장번호]인 특정 주문을 찾습니다. 클릭하시면 주문내역을 확인하실 수 있습니다. 4. 주문 세부정보 페이지에 '[웹사이트/메뉴]' 옵션이 표시됩니다. 취소 절차를 시작하려면 이 옵션을 선택하세요. 5. 취소를 완료하려면 시스템에서 제공하는 추가 지침이나 메시지를 따르세요. 추가적인 어려움이 있거나 질문이 있는 경우, 언제든지 전담 고객 지원팀에 문의해 주세요. [운영시간/기간]에 [고객센터전화번호]로 또는 당사 웹사이트([웹사이트/메뉴])의 라이브 채팅 기능을 통해 이용 가능합니다. 저희는 고객 만족을 보장하고 가능한 한 빨리 이 문제를 해결하기 위해 최선을 다하고 있습니다."
BZ,주문 [주문/송장번호] 취소 지원,주문,주문 취소,주문 [주문/송장번호] 취소와 관련해 도움을 요청하셨군요. 아래 절차에 따라 취소를 진행해 주세요. 1. 로그인 정보를 사용하여 [웹사이트/메뉴]에 로그인합니다. 2. '[웹사이트/메뉴]' 또는 '[웹사이트/메뉴]' 섹션으로 이동합니다. 3. 번호가 [주문/송장번호]인 주문을 찾아 클릭하세요. 4. 구매와 관련된 '[웹사이트/메뉴]' 옵션을 찾아 선택하세요. 5. 추가 메시지나 질문에 따라 취소 절차를 완료하세요. 어려움이 있거나 추가 질문이 있는 경우 언제든지 전담 고객 지원팀에 문의하세요. [운영시간/기간] 중에 [고객센터전화번호]로 연락하거나 [웹사이트/메뉴]에서 라이브 채팅 기능을 이용하실 수 있습니다. 이해해 주셔서 감사드리며 불편을 끼쳐드려 죄송합니다.
BELQ,구매 [주문/송장번호]를 어떻게 취소하는지 모르겠습니다,주문,주문 취소,구매 [주문/송장번호]를 취소하는 방법을 잘 모르시는군요. 아래 단계를 함께 살펴보겠습니다. 1. 계정에 액세스하세요. 먼저 [웹사이트/메뉴]에 로그인하세요. 2. 주문 찾기: ​​로그인 후 '[웹사이트/메뉴]' 또는 '[웹사이트/메뉴]' 섹션으로 이동하세요. 3. 관련 구매 찾기: 주문 번호 [주문/송장번호]와 관련된 구매를 찾아 클릭하여 세부 정보를 확인합니다. 4. 취소 시작: 구매와 관련된 '[웹사이트/메뉴]' 옵션이 표시됩니다. 취소 절차를 시작하려면 선택하세요. 5. 추가 단계를 따라 주세요. 시스템에서는 취소 절차를 완료하기 위해 피드백을 제공하거나 몇 가지 질문에 답변하도록 요청할 수 있습니다. 지침을 따라 주세요. 어려움이 있거나 추가 질문이 있는 경우 언제든지 전담 지원팀에 문의하세요. [운영시간/기간] 중에 [고객센터전화번호]로 문의하거나 [웹사이트/메뉴]에서 라이브 채팅 기능을 이용하실 수 있습니다. 저희는 모든 단계에서 고객님을 지원하고 고객 만족을 보장하기 위해 여기 있습니다.
BLN,더 이상 구매 [주문/송장번호]를 결제할 여유가 없습니다,주문,주문 취소,현재 사정으로 구매 [주문/송장번호]의 결제가 어려우시군요. 가능한 해결 방법을 함께 살펴보겠습니다. 1. 고객 지원팀에 문의: [운영시간/기간]에 [고객센터전화번호]로 전담 고객 지원팀에 문의하세요. 지원팀에서 이용 가능한 방법을 안내해 드릴 것입니다. 2. 대체 솔루션 탐색: 저희 팀은 일정 변경 또는 지불 계획 조정과 같은 대체 옵션을 탐색하는 데 도움을 드릴 수 있습니다. 현재 재정적 제약에 대해 알려주면 그에 따라 도움을 받을 수 있습니다. 3. 취소 고려: 고객님께 적합한 대체 옵션이 없는 경우 구매를 취소하는 것도 하나의 방법일 수 있습니다. 그러나 주문 취소에는 당사의 취소 정책이 적용될 수 있다는 점에 유의하는 것이 중요합니다. 당사 고객 지원팀은 적용 가능한 수수료 또는 환불에 관한 자세한 정보를 제공할 것입니다. 참고해 주세요. 저희는 이 어려운 시기에 고객님을 지원하기 위해 여기 있습니다. 언제든지 저희에게 연락해 주세요.
BLP,구매 [주문/송장번호]를 취소하고 싶습니다,주문,주문 취소,주문 번호 [주문/송장번호]의 구매를 취소하려고 하시는군요. 불편을 드려 죄송합니다. 아래 단계를 따라 취소해 주세요. 1. 계정에 로그인: 로그인 로그인 정보를 사용하여 [웹사이트/메뉴]에 로그인하여 플랫폼에 액세스하세요. 2. 주문으로 이동합니다. 로그인 후 '[웹사이트/메뉴]' 또는 '[웹사이트/메뉴]' 섹션을 찾으세요. 계속하려면 클릭하세요. 3. 구매 찾기: 주문 내역에서 주문 번호 [주문/송장번호]로 특정 구매를 찾습니다. 4. 취소 시작: 구매와 관련된 '주문 취소' 옵션을 찾아 선택하세요. 5. 취소 확인: 시스템에서 취소 확인이나 피드백 제공을 요청할 수 있습니다. 절차를 완료하려면 프롬프트를 따라 주세요. 취소 과정에서 문제가 발생하거나 추가 질문이 있는 경우 언제든지 전담 지원팀에 문의하세요. [운영시간/기간]에 [고객센터전화번호]로 또는 당사 웹사이트([웹사이트/메뉴])의 라이브 채팅을 통해 이용 가능합니다. 저희는 고객 만족을 소중히 여기며 모든 단계에서 고객님을 지원하기 위해 최선을 다하고 있습니다.
BCELNQZ,이 상품들을 원하지 않아 주문 [주문/송장번호]를 취소하려고 합니다,주문,주문 취소,"해당 상품들을 원하지 않아 주문 [주문/송장번호]를 취소하려고 하시는군요. 불편을 드려 죄송합니다. 해결을 위해 다음 사항을 확인해 주세요. 1. 반품 정책 검토: 취소 또는 반품 자격이 있는지 확인하려면 [기타정보]의 반품 정책을 확인하는 것이 좋습니다. 이 정보는 당사 웹사이트의 ""반품 및 환불"" 섹션에서 확인할 수 있습니다. 2. 고객지원팀에 문의: 취소 또는 반품 대상인 경우 전담 고객지원팀에 문의하세요. 절차를 안내하고 필요한 지침을 제공하며 [주문/송장번호] 주문 취소를 도와드립니다. 3. 주문 세부 정보 제공: 고객 지원에 문의할 때 주문 번호 [주문/송장번호]를 입력해 주세요. 이렇게 하면 취소 절차를 신속하게 처리하고 정확한 지원을 받을 수 있습니다. 4. 지원 요청: 취소 과정에서 문제가 발생하거나 추가 질문이 있는 경우 언제든지 고객 지원팀에 도움을 요청하세요. [운영시간/기간]에 [고객센터전화번호]로 사용할 수 있으며 당사 웹사이트([웹사이트/메뉴])의 라이브 채팅 기능을 통해 연락할 수도 있습니다. 저희는 고객님이 저희 회사에 대해 긍정적인 경험을 할 수 있기를 바랍니다. 이 문제를 해결하기 위해 노력하는 동안 기다려 주셔서 감사합니다."
BL,구매 [주문/송장번호] 취소 지원,주문,주문 취소,구매 번호 [주문/송장번호]의 구매 취소에 도움이 필요하시군요. 원활하게 취소하실 수 있도록 아래 절차를 안내해 드리겠습니다. 1. 로그인 정보를 사용하여 [웹사이트/메뉴]에 로그인합니다. 2. '[웹사이트/메뉴]' 또는 '[웹사이트/메뉴]' 섹션으로 이동합니다. 3. 구매 번호 [주문/송장번호]가 있는 구매 항목을 찾아 클릭하여 자세한 내용을 확인하세요. 4. 구매와 관련된 '[웹사이트/메뉴]' 옵션을 찾아 선택하세요. 5. 취소 절차를 완료하려면 시스템에서 제공하는 추가 단계나 메시지를 따르세요. 이 과정에서 어려움이 발생하거나 추가 질문이 있는 경우 당사의 전담 지원팀이 도움을 드릴 수 있습니다. [운영시간/기간] 동안 [고객센터전화번호]로 또는 [웹사이트/메뉴]의 라이브 채팅 기능을 통해 언제든지 문의해 주세요. 고객 만족이 최우선이며 고객님의 취소를 돕기 위해 최선을 다하겠습니다. 취소된 구매에는 [기타정보]가 적용될 수 있다는 점을 참고해 주세요. 이 문제에 대해 고객님의 이해와 협조에 감사드립니다.
BZ,주문 [주문/송장번호] 취소,주문,주문 취소,주문 번호 [주문/송장번호]를 취소하려고 하시는군요. 아래 단계에 따라 진행하실 수 있도록 도와드리겠습니다. 1. [웹사이트/메뉴]에 로그인합니다. 2. '[웹사이트/메뉴]' 또는 '[웹사이트/메뉴]' 섹션에 액세스합니다. 3. 주문 번호가 [주문/송장번호]인 주문을 찾습니다. 4. 주문을 클릭하면 세부정보를 볼 수 있습니다. 5. '[웹사이트/메뉴]'라고 표시된 옵션을 찾아 선택하세요. 6. 추가 지침이나 메시지에 따라 취소를 완료하세요. 도중에 어려움을 겪거나 궁금한 점이 있으면 언제든지 전담 지원팀에 문의하세요. [운영시간/기간] 동안 [고객센터전화번호]로 또는 [웹사이트/메뉴]의 라이브 채팅 기능을 통해 연락하실 수 있습니다. 고객 만족이 저희의 최우선 과제이며 고객님께 필요한 지원을 제공하기 위해 최선을 다하고 있습니다.
BK,주문 취소 [주문/송장번호],주문,주문 취소,주문 번호 [주문/송장번호]와 관련된 주문을 취소하는 데 도움을 요청해주셔서 감사합니다. 취소 절차를 안내해 드리겠습니다. 다음 단계를 따라 주세요. 1. 계정에 액세스하세요. 사용자 이름과 비밀번호를 사용하여 [웹사이트/메뉴]에 로그인하세요. 2. 주문으로 이동합니다. 로그인한 후 '[웹사이트/메뉴]' 또는 '[웹사이트/메뉴]' 섹션을 찾으세요. 3. 주문 찾기: ​​주문 번호 [주문/송장번호]와 관련된 특정 주문을 찾습니다. 4. 취소 시작: 주문 세부정보 내에서 '[웹사이트/메뉴]' 옵션을 찾아야 합니다. 취소 절차를 시작하려면 클릭하세요. 5. 취소 확인: 시스템에서 확인을 요청하거나 피드백을 수집할 수 있습니다. 필요한 정보를 정확하게 기재해주세요. 어려움이 있거나 추가 질문이 있는 경우 [운영시간/기간]에 당사의 전담 고객 지원팀에 문의하실 수 있습니다. [고객센터전화번호]로 연락하시거나 [웹사이트/메뉴]의 라이브 채팅 기능을 통해 연락하실 수 있습니다. 저희는 고객 만족을 소중히 여기며 이 과정을 통해 고객님을 지원하기 위해 최선을 다하고 있습니다.
BIQ,주문 취소 방법 [주문/송장번호],주문,주문 취소,주문 취소 [주문/송장번호]에 대한 안내를 구하고 계신 것 같습니다. 원활한 경험을 보장하기 위한 절차를 도와드리겠습니다. 1. 고객님의 계정에 로그인하십시오: 고객님의 로그인 정보를 사용하여 [웹사이트/메뉴]에 액세스하여 시작하십시오. 2. 주문 내역으로 이동합니다. 로그인한 후 '[웹사이트/메뉴]' 또는 '[웹사이트/메뉴]' 섹션을 찾습니다. 3. 관련 주문 찾기: ​​목록을 스캔하여 주문 번호 [주문/송장번호]와 관련된 구매를 식별합니다. 4. 취소를 시작합니다. 주문 세부정보에서 '[웹사이트/메뉴]' 또는 이와 유사한 옵션을 찾아야 합니다. 선택해 주세요. 5. 취소 확인: 절차의 일부로 시스템에서 고객님의 결정을 확인하도록 요청할 수 있습니다. 프롬프트를 따르고 필요한 피드백을 입력해 주세요. 6. 확인 및 지원 받기: 성공적으로 취소되면 화면에 확인 메시지가 표시됩니다. 어려움이 있거나 추가 질문이 있는 경우 [운영시간/기간]에 당사의 전담 지원팀에 문의하실 수 있습니다. [고객센터전화번호]로 연락하시거나 당사 웹사이트 [웹사이트/메뉴]의 라이브 채팅을 통해 언제든지 문의해 주십시오. 저희는 진심으로 고객 만족을 소중히 여기며 모든 단계에서 고객님을 지원하기 위해 여기 있습니다.
BL,구매 취소를 도와주세요 [주문/송장번호],주문,주문 취소,"저는 주문 번호 [주문/송장번호]로 구매를 취소하는 것이 긴급하고 중요하다는 것을 이해합니다. 절차를 안내해 드리겠습니다. 1. 고객님의 계정에 로그인하십시오: [웹사이트/메뉴]에 액세스하고 고객님의 로그인 정보으로 로그인하여 시작하십시오. 2. 주문으로 이동합니다. 일단 들어가면 ""[웹사이트/메뉴]"" 또는 ""[웹사이트/메뉴]""라고 표시된 섹션을 찾으세요. 3. 특정 구매 찾기: 주문 번호 [주문/송장번호]와 관련된 구매를 찾아 클릭하여 세부 정보를 확인합니다. 4. 취소 시작: 구매 세부정보 내에서 ""[웹사이트/메뉴]"" 옵션이 표시됩니다. 취소 절차를 시작하려면 해당 옵션을 선택하세요. 5. 추가 단계를 따라 주세요. 당사 시스템에서는 추가 질문이나 피드백 요청을 묻는 메시지를 표시할 수 있습니다. 지침에 따라 필요한 단계를 완료하십시오. 어려움이 있거나 추가 질문이 있는 경우 [운영시간/기간]에 당사의 전담 지원팀에 문의하실 수 있습니다. [고객센터전화번호]로 전화하거나 [웹사이트/메뉴]의 라이브 채팅 기능을 통해 당사에 연락하실 수 있습니다. 저희는 모든 단계에서 고객님을 지원하고 고객 만족을 보장하기 위해 여기 있습니다."
BQ,주문 취소에 대해 질문이 있습니다 [주문/송장번호],주문,주문 취소,주문 번호 [주문/송장번호]와 관련된 주문 취소에 관해 문의하신 내용을 확인했습니다. 저는 고객님을 돕기 위해 여기 있습니다. 이 주문을 취소하는 데 필요한 구체적인 정보나 설명이 무엇인지 알려주시기 바랍니다. 무엇이든 편하게 문의해주세요. 고객님의 문의사항에 신속하고 정확한 답변을 드릴 수 있도록 최선을 다해 도와드리겠습니다.
BLN,[주문/송장번호]를 구매할 여유가 없습니다,주문,주문 취소,저는 고객님이 재정적 어려움을 겪고 있어 [주문/송장번호]를 구매할 여유가 없다는 것을 알고 있습니다. 불편을 끼쳐드려 죄송합니다. 이 상황에서는 구매를 취소하는 것이 적절한 선택일 수 있습니다. 절차를 안내해 드리겠습니다. 1. [웹사이트/메뉴]에 로그인하세요. 계정에 로그인하여 플랫폼에 액세스하세요. 2. 주문 찾기: ​​로그인한 후 '[웹사이트/메뉴]' 또는 '[웹사이트/메뉴]' 섹션으로 이동합니다. 3. 구매 찾기 [주문/송장번호]: 해당 주문 번호로 구매를 찾습니다. 클릭하시면 세부정보를 보실 수 있습니다. 4. 취소 시작: 주문 세부정보 내에서 [주문/송장번호] 구매와 관련된 '[웹사이트/메뉴]' 옵션을 찾아야 합니다. 이 옵션을 선택해 주세요. 5. 확인 및 완료: 시스템에서 취소를 확인하고 추가 피드백을 제공하도록 요청할 수 있습니다. 지시에 따라 필요한 단계를 완료하십시오. 추가 지원이 필요하거나 추가 질문이 있는 경우 언제든지 문의해 주세요. 당사의 전담 지원팀은 [운영시간/기간]([고객센터전화번호]) 동안 또는 당사 웹사이트([웹사이트/메뉴])의 라이브 채팅을 통해 연락 가능합니다. 저희는 고객님의 재정 상황의 중요성을 이해하고 있으며 고객님을 지원해 드리겠습니다.
BL,구매 취소에 대한 지원 [주문/송장번호],주문,주문 취소,[주문/송장번호] 구매를 취소하는 데 도움이 필요하다는 사실을 잘 알고 있습니다. 안심하세요. 제가 도와드리겠습니다. 구매를 취소하려면 다음 단계를 따르세요. 1. 로그인 정보를 사용하여 [웹사이트/메뉴]에 로그인합니다. 2. 전체 구매 목록을 찾을 수 있는 '[웹사이트/메뉴]' 또는 '[웹사이트/메뉴]' 섹션으로 이동하세요. 3. 주문 번호 [주문/송장번호]에 연결된 특정 구매를 찾습니다. 4. 이 구매와 관련된 '[웹사이트/메뉴]' 옵션을 찾으세요. 5. 취소 절차를 시작하려면 '[웹사이트/메뉴]' 옵션을 클릭하세요. 6. 피드백을 확인하거나 제공하기 위해 몇 가지 질문이 표시될 수 있습니다. 이에 따라 답변해 주십시오. 절차 중에 어려움이 발생하거나 추가 질문이 있는 경우 [운영시간/기간] 동안 [고객센터전화번호]로 전담 고객 지원 팀에 문의하실 수 있습니다. [웹사이트/메뉴]의 라이브 채팅 기능을 통해 문의하실 수도 있습니다. 저희 서비스에 대한 고객님의 신뢰에 감사드리며 고객 만족을 보장하기 위해 최선을 다하고 있습니다.
BCL,일부 상품을 주문했는데 구매 취소 [주문/송장번호],주문,주문 취소,[주문/송장번호] 품목 구매를 취소하려고 하신다는 사실을 확인했습니다. 불편을 끼쳐드려 죄송합니다. 취소 절차에 도움을 받으려면 다음 단계를 따르세요. 1. 계정에 로그인: 로그인 정보를 사용하여 [웹사이트/메뉴]에 로그인하세요. 2. 주문 내역에 액세스하세요. 로그인한 후 '[웹사이트/메뉴]' 또는 '[웹사이트/메뉴]' 섹션으로 이동하세요. 3. 구매 찾기: 주문 목록에서 [주문/송장번호] 품목의 특정 구매를 찾습니다. 4. 취소 시작: 구매와 관련된 '[웹사이트/메뉴]' 옵션이 표시됩니다. 취소 절차를 시작하려면 이를 선택하세요. 5. 추가 단계를 따라 주세요. 당사 시스템에서 추가 지침이나 요청을 묻는 메시지를 표시할 수 있습니다. 그에 맞춰 친절히 답변해 드립니다. 도중에 어려움을 겪거나 궁금한 점이 있으면 주저하지 말고 전담 지원팀에 문의하세요. [운영시간/기간]([고객센터전화번호]) 또는 당사 웹사이트([웹사이트/메뉴])의 라이브 채팅을 통해 이용 가능합니다. 고객님의 이해에 감사드리며 고객 만족을 소중히 여깁니다.
BQ,주문 취소에 도움이 필요합니다 [주문/송장번호],주문,주문 취소,주문 번호 [주문/송장번호]와 관련된 주문을 취소하는 데 도움이 필요하다는 연락을 받았습니다. 안심하세요. 저는 고객님께 절차를 안내하고 필요한 지원을 제공해 드리겠습니다. 취소 절차는 매우 간단하므로 시작해 보겠습니다. 1. 계정에 로그인: 등록된 이메일 주소와 비밀번호를 사용하여 [웹사이트/메뉴]에 로그인하여 플랫폼에 액세스하세요. 2. 주문 찾기: ​​로그인한 후 '[웹사이트/메뉴]' 또는 '[웹사이트/메뉴]' 섹션으로 이동하세요. 최근 구매 목록을 확인할 수 있는 곳입니다. 3. 특정 주문 찾기: ​​목록을 스크롤하여 주문 번호 [주문/송장번호]로 구매한 항목을 찾습니다. 클릭하시면 자세한 내용을 보실 수 있습니다. 4. 취소 시작: 주문 세부정보 내에서 '[웹사이트/메뉴]' 옵션이 표시됩니다. 취소 절차를 시작하려면 해당 버튼을 클릭하세요. 5. 추가 단계를 따라 주세요. 시스템은 피드백을 제공하거나 결정을 확인하라는 메시지를 표시할 수 있습니다. 취소를 완료하려면 필요한 단계를 모두 완료하세요. 절차 중에 어려움이 발생하거나 추가 질문이 있는 경우 당사의 전담 지원팀이 도움을 드릴 수 있습니다. [운영시간/기간] 동안 [고객센터전화번호]로 연락하거나 [웹사이트/메뉴]에서 라이브 채팅 기능을 활용할 수 있습니다. 최선의 지원과 만족을 드릴 것을 약속드립니다.
BCLN,[주문/송장번호] 주문을 감당할 수 없습니다. 취소하도록 도와주세요.,주문,주문 취소,고객님이 현재 재정적인 어려움을 겪고 있으며 주문 번호 [주문/송장번호]로 주문을 취소하는 데 도움이 필요하다는 점을 인정합니다. 저희는 고객 만족을 소중히 여기며 고객님이 해결책을 찾도록 돕고 싶습니다. 이 문제를 신속하게 해결하기 위해 함께 노력합시다. 주문을 취소하려면 다음 단계를 따르세요. 1. 로그인 정보를 사용하여 [웹사이트/메뉴]에 로그인합니다. 2. '[웹사이트/메뉴]' 또는 '[웹사이트/메뉴]' 섹션으로 이동합니다. 3. 주문 번호가 [주문/송장번호]인 구매 항목을 찾아 클릭하세요. 4. 구매와 관련된 '[웹사이트/메뉴]' 옵션을 찾아 선택하세요. 5. 시스템에서 메시지가 표시되면 취소를 확인합니다. 어려움이 있거나 추가 질문이 있는 경우 당사의 전담 지원팀이 추가 지원을 제공할 수 있습니다. [운영시간/기간]([고객센터전화번호]) 중에 또는 당사 웹사이트([웹사이트/메뉴])의 라이브 채팅을 통해 문의해 주세요. 저희는 고객님을 돕고 서비스에 대한 고객 만족을 보장하기 위해 최선을 다하고 있습니다.
BEL,구매 취소 방법을 모르겠습니다 [주문/송장번호],주문,주문 취소,"고객님이 내려놓은 것, 구매 취소에 대한 고객님의 혼란 [주문/송장번호]. 절차를 안내해 드리겠습니다. 1. 고객님의 계정에 로그인하십시오: 고객님의 로그인 정보를 사용하여 [웹사이트/메뉴]에 로그인하십시오. 2. 주문 찾기: ​​로그인한 후 '[웹사이트/메뉴]' 또는 '[웹사이트/메뉴]' 섹션으로 이동하세요. 3. 특정 주문 찾기: ​​주문 번호 [주문/송장번호]로 구매를 찾아 클릭합니다. 4. 취소 시작: 구매와 관련된 '[웹사이트/메뉴]' 옵션이 있어야 합니다. 해당 옵션을 선택하세요. 5. 추가 지침을 따라 주세요. 시스템에서 취소를 확인하거나 피드백을 제공하라는 메시지를 표시할 수 있습니다. 지침을 따라 주세요. 도중에 어려움을 겪거나 추가 질문이 있는 경우 당사의 전담 지원팀이 도움을 드릴 수 있습니다. [운영시간/기간] 동안 [고객센터전화번호]로 연락하거나 [웹사이트/메뉴]의 라이브 채팅 기능을 통해 연락하실 수 있습니다. 저희는 고객님의 원활한 취소 절차를 보장하기 위해 왔습니다."
BL,구매를 취소하려고 합니다 [주문/송장번호],주문,주문 취소,"주문 번호 [주문/송장번호]로 구매를 취소하려고 시도하신 것으로 확인되었습니다. 절차를 안내해 드리겠습니다. 1. 계정에 로그인: [웹사이트/메뉴]에 로그인하여 플랫폼에 액세스하세요. 2. 주문으로 이동: 로그인한 후 '[웹사이트/메뉴]' 또는 '[웹사이트/메뉴]' 섹션으로 이동합니다. 3. 구매 찾기: 주문 번호 [주문/송장번호]와 관련된 구매를 찾아 클릭하고 자세한 내용을 확인하세요. 4. 취소 시작: 구매 세부정보 내에서 '[웹사이트/메뉴]' 옵션을 찾을 수 있습니다. 취소 절차를 시작하려면 이를 선택하세요. 5. 프롬프트를 따라 주세요. 시스템은 취소를 확인하기 위한 일련의 질문을 프롬프트할 수 있습니다. 필요한 정보를 제공하고 지시에 따라 진행하십시오. 도중에 어려움이 발생하거나 추가 질문이 있는 경우 당사의 전담 지원팀이 항상 도움을 드릴 수 있습니다. [운영시간/기간] 동안 [고객센터전화번호]로 연락하거나 [웹사이트/메뉴]에서 라이브 채팅 기능을 사용하세요. 고객님의 양해에 감사드리며, 고객 만족을 보장하기 위해 최선을 다하고 있습니다."
B,주문 취소 문제 [주문/송장번호],주문,주문 취소,"[주문/송장번호] 주문을 취소하는 중에 문제가 발생했다는 것을 알았습니다. 이 문제를 해결하도록 도와드리겠습니다. 안심하세요. 절차를 안내하고 원활하게 취소될 수 있도록 최선을 다하겠습니다. 시작해 봅시다: 1. 계정 확인: 등록된 로그인 정보를 사용하여 [웹사이트/메뉴]에 로그인하세요. 2. 주문 찾기: ​​로그인한 후 '[웹사이트/메뉴]' 또는 '[웹사이트/메뉴]' 섹션으로 이동하세요. 거기에서 관련 구매를 찾을 수 있어야 합니다. 3. 특정 주문 확인: 주문 번호 [주문/송장번호]를 찾아 클릭하여 주문 세부정보에 액세스합니다. 4. 취소 시작: 주문 세부정보 내에서 '[웹사이트/메뉴]' 옵션이 표시됩니다. 취소 절차를 시작하려면 이 옵션을 선택하세요. 5. 취소 확인: 취소 사유를 제공하거나 결정을 확인하라는 메시지가 시스템에 표시될 수 있습니다. 필요한 세부 정보를 제공하거나 제공된 지침을 따라 주세요. 6. 추가 지원 요청: 절차 중에 문제가 발생하거나 추가 질문이 있는 경우 주저하지 말고 전담 고객 지원 팀에 문의하세요. [운영시간/기간]([고객센터전화번호]) 또는 당사 웹사이트([웹사이트/메뉴])의 라이브 채팅을 통해 이용 가능합니다. 이로 인해 불편을 끼쳐드려 죄송하며, 양해해 주셔서 감사합니다. 저희의 목표는 취소 절차를 최대한 원활하게 진행하는 것입니다."
BCELNV,지난번 구매에 대해 결제할 수 없습니다. 취소하세요.,주문,주문 취소,최근 구매에 대한 결제가 불가능하여 취소하고 싶으신 것으로 확인됩니다. 이로 인해 불편을 끼쳐드려 죄송합니다. 구매를 취소하고 이 문제를 해결하는 데 도움을 받으려면 다음 단계를 따라 주세요. 1. 로그인 정보를 사용하여 [웹사이트/메뉴]에 로그인합니다. 2. '[웹사이트/메뉴]' 또는 '[웹사이트/메뉴]' 섹션을 찾아 취소하려는 특정 구매로 이동합니다. 3. 구매와 관련된 '[웹사이트/메뉴]' 옵션을 선택하세요. 4. 시스템에서 추가 지침이나 질문이 표시될 수 있다는 점에 유의하세요. 필요한 정보를 제공하는 데 협조해 주시면 감사하겠습니다. 어려움이 있거나 추가 질문이 있는 경우 [운영시간/기간]에 당사의 전담 지원팀이 도움을 드릴 수 있습니다. [고객센터전화번호]를 통해 또는 당사 웹사이트 [웹사이트/메뉴]의 라이브 채팅 기능을 통해 당사에 연락하실 수 있습니다. 저희는 이 문제를 해결하고 고객 만족을 보장하기 위해 최선을 다하고 있습니다.
BILP,[주문/송장번호] 구매를 취소하도록 도와주실 수 있나요?,주문,주문 취소,[주문/송장번호] 구매 취소와 관련하여 도움이 필요하다는 사실을 확인했습니다. 저는 고객님께 그 과정을 안내하기 위해 왔습니다. 구매를 취소하려면 다음 단계를 따르세요. 1. 계정 로그인 정보를 사용하여 [웹사이트/메뉴]에 로그인합니다. 2. '[웹사이트/메뉴]' 또는 '[웹사이트/메뉴]' 섹션으로 이동합니다. 3. 주문 번호가 [주문/송장번호]인 구매 항목을 찾아 클릭하여 자세한 내용을 확인하세요. 4. 구매와 관련된 '[웹사이트/메뉴]' 옵션을 찾아 선택하세요. 5. 화면에 나타저는 추가 지침이나 메시지에 따라 취소 절차를 완료하세요. 어려움이 있거나 추가 질문이 있는 경우 [운영시간/기간]에 전담 지원팀이 도움을 드릴 수 있습니다. [고객센터전화번호]로 연락하시거나 당사 웹사이트 [웹사이트/메뉴]의 라이브 채팅 기능을 통해 연락하실 수 있습니다. 고객님의 이해에 감사드리며 이 과정 전반에 걸쳐 고객 만족을 보장하기 위해 최선을 다하고 있습니다.
BLZ,구매를 취소하고 싶어요 [주문/송장번호],주문,주문 취소,구매번호 [주문/송장번호]로 구매를 취소하고 싶다는 연락을 받았습니다. 저희는 고객님의 결정을 소중히 여기며 취소 절차를 도와드리겠습니다. 취소를 진행하려면 다음 단계를 따르세요. 1. 계정에 액세스하세요. 로그인 정보를 사용하여 [웹사이트/메뉴]에 로그인하세요. 2. 주문으로 이동합니다. 로그인한 후 '[웹사이트/메뉴]' 또는 '[웹사이트/메뉴]' 섹션으로 이동합니다. 3. 구매 찾기: 목록에서 구매 번호 [주문/송장번호]가 포함된 구매를 찾습니다. 4. 취소 시작: 구매와 관련된 '[기타정보]' 옵션을 클릭하세요. 5. 취소 확인: 취소 세부정보를 검토하고 결정을 확인합니다. 어려움이 있거나 추가 질문이 있는 경우 [운영시간/기간]([고객센터전화번호]) 또는 [웹사이트/메뉴]의 라이브 채팅 기능을 통해 전담 고객 지원팀에 문의하실 수 있습니다. 저희에게 연락해 주시면 기꺼이 추가 지원을 해드리겠습니다. 고객 만족이 저희의 최우선 사항이며 우리를 신뢰해 주셔서 감사합니다.
BLWZ,빌어먹을 마지막 구매 취소하는 것 좀 도와줘,주문,주문 취소,고객님께서 불만을 느끼고 있으며 최근 구매를 취소하는 데 도움이 필요하다는 점을 확인했습니다. 취소하려면 다음을 수행하세요. 1. 계정에 로그인: 로그인 정보를 사용하여 [웹사이트/메뉴]에 로그인하세요. 2. 주문 내역에 액세스하세요. 로그인한 후 '[웹사이트/메뉴]' 또는 '[웹사이트/메뉴]' 섹션으로 이동하세요. 3. 관련 구매를 찾습니다. 가장 최근 구매를 찾아 클릭하여 세부정보를 확인합니다. 4. 취소 절차를 시작합니다. 구매와 관련된 '[웹사이트/메뉴]' 옵션이 표시됩니다. 취소 절차를 시작하려면 클릭하세요. 5. 추가 단계를 따르세요. 플랫폼에 따라 취소를 완료하기 위한 추가 지침이나 질문이 있을 수 있습니다. 메시지가 나타나면 다음 단계를 따르세요. 어려움이 있거나 추가 질문이 있는 경우 [운영시간/기간]에 전담 지원팀에 문의하세요. [고객센터전화번호]로 연락하시거나 당사 웹사이트 [웹사이트/메뉴]의 라이브 채팅을 통해 연락하실 수 있습니다. 저희는 고객 만족을 소중히 여기며 고객님을 돕기 위해 최선을 다할 것입니다.
BLZ,구매를 취소하는 데 문제가 있습니다. [주문/송장번호],주문,주문 취소,"[주문/송장번호] 구매를 취소하는 데 어려움을 겪고 계신 것으로 확인되었습니다. 이 문제로 인해 불편을 끼쳐드려 죄송합니다. 문제를 해결하려면 다음 단계를 수행하는 것이 좋습니다. 1. 계정에 로그인: [웹사이트/메뉴]에 로그인하여 플랫폼에 액세스하세요. 2. 주문 찾기: 로그인한 후 '[웹사이트/메뉴]' 또는 '[웹사이트/메뉴]' 섹션으로 이동하세요. 3. 특정 구매 찾기: 주문 번호 [주문/송장번호]와 관련된 구매를 찾습니다. 4. 취소 시작: 구매에 연결된 '[웹사이트/메뉴]'라는 취소 옵션이 표시됩니다. 이 옵션을 선택해 주세요. 5. 지원 요청: 취소 과정에서 추가 문제가 발생하거나 추가 질문이 있는 경우 당사의 전담 지원팀 [운영시간/기간]에 문의하세요. [고객센터전화번호]로 전화하거나 당사 웹사이트 [웹사이트/메뉴]에서 라이브 채팅 기능을 사용하여 당사에 연락하실 수 있습니다. 추가 지원이나 설명이 필요할 경우 언제든지 문의해 주세요. 고객 만족이 저희의 최우선 과제이며, 이 문제를 가능한 한 빠르고 원활하게 해결할 수 있도록 도와드리겠습니다."
BIQZ,[주문/송장번호] 주문 취소를 도와줄 수 있나요?,주문,주문 취소,"과연! 주문 번호 [주문/송장번호]로 주문을 취소하는 데 도움이 필요하다는 점을 이해합니다. 고객 만족은 우리에게 중요하며, 저희는 고객님께 그 과정을 안내해 드립니다. 주문을 취소하려면 다음 단계를 따르세요. 1. 계정에 로그인: [웹사이트/메뉴]에 로그인하여 플랫폼에 액세스하세요. 2. 주문으로 이동합니다. 로그인한 후 '[웹사이트/메뉴]' 또는 '[웹사이트/메뉴]' 섹션을 찾습니다. 3. 관련 주문을 찾습니다. 주문 번호가 [주문/송장번호]인 주문을 찾아 클릭하여 자세한 내용을 확인하세요. 4. 취소 절차를 시작합니다. '[웹사이트/메뉴]' 옵션이 표시됩니다. 취소 절차를 시작하려면 이를 선택하세요. 5. 추가 단계를 따라 주세요. 시스템에서 확인 또는 피드백을 요청하는 메시지를 표시할 수 있습니다. 필요에 따라 다음 단계를 완료하십시오. 어려움이 있거나 추가 질문이 있는 경우 당사의 전담 지원팀이 도움을 드릴 수 있습니다. [운영시간/기간] 중에 [고객센터전화번호]로 연락하거나 [웹사이트/메뉴]에서 라이브 채팅 기능을 활용하여 연락하실 수 있습니다. 고객 만족이 저희의 최우선 과제이며 고객님께 원활한 경험을 보장하기 위해 최선을 다하고 있습니다."
BLM,구매 취소 관련 문제 [주문/송장번호],주문,주문 취소,[주문/송장번호] 품목 구매를 취소하는 데 어려움을 겪고 계신 점 감사드립니다. 이로 인해 불편을 끼쳐드려 죄송합니다. 문제 해결에 도움을 받으려면 전담 고객 지원팀에 문의하시기 바랍니다. 그들은 구매 취소에 도움을 줄 수 있는 전문 지식과 리소스를 갖추고 있습니다. [운영시간/기간]([고객센터전화번호]) 동안 또는 당사 웹사이트([웹사이트/메뉴])의 라이브 채팅 기능을 통해 연락하실 수 있습니다. 안심하세요. 저희는 이 문제를 최대한 빠르고 효율적으로 해결하기 위해 최선을 다하고 있습니다. 고객 만족이 저희의 최우선 사항입니다.
BCL,일부 품목을 구매했습니다. 주문을 취소합니다. [주문/송장번호],주문,주문 취소,주문 번호 [주문/송장번호]로 구매를 취소하는 데 도움을 요청하신 것으로 확인되었습니다. 불편을 끼쳐드려 죄송하며 취소 절차를 안내해 드리겠습니다. 진행 방법은 다음과 같습니다. 1. 고객님의 계정에 로그인하십시오: 로그인 로그인 정보를 사용하여 [웹사이트/메뉴]에 로그인하여 당사 플랫폼에 액세스하십시오. 2. 주문 내역 방문: 로그인 후 '[웹사이트/메뉴]' 또는 '[웹사이트/메뉴]' 섹션으로 이동하세요. 3. 관련 주문 찾기: ​​주문 목록에서 주문 번호 [주문/송장번호]와 관련된 구매를 찾아 클릭하고 자세한 내용을 확인하세요. 4. 주문 취소 시작: 주문 세부정보를 보면 '[웹사이트/메뉴]' 옵션이 표시됩니다. 취소를 진행하려면 이 옵션을 선택하세요. 5. 취소 완료: 당사 시스템은 고객님께 취소 절차와 관련된 확인 또는 추가 정보를 요청할 수 있습니다. 취소 절차를 성공적으로 완료하려면 필요한 세부 정보를 제공해 주시기 바랍니다. 어려움이 있거나 추가 질문이 있는 경우 당사의 전담 지원팀이 도움을 드릴 수 있습니다. [운영시간/기간] 동안 [고객센터전화번호]로 연락하거나 [웹사이트/메뉴]의 라이브 채팅 기능을 통해 연락하실 수 있습니다. 양해해 주셔서 감사드리며 불편을 끼쳐드려 죄송합니다.
BCILN,이 상품을 결제할 수 없습니다. [주문/송장번호] 주문을 취소할 수 있나요?,주문,주문 취소,주문 결제 문제로 인해 불편을 끼쳐드려 죄송합니다. [주문/송장번호] 주문을 취소하는 데 도움을 드릴 수 있습니다. 주문을 취소하면 해당 특정 상품에 대한 결제에 대해 걱정할 필요가 없습니다. 이 문제를 신속하고 효율적으로 해결할 수 있도록 취소 절차를 안내해 드리겠습니다. 1. 고객님의 계정에 로그인하십시오: 고객님의 로그인 정보를 사용하여 [웹사이트/메뉴]에 로그인하십시오. 2. 주문 내역에 액세스하세요. 로그인한 후 '[웹사이트/메뉴]' 또는 '[웹사이트/메뉴]' 섹션으로 이동하세요. 3. 관련 주문 찾기: ​​주문 번호 [주문/송장번호]와 관련된 구매를 찾습니다. 클릭하시면 주문내역을 보실 수 있습니다. 4. 취소 시작: 주문 세부정보에 '[웹사이트/메뉴]' 옵션이 표시됩니다. 클릭하시면 취소가 진행됩니다. 5. 취소 확인: 화면에 표시되는 안내에 따라 취소 요청을 확인하세요. 6. 결제 및 환불: 취소가 완료되면 보류 중인 결제 또는 환불에 대해 필요한 안내를 받게 됩니다. [운영시간/기간]에 언제든지 [고객센터전화번호]에 전화하거나 [웹사이트/메뉴]의 라이브 채팅 기능을 활용하여 전담 지원팀에 문의하실 수 있습니다. 저희는 이 과정 전반에 걸쳐 고객님을 지원하고 고객 만족을 보장하기 위해 최선을 다하고 있습니다.
BZ,[주문/송장번호] 주문을 처리하는 데 도움이 필요합니다.,주문,주문 취소,[주문/송장번호] 주문을 취소하는 데 도움이 필요하신 점을 충분히 이해합니다. 저희는 모든 단계에서 고객님을 돕기 위해 여기 있습니다. 주문을 취소하려면 다음 지침을 따라 주세요. 1. 로그인 정보를 사용하여 [웹사이트/메뉴]에 로그인합니다. 2. '[웹사이트/메뉴]' 또는 '[웹사이트/메뉴]' 섹션으로 이동합니다. 3. [주문/송장번호] 번호에 연결된 주문을 찾아 클릭하여 세부정보에 액세스하세요. 4. 이 주문과 관련된 '[웹사이트/메뉴]' 옵션을 찾아 선택하세요. 5. 추가 메시지나 질문에 따라 취소 절차를 마무리합니다. 어려움이 있거나 추가 질문이 있는 경우 주저하지 말고 전담 지원팀에 문의하세요. [운영시간/기간] 중에 [고객센터전화번호]로 문의하시거나 [웹사이트/메뉴]에서 라이브 채팅을 하실 수 있습니다. 저희는 고객 만족을 보장하고 고객님이 가질 수 있는 모든 우려 사항을 해결하기 위해 최선을 다하고 있습니다.
BILP,[주문/송장번호] 구매를 어디에서 취소할 수 있나요?,주문,주문 취소,"고객님이 내려놓으신 상품을 제가 픽업합니다. 주문 번호 [주문/송장번호]로 구매를 취소해야 합니다. 취소 절차를 시작하려면 다음 단계를 따르세요. 1. 로그인 정보를 사용하여 [웹사이트/메뉴]에 로그인합니다. 2. 계정 대시보드에서 쉽게 액세스할 수 있는 '[웹사이트/메뉴]' 또는 '[웹사이트/메뉴]' 섹션으로 이동합니다. 3. 주문 번호 [주문/송장번호]와 관련된 구매를 찾습니다. 계속하려면 주문 세부정보를 클릭하세요. 4. 주문 세부정보에서 '[웹사이트/메뉴]' 옵션을 찾을 수 있습니다. 취소 절차를 시작하려면 이 옵션을 선택하세요. 5. 특정 주문 취소 정책에 따라 추가 정보 제공이나 취소 요청 확인이 필요할 수 있습니다. 그에 따라 프롬프트를 따라 주세요. 6. 취소 요청을 제출하시면 당사 지원팀에서 최대한 신속하게 검토하고 처리해 드리겠습니다. 취소 과정에서 어려움이 발생하거나 추가 질문이 있는 경우 [운영시간/기간]에 당사의 전담 고객 지원팀에 문의하실 수 있습니다. [고객센터전화번호]를 통해 당사에 연락하거나 당사 웹사이트 [웹사이트/메뉴]에서 라이브 채팅 기능을 사용할 수 있습니다. 고객 만족이 저희의 최우선 사항이며, 저희는 모든 단계에서 고객님을 지원하기 위해 여기 있습니다."
BCLQWZ,주문을 취소하는 데 도움이 되는 물건을 좀 샀어요 [주문/송장번호],주문,주문 취소,"고객님이 내려놓으신 내용, 해당 품목 구매에 대한 고객님의 좌절감 및 주문 [주문/송장번호] 취소에 대한 고객님의 욕구를 확인하고 있습니다. 불편을 끼쳐드려 죄송합니다. 주문 취소에 도움을 받으려면 다음 단계를 따르세요. 1. 로그인 정보를 사용하여 [웹사이트/메뉴]에 로그인합니다. 2. ""[웹사이트/메뉴]"" 또는 ""[웹사이트/메뉴]"" 섹션으로 이동합니다. 3. 주문 번호 [주문/송장번호]와 관련된 주문을 찾습니다. 4. 세부정보에 액세스하려면 주문을 클릭하세요. 5. ""[웹사이트/메뉴]"" 옵션을 찾아 선택합니다. 6. 추가 프롬프트나 지침에 따라 취소 절차를 완료합니다. 어려움이 있거나 추가 질문이 있는 경우 당사의 전담 지원팀이 도와드리겠습니다. [운영시간/기간] 중에 [고객센터전화번호]로 연락하시거나 [웹사이트/메뉴]에서 라이브 채팅 기능을 이용해 보세요. 저희는 고객님의 우려를 해결하고 서비스에 대한 만족을 보장하기 위해 최선을 다하고 있습니다."
BQ,주문을 취소하는 데 도움이 필요합니다 [주문/송장번호],주문,주문 취소,"[주문/송장번호] 번호로 주문을 취소하는 데 도움을 요청하신 것으로 이해됩니다. 고객 만족이 저희의 최우선 사항이며, 제가 그 과정을 안내해 드리겠습니다. 주문을 취소하려면 다음 단계를 따르세요. 1. 로그인 정보를 사용하여 [웹사이트/메뉴]에 로그인합니다. 2. 이전 구매 목록을 찾을 수 있는 '[웹사이트/메뉴]' 또는 '[웹사이트/메뉴]' 섹션으로 이동합니다. 3. 자세한 내용을 보려면 [주문/송장번호] 번호의 주문을 찾아 클릭하세요. 4. 구매와 관련된 '[웹사이트/메뉴]' 옵션을 찾으세요. 취소 절차를 시작하려면 클릭하세요. 5. 추가 프롬프트를 따르거나 시스템 요청에 따라 피드백을 제공합니다. 언제든지 어려움이 있거나 추가 질문이 있는 경우 당사의 전담 지원팀이 도움을 드릴 수 있습니다. [운영시간/기간] 동안 [고객센터전화번호]로 연락하거나 당사 웹사이트 [웹사이트/메뉴]의 라이브 채팅 기능을 통해 연락하실 수 있습니다. 저희는 고객님의 신뢰를 소중히 여기며 고객 만족을 보장하기 위해 최선을 다하고 있습니다. [회사명]를 선택해 주셔서 감사합니다."
BCL,"구매를 취소해야 합니다 [주문/송장번호], 도와주세요",주문,주문 취소,주문 번호 [주문/송장번호]로 구매를 취소하는 데 도움이 필요하다는 사실을 확인했습니다. 걱정하지 마세요. 제가 이 과정을 도와드리겠습니다. 구매를 취소하려면 다음 단계를 따르세요. 1. 계정에 로그인하세요. 로그인 정보를 사용하여 [웹사이트/메뉴]에 로그인하세요. 2. 주문 내역으로 이동: 로그인한 후 '[웹사이트/메뉴]' 또는 '[웹사이트/메뉴]' 섹션으로 이동합니다. 3. 구매 찾기: 주문 번호 [주문/송장번호]와 관련된 구매를 찾아 클릭하여 세부 정보를 확인합니다. 4. 취소 시작: 주문 세부정보 내에서 '[웹사이트/메뉴]' 옵션을 찾을 수 있습니다. 취소 절차를 시작하려면 이 옵션을 선택하세요. 5. 확인 및 피드백: 시스템은 취소에 대한 확인을 요청하거나 피드백을 요청할 수 있습니다. 계속 진행하려면 필요한 정보를 제공해 주시기 바랍니다. 문제가 발생하거나 추가 질문이 있는 경우 당사의 전담 지원팀이 도움을 드릴 수 있습니다. [운영시간/기간] 동안 [고객센터전화번호]로 연락하거나 [웹사이트/메뉴]에서 라이브 채팅 기능을 사용할 수 있습니다. 저희는 고객 만족을 보장하기 위해 최선을 다하고 있으며 모든 단계에서 고객님을 지원하기 위해 여기 있습니다.
BIQZ,주문을 취소하려면 어떻게 해야 하나요 [주문/송장번호],주문,주문 취소,"[주문/송장번호] 주문을 취소하는 데 도움이 필요하다는 사실을 이해하며, 절차를 안내해 드리겠습니다. 주문을 취소하려면 다음 단계를 따르세요. 1. 계정에 로그인하세요. [웹사이트/메뉴]에 로그인하여 플랫폼에 액세스하세요. 2. 주문으로 이동합니다. 로그인한 후 '[웹사이트/메뉴]' 또는 '[웹사이트/메뉴]' 섹션으로 이동합니다. 3. 주문 찾기: ​​주문 번호 [주문/송장번호]를 찾아 클릭하여 세부 정보를 확인하세요. 4. 취소 시작: 구매와 관련된 '[웹사이트/메뉴]' 옵션이 표시됩니다. 이것을 선택해 주세요. 5. 취소 확인: 시스템에서 취소 확인 메시지를 표시할 수 있습니다. 지침에 따라 절차를 완료하세요. 어려움이 있거나 추가 질문이 있는 경우 [운영시간/기간]([고객센터전화번호]) 또는 [웹사이트/메뉴]의 라이브 채팅을 통해 전담 지원팀에 문의하세요. 저희는 고객 만족을 보장하기 위해 최선을 다하고 있으며 모든 단계에서 고객님을 도울 것입니다."
BLN,더 이상 구매할 여유가 없습니다 [주문/송장번호],주문,주문 취소,"고객님이 재정적 어려움을 겪고 있어 더 이상 구매를 진행할 수 없다는 사실을 깨달았습니다. 이로 인해 불편을 끼쳐드려 죄송합니다. 저희는 고객님을 돕기 위해 여기 있습니다. 몇 가지 옵션이 있습니다: 1. 고객 지원에 문의: [운영시간/기간] 동안 [고객센터전화번호]로 고객 지원팀에 문의하거나 웹사이트 [웹사이트/메뉴]에서 라이브 채팅 기능을 사용하세요. 저희 팀은 고객님께 취소 절차를 안내하고 고객님의 특정 상황에 따라 가능한 대안을 모색할 것입니다. 2. 취소 정책 확인: 취소 정책, 이용 약관 및 조건을 검토하여 사용 가능한 옵션에 대한 통찰력을 얻을 수 있습니다. 웹사이트 FAQ 또는 도움말 센터에서 ""[기타정보]"" 또는 ""[기타정보]""와 같은 섹션을 찾아보세요. 3. 환불 또는 반품 옵션 살펴보기: 구매를 취소할 수 없는 경우 당사의 환불 또는 반품 정책을 살펴보는 것이 좋습니다. 진행 방법에 대한 자세한 지침은 당사 웹사이트에서 ""[기타정보]"" 또는 ""[기타정보]""와 같은 섹션을 찾아보세요. 4. 유연한 지불 옵션 탐색: 저희는 재정적 상황이 바뀔 수 있다는 것을 이해합니다. 저희는 어려운 시기에 고객을 돕기 위해 유연한 결제 옵션을 제공합니다. 고객님의 필요에 맞는 가능한 솔루션에 대해 논의하려면 고객 지원 팀에 문의하십시오. 저희는 고객 만족을 보장하기 위해 최선을 다하고 있으며, 저희의 목표는 고객님께 가장 적합한 해결 방법을 찾는 것입니다. 저희에게 연락하시면 고객님의 문의 사항을 해결하고 가장 적절한 방법으로 도움을 드릴 수 있도록 함께 노력하겠습니다."
BL,구매를 취소하는 데 도움이 필요합니다 [주문/송장번호],주문,주문 취소,[주문/송장번호] 구매를 취소하는 데 도움이 필요한 것으로 확인되었습니다. 저희는 이 과정을 통해 고객님을 돕기 위해 최선을 다하고 있습니다. 구매를 취소하려면 다음 단계를 따르세요. 1. 계정에 액세스하세요. 로그인 정보를 사용하여 [웹사이트/메뉴]에 로그인하세요. 2. 주문 내역으로 이동: 로그인한 후 '[웹사이트/메뉴]' 또는 '[웹사이트/메뉴]' 섹션으로 이동합니다. 3. 구매 찾기: 주문 번호 [주문/송장번호]와 관련된 구매를 찾아 클릭합니다. 4. 취소를 시작합니다. '[웹사이트/메뉴]'라는 옵션이 표시됩니다. 클릭하시면 취소가 진행됩니다. 5. 지침을 따라 주세요. 시스템에서 추가 정보를 묻는 메시지를 표시하거나 피드백을 요청할 수 있습니다. 취소 절차를 성공적으로 완료하려면 지침을 따라 주세요. 어려움이나 추가 질문이 있는 경우 당사의 전담 지원팀이 도움을 드립니다. [운영시간/기간] 중에 [고객센터전화번호]로 전화하거나 [웹사이트/메뉴]에서 라이브 채팅 기능을 활용하세요. 고객 만족이 저희의 최우선 사항이며 우리를 신뢰해 주셔서 감사합니다.
BK,주문 취소,주문,주문 취소,고객님이 주문을 취소하고 싶다는 점을 이해했습니다. 이로 인해 불편을 끼쳐드려 죄송합니다. 취소를 진행하려면 다음 단계를 따르세요. 1. [웹사이트/메뉴]에서 고객님의 계정에 로그인하세요. 2. '[웹사이트/메뉴]' 또는 '[웹사이트/메뉴]' 섹션에서 주문을 찾습니다. 3. 취소하려는 특정 주문을 클릭하세요. 4. 주문과 관련된 '[웹사이트/메뉴]' 옵션을 찾으세요. 5. 메시지에 따라 취소를 확인하세요. 어려움이 있거나 추가 질문이 있는 경우 당사의 전담 지원팀이 도움을 드릴 수 있습니다. [운영시간/기간] 동안 [고객센터전화번호]로 연락하거나 [웹사이트/메뉴]에서 라이브 채팅 기능을 사용할 수 있습니다. 저희는 고객 만족을 소중히 여기며 원활한 취소 절차를 보장하기 위해 노력하고 있습니다.
BLQ,구매 취소에 도움이 필요합니다 [주문/송장번호],주문,주문 취소,[주문/송장번호] 구매 취소와 관련하여 도움을 요청하신 것으로 확인되었습니다. 이로 인해 불편을 끼쳐드려 죄송합니다. 이 문제를 해결하려면 다음 단계를 따르세요. 1. 계정에 액세스하세요. 로그인 정보를 사용하여 [웹사이트/메뉴]에 로그인하세요. 2. 구매 내역 찾기: 로그인한 후 '[웹사이트/메뉴]' 또는 '[웹사이트/메뉴]' 섹션으로 이동하세요. 3. 구매 확인: 주문 번호 [주문/송장번호]와 관련된 구매를 찾아 클릭하여 세부 정보를 확인합니다. 4. 취소 절차를 시작하세요. 구매 세부정보에서 '[웹사이트/메뉴]' 옵션을 찾으세요. 취소를 시작하려면 해당 항목을 선택하세요. 5. 추가 단계를 따라 주세요. 시스템에서 추가 정보나 확인을 요청하는 메시지를 표시할 수 있습니다. 필요한 세부정보를 제공하거나 취소를 확인하시기 바랍니다. 어려움이 있거나 질문이 있는 경우 [운영시간/기간]([고객센터전화번호]) 또는 [웹사이트/메뉴]의 라이브 채팅 기능을 통해 전담 지원팀에 문의하실 수 있습니다. 저희는 고객님을 지원하고 고객 만족을 보장하기 위해 최선을 다하고 있습니다.
BI,[주문/송장번호] 주문을 취소하려면 어떻게 해야 하나요?,주문,주문 취소,고객님께서 [주문/송장번호] 주문 취소에 대한 안내를 찾고 계신 것으로 알고 있습니다. 취소 절차에 도움을 받으려면 다음 단계를 따르세요. 1. 고객님의 계정에 로그인: 고객님의 로그인 정보를 사용하여 [웹사이트/메뉴]에 로그인하여 시작하십시오. 2. 주문 찾기: ​​일단 들어가면 '[웹사이트/메뉴]' 또는 '[웹사이트/메뉴]' 섹션으로 이동합니다. 3. 관련 주문 찾기: ​​이 섹션에서 주문 번호 [주문/송장번호]를 찾으십시오. 4. 취소 시작: 주문을 클릭하여 세부정보를 열고 '[웹사이트/메뉴]' 옵션을 찾습니다. 5. 취소 절차를 완료합니다. 안내에 따라 취소를 완료하는 데 필요한 정보를 제공합니다. 이 과정에서 어려움을 겪거나 추가 질문이 있는 경우 주저하지 말고 전담 지원팀에 문의해 주세요. [운영시간/기간] 동안 [고객센터전화번호]로 통화 가능하거나 [웹사이트/메뉴]의 라이브 채팅 기능을 통해 우리와 연결할 수 있습니다. 저희는 고객 만족을 소중히 여기며 모든 단계에서 고객님을 도와드릴 것입니다.
BIQ,[주문/송장번호] 주문을 어떻게 취소하나요?,주문,주문 취소,"물론이죠! [주문/송장번호] 주문 취소를 도와드리겠습니다. 취소 절차를 시작하려면 다음 단계를 따르세요. 1. [웹사이트/메뉴]를 열고 계정에 로그인하세요. 2. 플랫폼에서 ""[웹사이트/메뉴]"" 또는 ""[웹사이트/메뉴]"" 섹션을 찾으세요. 3. 주문 번호 [주문/송장번호]가 포함된 특정 주문을 찾아 클릭하세요. 4. 구매와 관련된 ""[웹사이트/메뉴]"" 옵션을 찾아 선택하세요. 5. 주문 취소 사유를 입력하라는 요청을 받을 수도 있습니다. 필요한 정보를 입력하신 후 취소를 진행해주세요. 취소 과정에서 어려움을 겪거나 추가 질문이 있는 경우, 주저하지 마시고 고객 지원팀에 문의해 주세요. [운영시간/기간]([고객센터전화번호]) 또는 당사 웹사이트([웹사이트/메뉴])의 라이브 채팅 기능을 통해 이용 가능합니다. 주문 취소에 대한 이해와 협조에 감사드립니다."
BCLM,일부 기사를 구입했습니다. 주문 취소를 도와주세요 [주문/송장번호],주문,주문 취소,"고객님이 일부 품목을 구매했으며 현재 [주문/송장번호] 주문 취소에 대한 도움이 필요하다는 것을 확인했습니다. 고객 만족이 최우선입니다. 취소 절차를 안내해 드리겠습니다. 주문을 취소하는 단계는 다음과 같습니다. 1. 고객님의 계정에 로그인하십시오: [웹사이트/메뉴]를 방문하여 고객님의 로그인 정보를 사용하여 로그인하십시오. 2. 주문에 액세스하세요. 로그인한 후 '[웹사이트/메뉴]' 또는 '[웹사이트/메뉴]' 섹션으로 이동하세요. 3. 특정 주문 찾기: ​​주문 번호 [주문/송장번호]를 찾아 클릭하여 주문 세부정보를 확인하세요. 4. 취소 시작: 구매와 관련된 '[웹사이트/메뉴]' 옵션이 표시됩니다. 취소 절차를 시작하려면 선택하세요. 5. 추가 지침을 따라 주세요. 주문의 세부 사항에 따라 취소를 위해 몇 가지 추가 단계가 필요할 수 있습니다. 요청된 정보를 정확하게 제공해 주십시오. 도중에 어려움이 있거나 질문이 있는 경우 [운영시간/기간]에 [고객센터전화번호]로 전담 지원 팀을 이용하실 수 있습니다. [웹사이트/메뉴]의 라이브 채팅 기능을 통해 연락하실 수도 있습니다. 이 과정 전반에 걸쳐 고객님의 이해와 협조에 감사드리며, 고객님께서 만족하실 수 있도록 최선을 다하겠습니다."
BILQ,구매를 취소할 수 있는 곳 [주문/송장번호],주문,주문 취소,"고객님의 메시지를 통해 구매 취소 위치에 대한 정보를 찾고 계시다는 것을 추론했습니다. [주문/송장번호]. 다음 단계에 따라 구매를 쉽게 취소할 수 있습니다. 1. 계정에 로그인: [웹사이트/메뉴]에 로그인하여 플랫폼에 액세스하세요. 2. 주문으로 이동합니다. 로그인한 후 '[웹사이트/메뉴]' 또는 '[웹사이트/메뉴]' 탭으로 이동합니다. 3. 구매 항목 찾기: 주문 번호 [주문/송장번호]로 구매 항목을 검색하고 클릭하세요. 4. 취소 시작: 구매 세부정보 페이지에서 '[웹사이트/메뉴]' 옵션을 찾을 수 있습니다. 이 옵션을 선택해 주세요. 5. 취소 확인: 취소 결정을 확인하라는 메시지가 나타날 수 있습니다. 화면의 지시에 따라 취소 절차를 완료하세요. 문제가 발생하거나 추가 지원이 필요한 경우 전담 지원팀이 도와드리겠습니다. [운영시간/기간] 동안 [고객센터전화번호]로 연락하시거나 [웹사이트/메뉴]의 라이브 채팅 기능을 통해 저희와 연결하실 수 있습니다. 고객 만족이 저희의 최우선 과제이며, 취소 절차 전반에 걸쳐 원활한 경험을 제공하기 위해 최선을 다하고 있습니다."
B,[주문/송장번호] 주문을 취소하는 데 도움이 필요합니다,주문,주문 취소,"주문 번호 [주문/송장번호]로 주문을 취소하는 데 도움을 요청하신 것으로 알고 있습니다. 주문 취소는 복잡한 과정일 수 있지만 단계별로 안내해 드리겠습니다. 아래 지침을 따라 주세요. 1. 계정에 로그인하십시오. 로그인 정보를 사용하여 [웹사이트/메뉴]에 로그인하여 시작하십시오. 2. 주문에 액세스하세요. 로그인한 후 ""[웹사이트/메뉴]"" 또는 ""[웹사이트/메뉴]"" 섹션으로 이동하세요. 3. 특정 주문 찾기: ​​번호가 [주문/송장번호]인 주문을 찾아 클릭하여 세부정보를 확인하세요. 4. 취소를 시작합니다. 주문 세부정보 페이지에서 ""[웹사이트/메뉴]"" 또는 이와 유사한 옵션을 찾을 수 있습니다. 취소 절차를 시작하려면 클릭하세요. 5. 추가 단계를 따라 주세요. 시스템 요구 사항에 따라 취소를 완료하기 위해 몇 가지 질문에 대답하거나 피드백을 제공해야 할 수도 있습니다. 절차 중에 문제가 발생하거나 추가 질문이 있는 경우 당사의 전담 고객 지원팀이 도움을 드릴 수 있습니다. [운영시간/기간] 동안 [고객센터전화번호]로 연락하거나 당사 웹사이트 [웹사이트/메뉴]에서 라이브 채팅 기능을 사용하세요. 저희는 고객 만족을 보장하기 위해 최선을 다하고 있으며 고객님이 성공적으로 주문을 취소할 수 있도록 최선을 다할 것입니다."
BI,[주문/송장번호] 주문을 어디에서 취소할 수 있나요?,주문,주문 취소,[주문/송장번호] 주문을 취소할 수 있는 위치에 대한 정보를 찾고 계신 것으로 확인되었습니다. 다음 단계에 따라 쉽게 취소 절차를 시작할 수 있습니다. 1. 계정에 로그인: [웹사이트/메뉴]에 로그인하여 플랫폼에 액세스하세요. 2. 주문으로 이동합니다. 로그인한 후 '[웹사이트/메뉴]' 또는 '[웹사이트/메뉴]' 섹션으로 이동합니다. 3. 관련 주문을 찾습니다. 주문 번호 [주문/송장번호]와 관련된 구매를 찾습니다. 클릭하시면 세부정보를 보실 수 있습니다. 4. 취소 시작: 주문 세부정보 내에서 '[웹사이트/메뉴]' 옵션을 찾을 수 있습니다. 계속하려면 이것을 선택하세요. 5. 취소 확인: 시스템에서 취소를 확인하거나 피드백을 제공하라는 메시지를 표시할 수 있습니다. 지침에 따라 절차를 완료하십시오. 어려움이 있거나 추가 질문이 있는 경우 당사의 전담 지원팀이 도움을 드릴 수 있습니다. [운영시간/기간] 중에 [고객센터전화번호]로 연락하거나 [웹사이트/메뉴]의 라이브 채팅 기능을 통해 연락하실 수 있습니다. 저희는 고객 만족을 보장하고 취소 절차를 최대한 원활하게 진행하기 위해 최선을 다하고 있습니다.
BMQ,주문 취소에 문제가 있습니다 [주문/송장번호],주문,주문 취소,[주문/송장번호] 주문 취소로 인해 직면하고 있는 불만과 어려움이 무엇을 의미하는지 잘 알고 있습니다. 안심해 주세요. 저는 모든 단계에서 고객님을 도와드릴 것입니다. 이 문제를 해결하려면 다음 단계를 따르는 것이 좋습니다. 1. 계정에 로그인: [웹사이트/메뉴]에 로그인하여 시작하세요. 2. 주문 찾기: ​​'[웹사이트/메뉴]' 또는 '[웹사이트/메뉴]' 섹션으로 이동하면 과거 구매 목록을 찾을 수 있습니다. 3. 주문 [주문/송장번호] 찾기: 목록을 스크롤하여 번호 [주문/송장번호]의 주문을 찾아 선택합니다. 4. 취소 절차 시작: 주문과 관련된 '[웹사이트/메뉴]' 옵션을 찾아 클릭하여 취소 절차를 시작하세요. 5. 추가 단계를 따라 주세요. 특정 요구 사항에 따라 시스템에서 추가 정보나 확인을 묻는 메시지를 표시할 수 있습니다. 문제가 발생하거나 추가 질문이 있는 경우 주저하지 말고 전담 고객 지원팀에 문의하세요. [운영시간/기간] 중에 [고객센터전화번호]로 연락하거나 [웹사이트/메뉴]에서 라이브 채팅 기능을 활용할 수 있습니다. 저희는 고객 만족을 매우 중요하게 생각하며 이 문제에 대한 신속한 해결을 보장하기 위해 최선을 다하고 있습니다.
BLN,더 이상 [주문/송장번호] 주문에 대해 결제할 수 없습니다.,주문,주문 취소,고객님이 내려놓은 내용과 고객님의 상황을 파악하고 있으며 불편을 끼쳐드려 죄송합니다. [주문/송장번호] 주문에 대한 결제 문제에 대해 도움을 받으려면 고객 지원팀에 문의하는 것이 좋습니다. 그들은 취소 절차를 안내하고 대체 솔루션을 모색할 수 있는 전문 지식을 갖추고 있습니다. [운영시간/기간] 동안 [고객센터전화번호]로 당사 전담 지원팀에 문의하거나 당사 웹사이트 [웹사이트/메뉴]의 라이브 채팅 기능을 통해 문의하실 수 있습니다. 안심해 주세요. 저희는 고객님을 위해 이 문제를 해결하고 고객 만족을 보장하기 위해 최선을 다하고 있습니다.
BCLP,[주문/송장번호] 구매를 취소하고 싶습니다. 도움이 필요합니다,주문,주문 취소,주문 번호 [주문/송장번호]로 구매를 취소하고 싶고 도움이 필요하다는 내용을 확인했습니다. 취소 절차를 안내해 드리기 위해 왔습니다. 구매를 취소하려면 다음 단계를 따르세요. 1. 로그인 정보를 사용하여 [웹사이트/메뉴]에 로그인합니다. 2. 계정의 '[웹사이트/메뉴]' 또는 '[웹사이트/메뉴]' 섹션으로 이동합니다. 3. 주문 번호가 [주문/송장번호]인 구매 항목을 찾습니다. 4. 구매와 관련된 '[웹사이트/메뉴]' 옵션을 찾아 클릭하세요. 5. 추가 정보를 제공하거나 취소를 확인하라는 메시지가 나타날 수 있습니다. 화면의 지시를 따라 주세요. 문제가 발생하거나 추가 질문이 있는 경우 당사의 전담 고객 지원팀이 도움을 드릴 수 있습니다. [운영시간/기간] 동안 [고객센터전화번호]로 연락하거나 [웹사이트/메뉴]의 라이브 채팅 기능을 통해 연락하실 수 있습니다. 고객님의 이해에 감사드리며 원활한 취소 절차를 보장하기 위해 최선을 다하고 있습니다.
BEQ,주문을 취소하는 방법을 모르겠습니다 [주문/송장번호],주문,주문 취소,주문 번호 [주문/송장번호]로 주문을 취소하는 방법에 대해 잘 모르실 것 같습니다. 안심하세요. 절차를 단계별로 안내해 드리겠습니다. 주문을 취소하려면 다음 지침을 따라 주세요. 1. 계정에 로그인하세요. [웹사이트/메뉴]에 로그인하여 플랫폼에 액세스하세요. 2. 주문 내역으로 이동하세요. 로그인한 후 '[웹사이트/메뉴]' 또는 '[웹사이트/메뉴]' 섹션으로 이동하세요. 3. 특정 주문을 찾습니다. 주문 번호 [주문/송장번호]와 관련된 구매를 찾아 클릭합니다. 4. 취소 시작: 주문 세부정보 내에서 '[웹사이트/메뉴]' 옵션을 찾을 수 있습니다. 이것을 선택해 주세요. 5. 추가 단계를 완료하세요. 시스템에서 취소 이유를 제공하거나 피드백을 제공하도록 요청할 수 있습니다. 필요한 정보를 제공해 주십시오. 절차 중에 어려움이 발생하거나 추가 질문이 있는 경우 당사의 전담 지원팀에 [운영시간/기간]([고객센터전화번호]) 또는 당사 웹사이트([웹사이트/메뉴])의 라이브 채팅을 통해 문의하실 수 있습니다. 저희는 고객님을 지원하고 고객 만족을 보장하기 위해 최선을 다하고 있습니다.
BL,구매 취소에 대한 도움말 [주문/송장번호],주문,주문 취소,[주문/송장번호] 구매 취소와 관련하여 도움이 필요하다는 연락을 받았습니다. 이로 인해 불편을 끼쳐드려 죄송합니다. 이 문제를 해결하기 위해 함께 노력합시다. 구매를 취소하려면 다음 단계를 따르세요. 1. 로그인 정보를 사용하여 [웹사이트/메뉴]에 로그인합니다. 2. '[웹사이트/메뉴]' 또는 '[웹사이트/메뉴]' 섹션으로 이동합니다. 3. 주문 번호가 [주문/송장번호]인 구매 항목을 찾아 클릭하여 세부 정보를 확인하세요. 4. '[웹사이트/메뉴]' 옵션을 찾으세요. 그것을 클릭하세요. 5. 시스템에서 취소를 확인하거나 피드백을 요청하라는 메시지를 표시할 수 있습니다. 필수 정보를 제공해 주세요. 문제가 발생하거나 추가 질문이 있는 경우 당사의 전담 고객 지원팀이 도움을 드릴 수 있습니다. [운영시간/기간]([고객센터전화번호]) 중에 또는 당사 웹사이트([웹사이트/메뉴])의 라이브 채팅을 통해 연락하실 수 있습니다. 저희는 고객님의 협조에 감사드리며 고객으로서 고객 만족을 소중히 여깁니다.
BCLN,더 이상 [주문/송장번호] 주문을 감당할 수 없습니다. 취소할 수 있도록 도와주세요.,주문,주문 취소,고객님는 재정적인 제약으로 인해 구매 주문 번호 [주문/송장번호]를 진행할 수 없다는 소식을 들었습니다. 안심하세요. 신속하고 문제 없이 취소하실 수 있도록 도와드리겠습니다. 주문을 취소하려면 다음 단계를 따르세요. 1. 계정에 로그인: [웹사이트/메뉴]에 로그인하여 플랫폼에 액세스하세요. 2. 주문 내역 찾기: 로그인한 후 '[웹사이트/메뉴]' 또는 '[웹사이트/메뉴]' 섹션으로 이동합니다. 3. 주문 찾기: ​​주문 번호 [주문/송장번호]와 관련된 구매를 찾아 클릭하세요. 4. 취소 시작: '[웹사이트/메뉴]' 옵션이 표시됩니다. 이것을 선택해 주세요. 5. 취소 확인: 시스템에서 확인이나 피드백을 요청할 수 있습니다. 필요한 정보를 제공해 주십시오. 취소 과정 중에 문제가 발생하거나 추가 지원이 필요한 경우 당사 전담 지원팀이 도움을 드릴 수 있습니다. [운영시간/기간] 동안 [고객센터전화번호]로 연락하거나 [웹사이트/메뉴]의 라이브 채팅 기능을 통해 연락하실 수 있습니다. 저희는 상황이 변한다는 것을 이해하며 고객 만족을 소중히 여깁니다. 더 궁금한 점이나 문의 사항이 있으면 언제든지 문의해 주세요.
BLM,구매 취소에 문제가 있습니다 [주문/송장번호],주문,주문 취소,주문 번호 [주문/송장번호]로 구매한 상품을 취소하는 데 불편을 끼쳐드려 죄송합니다. 이 문제가 얼마나 실망스러울 수 있는지 잘 알고 있으며 이 문제를 해결하는 데 도움을 드리고자 합니다. 취소 절차를 진행하려면 다음 단계를 따르세요. 1. 계정에 로그인하세요. [웹사이트/메뉴]에 로그인하여 플랫폼에 액세스하세요. 2. 주문 내역으로 이동하세요. 로그인한 후 '[웹사이트/메뉴]' 또는 '[웹사이트/메뉴]' 섹션으로 이동하세요. 3. 특정 구매 항목을 찾습니다. 주문 번호 [주문/송장번호]와 관련된 구매 항목을 찾아 클릭합니다. 4. 취소 시작: '[웹사이트/메뉴]' 옵션 또는 유사한 버튼을 찾을 수 있습니다. 취소 절차를 시작하려면 클릭하세요. 5. 추가 지침을 따라 주세요. 시스템에서 추가 정보를 묻는 메시지를 표시하거나 추가 지침을 제공할 수 있습니다. 취소 절차를 성공적으로 완료하려면 해당 지침을 주의 깊게 따르시기 바랍니다. 추가 문제가 발생하거나 질문이 있는 경우 주저하지 말고 전담 지원팀에 문의하세요. [운영시간/기간] 중에 [고객센터전화번호]로 문의하거나 [웹사이트/메뉴]에서 라이브 채팅 기능을 사용할 수 있습니다. 저희는 고객님을 위해 이 문제를 해결하고 고객 만족을 보장하기 위해 최선을 다하고 있습니다.
BILPQ,[주문/송장번호] 구매를 취소할 수 있나요?,주문,주문 취소,"[주문/송장번호] 구매 취소 가능성에 대해 문의하신 것으로 확인되었습니다. 이 문제에 대해 기꺼이 도와드리겠습니다. 취소를 진행하려면 다음 단계를 따르세요. 1. [웹사이트/메뉴]에 로그인하세요. 2. '[웹사이트/메뉴]' 또는 '[웹사이트/메뉴]' 섹션으로 이동합니다. 3. 주문 번호가 [주문/송장번호]인 구매 항목을 찾아 클릭하세요. 4. 구매와 관련된 '[웹사이트/메뉴]' 옵션을 찾아 선택하세요. 5. 시스템에 필요할 수 있는 추가 단계나 확인을 완료합니다. 절차 중에 어려움이 발생하거나 추가 질문이 있는 경우 당사의 전담 지원팀이 도움을 드릴 수 있습니다. [운영시간/기간] 동안 [고객센터전화번호]로 연락하거나 [웹사이트/메뉴]의 라이브 채팅 기능을 통해 연락하실 수 있습니다. 고객 만족이 최우선이며, [주문/송장번호] 구매 취소를 도와드리기 위해 최선을 다하겠습니다."
BILP,[주문/송장번호] 구매를 취소하는 데 도움을 주실 수 있나요?,주문,주문 취소,물론이죠! 주문 번호 [주문/송장번호]로 구매를 취소하는 데 도움이 필요하다는 점을 확인했습니다. 안심하세요. 취소 절차를 원활하게 진행하실 수 있도록 도와드리겠습니다. 구매를 취소하려면 다음 단계를 따르세요. 1. 계정에 로그인: [웹사이트/메뉴]에 로그인하여 플랫폼에 액세스하세요. 2. 주문으로 이동: 로그인한 후 '[웹사이트/메뉴]' 또는 '[웹사이트/메뉴]' 섹션을 찾으세요. 3. 구매 찾기: 주문 번호 [주문/송장번호]와 관련된 구매를 찾아 클릭하여 세부 정보를 확인하세요. 4. 취소 시작: 주문 세부정보 내에서 '[웹사이트/메뉴]' 옵션이 표시됩니다. 취소를 시작하려면 이 옵션을 선택하세요. 5. 취소 확인: 시스템에서 취소 확인을 요청할 수 있습니다. 절차를 완료하려면 프롬프트를 따라 주세요. 도중에 어려움이 있거나 추가 질문이 있는 경우 당사의 전담 지원팀이 도움을 드릴 수 있습니다. [운영시간/기간]([고객센터전화번호]) 중에 또는 당사 웹사이트([웹사이트/메뉴])의 라이브 채팅 기능을 통해 당사에 연락하실 수 있습니다. 저희는 고객 만족을 소중히 여기며 우리에 대한 고객님의 신뢰에 감사드립니다. 원활한 취소 절차가 이루어질 수 있도록 최선을 다하겠습니다.
BILQ,구매 취소를 도와줄 수 있나요 [주문/송장번호],주문,주문 취소,주문 번호 [주문/송장번호]로 구매를 취소하는 데 도움이 필요하신 점 감사드립니다. 기꺼이 도와드리겠습니다. 취소를 진행하려면 다음 단계를 따르세요. 1. 고객님의 계정에 로그인하십시오: 고객님의 로그인 정보를 사용하여 [웹사이트/메뉴]에 로그인하십시오. 2. 주문에 액세스하세요. 로그인한 후 '[웹사이트/메뉴]' 또는 '[웹사이트/메뉴]' 섹션으로 이동하세요. 3. 구매 찾기: 주문 번호 [주문/송장번호]와 관련된 특정 구매를 찾아 클릭합니다. 4. 취소 시작: 구매 세부정보에 '[웹사이트/메뉴]' 옵션이 있어야 합니다. 취소를 진행하려면 해당 항목을 선택하세요. 5. 절차를 완료하세요. 추가 단계나 확인 메시지가 표시될 수 있습니다. 취소를 성공적으로 완료하려면 지침을 따르시기 바랍니다. 절차 중에 문제가 발생하거나 추가 지원이 필요한 경우 당사의 전담 지원팀이 도움을 드릴 수 있습니다. [운영시간/기간] 중에 [고객센터전화번호]로 문의하거나 [웹사이트/메뉴]에서 라이브 채팅 기능을 활용할 수 있습니다. 고객님의 이해에 감사드리며 고객 만족을 위해 최선을 다하겠습니다.
BILPQZ,[주문/송장번호] 구매를 어떻게 취소할 수 있나요?,주문,주문 취소,"고객님이 [주문/송장번호] 구매를 긴급하게 취소해야 하는 불편함과 긴급함을 이해합니다. 취소 절차를 시작하려면 다음의 간단한 단계를 따라 주세요. 1. 로그인 정보를 사용하여 [웹사이트/메뉴]에 로그인합니다. 2. 과거 구매 요약을 확인할 수 있는 '[웹사이트/메뉴]' 또는 '[웹사이트/메뉴]' 섹션으로 이동하세요. 3. 주문 번호가 [주문/송장번호]인 특정 구매 항목을 찾습니다. 4. 구매와 관련된 '[웹사이트/메뉴]' 옵션을 찾으세요. 계속하려면 클릭하세요. 5. 필요한 정보나 피드백을 제공하여 취소를 확인합니다. 어떤 단계에서든 어려움이 발생할 경우 [운영시간/기간]에 당사의 전담 지원팀이 도움을 드릴 수 있습니다. [고객센터전화번호]로 연락하시거나 당사 웹사이트 [웹사이트/메뉴]에서 라이브 채팅을 하실 수 있습니다. 양해해 주셔서 감사드리며, 원활한 취소 절차를 보장하기 위해 최선을 다하고 있습니다."
BLQ,구매를 취소해야 합니다 [주문/송장번호],주문,주문 취소,[주문/송장번호] 품목 구매를 취소하는 데 도움이 필요한 것 같습니다. 안심하세요. 제가 이 과정을 도와드리겠습니다. 할 수 있는 작업은 다음과 같습니다. 1. 계정에 로그인: 로그인 정보를 사용하여 [웹사이트/메뉴]에 로그인하여 시작하십시오. 2. 주문 내역에 액세스하세요. 로그인한 후 계정의 '[웹사이트/메뉴]' 또는 '[웹사이트/메뉴]' 섹션으로 이동하세요. 3. 구매 찾기: 품목 번호 [주문/송장번호]와 관련된 구매를 찾습니다. 클릭하시면 주문내역을 보실 수 있습니다. 4. 취소 시작: 주문 세부정보에서 '[웹사이트/메뉴]' 옵션을 찾으세요. 취소를 진행하려면 이 옵션을 선택하세요. 5. 취소 확인: 시스템에서 구매 취소에 대한 확인을 요청할 수 있습니다. 제공된 지침을 따라 주세요. 어려움이 있거나 추가 질문이 있는 경우 당사의 전담 지원팀이 도움을 드릴 수 있습니다. [운영시간/기간] 동안 [고객센터전화번호]로 연락하시거나 당사 웹사이트 [웹사이트/메뉴]의 라이브 채팅 기능을 통해 저희와 소통하실 수 있습니다. 고객 만족이 저희의 최우선 사항이며 고객님께 필요한 지원을 제공하도록 노력하겠습니다.
BLNQZ,더 이상 [주문/송장번호] 구매를 원하지 않습니다.,주문,주문 취소,주문 번호 [주문/송장번호]와 관련된 구매를 더 이상 진행하고 싶지 않으신 것으로 확인되었습니다. 불편을 끼쳐드려 죄송합니다. 구매를 취소하려면 다음 단계를 따르세요. 1. [웹사이트/메뉴]에 로그인합니다. 2. '[웹사이트/메뉴]' 또는 '[웹사이트/메뉴]' 섹션으로 이동합니다. 3. 주문 번호가 [주문/송장번호]인 구매 항목을 찾습니다. 4. 구매와 관련된 '[웹사이트/메뉴]' 옵션을 선택하세요. 5. 추가 단계나 메시지에 따라 취소를 확인하세요. 어려움이 있거나 추가 질문이 있는 경우 당사의 전담 지원팀이 도움을 드릴 수 있습니다. [운영시간/기간] 동안 [고객센터전화번호]로 연락하거나 [웹사이트/메뉴]의 라이브 채팅 기능을 통해 연락하실 수 있습니다. 고객 만족이 저희의 최우선 과제이며 고객님께 필요한 지원을 제공하기 위해 최선을 다하고 있습니다.
B,주문 취소에 관한 질문 [주문/송장번호],주문,주문 취소,[주문/송장번호] 주문 취소에 대해 문의하신 내용을 확인했습니다. 어떻게 도와드릴까요?
BL,구매를 취소하려면 도움이 필요합니다 [주문/송장번호],주문,주문 취소,"주문 번호 [주문/송장번호]와 관련된 구매를 취소하는 데 도움이 필요하신 것 같습니다. 주문을 취소하는 것은 때로 어려운 작업이 될 수 있지만 최대한 간단하게 처리할 수 있도록 도와드리겠습니다. 구매를 취소하려면 다음 단계를 따르세요. 1. 로그인 정보를 사용하여 [웹사이트/메뉴]에 로그인합니다. 2. ""[웹사이트/메뉴]"" 또는 ""[웹사이트/메뉴]"" 섹션으로 이동합니다. 최근 구매 목록을 찾아야 합니다. 3. 주문 번호 [주문/송장번호]로 구매한 항목을 찾습니다. 클릭하시면 주문내역을 보실 수 있습니다. 4. 주문 세부정보에 '[웹사이트/메뉴]' 옵션이 표시됩니다. 취소 절차를 시작하려면 클릭하세요. 5. 메시지가 표시되면 취소와 관련하여 필요한 정보나 피드백을 제공합니다. 6. 취소가 확인되면 알림 또는 확인 이메일을 받게 됩니다. 어려움이 있거나 추가 질문이 있는 경우 주저하지 말고 전담 지원팀에 문의하세요. [운영시간/기간]([고객센터전화번호]) 동안 이용 가능하거나 당사 웹사이트 [웹사이트/메뉴]의 라이브 채팅 기능을 통해 연결할 수 있습니다. 고객 만족이 저희의 최우선 과제이며 모든 단계에서 고객님을 지원해 드릴 것입니다."
BLQZ,구매 취소에 대한 도움을 요청합니다 [주문/송장번호],주문,주문 취소,[주문/송장번호] 구매를 취소하는 데 도움이 필요하신 것으로 판단됩니다. 절차를 안내해 드리겠습니다. 구매를 취소하려면 다음 단계를 따르세요. 1. 계정에 액세스하세요. 로그인 정보를 사용하여 [웹사이트/메뉴]에 로그인하세요. 2. 주문 찾기: ​​계정 내 '[웹사이트/메뉴]' 또는 '[웹사이트/메뉴]' 섹션으로 이동하세요. 3. 특정 구매 찾기: 주문 번호 [주문/송장번호]와 관련된 구매를 찾습니다. 클릭하시면 세부정보를 보실 수 있습니다. 4. 취소 시작: 구매와 관련된 '[웹사이트/메뉴]' 옵션을 찾을 수 있습니다. 선택해 주세요. 5. 확인 및 완료: 추가 메시지나 질문에 따라 취소를 확인하고 절차를 완료합니다. 문제가 발생하거나 추가 질문이 있는 경우 [운영시간/기간] 동안 전담 지원팀이 도움을 드릴 수 있습니다. [고객센터전화번호]로 연락하시거나 [웹사이트/메뉴]에서 라이브 채팅 기능을 이용하실 수 있습니다. 이해해 주셔서 감사드리며 원활한 취소 경험을 제공하기 위해 최선을 다할 것임을 약속드립니다.
BLN,더 이상 [주문/송장번호] 주문을 감당할 수 없습니다,주문,주문 취소,고객님께서 더 이상 [주문/송장번호] 번호의 주문을 감당하실 수 없다는 점을 이해했습니다. 이로 인해 불편을 끼쳐드려 죄송합니다. 주문을 취소하려면 다음 단계를 따르세요. 1. [웹사이트/메뉴]에 로그인합니다. 2. '[웹사이트/메뉴]' 또는 '[웹사이트/메뉴]' 섹션으로 이동합니다. 3. 번호가 [주문/송장번호]인 주문을 찾아 클릭하세요. 4. 주문 취소 옵션을 찾아 선택하세요. 5. 추가 단계나 질문이 있는 경우 안내에 따라 작성해 주세요. 추가 질문이 있거나 도움이 필요한 경우 [운영시간/기간]([고객센터전화번호]) 동안 또는 당사 웹사이트([웹사이트/메뉴])의 라이브 채팅을 통해 전담 지원팀에 문의하실 수 있습니다. 저희는 주문 취소의 중요성을 이해하고 있으며 절차를 진행하는 데 도움을 드리고 있습니다.
BCIL,[주문/송장번호] 구매를 취소해야 하는데 어떻게 해야 하나요?,주문,주문 취소,[주문/송장번호] 구매를 취소해야 한다는 사실이 확실하게 들렸습니다. 제가 도와드리겠습니다. 구매를 취소하려면 다음 단계를 따르세요. 1. 고객님의 계정에 로그인하십시오: [웹사이트/메뉴]로 이동하여 고객님의 계정에 로그인하십시오. 2. 주문 내역에 액세스하세요. 로그인한 후 '[웹사이트/메뉴]' 또는 '[웹사이트/메뉴]' 섹션으로 이동하세요. 3. 구매 찾기: 주문 번호 [주문/송장번호]와 관련된 구매를 찾아 클릭합니다. 4. 취소 시작: 구매 세부정보에서 '[웹사이트/메뉴]' 옵션을 찾을 수 있습니다. 이 옵션을 선택해 주세요. 5. 추가 단계를 따라 주세요. 취소 절차를 완료하기 위해 시스템에서 추가 세부 정보나 피드백을 요청하는 메시지를 표시할 수 있습니다. 지시에 따라 필요한 정보를 입력해 주세요. 어려움이 있거나 추가 질문이 있는 경우 [운영시간/기간] 중에 당사의 전담 지원팀이 도움을 드릴 수 있습니다. [고객센터전화번호]로 연락하시거나 [웹사이트/메뉴]의 라이브 채팅 기능을 통해 연락하실 수 있습니다. 저희는 고객 만족을 보장하기 위해 최선을 다하고 있으며 취소 절차가 원활하게 진행되도록 최선을 다할 것입니다.
BKL,구매 취소 [주문/송장번호],주문,주문 취소,"[주문/송장번호] 품목 구매를 취소해야 한다는 점은 오해가 아닙니다. 취소 절차를 시작하려면 다음 단계를 따르세요. 1. 로그인 정보를 사용하여 [웹사이트/메뉴]에 로그인합니다. 2. '[웹사이트/메뉴]' 또는 '[웹사이트/메뉴]' 섹션으로 이동하여 과거 주문을 확인하세요. 3. 주문 번호 [주문/송장번호]로 특정 구매를 식별하고 이를 클릭하여 주문 세부 정보에 액세스합니다. 4. 구매와 관련된 '[웹사이트/메뉴]' 옵션을 찾으세요. 계속하려면 클릭하세요. 5. 확인이나 피드백을 요청하는 몇 가지 질문이나 메시지가 나타날 수 있습니다. 고객님의 응답은 더 나은 서비스를 제공하는 데 도움이 됩니다. 어려움이 있거나 추가 질문이 있는 경우 [운영시간/기간]([고객센터전화번호]) 동안 또는 당사 웹사이트([웹사이트/메뉴])의 라이브 채팅 기능을 통해 당사 전담 지원팀에 문의하실 수 있습니다. 고객 만족이 저희의 최우선 사항이며, 저희는 모든 단계에서 고객님을 지원하기 위해 여기 있습니다."
BZ,주문 취소에 대한 지원 [주문/송장번호],주문,주문 취소,"[주문/송장번호] 주문 취소와 관련하여 도움을 구하고 계신 것으로 확인되었습니다. 이로 인해 불편을 끼쳐드려 죄송합니다. 주문을 취소하려면 다음 단계를 따르세요. 1. 로그인 정보를 사용하여 [웹사이트/메뉴]에 로그인합니다. 2. 과거 주문을 확인할 수 있는 ""[웹사이트/메뉴]"" 또는 ""[웹사이트/메뉴]"" 섹션으로 이동합니다. 3. 주문 번호가 [주문/송장번호]인 주문을 찾습니다. 4. 주문을 찾은 후 해당 주문을 클릭하여 주문 세부정보에 액세스합니다. 5. 주문 세부정보에서 '[웹사이트/메뉴]'라고 표시된 옵션을 찾으세요. 클릭하시면 취소절차가 진행됩니다. 6. 취소를 완료하려면 시스템에서 제공하는 추가 메시지나 지침을 따라 주세요. 문제가 발생하거나 추가 질문이 있는 경우 당사의 전담 고객 지원팀이 도움을 드릴 수 있습니다. [운영시간/기간] 중에 [고객센터전화번호]로 전화하거나 [웹사이트/메뉴]의 라이브 채팅 기능을 사용하여 당사에 연락하실 수 있습니다. 이해해 주셔서 감사드리며 이 문제가 해결될 수 있도록 최선을 다하겠습니다."
BILQ,구매를 취소할 수 있나요 [주문/송장번호],주문,주문 취소,"기꺼이 도와드리겠습니다! 주문 번호 [주문/송장번호]로 구매를 취소하고 싶으신 점을 충분히 이해합니다. 안심해 주세요. 저희는 이 과정에서 고객님을 도울 수 있는 조항을 마련해 놓았습니다. 신속하고 효율적으로 구매 취소를 시작해 보세요. 취소를 진행하려면 다음 단계를 따르세요. 1. 계정에 로그인하십시오. 등록된 이메일 주소와 비밀번호를 사용하여 [웹사이트/메뉴]에 로그인하여 시작하십시오. 2. 주문 내역에 액세스하세요. 로그인한 후 ""[웹사이트/메뉴]"" 또는 ""[웹사이트/메뉴]"" 섹션으로 이동하세요. 3. 특정 구매 찾기: 주문 번호 [주문/송장번호]와 관련된 구매를 찾아 클릭하여 주문 세부 정보를 확인합니다. 4. 취소 절차를 시작합니다. 주문 세부 정보 페이지에서 구매와 관련된 ""[웹사이트/메뉴]"" 옵션을 찾아서 선택합니다. 5. 취소 확인: 시스템에서 취소를 확인하고 취소 이유를 제공하라는 메시지를 표시할 수 있습니다. 지침을 따르고 필요한 정보를 입력해 주세요. 6. 취소 상태 확인: 취소 요청을 확인한 후 구매가 성공적으로 취소되었음을 알리는 확인 메시지를 받게 됩니다. 취소 과정에서 어려움이 발생하거나 추가 질문이 있는 경우 당사의 전담 지원팀이 도움을 드릴 수 있습니다. [운영시간/기간] 동안 [고객센터전화번호]로 연락하거나 당사 웹사이트 [웹사이트/메뉴]의 라이브 채팅 기능을 통해 연락하실 수 있습니다. 고객 고객님의 이해와 협조에 진심으로 감사드립니다. 추가 문의 사항이 있으시면 언제든지 알려주시기 바랍니다. 고객 만족이 저희의 최우선 과제이며 고객님의 경험을 가능한 한 원활하게 만들기 위해 왔습니다."
BIL,[주문/송장번호] 구매 취소를 도와주실 수 있나요?,주문,주문 취소,저는 주문 번호 [주문/송장번호]로 구매를 취소하는 것이 긴급하고 중요하다는 것을 이해합니다. 이로 인해 불편을 끼쳐드려 죄송합니다. 구매를 취소하려면 다음 단계를 따르세요. 1. 로그인 정보를 사용하여 [웹사이트/메뉴]에 로그인합니다. 2. '[웹사이트/메뉴]' 또는 '[웹사이트/메뉴]' 섹션으로 이동합니다. 3. 주문 번호가 [주문/송장번호]인 구매 항목을 찾아 클릭하세요. 4. 구매와 관련된 '[웹사이트/메뉴]' 옵션을 찾아 선택하세요. 5. 취소 절차를 마무리하는 데 필요할 수 있는 추가 단계나 질문을 완료하세요. 어려움이 있거나 추가 질문이 있는 경우 당사의 전담 지원팀이 도움을 드릴 수 있습니다. [운영시간/기간] 동안 [고객센터전화번호]로 연락하거나 [웹사이트/메뉴]의 라이브 채팅 기능을 통해 연락하실 수 있습니다. 고객님의 이해와 협조에 감사드립니다. 고객 만족이 저희의 최우선 사항입니다.
BL,구매 취소 지원 [주문/송장번호],주문,주문 취소,"주문 번호 [주문/송장번호]로 구매를 취소하는 것이 긴급하고 즉각적인 지원이 필요하다고 생각합니다. 안심하세요. 취소 절차를 도와드리겠습니다. 구매 취소를 진행하려면 다음 단계를 따르세요. 1. 로그인 정보를 사용하여 [웹사이트/메뉴]에 로그인합니다. 2. '[웹사이트/메뉴]' 또는 '[웹사이트/메뉴]' 섹션으로 이동합니다. 3. 주문 번호 [주문/송장번호]와 관련된 구매 항목을 찾습니다. 4. 구매를 클릭하면 주문 세부정보에 액세스할 수 있습니다. 5. '[웹사이트/메뉴]'라고 표시된 옵션을 찾아 선택하세요. 6. 추가 메시지나 지침에 따라 취소를 확인하세요. 취소 과정 중에 어려움이 있거나 추가 지원이 필요한 경우, 주저하지 마시고 전담 지원팀에 문의해 주세요. [운영시간/기간] 중에 [고객센터전화번호]로 연락하거나 [웹사이트/메뉴]에서 라이브 채팅 기능을 사용할 수 있습니다. 상황이 바뀔 수 있다는 점을 이해하고 있으며 이 과정을 통해 고객님을 지원해 드리겠습니다."
BLN,구매하고 싶지 않습니다 [주문/송장번호],주문,주문 취소,"더 이상 주문 번호 [주문/송장번호]로 구매를 진행하고 싶지 않으신 것으로 확인되었습니다. 이로 인해 불편을 끼쳐드려 죄송합니다. 구매를 취소하려면 다음 단계를 따르세요. 1. 계정에 로그인하세요. 로그인 정보를 사용하여 [웹사이트/메뉴]에 로그인하세요. 2. 주문에 액세스하세요. 로그인한 후 '[웹사이트/메뉴]' 또는 '[웹사이트/메뉴]' 섹션으로 이동하세요. 3. 구매 찾기: 주문 번호가 [주문/송장번호]인 주문을 찾아 클릭하여 세부 정보를 확인하세요. 4. 구매 취소: 구매 세부정보 페이지에서 '[웹사이트/메뉴]' 옵션을 찾을 수 있습니다. 이 옵션을 선택해 주세요. 5. 취소 확인: 구매를 취소하기 전에 시스템에서 확인을 요청할 수 있습니다. 정보를 검토하고 메시지가 표시되면 취소를 확인하세요. 취소 과정에서 문제가 발생하거나 추가 질문이 있는 경우 당사의 전담 지원팀이 도움을 드릴 수 있습니다. [운영시간/기간] 동안 [고객센터전화번호]로 연락하거나 [웹사이트/메뉴]의 라이브 채팅 기능을 사용하여 연락하실 수 있습니다. 불편을 끼쳐드린 점 다시 한번 사과드리며, 양해해 주셔서 감사합니다."
BCLM,일부 품목을 구매했는데 구매를 취소하는 데 도움이 필요합니다 [주문/송장번호],주문,주문 취소,주문 번호 [주문/송장번호]로 구매를 취소하는 데 도움이 필요하다는 사실을 알고 있습니다. 불편을 끼쳐드려 죄송하며 취소 절차를 안내해 드리겠습니다. 구매를 취소하려면 다음 단계를 따르세요. 1. 계정에 로그인하세요. [웹사이트/메뉴]에 액세스하고 로그인 정보를 사용하여 로그인하세요. 2. 주문으로 이동합니다. 성공적으로 로그인한 후 '[웹사이트/메뉴]' 또는 '[웹사이트/메뉴]' 섹션을 찾으세요. 3. 특정 구매 찾기: 주문 번호 [주문/송장번호]와 관련된 구매를 찾아 클릭하여 세부 정보를 확인합니다. 4. 취소 시작: 구매 세부정보 내에서 '[웹사이트/메뉴]' 옵션을 찾을 수 있습니다. 취소 절차를 시작하려면 이 옵션을 선택하세요. 5. 추가 지침을 따라 주세요. 특정 사례에 따라 취소 절차를 완료하기 위한 추가 단계나 질문이 있을 수 있습니다. 시스템에서 제공하는 지침을 따라 주세요. 도중에 문제가 발생하거나 추가 질문이 있는 경우 당사의 전담 지원팀이 도움을 드릴 수 있습니다. [운영시간/기간] 동안 [고객센터전화번호]로 연락하거나 [웹사이트/메뉴]의 라이브 채팅 기능을 통해 연락하실 수 있습니다. 고객 만족을 소중히 여기며 원만한 해결을 위해 최선을 다하겠습니다.
BILQ,구매를 어디서 취소하나요 [주문/송장번호],주문,주문 취소,구매번호 [주문/송장번호]로 구매를 취소할 수 있는 곳을 찾고 계신 것으로 알고 있습니다. 안내해 드리겠습니다. 1. [웹사이트/메뉴]에 액세스하세요. 먼저 당사 플랫폼에서 고객님의 계정에 로그인하세요. 2. 주문 섹션을 찾으세요. 로그인한 후 '[웹사이트/메뉴]' 또는 '[웹사이트/메뉴]' 탭으로 이동하세요. 이전 구매 내역을 모두 찾을 수 있는 섹션이어야 합니다. 3. 특정 구매 찾기: 구매 번호 [주문/송장번호]로 구매를 찾습니다. 구매 세부정보에 액세스하려면 해당 항목을 선택하거나 클릭하세요. 4. 취소 시작: 구매 세부정보 페이지에 '[기타정보]' 또는 이와 유사한 옵션이 표시됩니다. 취소 절차를 시작하려면 해당 버튼을 클릭하세요. 5. 취소 확인: 시스템은 취소를 완료하기 위해 확인 또는 추가 세부 정보를 요청할 수 있습니다. 지침을 따르고 메시지가 표시되면 필요한 정보를 입력해 주세요. 어려움이 있거나 추가 질문이 있는 경우 주저하지 말고 전담 고객 지원팀에 문의하세요. [운영시간/기간] 중에 [고객센터전화번호]로 문의하시거나 [웹사이트/메뉴]에서 라이브 채팅 기능을 활용하실 수 있습니다. 저희는 모든 단계에서 고객 만족을 보장하기 위해 왔습니다.
BI,[주문/송장번호] 주문을 취소할 수 있나요?,주문,주문 취소,주문번호 [주문/송장번호]로 주문을 취소할 수 있는지 궁금하신 것으로 파악되었습니다. 저희는 고객님의 유연성을 소중히 여기며 고객님을 돕기 위해 최선을 다할 것입니다. 주문을 취소할 수 있는지 확인하려면 당사 고객 지원팀에 문의하시기 바랍니다. 그들은 주문 상태에 대한 실시간 정보에 접근할 수 있으며 취소 절차를 안내할 수 있습니다. [운영시간/기간] 동안 [고객센터전화번호]로 당사의 전담 고객 지원팀에 연락하거나 당사 웹사이트 [웹사이트/메뉴]의 라이브 채팅 기능을 통해 연락하실 수 있습니다. 저희는 고객님께 탁월한 서비스를 제공하기 위해 최선을 다하고 있으며 고객님의 요청을 해결하기 위해 사용 가능한 모든 옵션을 탐색할 것입니다.
BLQZ,구매를 취소해야 해요 [주문/송장번호],주문,주문 취소,[주문/송장번호] 구매를 취소해야 하는 것으로 확인되었습니다. 불편을 끼쳐드려 죄송하며 최선을 다해 도와드리겠습니다. 구매를 취소하려면 다음 단계를 따르세요. 1. 계정에 로그인: 등록된 로그인 정보를 사용하여 [웹사이트/메뉴]에 로그인하세요. 2. 주문으로 이동하세요. 로그인한 후 '[웹사이트/메뉴]' 또는 '[웹사이트/메뉴]' 섹션으로 이동하세요. 3. 구매 찾기: 주문 번호 [주문/송장번호]와 관련된 구매를 찾아 클릭하세요. 4. 취소 시작: 구매 세부정보에서 '[웹사이트/메뉴]' 옵션을 찾을 수 있습니다. 해당 옵션을 선택해주세요. 5. 취소 확인: 시스템에서 취소를 확인하거나 피드백을 제공하라는 메시지를 표시할 수 있습니다. 제공된 지침을 따라 주세요. 어려움이 있거나 추가 질문이 있는 경우 [운영시간/기간]([고객센터전화번호]) 또는 [웹사이트/메뉴]의 라이브 채팅을 통해 전담 지원팀에 문의하실 수 있습니다. 저희는 고객님의 요청이 얼마나 중요한지 이해하고 있으며 신속하게 해결하기 위해 최선을 다하겠습니다.
BCELN,이 상품에 대한 결제가 불가능합니다. 주문을 취소하세요. [주문/송장번호],주문,주문 취소,고객님께서 제품 결제에 어려움을 겪고 계신 것으로 파악되어 [주문/송장번호] 주문을 취소하고 싶습니다. 이로 인해 불편을 끼쳐드려 죄송합니다. 주문 취소에 도움을 받으려면 다음 단계를 따르세요. 1. 계정에 로그인하세요. [웹사이트/메뉴]에 로그인하여 플랫폼에 액세스하세요. 2. 주문 찾기: ​​로그인한 후 '[웹사이트/메뉴]' 또는 '[웹사이트/메뉴]' 섹션으로 이동하세요. 3. 관련 주문 찾기: ​​[주문/송장번호] 번호와 관련된 주문을 찾아 선택하고 자세한 내용을 확인하세요. 4. 취소 시작: 주문 페이지에서 '[웹사이트/메뉴]' 옵션을 찾을 수 있습니다. 취소 절차를 시작하려면 이 버튼을 클릭하세요. 5. 취소 확인: 시스템에서 확인이나 추가 정보를 묻는 메시지를 표시할 수 있습니다. 취소를 완료하려면 제공된 지침을 따라 주세요. 어려움이 있거나 추가 질문이 있는 경우 당사의 전담 지원팀이 도움을 드릴 수 있습니다. [운영시간/기간] 동안 [고객센터전화번호]로 연락하시거나 당사 웹사이트 [웹사이트/메뉴]에서 라이브 채팅 기능을 활용하실 수 있습니다. 저희는 고객 만족을 소중히 여기며 도와드리겠습니다.
BL,구매를 취소하는 방법을 모르겠습니다. [주문/송장번호],주문,주문 취소,[주문/송장번호] 구매 취소 절차에 대해 확신이 없으신 것으로 확인되어 도와드리겠습니다. 다음 단계를 함께 살펴보겠습니다. 1. 계정에 액세스하세요. 먼저 [웹사이트/메뉴]에 로그인하세요. 2. 주문으로 이동하세요. 로그인한 후 '[웹사이트/메뉴]' 또는 '[웹사이트/메뉴]' 섹션을 찾으세요. 3. 구매 찾기: 주문 번호 [주문/송장번호]와 관련된 구매를 찾아 클릭하세요. 4. 취소 시작: 구매 세부정보에서 '[웹사이트/메뉴]' 옵션을 찾으세요. 취소 요청을 시작하려면 이를 선택하세요. 5. 추가 단계를 따라 주세요. 시스템에서 취소를 확인하거나 피드백을 제공하라는 메시지를 표시할 수 있습니다. 제공된 지침을 따라 주세요. 도중에 어려움이 있거나 추가 질문이 있는 경우 [운영시간/기간]([고객센터전화번호]) 동안 전담 지원팀에 문의하거나 당사 웹사이트([웹사이트/메뉴])의 라이브 채팅을 통해 주저하지 말고 문의해 주세요. 저희는 고객 만족을 보장하고 고객님이 가질 수 있는 모든 우려 사항을 해결하기 위해 왔습니다.
BL,구매 취소 도움말 [주문/송장번호],주문,주문 취소,[주문/송장번호] 구매 취소에 대한 도움이 필요하다는 점을 이해합니다. 꼭 필요한 안내를 해드리겠습니다. 취소 절차를 시작하려면 다음 단계를 따르세요. 1. 로그인 정보를 사용하여 [웹사이트/메뉴]에 로그인합니다. 2. '[웹사이트/메뉴]' 또는 '[웹사이트/메뉴]' 섹션으로 이동하면 구매 내역을 확인할 수 있습니다. 3. 주문 번호 [주문/송장번호]와 관련된 특정 구매를 찾습니다. 4. '[웹사이트/메뉴]' 옵션이나 취소와 관련된 유사한 문구를 찾아 클릭하세요. 5. 시스템 요구 사항에 따라 확인 메시지나 추가 단계가 나타날 수 있습니다. 필요한 정보를 검토하고 작성해 주세요. 어려움이 있거나 추가 질문이 있는 경우 [운영시간/기간]에 당사의 전담 지원 팀이 실시간 지원을 제공합니다. [고객센터전화번호]로 연락하시거나 [웹사이트/메뉴]의 라이브 채팅 기능을 통해 연락하실 수 있습니다. 고객님의 이해에 감사드리며 고객 만족을 소중히 여깁니다. 언제든지 저희에게 연락해 주세요. 저희는 고객님의 원활한 경험을 보장하기 위해 여기 있습니다.
BIMP,주문 취소에 대한 정보를 알려주시겠어요?,주문,주문 취소,"물론이죠! 주문 취소에 대한 정보를 알려드리겠습니다. 주문 취소는 일반적으로 당사 웹사이트의 계정을 통해 수행하거나 당사 고객 지원팀에 문의하여 수행할 수 있습니다. 정확한 절차는 주문에 사용한 플랫폼이나 서비스에 따라 다를 수 있습니다. 주문을 취소하려면 다음의 일반적인 단계를 따르세요. 1. 고객님의 계정에 로그인하십시오: 고객님의 로그인 로그인 정보를 입력하여 당사 플랫폼에서 고객님의 계정에 액세스하십시오. 2. 주문 찾기: ​​주문 내역이나 주문 관리 섹션에서 취소하려는 주문을 찾으세요. 3. 취소를 시작합니다. 주문과 관련된 ""취소"" 또는 ""취소 요청"" 옵션을 찾아 클릭합니다. 4. 프롬프트 또는 지침을 따라 주세요. 시스템에 따라 취소 이유를 제공하거나 취소 요청을 확인해야 할 수도 있습니다. 5. 취소 확인: 취소 단계를 완료한 후 주문이 취소되었음을 알리는 확인 메시지나 이메일을 받게 됩니다. 취소 정책은 특정 제품, 서비스 또는 공급업체에 따라 다를 수 있다는 점에 유의하세요. 주문을 취소하기 전에 이용 약관, 환불 정책 또는 적용 가능한 수수료를 검토하는 것이 중요합니다. 추가 지원이 필요하거나 주문 취소에 관해 구체적인 질문이 있는 경우 언제든지 고객 지원팀에 문의하세요. [운영시간/기간]([고객센터전화번호]) 동안 또는 당사 웹사이트([웹사이트/메뉴])의 라이브 채팅 기능을 통해 이용 가능합니다."
BKL,구매 취소 중 [주문/송장번호],주문,주문 취소,"주문 번호 [주문/송장번호]로 구매를 취소하는 데 문제가 있는 것으로 확인되었습니다. 이로 인해 불편을 끼쳐드려 죄송합니다. 구매를 취소하는 데 도움을 받으려면 다음 단계를 따르세요. 1. 계정에 로그인: 등록된 이메일 주소와 비밀번호를 사용하여 [웹사이트/메뉴]에 로그인하세요. 2. 주문 내역에 액세스하세요. 로그인한 후 계정 대시보드에서 '[웹사이트/메뉴]' 또는 '[웹사이트/메뉴]' 섹션을 찾으세요. 3. 구매 찾기: 주문 내역에서 주문 번호 [주문/송장번호]로 구매를 찾아 클릭하고 세부 정보를 확인하세요. 4. 취소 시작: 구매와 관련된 '[웹사이트/메뉴]' 옵션을 찾아 선택하세요. 5. 취소 확인: 구매 취소를 확인하려면 제공된 메시지나 지침을 따라 주세요. 6. 취소 확인: 취소 절차가 완료되면 확인 알림이나 이메일을 받게 됩니다. 취소 과정에서 문제가 발생하거나 추가 질문이 있는 경우, 주저하지 마시고 전담 고객 지원팀에 문의해 주세요. [운영시간/기간] 중에 [고객센터전화번호]로 문의하시거나 [웹사이트/메뉴]에서 라이브 채팅 기능을 활용하실 수 있습니다. 저희는 고객님이 가질 수 있는 모든 우려 사항에 대해 도움을 드리고 있습니다."
BCLN,마지막 품목을 구입할 여유가 없습니다. 구매를 취소하세요. [주문/송장번호],주문,주문 취소,"재정적 제약으로 인해 주문 번호 [주문/송장번호]로 구매를 취소해야 한다는 점에 대해 감사드립니다. 고객님의 재정적 안녕은 우리에게 중요하며, 저희는 고객님을 돕기 위해 여기 있습니다. 취소 절차를 진행해 보겠습니다. 1. **계정에 액세스**: 시작하려면 로그인 정보를 사용하여 [웹사이트/메뉴]에 로그인하세요. 2. **최근 구매 찾기**: 로그인한 후 '[웹사이트/메뉴]' 또는 '[웹사이트/메뉴]' 섹션으로 이동하세요. 3. **구매 내역 확인**: 주문 내역에서 주문 번호 [주문/송장번호]와 관련된 특정 구매를 검색하고 클릭하세요. 4. **취소 시작**: 구매와 연결된 '[웹사이트/메뉴]' 옵션을 찾아야 합니다. 취소 절차를 시작하려면 이를 선택하세요. 5. **추가 단계를 따르세요**: 취소 절차를 완료하기 위해 시스템에서 추가 정보나 피드백을 요청하는 메시지를 표시할 수 있습니다. 제공된 지침을 따라 주세요. 어려움이 있거나 추가 질문이 있는 경우 [운영시간/기간]에 당사의 전담 지원팀에 문의하실 수 있습니다. [고객센터전화번호] 또는 [웹사이트/메뉴]의 라이브 채팅을 통해 언제든지 문의해 주세요. 고객 만족은 우리에게 중요하며, 저희는 이 기간 동안 고객님을 돕기 위해 최선을 다하고 있습니다."
BELN,[주문/송장번호]를 주문할 여유가 없습니다,주문,주문 취소,"고객님이 재정적 제약에 직면해 있어 [주문/송장번호] 주문을 감당할 수 없다는 소식을 전해 드립니다. 안심하세요. 주문을 취소하고 적절한 해결 방법을 찾는 데 도움을 드리겠습니다. 다음과 같이 진행해 보겠습니다. 1. 계정에 액세스하세요. 로그인 정보를 사용하여 [웹사이트/메뉴]에 로그인하세요. 2. 주문 내역 찾기: 로그인한 후 '[웹사이트/메뉴]' 또는 '[웹사이트/메뉴]' 섹션으로 이동합니다. 3. 특정 주문 찾기: ​​[주문/송장번호] 번호의 주문을 찾아 클릭하면 자세한 내용을 볼 수 있습니다. 4. 취소 시작: 주문 세부정보 내에서 '[웹사이트/메뉴]' 옵션을 찾을 수 있습니다. 취소 절차를 시작하려면 이를 선택하세요. 5. 취소 확인: 시스템에서 취소를 확인하고 피드백을 제공하라는 메시지를 표시할 수 있습니다. 필요한 단계를 완료해 주시기 바랍니다. 도중에 어려움이 있거나 추가 질문이 있는 경우 당사의 전담 지원팀이 도움을 드릴 수 있습니다. [운영시간/기간] 중에 [고객센터전화번호]로 연락하거나 [웹사이트/메뉴]에서 라이브 채팅 기능을 사용할 수 있습니다. 고객 만족이 저희의 최우선 과제이며, 저희는 고객님을 위해 이 상황을 해결하기 위해 최선을 다하고 있습니다."
BL,구매 취소에 관한 질문 [주문/송장번호],주문,주문 취소,[주문/송장번호] 구매 취소와 관련해 문의하신 내용을 확인했습니다. 언제든지 질문해 주세요. 이 구매 취소와 관련하여 우려 사항이나 문의사항이 있으면 기꺼이 도와드리겠습니다.
BCILNP,[주문/송장번호] 주문을 감당할 수 없습니다. 취소할 수 있나요?,주문,주문 취소,고객님의 메시지를 통해 고객님이 현재 [주문/송장번호] 주문을 감당할 여유가 없어 주문을 취소하는 데 도움을 구하고 있다는 것을 추론했습니다. 취소 절차를 안내해 드리겠습니다.
BLQ,구매 취소 방법을 모르겠어요 [주문/송장번호],주문,주문 취소,"주문 번호 [주문/송장번호]로 구매하신 상품을 취소하실 때 어려움을 겪고 계시다는 점 충분히 이해합니다. 걱정하지 마세요. 원활한 경험을 보장하기 위해 절차를 단계별로 안내해 드리겠습니다. 1. 계정에 로그인하세요. 먼저 [웹사이트/메뉴]에 로그인하세요. 2. 주문 내역 액세스: 로그인한 후 '[웹사이트/메뉴]' 또는 '[웹사이트/메뉴]' 섹션으로 이동하세요. 3. 구매 찾기: 주문 번호 [주문/송장번호]와 관련된 구매를 찾아 클릭하고 자세한 내용을 확인하세요. 4. 취소 시작: 구매에 연결된 '[웹사이트/메뉴]' 옵션이 표시됩니다. 선택해 주세요. 5. 확인 및 피드백: 취소를 확인하거나 피드백을 제공하기 위해 시스템에서 몇 가지 질문을 할 수 있습니다. 그에 따라 프롬프트를 따라 주세요. 도중에 장애물이 발생하거나 추가 질문이 있는 경우 당사의 전담 지원팀이 도움을 드릴 수 있습니다. [운영시간/기간] 중에 [고객센터전화번호]로 연락하거나 [웹사이트/메뉴]에서 라이브 채팅 기능을 사용할 수 있습니다. 고객 만족이 저희의 최우선 사항이며, 저희는 고객님을 위해 이 문제를 해결하기 위해 최선을 다하고 있습니다."
BCLN,이 품목을 원하지 않습니다. 구매 취소를 도와주세요. [주문/송장번호],주문,주문 취소,고객님이 더 이상 이 품목을 원하지 않으며 [주문/송장번호] 구매를 취소하고 싶다는 고객님의 의견을 수거했습니다. 저는 고객님을 돕기 위해 여기 있습니다. 구매를 취소하려면 다음 단계를 따르세요. 1. 계정에 로그인하세요. 로그인 정보를 사용하여 [웹사이트/메뉴]에 로그인하세요. 2. 주문 찾기: ​​로그인한 후 '[웹사이트/메뉴]' 또는 '[웹사이트/메뉴]' 섹션으로 이동하세요. 3. 구매 확인: 주문 번호 [주문/송장번호]와 관련된 구매를 찾습니다. 4. 취소 시작: 구매 세부정보에서 '[웹사이트/메뉴]' 옵션을 찾으세요. 그것을 선택해 주세요. 5. 취소 확인: 시스템에서 서비스 개선을 위해 추가 확인을 요청하거나 피드백을 요청할 수 있습니다. 이 과정에서 어려움을 겪거나 궁금한 점이 있으면 주저하지 말고 전담 지원팀에 문의하세요. [운영시간/기간] 동안 [고객센터전화번호]로 연락하거나 [웹사이트/메뉴]에서 라이브 채팅 기능을 사용할 수 있습니다. 저희는 고객님이 최대한 원활하게 취소할 수 있도록 최선을 다하고 있습니다.
BCLN,이 제품을 구입할 여유가 없습니다. 주문을 취소하세요. [주문/송장번호],주문,주문 취소,고객님이 재정적인 어려움을 겪고 있어 [주문/송장번호] 번호의 주문을 취소해야 한다는 소식을 전해 드립니다. 저희는 고객님을 돕기 위해 왔습니다. 취소를 진행하려면 다음 단계를 따르세요. 1. 계정에 로그인하세요. [웹사이트/메뉴]에 액세스하고 로그인 정보를 사용하여 로그인하세요. 2. 주문으로 이동합니다. 로그인한 후 '[웹사이트/메뉴]' 또는 '[웹사이트/메뉴]' 섹션을 찾으세요. 3. 주문 찾기: ​​번호가 [주문/송장번호]인 주문을 찾아 클릭하여 세부정보를 확인하세요. 4. 취소를 시작합니다. '[웹사이트/메뉴]' 옵션이 표시됩니다. 취소 절차를 시작하려면 해당 항목을 선택하세요. 5. 취소 확인: 시스템에서 추가 정보나 확인을 요청하는 메시지를 표시할 수 있습니다. 요청한 세부정보를 정확하게 제공해 주세요. 6. 취소 상태: 취소가 처리되면 확인 이메일을 받게 됩니다. 절차 중에 어려움이 발생하거나 추가 질문이 있는 경우 당사의 전담 지원팀이 도움을 드릴 수 있습니다. [운영시간/기간] 동안 [고객센터전화번호]로 연락하거나 [웹사이트/메뉴]의 라이브 채팅 기능을 통해 연락하실 수 있습니다. 저희는 이것이 고객님께 중요한 문제라는 것을 알고 있으며 이 과정을 최대한 원활하게 진행하기 위해 최선을 다하고 있습니다.
BQ,주문을 취소하려고 합니다 [주문/송장번호],주문,주문 취소,"주문 번호 [주문/송장번호] 구매를 취소하고 싶다는 고객님의 의사를 이해하며, 이 절차를 도와드리겠습니다. 주문을 취소하려면 다음 단계를 따르세요. 1. 계정에 로그인: [웹사이트/메뉴]에 로그인하여 플랫폼에 액세스하세요. 2. 주문 찾기: ​​'[웹사이트/메뉴]' 또는 '[웹사이트/메뉴]' 섹션으로 이동합니다. 3. 구매 찾기: 주문 번호 [주문/송장번호]를 찾아 클릭하세요. 4. 취소 시작: 구매와 관련된 '[웹사이트/메뉴]' 옵션이 표시됩니다. 이 옵션을 선택해 주세요. 5. 취소 확인: 시스템에서 취소 확인 메시지를 표시할 수 있습니다. 절차를 성공적으로 완료하려면 제공된 지침을 따라 주세요. 문제가 발생하거나 추가 질문이 있는 경우 [운영시간/기간]([고객센터전화번호]) 또는 [웹사이트/메뉴]의 라이브 채팅 기능을 통해 전담 지원팀에 문의하세요. 저희는 고객 만족을 진심으로 소중히 여기며 취소 절차를 최대한 원활하게 진행하기 위해 최선을 다하고 있습니다."
BI,[주문/송장번호] 주문 취소를 도와주실 수 있나요?,주문,주문 취소,주문 번호 [주문/송장번호]로 주문을 취소하는 데 도움을 드리고자 합니다. 저는 이 문제를 해결하는 것이 중요하다는 것을 이해합니다. 주문을 취소하려면 다음 단계를 따르세요. 1. [웹사이트/메뉴]에 로그인하세요. 2. '[웹사이트/메뉴]' 또는 '[웹사이트/메뉴]' 섹션으로 이동합니다. 3. 주문 번호가 [주문/송장번호]인 주문을 찾아 클릭하세요. 4. '[웹사이트/메뉴]'라고 표시된 옵션을 찾아 선택하세요. 5. 메시지가 표시되면 필요한 피드백이나 취소 이유를 제공합니다. 6. 취소를 확인하고 절차가 완료될 때까지 기다립니다. 어려움이 있거나 추가 질문이 있는 경우 [운영시간/기간]([고객센터전화번호]) 또는 당사 웹사이트([웹사이트/메뉴])의 라이브 채팅을 통해 전담 고객 지원팀에 문의하실 수 있습니다. 고객 만족이 최우선이며 고객님의 원활한 취소 경험을 보장하기 위해 노력하고 있습니다.
BCELMVZ,일부 품목을 구매했습니다. 구매 취소를 도와주세요 [주문/송장번호],주문,주문 취소,"고객님는 일부 구매를 했으며 이제 주문 번호 [주문/송장번호]와 관련된 구매를 취소하는 데 도움이 필요하다는 것을 확인했습니다. 불편을 끼쳐드려 죄송하며 최선을 다해 도와드리겠습니다. 구매 취소를 진행하려면 다음 단계를 따르세요. 1. 로그인 정보를 사용하여 [웹사이트/메뉴]에 로그인합니다. 2. 계정의 ""[웹사이트/메뉴]"" 또는 ""[웹사이트/메뉴]"" 섹션으로 이동합니다. 3. 특정 주문 번호 [주문/송장번호]를 찾아 클릭하여 주문 세부정보를 확인하세요. 4. 주문 세부정보 페이지에서 ""[웹사이트/메뉴]"" 또는 이와 유사한 옵션을 찾을 수 있습니다. 그것을 클릭하세요. 5. 추가 메시지나 질문에 따라 취소 절차를 완료하세요. 도중에 어려움이 있거나 추가 질문이 있는 경우 당사의 전담 지원팀이 도움을 드릴 수 있습니다. [운영시간/기간]([고객센터전화번호]) 동안 또는 당사 웹사이트([웹사이트/메뉴])의 라이브 채팅 기능을 통해 연락하세요. 고객님의 이해와 협조에 감사드립니다. 고객 만족이 저희의 최우선 과제이며 고객님께 원활한 취소 경험을 보장하는 것을 목표로 합니다."
BKZ,주문 [주문/송장번호],주문,주문 취소,"[주문/송장번호] 주문 취소에 대한 지원을 요청하신 것으로 확인되었습니다. 혼란을 드려 죄송합니다. 주문을 취소하려면 다음 단계를 따르세요. 1. 로그인 정보를 사용하여 [웹사이트/메뉴]에 로그인합니다. 2. '[웹사이트/메뉴]' 또는 '[웹사이트/메뉴]' 섹션으로 이동합니다. 거기에서 주문을 찾을 수 있어야 합니다. 3. [주문/송장번호]에 해당하는 주문을 선택하세요. 4. '[웹사이트/메뉴]'라고 표시된 주문 취소 옵션을 찾으세요. 그것을 클릭하세요. 5. 확인이나 피드백을 요청하는 추가 메시지가 나타나면 필요한 정보를 제공해 주시기 바랍니다. 취소 과정에서 문제가 발생하거나 추가 질문이 있는 경우 당사의 전담 지원팀이 도움을 드릴 수 있습니다. [운영시간/기간] 중에 [고객센터전화번호]로 언제든지 문의하시거나 [웹사이트/메뉴]에서 라이브 채팅 기능을 활용해 보세요. 고객 만족이 저희의 최우선 과제이며, 고객님의 원활한 해결을 보장하기 위해 왔습니다."
BMQ,주문을 취소하는 데 문제가 있습니다 [주문/송장번호],주문,주문 취소,"[주문/송장번호] 주문 취소 문제로 인해 발생한 문제를 확인했습니다. 불편을 끼쳐드려 죄송합니다. 안심하세요. 저는 이 문제를 해결하는 데 도와드리겠습니다. 현재 직면한 문제를 더 잘 이해하고 해결하기 위해 취소 과정에서 발생한 특정 문제에 대한 자세한 내용을 제공해 주시겠습니까? 이 정보를 통해 고객님께 맞춤형 지침과 솔루션을 제공할 수 있습니다. 발생한 문제, 발생한 오류 메시지 또는 기타 관련 정보를 자유롭게 공유해 주세요. 고객님의 답변을 주의 깊게 검토한 후 [주문/송장번호] 주문 취소 문제를 해결하는 데 필요한 지침을 제공하겠습니다. 고객 만족이 최우선이며, 이 문제가 원활하게 해결될 수 있도록 최선을 다하겠습니다."
BM,주문을 취소하는 데 문제가 있습니다. [주문/송장번호],주문,주문 취소,"[주문/송장번호] 주문을 취소하는 데 어려움을 겪고 계신 것으로 확인되었습니다. 불편을 끼쳐드려 죄송합니다. 안심하세요. 저는 이 문제를 해결하는 데 도움을 드리고 있습니다. 문제를 더 잘 이해할 수 있도록 취소 과정에서 발생한 문제에 대한 자세한 내용을 제공해 주시겠습니까? 이를 통해 고객님이 직면하고 있는 구체적인 문제를 파악하고 가장 적절한 솔루션을 제공하는 데 도움이 될 것입니다. 협조해 주셔서 감사드리며, 이 문제를 신속하게 해결할 수 있도록 도와드리겠습니다."
BCLM,일부 품목을 구매했습니다. 주문 중 하나를 취소하는 데 도움이 필요합니다,주문,주문 취소,"고객님이 구매한 품목에 대한 주문 중 하나를 취소하는 데 도움을 요청하신 것을 이해합니다. 불편을 끼쳐드려 죄송하며 절차를 안내해 드리겠습니다. 주문을 취소하려면 다음 단계를 따르세요. 1. 로그인 정보를 사용하여 [웹사이트/메뉴]에 로그인합니다. 2. 계정에서 '[웹사이트/메뉴]' 또는 '[웹사이트/메뉴]' 섹션을 찾으세요. 3. 목록에서 취소하려는 특정 주문을 확인하세요. 4. 주문을 클릭하면 주문 세부정보 페이지에 액세스할 수 있습니다. 5. '[웹사이트/메뉴]' 또는 이와 유사한 옵션을 찾아 선택하십시오. 6. 추가 메시지나 지침에 따라 취소 절차를 완료합니다. 도중에 어려움이 있거나 질문이 있는 경우 [운영시간/기간]([고객센터전화번호]) 동안 전담 지원팀에 문의하거나 [웹사이트/메뉴]의 라이브 채팅 기능을 통해 주저하지 말고 문의하세요. 저희는 고객으로서 고객 만족을 소중히 여기며, 취소 절차가 최대한 원활하게 이루어질 수 있도록 최선을 다하겠습니다."
BKZ,캠셀링 주문 [주문/송장번호],주문,주문 취소,주문 번호 [주문/송장번호]의 주문을 취소하는 데 도움을 요청하신 것으로 확인되었습니다. 주문을 취소하려면 다음 단계를 따르세요. 1. [웹사이트/메뉴]에서 고객님의 계정에 로그인하세요. 2. '[웹사이트/메뉴]' 또는 '[웹사이트/메뉴]' 섹션으로 이동합니다. 3. 주문 번호가 [주문/송장번호]인 주문을 찾아 클릭하세요. 4. 구매와 관련된 '[웹사이트/메뉴]' 옵션을 찾으세요. 5. 취소 절차를 시작하려면 '[웹사이트/메뉴]' 옵션을 클릭하세요. 취소 과정에서 문제가 발생하거나 질문이 있는 경우 [운영시간/기간]([고객센터전화번호]) 또는 [웹사이트/메뉴]의 라이브 채팅 기능을 통해 전담 지원팀에 문의하실 수 있습니다. 저희는 고객님께 필요한 지원을 제공하기 위해 최선을 다하고 있습니다.
BCLQW,나 빌어먹을 물건 좀 샀어 주문 취소 [주문/송장번호],주문,주문 취소,"고객님의 구매에 불만이 있어 [주문/송장번호] 주문을 취소하고 싶다는 점을 잘 알고 있습니다. 불편을 끼쳐드려 죄송하며 이 과정을 도와드리겠습니다. 주문을 취소하려면 다음 단계를 따르세요. 1. 계정에 액세스하세요. 로그인 정보를 사용하여 [웹사이트/메뉴]에 로그인하세요. 2. 주문으로 이동하세요. 로그인한 후 '[웹사이트/메뉴]' 또는 '[웹사이트/메뉴]' 섹션을 찾으세요. 3. 특정 구매 찾기: [주문/송장번호] 번호의 주문을 찾아 클릭하여 세부정보를 확인하세요. 4. 취소 시작: 주문 세부정보에서 '[웹사이트/메뉴]' 또는 이와 유사한 옵션을 찾아야 합니다. 취소 절차를 시작하려면 해당 항목을 선택하세요. 5. 취소 확인: 시스템에서 취소에 대한 추가 확인이나 추가 세부 정보를 요청할 수 있습니다. 메시지가 표시되면 필요한 정보를 입력해 주세요. 6. 취소상태 확인 : 취소처리가 완료되면 주문상태를 확인하여 취소가 완료되었는지 확인할 수 있습니다. 어려움이 있거나 추가 질문이 있는 경우 당사의 전담 고객 지원팀이 도움을 드릴 수 있습니다. [운영시간/기간] 중에 [고객센터전화번호]로 연락하거나 [웹사이트/메뉴]에서 라이브 채팅 기능을 사용하세요. 고객 만족은 저희의 최우선 사항이며, 취소 절차가 진행되는 동안 양해해 주셔서 감사합니다."
BLQZ,[주문/송장번호]를 취소하는 데 도움이 필요합니다.,주문,주문 취소,"구매 취소에 도움이 필요합니다. [주문/송장번호]. 고객 만족이 저희의 최우선 과제이며, 저는 고객님께 절차를 원활하게 안내해 드릴 것입니다. 구매를 취소하려면 다음 단계를 따르세요. 1. 계정에 로그인하십시오. 로그인 정보를 사용하여 [웹사이트/메뉴]에 로그인하여 시작하십시오. 2. 주문 내역에 액세스하세요. 일반적으로 계정 드롭다운 메뉴에서 찾을 수 있는 '[웹사이트/메뉴]' 또는 '[웹사이트/메뉴]' 섹션으로 이동하세요. 3. 관련 구매를 찾습니다. 주문 번호 [주문/송장번호]와 관련된 특정 구매를 찾습니다. 클릭하시면 세부정보를 보실 수 있습니다. 4. 취소 시작: 구매 세부정보 페이지에 '[웹사이트/메뉴]' 옵션이 표시됩니다. 취소 절차를 시작하려면 이 옵션을 선택하세요. 5. 취소 완료: 시스템에서 제공하는 지침에 따라 취소 절차를 완료합니다. 취소 과정 중에 어려움이 있거나 추가 질문이 있는 경우 당사 전담 지원팀이 도움을 드릴 수 있습니다. [운영시간/기간] 중에 [고객센터전화번호]로 언제든지 연락하시거나 [웹사이트/메뉴]에서 라이브 채팅 기능을 사용하세요. 저희는 서비스에 대한 고객님의 신뢰를 소중히 여기며 고객 만족을 보장하기 위해 최선을 다하고 있습니다."
BQ,주문을 취소하려면 도움이 필요합니다 [주문/송장번호],주문,주문 취소,"[주문/송장번호] 주문을 취소하는 데 도움이 필요하신 것으로 확인되었으며, 절차를 안내해 드리겠습니다. 안심해 주세요. 저희는 이 문제를 해결하기 위해 다음과 같이 협력할 것입니다. 1. **계정에 액세스**: 로그인 정보를 사용하여 [웹사이트/메뉴]에 로그인하여 시작하세요. 2. **주문으로 이동**: 로그인한 후 계정의 '[웹사이트/메뉴]' 또는 '[웹사이트/메뉴]' 섹션으로 이동하세요. 3. **주문 찾기**: 번호가 [주문/송장번호]인 주문을 찾습니다. 클릭하시면 세부정보를 보실 수 있습니다. 4. **취소 시작**: 주문 세부정보 페이지에서 '[웹사이트/메뉴]' 옵션을 찾을 수 있습니다. 이 옵션을 선택해 주세요. 5. **확인 단계를 따르세요**: 시스템에서 취소를 확인하기 위해 몇 가지 질문을 할 수 있습니다. 지침을 따르고 필요한 피드백을 입력해 주세요. 어려움이 있거나 추가 질문이 있는 경우 주저하지 말고 전담 지원팀에 문의하세요. [운영시간/기간]([고객센터전화번호]) 또는 당사 웹사이트([웹사이트/메뉴])의 라이브 채팅을 통해 이용 가능합니다. 저희는 고객 만족을 소중히 여기며 모든 단계에서 고객님을 도와드릴 것입니다."
BLNQ,더 이상 구매 비용을 지불할 수 없습니다 [주문/송장번호],주문,주문 취소,"[주문/송장번호] 상품 구매에 대한 결제를 진행할 수 없다는 소식을 전해드려 죄송합니다. 예상치 못한 상황이 발생할 수 있다는 점을 이해하며, 저희가 도와드리겠습니다. 해당 항목이 불필요하게 예약되지 않도록 주문을 취소하는 것이 중요합니다. 할 수 있는 작업은 다음과 같습니다. 1. [웹사이트/메뉴]에 로그인하세요. 2. '[웹사이트/메뉴]' 또는 '[웹사이트/메뉴]' 섹션으로 이동합니다. 3. 주문 번호 [주문/송장번호]와 관련된 구매 항목을 찾습니다. 4. '[웹사이트/메뉴]' 옵션을 선택하여 취소 절차를 시작합니다. 5. 추가 단계를 완료하거나 나타저는 메시지에 응답합니다. 이 과정에서 어려움을 겪거나 질문이 있는 경우 당사의 전담 지원팀이 도움을 드릴 수 있습니다. [운영시간/기간]([고객센터전화번호]) 중에 또는 당사 웹사이트([웹사이트/메뉴])의 라이브 채팅을 통해 문의하실 수 있습니다. 저희는 고객 만족을 소중히 여기며 이러한 상황을 극복할 수 있도록 최선을 다해 도와드립니다."
BCELN,이 품목을 원하지 않습니다. 주문을 취소하세요 [주문/송장번호],주문,주문 취소,주문 번호 [주문/송장번호]와 연결된 품목을 더 이상 원하지 않으시는 것으로 확인되었습니다. 이로 인해 불편을 끼쳐드려 죄송합니다. 고객 만족을 위해 주문 취소를 진행해드리겠습니다. 진행 방법은 다음과 같습니다. 1. 계정에 로그인하세요: [웹사이트/메뉴]에 로그인하세요. 2. 주문에 액세스하세요. '[웹사이트/메뉴]' 또는 '[웹사이트/메뉴]' 섹션으로 이동하세요. 3. 주문 찾기: ​​[주문/송장번호] 번호의 주문을 찾아 클릭하세요. 4. 취소 시작: 구매와 관련된 '[웹사이트/메뉴]' 옵션을 찾을 수 있습니다. 선택해 주세요. 5. 취소 확인: 추가 메시지를 따르거나 필요에 따라 피드백을 제공하여 취소 절차를 완료합니다. 추가 질문이 있거나 도중에 문제가 발생하는 경우 당사의 전담 지원팀이 도움을 드릴 수 있습니다. [운영시간/기간] 중에 [고객센터전화번호]로 연락하거나 [웹사이트/메뉴]에서 라이브 채팅 기능을 사용할 수 있습니다. 고객 만족이 저희의 최우선 과제이며 고객님께 원활한 경험을 보장하기 위해 왔습니다.
BLQZ,구매 취소에 대한 도움말 제공 [주문/송장번호],주문,주문 취소,[주문/송장번호] 구매 취소와 관련하여 도움이 필요하신 것으로 확인됩니다. 이로 인해 불편을 끼쳐드려 죄송합니다. 취소 절차를 안내해 드리겠습니다. 먼저 로그인 정보를 사용하여 [웹사이트/메뉴]에 로그인하세요. 로그인한 후 '[웹사이트/메뉴]' 또는 '[웹사이트/메뉴]' 섹션으로 이동하세요. 주문 번호가 [주문/송장번호]인 구매 항목을 찾아 클릭하면 세부 정보에 액세스할 수 있습니다. '[웹사이트/메뉴]'라는 옵션이 표시됩니다. 취소 절차를 시작하려면 이 옵션을 선택하세요. 경우에 따라 시스템에서 취소를 확인하거나 피드백을 수집하기 위해 몇 가지 질문을 할 수도 있습니다. 계속 진행하려면 필요한 정보나 피드백을 제공해 주세요. 어려움이 있거나 추가 질문이 있는 경우 주저하지 말고 전담 고객 지원팀에 문의하세요. [운영시간/기간] 동안 [고객센터전화번호]로 문의하거나 [웹사이트/메뉴]의 라이브 채팅 기능을 통해 문의하실 수 있습니다. 저희는 고객 만족을 보장하기 위해 모든 단계에서 고객님을 지원해 드리겠습니다.
BILQ,구매 취소를 도와주실 수 있나요 [주문/송장번호],주문,주문 취소,구매 취소와 관련해 도움을 드리려고 왔습니다. [주문/송장번호]. 이 문제를 함께 해결해 봅시다: 1. **계정에 액세스**: 로그인 정보를 사용하여 [웹사이트/메뉴]에 로그인하여 시작하세요. 2. **주문 찾기**: 로그인한 후 '[웹사이트/메뉴]' 또는 '[웹사이트/메뉴]' 섹션으로 이동하세요. 3. **구매 항목 찾기**: 주문 번호 [주문/송장번호]에 연결된 구매 항목을 찾아 선택하여 세부 정보를 확인합니다. 4. **취소 시작**: 특정 구매와 관련된 '[웹사이트/메뉴]' 옵션이 표시됩니다. 취소 절차를 시작하려면 클릭하세요. 5. **추가 단계를 완료하세요**: 시스템에서는 확인이나 피드백을 위한 몇 가지 질문이나 프롬프트를 표시할 수 있습니다. 주문을 성공적으로 취소하려면 제공된 지침을 따라 주세요. 문제가 발생하거나 추가 질문이 있는 경우 [운영시간/기간] 동안 전담 지원팀이 도움을 드릴 수 있습니다. [고객센터전화번호]로 연락하시거나 [웹사이트/메뉴]에서 라이브 채팅 기능을 사용하실 수 있습니다. 안심해 주세요. 저희는 모든 단계에서 고객 만족을 보장하기 위해 최선을 다하고 있습니다.
BLN,더 이상 구매 비용을 지불할 수 없습니다. [주문/송장번호],주문,주문 취소,"주문 번호 [주문/송장번호]로 구매한 항목에 대해 결제를 할 수 없다는 생각에 공감합니다. 결제 요건도 제거되는 취소 절차를 도와드리겠습니다. 다음 단계를 따라 주세요. 1. 계정에 액세스하세요. 로그인 정보를 사용하여 [웹사이트/메뉴]에 로그인하세요. 2. 주문 찾기: ​​'[웹사이트/메뉴]' 또는 '[웹사이트/메뉴]' 섹션으로 이동하여 [주문/송장번호] 구매에 연결된 주문을 찾습니다. 3. 취소 시작: 구매와 관련된 '[웹사이트/메뉴]' 옵션을 찾으세요. 취소 절차를 시작하려면 클릭하세요. 4. 취소 확인: 시스템에서 취소 요청을 확인하라는 메시지를 표시할 수 있습니다. 절차를 완료하는 데 필요한 세부 정보나 의견을 제공해 주세요. 5. 결제 조정 : 결제가 어렵다고 말씀하셨기 때문에, 주문을 취소하시면 자동으로 결제가 취소됩니다. 미결제 요금이나 지불 의무에 대해 걱정할 필요가 없습니다. 추가 지원이 필요하거나 도중에 문제가 발생하는 경우 [운영시간/기간]에 전담 지원팀에 문의하세요. [고객센터전화번호]로 전화하거나 [웹사이트/메뉴]의 라이브 채팅을 통해 연락하실 수 있습니다. 저희는 고객 만족을 위해 최선을 다하며 원활한 해결을 보장할 것입니다."
BIL,[주문/송장번호] 구매를 취소하려면 어떻게 해야 하나요?,주문,주문 취소,구매 취소 [주문/송장번호]에 대한 안내를 구하고 계신 것으로 확인됩니다. 구매를 취소하려면 다음 단계를 따르세요. 1. 고객님의 계정에 로그인하십시오: [웹사이트/메뉴]를 방문하여 고객님의 로그인 정보를 사용하여 로그인하십시오. 2. 주문에 액세스하세요. '[웹사이트/메뉴]' 또는 '[웹사이트/메뉴]' 섹션으로 이동하세요. 3. 구매 찾기: 구매 번호가 [주문/송장번호]인 주문을 찾아 클릭하여 자세한 내용을 확인하세요. 4. 취소 시작: 구매와 관련된 '[웹사이트/메뉴]' 옵션을 찾아 선택하세요. 5. 취소 확인: 추가 단계나 안내에 따라 취소 절차를 완료합니다. 취소 과정에서 어려움이 발생하거나 추가 질문이 있는 경우 당사의 전담 고객 지원팀이 도움을 드릴 수 있습니다. [운영시간/기간] 동안 [고객센터전화번호]로 연락하거나 당사 웹사이트 [웹사이트/메뉴]의 라이브 채팅 기능을 통해 연락하실 수 있습니다. 이해해 주셔서 감사드리며 불편을 끼쳐드려 죄송합니다.
BNQ,[주문/송장번호] 주문에 대한 비용을 지불할 수 없습니다.,주문,주문 취소,"주문번호 [주문/송장번호] 주문에 대한 결제 과정에서 어려움을 겪고 있는 것으로 파악되었습니다. 이로 인해 불편을 끼쳐드려 죄송합니다. 이 문제를 해결하려면 다음 단계를 수행하는 것이 좋습니다. 1. 결제 세부정보 확인: 결제 수단, 카드 세부정보, 청구서 수신 주소 등 제공된 결제 정보를 다시 확인하세요. 2. 충분한 자금 확인: 결제에 사용할 수 있는 자금이나 신용이 충분한지 확인하세요. 3. 다시 시도: 결제에 실패한 경우 다시 결제를 시도하세요. 일시적인 문제로 인해 거래가 진행되지 않는 경우도 있습니다. 4. 대체 결제 방법: 문제가 지속되면 가능한 경우 다른 신용카드나 다른 결제 서비스 등 대체 결제 방법을 사용해 보세요. 5. 지원팀에 문의: 문제가 계속되면 고객 지원팀에 문의하세요. 그들은 지불 문제를 해결하거나 대체 옵션을 탐색하는 데 도움을 줄 수 있는 전문 지식을 갖추고 있습니다. 안심해 주세요. 저희 팀은 고객님께 가장 적합한 솔루션을 찾기 위해 최선을 다하고 있습니다. [운영시간/기간] 동안 [고객센터전화번호]로 또는 [웹사이트/메뉴]의 라이브 채팅 기능을 통해 언제든지 문의해 주세요. 고객 만족이 저희의 최우선 과제이며 고객님의 주문이 성공적으로 완료될 수 있도록 최선을 다해 도와드리겠습니다."
BKLZ,퓨어체이스 [주문/송장번호] 취소 중,주문,주문 취소,[주문/송장번호] 구매를 취소하려고 하신 것으로 확인되었습니다. 불편을 끼쳐드려 죄송합니다. 구매를 취소하려면 다음 단계를 따르세요. 1. 계정에 로그인하세요. [웹사이트/메뉴]에 로그인하여 플랫폼에 액세스하세요. 2. 주문으로 이동합니다. 로그인한 후 '[웹사이트/메뉴]' 또는 '[웹사이트/메뉴]' 섹션으로 이동합니다. 3. 구매 항목 찾기: 주문 번호 [주문/송장번호]와 관련된 구매 항목을 찾아 클릭하여 세부 정보를 확인합니다. 4. 취소 시작: 구매 세부정보 페이지에서 '[웹사이트/메뉴]' 옵션을 찾을 수 있습니다. 취소를 진행하려면 이 옵션을 선택하세요. 5. 취소 확인: 시스템에서 취소 확인 메시지를 표시할 수 있습니다. 제공된 지침을 따라 주세요. 6. 확인 수신: 취소가 성공적으로 처리되면 확인 이메일이나 알림을 받게 됩니다. 어려움이 있거나 추가 질문이 있는 경우 [운영시간/기간] 동안 [고객센터전화번호]를 통해 또는 [웹사이트/메뉴]의 라이브 채팅 기능을 통해 전담 지원 팀에 문의하실 수 있습니다. 저희는 고객 만족을 매우 중요하게 생각하며 모든 단계에서 고객님을 도와드릴 것입니다.
BEZ,주문을 취소하는 방법을 모르겠습니다. [주문/송장번호],주문,주문 취소,[주문/송장번호] 주문을 취소하는 방법을 잘 모르시는 것으로 확인되었습니다. 걱정하지 마세요. 제가 이 과정을 안내해 드리겠습니다. 주문을 취소하려면 다음 단계를 따르세요. 1. 계정에 로그인하세요. [웹사이트/메뉴]를 방문하여 로그인 정보를 사용하여 로그인하세요. 2. 주문 내역으로 이동하세요. 로그인한 후 '[웹사이트/메뉴]' 또는 '[웹사이트/메뉴]' 섹션으로 이동하세요. 3. 특정 주문을 찾습니다. 주문 번호 [주문/송장번호]와 관련된 구매를 찾습니다. 4. 취소 시작: 구매 옆에 '[웹사이트/메뉴]'라고 표시된 옵션이 있어야 합니다. 그것을 클릭하세요. 5. 추가 지침을 따라 주세요. 당사 시스템에서는 취소 확인이나 피드백 제공을 요구할 수 있습니다. 어려움이 있거나 추가 질문이 있는 경우 당사의 전담 지원팀이 도움을 드릴 준비가 되어 있습니다. [운영시간/기간] 중에 [고객센터전화번호]로 연락하거나 [웹사이트/메뉴]에서 라이브 채팅 기능을 사용할 수 있습니다. 고객 만족이 저희의 최우선 과제이며 고객님께 원활한 경험을 보장하기 위해 왔습니다.
BQ,주문을 취소하려면 어떻게 해야 할지 모르겠습니다 [주문/송장번호],주문,주문 취소,[주문/송장번호] 주문을 취소하는 단계에 대해 확신이 없으신 것으로 알고 있습니다. 절차를 안내해 드리겠습니다. 1. 계정에 액세스하세요. 먼저 로그인 정보를 사용하여 [웹사이트/메뉴]에 로그인하세요. 2. 주문 찾기: ​​'[웹사이트/메뉴]' 또는 '[웹사이트/메뉴]' 섹션으로 이동하여 구매 세부정보를 확인할 수 있습니다. 3. 특정 주문 찾기: ​​주문 번호 [주문/송장번호]를 찾아 클릭하여 자세한 내용을 확인하세요. 4. 취소 시작: 구매와 관련된 '[웹사이트/메뉴]' 옵션이 있어야 합니다. 선택해 주세요. 5. 추가 지침을 따라 주세요. 시스템에서 추가 정보나 확인을 요청하는 메시지를 표시할 수 있습니다. 요청에 따라 필요한 세부정보를 제공해 주시기 바랍니다. 어려움이 있거나 추가 질문이 있는 경우 [운영시간/기간]에 당사 전담 지원팀에 문의하실 수 있습니다. [고객센터전화번호]로 연락하시거나 [웹사이트/메뉴]에서 라이브 채팅 기능을 활용하실 수 있습니다. 안심하세요. 저희는 취소 과정 전반에 걸쳐 고객님을 도와드리고 고객 만족을 보장해 드립니다.
B,마지막 주문 취소 지원,주문,주문 취소,마지막 주문을 취소하는 데 도움이 필요하다는 점을 확인했습니다. 이로 인해 불편을 끼쳐드려 죄송합니다. 마지막 주문을 취소하려면 다음 단계를 따르세요. 1. 등록된 로그인 정보를 사용하여 [웹사이트/메뉴]에 로그인합니다. 2. 계정의 '[웹사이트/메뉴]' 또는 '[웹사이트/메뉴]' 섹션으로 이동합니다. 3. 목록에서 가장 최근 주문을 찾으세요. 마지막 주문으로 표시되어야 합니다. 4. 주문 세부정보에 액세스하려면 해당 주문을 클릭하세요. 5. '[웹사이트/메뉴]' 또는 이와 유사한 옵션을 찾으십시오. 6. 취소 옵션을 클릭하고 추가 메시지에 따라 취소 절차를 완료합니다. 문제가 발생하거나 추가 지원이 필요한 경우 주저하지 말고 지원팀에 문의하세요. [운영시간/기간]([고객센터전화번호]) 또는 당사 웹사이트([웹사이트/메뉴])의 라이브 채팅을 통해 연락하실 수 있습니다. 저희는 고객님을 돕고 고객 만족을 보장하기 위해 왔습니다.
B,주문 취소 지원 [주문/송장번호],주문,주문 취소,"최선을 다하겠습니다! [주문/송장번호] 주문을 취소하는 데 필요한 지원을 제공해 드리겠습니다. 고객님이 이 특정 주문을 취소하려고 한다는 점을 이해하며 원활하고 만족스러운 경험을 보장하고 싶습니다. 취소를 진행하려면 다음 단계를 따르세요. 1. 로그인 정보를 사용하여 [웹사이트/메뉴]에 로그인합니다. 2. '[웹사이트/메뉴]' 또는 '[웹사이트/메뉴]'로 이동합니다. 3. 주문 번호가 [주문/송장번호]인 주문을 찾아 클릭하세요. 4. '[웹사이트/메뉴]' 옵션을 찾아 선택하세요. 5. 메시지가 표시되면 필요한 정보나 취소 이유를 제공합니다. 6. 마지막으로 취소를 확인하시면 절차가 완료됩니다. 어려움이 있거나 추가 질문이 있는 경우 [운영시간/기간]에 당사의 전담 지원팀에 문의하실 수 있습니다. 즉각적인 지원을 받으려면 [고객센터전화번호]로 연락하거나 [웹사이트/메뉴]의 라이브 채팅 기능을 사용하세요. 이 과정 전반에 걸쳐 고객님의 신뢰와 협조에 감사드리며, 고객 만족을 보장하기 위해 최선을 다하고 있습니다."
BCLN,이 상품을 원하지 않습니다. 구매를 취소하세요 [주문/송장번호],주문,주문 취소,"주문 번호 [주문/송장번호]와 관련된 제품 구매를 더 이상 진행하고 싶지 않으신 것으로 확인됩니다. 불편을 드려 죄송하며, 구매취소를 도와드리겠습니다. 취소 절차를 시작하려면 다음 단계를 따르세요. 1. 계정에 로그인: [웹사이트/메뉴]에 로그인하여 플랫폼에 액세스하세요. 2. 주문으로 이동합니다. 로그인한 후 '[웹사이트/메뉴]' 또는 '[웹사이트/메뉴]' 섹션으로 이동합니다. 3. 주문 찾기: ​​[주문/송장번호] 번호의 주문을 찾아 클릭하여 세부정보를 확인하세요. 4. 취소 시작: 구매와 관련된 '[웹사이트/메뉴]' 옵션이 표시됩니다. 구매 취소를 진행하려면 이 옵션을 선택하세요. 5. 취소 확인: 시스템에서 취소 확인이나 피드백 제공을 요청할 수 있습니다. 안내에 따라 취소 절차를 완료해 주세요. 어려움이 있거나 추가 질문이 있는 경우 당사의 전담 고객 지원팀이 도움을 드릴 수 있습니다. [운영시간/기간] 중에 [고객센터전화번호]로 연락하거나 [웹사이트/메뉴]에서 라이브 채팅 기능을 사용하세요. 저희는 고객님의 신뢰를 소중히 여기며 고객 만족을 보장하기 위해 최선을 다하고 있습니다."
BM,주문 취소 관련 문제 [주문/송장번호],주문,주문 취소,"[주문/송장번호] 주문 취소 문제로 인해 불편을 끼쳐드려 죄송합니다. 이 문제가 얼마나 실망스러울 수 있는지 잘 알고 있으며 이 문제를 즉시 해결할 수 있도록 도와드리겠습니다. 원활한 취소 절차를 위해 아래 단계를 따르시기 바랍니다. 1. 계정에 로그인: [기타정보] 웹사이트에 접속하고 등록된 이메일 주소와 비밀번호를 사용하여 계정에 로그인하세요. 2. 주문으로 이동합니다. 로그인한 후 '[웹사이트/메뉴]' 또는 '[웹사이트/메뉴]' 섹션을 찾습니다. 3. 관련 주문 확인: [주문/송장번호] 번호와 관련된 주문을 찾아 클릭하여 세부정보를 확인하세요. 4. 취소 시작: '[웹사이트/메뉴]'라고 표시된 옵션을 찾아 선택하여 취소 절차를 시작합니다. 5. 필수 단계를 완료하세요. 시스템에서 취소 확인이나 피드백 제공을 요청할 수 있습니다. 프롬프트에 따라 필요한 정보를 입력해 주세요. 취소 과정에서 추가 어려움이 발생하거나 질문이 있는 경우 주저하지 말고 고객 지원팀에 문의하세요. [운영시간/기간]([고객센터전화번호]) 동안 또는 당사 웹사이트([웹사이트/메뉴])의 라이브 채팅 기능을 통해 이용 가능합니다. 불편을 끼쳐드려 죄송하며, 문제를 해결하기 위해 노력하는 동안 양해해 주셔서 감사합니다."
BLNQ,더 이상 [주문/송장번호]를 구매할 여유가 없습니다,주문,주문 취소,"고객님의 상황을 진심으로 이해하며 이로 인해 불편을 끼쳐드려 죄송합니다. 주문 번호 [주문/송장번호]로 구매를 취소하는 데 도움을 드리고 있습니다. 저희의 최우선 과제는 고객 만족을 보장하는 것이므로 고객님께 적합한 솔루션을 찾는 데 기꺼이 도움을 드리겠습니다. 앞서 안내드린 취소 절차를 따르시고, 추가 문의 사항이나 문의사항이 있는 경우 언제든지 당사 전담 지원팀에 문의해 주시기 바랍니다. [운영시간/기간]([고객센터전화번호]) 동안 또는 당사 웹사이트([웹사이트/메뉴])의 라이브 채팅을 통해 연락하실 수 있습니다. 고객님의 행복은 우리에게 중요하며, 저희는 고객님이 우리와 함께 최고의 경험을 할 수 있도록 보장하고 싶습니다."
BLZ,지원 구매 취소 [주문/송장번호],주문,주문 취소,"확실히! 구매 번호 [주문/송장번호]로 구매를 취소하는 데 도움을 드리고 있습니다. 구매 취소가 때로는 복잡한 과정이 될 수 있지만, 원활하게 안내해 드리겠습니다. 고객님의 협조로 이 문제를 신속하게 해결할 수 있습니다. 다음 단계를 따라 주세요. 1. 계정에 로그인: [웹사이트/메뉴]에 로그인하여 플랫폼에 액세스하세요. 2. 구매 찾기: 로그인한 후 '[웹사이트/메뉴]' 또는 '[웹사이트/메뉴]' 섹션으로 이동하세요. 3. 관련 구매 찾기: 구매 번호 [주문/송장번호]와 관련된 구매를 찾아 클릭합니다. 4. 취소 시작: 구매와 연결된 '[기타정보]' 옵션을 찾을 수 있습니다. 이것을 선택해 주세요. 5. 프롬프트를 따라 주세요. 시스템은 취소를 완료하기 위해 피드백이나 추가 정보를 제공하라는 메시지를 표시할 수 있습니다. 어려움이 있거나 추가 질문이 있는 경우 언제든지 전담 지원팀에 문의해 주세요. [운영시간/기간]([고객센터전화번호]) 또는 당사 웹사이트([웹사이트/메뉴])의 라이브 채팅을 통해 이용 가능합니다. 이 과정 전반에 걸쳐 이해해 주시고 기다려 주셔서 감사합니다."
B,[주문/송장번호] 주문을 취소하는 데 도움이 필요합니다.,주문,주문 취소,[주문/송장번호] 주문 취소와 관련하여 도움을 요청하신 것으로 확인됩니다. 불편을 끼쳐드려 죄송합니다. 저희 팀이 취소 절차를 도와드리겠습니다. 주문을 취소하려면 다음 단계를 따르세요. 1. [웹사이트/메뉴]에 로그인하세요. 2. '[웹사이트/메뉴]' 또는 '[웹사이트/메뉴]' 섹션으로 이동합니다. 3. 주문 번호 [주문/송장번호]로 특정 주문을 찾으십시오. 4. 세부정보에 액세스하려면 주문을 클릭하세요. 5. '[웹사이트/메뉴]' 옵션을 찾아 선택하세요. 6. 추가 메시지나 지침에 따라 취소를 완료합니다. 어려움이 있거나 추가 질문이 있는 경우 [운영시간/기간]에 당사의 전담 고객 지원팀에 문의하실 수 있습니다. [고객센터전화번호]로 연락하시거나 당사 웹사이트 [웹사이트/메뉴]에서 라이브 채팅 기능을 사용하실 수 있습니다. 저희는 고객 만족을 소중히 여기며 고객님의 주문 취소를 돕기 위해 최선을 다할 것입니다.
BPZ,주문을 어떻게 취소할 수 있는지 모르겠습니다. [주문/송장번호],주문,주문 취소,"[주문/송장번호] 번호로 주문을 취소하는 방법에 대해 잘 모르시는 것으로 확인되었습니다. 절차를 안내해 드리겠습니다. 1. 계정에 액세스하십시오. 로그인 정보를 사용하여 [기타정보]에 로그인하여 시작하십시오. 2. 주문 내역으로 이동합니다. 로그인한 후 ""[웹사이트/메뉴]"" 또는 ""[웹사이트/메뉴]"" 섹션을 찾으세요. 3. 주문 찾기: ​​주문 내역에서 특정 주문 번호 [주문/송장번호]를 검색하고 클릭하여 자세한 내용을 확인하세요. 4. 취소 시작: 주문과 관련된 ""[웹사이트/메뉴]"" 라벨이 붙은 옵션을 찾으세요. 취소 절차를 시작하려면 클릭하세요. 5. 추가 단계를 따라 주세요. 시스템은 취소를 완료하기 위해 확인 또는 추가 정보를 요청할 수 있습니다. 지시에 따라 필요한 세부 정보를 입력해 주세요. 어려움이 있거나 추가 질문이 있는 경우 [운영시간/기간]에 [고객센터전화번호]로 당사의 전담 고객 지원 팀에 문의하실 수 있습니다. [웹사이트/메뉴]의 라이브 채팅 기능을 통해 연락하실 수도 있습니다. 저희는 고객 만족을 보장하기 위해 노력하고 모든 단계에서 고객님을 도울 것입니다."
BILQ,[주문/송장번호] 구매를 어디서 취소할 수 있나요?,주문,주문 취소,[주문/송장번호] 구매 취소와 관련하여 도움이 필요하다는 사실을 확인했습니다. 취소 절차를 시작하려면 다음 단계를 따르세요. 1. 계정에 액세스하세요. 로그인 정보를 사용하여 [웹사이트/메뉴]에 로그인하세요. 2. 주문 페이지를 방문하세요. 계정 내 '[웹사이트/메뉴]' 또는 '[웹사이트/메뉴]' 섹션으로 이동하세요. 3. 관련 구매를 찾습니다. 목록에서 구매 [주문/송장번호]를 찾아 클릭하고 자세한 내용을 확인하세요. 4. 취소 시작: 구매와 관련된 '[웹사이트/메뉴]' 옵션을 찾아 선택하세요. 5. 절차를 완료하세요. 취소를 완료하려면 추가 지침이나 메시지를 따르세요. 어려움이 있거나 추가 질문이 있는 경우 [운영시간/기간]([고객센터전화번호]) 또는 [웹사이트/메뉴]의 라이브 채팅 기능을 통해 전담 고객 지원팀에 문의하실 수 있습니다. 저희는 고객 만족을 보장하기 위해 최선을 다하고 있으며 모든 단계에서 고객님을 지원할 것입니다.
BILZ,[주문/송장번호] 구매를 취소하는 것을 도와주실 수 있나요?,주문,주문 취소,"[주문/송장번호] 구매를 취소하는 데 도움을 요청하신 것으로 확인되었습니다. 이로 인해 불편을 끼쳐드려 죄송합니다. 구매를 취소하려면 다음 단계를 따르세요. 1. 로그인 정보를 사용하여 [웹사이트/메뉴]에 로그인합니다. 2. 과거 구매 내역을 확인할 수 있는 ""[웹사이트/메뉴]"" 또는 ""[웹사이트/메뉴]"" 섹션으로 이동하세요. 3. 주문 번호가 [주문/송장번호]인 구매 항목을 찾아 클릭하면 주문 세부 정보에 액세스할 수 있습니다. 4. 주문 세부정보 페이지에서 구매와 관련된 ""[웹사이트/메뉴]"" 옵션을 찾아 선택하세요. 5. 취소 절차를 완료하기 위해 나타날 수 있는 추가 메시지나 확인을 따라 주세요. 어려움이 있거나 추가 질문이 있는 경우 주저하지 말고 전담 지원팀에 문의하세요. [운영시간/기간]([고객센터전화번호]) 동안 또는 당사 웹사이트([웹사이트/메뉴])의 라이브 채팅 기능을 통해 이용 가능합니다. 저희는 고객 만족을 소중히 여기며 모든 단계에서 고객님을 도와드릴 것입니다."
BLQ,구매를 취소하려면 어떻게 해야 하는지 모르겠습니다 [주문/송장번호],주문,주문 취소,주문 번호 [주문/송장번호]로 구매를 취소하기 위해 취해야 할 단계에 대해 확신이 없으신 것으로 알고 있습니다. 절차를 안내해 드리겠습니다. 1. 계정에 액세스하세요. 먼저 로그인 정보를 사용하여 [웹사이트/메뉴]에 로그인하세요. 2. 주문 내역 찾기: 로그인한 후 '[웹사이트/메뉴]' 또는 '[웹사이트/메뉴]' 섹션으로 이동합니다. 3. 구매 확인: 주문 번호 [주문/송장번호]와 관련된 구매를 찾아 클릭하세요. 4. 취소 시작: 주문 세부정보 내에서 '[웹사이트/메뉴]' 옵션을 찾을 수 있습니다. 이 옵션을 선택해 주세요. 5. 추가 지침을 따라 주세요. 시스템에서 취소 확인이나 피드백 제공을 요구할 수 있습니다. 그에 따라 프롬프트를 따라 주세요. 어려움이 있거나 추가 질문이 있는 경우 당사의 전담 지원팀이 도움을 드릴 수 있습니다. [운영시간/기간] 중에 [고객센터전화번호]로 문의하거나 [웹사이트/메뉴]에서 라이브 채팅 기능을 활용할 수도 있습니다. 안심해 주세요. 저희는 이 과정 전반에 걸쳐 고객 만족을 보장하기 위해 최선을 다하고 있습니다.
B,주문을 취소하고 싶습니다 [주문/송장번호],주문,주문 취소,"구매 번호 [주문/송장번호]와 관련된 주문을 취소하고 싶다는 내용을 확인했습니다. 이로 인해 불편을 끼쳐드려 죄송합니다. 취소 절차를 지원하려면 다음 단계를 따르세요. 1. 로그인 정보를 사용하여 [웹사이트/메뉴]에 로그인합니다. 2. '[웹사이트/메뉴]' 또는 '[웹사이트/메뉴]' 섹션으로 이동합니다. 3. 주문 번호가 [주문/송장번호]인 주문을 찾아 클릭하여 자세한 내용을 확인하세요. 4. 구매와 관련된 '[웹사이트/메뉴]' 옵션을 찾아 선택하세요. 5. 취소를 확인하려면 시스템에서 제공하는 추가 지침이나 메시지를 따르세요. 추가 지원이 필요하거나 질문이 있는 경우 언제든지 고객 지원팀에 문의해 주세요. [운영시간/기간]([고객센터전화번호]) 동안 또는 [웹사이트/메뉴]의 라이브 채팅 기능을 통해 사용할 수 있습니다. 고객님의 양해 부탁드리며, 취소 절차로 인해 불편을 끼쳐드려 죄송합니다."
BCILNP,[주문/송장번호] 주문을 감당할 수 없습니다. 취소해 주실 수 있나요?,주문,주문 취소,"고객님이 [주문/송장번호] 주문을 감당할 여유가 없어 취소하고 싶어한다는 것을 깨달았습니다. 이로 인해 불편을 끼쳐드려 죄송합니다. 안심하세요. 제가 도와드리겠습니다. 주문을 취소하려면 다음 단계를 따르세요. 1. 계정에 액세스하세요. 로그인 정보를 사용하여 [웹사이트/메뉴]에 로그인하세요. 2. 주문 찾기: ​​'[웹사이트/메뉴]' 또는 '[웹사이트/메뉴]' 섹션으로 이동하여 주문 번호 [주문/송장번호]로 구매한 항목을 찾습니다. 3. 취소 시작: 구매와 관련된 '[웹사이트/메뉴]' 옵션을 클릭하세요. 4. 취소 확인: 시스템의 안내에 따라 취소를 확인합니다. 5. 지원 요청: 취소 과정에서 문제가 발생하거나 추가 질문이 있는 경우 주저하지 말고 전담 지원팀에 문의하세요. [운영시간/기간]([고객센터전화번호]) 중에 또는 당사 웹사이트([웹사이트/메뉴])의 라이브 채팅을 통해 연결할 수 있습니다. 고객님의 양해에 감사드리며, 고객 만족을 위해 최선을 다하겠습니다. 추가로 도움이 필요하시면 알려주시기 바랍니다."
BCEILN,마지막 상품을 구매할 여유가 없습니다. 주문을 취소하려면 어떻게 해야 하나요?,주문,주문 취소,최근 구매한 품목과 관련하여 경제성이 문제라는 점을 이해합니다. 저희의 최우선 과제는 이 문제를 해결하도록 지원하는 것입니다. 주문을 취소하고 재정적 부담을 완화하려면 다음 단계를 따라 주세요. 1. 계정에 로그인하세요. 로그인 정보를 사용하여 [웹사이트/메뉴]에 로그인하세요. 2. 주문 내역에 액세스하세요. '[웹사이트/메뉴]' 또는 '[웹사이트/메뉴]' 섹션으로 이동하여 구매 세부정보를 확인할 수 있습니다. 3. 주문 찾기: ​​마지막으로 구매한 품목을 확인하고 해당 품목을 선택하여 자세한 내용을 확인하세요. 4. 취소 시작: 주문과 관련된 '[웹사이트/메뉴]' 옵션을 찾으세요. 계속하려면 클릭하세요. 5. 피드백 제공(선택 사항): 메시지가 표시되면 취소 이유나 피드백을 자유롭게 제공하세요. 이는 서비스를 개선하는 데 도움이 됩니다. 장애물이 발생하거나 추가 지원이 필요한 경우 [운영시간/기간]에 전담 지원팀에 문의하실 수 있습니다. [고객센터전화번호]로 연락하시거나 저희 웹사이트 [웹사이트/메뉴]의 라이브 채팅을 통해 연락주세요. 저희는 고객 만족을 진심으로 소중히 여기며 고객님의 우려 사항을 효과적으로 해결하기 위해 최선을 다할 것입니다.
BLN,더 이상 [주문/송장번호] 주문을 원하지 않습니다.,주문,주문 취소,"더 이상 [주문/송장번호] 주문을 진행하고 싶지 않으신 것으로 확인되었습니다. 이로 인해 불편을 끼쳐드려 죄송합니다. 이 문제를 즉시 해결해 보겠습니다. 1. **당사에 문의**: 주문을 취소하려면 전담 고객 지원팀에 직접 문의하는 것이 가장 좋습니다. 2. **주문 세부 정보 제공**: 효율적인 지원을 위해 고객 지원 담당자에게 주문 번호 [주문/송장번호]를 제공하시기 바랍니다. 3. **취소 절차**: 저희 팀에서 취소 절차를 안내하고 고객님의 요청이 제대로 처리되었는지 확인합니다. 고객 고객님의 이해와 협조에 진심으로 감사드립니다. 추가 지원이 필요한 경우 [운영시간/기간]([고객센터전화번호])에 문의하거나 [웹사이트/메뉴]의 라이브 채팅 기능을 통해 문의하세요. 고객 만족이 저희의 최우선 과제이며, 저희는 모든 단계에서 고객님을 지원하기 위해 여기 있습니다."
BI,[주문/송장번호] 주문을 취소하도록 도와주실 수 있나요?,주문,주문 취소,"저는 주문 번호 [주문/송장번호]로 주문을 취소하는 것이 긴급하고 중요하다는 것을 확실히 인식하고 있습니다. 안심하세요. 구매 취소에 대한 모든 단계를 도와드리겠습니다. 주문을 취소하려면 다음의 간단한 단계를 따라 주세요. 1. 로그인 정보를 사용하여 [웹사이트/메뉴]에 로그인합니다. 2. 계정에서 '[웹사이트/메뉴]' 또는 '[웹사이트/메뉴]' 섹션으로 이동합니다. 3. 주문 번호가 [주문/송장번호]인 특정 구매 항목을 찾습니다. 4. 주문을 클릭하면 세부정보를 볼 수 있습니다. 5. '[웹사이트/메뉴]' 또는 이와 유사한 옵션을 찾아 클릭하세요. 6. 추가 메시지나 지침에 따라 취소 절차를 완료합니다. 취소 과정 중에 어려움이 있거나 추가 질문이 있는 경우, 주저하지 마시고 전담 고객 지원팀에 문의해 주세요. [운영시간/기간] 중에 [고객센터전화번호]로 문의하거나 [웹사이트/메뉴]에서 라이브 채팅 기능을 사용할 수 있습니다. 고객 만족이 최우선이며 고객님의 원활한 취소 경험을 보장하기 위해 노력하고 있습니다."
BCELN,이 품목을 원하지 않습니다. 주문을 취소하려고 합니다. [주문/송장번호],주문,주문 취소,고객님이 내려놓으신 물건을 제가 픽업하겠습니다. 고객님이 해당 품목을 더 이상 원하지 않기 때문에 주문 번호 [주문/송장번호]로 주문을 취소하기로 결정하셨습니다. 저희는 고객 만족을 소중히 여기며 이 문제를 해결하는 데 도움을 드리고 싶습니다. 주문을 취소하려면 다음 단계를 따르세요. 1. 계정에 액세스하세요. 로그인 정보를 사용하여 [웹사이트/메뉴]에 로그인하세요. 2. 주문 찾기: ​​로그인한 후 '[웹사이트/메뉴]' 또는 '[웹사이트/메뉴]' 섹션으로 이동하세요. 3. 관련 구매 찾기: 취소하려는 항목에 해당하는 주문 번호 [주문/송장번호]의 주문을 찾습니다. 4. 취소 시작: 특정 주문에 연결된 '[웹사이트/메뉴]' 옵션을 클릭하세요. 5. 확인 및 완료: 추가 메시지에 따라 취소를 확인하고 절차를 마무리합니다. 진행하는 동안 어려움을 겪거나 추가 질문이 있는 경우 주저하지 말고 전담 지원팀에 문의하세요. [운영시간/기간]([고객센터전화번호]) 또는 당사 웹사이트([웹사이트/메뉴])의 라이브 채팅 기능을 통해 이용 가능합니다. 저희는 고객 만족을 보장하기 위해 최선을 다하고 있으며 취소 절차 전반에 걸쳐 고객님을 지원하기 위해 최선을 다할 것입니다.
BLN,더 이상 [주문/송장번호] 주문을 감당할 수 없습니다.,주문,주문 취소,"고객님는 [주문/송장번호] 번호의 주문을 감당할 수 없다는 것을 알고 있습니다. 저희는 고객님의 우려를 소중히 여기며 고객님을 돕기 위해 왔습니다. 고객님의 상황을 더 잘 이해하고 적절한 옵션을 제공하려면 [운영시간/기간]([고객센터전화번호]) 동안 또는 당사 웹사이트([웹사이트/메뉴])의 라이브 채팅을 통해 당사 고객 지원팀에 문의해 주시기 바랍니다. 저희 팀은 고객님과 협력하여 지불 계획 조정이나 취소 대안 모색 등 실행 가능한 해결책을 찾을 것입니다. 고객 만족이 저희의 최우선 과제이며, 저희는 이 어려운 시기에 고객님을 지원하기 위해 최선을 다하고 있습니다."
BCELNW,마지막 아이템을 원하지 않습니다. 주문을 취소하세요 [주문/송장번호],주문,주문 취소,"주문 번호 [주문/송장번호]로 주문을 취소해 달라는 고객님의 요청을 접수 중입니다. 불편을 끼쳐드려 죄송합니다. 취소 절차에 도움을 받으려면 다음 단계를 따르세요. 1. 고객님의 계정에 로그인하십시오: 당사 플랫폼에 액세스하고 고객님의 로그인 정보를 사용하여 로그인하십시오. 2. ""주문 내역""으로 이동: 로그인한 후 ""주문 내역"" 또는 ""내 주문"" 섹션으로 이동합니다. 3. 주문 찾기: ​​주문 번호 [주문/송장번호]가 표시된 주문을 찾아 클릭하세요. 4. 취소 시작: 주문 세부정보 페이지에 '주문 취소' 옵션이 있습니다. 이 옵션을 선택해 주세요. 5. 취소 확인: 시스템에서 취소 확인 메시지를 표시할 수 있습니다. 세부 사항을 검토하고 요청을 확인하십시오. 어려움이 있거나 추가 질문이 있는 경우 [운영시간/기간]에 당사의 전담 고객 지원 팀이 도움을 드릴 수 있습니다. [고객센터전화번호]로 연락하시거나 [웹사이트/메뉴]의 라이브 채팅 기능을 통해 연락하실 수 있습니다. 고객 만족이 저희의 최우선 사항이며, 우리가 도와드리겠습니다!"
BIQ,[주문/송장번호] 주문을 취소하는 데 도움을 주실 수 있나요?,주문,주문 취소,고객님께서 주문 번호 [주문/송장번호]로 주문을 취소하는 데 도움을 요청하신다는 사실을 잘 알고 있습니다. 저는 고객님을 돕기 위해 여기 있습니다. 주문을 취소하려면 다음 단계를 따르세요. 1. 계정에 로그인: [웹사이트/메뉴]에 로그인하여 플랫폼에 액세스하세요. 2. 주문으로 이동합니다. 로그인한 후 '[웹사이트/메뉴]' 또는 '[웹사이트/메뉴]' 섹션으로 이동합니다. 3. 주문 찾기: ​​주문 번호가 [주문/송장번호]인 주문을 찾아 클릭하세요. 4. 취소 시작: 구매와 관련된 '[웹사이트/메뉴]' 옵션이 표시됩니다. 해당 옵션을 선택해주세요. 5. 추가 단계를 따라 주세요. 취소를 확인하기 위해 몇 가지 질문을 받을 수 있습니다. 메시지가 표시되면 필요한 정보를 입력해 주세요. 어려움이 있거나 추가 질문이 있는 경우 [운영시간/기간]에 [고객센터전화번호]로 전담 지원팀에 문의하세요. [웹사이트/메뉴]의 라이브 채팅 기능을 통해 연락하실 수도 있습니다. 고객님의 신뢰에 감사드리며 고객 만족을 위해 최선을 다하겠습니다.
BNQ,저는 [주문/송장번호] 주문을 원하지 않는다,주문,주문 취소,저는 고객님이 더 이상 주문 번호 [주문/송장번호]로 주문을 진행하고 싶지 않다는 것을 잘 알고 있습니다. 취소 절차를 도와드리겠습니다. 진행 방법은 다음과 같습니다. 1. 계정에 액세스하세요. 로그인 정보를 사용하여 [웹사이트/메뉴]에 로그인하세요. 2. 주문으로 이동하세요. 로그인한 후 '[웹사이트/메뉴]' 또는 '[웹사이트/메뉴]' 섹션으로 이동하세요. 3. 주문 찾기: ​​주문 번호 [주문/송장번호]와 관련된 구매를 찾아 클릭하고 세부 정보를 확인합니다. 4. 취소 시작: 구매에 연결된 '[웹사이트/메뉴]' 옵션을 찾아야 합니다. 선택해 주세요. 5. 추가 단계를 따라 주세요. 시스템에서 추가 확인이나 피드백을 요청할 수 있습니다. 필요한 정보를 제공해 주세요. 도중에 어려움을 겪거나 궁금한 점이 있으면 언제든지 문의해 주세요. 당사의 전담 지원팀은 [운영시간/기간]([고객센터전화번호]) 동안 또는 당사 웹사이트([웹사이트/메뉴])의 라이브 채팅 기능을 통해 연락 가능합니다. 저희는 고객 만족을 소중히 여기며 이 과정 전반에 걸쳐 고객님을 지원하기 위해 최선을 다하고 있습니다.
BCLNQZ,저는 이 제품을 원하지 않습니다. 주문 취소 [주문/송장번호],주문,주문 취소,"저는 고객님이 더 이상 이 품목의 구매를 진행하고 싶지 않으며 [주문/송장번호] 주문을 취소하고 싶어한다는 것을 이해하게 되었습니다. 불편을 끼쳐드려 죄송합니다. 취소 절차에 도움을 받으려면 다음 단계를 따르세요. 1. 계정에 액세스하세요. 로그인 정보를 사용하여 [웹사이트/메뉴]에 로그인하세요. 2. 주문 찾기: ​​로그인한 후 '[웹사이트/메뉴]' 또는 '[웹사이트/메뉴]' 섹션으로 이동하세요. 3. 관련 주문 찾기: ​​주문 번호 [주문/송장번호]와 관련된 주문을 찾아 클릭하세요. 4. 취소 시작: 구매에 연결된 '[웹사이트/메뉴]' 옵션이 표시됩니다. 이 옵션을 선택해 주세요. 5. 피드백 제공(선택 사항): 시스템에서 취소 이유를 제공하라는 메시지를 표시할 수 있습니다. 원하는 경우 언제든지 피드백을 공유해 주세요. 6. 확인 및 환불: 주문 취소 후 확인 메일이 발송되며, 환불 정책에 따라 환불이 처리됩니다. 어려움이 있거나 추가 질문이 있는 경우 [운영시간/기간]에 당사의 전담 고객 지원 팀이 도움을 드릴 수 있습니다. [고객센터전화번호]로 연락하시거나 [웹사이트/메뉴]의 라이브 채팅 기능을 통해 연락하실 수 있습니다. 고객 만족이 저희의 최우선 과제입니다. 이 과정 전반에 걸쳐 고객님의 이해와 인내심에 감사드립니다."
BCL,일부 기사를 구매했습니다. 주문 취소를 도와주세요 [주문/송장번호],주문,주문 취소,"고객님이 물품을 구매하셨으며 주문 취소 [주문/송장번호]에 대한 도움이 필요하다는 점을 인정합니다. 고객 만족이 저희의 최우선 과제이며, 고객님이 이 과정을 원활하게 진행할 수 있도록 도와드리겠습니다. 주문을 취소하려면 다음 단계를 따르세요. 1. [웹사이트/메뉴]에 로그인하세요. 2. '[웹사이트/메뉴]' 또는 '[웹사이트/메뉴]' 섹션으로 이동합니다. 3. 주문 번호 [주문/송장번호]를 찾아 클릭하여 세부 정보에 액세스하세요. 4. 구매와 관련된 '[웹사이트/메뉴]' 옵션을 찾아 선택하세요. 5. 시스템에서 메시지를 표시하는 추가 단계나 요청을 완료합니다. 도중에 어려움이 있거나 질문이 있는 경우 [운영시간/기간] 동안 [고객센터전화번호]로 전담 지원 팀을 이용할 수 있습니다. [웹사이트/메뉴]의 라이브 채팅 기능을 통해 저희에게 연락하실 수도 있습니다. 고객 만족은 우리에게 큰 의미가 있으며, 저희는 고객님께 필요한 지원을 제공하기 위해 최선을 다하고 있습니다."
BIZ,[주문/송장번호] 취소를 도와주실 수 있나요?,주문,주문 취소,"물론, 주문 번호 [주문/송장번호]로 주문을 취소하는 데 도움을 드리고 있습니다. 현재로서는 구매를 취소하는 것이 어려울 수 있다는 점을 이해합니다. 절차를 안내하고 가능한 옵션을 살펴보겠습니다. 고객님의 필요에 적합하고 만족을 보장하는 솔루션을 찾기 위해 함께 노력합시다. 고객님의 신뢰는 필수적이며, 저는 고객님께 필요한 지원을 제공하기 위해 최선을 다하고 있습니다."
BZ,주문 취소에 대한 도움말 [주문/송장번호],주문,주문 취소,"주문 취소와 관련하여 도움이 필요하신 점 양해해 주셔서 감사합니다. 절차를 안내해 드리겠습니다. 1. 계정에 액세스하세요. 로그인 정보를 사용하여 [웹사이트/메뉴]에 로그인하여 시작하세요. 2. 주문 찾기: ​​로그인한 후 ""[웹사이트/메뉴]"" 또는 ""[웹사이트/메뉴]"" 섹션으로 이동하세요. 3. 특정 주문 찾기: ​​주문 목록에서 [주문/송장번호] 번호로 주문을 식별하고 클릭합니다. 4. 취소 시작: 주문과 관련된 ""[웹사이트/메뉴]"" 옵션을 찾아 선택하세요. 5. 취소 확인: 시스템에서 취소 확인 메시지를 표시할 수 있습니다. 제공된 지침을 따라 주세요. 6. 추가 지원 요청: 문제가 발생하거나 추가 질문이 있는 경우 [운영시간/기간]에 당사의 전담 지원팀에 문의하실 수 있습니다. [고객센터전화번호]로 전화하거나 당사 웹사이트 [웹사이트/메뉴]에서 라이브 채팅 기능을 사용하여 당사에 연락할 수 있습니다. 고객 만족을 보장하기 위해 이 과정 전반에 걸쳐 고객님의 인내심과 이해에 감사드립니다."
BLNQ,저는 [주문/송장번호]를 구매하고 싶지 않습니다,주문,주문 취소,저는 [주문/송장번호] 구매를 취소하려는 고객님의 편입니다. 저희는 고객님을 돕기 위해 여기 있습니다. 구매 취소를 진행하려면 다음 단계를 따르세요. 1. 계정에 로그인하세요. [웹사이트/메뉴]에 로그인하여 플랫폼에 액세스하세요. 2. 주문 내역으로 이동: 로그인한 후 '[웹사이트/메뉴]' 또는 '[웹사이트/메뉴]' 섹션으로 이동합니다. 3. 특정 구매 찾기: 주문 번호 [주문/송장번호]와 관련된 구매를 찾아 클릭하고 자세한 내용을 확인하세요. 4. 취소 시작: 구매 세부정보에서 '[웹사이트/메뉴]' 옵션을 찾을 수 있습니다. 취소 절차를 시작하려면 선택하세요. 5. 추가 단계를 완료하세요. 플랫폼에 따라 피드백을 제공하거나 취소를 확인하라는 메시지가 표시될 수 있습니다. 취소를 성공적으로 완료하려면 메시지를 따라 주세요. 어려움이 있거나 추가 질문이 있는 경우 [운영시간/기간]([고객센터전화번호]) 또는 당사 웹사이트([웹사이트/메뉴])의 라이브 채팅을 통해 전담 지원팀에 문의하실 수 있습니다. 저희는 고객 만족을 보장하기 위해 최선을 다하고 있으며 모든 단계에서 고객님을 지원할 것입니다.
BLW,내 빌어먹을 구매 취소하는 걸 도와줘,주문,주문 취소,저도 같은 생각입니다. 고객님의 구매 취소에 대한 좌절감과 긴급함입니다. 저는 모든 단계에서 고객님을 돕기 위해 여기 있습니다. 구매를 취소하려면 다음 지침을 따라 주세요. 1. 계정에 액세스하세요. 로그인 정보를 사용하여 [웹사이트/메뉴]에 로그인하세요. 2. 구매 찾기: '[웹사이트/메뉴]' 또는 '[웹사이트/메뉴]' 섹션으로 이동하여 취소하려는 특정 구매를 찾습니다. 3. 취소 시작: 구매와 관련된 '[웹사이트/메뉴]' 옵션을 찾아 선택하세요. 4. 취소 확인: 시스템에서 취소 확인 메시지를 표시할 수 있습니다. 절차를 완료하려면 제공된 지침을 따라 주세요. 어려움이 있거나 추가 질문이 있는 경우 주저하지 말고 전담 지원팀에 문의하세요. [운영시간/기간]([고객센터전화번호]) 또는 당사 웹사이트([웹사이트/메뉴])의 라이브 채팅 기능을 통해 이용 가능합니다. 저희는 이 문제를 해결하고 고객 만족을 보장하기 위해 최선을 다하고 있습니다.
BILQ,구매취소 가능한가요 [주문/송장번호],주문,주문 취소,"확실히! [주문/송장번호] 구매를 취소하는 데 도움이 필요하다는 점을 이해하며 절차를 안내해 드리겠습니다. 고객님이 할 수 있는 일을 살펴보겠습니다: 1. 계정에 로그인하세요. 시작하려면 로그인 정보를 사용하여 [웹사이트/메뉴]에 로그인하세요. 2. 주문 내역에 액세스하세요. 로그인한 후 '[웹사이트/메뉴]' 또는 '[웹사이트/메뉴]' 섹션으로 이동하세요. 여기에서 구매 기록을 확인할 수 있습니다. 3. 특정 구매를 찾습니다. 주문 번호 [주문/송장번호]와 관련된 구매를 찾습니다. 클릭하시면 자세한 내용을 보실 수 있습니다. 4. 취소 시작: 주문 세부정보 내에서 '[웹사이트/메뉴]' 옵션이 표시됩니다. 구매 취소를 진행하시려면 여기를 클릭해주세요. 5. 추가 단계를 따라 주세요. 당사 시스템에서는 취소 절차를 완료하기 위해 추가 정보나 확인이 필요할 수 있습니다. 필요한 세부 정보를 제공하거나 제공된 지침을 따라 주세요. 문제가 발생하거나 추가 질문이 있는 경우 당사의 전담 지원팀이 도움을 드릴 수 있습니다. [운영시간/기간] 동안 [고객센터전화번호]로 연락하거나 당사 웹사이트 [웹사이트/메뉴]의 라이브 채팅 기능을 통해 연락하실 수 있습니다. 고객 만족은 우리에게 중요하며, 저희는 모든 단계에서 고객님을 지원하기 위해 최선을 다하고 있습니다."
BLZ,구매 취소에 대한 도움을 원합니다 [주문/송장번호],주문,주문 취소,[주문/송장번호] 품목 구매를 취소하는 데 도움을 요청하신 것으로 확인되었습니다. 취소 과정에서 겪으실 수 있는 어려움에 대해 사과드립니다. 안심해 주세요. 제가 안내해 드리겠습니다. 진행 방법은 다음과 같습니다. 1. 계정에 로그인: [웹사이트/메뉴]에 로그인하여 플랫폼에 액세스하세요. 2. 주문으로 이동합니다. 로그인한 후 '[웹사이트/메뉴]' 또는 '[웹사이트/메뉴]' 섹션으로 이동합니다. 3. 구매 찾기: 주문 번호 [주문/송장번호]와 관련된 구매를 찾아 클릭하고 자세한 내용을 확인하세요. 4. 취소 시작: 구매 정보 내에서 선택할 수 있는 '[웹사이트/메뉴]' 옵션이 있어야 합니다. 5. 추가 단계를 따르세요. 시스템에서 피드백을 제공하거나 취소를 확인하라는 메시지를 표시할 수 있습니다. 필수 단계를 완료하세요. 추가 문제가 발생하거나 도중에 질문이 있는 경우 당사의 전담 지원팀이 도움을 드릴 준비가 되어 있습니다. [운영시간/기간] 동안 [고객센터전화번호]로 연락하거나 당사 웹사이트 [웹사이트/메뉴]의 라이브 채팅 기능을 통해 연락하실 수 있습니다. 고객 만족이 저희의 최우선 사항이며 원활한 취소 절차를 보장하기 위해 최선을 다하겠습니다.
BCILNPQ,[주문/송장번호] 구매를 원하지 않습니다. 취소할 수 있나요?,주문,주문 취소,"주문 번호 [주문/송장번호]로 구매를 취소하고 싶다는 고객님의 의사를 이해합니다. 저희는 고객님을 돕기 위해 여기 있습니다. 취소를 시작하려면 다음 단계를 따르세요. 1. 로그인 정보를 사용하여 [웹사이트/메뉴]에 로그인합니다. 2. '[웹사이트/메뉴]' 또는 '[웹사이트/메뉴]' 섹션으로 이동합니다. 3. 주문 번호 [주문/송장번호]와 관련된 구매를 찾습니다. 클릭하시면 세부정보를 확인하실 수 있습니다. 4. 구매 세부정보에서 '[웹사이트/메뉴]' 옵션을 찾아 선택하세요. 5. 취소를 확인하기 위해 몇 가지 질문이 표시될 수 있습니다. 필요한 정보를 제공해 주십시오. 절차 전반에 걸쳐 어려움이 있거나 추가 질문이 있는 경우 [운영시간/기간] 동안 전담 지원을 받을 수 있습니다. [고객센터전화번호]로 연락하시거나 [웹사이트/메뉴]의 라이브 채팅 기능을 통해 저희와 소통하실 수 있습니다. 고객 만족은 우리에게 중요하며, 저희는 모든 단계에서 고객님을 지원하기 위해 여기 있습니다."
BCLQZ,일부 품목을 구입했습니다. 주문 취소를 도와주세요 [주문/송장번호],주문,주문 취소,"고객님께서 상품을 구매하셨으며 현재 [주문/송장번호] 번호로 주문을 취소하는 데 도움이 필요하다는 것을 확인했습니다. 안심하세요. 취소 절차를 원활하게 진행하실 수 있도록 도와드리겠습니다. 주문을 취소하려면 다음 단계를 따르세요. 1. 계정 로그인: [웹사이트/메뉴]에 접속하여 계정에 로그인하세요. 2. 주문 찾기: ​​로그인한 후 ""[웹사이트/메뉴]"" 또는 ""[웹사이트/메뉴]"" 섹션을 찾으세요. 이 섹션에서 주문 번호 [주문/송장번호]와 관련된 구매를 찾아 클릭하면 세부 정보를 볼 수 있습니다. 3. 취소 시작: 주문 세부정보 페이지에서 ""[웹사이트/메뉴]"" 옵션을 찾을 수 있습니다. 취소 절차를 시작하려면 클릭하세요. 4. 추가 지침을 따라 주세요. 시스템에서 취소를 완료하기 위해 몇 가지 후속 질문을 하거나 추가 지침을 제공할 수 있습니다. 필요한 정보를 제공하고 그에 따른 지침을 따라 주세요. 이 과정에서 어려움을 겪거나 추가 질문이 있는 경우 주저하지 말고 전담 지원팀에 문의하세요. [운영시간/기간]([고객센터전화번호]) 동안 또는 당사 웹사이트([웹사이트/메뉴])의 라이브 채팅 기능을 통해 이용 가능합니다. 이해해 주셔서 감사드리며 불편을 끼쳐드려 죄송합니다. 고객 만족이 최우선이며, 최선을 다해 도와드리겠습니다."
BQZ,[주문/송장번호] 주문을 취소하는 방법을 모르겠습니다,주문,주문 취소,"[주문/송장번호] 주문을 취소하는 방법에 대해 잘 모르신다는 점을 이해하며, 절차를 안내해 드리겠습니다. 안심하세요. 주문을 원활하게 취소하는 데 필요한 단계를 안내해 드리겠습니다. 1. 계정에 액세스하십시오. 로그인 정보를 사용하여 [웹사이트/메뉴]에 로그인하여 시작하십시오. 2. 주문 찾기: ​​로그인한 후 '[웹사이트/메뉴]' 또는 '[웹사이트/메뉴]' 섹션으로 이동하여 해당 주문을 찾으세요. 3. 목록에서 주문: [주문/송장번호] 주문 식별을 선택하고 해당 세부정보를 보려면 선택하세요. 4. 취소 시작: 구매와 관련된 '[웹사이트/메뉴]' 옵션을 찾아 클릭하여 취소 절차를 시작합니다. 5. 지침을 따라 주세요. 플랫폼에 따라 취소를 확인하거나 피드백을 제공하라는 메시지가 나타날 수 있습니다. 그에 따라 화면의 지시를 따라 주세요. 어려움이 있거나 추가 질문이 있는 경우 당사의 전담 고객 지원팀이 도움을 드릴 수 있습니다. [운영시간/기간]([고객센터전화번호]) 동안 또는 당사 웹사이트([웹사이트/메뉴])의 라이브 채팅을 통해 연락하실 수 있습니다. 고객 만족이 저희의 최우선 과제이며, 고객님께 번거로움 없는 경험을 보장하기 위해 최선을 다하고 있습니다."
BLN,[주문/송장번호]를 주문할 여유가 없습니다.,주문,주문 취소,"[주문/송장번호] 주문 비용으로 인해 재정적 부담이 발생하고 있음을 잘 알고 있습니다. 저희는 어려운 상황에 처한 고객을 지원하는 것을 목표로 합니다. 몇 가지 옵션을 함께 살펴보겠습니다. 1. 고객 지원팀에 문의: [운영시간/기간] 동안 [고객센터전화번호]로 전담 고객 지원팀에 문의하거나 당사 웹사이트 [웹사이트/메뉴]의 라이브 채팅을 통해 문의하세요. 고객님의 재정 상황을 설명하면 적절한 해결책을 찾는 데 도움이 될 것입니다. 2. 지불 계획 탐색: 경우에 따라 재정적 제약에 직면한 고객을 위해 유연한 지불 계획이나 할부 옵션을 제공합니다. 고객 지원팀에서는 사용 가능한 지불 방법에 대한 세부 정보를 제공합니다. 3. 주문 수정 고려: 정책으로 인해 전체 주문을 취소할 수 없는 경우 주문 수정 가능성을 살펴보세요. 주문 다운그레이드, 특정 품목 제거 또는 수량 조정이 옵션인지 고객 지원팀과 논의할 수 있습니다. 4. 제3자 지원 요청: 내부 옵션이 가능하지 않은 경우, 고객님의 상황에 도움을 줄 수 있는 비영리 단체, 재정 지원 프로그램 또는 지역 사회 자원으로부터 도움을 구하는 것을 고려해 보십시오. 저희는 고객을 진심으로 생각하며 고객님의 상황에 맞는 솔루션을 찾는 데 도움을 드리고 있다는 점을 기억하십시오. [고객센터전화번호] 또는 라이브 채팅을 통해 저희에게 연락하시면 가능한 최선의 방법으로 도움을 드리도록 노력하겠습니다."
BLN,[주문/송장번호] 구매를 원하지 않습니다.,주문,주문 취소,더 이상 주문 번호 [주문/송장번호]로 구매를 진행하고 싶지 않다는 사실을 확인했습니다. 저희의 최우선 순위는 고객 만족을 보장하는 것이며 취소 절차를 도와드리겠습니다. 진행 방법은 다음과 같습니다. 1. 계정에 액세스하세요. 로그인 정보를 사용하여 [웹사이트/메뉴]에 로그인하여 시작하세요. 2. 주문 찾기: ​​로그인한 후 '[웹사이트/메뉴]' 또는 '[웹사이트/메뉴]' 섹션으로 이동하세요. 3. 구매 확인: 나열된 구매 중에서 주문 번호 [주문/송장번호]를 찾아 선택하세요. 4. 취소 시작: 구매와 관련된 '[웹사이트/메뉴]' 옵션을 찾아야 합니다. 취소 절차를 시작하려면 해당 버튼을 클릭하세요. 5. 필수 단계를 모두 완료하세요. 시스템에서는 원활한 취소를 위해 추가 정보나 피드백을 제공하라는 메시지를 표시할 수 있습니다. 이에 따라 지침을 따라 주세요. 어려움이 있거나 추가 질문이 있는 경우 당사의 전담 지원팀이 도움을 드릴 수 있습니다. [운영시간/기간] 동안 [고객센터전화번호]로 연락하거나 [웹사이트/메뉴]의 라이브 채팅 기능을 통해 연락할 수 있습니다. 안심해 주세요. 저희는 고객님의 비즈니스를 소중히 여기며 고객 만족을 위해 최선을 다하고 있습니다.
BCLM,일부 품목을 구매했습니다. 주문 취소 도와주세요 [주문/송장번호],주문,주문 취소,구매를 완료하셨으며 현재 주문 번호 [주문/송장번호]를 취소하는 데 도움이 필요하신 것으로 확인됩니다. 제가 절차를 안내하고 이 문제를 해결하는 데 필요한 지원을 제공해 드리겠습니다.
B,주문 취소에 대한 도움이 필요합니다 [주문/송장번호],주문,주문 취소,주문 번호 [주문/송장번호]로 주문을 취소하는 데 도움이 필요하다는 말씀이 무슨 뜻인지 알겠습니다. 이로 인해 불편을 끼쳐드려 죄송합니다. 주문을 취소하려면 다음 단계를 따르세요. 1. 로그인 정보를 사용하여 [웹사이트/메뉴]에 로그인합니다. 2. '[웹사이트/메뉴]' 또는 '[웹사이트/메뉴]' 섹션으로 이동합니다. 3. 주문 번호가 [주문/송장번호]인 주문을 찾아 클릭하여 세부정보를 확인하세요. 4. 이 특정 주문과 관련된 '[웹사이트/메뉴]' 옵션을 찾아 선택하십시오. 5. 화면의 지시나 메시지에 따라 취소 절차를 완료합니다. 어려움이 있거나 추가 질문이 있는 경우 [운영시간/기간]([고객센터전화번호]) 동안 전담 지원팀에 문의하거나 [웹사이트/메뉴]의 라이브 채팅 기능을 통해 문의하세요. 저희는 고객님을 도와 원활한 취소 경험을 보장하기 위해 왔습니다. 이해와 협조에 감사드립니다.
BQ,주문 취소와 관련해 도움이 필요합니다 [주문/송장번호],주문,주문 취소,"주문 번호 [주문/송장번호]로 주문을 취소하는 데 도움이 필요한 것으로 확인되었습니다. 안심하세요. 제가 이 과정을 도와드리겠습니다. 주문을 취소하려면 다음 단계를 따르세요. 1. 로그인 정보를 사용하여 [웹사이트/메뉴]에 로그인합니다. 2. '[웹사이트/메뉴]' 또는 '[웹사이트/메뉴]' 섹션으로 이동합니다. 3. 주문 번호 [주문/송장번호]와 관련된 특정 구매를 찾습니다. 4. 구매를 클릭하여 세부정보를 엽니다. 5. '[웹사이트/메뉴]'라고 표시된 옵션을 찾아 선택하세요. 6. 추가 메시지를 따르거나 필요한 피드백을 제공하여 취소 절차를 완료합니다. 어려움이 있거나 추가 질문이 있는 경우 주저하지 말고 전담 지원팀에 문의하세요. [운영시간/기간] 중에 [고객센터전화번호]로 문의하거나 [웹사이트/메뉴]에서 라이브 채팅을 시작할 수 있습니다. 저희는 고객 만족을 보장하기를 원하며, 모든 단계에서 고객님을 도와드릴 것입니다."
BLN,구매 비용을 지불할 수 없습니다 [주문/송장번호],주문,주문 취소,"구매하신 [주문/송장번호] 결제에 어려움을 겪고 계신 현실을 잘 알고 있습니다. 불편을 끼쳐드려 죄송합니다. 저희 팀은 이 문제를 즉시 해결할 수 있도록 도와드립니다. 이 문제를 해결하려면 다음 단계를 따르세요. 1. 결제 정보 확인: 사용 중인 결제 수단이 유효하고, 잔액이 충분하며, 만료되지 않았는지 확인하세요. 2. 대체 방법을 시도해 보십시오. 현재 결제 방법이 작동하지 않으면 사용 가능한 대체 방법을 시도해 보십시오. 3. 고객 지원팀에 문의: 문제가 지속되는 경우 당사의 전담 고객 지원팀에 문의하시면 추가 지원을 받으실 수 있습니다. [운영시간/기간] 동안 [고객센터전화번호]로 고객 지원팀에 연락하실 수 있습니다. 또는 당사 웹사이트 [웹사이트/메뉴]에서 라이브 채팅 기능을 사용하여 당사에 연락하실 수도 있습니다. 저희는 고객님을 위해 이 문제를 해결하는 것이 중요하다는 것을 이해하고 있으며, 해결책을 찾기 위해 노력하는 동안 기다려 주셔서 감사합니다."
BELN,[주문/송장번호] 구매를 원하지 않습니다,주문,주문 취소,"고객님의 메시지에서 고객님는 더 이상 [주문/송장번호] 품목 구매를 진행하고 싶지 않다는 것을 추론했습니다. 저희는 고객님의 결정을 소중히 여기며 고객님의 주문을 취소할 수 있도록 도와드리겠습니다. 원활한 취소 절차를 위해 다음 단계를 따르세요. 1. 로그인 정보를 사용하여 [웹사이트/메뉴]에 로그인합니다. 2. 계정 내에서 '[웹사이트/메뉴]' 또는 '[웹사이트/메뉴]' 섹션을 찾으세요. 3. 주문 번호 [주문/송장번호]와 관련된 구매를 찾아 클릭하여 자세한 내용을 확인하세요. 4. '[웹사이트/메뉴]'라고 표시된 옵션을 찾아 선택하여 취소 절차를 시작합니다. 5. 추가 단계를 완료하거나 시스템에서 메시지를 표시하는 필수 피드백을 제공합니다. 어려움이 있거나 추가 질문이 있는 경우 [운영시간/기간]에 당사의 전담 지원팀에 문의하세요. [고객센터전화번호]로 연락하시거나 [웹사이트/메뉴]의 라이브 채팅 기능을 통해 연락하실 수 있습니다. 고객 만족이 저희의 최우선 과제이며, 저희는 고객님께 번거로움 없는 경험을 보장하기 위해 왔습니다."
BKLZ,구매 취소732201349959,주문,주문 취소,"주문 번호 [주문/송장번호]로 구매를 취소하는 데 도움이 필요하신 경우 도와드리겠습니다. 안심하세요. 제가 절차를 안내해 드리겠습니다. 구매를 취소하려면 다음 단계를 따르세요. 1. 고객님의 계정에 로그인하십시오: [웹사이트/메뉴]를 방문하여 고객님의 로그인 정보를 사용하여 로그인하십시오. 2. 주문 내역에 액세스하세요. 로그인한 후 '[웹사이트/메뉴]' 또는 '[웹사이트/메뉴]' 섹션으로 이동하세요. 3. 특정 구매 항목을 찾습니다. [주문/송장번호] 번호로 표시된 주문을 찾아 클릭하고 자세한 내용을 확인하세요. 4. 취소 시작: 구매 세부정보 내에서 '[웹사이트/메뉴]' 옵션을 찾을 수 있습니다. 계속하려면 이것을 선택하세요. 5. 취소 확인: 시스템에서 취소 확인을 요구할 수 있습니다. 절차를 완료하려면 프롬프트를 따라 주세요. 문제가 발생하거나 추가 질문이 있는 경우 당사의 전담 지원팀이 도움을 드릴 수 있습니다. [운영시간/기간] 중에 [고객센터전화번호]로 연락하거나 [웹사이트/메뉴]에서 라이브 채팅을 활용할 수 있습니다. 고객 만족이 최우선이며, 취소 절차 전반에 걸쳐 고객님의 이해와 인내심에 감사드립니다."
BEL,구매취소 방법을 모르겠습니다 [주문/송장번호],주문,주문 취소,[주문/송장번호] 구매를 취소하는 방법에 대해 잘 모르신다는 생각에 공감합니다. 절차를 안내해 드리겠습니다. 1. 계정에 액세스하세요. 로그인 정보를 사용하여 [웹사이트/메뉴]에 로그인하세요. 2. 주문 내역 찾기: 로그인한 후 '[웹사이트/메뉴]' 또는 '[웹사이트/메뉴]' 섹션으로 이동하세요. 3. 구매 확인: 주문 번호 [주문/송장번호]와 관련된 특정 구매를 찾습니다. 4. 취소 시작: 구매 세부정보에서 '[웹사이트/메뉴]' 옵션을 찾을 수 있습니다. 그것을 클릭하세요. 5. 지침을 따라 주세요. 플랫폼에 따라 취소를 확인하거나 피드백을 제공하라는 메시지가 나타날 수 있습니다. 어려움이 있거나 추가 질문이 있는 경우 주저하지 말고 전담 지원팀에 문의하세요. [운영시간/기간] 동안 [고객센터전화번호]로 연락하거나 [웹사이트/메뉴]의 라이브 채팅 기능을 통해 연락하실 수 있습니다. 저희는 고객 만족을 보장하기 위해 최선을 다하고 있으며 모든 단계에서 고객님을 지원할 것입니다.
BLZ,구매를 취소하는 데 도움이 필요합니다370795561790,주문,주문 취소,주문 번호 [주문/송장번호]와 관련된 구매를 취소하는 데 도움이 필요하다는 것을 알게 되었습니다. 안심하세요. 원활한 취소 경험을 보장하기 위한 절차를 안내해 드리겠습니다. 따라야 할 단계는 다음과 같습니다. 1. 계정에 로그인하십시오. 로그인 정보를 사용하여 [웹사이트/메뉴]에 로그인하여 시작하십시오. 2. 주문 내역에 액세스하세요. 로그인한 후 '[웹사이트/메뉴]' 또는 '[웹사이트/메뉴]' 섹션을 찾아 클릭하세요. 3. 관련 구매 찾기: 주문 번호 [주문/송장번호]와 관련된 구매를 찾습니다. 클릭하시면 주문내역을 보실 수 있습니다. 4. 취소 시작: 주문 세부정보 페이지에서 '[웹사이트/메뉴]' 옵션을 찾으세요. 취소 절차를 시작하려면 해당 버튼을 클릭하세요. 5. 추가 단계를 따라 주세요. 시스템에서 취소를 확인하거나 피드백을 제공하라는 메시지를 표시할 수 있습니다. 제공된 지침을 따라 주세요. 절차 중에 어려움이 발생하거나 추가 질문이 있는 경우 [운영시간/기간]에 전담 지원팀이 도움을 드릴 수 있습니다. [고객센터전화번호]로 연락하시거나 당사 웹사이트 [웹사이트/메뉴]에서 라이브 채팅을 하실 수 있습니다. 저희는 고객 만족을 소중히 여기며 고객님께 필요한 지원을 제공해 드리겠습니다.
BCILN,[주문/송장번호] 구매를 결제할 수 없습니다. 취소하려면 어떻게 해야 하나요?,주문,주문 취소,"[주문/송장번호] 구매 결제에 어려움을 겪고 계신 것으로 알고 있으며, 불편을 끼쳐드려 죄송합니다. 구매를 취소해도 결제 문제가 직접 해결되지 않을 수 있지만 취소 절차를 안내해 드리겠습니다. 구매를 취소하면 추가 비용이나 문제를 피할 수 있습니다. 진행 방법은 다음과 같습니다. 1. 계정에 로그인하세요. [웹사이트/메뉴]에 로그인하여 플랫폼에 액세스하세요. 2. 주문으로 이동합니다. 일단 들어가면 '[웹사이트/메뉴]' 또는 '[웹사이트/메뉴]' 탭으로 이동합니다. 3. 주문 찾기: ​​이 섹션에는 주문 번호 [주문/송장번호]의 구매 내역이 표시됩니다. 그것을 클릭해 주세요. 4. 취소 시작: 구매와 관련된 '[웹사이트/메뉴]' 옵션이 표시됩니다. 이것을 선택해 주세요. 5. 추가 단계를 완료하세요. 시스템에서는 피드백을 확인하거나 제공하기 위해 몇 가지 질문을 할 수 있습니다. 안내에 따라 완료해주세요. 구매를 취소하면 즉각적인 우려를 완화하는 데 도움이 될 수 있지만 결제 지원팀에 연락하여 결제 문제를 직접 해결하는 것이 좋습니다. 그들은 결제 문제를 해결하는 데 도움을 주고 원활한 경험을 보장할 것입니다. [운영시간/기간] 중에 [고객센터전화번호]로 연락하거나 [웹사이트/메뉴]에서 라이브 채팅 기능을 사용할 수 있습니다. 고객님의 이해에 감사드리며, 모든 단계에서 고객님을 지원하기 위해 최선을 다하고 있습니다."
BCINPQZ,주문을 원하지 않습니다 [주문/송장번호] 취소할 수 있도록 도와주세요,주문,주문 취소,주문 번호 [주문/송장번호]로 주문을 취소하는 데 도움을 요청하신다는 점을 충분히 이해합니다. 안심하세요. 제가 도와드리겠습니다. 취소를 진행하려면 다음 단계를 따르세요. 1. 계정에 로그인: [웹사이트/메뉴]에 로그인하여 플랫폼에 액세스하세요. 2. 주문 찾기: ​​로그인한 후 '[웹사이트/메뉴]' 또는 '[웹사이트/메뉴]' 섹션으로 이동하세요. 3. 특정 주문 찾기: ​​주문 번호가 [주문/송장번호]인 주문을 찾아 클릭하면 세부 정보를 볼 수 있습니다. 4. 취소 시작: 주문 세부정보에 '[웹사이트/메뉴]' 옵션이 표시됩니다. 취소 절차를 시작하려면 해당 항목을 선택하세요. 5. 추가 단계를 따라 주세요. 취소를 위해 시스템에서 몇 가지 질문을 하거나 추가 정보를 요구할 수 있습니다. 절차를 성공적으로 완료하려면 제공된 지침을 따라 주세요. 어려움이 있거나 추가 질문이 있는 경우 [운영시간/기간]([고객센터전화번호]) 또는 당사 웹사이트([웹사이트/메뉴])의 라이브 채팅을 통해 전담 고객 지원팀에 문의하실 수 있습니다. 고객님의 이해에 감사드리며 이 과정 전반에 걸쳐 고객 만족을 보장하기 위해 최선을 다하고 있습니다.
BCELN,[주문/송장번호] 주문을 감당할 수 없습니다. 취소하는 데 도움이 필요합니다.,주문,주문 취소,저는 [주문/송장번호] 주문과 관련하여 경제성이 고객님의 관심사라는 것을 분명히 알고 있습니다. 취소하실 수 있도록 도와드리겠습니다. 취소 절차를 시작하려면 다음 단계를 따르세요. 1. 로그인 정보를 사용하여 [웹사이트/메뉴]에 로그인합니다. 2. '[웹사이트/메뉴]' 또는 '[웹사이트/메뉴]' 섹션으로 이동합니다. 3. 번호가 [주문/송장번호]인 주문을 찾아 클릭하세요. 4. '[웹사이트/메뉴]'라고 표시된 옵션을 찾아 선택하세요. 5. 추가 지침이나 메시지에 따라 취소를 완료하세요. 추가 질문이 있거나 추가 지원이 필요한 경우 당사 전담 지원팀 [운영시간/기간]에 문의하세요. [고객센터전화번호]로 연락하시거나 당사 웹사이트 [웹사이트/메뉴]의 라이브 채팅 기능을 통해 연락하실 수 있습니다. 저희는 고객님의 경험이 가능한 한 만족스러운지 확인하고 싶습니다.
BCLNQZ,[주문/송장번호] 주문에 대해 더 이상 지불할 수 없습니다. 취소하세요,주문,주문 취소,고객님이 재정적인 어려움을 겪고 있어 [주문/송장번호] 주문에 대한 결제를 진행할 수 없다는 것을 깨달았습니다. 걱정하지 마세요. 취소하실 수 있도록 도와드리겠습니다. 취소 절차를 시작하려면 다음 단계를 따르세요. 1. 계정에 로그인: [웹사이트/메뉴]에 로그인하여 플랫폼에 액세스하세요. 2. 주문으로 이동합니다. 로그인한 후 '[웹사이트/메뉴]' 또는 '[웹사이트/메뉴]' 섹션으로 이동합니다. 3. 주문 찾기: ​​[주문/송장번호] 구매와 관련된 주문을 찾아 클릭하고 자세한 내용을 확인하세요. 4. 취소 시작: 구매와 관련된 '[웹사이트/메뉴]' 옵션이 표시됩니다. 취소를 진행하려면 이것을 선택하세요. 5. 취소 확인: 시스템에서 취소 요청을 확인하도록 요청할 수 있습니다. 계속해서 필요한 확인을 제공해 주세요. 어려움에 직면하거나 추가 질문이 있는 경우 당사의 전담 지원팀이 도움을 드릴 수 있습니다. [운영시간/기간]([고객센터전화번호]) 동안 또는 당사 웹사이트([웹사이트/메뉴])의 라이브 채팅 기능을 통해 문의하실 수 있습니다. 저희는 어려운 상황을 이해하고 있으며 모든 단계에서 고객님을 지원하기 위해 여기 있습니다.
BELP,구매를 어떻게 취소할 수 있는지 모르겠습니다. [주문/송장번호],주문,주문 취소,주문 번호 [주문/송장번호]로 구매를 취소하는 방법을 잘 모르시는 것으로 확인되었습니다. 저는 고객님을 돕기 위해 여기 있습니다. 구매를 취소하려면 다음 단계를 따르세요. 1. 계정에 로그인하세요. 로그인 정보를 사용하여 [웹사이트/메뉴]에 로그인하세요. 2. 주문 찾기: ​​로그인한 후 계정의 '[웹사이트/메뉴]' 또는 '[웹사이트/메뉴]' 섹션으로 이동하세요. 3. 특정 구매 찾기: 주문 번호 [주문/송장번호]와 관련된 구매를 찾아 클릭하여 세부 정보를 확인합니다. 4. 취소 절차를 시작하세요. 주문 세부정보에서 '[웹사이트/메뉴]' 옵션을 찾으세요. 취소 절차를 시작하려면 해당 옵션을 선택하세요. 5. 추가 지침을 따라 주세요. 시스템에 따라 추가 단계를 묻는 메시지가 표시되거나 취소를 완료하기 위해 피드백을 제공해야 할 수도 있습니다. 절차 중에 어려움이 발생하거나 추가 질문이 있는 경우 당사의 전담 지원팀이 도움을 드릴 수 있습니다. [운영시간/기간] 동안 [고객센터전화번호]로 언제든지 연락하시거나 [웹사이트/메뉴]에서 라이브 채팅 기능을 사용하세요. 고객님의 신뢰에 감사드리며 취소 절차 전반에 걸쳐 고객 만족을 보장하는 것을 목표로 하고 있습니다.
BEQ,[주문/송장번호] 주문을 어떻게 취소할 수 있는지 모르겠습니다.,주문,주문 취소,저도 같은 생각입니다. 주문번호 [주문/송장번호]로 주문을 취소하는 방법에 대해 혼란을 겪고 계십니다. 절차를 안내해 드리겠습니다. 1. 계정에 로그인하세요. 먼저 로그인 정보를 사용하여 [웹사이트/메뉴]에 로그인하세요. 2. 주문 찾기: ​​'[웹사이트/메뉴]' 또는 '[웹사이트/메뉴]' 섹션으로 이동하세요. 3. 주문 찾기: ​​주문 번호 [주문/송장번호]가 포함된 특정 주문을 찾아 클릭하세요. 4. 취소 시작: 주문 세부정보 내에서 '[웹사이트/메뉴]' 옵션이 표시됩니다. 취소 절차를 시작하려면 해당 항목을 선택하세요. 5. 취소 확인: 시스템에서 확인이나 추가 세부정보를 요청할 수 있습니다. 메시지가 나타나면 필요한 정보를 입력해 주세요. 어느 시점에서든 어려움이 발생하거나 추가 질문이 있는 경우 [운영시간/기간]([고객센터전화번호]) 또는 당사 웹사이트([웹사이트/메뉴])의 라이브 채팅을 통해 전담 지원팀에 문의하실 수 있습니다. 저희는 고객님의 문의 사항을 해결하고 만족을 보장할 수 있도록 도와드립니다.
BCLN,이 항목에 대해 결제할 수 없습니다. 주문을 취소하세요. [주문/송장번호],주문,주문 취소,저는 이 품목에 대한 비용을 지불할 수 없는 상황과 [주문/송장번호] 주문을 취소해야 하는 상황의 긴급성과 불만을 이해합니다. 이 문제를 신속하게 해결할 수 있도록 도와드리겠습니다. 주문을 취소하려면 다음 단계를 따르세요. 1. 로그인 정보를 사용하여 [웹사이트/메뉴]에 로그인합니다. 2. '[웹사이트/메뉴]' 또는 '[웹사이트/메뉴]' 섹션으로 이동합니다. 3. 번호가 [주문/송장번호]인 주문을 찾아 클릭하세요. 4. 구매와 관련된 '[웹사이트/메뉴]' 옵션을 찾아 선택하세요. 5. 추가 메시지나 지침에 따라 취소 절차를 완료합니다. 추가 질문이 있거나 어려움이 있는 경우 주저하지 말고 전담 고객 지원팀에 문의하세요. [운영시간/기간] 중에 [고객센터전화번호]로 문의하거나 당사 웹사이트 [웹사이트/메뉴]에서 라이브 채팅에 참여할 수 있습니다. 이 문제를 해결하기 위해 노력하는 동안 양해해 주셔서 감사합니다.
BQZ,도움을 원합니다 주문 취소 [주문/송장번호],주문,주문 취소,"주문 번호 [주문/송장번호]에 대한 주문을 취소하는 데 도움을 요청하신 것으로 확인되었습니다. 고객님의 요청은 우리에게 중요하며, 저희는 이 과정을 통해 고객님을 도와드릴 것입니다. 주문을 취소하려면 다음의 간단한 단계를 따라 주세요. 1. 로그인 정보를 사용하여 [웹사이트/메뉴]에 로그인합니다. 2. '[웹사이트/메뉴]' 또는 '[웹사이트/메뉴]' 섹션으로 이동합니다. 3. 주문 번호가 [주문/송장번호]인 주문을 찾아 클릭하여 세부정보를 확인하세요. 4. 주문 세부정보에서 '[웹사이트/메뉴]' 옵션을 찾으세요. 취소 절차를 시작하려면 클릭하세요. 5. 시스템에서 추가 정보나 확인을 요청하는 메시지를 표시할 수 있습니다. 6. 취소 요청이 성공적으로 완료되면 확인 이메일을 받게 됩니다. 어려움이 있거나 추가 지원이 필요한 경우 [운영시간/기간]에 [고객센터전화번호] 전담 지원팀에 주저하지 말고 문의하세요. [웹사이트/메뉴]의 라이브 채팅을 통해 도움을 받으실 수도 있습니다. 고객 만족을 최우선으로 생각하며, 이 문제를 신속하고 효과적으로 해결하기 위해 최선을 다하고 있습니다."
BLZ,구매를 취소하려고 합니다. [주문/송장번호],주문,주문 취소,구매 번호 [주문/송장번호]로 구매를 취소하려고 하신다는 말씀이 분명하게 들렸습니다. 성공적으로 취소하는 데 필요한 단계를 안내해 드리겠습니다. 1. 계정 로그인: [웹사이트/메뉴]를 사용하여 계정에 로그인하세요. 2. 주문 세부 정보 찾기: 로그인한 후 '[웹사이트/메뉴]' 또는 '[웹사이트/메뉴]' 섹션으로 이동합니다. 3. 문제의 구매 항목 찾기: 주문 번호 [주문/송장번호]와 관련된 구매 항목을 찾아 클릭하세요. 4. 취소 절차를 시작합니다. '[기타정보]' 또는 이와 유사한 옵션이 표시되어야 합니다. 취소를 진행하시려면 선택해 주세요. 5. 추가 지침을 따라 주세요. 시스템에 따라 취소를 확인하거나 피드백을 제공하라는 메시지가 나타날 수 있습니다. 이에 따라 지침을 따라 주세요. 진행 중에 어려움이 있거나 추가 질문이 있는 경우 언제든지 전담 지원팀에 문의해 주세요. [운영시간/기간]([고객센터전화번호]) 또는 [웹사이트/메뉴]의 라이브 채팅 기능을 통해 문의해 주세요. 저희는 모든 단계에서 고객님을 돕기 위해 여기 있습니다. 고객 만족이 저희의 최우선 사항입니다.
BCL,일부 상품을 구매했는데 주문 취소 [주문/송장번호],주문,주문 취소,"주문 번호 [주문/송장번호]에 연결된 주문을 취소하는 데 도움을 요청하신 것으로 확인되었으며, 처리 과정을 도와드리겠습니다. 이 문제를 신속하게 해결하기 위해 함께 노력합시다. 주문을 취소하려면 다음 단계를 따르세요. 1. 계정에 액세스하세요. 로그인 정보를 사용하여 [웹사이트/메뉴]에 로그인하여 시작하세요. 2. 주문 내역으로 이동: 로그인한 후 ""[웹사이트/메뉴]"" 또는 ""[웹사이트/메뉴]"" 섹션을 찾으세요. 3. 특정 주문 찾기: ​​주문 내역 섹션에서 [주문/송장번호] 번호에 연결된 주문을 검색하고 클릭합니다. 4. 취소를 시작합니다. 주문 세부정보에 ""[웹사이트/메뉴]"" 또는 이와 유사한 옵션이 있어야 합니다. 클릭하시면 주문취소가 진행됩니다. 5. 절차를 완료하세요. 취소를 완료하려면 시스템에서 제공하는 추가 메시지나 지침을 따르세요. 취소 과정에서 어려움을 겪거나 추가 질문이 있는 경우 주저하지 말고 전담 지원팀에 문의하세요. [운영시간/기간] 동안 [고객센터전화번호]로 문의하거나 당사 웹사이트 [웹사이트/메뉴]에서 라이브 채팅 기능을 활용할 수 있습니다. 저희는 고객 만족을 보장하기 위해 최선을 다하고 있으며 모든 단계에서 고객님을 지원하기 위해 최선을 다하고 있습니다."
BIQZ,아 주문을 취소하려면 [주문/송장번호],주문,주문 취소,주문 번호 [주문/송장번호]로 주문을 취소하는 방법에 대한 정보를 찾고 계신 것으로 확인되었습니다. 저희 팀은 이 과정에서 고객님을 돕기 위해 왔습니다. 주문을 취소하려면 다음 단계를 따르세요. 1. 계정에 로그인: [웹사이트/메뉴]에 로그인하여 플랫폼에 액세스하세요. 2. 주문 내역으로 이동: 로그인한 후 '[웹사이트/메뉴]' 또는 '[웹사이트/메뉴]' 섹션으로 이동하세요. 3. 주문 찾기: ​​특정 주문 번호 [주문/송장번호]가 있는 주문을 찾아 클릭하세요. 4. 취소를 시작합니다. 주문 세부정보에서 '[웹사이트/메뉴]' 옵션을 찾을 수 있습니다. 취소 절차를 시작하려면 해당 옵션을 선택하세요. 5. 취소 확인: 시스템은 고객님께 몇 가지 추가 정보를 제공하거나 결정을 확인하도록 요구할 수 있습니다. 프롬프트에 따라 필요한 세부 정보를 입력해 주세요. 6. 확인 수신: 취소가 완료되면 주문 취소를 알리는 확인 이메일이나 알림을 받게 됩니다. 어려움이 있거나 추가 질문이 있는 경우 당사의 전담 고객 지원팀이 도움을 드릴 수 있습니다. [운영시간/기간] 동안 [고객센터전화번호]로 연락하거나 [웹사이트/메뉴]의 라이브 채팅 기능을 통해 연락하실 수 있습니다. 저희는 고객 만족을 소중히 여기며 고객님께 필요한 지원을 제공하기 위해 최선을 다하고 있습니다.
BIL,[주문/송장번호] 구매를 어디서 취소하나요?,주문,주문 취소,바로 처리하겠습니다! [주문/송장번호] 구매를 취소하기 위해 특정 위치를 찾고 계신 것으로 확인되었습니다. 다음 단계를 안내해 드리겠습니다. 1. 계정에 로그인하십시오. 로그인 정보를 사용하여 [웹사이트/메뉴]에 로그인하여 시작하십시오. 2. 주문에 액세스하세요. 로그인한 후 '[웹사이트/메뉴]' 또는 '[웹사이트/메뉴]' 섹션으로 이동하세요. 3. 구매 찾기: 주문 번호 [주문/송장번호]로 구매를 찾아 선택합니다. 4. 취소 시작: 구매 세부정보에서 '[웹사이트/메뉴]' 옵션을 찾으세요. 5. 프롬프트를 따라 주세요. 시스템은 취소를 확인하기 위해 몇 가지 질문을 할 수 있습니다. 프롬프트에 따라 절차를 완료하십시오. 어떤 어려움이 발생할 경우 저희 팀이 항상 도움을 드릴 수 있다는 것을 기억하세요. [운영시간/기간] 동안 [고객센터전화번호]로 또는 [웹사이트/메뉴]의 라이브 채팅 기능을 통해 언제든지 문의해 주세요. 고객 만족이 저희의 최우선 사항입니다.
BZ,주문 취소에 관해 질문이 있습니다 [주문/송장번호],주문,주문 취소,주문 번호 [주문/송장번호]로 주문을 취소하는 것과 관련하여 질문이 있으신 것으로 알고 있습니다. 저는 고객님이 가질 수 있는 모든 우려 사항이나 질문에 도와드리겠습니다. 구체적인 질문이나 의심되는 점을 알려주시면 필요한 정보와 안내를 제공해 드리겠습니다.
BLP,구매를 취소하고 싶습니다 [주문/송장번호],주문,주문 취소,주문 번호 [주문/송장번호]와 관련된 구매를 취소하고 싶다는 연락을 받았습니다. 이로 인해 불편을 끼쳐드려 죄송합니다. 취소를 진행하려면 다음의 간단한 단계를 따라 주세요. 1. 계정에 로그인: [웹사이트/메뉴]에 로그인하여 플랫폼에 액세스하세요. 2. 주문으로 이동합니다. 로그인한 후 '[웹사이트/메뉴]' 또는 '[웹사이트/메뉴]' 섹션을 찾으세요. 3. 특정 구매 항목을 찾습니다. 이 섹션에서 주문 번호 [주문/송장번호]로 구매 항목을 검색하고 클릭합니다. 4. 취소 시작: 구매와 관련된 '[웹사이트/메뉴]' 옵션을 찾아 선택하세요. 5. 취소 확인: 시스템에서 확인이나 추가 피드백을 요청할 수 있습니다. 필수 정보를 제공해 주세요. 어려움이 있거나 추가 질문이 있는 경우 [운영시간/기간] 동안 [고객센터전화번호]를 통해 또는 당사 웹사이트 [웹사이트/메뉴]의 라이브 채팅 옵션을 통해 전담 고객 지원팀에 문의하실 수 있습니다. 저희는 고객님께 우수한 서비스를 제공하고 취소 절차 전반에 걸쳐 고객 만족을 보장하기 위해 최선을 다하고 있습니다.
BZ,주문 취소를 도와주세요 [주문/송장번호],주문,주문 취소,주문 번호 [주문/송장번호]로 주문을 취소하는 데 도움이 필요하다고 확인합니다. 주문을 취소하고 싶을 때 당황스러우시겠지만 걱정하지 마세요. 제가 절차를 도와드리겠습니다. 다음 단계를 따라 주세요. 1. 계정에 로그인: [웹사이트/메뉴]에 로그인하여 플랫폼에 액세스하세요. 2. 주문 찾기: ​​로그인한 후 '[웹사이트/메뉴]' 또는 '[웹사이트/메뉴]' 섹션으로 이동합니다. 3. 관련 주문 찾기: ​​주문 번호 [주문/송장번호]로 구매를 찾아 클릭합니다. 4. 취소 시작: 주문 세부정보에서 '[웹사이트/메뉴]' 옵션을 확인해야 합니다. 계속하려면 이것을 선택하세요. 5. 취소 확인: 시스템에서 취소 확인을 요청할 수 있습니다. 절차를 완료하는 데 필요한 세부 정보를 제공해 주세요. 도중에 어려움이 있거나 추가 질문이 있는 경우 당사의 전담 지원팀이 항상 도움을 드릴 수 있습니다. [운영시간/기간] 중에 [고객센터전화번호]로 연락하거나 [웹사이트/메뉴]에서 라이브 채팅 기능을 사용할 수 있습니다. 저희는 고객 만족을 보장하고 고객님이 가질 수 있는 모든 우려 사항을 해결하기 위해 최선을 다하고 있습니다.
BEQ,주문을 취소하려면 어떻게 해야 할지 모르겠습니다. [주문/송장번호],주문,주문 취소,주문 번호 [주문/송장번호]로 구매를 취소하기 위해 취해야 할 조치에 대해 확신이 없으신가요? 걱정하지 마세요. 제가 이 과정을 안내하는 데 도움을 드리고 있습니다. 주문을 취소하려면 다음의 간단한 단계를 따라 주세요. 1. 로그인 정보를 사용하여 [웹사이트/메뉴]에 로그인합니다. 2. 이전 구매 내역을 모두 볼 수 있는 '[웹사이트/메뉴]' 또는 '[웹사이트/메뉴]' 섹션으로 이동하세요. 3. 번호가 [주문/송장번호]인 주문을 찾아 클릭하여 주문 세부정보에 액세스하세요. 4. 주문 세부정보에서 '주문 취소' 또는 '취소 요청' 옵션을 찾을 수 있습니다. 해당 옵션을 선택해주세요. 5. 시스템에서 취소를 확인하거나 추가 정보를 제공하라는 메시지를 표시할 수 있습니다. 필요한 세부정보를 제공하거나 지시에 따라 취소를 확인하시기 바랍니다. 절차 전반에 걸쳐 문제가 발생하거나 추가 질문이 있는 경우 당사의 전담 고객 지원팀이 도움을 드릴 수 있습니다. [운영시간/기간] 중에 [고객센터전화번호]로 문의하시거나 [웹사이트/메뉴]에서 라이브 채팅 기능을 활용해 주세요. 저희는 고객 만족을 보장하기 위해 존재하며 서비스에 대한 고객님의 신뢰를 소중히 여깁니다.
BCILN,더 이상 [주문/송장번호] 주문을 원하지 않습니다. 어떻게 취소하나요?,주문,주문 취소,"주문 번호 [주문/송장번호] 구매를 더 이상 진행하고 싶지 않으신 것으로 확인되었습니다. 이로 인해 불편을 끼쳐드려 죄송합니다. 주문을 취소하려면 다음 단계를 따르세요. 1. 고객님의 계정에 로그인하십시오: 고객님의 계정에 로그인하여 [웹사이트/메뉴]에 액세스하십시오. 2. 주문 찾기: ​​플랫폼에서 '[웹사이트/메뉴]' 또는 '[웹사이트/메뉴]' 섹션으로 이동하세요. 3. 관련 구매 찾기: 주문 번호 [주문/송장번호]와 관련된 구매를 찾아 클릭하여 세부 정보를 확인합니다. 4. 취소 절차를 시작합니다. '[웹사이트/메뉴]' 옵션이 표시됩니다. 클릭하시면 취소요청이 진행됩니다. 5. 피드백 제공(선택 사항): 메시지가 표시되면 주문 취소 결정에 대한 피드백을 제공할 기회가 있을 수 있습니다. 원한다면 자유롭게 생각을 공유해 보세요. 어려움이 있거나 추가 질문이 있는 경우 당사의 전담 고객 지원팀이 도움을 드릴 준비가 되어 있습니다. [운영시간/기간] 동안 [고객센터전화번호]로 연락하거나 당사 웹사이트 [웹사이트/메뉴]의 라이브 채팅 기능을 통해 연락하실 수 있습니다. 고객님의 이해에 감사드리며, 더 많은 도움을 드릴 수 있도록 최선을 다하겠습니다."
BCLM,일부 상품을 구매했는데 주문을 취소하고 싶어요 [주문/송장번호],주문,주문 취소,"내가 해낼게! [주문/송장번호] 주문을 취소하고 싶으신 점을 이해하며, 절차를 안내해 드리겠습니다. 취소를 시작하려면 다음 단계를 따라 주세요. 1. 계정에 로그인: [웹사이트/메뉴]에 로그인하여 플랫폼에 액세스하세요. 2. 주문 찾기: ​​로그인한 후 '[웹사이트/메뉴]' 또는 '[웹사이트/메뉴]' 섹션으로 이동하세요. 3. 대상 주문 식별: 주문 번호 [주문/송장번호]와 관련된 구매를 찾아 선택하여 자세한 내용을 확인하세요. 4. 취소 시작: 구매와 연결된 '[웹사이트/메뉴]' 옵션을 찾아 클릭하세요. 5. 취소 확인: 시스템에서 결정을 확인하거나 피드백을 제공하라는 메시지를 표시할 수 있습니다. 지침을 따르고 필요한 단계를 완료하십시오. 절차 중에 어려움이 발생하거나 추가 질문이 있는 경우 당사의 전담 지원팀이 도움을 드릴 수 있습니다. [운영시간/기간] 중에 [고객센터전화번호]로 연락하거나 [웹사이트/메뉴]에서 라이브 채팅 기능을 사용하세요. 고객 만족은 저희의 최우선 과제이며 우리 서비스에 대한 고객님의 신뢰에 감사드립니다."
BL,구매 취소에 관해 질문이 있습니다 [주문/송장번호],주문,주문 취소,물론이죠! 주문 번호 [주문/송장번호]로 구매를 취소하는 것과 관련해 궁금한 점이 있으면 도와드리겠습니다. 어떤 구체적인 정보나 도움을 찾고 계십니까? 궁금한 점이나 문의 사항이 있으면 언제든지 공유해 주세요. 필요한 답변을 제공하기 위해 최선을 다하겠습니다.
BCINPQ,[주문/송장번호] 주문을 원하지 않습니다. 취소할 수 있나요?,주문,주문 취소,고객님께서 더 이상 [주문/송장번호] 주문을 진행하기를 원하지 않으시고 취소하고 싶어하신다는 것을 깨달았습니다. 저는 해당 과정을 도와드리고 원활한 해결을 보장하기 위해 왔습니다. 진행 방법은 다음과 같습니다. 1. 계정에 로그인하세요. [웹사이트/메뉴]에 로그인하여 플랫폼에 액세스하세요. 2. 주문 찾기: ​​로그인한 후 '[웹사이트/메뉴]' 또는 '[웹사이트/메뉴]' 섹션을 찾으세요. 3. 관련 구매 확인: 주문 번호 [주문/송장번호]와 관련된 구매를 찾습니다. 4. 취소 시작: 구매 세부정보에 '[웹사이트/메뉴]' 옵션이 표시됩니다. 그것을 클릭하세요. 5. 완료 확인: 시스템은 취소 절차를 마무리하기 위해 추가 확인이나 피드백을 요구할 수 있습니다. 필요한 세부정보를 제공해 주세요. 문제가 발생하거나 추가 질문이 있는 경우 당사의 전담 지원팀 [운영시간/기간]에 문의하세요. [고객센터전화번호]로 전화해 문의하시거나 당사 웹사이트 [웹사이트/메뉴]에서 라이브 채팅을 이용해 주시기 바랍니다. 저희는 고객 만족을 보장하기 위해 최선을 다하고 있으며 모든 단계에서 고객님을 지원할 것입니다.
BCQ,물건을 샀어요 주문을 취소하고 싶어요 [주문/송장번호],주문,주문 취소,주문 번호 [주문/송장번호]의 주문을 취소하고 싶으신 것으로 확인됩니다. 이 과정으로 인해 불편을 끼쳐드려 죄송합니다. 주문을 취소하려면 다음 단계를 따르세요. 1. 계정에 액세스하세요. 로그인 정보를 사용하여 [웹사이트/메뉴]에 로그인하세요. 2. 주문으로 이동하세요. 로그인한 후 '[웹사이트/메뉴]' 또는 '[웹사이트/메뉴]' 섹션을 찾으세요. 3. 원하는 주문을 찾으세요. 주문 번호가 [주문/송장번호]인 주문을 찾아 클릭하여 세부정보를 확인하세요. 4. 취소 절차를 시작하세요. 주문 세부정보에서 '[웹사이트/메뉴]' 옵션을 찾으세요. 취소를 시작하려면 이 옵션을 선택하세요. 5. 취소 확인: 시스템에서 취소 요청을 확인하라는 메시지를 표시할 수 있습니다. 취소 절차를 완료하려면 제공된 지침을 따라 주세요. 문제가 발생하거나 추가 질문이 있는 경우 [운영시간/기간]에 [고객센터전화번호]로 당사의 전담 지원 팀에 문의하실 수 있습니다. 당사 웹사이트 [웹사이트/메뉴]의 라이브 채팅 기능을 통해 당사에 문의하실 수도 있습니다. 이해해 주셔서 감사드리며 모든 단계에서 도움을 드릴 것입니다.
BCILN,더 이상 [주문/송장번호] 주문을 감당할 수 없습니다. 취소할 수 있나요?,주문,주문 취소,"고객님의 재정 상황 및 번호 [주문/송장번호] 주문과 관련하여 저희에게 연락해주셔서 다행입니다. 저희는 상황이 바뀔 수 있다는 것을 이해하고 있으며, 고객님을 돕기 위해 여기 있습니다. 주문을 취소하려면 다음 단계를 따르세요. 1. 고객님의 계정에 로그인하십시오: 고객님의 로그인 정보를 사용하여 [웹사이트/메뉴]에 로그인하십시오. 2. 주문 세부정보에 액세스하세요. 로그인한 후 '[웹사이트/메뉴]' 또는 '[웹사이트/메뉴]' 섹션으로 이동하세요. 3. 주문 찾기: ​​[주문/송장번호] 번호의 특정 주문을 찾아 클릭하여 자세한 내용을 확인하세요. 4. 취소 시작: 주문 세부정보 내에서 '[웹사이트/메뉴]' 옵션을 찾을 수 있습니다. 주문 취소를 진행하려면 이 옵션을 선택하세요. 5. 추가 지침을 따라 주세요. 시스템에서 추가 확인 메시지를 표시하거나 취소 절차를 완료하라는 지침을 제공할 수 있습니다. 취소를 완료하려면 다음 메시지를 따르시기 바랍니다. 안심해 주세요. 저희 팀은 이 절차 전반에 걸쳐 고객님께 필요할 수 있는 추가 지원을 제공할 수 있습니다. [운영시간/기간] 중에 [고객센터전화번호]로 언제든지 문의하시거나 [웹사이트/메뉴]에서 라이브 채팅 기능을 활용해 보세요. 저희는 고객님의 재정 상황의 중요성을 이해하고 있으며, 저희의 목표는 고객 만족을 보장하는 것입니다."
BIL,[주문/송장번호] 구매를 취소하는 방법은 무엇입니까?,주문,주문 취소,"[주문/송장번호] 구매 취소에 대한 안내를 요청하신 것으로 확인되었으며, 이에 대해 도와드리겠습니다. 구매를 취소하려면 다음 단계를 따르세요. 1. 고객님의 계정에 로그인하십시오: 고객님의 로그인 정보를 사용하여 [웹사이트/메뉴]에 액세스하십시오. 2. 주문 내역으로 이동하세요. 웹사이트에서 '[웹사이트/메뉴]' 또는 '[웹사이트/메뉴]' 섹션으로 이동하세요. 3. 구매 찾기: 주문 번호 [주문/송장번호]와 관련된 구매를 찾아 클릭하세요. 4. 취소 시작: 주문 세부정보 내에서 '[웹사이트/메뉴]' 옵션을 찾을 수 있습니다. 취소 절차를 시작하려면 선택하세요. 5. 추가 단계를 따르세요. 플랫폼에 따라 취소를 완료하기 위해 피드백을 제공하거나 몇 가지 질문에 답하라는 메시지가 표시될 수 있습니다. 절차 중에 어려움이 발생하거나 추가 질문이 있는 경우 당사의 전담 지원팀이 도움을 드릴 수 있습니다. [운영시간/기간] 동안 [고객센터전화번호]로 또는 [웹사이트/메뉴]의 라이브 채팅 기능을 통해 문의해 주세요. 저희는 고객 만족을 보장하기 위해 최선을 다하고 있으며 신속하게 고객님을 도울 수 있도록 최선을 다할 것입니다."
BCILQWZ,빌어먹을 물건을 샀는데 주문을 어떻게 취소하나요 [주문/송장번호],주문,주문 취소,"주문 번호 [주문/송장번호]로 주문을 취소하는 것에 대해 우려가 있으신 것으로 확인되었습니다. 우리가 함께 적합한 솔루션을 찾을 수 있도록 이 과정을 도와드리겠습니다. 진행 방법은 다음과 같습니다. 1. 고객님의 계정에 로그인하십시오: 당사 웹사이트에 접속하여 고객님의 로그인 정보를 사용하여 로그인하십시오. 2. 주문으로 이동합니다. 로그인한 후 '[웹사이트/메뉴]' 또는 '[웹사이트/메뉴]' 섹션을 찾으세요. 3. 구매 찾기: 이 섹션에서 주문 번호 [주문/송장번호]로 주문을 검색하세요. 클릭하시면 세부정보를 보실 수 있습니다. 4. 취소 시작: 특정 구매와 관련된 '[웹사이트/메뉴]' 옵션을 찾아 선택하여 취소 절차를 시작합니다. 5. 추가 지침을 따라 주세요. 취소 확인, 피드백 제공 등 추가 단계를 묻는 메시지가 나타날 수 있습니다. 이에 따라 지침을 따라 주세요. 어려움이 있거나 추가 질문이 있는 경우 [운영시간/기간]에 당사의 전담 지원팀이 도움을 드릴 수 있습니다. [고객센터전화번호]로 연락하시거나 당사 웹사이트 [웹사이트/메뉴]에서 라이브 채팅 기능을 사용하실 수 있습니다. 저희는 고객 만족을 소중히 여기며 원활한 경험을 보장하기 위해 왔습니다."
BC,상품을 구매했는데 주문을 취소하고 싶어요 [주문/송장번호],주문,주문 취소,구매를 완료하셨으며 이제 주문 번호 [주문/송장번호]로 주문을 취소하고 싶어하신다는 사실을 확인했습니다. 저희 취소팀이 도와드리겠습니다. 취소를 진행하려면 다음 단계를 따르세요. 1. 계정에 액세스하세요. 로그인 정보를 사용하여 [웹사이트/메뉴]에 로그인하세요. 2. 주문 찾기: ​​로그인한 후 '[웹사이트/메뉴]' 또는 '[웹사이트/메뉴]' 섹션으로 이동하세요. 3. 특정 구매 찾기: 주문 내역에서 주문 번호 [주문/송장번호]를 찾아 클릭하세요. 4. 취소 시작: 구매와 관련된 '[웹사이트/메뉴]' 옵션이 표시됩니다. 이 옵션을 선택해 주세요. 5. 절차 완료: 취소를 완료하려면 시스템에서 추가 정보나 확인이 필요할 수 있습니다. 지시에 따라 필요한 세부 정보를 입력해 주세요. 어려움이 있거나 질문이 있는 경우 당사의 전담 지원팀이 도움을 드릴 수 있습니다. [운영시간/기간] 동안 [고객센터전화번호]로 연락하거나 [웹사이트/메뉴]에서 라이브 채팅 기능을 사용할 수 있습니다. 저희는 고객 만족을 소중히 여기며 고객님이 가질 수 있는 모든 문제를 해결하기 위해 최선을 다하고 있습니다.
BEQZ,주문 취소 방법을 모르겠습니다 [주문/송장번호],주문,주문 취소,[주문/송장번호] 주문을 취소하는 방법에 대해 잘 모르시는 것으로 확인됩니다. 걱정하지 마세요. 제가 도와드리겠습니다. 주문을 취소하려면 다음 단계를 따르세요. 1. 고객님의 계정에 로그인하십시오: [웹사이트/메뉴]를 방문하여 고객님의 로그인 정보를 사용하여 로그인하십시오. 2. 주문 찾기: ​​로그인한 후 '[웹사이트/메뉴]' 또는 '[웹사이트/메뉴]' 섹션으로 이동하세요. 3. 특정 주문 확인: [주문/송장번호] 번호의 주문을 찾아 클릭하여 세부정보를 확인하세요. 4. 취소 시작: 주문 세부정보 페이지에서 '[웹사이트/메뉴]' 옵션을 찾을 수 있습니다. 취소를 진행하시려면 선택해 주세요. 5. 취소 확인: 시스템에서 취소를 확인하고 피드백을 제공하라는 메시지를 표시할 수 있습니다. 지침에 따라 절차를 완료하세요. 어려움이 있거나 추가 질문이 있는 경우 [운영시간/기간]에 당사의 전담 고객 지원팀에 문의하실 수 있습니다. 언제든지 [고객센터전화번호]로 연락하거나 [웹사이트/메뉴]에서 라이브 채팅 기능을 사용할 수도 있습니다. 이 문제를 해결하기 위해 노력하는 동안 이해해 주시고 협조해 주셔서 감사합니다.
BCIL,[주문/송장번호] 구매를 취소해야 하는데 도움을 받을 수 있나요?,주문,주문 취소,"주문 번호 [주문/송장번호]로 구매를 취소해야 한다는 점을 충분히 이해합니다. 안심하세요. 제가 도와드리겠습니다. 단계별로 진행해 보겠습니다. 1. **계정에 로그인**: 시작하려면 로그인 정보를 사용하여 [웹사이트/메뉴]에 로그인하세요. 2. **주문 찾기**: 로그인한 후 '[웹사이트/메뉴]' 또는 '[웹사이트/메뉴]' 섹션으로 이동하세요. 여기에서 과거 구매 목록을 확인할 수 있습니다. 3. **구매 내역 확인**: 구매 번호 [주문/송장번호]에 연결된 특정 주문을 찾으세요. 클릭하시면 구매내역을 보실 수 있습니다. 4. **취소 시작**: 구매 세부정보에 '[웹사이트/메뉴]' 옵션이 있어야 합니다. 취소 절차를 시작하려면 해당 버튼을 클릭하세요. 5. **추가 단계를 완료하세요**: 당사 시스템에서 몇 가지 질문이나 피드백 요청 메시지를 표시할 수 있습니다. 효과적인 진행을 위해 필요한 정보를 제공해 주시기 바랍니다. 어려움이 있거나 추가 질문이 있는 경우 당사의 전담 지원팀이 도움을 드릴 준비가 되어 있습니다. [운영시간/기간] 중에 [고객센터전화번호]로 연락하시거나 [웹사이트/메뉴]에서 라이브 채팅 기능을 활용하실 수 있습니다. 고객 만족이 저희의 최우선 사항이며, 저희는 고객님을 위해 이 문제를 해결하기 위해 최선을 다하고 있습니다."
B,주문 취소 도움말 [주문/송장번호],주문,주문 취소,주문 번호 [주문/송장번호] 주문을 취소하는 데 도움을 요청하신 것으로 확인되었습니다. 불편을 끼쳐드려 죄송하며 최선을 다해 도와드리겠습니다. 주문을 취소하려면 다음 단계를 따르세요. 1. 로그인 정보를 사용하여 [웹사이트/메뉴]에 로그인합니다. 2. '[웹사이트/메뉴]' 또는 '[웹사이트/메뉴]' 섹션으로 이동하여 이전 주문 목록을 찾을 수 있습니다. 3. 번호가 [주문/송장번호]인 주문을 찾아 클릭하여 주문 세부정보를 확인하세요. 4. '[웹사이트/메뉴]' 옵션을 찾아 선택하세요. 5. 요청 시 추가 정보나 피드백을 제공해 주세요. 6. 주문 취소가 처리되면 확인 이메일이 발송됩니다. 도중에 어려움을 겪거나 궁금한 점이 있으면 주저하지 말고 전담 고객 지원팀에 문의하세요. [운영시간/기간] 중에 [고객센터전화번호]로 문의하거나 [웹사이트/메뉴]에서 라이브 채팅 기능을 사용할 수 있습니다. 저희는 고객님께 우수한 서비스를 제공하고 고객 만족을 보장하기 위해 최선을 다하고 있습니다.
BCEILNPQZ,[주문/송장번호] 주문을 감당할 여유가 없어요 취소할 수 있을까요,주문,주문 취소,"저는 고객님의 현재 상황과 재정적 약속을 재평가해야 할 필요성에 대해 고객님의 편입니다. 예상치 못한 비용이 발생하면 부담스러울 수 있는데, 저희가 도와드리겠습니다. 주문 번호 [주문/송장번호]로 주문을 취소하면 고객님이 직면할 수 있는 재정적 부담을 어느 정도 완화할 수 있습니다. 주문을 취소하고 마음의 평화를 누리실 수 있도록 필요한 조치를 취하겠습니다. 취소 절차를 진행하려면 다음 지침을 따라 주세요. 1. 계정에 로그인하세요. [웹사이트/메뉴]에 로그인하여 플랫폼에 액세스하세요. 2. 주문 내역으로 이동하세요. 로그인한 후 '[웹사이트/메뉴]' 또는 '[웹사이트/메뉴]' 섹션을 찾으세요. 3. 관련 구매 찾기: 주문 내역에서 주문 번호 [주문/송장번호]를 찾아 선택하세요. 4. 취소 시작: 구매와 관련된 '[웹사이트/메뉴]' 옵션이 표시됩니다. 그것을 클릭해 주세요. 5. 취소 확인: 당사 시스템에서 취소 확인 메시지를 표시할 수 있습니다. 주문 취소 의사를 확인해 주세요. 6. 추가 단계를 완료하십시오. 특정 주문에 따라 추가 질문이나 피드백이 필요할 수 있습니다. 지시에 따라 필요한 정보를 입력해 주세요. 취소 과정 중에 어려움이 있거나 추가 질문이 있는 경우 당사의 전담 지원팀이 도와드리겠습니다. [운영시간/기간] 동안 [고객센터전화번호]로 연락하거나 당사 웹사이트 [웹사이트/메뉴]의 라이브 채팅 기능을 통해 연락하실 수 있습니다. 저희는 고객 만족을 위해 최선을 다하고 있으며 고객님의 경험이 긍정적이고 스트레스 없는 경험이 되도록 노력하고 있음을 기억하십시오."
BCEILNPQZ,[주문/송장번호] 구매 비용을 지불할 수 없습니다. 어떻게 취소하나요?,주문,주문 취소,[주문/송장번호] 구매에 대한 결제를 진행할 수 없을 때 발생할 수 있는 불만과 우려를 이해합니다. 대신 취소할 수 있도록 도와드리겠습니다. 할 수 있는 작업은 다음과 같습니다. 1. 결제 문제 확인: 결제 문제와 관련된 특정 오류 메시지나 알림이 있는지 다시 확인하세요. 이 정보는 문제를 더 잘 이해하는 데 도움이 될 수 있습니다. 2. 고객 지원팀에 문의: [운영시간/기간]에 [고객센터전화번호]로 전담 고객 지원팀에 문의하거나 당사 웹사이트 [웹사이트/메뉴]의 라이브 채팅을 통해 문의하세요. 결제 문제와 구매 취소 의사를 알려주세요. 3. 관련 세부 정보 제공: 고객 지원에 문의할 때 주문 번호 [주문/송장번호]와 함께 구매 내용을 언급하고 발생한 결제 문제를 설명하세요. 취소 절차를 안내하고 필요할 수 있는 추가 지원을 제공할 것입니다. 4. 결제 문제 해결: 당사 고객 지원팀이 고객님과 협력하여 결제 문제를 해결하고 적합한 솔루션을 찾을 것입니다. 문제가 성공적으로 해결되면 [주문/송장번호] 구매 취소를 처리하는 데 도움이 될 것입니다. 주저하지 마시고 저희에게 연락해 주세요. 저희는 고객님을 위해 이 문제를 해결하고 고객 만족을 보장하기 위해 최선을 다하고 있습니다.
B,주문을 취소하려면 어떻게 해야 하는지 모르겠습니다 [주문/송장번호],주문,주문 취소,[주문/송장번호] 품목에 대한 주문을 취소하는 방법에 대해 혼란스러워하시는 점을 충분히 이해합니다. 절차를 단계별로 안내해 드리겠습니다. 1. 계정에 로그인하십시오. 로그인 정보를 사용하여 [웹사이트/메뉴]에 로그인하여 시작하십시오. 2. 주문에 액세스하세요. 로그인한 후 계정의 '[웹사이트/메뉴]' 또는 '[웹사이트/메뉴]' 섹션으로 이동하세요. 3. 주문 찾기: ​​주문 번호 [주문/송장번호]와 관련된 특정 주문을 찾습니다. 클릭하시면 세부정보를 보실 수 있습니다. 4. 취소 시작: 주문 세부정보에서 '[웹사이트/메뉴]' 옵션을 찾으세요. 취소를 진행하시려면 선택해 주세요. 5. 추가 단계를 따라 주세요. 시스템 요구 사항에 따라 취소 절차를 완료하기 위해 몇 가지 질문에 대답하거나 피드백을 제공해야 할 수도 있습니다. 어려움이 있거나 추가 질문이 있는 경우 당사의 전담 고객 지원팀이 도와드리겠습니다. [운영시간/기간] 동안 [고객센터전화번호]로 연락하거나 당사 웹사이트 [웹사이트/메뉴]의 라이브 채팅 기능을 통해 연락하실 수 있습니다. 저희는 고객 만족을 보장하고 취소 절차를 최대한 원활하게 진행하기 위해 최선을 다하고 있습니다.
BCLN,이 상품을 원하지 않습니다. 주문을 취소하세요 [주문/송장번호],주문,주문 취소,고객님는 더 이상 이 품목을 원하지 않으며 번호가 [주문/송장번호]인 주문을 취소하고 싶다는 연락을 받았습니다. 불편을 끼쳐드려 죄송합니다. 취소를 진행하려면 다음 단계를 따르세요. 1. 로그인 정보를 사용하여 [웹사이트/메뉴]에 로그인합니다. 2. '[웹사이트/메뉴]' 또는 '[웹사이트/메뉴]' 섹션으로 이동합니다. 3. 자세한 내용을 보려면 [주문/송장번호] 번호의 주문을 찾아 클릭하세요. 4. 이 특정 주문과 관련된 '[웹사이트/메뉴]' 옵션을 찾아 클릭하세요. 5. 취소를 확인하려면 시스템의 추가 지침이나 메시지를 따르세요. 어려움이 있거나 추가 질문이 있는 경우 당사의 전담 지원팀이 도와드리겠습니다. [운영시간/기간] 동안 [고객센터전화번호]로 연락하거나 [웹사이트/메뉴]에서 라이브 채팅 기능을 사용할 수 있습니다. 고객님의 이해에 감사드리며 고객 만족을 위해 최선을 다하겠습니다.
BLMZ,구매 관련 문제 [주문/송장번호],주문,주문 취소,주문 번호 [주문/송장번호]로 구매를 취소하는 데 몇 가지 문제가 발생한 것 같습니다. 이로 인해 불편을 끼쳐드려 죄송합니다. 저희 팀은 이 문제를 가능한 한 빨리 해결할 수 있도록 도와드립니다. 고객님이 겪고 있는 문제를 더 잘 이해하기 위해 발생한 특정 문제나 오류 메시지에 대한 자세한 내용을 제공해 주실 수 있습니까? 이를 통해 문제를 해결하고 적절한 솔루션을 제공할 수 있습니다. 이 문제를 해결하기 위해 함께 노력하는 동안 고객님의 인내심과 협조에 감사드립니다.
BCILQ,물건을 구매했습니다. 주문 취소 방법 [주문/송장번호],주문,주문 취소,"확인했습니다. 고객님는 구매를 완료했으며 이제 주문 번호 [주문/송장번호]로 주문을 취소하고 싶습니다. 불편을 끼쳐드려 죄송하며, 취소 절차를 안내해 드리겠습니다. 주문을 취소하려면 다음 단계를 따르세요. 1. 로그인 정보를 사용하여 [웹사이트/메뉴]에 로그인합니다. 2. '[웹사이트/메뉴]' 또는 '[웹사이트/메뉴]' 섹션으로 이동합니다. 3. 주문 번호가 [주문/송장번호]인 주문을 찾아 클릭하여 세부 정보에 액세스합니다. 4. 이 특정 구매와 관련된 '[웹사이트/메뉴]'라고 표시된 취소 옵션을 찾아 선택하세요. 5. 시스템은 고객님께 피드백을 제공하거나 취소를 확인하라는 메시지를 표시할 수 있습니다. 이에 따라 지침을 따라 주세요. 어려움이 있거나 추가 질문이 있는 경우 주저하지 말고 전담 지원팀에 문의하세요. [운영시간/기간]([고객센터전화번호]) 또는 당사 웹사이트([웹사이트/메뉴])의 라이브 채팅을 통해 이용 가능합니다. 고객님의 양해 부탁드리며, 취소 과정에서 불편을 끼쳐드려 죄송합니다."
BCLN,더 이상 [주문/송장번호]를 구매할 여유가 없어서 취소합니다.,주문,주문 취소,구매 취소 [주문/송장번호]의 중요성을 충분히 이해하고 있습니다. 이로 인해 발생한 재정적 어려움에 대해 사과드립니다. 구매취소를 진행해보겠습니다. 할 수 있는 작업은 다음과 같습니다. 1. 계정에 로그인하세요. 로그인하여 [웹사이트/메뉴]에 액세스하세요. 2. 주문 찾기: 로그인한 후 '[웹사이트/메뉴]' 또는 '[웹사이트/메뉴]' 섹션으로 이동하세요. 3. 관련 구매 찾기: 주문 번호 [주문/송장번호]와 관련된 구매를 찾습니다. 4. 취소를 시작합니다. '[웹사이트/메뉴]' 또는 이와 유사한 옵션을 클릭합니다. 5. 취소 절차를 따라 주세요. 시스템에서 제공하는 추가 단계나 지침을 따라 주세요. 취소 과정에서 어려움이 발생하거나 추가 질문이 있는 경우 당사의 전담 지원팀이 도움을 드릴 수 있습니다. [운영시간/기간] 동안 [고객센터전화번호]로 연락하거나 당사 웹사이트 [웹사이트/메뉴]의 라이브 채팅 기능을 통해 연락하실 수 있습니다. 저희는 고객 만족을 소중히 여기며 고객님의 원활한 경험을 보장하기 위해 왔습니다.
BCILM,"일부 상품을 주문했는데, [주문/송장번호] 구매를 어떻게 취소하나요?",주문,주문 취소,주문 번호 [주문/송장번호]로 구매를 취소하는 데 도움이 필요하다고 생각합니다. 불편을 끼쳐드려 죄송하며 취소 절차를 안내해 드리겠습니다. 구매를 취소하는 단계는 다음과 같습니다. 1. 계정에 로그인: [웹사이트/메뉴]에 로그인하여 플랫폼에 액세스하세요. 2. 주문으로 이동합니다. 로그인한 후 '[웹사이트/메뉴]' 또는 '[웹사이트/메뉴]' 섹션으로 이동합니다. 3. 구매 찾기: 주문 번호 [주문/송장번호]와 관련된 구매를 찾아 클릭하세요. 4. 취소 시작: '[웹사이트/메뉴]' 또는 '[웹사이트/메뉴]' 옵션이 표시됩니다. 이 옵션을 선택해 주세요. 5. 취소 사유 제공: 시스템에서 고객님의 구매 취소 사유를 제공하도록 요청할 수 있습니다. 요청에 따라 필요한 세부 정보를 입력해 주세요. 6. 취소 확인: 사유를 명시한 후 취소를 확인하여 절차를 시작하세요. 어려움이 있거나 추가 질문이 있는 경우 [운영시간/기간]([고객센터전화번호]) 또는 당사 웹사이트([웹사이트/메뉴])의 라이브 채팅을 통해 당사 전담 지원팀에 문의하실 수 있습니다. 저희는 고객님의 요청이 얼마나 중요한지 이해하고 있으며 신속하게 도움을 드릴 수 있도록 최선을 다하겠습니다.
BCILN,[주문/송장번호] 주문을 감당할 수 없습니다. 어떻게 취소할 수 있나요?,주문,주문 취소,"재정적 제약에 직면해 계신 점 감사드리며, 주문 번호 [주문/송장번호]로 주문을 취소하고 싶습니다. 저희는 이 과정을 통해 고객님을 돕기 위해 왔습니다. 할 수 있는 작업은 다음과 같습니다. 1. 계정에 액세스하세요. 로그인 정보를 사용하여 [웹사이트/메뉴]에 로그인하세요. 2. 주문 찾기: ​​플랫폼에서 '[웹사이트/메뉴]' 또는 '[웹사이트/메뉴]' 섹션으로 이동하세요. 3. 관련 주문 찾기: ​​[주문/송장번호] 번호의 주문을 찾아 선택합니다. 4. 취소 시작: '[웹사이트/메뉴]' 옵션이 있어야 합니다. 취소 절차를 시작하려면 클릭하세요. 5. 추가 단계를 따라 주세요. 시스템은 고객님께 몇 가지 질문에 대답하거나 주문 취소에 대한 피드백을 제공하도록 요구할 수 있습니다. 지시에 따라 다음 단계를 완료하세요. 취소 과정 중에 어려움이 있거나 추가 질문이 있는 경우 당사의 전담 지원팀이 도움을 드릴 수 있습니다. [운영시간/기간] 동안 [고객센터전화번호]로 연락하거나 당사 웹사이트 [웹사이트/메뉴]의 라이브 채팅 기능을 통해 연락하실 수 있습니다. 고객 만족이 저희의 최우선 과제이며, 저희는 이 과정이 최대한 순조롭게 진행되도록 돕기 위해 왔습니다."
BELN,구매를 원하지 않습니다 [주문/송장번호],주문,주문 취소,주문 번호 [주문/송장번호]와 관련된 구매를 취소하기로 결정하신 것을 이해합니다. 주문과정에서 불편이 있으셨다면 사과드립니다. 구매를 취소하려면 다음 단계를 따르세요. 1. 고객님의 계정에 로그인하십시오: [웹사이트/메뉴]를 방문하여 고객님의 로그인 정보를 사용하여 로그인하십시오. 2. 주문 찾기: ​​'[웹사이트/메뉴]' 또는 '[웹사이트/메뉴]' 섹션으로 이동합니다. 3. 구매 찾기: 주문 내역에서 주문 번호 [주문/송장번호]로 구매를 찾습니다. 4. 취소 시작: 구매를 클릭하고 '[웹사이트/메뉴]' 옵션을 찾으세요. 5. 피드백 확인 및 제공: 시스템에서 확인 또는 피드백을 요청할 수 있습니다. 안내에 따라 취소 절차를 완료해 주세요. 어려움이 있거나 추가 질문이 있는 경우 당사의 전담 지원팀이 도와드리겠습니다. [운영시간/기간]([고객센터전화번호]) 중에 또는 당사 웹사이트([웹사이트/메뉴])의 라이브 채팅을 통해 연락하실 수 있습니다. 저희는 고객 만족을 소중히 여기며 고객님의 모든 우려 사항이 즉시 해결되도록 할 것입니다.
BLNQ,더 이상 [주문/송장번호] 주문에 대해 지불할 수 없습니다.,주문,주문 취소,"주문 번호 [주문/송장번호]에 대한 결제에 어려움을 겪고 계시다는 점을 이해했으며, 이 문제를 해결하도록 도와드리겠습니다. 문제의 긴급성을 고려하여 상황을 즉시 해결하려면 다음 단계를 따르시기 바랍니다. 1. 결제 방법 확인: 처음에 사용한 결제 방법이 여전히 유효하고 거래에 사용할 수 있는 자금이나 신용이 충분한지 다시 확인하세요. 2. 고객 지원팀에 문의: [운영시간/기간] 동안 [고객센터전화번호]로 또는 [웹사이트/메뉴]의 라이브 채팅 기능을 통해 전담 고객 지원팀에 문의하세요. 필요한 경우 추가 지원을 제공하고 대체 결제 옵션을 제공할 수 있습니다. 3. 지불 유연성 탐색: 경우에 따라 당사는 고객님의 상황에 맞게 할부 계획이나 대체 지불 방법을 제공할 수 있습니다. 당사의 고객 지원팀이 이러한 옵션을 안내하여 보다 원활한 결제 경험을 보장합니다. 4. 기술적인 문제 해결: 결제를 할 수 없는 기술적인 문제가 발생하는 경우 당사 지원팀이 문제 해결을 돕거나 대체 결제 채널을 제공할 것입니다. 저희는 고객님의 요구 사항을 충족하는 적합한 솔루션을 찾기 위해 노력하고 있으니 안심해 주세요. 고객 만족이 저희의 최우선 사항이며, 이 과정에서 고객님의 인내와 이해에 감사드립니다."
BCELNQ,내 마지막 품목에 대한 비용을 지불할 수 없습니다. 주문 취소 [주문/송장번호],주문,주문 취소,고객님이 마지막 품목에 대한 결제에 어려움을 겪고 있으며 [주문/송장번호] 주문을 취소하는 데 도움이 필요한 것으로 확인되었습니다. 재정적 제약으로 인해 구매를 완료할 수 없을 경우 실망스러울 수 있습니다. 제가 도와드리겠습니다. 주문을 취소하려면 다음 단계를 따르세요. 1. 사용자 이름과 비밀번호를 사용하여 [웹사이트/메뉴]에 로그인하세요. 2. 주문 내역 또는 계정 설정 페이지로 이동합니다. 3. 주문 번호 [주문/송장번호]로 특정 주문을 찾으십시오. 4. 세부정보에 액세스하려면 주문을 클릭하세요. 5. 주문 취소 옵션을 찾아 선택하세요. 6. 취소를 확인하고 필요한 경우 추가 메시지를 따릅니다. 문제가 발생하거나 추가 질문이 있는 경우 언제든지 고객 지원팀에 문의하세요. [고객센터전화번호]로 [운영시간/기간] 동안 또는 [웹사이트/메뉴]에서 라이브 채팅을 통해 사용할 수 있습니다. 저희는 이 과정 전반에 걸쳐 고객님을 지원하고 고객 만족을 보장하기 위해 최선을 다하고 있습니다.
B,주문을 취소해야 합니다 [주문/송장번호],주문,주문 취소,"구매 번호 [주문/송장번호]와 관련된 주문을 취소하는 데 도움이 필요하다는 사실을 확인했습니다. 불편을 끼쳐드려 죄송하며, 절차를 진행하는 데 도움을 드리겠습니다. 주문을 취소하려면 아래 단계를 따라 주세요. 1. 계정에 로그인하세요. [웹사이트/메뉴]에 로그인하여 플랫폼에 액세스하세요. 2. 주문 내역으로 이동하세요. 로그인한 후 '[웹사이트/메뉴]' 또는 '[웹사이트/메뉴]' 섹션을 찾으세요. 3. 주문 찾기: ​​주문 번호 [주문/송장번호]와 관련된 구매를 찾아 클릭합니다. 4. 취소를 시작합니다. '[웹사이트/메뉴]' 옵션이 표시됩니다. 해당 옵션을 선택해주세요. 5. 취소 확인: 필요한 경우 시스템에서 취소를 확인하고 피드백을 제공하라는 메시지를 표시할 수 있습니다. 계속 진행하려면 필요한 정보를 입력하세요. 어려움이 있거나 추가 질문이 있는 경우 [운영시간/기간]에 당사 전담 지원팀에 문의하실 수 있습니다. [고객센터전화번호]로 연락하시거나 [웹사이트/메뉴]의 라이브 채팅 기능을 통해 연락하실 수 있습니다. 고객님의 이해에 감사드리며 고객 만족을 위해 최선을 다하겠습니다."
BLQZ,구매를 취소하는 방법을 모르겠어요 [주문/송장번호],주문,주문 취소,주문 번호 [주문/송장번호]로 구매를 취소하는 방법을 잘 모르겠다는 말씀이 무슨 뜻인지 알겠습니다. 걱정하지 마세요. 제가 그 과정을 도와드리기 위해 여기 있습니다. 구매를 취소하려면 다음 단계를 따르세요. 1. 계정에 로그인하세요. 당사 플랫폼에 액세스하고 [웹사이트/메뉴]에 로그인하세요. 2. 주문으로 이동: 로그인한 후 '[웹사이트/메뉴]' 또는 '[웹사이트/메뉴]' 섹션으로 이동합니다. 3. 구매 찾기: 주문 번호 [주문/송장번호]와 관련된 구매를 찾아 클릭하세요. 4. 취소 시작: 특정 구매와 관련된 '[웹사이트/메뉴]' 옵션이 표시됩니다. 이 옵션을 선택해 주세요. 5. 추가 단계를 완료하세요. 취소를 완료하는 데 필요한 몇 가지 질문이나 피드백이 있을 수 있습니다. 지시에 따라 필요한 정보를 입력해 주세요. 도중에 어려움이 있거나 추가 질문이 있는 경우 주저하지 말고 전담 지원팀에 문의하세요. [운영시간/기간] 중에 [고객센터전화번호]로 문의하거나 [웹사이트/메뉴]에서 라이브 채팅 기능을 사용할 수 있습니다. 저희는 이 과정 전반에 걸쳐 고객님을 지원하고 고객 만족을 보장하기 위해 최선을 다하고 있습니다.
BCLN,[주문/송장번호] 주문을 감당할 수 없습니다. 취소하려면 도움이 필요합니다.,주문,주문 취소,"고객님의 상황을 확인했으며 [주문/송장번호] 주문 취소와 관련하여 도움을 드리려고 왔습니다. 고객님의 재정적 안녕은 우리에게 중요하며, 저희는 필요한 지원을 제공하기를 원합니다. 주문을 취소하려면 다음 단계를 따르세요. 1. 계정에 로그인하세요. [웹사이트/메뉴]에 로그인하여 플랫폼에 액세스하세요. 2. 주문 찾기: ​​로그인한 후 '[웹사이트/메뉴]' 또는 '[웹사이트/메뉴]' 섹션으로 이동하세요. 3. 특정 주문 찾기: ​​[주문/송장번호] 번호의 주문을 찾아 클릭하고 자세한 내용을 확인하세요. 4. 취소 시작: 주문 세부정보 페이지에 '[웹사이트/메뉴]' 옵션이 표시됩니다. 이 옵션을 선택해 주세요. 5. 추가 단계를 따라 주세요. 취소 절차를 완료하기 위해 시스템에서 몇 가지 질문을 할 수 있습니다. 필요한 정보를 제공해 주세요. 도중에 어려움이 있거나 추가 질문이 있는 경우 당사의 전담 지원팀이 도움을 드릴 준비가 되어 있습니다. [운영시간/기간] 중에 [고객센터전화번호]로 연락하거나 [웹사이트/메뉴]에서 제공되는 라이브 채팅 기능을 통해 문의하세요. 고객 만족이 저희의 최우선 과제이며, 고객님의 경험이 최대한 원활하게 이루어질 수 있도록 도와드리겠습니다."
BIPQZ,어디서 주문을 취소하나요? [주문/송장번호],주문,주문 취소,"구매 번호 [주문/송장번호]와 관련된 주문을 취소할 위치를 찾고 계신 것으로 확인됩니다. 주문을 취소하려면 다음 단계를 따르세요. 1. 로그인 정보를 사용하여 [웹사이트/메뉴]에 로그인합니다. 2. '[웹사이트/메뉴]' 또는 '[웹사이트/메뉴]' 섹션으로 이동합니다. 3. 구매 번호가 [주문/송장번호]인 주문을 찾습니다. 클릭하시면 주문내역을 보실 수 있습니다. 4. 주문 세부정보에서 '[웹사이트/메뉴]'라고 표시된 옵션 또는 이와 유사한 변형을 찾아야 합니다. 해당 옵션을 선택하세요. 5. 추가 메시지를 따르거나 필요한 정보를 제공하여 취소 절차를 완료합니다. 어려움이 있거나 추가 질문이 있는 경우 주저하지 말고 전담 고객 지원팀에 문의하세요. [운영시간/기간]([고객센터전화번호]) 또는 당사 웹사이트([웹사이트/메뉴])의 라이브 채팅을 통해 문의하실 수 있습니다. 이해해 주셔서 감사드리며 불편을 끼쳐드려 죄송합니다. 저희의 목표는 고객 만족을 보장하는 것이며, 저희는 모든 단계에서 고객님을 지원하기 위해 여기 있습니다."
BLNQZ,더 이상 [주문/송장번호]를 구매할 수 없습니다.,주문,주문 취소,귀사는 재정적인 제약을 받고 있어 주문 번호 [주문/송장번호]로 구매하실 여유가 없으신 것으로 알고 있습니다. 불편을 끼쳐드려 죄송합니다. 취소 절차에 대한 추가 지원을 받으려면 다음 단계를 따라 주세요. 1. 고객님의 계정에 로그인하십시오: [웹사이트/메뉴]로 이동하여 고객님의 로그인 정보를 사용하여 로그인하십시오. 2. 주문 찾기: ​​'[웹사이트/메뉴]' 또는 '[웹사이트/메뉴]' 섹션으로 이동합니다. 3. 특정 구매 찾기: 주문 번호 [주문/송장번호]와 관련된 구매를 찾아 클릭합니다. 4. 취소 시작: '[웹사이트/메뉴]' 또는 이와 유사한 옵션이 있어야 합니다. 취소 절차를 시작하려면 해당 항목을 선택하세요. 5. 추가 지침을 따라 주세요. 제품이나 서비스에 따라 추가 단계나 정보가 필요할 수 있습니다. 요청에 따라 필요한 세부 정보를 입력해 주세요. 도중에 어려움이 있거나 질문이 있는 경우 [운영시간/기간] 동안 [고객센터전화번호]로 당사의 전담 고객 지원 팀에 문의하실 수 있습니다. [웹사이트/메뉴]의 라이브 채팅을 통해 문의하실 수도 있습니다. 저희는 고객 만족을 소중히 여기며 고객님의 구매 취소를 돕기 위해 최선을 다할 것입니다.
BLZ,구매한 [주문/송장번호] 취소 지원,주문,주문 취소,물론입니다. 주문 번호 [주문/송장번호]로 구매를 취소하는 데 필요한 지원을 제공해 드리겠습니다. 주문 취소는 중요한 결정이므로 고객님이 절차를 원활하게 완료하는 데 필요한 모든 정보와 지원을 받았는지 확인하고 싶습니다. 구매를 취소하려면 다음 단계를 따르세요. 1. 계정에 액세스하세요. 먼저 [웹사이트/메뉴]에 로그인하세요. 이를 통해 구매 취소에 필요한 도구에 액세스할 수 있습니다. 2. 주문 찾기: ​​로그인한 후 '[웹사이트/메뉴]' 또는 '[웹사이트/메뉴]' 섹션으로 이동하세요. 여기에서 주문 번호 [주문/송장번호]와 관련된 구매 내역을 찾을 수 있습니다. 계속하려면 클릭하세요. 3. 취소 시작: 주문 세부정보에 액세스하면 '[웹사이트/메뉴]' 옵션이 표시됩니다. 취소 절차를 시작하려면 이 옵션을 선택하세요. 4. 추가 단계를 따르세요. 구매 성격에 따라 취소를 완료하기 위한 몇 가지 추가 질문이나 지침이 있을 수 있습니다. 필요한 정보를 제공하거나 그에 따라 제공된 지침을 따라 주세요. 취소 과정 중에 문제가 발생하거나 질문이 있는 경우 전담 전문가 팀이 도움을 드릴 수 있습니다. [운영시간/기간] 동안 [고객센터전화번호]로 연락하거나 [웹사이트/메뉴]에서 라이브 채팅 기능을 사용할 수 있습니다. 고객 만족이 저희의 최우선 사항입니다. 구매 취소를 도와드리는 동안 양해해 주셔서 감사합니다.
BLW,피 묻은 구매 취소에 대한 질문,주문,주문 취소,물론입니다! 구매 취소와 관련해 문의 사항이 있으신 것으로 알고 있습니다. 저는 도와드리려고 왔습니다. 보다 효과적으로 도움을 드릴 수 있도록 구매한 주문 번호를 알려주시겠습니까?
BCLM,일부 품목을 구매했습니다. 주문 취소를 도와주세요 [주문/송장번호],주문,주문 취소,고객님는 최근 구매를 했으며 주문 번호 [주문/송장번호]로 주문을 취소하고 싶습니다. 상황이 바뀔 수 있다는 점을 이해하며 취소 절차를 도와드리겠습니다. 고객 만족을 보장하기 위해 필요한 조치를 함께 취합시다.
BCL,일부 상품을 구매했는데 구매 취소 [주문/송장번호],주문,주문 취소,최근 구매를 하신 후 구매 번호 [주문/송장번호]로 주문을 취소하고 싶다는 소식을 들었습니다. 이로 인해 불편을 끼쳐드려 죄송합니다. 취소 절차에 도움을 받으려면 다음 단계를 따르세요. 1. 계정에 로그인하세요. [웹사이트/메뉴]에 로그인하여 플랫폼에 액세스하세요. 2. 주문으로 이동합니다. 로그인한 후 '[웹사이트/메뉴]' 또는 '[웹사이트/메뉴]' 섹션을 찾습니다. 3. 주문 찾기: ​​이 섹션에서 주문 번호 [주문/송장번호]로 구매 항목을 찾아 클릭하고 자세한 내용을 확인하세요. 4. 취소 시작: 구매와 관련된 '[웹사이트/메뉴]' 옵션을 찾으세요. 주문 취소를 진행하시려면 선택해 주세요. 5. 추가 단계를 완료하세요. 시스템에서는 취소를 확인하거나 피드백을 제공하기 위해 몇 가지 질문을 할 수 있습니다. 제공된 지침을 따라 주세요. 절차 전반에 걸쳐 어려움이 발생하거나 추가 질문이 있는 경우 당사의 전담 고객 지원팀이 도움을 드릴 수 있습니다. [운영시간/기간] 중에 [고객센터전화번호]로 연락하거나 [웹사이트/메뉴]의 라이브 채팅 기능을 통해 연락하실 수 있습니다. 고객 만족이 저희의 최우선 사항이며 고객님의 이해에 감사드립니다.
BILQ,구매를 어떻게 취소하나요 [주문/송장번호],주문,주문 취소,"주문 번호 [주문/송장번호]로 구매를 취소해야 한다고 들었습니다. 절차를 안내해 드리겠습니다. 1. 계정에 액세스하세요. 먼저 [웹사이트/메뉴]에 로그인하세요. 2. 주문으로 이동합니다. 로그인한 후 ""[웹사이트/메뉴]"" 또는 ""[웹사이트/메뉴]"" 섹션을 찾으세요. 3. 구매 찾기: 주문 번호 [주문/송장번호]와 관련된 주문을 찾아 클릭하세요. 4. 취소 시작: ""[웹사이트/메뉴]""라는 옵션이 표시됩니다. 취소 절차를 진행하시려면 선택해 주세요. 5. 추가 단계를 따라 주세요. 당사 시스템에서는 고객님께 몇 가지 질문을 하거나 피드백을 요청할 수 있습니다. 성공적으로 취소를 완료하려면 필요한 정보를 제공해 주시기 바랍니다. 문제가 발생하거나 추가 질문이 있는 경우 당사의 전담 지원팀이 도와드리겠습니다. [운영시간/기간]([고객센터전화번호]) 중에 또는 당사 웹사이트([웹사이트/메뉴])의 라이브 채팅을 통해 언제든지 문의해 주세요. 고객 만족이 저희의 최우선 과제이며 고객님께 필요한 지원을 제공하기 위해 최선을 다하고 있습니다."
BILZ,[주문/송장번호] 구매를 어떻게 취소하나요?,주문,주문 취소,[주문/송장번호] 구매 취소에 관해 문의하신 내용을 확인했습니다. 취소 절차를 원활하게 진행하려면 다음 단계를 따르세요. 1. 계정에 액세스하세요. 로그인 정보를 사용하여 [웹사이트/메뉴]에 로그인하세요. 2. 주문 찾기: ​​'[웹사이트/메뉴]' 또는 '[웹사이트/메뉴]' 섹션으로 이동하여 구매 개요를 확인할 수 있습니다. 3. 특정 구매 확인: 주문 번호 [주문/송장번호]에 연결된 구매를 찾습니다. 4. 취소 시작: 구매를 클릭하고 주문 세부정보에서 '[웹사이트/메뉴]' 옵션을 찾으세요. 계속하려면 선택하세요. 5. 확인 및 완료: 취소를 확인하려면 시스템의 추가 메시지를 따르세요. 절차를 마무리하기 전에 모든 세부정보를 검토하세요. 어려움이 있거나 추가 질문이 있는 경우 당사의 전담 지원팀이 도움을 드릴 수 있습니다. [운영시간/기간] 중에 [고객센터전화번호]로 연락하거나 [웹사이트/메뉴]에서 라이브 채팅 기능을 사용할 수 있습니다. 저희는 고객님의 양해에 진심으로 감사드리며 서비스에 대한 만족을 보장하기 위해 최선을 다하고 있습니다.
B,[주문/송장번호] 주문 취소 도움말,주문,주문 취소,[주문/송장번호] 번호로 주문을 취소하는 데 도움을 드릴 수 있습니다. 이 과정에서 지침이 필요하다는 점을 이해하며 최대한 원활하게 진행하기 위해 왔습니다. 주문을 취소하려면 다음 단계를 따르세요. 1. 계정에 로그인하세요. [웹사이트/메뉴]로 이동하여 로그인 정보를 사용하여 로그인하세요. 2. 주문 내역에 액세스하세요. 로그인한 후 '[웹사이트/메뉴]' 또는 '[웹사이트/메뉴]' 섹션으로 이동하세요. 3. 주문 찾기: ​​[주문/송장번호] 번호와 관련된 특정 주문을 찾아 클릭하여 세부정보를 확인하세요. 4. 취소를 시작합니다. 주문 세부정보에서 '[웹사이트/메뉴]' 옵션을 찾을 수 있습니다. 취소 절차를 시작하려면 선택하세요. 5. 피드백 제공(필요한 경우): 시스템에서는 개선을 돕기 위해 추가 피드백을 요청할 수 있습니다. 필요한 정보를 자유롭게 제공해 주세요. 어려움이 있거나 추가 질문이 있는 경우 주저하지 말고 전담 지원팀에 문의하세요. [운영시간/기간]([고객센터전화번호]) 중에 당사와 소통하거나 당사 웹사이트([웹사이트/메뉴])에서 라이브 채팅 기능을 사용할 수 있습니다. 저희는 모든 단계에서 고객님을 지원하고 고객 만족을 보장하기 위해 여기 있습니다.
BLN,구매할 여유가 없습니다 [주문/송장번호],주문,주문 취소,[주문/송장번호] 구매와 관련된 고객님의 재정적 우려를 이해합니다. 저희는 유연한 옵션을 제공하기 위해 노력하고 있으며 가능한 최선의 방법으로 고객님을 지원하고 싶습니다. 잠시 시간을 내어 구매 세부정보를 검토하고 사용 가능한 솔루션을 찾아보시기 바랍니다. 양해해 주셔서 감사합니다.
BCILM,일부 기사를 구매했습니다. [주문/송장번호] 주문을 취소하는 방법은 무엇입니까?,주문,주문 취소,"주문 번호 [주문/송장번호]의 주문을 취소하기 위해 어떤 단계를 취해야 하는지 잘 모르시겠다는 점을 이해했습니다. 절차를 안내해 드리겠습니다. 1. 계정에 액세스하세요. 먼저 [웹사이트/메뉴]에 로그인하세요. 이를 통해 주문을 효과적으로 관리할 수 있습니다. 2. 주문 찾기: ​​로그인한 후 '[웹사이트/메뉴]' 또는 '[웹사이트/메뉴]' 섹션으로 이동하세요. 주문 번호 [주문/송장번호]로 구매 항목을 찾아야 합니다. 3. 취소 시작: 주문 세부정보를 클릭하여 '[웹사이트/메뉴]' 옵션을 찾습니다. 취소 절차를 시작하려면 이 옵션을 선택하세요. 4. 추가 단계를 따르세요. 플랫폼에 따라 피드백을 제공하거나 취소를 확인하라는 메시지가 표시될 수 있습니다. 요청에 따라 필요한 정보를 입력해 주세요. 5. 취소 확인 : 취소 처리 완료 후, 주문 내역에서 주문 상태가 '취소됨' 또는 '환불됨'으로 변경되었는지 다시 확인하세요. 취소 과정에서 어려움이 발생하거나 추가 질문이 있는 경우 당사의 전담 고객 지원팀 [운영시간/기간]에 문의하세요. [고객센터전화번호]로 연락하시거나 당사 웹사이트 [웹사이트/메뉴]에서 라이브 채팅 기능을 사용하실 수 있습니다. 불편을 끼쳐드려 죄송하며, 양해해 주셔서 감사합니다. 저희의 목표는 고객 만족을 보장하는 것이며 고객님의 주문 취소를 돕기 위해 최선을 다할 것입니다."
BLZ,[주문/송장번호] 구매를 어떻게 캠셀할 수 있는지 모르겠습니다.,주문,주문 취소,"구매 취소 [주문/송장번호]에 대해 혼란을 겪고 계십니다. 절차를 안내해 드리겠습니다. 1. 고객님의 계정에 액세스하십시오: 고객님의 로그인 정보를 사용하여 [웹사이트/메뉴]에 로그인하십시오. 2. 주문 찾기: ​​로그인한 후 계정의 '[웹사이트/메뉴]' 또는 '[웹사이트/메뉴]' 섹션으로 이동하세요. 3. 구매 찾기: 주문 번호 [주문/송장번호]와 관련된 구매를 찾아 클릭하여 세부 정보를 엽니다. 4. 취소 시작: 구매 세부정보 페이지에서 '[웹사이트/메뉴]' 옵션을 찾을 수 있습니다. 선택해 주세요. 5. 추가 지침을 따라 주세요. 취소 절차에 따라 일부 정보를 제공하거나 취소를 확인해야 할 수도 있습니다. 6. 확인 받기: 취소 단계를 완료한 후 이메일이나 계정 페이지를 통해 취소 확인을 받아야 합니다. 어려움이 있거나 추가 질문이 있는 경우 [운영시간/기간]([고객센터전화번호]) 또는 당사 웹사이트([웹사이트/메뉴])의 라이브 채팅을 통해 전담 지원팀에 문의하실 수 있습니다. 양해해 주셔서 감사드리며, 만족스러운 해결 방법을 제공하기 위해 최선을 다하고 있습니다."
BIPQZ,주문 취소를 도와주실 수 있나요 [주문/송장번호],주문,주문 취소,"확실히! 주문 번호 [주문/송장번호]로 주문을 취소하는 데 도움이 필요하다는 점을 이해합니다. 저는 고객님께 절차를 안내하고 원활한 취소 경험을 보장하기 위해 왔습니다. 주문을 취소하려면 다음 단계를 따르세요. 1. [기타정보]에 로그인하세요. 로그인 페이지로 이동하여 로그인 정보를 입력하여 계정에 액세스하세요. 2. 주문으로 이동합니다. 로그인한 후 ""[웹사이트/메뉴]"" 또는 ""[웹사이트/메뉴]"" 섹션을 찾아 클릭합니다. 3. 주문 찾기: ​​주문 번호가 [주문/송장번호]인 주문을 찾습니다. 클릭하시면 주문내역을 보실 수 있습니다. 4. 주문 취소 시작: 주문 세부 정보에서 ""[웹사이트/메뉴]"" 또는 이와 유사한 용어로 표시된 옵션을 찾아야 합니다. 취소 절차를 시작하려면 클릭하세요. 5. 추가 지침을 따라 주세요. 플랫폼에 따라 취소를 완료하기 위한 몇 가지 추가 단계나 질문이 있을 수 있습니다. 제공된 지침을 따라 주세요. 어려움이 있거나 추가 질문이 있는 경우 [운영시간/기간]에 당사의 전담 고객 지원팀에 문의하실 수 있습니다. 즉각적인 도움을 받으려면 언제든지 [고객센터전화번호]로 전화하거나 웹사이트 [웹사이트/메뉴]의 라이브 채팅 기능을 사용하세요. 저희는 고객 만족을 소중히 여기며 모든 단계에서 고객님을 지원하기 위해 여기 있습니다."
BQZ,[주문/송장번호]를 취소하는 데 도움이 필요합니다,주문,주문 취소,주문 번호 [주문/송장번호]로 주문을 취소하는 데 도움이 필요하다는 점을 인정합니다. 이로 인해 불편을 끼쳐드려 죄송합니다. 취소를 처리하려면 다음 단계를 따르세요. 1. 계정에 로그인하세요. [웹사이트/메뉴]에 로그인하여 플랫폼에 액세스하세요. 2. 주문 내역으로 이동합니다. 로그인한 후 '[웹사이트/메뉴]' 또는 '[웹사이트/메뉴]' 섹션으로 이동합니다. 3. 특정 주문을 찾으십시오. 주문 번호가 [주문/송장번호]인 주문을 찾으십시오. 4. 취소 시작: 주문을 클릭하여 세부정보를 확인한 후 '[웹사이트/메뉴]' 옵션을 선택하세요. 5. 취소 확인: 안내에 따라 필요한 피드백을 제공하여 취소 절차를 완료합니다. 어려움이 있거나 추가 질문이 있는 경우 [운영시간/기간]([고객센터전화번호]) 또는 [웹사이트/메뉴]의 라이브 채팅 기능을 통해 전담 고객 지원팀에 문의하실 수 있습니다. 저희는 고객 만족을 소중히 여기며 모든 단계에서 고객님을 도와드릴 것입니다.
BCLN,이 상품을 구매할 여유가 없어서 주문을 취소하려고 합니다. [주문/송장번호],주문,주문 취소,"고객님이 재정 상황이 어려워 주문 번호 [주문/송장번호]로 주문을 취소하는 데 도움이 필요하다는 것은 착각이 아닙니다. 저희는 고객님이 이 과정을 탐색하는 데 도와드리겠습니다. 할 수 있는 작업은 다음과 같습니다. 1. 계정에 로그인하세요. [웹사이트/메뉴]에 로그인하여 플랫폼에 액세스하세요. 2. 주문으로 이동하세요. 로그인한 후 '[웹사이트/메뉴]' 또는 '[웹사이트/메뉴]' 섹션으로 이동하세요. 3. 주문 찾기: ​​주문 번호가 [주문/송장번호]인 주문을 찾으세요. 클릭하시면 세부정보를 확인하실 수 있습니다. 4. 취소를 시작합니다. 주문 세부정보에서 '[웹사이트/메뉴]' 옵션을 찾을 수 있습니다. 취소 절차를 시작하려면 이를 선택하세요. 5. 추가 단계를 따르세요. 시스템에서 피드백을 제공하거나 취소를 확인하라는 메시지를 표시할 수 있습니다. 필수 필드나 질문을 작성해 주세요. 어려움이 있거나 추가 질문이 있는 경우 [운영시간/기간]에 당사의 전담 지원팀에 문의하세요. 언제든지 [고객센터전화번호]로 전화하거나 당사 웹사이트 [웹사이트/메뉴]의 라이브 채팅 기능을 통해 문의하거나 [이메일주소]로 이메일을 보내주세요. 고객님의 이해에 감사드리며, 이 기간 동안 고객님을 지원하기 위해 최선을 다하고 있습니다."
BLQ,구매를 취소하는 방법을 모르겠습니다 [주문/송장번호],주문,주문 취소,주문 번호 [주문/송장번호]로 구매를 취소하는 데 대해 혼란을 겪고 계십니다. 저는 고객님께 필요한 지침을 제공해 드리겠습니다. 구매를 취소하려면 다음 단계를 따르세요. 1. 고객님의 계정에 로그인하십시오: 고객님의 로그인 정보를 사용하여 당사 플랫폼에 로그인하십시오. 2. 주문 찾기: ​​로그인한 후 '[웹사이트/메뉴]' 또는 '[웹사이트/메뉴]' 섹션으로 이동하세요. 3. 구매 찾기: 이 섹션에서 주문 번호 [주문/송장번호]와 관련된 구매를 찾아 클릭합니다. 4. 취소 시작: 구매에 연결된 '[웹사이트/메뉴]' 옵션이 표시됩니다. 취소 절차를 시작하려면 이 옵션을 선택하세요. 5. 추가 단계를 따라 주세요. 시스템에서 몇 가지 질문이나 추가 확인 단계를 묻는 메시지를 표시할 수 있습니다. 지시에 따라 다음 단계를 완료하세요. 어려움이 있거나 추가 질문이 있는 경우 당사의 전담 지원팀이 언제든지 도움을 드릴 수 있습니다. [운영시간/기간] 동안 [고객센터전화번호]로 연락하거나 당사 웹사이트 [웹사이트/메뉴]의 라이브 채팅 기능을 통해 연락하실 수 있습니다. 고객 만족이 저희의 최우선 사항이며 고객님이 성공적으로 구매를 취소할 수 있도록 최선을 다해 도와드리겠습니다.
BNZ,[주문/송장번호] 주문에 대해 결제할 수 없습니다.,주문,주문 취소,"저는 [주문/송장번호] 주문에 대해 지불할 수 없다는 것에 대한 고객님의 불만을 착각하지 않습니다. 저희 팀은 고객님이 해결책을 찾는 데 도움을 드리고 있습니다. 할 수 있는 작업은 다음과 같습니다. 1. 결제 정보를 다시 확인하세요. 카드 번호, 유효기간, CVV, 청구서 수신 주소 등 입력한 모든 결제 세부정보가 정확한지 확인하세요. 이러한 필드에 작은 오류가 있으면 결제 절차가 중단될 수 있습니다. 2. 다른 결제 방법을 사용해 보세요. 문제가 지속되면 다른 결제 방법을 사용해 보세요. 저희는 신용/직불 카드, 모바일 지갑 또는 대체 결제 플랫폼과 같은 다양한 결제 옵션을 제공합니다. 고객님께 가장 적합한 방법을 선택하십시오. 3. 은행이나 결제 서비스 제공업체에 문의하세요. 올바른 결제 정보를 입력하거나 다른 결제 방법을 사용해도 문제가 지속되면 은행이나 결제 서비스 제공업체에 문의하는 것이 좋습니다. 고객님의 계정이나 거래와 관련된 모든 문제에 대한 통찰력을 제공할 수 있습니다. 4. 고객 지원 참여: 당사의 전담 고객 지원 팀이 추가 지원을 제공해 드립니다. [운영시간/기간] 동안 [고객센터전화번호]로 문의해 주세요. 결제 문제를 해결하는 데 도움을 드리고 절차를 안내해 드리겠습니다. 결제 문제를 해결하고 원활한 거래 경험을 보장하기 위해 가능한 모든 조치를 취하겠습니다. 고객 만족은 우리에게 가장 중요합니다."
BLQZ,[주문/송장번호] 구매를 취소하는 방법을 모르겠습니다,주문,주문 취소,주문 번호 [주문/송장번호]로 구매를 취소하는 데 대해 혼란을 겪고 계십니다. 절차를 안내해 드리겠습니다. 1. 계정에 로그인: [웹사이트/메뉴]에 로그인하여 플랫폼에 액세스하세요. 2. 주문으로 이동하세요. 로그인한 후 '[웹사이트/메뉴]' 또는 '[웹사이트/메뉴]' 탭을 찾으세요. 3. 주문 찾기: ​​주문 번호가 [주문/송장번호]인 구매 항목을 찾아 클릭하세요. 4. 취소 시작: 구매와 관련된 '[웹사이트/메뉴]' 옵션이 표시됩니다. 이것을 선택해 주세요. 5. 필요한 단계를 완료하세요. 시스템에서 취소를 확인하거나 추가 세부정보를 제공하라는 메시지를 표시할 수 있습니다. 지침을 따라 주세요. 절차 중에 어려움이 발생하거나 더 많은 질문이 있는 경우 당사의 전담 지원팀이 도움을 드릴 수 있습니다. [운영시간/기간]([고객센터전화번호]) 동안 또는 당사 웹사이트([웹사이트/메뉴])의 라이브 채팅을 통해 연락하실 수 있습니다. 저희는 고객 만족을 보장하고 구매 취소와 관련하여 발생할 수 있는 모든 우려 사항을 해결하기 위해 최선을 다하고 있습니다.
BN,[주문/송장번호] 주문을 원하지 않습니다.,주문,주문 취소,더 이상 [주문/송장번호] 주문을 진행하고 싶지 않으신 것으로 확인되었습니다. 불편을 끼쳐드려 죄송합니다. 주문을 취소하는 데 도움을 받으려면 다음 단계를 따라 주세요. 1. 계정에 로그인: [웹사이트/메뉴]에 로그인하여 플랫폼에 액세스하세요. 2. 주문 찾기: ​​'[웹사이트/메뉴]' 또는 '[웹사이트/메뉴]' 섹션으로 이동합니다. 3. 주문 찾기: ​​[주문/송장번호] 번호와 관련된 주문을 찾아 클릭하세요. 4. 취소 시작: 이 특정 주문에 대해 '[웹사이트/메뉴]'라고 표시된 옵션이 표시됩니다. 선택해 주세요. 5. 취소 확인: 시스템에서 취소 확인을 요청할 수 있습니다. 지시에 따라 절차를 완료하십시오. 어려움이 있거나 추가 질문이 있는 경우 당사의 전담 고객 지원팀이 도움을 드릴 수 있습니다. [운영시간/기간] 동안 [고객센터전화번호]로 연락하거나 [웹사이트/메뉴]의 라이브 채팅 기능을 통해 연락하실 수 있습니다. 고객님의 이해에 감사드리며 고객 만족을 위해 노력하겠습니다.
BCL,"일부 상품을 구매했는데, 주문 취소 [주문/송장번호]",주문,주문 취소,"주문 번호 [주문/송장번호]의 주문을 취소하는 데 도움을 요청하신 것으로 확인되었습니다. 불편을 끼쳐드려 죄송하며 최선을 다해 도와드리겠습니다. 주문을 취소하려면 다음 단계를 따르세요. 1. 고객님의 계정에 로그인하십시오: 고객님의 로그인 정보를 사용하여 [웹사이트/메뉴]에 로그인하십시오. 2. 주문을 찾으세요. '[웹사이트/메뉴]' 또는 '[웹사이트/메뉴]' 섹션으로 이동하세요. 3. 특정 주문 찾기: ​​주문 번호가 [주문/송장번호]인 주문을 찾습니다. 4. 취소 시작: 주문을 클릭하고 '[웹사이트/메뉴]' 옵션을 찾습니다. 5. 취소 확인: 주문 취소 사유를 입력하라는 메시지가 표시될 수 있습니다. 해당 사유를 선택하신 후 취소를 확인해 주세요. 어려움이 있거나 추가 질문이 있는 경우 당사의 전담 고객 지원팀이 도움을 드릴 수 있습니다. [운영시간/기간]([고객센터전화번호]) 중에 또는 당사 웹사이트([웹사이트/메뉴])의 라이브 채팅을 통해 연락하실 수 있습니다. 고객님의 양해 부탁드리며, 만족하실 수 있도록 최선을 다하겠습니다."
BILQ,구매를 취소하려면 어떻게 해야 하나요 [주문/송장번호],주문,주문 취소,"구매 취소 [주문/송장번호]에 대한 안내를 찾고 계신 것으로 확인됩니다. 불편을 끼쳐드려 죄송하며, 취소 절차를 도와드리겠습니다. 다음 단계를 따라 주세요. 1. 계정에 로그인: [웹사이트/메뉴]에 로그인하여 플랫폼에 액세스하세요. 2. 주문으로 이동합니다. 로그인한 후 '[웹사이트/메뉴]' 또는 '[웹사이트/메뉴]' 섹션을 찾아 선택합니다. 3. 구매 내역 찾기: 주문 내역에서 주문 번호 [주문/송장번호]로 구매 내역을 확인할 수 있습니다. 클릭하시면 세부정보를 보실 수 있습니다. 4. 취소 시작: 구매와 관련된 '[웹사이트/메뉴]' 옵션을 찾으세요. 그것을 클릭해 주세요. 5. 추가 단계를 완료하세요. 취소 이유를 제공하거나 피드백을 제공하라는 메시지가 표시될 수 있습니다. 안내에 따라 필수 정보를 입력해 주세요. 절차 중에 어려움이 발생하거나 추가 질문이 있는 경우 [운영시간/기간] 동안 당사의 전담 지원팀이 도움을 드릴 수 있습니다. [고객센터전화번호]로 연락하시거나 [웹사이트/메뉴]에서 라이브 채팅 기능을 사용하실 수 있습니다. 고객 만족이 저희의 최우선 사항입니다. 이 문제에 대한 고객님의 이해에 감사드립니다."
BCEILN,구매한 상품이 마음에 들지 않습니다. 주문을 취소할 수 있나요?,주문,주문 취소,저는 고객님의 상황을 파악하고 있으며 고객님이 구매한 품목을 더 이상 원하지 않기 때문에 주문을 취소하고 싶습니다. 취소 절차를 도와드리겠습니다. 주문을 취소하려면 다음 단계를 따르세요. 1. 계정에 액세스하세요. 사용자 이름과 비밀번호를 사용하여 [웹사이트/메뉴]에 로그인하세요. 2. 주문으로 이동합니다. 로그인한 후 '[웹사이트/메뉴]' 또는 '[웹사이트/메뉴]' 섹션으로 이동합니다. 3. 주문 확인: 더 이상 원하지 않는 품목이 포함된 주문을 찾으십시오. 4. 취소 시작: 주문 세부정보 내에서 '[웹사이트/메뉴]' 옵션을 찾을 수 있습니다. 취소 절차를 시작하려면 클릭하세요. 5. 취소 확인: 진행하기 전에 시스템에서 결정을 확인하도록 요청할 수 있습니다. 필요한 확인을 제공해 주십시오. 어려움이 있거나 추가 질문이 있는 경우 [운영시간/기간] 동안 전담 지원팀이 도움을 드릴 수 있습니다. [고객센터전화번호]로 전화하거나 [웹사이트/메뉴]의 라이브 채팅 기능을 통해 연락하실 수 있습니다. 저희는 고객 만족을 보장하고 취소 절차 전반에 걸쳐 고객님을 지원하기 위해 최선을 다할 것입니다.
BCZ,물건을 구매했습니다. 구매 취소를 도와주세요 [주문/송장번호],주문,주문 취소,최근에 구매하셨는데 취소하는 데 도움이 필요하신 것으로 확인되었습니다. 절차를 안내하고 원활한 취소가 이루어지도록 도와드리겠습니다. 진행 방법은 다음과 같습니다. 1. 먼저 [웹사이트/메뉴]에서 고객님의 계정에 로그인하세요. 2. 로그인 후 '[웹사이트/메뉴]' 또는 '[웹사이트/메뉴]' 섹션으로 이동하세요. 3. 주문 번호가 [주문/송장번호]인 구매 항목을 찾아 클릭하면 세부 정보를 볼 수 있습니다. 4. 구매 세부정보에서 '[웹사이트/메뉴]' 옵션을 찾으세요. 취소를 시작하려면 클릭하세요. 5. 확인이나 피드백을 위해 몇 가지 질문을 받을 수 있습니다. 필요한 정보를 제공해 주십시오. 어려움이 있거나 추가 질문이 있는 경우 당사의 전담 지원팀이 도움을 드릴 수 있습니다. [운영시간/기간] 중에 [고객센터전화번호]로 연락하거나 [웹사이트/메뉴]의 라이브 채팅 기능을 통해 언제든지 연락하세요. 고객 만족이 저희의 최우선 과제이며 고객님께 원활한 경험을 보장하기 위해 왔습니다.
BILQ,내가 구매한 것을 취소하는 방법,주문,주문 취소,확실히! 구매를 취소하고 싶다는 점을 이해합니다. 절차를 단계별로 안내해 드리겠습니다. 1. 로그인 정보를 사용하여 [웹사이트/메뉴]에 로그인합니다. 2. 이전 구매 목록을 찾을 수 있는 '[웹사이트/메뉴]' 또는 '[웹사이트/메뉴]' 섹션으로 이동하세요. 3. 취소하려는 특정 구매를 확인합니다. 주문 번호나 날짜로 검색해야 할 수도 있습니다. 4. 구매 항목을 찾은 후 '[웹사이트/메뉴]' 또는 이와 유사한 옵션을 찾으세요. 그것을 클릭하세요. 5. 시스템에서 제공하는 지침에 따라 취소 절차를 완료합니다. 도중에 어려움이 있거나 질문이 있는 경우 전담 고객 지원팀이 도움을 드립니다. [운영시간/기간]([고객센터전화번호]) 중에 또는 당사 웹사이트([웹사이트/메뉴])의 라이브 채팅을 통해 연락하실 수 있습니다. 저희는 고객 만족을 소중히 여기며 고객님의 취소 요청을 돕기 위해 최선을 다할 것입니다.
BZ,주문 취소 도와주세요 [주문/송장번호],주문,주문 취소,[주문/송장번호] 주문을 취소하는 데 도움이 필요하다는 것을 깨달았습니다. 이번 문제로 인해 불편을 끼쳐드려 죄송합니다. 해결책을 찾기 위해 함께 노력합시다: 1. 고객님의 계정에 액세스하십시오: 고객님의 로그인 정보를 사용하여 [웹사이트/메뉴]에 로그인하십시오. 2. 주문 찾기: ​​로그인한 후 '[웹사이트/메뉴]' 또는 '[웹사이트/메뉴]' 섹션으로 이동하세요. 3. 관련 주문 확인: [주문/송장번호] 번호로 주문을 검색합니다. 클릭하시면 세부정보를 보실 수 있습니다. 4. 취소를 시작합니다. 특정 주문과 관련된 '[웹사이트/메뉴]' 옵션을 찾으세요. 계속하려면 선택하세요. 5. 취소 확인: 시스템에서 취소 절차를 완료하라는 추가 단계를 따라 주세요. 어려움이 있거나 추가 질문이 있는 경우 [운영시간/기간] 중에 당사의 전담 지원팀이 도움을 드릴 수 있습니다. [고객센터전화번호]로 전화하거나 당사 웹사이트 [웹사이트/메뉴]의 라이브 채팅을 통해 문의하실 수 있습니다. 이 문제를 만족스럽게 해결하기 위해 노력하고 있으니 양해해 주셔서 감사합니다.
BCNPQZ,주문하고 싶지 않아요 [주문/송장번호] 취소하고 싶어요,주문,주문 취소,저는 고객님이 더 이상 주문 번호 [주문/송장번호]로 주문을 진행하고 싶지 않다는 것을 잘 알고 있습니다. 신속하고 원활하게 취소할 수 있도록 도와드리겠습니다. 주문을 취소하려면 다음 단계를 따르세요. 1. 계정에 로그인: [웹사이트/메뉴]에 로그인하여 플랫폼에 액세스하세요. 2. 주문 찾기: ​​'[웹사이트/메뉴]' 또는 '[웹사이트/메뉴]' 섹션으로 이동하여 주문을 찾으세요. 3. 주문 선택: 주문 번호 [주문/송장번호]가 포함된 특정 주문을 찾아 클릭하세요. 4. 취소 시작: 구매와 관련된 '[웹사이트/메뉴]' 옵션이 표시됩니다. 취소 절차를 시작하려면 이를 선택하세요. 5. 취소 확인: 시스템에서 취소 확인을 요청할 수 있습니다. 프롬프트를 따르고 필요한 피드백을 입력해 주세요. 어려움이 있거나 추가 질문이 있는 경우 [운영시간/기간] 동안 전담 지원팀이 도움을 드릴 수 있습니다. 언제든지 [고객센터전화번호]로 연락하시거나 [웹사이트/메뉴]에서 라이브 채팅 기능을 사용하세요. 이해해 주셔서 감사드리며 불편을 끼쳐드려 죄송합니다.
BLNZ,[주문/송장번호] 주문을 감당할 수 없습니다,주문,주문 취소,주문 번호 [주문/송장번호]로 주문할 여유가 없다는 점을 이해합니다. 저희 팀은 고객님을 지원하고 가능한 옵션을 탐색하기 위해 왔습니다. 지불 계획 조정이나 비용 절감에 도움이 될 수 있는 진행 중인 프로모션이나 할인 탐색과 같은 대체 솔루션에 대해 논의할 수 있습니다. 안심해 주세요. 저희는 고객 만족을 최우선으로 생각하며 적절한 해결책을 찾기 위해 함께 노력할 것입니다. [운영시간/기간]([고객센터전화번호]) 또는 당사 웹사이트([웹사이트/메뉴])의 라이브 채팅을 통해 문의해 주세요. 고객님의 행복과 재정적 안정은 우리에게 중요합니다.
BQZ,주문 [주문/송장번호]를 취소하는 데 문제가 있습니다.,주문,주문 취소,"주문 번호 [주문/송장번호]와 관련된 주문을 취소하는 데 어려움을 겪고 계시다는 점을 이해하며, 취소 절차를 안내해 드리겠습니다. 안심해 주세요. 이 문제를 해결하는 데 최선을 다해 도와드리겠습니다. 주문을 취소하려면 다음 단계를 따르세요. 1. [웹사이트/메뉴]에서 고객님의 계정에 로그인하세요. 2. ""[웹사이트/메뉴]"" 또는 ""[웹사이트/메뉴]"" 섹션을 찾으세요. 3. 주문 번호가 [주문/송장번호]인 주문을 찾아 클릭하여 세부 정보를 확인하세요. 4. 구매와 관련된 ""[웹사이트/메뉴]"" 옵션을 찾아 선택하세요. 5. 메시지가 표시되면 필요한 추가 정보나 피드백을 제공하여 취소 절차를 완료합니다. 어려움이 있거나 추가 질문이나 문의 사항이 있는 경우 당사의 전담 지원팀이 도움을 드릴 수 있습니다. [운영시간/기간] 동안 [고객센터전화번호]로 연락하거나 당사 웹사이트 [웹사이트/메뉴]의 라이브 채팅 기능을 통해 연락하실 수 있습니다. 고객 만족이 저희의 최우선 사항이며, 이 문제의 원활한 해결을 위해 최선을 다하겠습니다."
BKLZ,구매 취소370795561790,주문,주문 취소,"저는 고객님의 편입니다. 주문 번호 [주문/송장번호]로 구매를 취소해야 합니다. 저희는 고객님이 걱정하지 않기를 바라며, 모든 단계에서 고객님을 도와드릴 것입니다. 진행 방법은 다음과 같습니다. 1. 계정에 로그인하세요. 먼저 [웹사이트/메뉴]에 로그인하세요. 2. 주문 내역에 액세스하세요. 로그인한 후 '[웹사이트/메뉴]' 또는 '[웹사이트/메뉴]' 섹션으로 이동하세요. 3. 관련 구매를 찾습니다. 주문 번호 [주문/송장번호]와 관련된 구매를 찾아 클릭하여 세부 정보를 확인합니다. 4. 취소 시작: 구매 옆에 '[웹사이트/메뉴]'라고 표시된 옵션이 표시됩니다. 취소 절차를 시작하려면 이를 선택하세요. 5. 추가 지침을 따라 주세요. 시스템 요구 사항에 따라 추가 정보나 피드백을 제공하라는 요청을 받을 수 있습니다. 이에 따라 지침을 따라 주세요. 어려움이 있거나 궁금한 점이 있으면 주저하지 말고 전담 지원팀에 문의하세요. [운영시간/기간] 중에 [고객센터전화번호]로 문의하거나 [웹사이트/메뉴]에서 라이브 채팅 기능을 이용할 수 있습니다. 저희는 고객 만족을 소중히 여기며 원활한 경험을 보장하기 위해 최선을 다하고 있습니다."
BCZ,[주문/송장번호] 주문을 취소해야 하는데 도움이 필요합니다,주문,주문 취소,"[주문/송장번호] 번호로 주문을 취소하는 데 도움이 필요하신 것으로 확인되었습니다. 저는 고객님께 그 과정을 안내하기 위해 왔습니다. 할 수 있는 작업은 다음과 같습니다. 1. 계정에 로그인: [웹사이트/메뉴]에 로그인하여 플랫폼에 액세스하세요. 2. 주문으로 이동하세요. 로그인한 후 '[웹사이트/메뉴]' 또는 '[웹사이트/메뉴]' 섹션을 찾으세요. 3. 주문 찾기: ​​주문 번호 [주문/송장번호]와 관련된 구매를 찾습니다. 그것을 클릭하세요. 4. 취소 시작: 주문 세부정보 내에서 '[웹사이트/메뉴]' 옵션이 표시됩니다. 선택해 주세요. 5. 추가 단계를 따라 주세요. 시스템에서 추가 정보를 묻는 메시지를 표시하거나 확인을 요청할 수 있습니다. 해당 단계를 완료해 주시기 바랍니다. 진행 중에 어려움이 있거나 추가 문의 사항이 있는 경우, 주저하지 마시고 전담 고객 지원팀에 문의해 주세요. [운영시간/기간] 동안 [고객센터전화번호]로 연락하거나 당사 웹사이트 [웹사이트/메뉴]에서 라이브 채팅을 할 수 있습니다. 고객 만족이 저희의 최우선 사항이며, 저희는 모든 단계에서 고객님을 지원하기 위해 여기 있습니다."
BILQ,구매를 취소하는 데 도움을 주실 수 있나요 [주문/송장번호],주문,주문 취소,[주문/송장번호] 구매 취소와 관련하여 도움을 요청하신다는 연락을 받았습니다. 이로 인해 불편을 끼쳐드려 죄송합니다. 취소 절차에 도움을 받으려면 다음 단계를 따르세요. 1. 고객님의 계정에 로그인하십시오: [웹사이트/메뉴]를 방문하여 고객님의 로그인 정보를 사용하여 로그인하십시오. 2. 주문 내역에 액세스하세요. 로그인한 후 '[웹사이트/메뉴]' 또는 '[웹사이트/메뉴]' 섹션으로 이동하세요. 3. 구매 찾기: 주문 번호 [주문/송장번호]와 관련된 구매를 찾아 클릭하고 자세한 내용을 확인하세요. 4. 취소 시작: 구매 세부정보에서 '[웹사이트/메뉴]' 옵션을 찾으세요. 계속하려면 선택하세요. 5. 추가 단계를 완료하세요. 시스템에서 취소와 관련된 일부 정보나 피드백을 요청할 수 있습니다. 필요한 세부정보를 제공해 주세요. 어려움이 있거나 추가 질문이 있는 경우 [운영시간/기간]([고객센터전화번호]) 또는 당사 웹사이트([웹사이트/메뉴])의 라이브 채팅을 통해 전담 고객 지원팀에 문의하실 수 있습니다. 저희는 고객 만족을 소중히 여기며 고객님의 구매를 취소할 수 있도록 최선을 다해 도와드리겠습니다.
BCLMW,망할 물건 샀는데 주문 취소 [주문/송장번호],주문,주문 취소,"고객님께서 [주문/송장번호] 주문을 취소하려고 하신다는 것을 확실히 알고 있습니다. 이번 구매로 인해 불편을 끼쳐드려 죄송합니다. 취소 절차를 안내해 드리겠습니다. 1. 고객님의 계정에 로그인하십시오: [웹사이트/메뉴]에서 고객님의 계정에 로그인하십시오. 2. 주문에 액세스하세요. 로그인한 후 '[웹사이트/메뉴]' 또는 '[웹사이트/메뉴]' 섹션으로 이동하세요. 3. 관련 주문을 찾습니다. 번호가 [주문/송장번호]인 주문을 찾아 클릭하여 세부정보를 확인합니다. 4. 취소를 시작합니다. 구매와 관련된 ""[웹사이트/메뉴]"" 옵션을 찾아야 합니다. 취소를 시작하려면 클릭하세요. 5. 프롬프트를 따라 주세요. 시스템에서 추가 정보나 피드백을 요청할 수 있습니다. 계속 진행하려면 필요한 세부 정보를 입력하세요. 어려움이 있거나 추가 질문이 있는 경우 당사의 전담 지원팀이 도움을 드릴 준비가 되어 있습니다. [운영시간/기간] 동안 [고객센터전화번호]로 연락하거나 [웹사이트/메뉴]의 라이브 채팅을 통해 우리와 연결할 수 있습니다. 저희는 고객 만족을 보장하기 위해 노력하고 취소 절차 전반에 걸쳐 이해해 주셔서 감사합니다."
BLQZ,구매 취소 [주문/송장번호]에 도움이 필요합니다,주문,주문 취소,"요청하신 내용을 확인 중입니다. 주문 번호 [주문/송장번호]로 구매를 취소하는 데 도움이 필요합니다. 원활하고 효율적인 취소 절차를 보장하려면 다음 단계를 따라 주세요. 1. 계정에 로그인하세요. 로그인 정보를 사용하여 [웹사이트/메뉴]에 로그인하세요. 2. 주문 찾기: ​​""[웹사이트/메뉴]"" 또는 ""[웹사이트/메뉴]"" 섹션으로 이동하여 구매 목록을 확인하세요. 3. 관련 구매 찾기: 주문 번호 [주문/송장번호]와 관련된 구매를 찾아 클릭하여 세부 정보에 액세스합니다. 4. 취소 시작: 구매 세부정보 페이지에서 ""[웹사이트/메뉴]"" 옵션을 찾으세요. 취소 절차를 시작하려면 이 옵션을 선택하세요. 5. 취소 확인: 취소가 제대로 이루어졌는지 확인하기 위해 시스템에서 몇 가지 질문이나 확인 메시지를 표시할 수 있습니다. 필요한 정보를 제공하고 메시지가 표시되면 취소를 확인하십시오. 6. 확인 수신: 취소가 완료되면 이메일이나 계정 대시보드를 통해 확인 메시지를 받게 됩니다. 이 과정에서 어려움을 겪거나 추가 질문이 있는 경우 당사의 전담 고객 지원팀이 도움을 드릴 수 있습니다. [운영시간/기간] 동안 [고객센터전화번호]로 연락하거나 [웹사이트/메뉴]의 라이브 채팅 기능을 사용하여 연락하실 수 있습니다. 저희는 고객 만족을 소중히 여기며 취소 절차를 최대한 원활하게 진행하기 위해 노력하고 있습니다."
BLQ,구매를 취소하는 데 문제가 있습니다 [주문/송장번호],주문,주문 취소,"구매 번호 [주문/송장번호]로 구매를 취소하는 데 문제가 있는 것으로 확인되었습니다. 고객님이 겪을 수 있는 어려움에 대해 사과드립니다. 안심하세요. 저는 이 문제를 해결하는 데 도움을 드리고 있습니다. 추가 지원을 받으려면 취소 과정에서 발생한 문제에 대한 추가 정보가 필요합니다. 발생한 경우 구체적인 세부정보나 오류 메시지를 제공해 주세요. 이를 통해 문제를 정확히 찾아내고 가장 적절한 해결책을 제안할 수 있습니다. 고객님의 상황을 검토하는 동안 언제든지 당사 플랫폼의 다른 영역을 탐색하거나 고객 지원팀([고객센터전화번호])에 연락하여 즉각적인 도움을 받으시기 바랍니다. 고객 만족이 저희의 최우선 과제이며, 문제를 해결하는 동안 양해해 주셔서 감사합니다."
BCLNP,더 이상 [주문/송장번호] 주문을 원하지 않습니다. 취소하고 싶습니다.,주문,주문 취소,고객님이 내려놓으신 내용을 확인하고 있습니다. 주문 취소 [주문/송장번호]가 고객님께 중요하다는 점을 알려드립니다. 안심하세요. 취소 절차를 도와드리겠습니다. 진행 방법은 다음과 같습니다. 1. 계정에 로그인하세요. [웹사이트/메뉴]에 로그인하여 플랫폼에 액세스하세요. 2. 주문으로 이동하세요. 로그인한 후 '[웹사이트/메뉴]' 또는 '[웹사이트/메뉴]' 섹션으로 이동하세요. 3. 주문 찾기: ​​주문 번호 [주문/송장번호]와 관련된 특정 구매를 찾습니다. 자세한 내용을 보려면 클릭하세요. 4. 취소 시작: 구매에 연결된 '[웹사이트/메뉴]' 옵션을 찾을 수 있습니다. 이것을 선택해 주세요. 5. 추가 단계를 따라 주세요. 당사 시스템에서는 확인이나 피드백을 위해 몇 가지 질문을 더 요구할 수 있습니다. 이에 협조해 주시기 바랍니다. 장애물이 있거나 추가 문의사항이 있는 경우 언제든지 당사 전담 지원팀에 문의해 주세요. [운영시간/기간] 중에 [고객센터전화번호]로 문의하거나 [웹사이트/메뉴]에서 라이브 채팅 기능을 이용할 수 있습니다. 고객 만족이 저희의 최우선 과제이며 고객님께 필요한 지원을 제공하기 위해 최선을 다하고 있음을 기억하십시오.
BLQZ,도움이 필요합니다. 구매 취소 중 [주문/송장번호],주문,주문 취소,"[주문/송장번호] 구매를 취소하는 데 도움이 필요하다는 점을 확인했으며, 절차를 안내해 드리겠습니다. 다음 단계를 따라 주세요. 1. 계정에 액세스하세요. [웹사이트/메뉴]를 방문하여 로그인 정보를 사용하여 로그인하세요. 2. 구매 항목 찾기: 계정 내 '[웹사이트/메뉴]' 또는 '[웹사이트/메뉴]' 섹션으로 이동하세요. 3. 관련 구매 찾기: 주문 번호 [주문/송장번호]와 관련된 구매를 찾아 클릭하여 세부 정보를 확인합니다. 4. 취소를 시작합니다. '[웹사이트/메뉴]' 또는 이와 유사한 옵션이 표시되어야 합니다. 취소 절차를 시작하려면 선택하세요. 5. 추가 지침을 따라 주세요. 시스템에서 취소 확인이나 피드백 제공을 요청할 수 있습니다. 필요한 단계를 완료해 주시기 바랍니다. 어려움이 있거나 추가 질문이 있는 경우 당사의 전담 지원팀이 도움을 드릴 수 있습니다. [운영시간/기간] 동안 [고객센터전화번호]로 연락하거나 [웹사이트/메뉴]에서 라이브 채팅 기능을 사용할 수 있습니다. 고객 만족이 최우선이며 원활한 취소 경험을 보장하기 위해 노력하고 있습니다."
BQZ,[주문/송장번호]를 취소하려면 도움이 필요합니다.,주문,주문 취소,"주문 번호 [주문/송장번호]로 주문을 취소하는 데 도움이 필요하다는 것을 확인했습니다. 고객 만족이 저희의 최우선 사항이며, 제가 그 과정을 안내해 드리겠습니다. 주문을 취소하려면 다음 단계를 따르세요. 1. 계정에 로그인: [웹사이트/메뉴]에 로그인하여 플랫폼에 액세스하세요. 2. 주문 찾기: ​​로그인한 후 '[웹사이트/메뉴]' 또는 '[웹사이트/메뉴]' 섹션으로 이동하세요. 3. 주문 번호 찾기: 주문 번호 [주문/송장번호]를 찾아 클릭하세요. 4. 취소 시작: 주문 세부 정보 페이지에서 '[웹사이트/메뉴]' 옵션을 찾을 수 있습니다. 취소 절차를 시작하려면 이를 선택하세요. 5. 취소 확인: 시스템에서 취소 확인 메시지를 표시할 수 있습니다. 취소내역을 확인하신 후 진행하시기 바랍니다. 6. 후속 조치: 취소가 완료되면 세부 정보가 포함된 확인 이메일을 받게 됩니다. 어려움이 있거나 추가 질문이 있는 경우 [운영시간/기간]에 당사의 전담 지원팀이 도움을 드릴 수 있습니다. [고객센터전화번호]로 연락하시거나 [웹사이트/메뉴]의 라이브 채팅 기능을 통해 연락하실 수 있습니다. 고객님의 이해에 감사드리며 고객님의 요청을 최대한 빨리 해결하기 위해 최선을 다하고 있습니다."
BQZ,주문 취소에 대한 도움을 원합니다 [주문/송장번호],주문,주문 취소,"[주문/송장번호] 주문 취소와 관련하여 도움을 구하고 계신 것으로 확인되었습니다. 고객님의 요청은 우리에게 중요하며, 제가 그 과정을 안내해 드리겠습니다. 다음 단계를 따라 주세요. 1. 고객님의 계정에 로그인하십시오: [웹사이트/메뉴]에 액세스하고 로그인 정보를 입력하십시오. 2. 주문 찾기: ​​로그인한 후 '[웹사이트/메뉴]' 또는 '[웹사이트/메뉴]' 섹션으로 이동하세요. 3. 관련 주문 찾기: ​​주문 번호 [주문/송장번호]와 관련된 구매를 찾아 클릭합니다. 4. 취소 시작: 주문 세부정보 페이지에서 '[웹사이트/메뉴]' 옵션을 찾으세요. 이 옵션을 선택해 주세요. 5. 취소 확인: 시스템에서 취소를 진행하기 위해 최종 확인을 요청할 수 있습니다. 정보를 검토하고 결정을 확인하시기 바랍니다. 도중에 어려움이 있거나 추가 문의사항이 있는 경우 당사의 전담 지원팀이 도움을 드릴 수 있습니다. [운영시간/기간] 동안 [고객센터전화번호]로 연락하시거나 저희 웹사이트 [웹사이트/메뉴]에서 라이브 채팅 기능을 활용해 보세요. 저희는 고객님의 양해에 감사드리며 고객 만족을 소중히 여깁니다."
BCILNP,[주문/송장번호]를 구매할 여유가 없습니다. 취소해 주실 수 있나요?,주문,주문 취소,고객님이 재정적인 어려움에 처해 있으며 [주문/송장번호] 품목 구매를 취소하는 데 도움이 필요하다는 말씀이 무슨 뜻인지 알겠습니다. 저희는 고객님을 지원하고 적합한 솔루션을 찾기 위해 왔습니다. 취소를 진행하려면 다음 단계를 따르세요. 1. 고객님의 계정에 로그인하십시오: 고객님의 로그인 정보를 사용하여 [웹사이트/메뉴]에 액세스하여 시작하십시오. 2. 주문 찾기: ​​로그인한 후 '[웹사이트/메뉴]' 또는 '[웹사이트/메뉴]' 섹션으로 이동하세요. 3. 특정 구매 확인: 주문 번호 [주문/송장번호]와 관련된 구매를 찾습니다. 4. 취소 시작: 구매에 연결된 '[웹사이트/메뉴]' 옵션이 표시됩니다. 선택해 주세요. 5. 추가 프롬프트를 따라 주세요. 당사 시스템은 확인을 위해 몇 가지 질문을 하거나 피드백을 제공할 수 있습니다. 필요한 세부 정보를 제공하여 도움을 주세요. 이 과정에서 어려움을 겪거나 추가 질문이 있는 경우 당사의 전담 지원팀이 항상 도움을 드릴 준비가 되어 있습니다. [운영시간/기간] 중에 [고객센터전화번호]로 연락하거나 [웹사이트/메뉴]에서 라이브 채팅 기능을 사용하세요. 저희는 진심으로 고객 만족에 관심을 갖고 있으며 고객님께 원활한 경험을 보장하고 싶습니다.
BKLZ,구매 취소00123842,주문,주문 취소,[주문/송장번호] 구매를 취소하는 데 도움이 필요한 것으로 확인되었습니다. 저희의 최우선 과제는 고객님의 번거로움 없는 취소 절차를 보장하는 것입니다. 진행 방법은 다음과 같습니다. 1. 고객님의 계정에 로그인하십시오: [웹사이트/메뉴]로 가서 고객님의 로그인 정보를 사용하여 로그인하십시오. 2. 주문 찾기: ​​포털 내에서 '[웹사이트/메뉴]' 또는 '[웹사이트/메뉴]' 섹션으로 이동합니다. 3. 올바른 구매 항목 찾기: 주문 번호 [주문/송장번호]와 관련된 구매 항목을 찾아 선택하여 세부 정보에 액세스합니다. 4. 취소를 시작합니다. '[웹사이트/메뉴]' 또는 이와 유사한 옵션이 표시됩니다. 취소 절차를 시작하려면 클릭하세요. 5. 추가 지침을 따라 주세요. 당사 시스템은 취소를 확인하거나 피드백을 수집하기 위해 몇 가지 질문을 할 수 있습니다. 표시된 대로 다음 단계를 완료하세요. 문제가 발생하거나 추가 지침이 필요한 경우 당사의 전담 지원팀이 도와드릴 준비가 되어 있습니다. [운영시간/기간] 중에 [고객센터전화번호]로 연락하거나 [웹사이트/메뉴]의 라이브 채팅을 통해 언제든지 연락하세요. 고객님의 이해에 감사드리며 고객 만족을 소중히 여깁니다.
BKLZ,구매 취소113542617735902,주문,주문 취소,구매 취소 [주문/송장번호]의 중요성을 이해합니다. 이에 대한 도움을 받으려면 다음 단계를 따라 주세요. 1. 고객님의 계정에 로그인하십시오: [웹사이트/메뉴]로 가서 고객님의 로그인 정보으로 로그인하십시오. 2. 주문에 액세스하세요. 로그인한 후 '[웹사이트/메뉴]' 또는 '[웹사이트/메뉴]' 섹션을 찾으세요. 3. 관련 구매 찾기: 주문 번호 [주문/송장번호]와 관련된 구매를 찾아 클릭합니다. 4. 취소 시작: 구매 세부정보 내에서 '[웹사이트/메뉴]' 옵션이 표시됩니다. 취소 절차를 시작하려면 선택하세요. 5. 피드백 확인 및 제공(필요한 경우): 당사 시스템은 고객님께 취소를 확인하고 피드백을 제공하라는 메시지를 표시할 수 있습니다. 다음 단계를 완료해 주세요. 어려움이 있거나 추가 질문이 있는 경우 당사의 전담 지원팀이 도움을 드릴 수 있습니다. [운영시간/기간]([고객센터전화번호]) 동안 또는 당사 웹사이트([웹사이트/메뉴])의 라이브 채팅을 통해 연락하실 수 있습니다. 고객 만족이 최우선이며 원활한 취소 절차를 보장하기 위해 노력하고 있습니다.
BCEILNQZ,이 제품에 대한 비용을 지불할 수 없습니다. 주문을 어떻게 취소하나요?,주문,주문 취소,고객님이 제품 대금을 결제할 수 없다는 것을 확인하여 주문을 취소하고 싶습니다. 이로 인해 불편을 끼쳐드려 죄송합니다. 이 문제를 해결해 보겠습니다. 1. 결제 옵션 확인: 유효하고 사용 가능한 자금이나 신용이 충분한 결제 방법을 선택했는지 확인하세요. 2. 결제 문제 해결: 특정 결제 오류 메시지나 문제가 발생한 경우 문제 해결에 도움을 드릴 수 있도록 자세한 내용을 제공해 주세요. 3. 고객 지원에 문의: 당사의 전담 고객 지원 팀이 주문 취소 및 결제 관련 문제 해결에 대해 추가 도움을 드릴 수 있습니다. [운영시간/기간]([고객센터전화번호]) 동안 또는 당사 웹사이트([웹사이트/메뉴])의 라이브 채팅 기능을 통해 연락하실 수 있습니다. 저희는 고객님께 원활한 경험을 제공하기 위해 최선을 다하고 있으며 주문 취소 및 결제 관련 문제 해결에 대해 추가로 도움을 드리겠습니다.
BCELV,일부 품목을 구입했는데 주문을 취소해야 합니다. [주문/송장번호],주문,주문 취소,"최근 구매를 하신 것으로 알고 있으며 주문 번호 [주문/송장번호]로 주문을 취소하고 싶습니다. 이로 인해 불편을 끼쳐드려 죄송합니다. 취소를 진행하려면 다음 단계를 따르세요. 1. 계정에 로그인: [웹사이트/메뉴]에 로그인하여 플랫폼에 액세스하세요. 2. 주문 내역 찾기: 로그인한 후 '[웹사이트/메뉴]' 또는 '[웹사이트/메뉴]' 섹션으로 이동하세요. 3. 구매 찾기: 주문 번호 [주문/송장번호]와 관련된 특정 구매를 찾아 클릭합니다. 4. 취소 시작: 구매 세부정보 내에서 '[웹사이트/메뉴]' 옵션을 찾을 수 있습니다. 이 옵션을 선택해 주세요. 5. 취소 확인: 시스템은 취소를 완료하기 전에 추가 정보나 확인을 요청할 수 있습니다. 필요한 세부 정보를 제공하거나 안내에 따라 계속 진행하세요. 취소 절차 중에 어려움이 있거나 추가 지원이 필요한 경우, 주저하지 마시고 전담 지원팀에 문의해 주세요. [운영시간/기간]([고객센터전화번호]) 동안 또는 당사 웹사이트([웹사이트/메뉴])의 라이브 채팅 기능을 통해 이용 가능합니다. 고객 만족이 저희의 최우선 사항이며, 저희는 모든 단계에서 고객님을 돕기 위해 여기 있습니다."
BIQ,[주문/송장번호] 주문을 어디서 취소하나요?,주문,주문 취소,고객님이 [주문/송장번호] 주문을 취소할 위치에 대한 정보를 찾고 있다는 사실을 알게 되었습니다. 주문을 취소하려면 다음 단계를 따르세요. 1. 로그인 정보를 사용하여 [웹사이트/메뉴]에 로그인합니다. 2. 계정의 '[웹사이트/메뉴]' 또는 '[웹사이트/메뉴]' 섹션으로 이동합니다. 3. 주문 번호가 [주문/송장번호]인 특정 주문을 찾으십시오. 4. 주문을 클릭하면 세부정보를 볼 수 있습니다. 5. '[웹사이트/메뉴]' 또는 이와 유사한 옵션을 찾으십시오. 6. 프롬프트에 따라 필요한 정보를 제공하여 취소 절차를 완료합니다. 어려움이 있거나 추가 질문이 있는 경우 당사의 전담 고객 지원팀이 도움을 드릴 수 있습니다. [운영시간/기간] 동안 [고객센터전화번호]로 연락하거나 당사 웹사이트 [웹사이트/메뉴]에서 라이브 채팅 기능을 사용할 수 있습니다. 저희는 서비스에 대한 고객 만족을 보장하기 위해 왔습니다.
BCLW,빌어먹을 제품을 구입했습니다. 주문 취소를 도와주세요 [주문/송장번호],주문,주문 취소,주문 번호 [주문/송장번호] 주문을 취소하는 데 도움을 요청하신 것으로 확인되었습니다. 불편을 끼쳐드려 죄송하며 취소 절차를 도와드리겠습니다. 주문을 취소하려면 다음 단계를 따르세요. 1. 계정에 로그인하세요. [웹사이트/메뉴]를 방문하여 로그인 정보를 사용하여 로그인하세요. 2. 주문 찾기: ​​로그인한 후 '[웹사이트/메뉴]' 또는 '[웹사이트/메뉴]' 섹션으로 이동하세요. 3. 관련 구매 확인: [주문/송장번호] 번호의 주문을 찾아 클릭하여 자세한 내용을 확인하세요. 4. 취소 시작: 구매와 관련된 '[웹사이트/메뉴]' 옵션이 표시됩니다. 취소 절차를 시작하려면 이를 선택하세요. 5. 추가 단계를 완료하세요. 취소를 확인하고 처리하기 위해 시스템에서 몇 가지 질문이 표시되거나 추가 정보가 필요할 수 있습니다. 계속하려면 요청된 세부정보를 제공해 주시기 바랍니다. 어려움이 있거나 추가 질문이 있는 경우 [운영시간/기간] 중에 당사의 전담 지원팀이 도움을 드릴 수 있습니다. [고객센터전화번호]로 연락하시거나 [웹사이트/메뉴]의 라이브 채팅 기능을 통해 연락하실 수 있습니다. 고객님의 인내심과 이해에 감사드리며 고객님의 취소 요청이 원활하고 효율적으로 처리될 수 있도록 최선을 다하겠습니다.
BCL,일부 물품을 주문했는데 구매 취소 [주문/송장번호],주문,주문 취소,"저는 고객님이 물품을 주문했다는 것을 잘 알고 있으며 이제 주문 번호 [주문/송장번호]로 구매를 취소하고 싶습니다. 저는 고객님을 돕기 위해 여기 있습니다. 구매를 취소하려면 다음 단계를 따르세요. 1. 고객님의 계정에 로그인하십시오: [웹사이트/메뉴]로 이동하여 고객님의 로그인 정보를 사용하여 로그인하십시오. 2. 주문으로 이동합니다. 로그인한 후 '[웹사이트/메뉴]' 또는 '[웹사이트/메뉴]' 섹션을 찾으세요. 3. 구매 찾기: 주문 번호 [주문/송장번호]에 해당하는 구매를 찾아 클릭하세요. 4. 취소를 시작합니다. 주문 세부정보에 '[웹사이트/메뉴]' 옵션이 표시됩니다. 계속하려면 해당 항목을 선택하세요. 5. 취소 확인: 시스템에서 취소 확인을 요청할 수 있습니다. 화면의 지시에 따라 절차를 완료하세요. 어려움이 있거나 추가 질문이 있는 경우 당사의 전담 지원팀이 도움을 드릴 수 있습니다. [운영시간/기간] 중에 [고객센터전화번호]로 연락하거나 [웹사이트/메뉴]에서 라이브 채팅 기능을 사용할 수 있습니다. 고객 만족이 저희의 최우선 사항이며, 취소 절차가 최대한 원활하게 진행될 수 있도록 도와드리겠습니다."
BCNQZ,[주문/송장번호] 주문할 생각 없어 취소해,주문,주문 취소,저도 같은 생각입니다. 주문 번호 [주문/송장번호] 취소에 대한 우려입니다. 저희 팀이 고객님을 돕기 위해 여기 있습니다. 주문을 취소하려면 다음 단계를 따르세요. 1. 계정에 로그인: 로그인 정보를 사용하여 [웹사이트/메뉴]에 로그인하세요. 2. 주문으로 이동합니다. 로그인한 후 '[웹사이트/메뉴]' 또는 '[웹사이트/메뉴]' 섹션으로 이동합니다. 3. 주문 찾기: ​​주문 번호 [주문/송장번호]로 특정 구매를 찾아 클릭하고 자세한 내용을 확인하세요. 4. 취소 시작: 주문과 관련된 '[웹사이트/메뉴]' 버튼이 표시됩니다. 취소를 요청하시려면 클릭해 주세요. 5. 피드백 제공(선택 사항): 원하는 경우 피드백이나 주문 취소 이유를 제공할 수 있습니다. 이 단계는 선택 사항이지만 서비스를 개선하는 데 도움이 됩니다. 어려움이 있거나 추가 질문이 있는 경우 [운영시간/기간]에 당사의 전담 고객 지원팀에 문의하실 수 있습니다. [고객센터전화번호]로 전화하거나 당사 웹사이트 [웹사이트/메뉴]에서 라이브 채팅 기능을 사용하여 당사에 연락할 수 있습니다. 저희는 고객님의 서비스 만족을 보장하기 위해 최선을 다하고 있습니다.
BNQZ,난 [주문/송장번호]를 원하지 않아,주문,주문 취소,더 이상 [주문/송장번호] 주문을 원하지 않는다는 고객님의 결정을 이해합니다. 저희는 고객 만족을 소중히 여기며 고객님을 돕기 위해 왔습니다. 주문을 취소하려면 다음 단계를 따르세요. 1. 계정에 로그인하세요. [웹사이트/메뉴]에 로그인하여 플랫폼에 액세스하세요. 2. 주문 찾기: ​​로그인한 후 '[웹사이트/메뉴]' 또는 '[웹사이트/메뉴]' 섹션으로 이동하세요. 3. 주문 찾기: ​​이 섹션에는 [주문/송장번호] 번호의 주문이 표시됩니다. 자세한 내용을 보려면 클릭하세요. 4. 취소 시작: 주문과 관련된 '[웹사이트/메뉴]' 옵션을 찾으세요. 이것을 선택해 주세요. 5. 추가 단계를 완료하세요. 시스템에서 확인이나 추가 피드백을 요청할 수 있습니다. 취소를 진행하려면 필요한 정보를 입력해주세요. 도중에 어려움이 있거나 추가 질문이 있는 경우 당사의 전담 지원팀이 도움을 드릴 준비가 되어 있습니다. [운영시간/기간] 중에 [고객센터전화번호]로 연락하거나 [웹사이트/메뉴]의 라이브 채팅 기능을 통해 연락하실 수 있습니다. 저희는 고객님의 지원에 감사드리며 고객 만족을 보장하기 위해 최선을 다하고 있습니다.
BILZ,제가 구매한 것을 취소하는 것을 도와주실 수 있나요?,주문,주문 취소,구매를 취소하는 데 도움이 필요하다는 연락을 받았습니다. 저는 이 과정 전반에 걸쳐 지침과 지원을 제공해 드리겠습니다.
BIQZ,주문 취소를 도와줄 수 있나요 [주문/송장번호],주문,주문 취소,특히 주문 번호 [주문/송장번호]를 취소하는 데 도움이 필요하다는 점을 확인했습니다. 절차를 안내하고 원활한 취소 경험을 보장하기 위해 왔습니다. 따라야 할 단계는 다음과 같습니다. 1. 계정에 로그인: [웹사이트/메뉴]에 로그인하여 플랫폼에 액세스하세요. 2. 주문 찾기: ​​로그인한 후 '[웹사이트/메뉴]' 또는 '[웹사이트/메뉴]' 섹션으로 이동하세요. 3. 주문 확인: [주문/송장번호] 번호의 주문을 찾으세요. 클릭하시면 세부정보를 보실 수 있습니다. 4. 취소 시작: 구매와 관련된 '[웹사이트/메뉴]' 옵션을 찾으세요. 취소 절차를 시작하려면 클릭하세요. 5. 피드백 제공(필요한 경우): 시스템은 취소에 관한 몇 가지 질문에 답변하거나 피드백을 제공하라는 메시지를 표시할 수 있습니다. 지시에 따라 필요한 정보를 입력해 주세요. 어려움이 있거나 추가 질문이 있는 경우 당사의 전담 지원팀이 도움을 드릴 준비가 되어 있습니다. [운영시간/기간] 중에 [고객센터전화번호]로 연락하거나 [웹사이트/메뉴]에서 라이브 채팅 기능을 사용할 수 있습니다. 저희는 고객 만족을 소중히 여기며 이 과정을 통해 고객님을 돕기 위해 최선을 다하고 있습니다.
BLQ,구매를 취소하려면 도움이 필요합니다. [주문/송장번호],주문,주문 취소,"[주문/송장번호] 품목 구매를 취소하는 데 도움을 요청하신 것으로 확인됩니다. 고객 만족이 저희의 최우선 사항이며, 저는 고객님께 절차를 원활하게 안내해 드릴 것입니다. 구매를 취소하려면 다음 단계를 따르세요. 1. 계정에 로그인: [웹사이트/메뉴]에 로그인하여 플랫폼에 액세스하세요. 2. 주문으로 이동하세요. 로그인한 후 '[웹사이트/메뉴]' 또는 '[웹사이트/메뉴]' 섹션으로 이동하세요. 3. 구매 찾기: 주문 번호 [주문/송장번호]에 연결된 구매를 찾아 클릭하세요. 4. 취소 시작: 구매와 관련된 '[웹사이트/메뉴]' 옵션을 찾을 수 있습니다. 이 옵션을 선택해 주세요. 5. 추가 단계를 완료하세요. 시스템에서 추가 질문이 표시되거나 피드백이 필요할 수 있습니다. 취소 절차를 완료하는 데 필요한 정보를 제공해 주시기 바랍니다. 절차 중에 어려움이 발생하거나 추가 질문이 있는 경우 당사의 전담 지원팀이 도움을 드릴 수 있습니다. [운영시간/기간] 동안 [고객센터전화번호]로 또는 [웹사이트/메뉴]의 라이브 채팅 기능을 통해 문의해 주세요. 저희는 고객님의 경험이 즐겁고 번거롭지 않도록 하고 싶습니다."
BELNQZ,구매를 위해 돈을 지불할 수 없습니다 [주문/송장번호],주문,주문 취소,"주문 번호 [주문/송장번호]와 관련된 구매에 대한 결제에 문제가 있다는 연락을 받았습니다. 해당 문제로 인해 불편을 끼쳐드려 죄송합니다. 이 문제를 해결하려면 다음 단계를 따르세요. 1. 결제 세부정보를 다시 확인하세요. 카드 번호, 유효기간, CVV, 청구서 수신 주소 등 고객님이 제공한 결제 정보가 정확한지 확인하세요. 2. 결제 방법 가용성 확인: 선택한 결제 방법이 당사 플랫폼에서 지원되는지 확인하세요. 일부 결제 방법에는 특정 제한사항이 있을 수 있습니다. 3. 은행이나 결제 서비스 제공업체에 문의하세요. 은행이나 결제 서비스 제공업체에 연락하여 결제가 진행되지 못하게 할 수 있는 문제가 있는지 확인하세요. 그들은 추가 지원과 통찰력을 제공할 수도 있습니다. 4. 대체 결제 방법 사용: 다른 모든 방법이 실패할 경우 다른 직불 카드나 신용 카드, PayPal 또는 기타 지원되는 옵션과 같은 다른 결제 방법을 사용해 보십시오. 이러한 단계를 시도한 후에도 문제가 지속되면 주저하지 말고 [운영시간/기간]([고객센터전화번호]) 동안 전담 지원팀에 문의하거나 당사 웹사이트([웹사이트/메뉴])의 라이브 채팅을 통해 문의하세요. 이 결제 문제를 해결하고 구매가 성공적으로 처리되도록 도와드리겠습니다."
BZ,주문 취소에 대한 지원을 원합니다 [주문/송장번호],주문,주문 취소,"주문 번호 [주문/송장번호]의 주문을 취소하는 데 도움을 요청하신 것으로 확인되었습니다. 안심하세요. 제가 도와드리겠습니다. 취소를 진행하려면 다음 단계를 따르세요. 1. 로그인 정보를 사용하여 [웹사이트/메뉴]에 로그인합니다. 2. 계정의 '[웹사이트/메뉴]' 또는 '[웹사이트/메뉴]' 섹션으로 이동합니다. 3. 주문 번호 [주문/송장번호]와 관련된 구매 항목을 찾습니다. 4. 주문을 클릭하면 주문 세부정보 페이지에 액세스할 수 있습니다. 5. '[웹사이트/메뉴]'라고 표시된 옵션을 찾아 클릭하세요. 6. 추가 메시지를 따르거나 필요한 피드백을 제공하여 취소 절차를 완료합니다. 어려움이 있거나 추가 질문이 있는 경우 당사의 전담 지원팀이 고객님을 지원해 드립니다. [운영시간/기간] 동안 [고객센터전화번호]로 연락하시거나 [웹사이트/메뉴]의 라이브 채팅 기능을 통해 저희와 연락하실 수 있습니다. 이해해 주셔서 감사드리며 불편을 끼쳐드려 죄송합니다. 고객 만족이 최우선이며, 원활한 주문 취소가 이루어질 수 있도록 최선을 다해 도와드리겠습니다."
BELNQ,저는 [주문/송장번호]를 구매할 여유가 없습니다,주문,주문 취소,"고객님는 재정적 제약에 직면해 있으며 주문 번호 [주문/송장번호]와 관련된 구매를 진행할 여유가 없다는 점을 잘 알고 있습니다. 이로 인해 불편을 끼쳐드려 죄송합니다. 저희는 고객의 만족을 최우선으로 생각하며 예상치 못한 상황이 발생할 수 있음을 이해합니다. 저희 팀은 고객님을 돕기 위해 최선을 다하고 있습니다. 옵션을 살펴보려면 고객 지원팀에 문의하는 것이 좋습니다. 고객님의 상황에 가장 적합한 환불 또는 취소 정책을 찾는 등 진행 방법에 대한 지침을 제공할 수 있습니다. [운영시간/기간] 동안 [고객센터전화번호]로 고객 지원팀에 문의하거나 [웹사이트/메뉴]에서 라이브 채팅 기능을 이용할 수 있습니다. 저희의 전담 지원팀은 고객님이 긍정적인 경험을 할 수 있도록 보장하고 고객님의 상황에 가장 적합한 솔루션을 찾기 위해 왔습니다. 고객님의 이해에 감사드리며, 더 많은 도움을 드릴 수 있도록 최선을 다하겠습니다."
BEL,구매취소 어떻게 해야할지 모르겠습니다 [주문/송장번호],주문,주문 취소,구매 취소 [주문/송장번호]에 대한 지원을 위해 저희에게 연락해 주셔서 감사합니다. 저는 고객님께 그 과정을 안내하기 위해 왔습니다. 구매를 취소하려면 다음 단계를 따르세요. 1. 계정에 로그인하세요. [웹사이트/메뉴]에 로그인하여 플랫폼에 액세스하세요. 2. 주문 내역으로 이동하세요. 로그인한 후 '[웹사이트/메뉴]' 또는 '[웹사이트/메뉴]' 섹션을 찾으세요. 3. 구매 항목 찾기: 주문 번호 [주문/송장번호]와 관련된 구매 항목을 찾아 클릭하고 자세한 내용을 확인하세요. 4. 취소 시작: 주문 세부정보 내에서 '[웹사이트/메뉴]' 옵션이 표시됩니다. 취소 절차를 시작하려면 해당 항목을 선택하세요. 5. 취소 확인 및 완료: 당사 시스템에서는 취소를 완료하기 위해 몇 가지 질문을 하거나 추가 정보를 요구할 수 있습니다. 메시지가 나타나면 필요한 세부 정보를 입력해 주세요. 도중에 어려움이 있거나 더 많은 질문이 있는 경우 당사의 전담 지원팀이 도움을 드릴 수 있습니다. [운영시간/기간]([고객센터전화번호]) 동안 또는 당사 웹사이트([웹사이트/메뉴])의 라이브 채팅을 통해 연락하실 수 있습니다. 저희는 고객 만족을 소중히 여기며 신속하게 도움을 드릴 수 있도록 최선을 다하겠습니다.
BILW,제가 한 망할 구매를 취소하는 것을 도와주실 수 있나요?,주문,주문 취소,"구매 취소와 관련하여 도움을 요청하신 것으로 알고 있으며, 불편을 끼쳐드려 죄송합니다. 안심하세요. 제가 이 과정을 도와드리겠습니다. 취소를 시작하려면 다음 단계를 따르세요. 1. 계정에 액세스하세요. 로그인 정보를 사용하여 [웹사이트/메뉴]에 로그인하세요. 2. 구매 항목 찾기: 로그인한 후 '[웹사이트/메뉴]' 또는 '[웹사이트/메뉴]' 섹션으로 이동합니다. 3. 특정 구매 찾기: 취소하려는 구매를 검색합니다. 이는 주문 번호 [주문/송장번호]와 연결되어야 합니다. 4. 취소 요청: 구매를 클릭하고 일반적으로 '[웹사이트/메뉴]'라고 표시된 취소 옵션을 찾습니다. 5. 취소 절차를 완료합니다. 시스템에서 제공하는 추가 지침에 따라 취소를 완료합니다. 도중에 어려움이 있거나 추가 질문이 있는 경우 [운영시간/기간] 동안 당사의 전담 고객 지원팀이 도움을 드릴 수 있습니다. [고객센터전화번호]로 연락하시거나 당사 웹사이트 [웹사이트/메뉴]에서 라이브 채팅 기능을 활용하실 수 있습니다. 저희는 고객님을 위해 이 문제를 해결하는 것이 중요하다는 것을 이해하고 있으며 절차 전반에 걸쳐 고객님의 인내와 협조에 감사드립니다."
BCLN,더 이상 [주문/송장번호] 주문을 감당할 수 없어서 취소합니다.,주문,주문 취소,"재정적 제약으로 인해 [주문/송장번호] 주문에 어려움을 겪고 계시다는 점을 진심으로 이해합니다. 저희의 최우선 과제는 이 문제를 해결하는 데 도움을 드리는 것입니다. 주문을 취소하려면 다음 단계를 따르세요. 1. 계정에 로그인하세요. [웹사이트/메뉴]에 로그인하여 플랫폼에 액세스하세요. 2. 주문으로 이동합니다. 로그인한 후 '[웹사이트/메뉴]' 또는 '[웹사이트/메뉴]' 섹션을 찾습니다. 3. 주문 찾기: ​​이 섹션에서는 주문 번호 [주문/송장번호]와 관련된 구매를 확인해야 합니다. 그것을 클릭하세요. 4. 취소 시작: 구매에 연결된 '[웹사이트/메뉴]' 옵션을 찾으세요. 선택해 주세요. 5. 취소 확인: 시스템에서 취소 확인 메시지를 표시할 수 있습니다. 안내된 대로 진행해 주시기 바랍니다. 취소 과정에서 문제가 발생하거나 추가 질문이 있는 경우 당사의 전담 지원팀이 도와드리겠습니다. [운영시간/기간] 동안 [고객센터전화번호]로 연락하거나 [웹사이트/메뉴]에서 라이브 채팅 기능을 활용할 수 있습니다. 저희는 고객님의 구체적인 상황을 이해하며, 고객 만족을 보장하는 데 필요한 지원을 제공하는 것이 저희의 목표입니다."
BCQ,일부 제품을 구입했습니다. 주문 취소를 도와주세요 [주문/송장번호],주문,주문 취소,"[주문/송장번호] 번호로 주문을 취소하는 데 도움이 필요하다는 것을 확인했습니다. 이로 인해 불편을 끼쳐드려 죄송합니다. 이 문제를 해결하기 위해 함께 노력합시다: 1. 계정에 액세스하세요. 먼저 [웹사이트/메뉴]에 로그인하세요. 주문을 관리할 수 있는 플랫폼입니다. 2. 주문 찾기: ​​로그인한 후 ""[웹사이트/메뉴]"" 또는 ""[웹사이트/메뉴]"" 섹션으로 이동합니다. 주문 번호 [주문/송장번호]와 관련된 구매를 찾습니다. 3. 취소 시작: 특정 구매에 연결된 ""[웹사이트/메뉴]"" 옵션을 찾으세요. 취소 절차를 시작하려면 클릭하세요. 4. 피드백 확인 및 제공: 시스템에서 취소에 대한 확인 또는 피드백을 요청할 수 있습니다. 계속 진행하려면 필요한 정보를 입력하세요. 어려움이 있거나 추가 문의사항이 있으면 언제든지 문의해 주세요. 저희의 전담 지원팀은 [운영시간/기간] 동안 이용 가능합니다. [고객센터전화번호]로 문의하시거나 [웹사이트/메뉴]에서 라이브 채팅 기능을 사용하실 수 있습니다. 주문 취소를 도와드리는 동안 양해해 주셔서 감사합니다."
BCEQVWZ,망할 제품을 샀어요 주문 취소 [주문/송장번호],주문,주문 취소,"고객님이 제품을 구매했으며 [주문/송장번호] 주문을 취소하고 싶다는 사실을 깨달았습니다. 불편을 끼쳐드려 죄송하며, 취소 절차를 도와드리겠습니다. 주문을 취소하려면 다음 단계를 따르세요. 1. 계정에 로그인하세요. [웹사이트/메뉴]에 액세스하고 로그인 정보를 사용하여 로그인하세요. 2. 주문 내역으로 이동: 로그인한 후 ""[웹사이트/메뉴]"" 또는 ""[웹사이트/메뉴]"" 섹션으로 이동합니다. 3. 주문 찾기: ​​주문 번호 [주문/송장번호]로 특정 주문을 찾아 클릭하여 세부 정보를 확인하세요. 4. 취소 시작: 구매와 관련된 ""[웹사이트/메뉴]"" 옵션을 찾아 선택하세요. 5. 취소 확인: 추가 메시지나 지침에 따라 취소 요청을 확인합니다. 절차 중에 어려움이 있거나 추가 질문이 있는 경우 주저하지 말고 전담 지원팀에 문의하세요. [운영시간/기간] 동안 [고객센터전화번호]로 문의하시거나 당사 웹사이트 [웹사이트/메뉴]에서 라이브 채팅을 하실 수 있습니다. 이번 취소로 인해 불편을 끼쳐드려 죄송하며 양해해 주셔서 감사합니다."
BKLZ,구매 취소00004587345,주문,주문 취소,"[주문/송장번호] 구매 취소와 관련하여 도움이 필요하신 것으로 확인되었습니다. 이로 인해 불편을 끼쳐드려 죄송합니다. 구매를 취소하려면 다음 단계를 따르세요. 1. [웹사이트/메뉴]에 로그인하세요. 2. ""[웹사이트/메뉴]"" 또는 ""[웹사이트/메뉴]"" 섹션으로 이동합니다. 3. 주문 번호 [주문/송장번호]와 관련된 구매 항목을 찾습니다. 4. ""[웹사이트/메뉴]""라고 표시된 옵션을 찾아 선택하십시오. 5. 추가 메시지나 질문에 따라 취소 절차를 마무리합니다. 문제가 발생하거나 추가 질문이 있는 경우 [운영시간/기간]([고객센터전화번호]) 동안 또는 당사 웹사이트([웹사이트/메뉴])의 라이브 채팅 기능을 통해 전담 지원팀에 문의하실 수 있습니다. 고객님의 이해에 감사드리며 고객 만족을 소중히 여깁니다."
BI,[주문/송장번호] 주문을 취소하는 방법은 무엇입니까?,주문,주문 취소,고객님는 주문 번호 [주문/송장번호] 주문을 취소하는 데 도움을 찾고 있다는 소식을 들었습니다. 걱정하지 마세요. 제가 그 과정을 도와드리기 위해 여기 있습니다. 주문을 취소하려면 다음 단계를 따르세요. 1. 계정에 액세스하세요. 로그인 정보를 사용하여 [웹사이트/메뉴]에 로그인하세요. 2. 주문으로 이동하세요. 로그인한 후 '[웹사이트/메뉴]' 또는 '[웹사이트/메뉴]' 섹션으로 이동하세요. 3. 주문 찾기: ​​주문 번호 [주문/송장번호]와 관련된 구매를 찾아 선택합니다. 4. 취소 시작: '[웹사이트/메뉴]' 또는 이와 유사한 옵션이 표시됩니다. 취소 절차를 시작하려면 클릭하세요. 5. 취소 확인: 시스템에서 취소 확인 메시지를 표시할 수 있습니다. 필요한 경우 추가 세부정보를 제공해 주세요. 6. 확인 대기: 취소 후 취소에 대한 확인 이메일이나 알림을 받게 됩니다. 7. 필요한 경우 지원팀에 문의: 문제가 발생하거나 추가 질문이 있는 경우 [운영시간/기간]([고객센터전화번호]) 중에 고객 지원팀에 문의하거나 당사 웹사이트([웹사이트/메뉴])에서 라이브 채팅을 통해 문의해 주세요. 추가로 도움이 필요하시면 알려주시기 바랍니다.
BCNQ,이 주문을 원하지 않습니다. 구매 취소 [주문/송장번호],주문,주문 취소,"주문 번호 [주문/송장번호]로 구매를 취소하고 싶으신 점을 잘 알고 있습니다. 저희는 고객님이 원활한 경험을 할 수 있도록 하고자 합니다. 구매를 취소하려면 다음 단계를 따르세요. 1. 고객님의 계정에 로그인하십시오: 고객님의 계정에 로그인하여 [웹사이트/메뉴]에 액세스하십시오. 2. 주문 찾기: ​​로그인한 후 '[웹사이트/메뉴]' 또는 '[웹사이트/메뉴]' 섹션으로 이동합니다. 3. 구매 확인: 주문 번호 [주문/송장번호]와 관련된 구매를 찾아 클릭하여 세부 정보를 엽니다. 4. 취소 시작: 구매와 관련된 '[웹사이트/메뉴]' 옵션이 표시됩니다. 취소를 진행하려면 이 옵션을 선택하세요. 5. 추가 단계를 따라 주세요. 시스템은 취소를 완료하기 위해 몇 가지 추가 정보나 확인을 요청할 수 있습니다. 필요한 세부정보를 제공하거나 그에 따라 응답해 주세요. 취소 과정에서 어려움을 겪거나 추가 질문이 있는 경우 당사의 전담 지원팀이 도와드리겠습니다. [운영시간/기간] 동안 [고객센터전화번호]로 연락하거나 당사 웹사이트 [웹사이트/메뉴]에서 라이브 채팅 기능을 통해 연락하실 수 있습니다. 고객 만족이 최우선이며, 가능한 최고의 서비스를 제공하기 위해 최선을 다하고 있습니다."
BLQZ,구매를 취소할 필요가 없습니다. [주문/송장번호],주문,주문 취소,"주문 번호 [주문/송장번호]로 구매한 항목을 취소하는 데 도움이 필요하다는 사실을 분명히 들었습니다. 고객 만족이 저희의 최우선 과제이며, 제가 그 과정을 안내해 드리겠습니다. 할 수 있는 작업은 다음과 같습니다. 1. 고객님의 계정에 로그인하십시오: 고객님의 로그인 정보를 사용하여 [웹사이트/메뉴]에 로그인하여 시작하십시오. 2. 주문 내역에 액세스하세요. 로그인한 후 '[웹사이트/메뉴]' 또는 '[웹사이트/메뉴]' 섹션으로 이동하세요. 3. 구매 찾기: 주문 번호 [주문/송장번호]와 관련된 구매를 찾아 클릭하세요. 4. 취소 시작: 구매 세부정보에서 '[웹사이트/메뉴]' 옵션을 찾을 수 있습니다. 선택해 주세요. 5. 확인 및 완료: 시스템에서 취소 확인, 피드백 제공 또는 추가 단계 수행을 요청할 수 있습니다. 원활한 취소 절차를 위해 다음 사항을 완료해 주시기 바랍니다. 어려움이 있거나 추가 질문이 있는 경우 [운영시간/기간]([고객센터전화번호]) 중에 당사의 전담 지원팀이 도움을 드릴 준비가 되어 있습니다. 또는 [웹사이트/메뉴]의 라이브 채팅 기능을 통해 연락하실 수 있습니다. 이 문제를 신속하게 해결할 수 있도록 이해해 주시고 신뢰해 주셔서 감사합니다."
BCLMQ,일부 품목을 주문했는데 마지막 구매를 취소하는 데 도움이 필요합니다,주문,주문 취소,최근 구매 취소와 관련하여 도움을 요청하신 것으로 확인됩니다. 기꺼이 도와드리겠습니다. 마지막 구매를 취소하려면 다음 단계를 따르세요. 1. 계정에 로그인하세요. [웹사이트/메뉴]에 로그인하여 플랫폼에 액세스하세요. 2. 주문으로 이동합니다. 로그인한 후 '[웹사이트/메뉴]' 또는 '[웹사이트/메뉴]' 섹션을 찾습니다. 3. 마지막 구매 확인: 주문 내역에서 취소하려는 가장 최근 구매를 찾습니다. 4. 취소 시작: 마지막 구매와 관련된 '[웹사이트/메뉴]' 옵션을 찾으세요. 그것을 클릭하세요. 5. 추가 단계를 완료하세요. 시스템에서 추가 질문이 표시되거나 피드백이 필요할 수 있습니다. 계속 진행하려면 필요한 정보를 입력하세요. 취소 과정 중에 어려움이 발생하거나 추가 질문이 있는 경우 당사의 전담 지원팀이 언제든지 도움을 드릴 수 있습니다. [운영시간/기간] 동안 [고객센터전화번호]로 연락하거나 [웹사이트/메뉴]의 라이브 채팅 기능을 통해 연락하실 수 있습니다. 고객 만족이 저희의 최우선 과제이며 고객님께 원활한 경험을 보장하기 위해 왔습니다.
BIQZ,주문을 취소하려면 어떻게 해야 하나요? [주문/송장번호],주문,주문 취소,[주문/송장번호] 주문을 취소하는 데 필요한 단계에 대해 확신이 없으신 것으로 알고 있습니다. 고객님께 필요한 지침을 제공해 드리겠습니다. 1. 계정에 로그인: 로그인 정보를 사용하여 [웹사이트/메뉴]에 로그인하여 시작하세요. 2. 주문 찾기: ​​로그인한 후 '[웹사이트/메뉴]' 또는 '[웹사이트/메뉴]' 섹션으로 이동하세요. 3. 관련 주문 찾기: ​​[주문/송장번호] 번호의 주문을 찾아 클릭하여 자세한 내용을 확인하세요. 4. 취소 시작: 주문 세부정보에서 '[웹사이트/메뉴]' 옵션을 찾으세요. 취소 절차를 시작하려면 이를 선택하세요. 5. 추가 단계를 완료하세요. 당사 시스템에서 몇 가지 질문을 하거나 피드백을 요청할 수 있습니다. 계속 진행하려면 필요한 정보를 제공해 주시기 바랍니다. 도중에 어려움이 있거나 추가 문의사항이 있는 경우 언제든지 전담 지원팀에 문의해 주세요. [운영시간/기간]([고객센터전화번호]) 동안 또는 당사 웹사이트([웹사이트/메뉴])의 라이브 채팅 기능을 통해 이용 가능합니다. 저희 서비스에 대한 고객님의 신뢰에 감사드리며 고객 만족을 보장하기 위해 최선을 다하고 있습니다.
BLQZ,도움이 필요합니다 구매 취소 중 [주문/송장번호],주문,주문 취소,"구매 번호 [주문/송장번호]로 구매를 취소하는 데 도움이 필요하다는 내용입니다. 주문 취소가 때로는 복잡할 수 있지만, 절차를 안내하고 최대한 원활하게 처리할 수 있도록 도와드리겠습니다. 구매를 취소하려면 다음 단계를 따르세요. 1. 고객님의 계정에 로그인하십시오: [웹사이트/메뉴]를 방문하여 고객님의 로그인 정보를 사용하여 로그인하십시오. 2. 주문 찾기: ​​로그인한 후 '[웹사이트/메뉴]' 또는 '[웹사이트/메뉴]' 섹션으로 이동하세요. 여기에서 과거 구매 내역을 모두 확인할 수 있습니다. 3. 관련 구매 항목을 찾습니다. 주문 번호가 [주문/송장번호]인 구매 항목을 찾습니다. 클릭하시면 세부정보를 보실 수 있습니다. 4. 취소 시작: 주문 세부 정보 페이지에 '[웹사이트/메뉴]' 또는 이와 유사한 옵션이 표시되어야 합니다. 취소 절차를 시작하려면 클릭하세요. 5. 취소 양식 작성: 취소 페이지에 제공된 지침에 따라 필요한 양식을 작성하거나 당사 시스템에서 요청한 피드백을 입력해 주세요. 취소 과정에서 어려움을 겪거나 추가 질문이 있는 경우, 전담 고객 지원팀에 언제든지 문의해 주세요. [운영시간/기간]([고객센터전화번호]) 또는 당사 웹사이트([웹사이트/메뉴])의 라이브 채팅 기능을 통해 이용 가능합니다. 안심해 주세요. 저희는 이 과정 전반에 걸쳐 고객님을 지원하고 고객 만족을 보장하기 위해 최선을 다하고 있습니다."
BCELN,이 물건을 살 여유가 없습니다. 주문을 취소하세요 [주문/송장번호],주문,주문 취소,"고객님이 재정적인 어려움을 겪고 있어 주문 번호 [주문/송장번호]로 구매를 취소하고 싶다고 말씀드립니다. 고객 만족이 저희의 최우선 과제이며, 저희는 이 과정을 도와드릴 것입니다. 취소를 진행하려면 다음 단계를 따르세요. 1. 계정 개설: [웹사이트/메뉴]에 로그인하여 시작하세요. 2. 주문 찾기: ​​로그인한 후 '[웹사이트/메뉴]' 또는 '[웹사이트/메뉴]' 섹션으로 이동하세요. 3. 구매 확인: 주문 번호 [주문/송장번호]를 찾아 클릭하여 세부 정보에 액세스합니다. 4. 취소 시작: 구매와 관련된 '[웹사이트/메뉴]' 옵션을 찾을 수 있습니다. 이 옵션을 선택해 주세요. 5. 취소 확인: 시스템에서는 취소와 관련된 확인 또는 추가 정보를 요구할 수 있습니다. 필요한 단계를 완료해 주세요. 어려움이 있거나 궁금한 점이 있으면 주저하지 말고 전담 고객 지원팀에 문의하세요. [운영시간/기간]([고객센터전화번호]) 동안 또는 [웹사이트/메뉴]의 라이브 채팅 기능을 통해 연락할 수 있습니다. 우리 서비스에 대한 고객님의 이해와 신뢰에 감사드립니다. 나중에 적절한 때가 되면 다시 도움을 드릴 수 있기를 바랍니다."
BQZ,주문을 취소하려면 도움이 필요합니다. [주문/송장번호],주문,주문 취소,"주문 번호 [주문/송장번호]로 주문을 취소하는 데 도움이 필요하다는 사실을 확인했습니다. 고객님의 요청이 접수되었습니다. 취소 절차를 안내해 드리겠습니다. 취소를 진행하려면 다음 단계를 따르세요. 1. 계정에 로그인: [웹사이트/메뉴]에 로그인하여 플랫폼에 액세스하세요. 2. 주문으로 이동하세요. 로그인한 후 계정의 '[웹사이트/메뉴]' 또는 '[웹사이트/메뉴]' 섹션으로 이동하세요. 3. 주문 찾기: ​​주문 번호 [주문/송장번호]가 있는 주문을 찾아 클릭하세요. 4. 취소 시작: 구매와 관련된 '[웹사이트/메뉴]' 옵션을 찾아 선택하세요. 5. 필수 단계를 완료하세요. 시스템에서 취소 확인이나 피드백 제공을 요청할 수 있습니다. 지침을 따르고 필요한 정보를 입력해 주세요. 절차 중에 어려움이 발생하거나 추가 질문이 있는 경우 당사의 전담 지원팀이 도움을 드릴 수 있습니다. [운영시간/기간] 동안 [고객센터전화번호]로 연락하거나 [웹사이트/메뉴]의 라이브 채팅 기능을 통해 연락하실 수 있습니다. 고객 만족이 저희의 최우선 과제이며, 이 과정 전반에 걸쳐 고객님의 인내와 이해에 감사드립니다."
BCILN,더 이상 [주문/송장번호] 구매를 원하지 않습니다. 취소할 수 있나요?,주문,주문 취소,마음이 바뀌어 주문 번호 [주문/송장번호]로 구매를 취소하고 싶은 상황에 공감합니다. 저희는 이 과정에서 고객님을 돕기 위해 왔습니다. 구매를 취소하려면 다음 단계를 따르세요. 1. [웹사이트/메뉴]에 로그인하세요. 2. '[웹사이트/메뉴]' 또는 '[웹사이트/메뉴]' 섹션으로 이동합니다. 3. 주문 번호가 [주문/송장번호]인 구매 항목을 찾아 클릭하여 자세한 내용을 확인하세요. 4. '[웹사이트/메뉴]' 옵션을 찾아 선택하세요. 5. 추가 메시지를 따르거나 필요한 정보를 제공하여 취소 절차를 완료합니다. 도중에 어려움을 겪거나 궁금한 점이 있으면 주저하지 말고 전담 고객 지원팀에 문의하세요. [운영시간/기간] 중에 [고객센터전화번호]로 연락하거나 [웹사이트/메뉴]에서 라이브 채팅 기능에 액세스할 수 있습니다. 저희는 고객 만족을 보장하고 고객님이 가질 수 있는 모든 우려 사항에 대해 도와드리겠습니다.
BCLN,[주문/송장번호]를 구매할 여유가 없습니다. 취소하는 데 도움이 필요합니다.,주문,주문 취소,저는 고객님의 상황을 지지하며 주문 번호 [주문/송장번호]로 구매를 취소하는 데 도움을 드리고 있습니다. 저희는 고객 만족을 소중히 여기며 고객님이 우리와 함께 긍정적인 경험을 할 수 있기를 바랍니다. 구매를 취소하려면 다음 단계를 따르세요. 1. 로그인 정보를 사용하여 [웹사이트/메뉴]에 로그인합니다. 2. '[웹사이트/메뉴]' 또는 '[웹사이트/메뉴]' 섹션으로 이동하면 과거 구매 목록을 찾을 수 있습니다. 3. 주문 번호가 [주문/송장번호]인 구매 항목을 찾아 클릭하면 세부 정보에 액세스할 수 있습니다. 4. 구매 세부정보 내에서 '[웹사이트/메뉴]' 옵션이 표시됩니다. 취소 절차를 시작하려면 이 옵션을 선택하세요. 5. 추가 메시지나 지침에 따라 취소를 완료합니다. 취소 과정 중에 어려움이 있거나 추가 질문이 있는 경우 주저하지 말고 전담 고객 지원팀에 문의하세요. [운영시간/기간] 동안 [고객센터전화번호]로 문의하거나 [웹사이트/메뉴]의 라이브 채팅 기능을 통해 문의하실 수 있습니다. 이해해 주셔서 감사드리며 모든 단계에서 도움을 드리겠습니다.
BMW,[주문/송장번호] 주문의 여러 가지 망할 아이템을 변경하려고 합니다.,주문,주문 변경,주문 번호 [주문/송장번호]의 여러 항목을 변경하고 싶다는 점을 이해합니다. 고객님이 겪었을 수 있는 어려움이나 좌절에 대해 사과드립니다. 효율적인 지원을 위해 변경하려는 항목에 대한 구체적인 세부정보를 제공해 주시겠습니까? 저희 팀은 고객님의 완전한 만족을 보장하기 위해 최선을 다하고 있으며 이 문제를 빠르고 효과적으로 해결할 수 있도록 도와드립니다.
BL,구매 수정 [주문/송장번호],주문,주문 변경,구매 번호 [주문/송장번호] 수정에 대해 문의해 주셔서 감사합니다. 저희는 고객님이 구매 내용을 변경하거나 업데이트해야 할 수도 있다는 점을 이해하고 있으며 이에 대해 도움을 드리고 있습니다. 가능한 최상의 솔루션을 제공하기 위해 구매 시 어떤 부분을 수정하고 싶은지 구체적으로 알려주시겠습니까? 저희는 고객님의 구매가 고객님의 기대와 요구 사항을 충족하는지 확인하고 싶습니다.
BQ,[주문/송장번호] 주문에 품목을 추가하는 데 도움이 필요합니다,주문,주문 변경,주문에 품목을 추가하는 데 도움이 되도록 문의해 주셔서 감사합니다. 저희는 주문을 올바르게 받는 것이 얼마나 중요한지 잘 알고 있습니다. 이 문제를 해결하는 데 도움이 되도록 추가하려는 항목의 세부정보를 제공해 주시겠습니까? 이 정보를 통해 당사는 고객님의 주문이 완전하고 고객님의 기대에 부응하는지 확인할 수 있습니다. 고객님의 협조에 감사드리며 앞으로도 더 많은 도움을 드리겠습니다.
BCIQ,주문 [주문/송장번호]를 변경해야 합니다. 어떻게 해야 하나요?,주문,주문 변경,"고객님의 주문, 특히 주문 번호 [주문/송장번호]의 주문 변경에 대한 지원을 요청하는 고객님의 메시지를 받았습니다. 기존 주문을 수정하고 싶다는 점을 이해하며 도와드리겠습니다. 제품 추가 또는 제거, 배송 정보 업데이트, 품목 취소 등 주문을 변경하려면 다음 단계를 따라 주세요. 1. 당사 웹사이트나 앱에서 고객님의 계정에 로그인하세요. 2. 주문 섹션 또는 주문 내역으로 이동합니다. 3. 주문 번호 [주문/송장번호]로 원하는 주문을 찾아 선택합니다. 4. ""주문 관리"" 또는 ""주문 편집"" 옵션을 찾아 클릭하세요. 5. 화면의 지시에 따라 주문 세부정보를 업데이트하세요. 6. 문제가 발생하거나 추가 지원이 필요한 경우 [운영시간/기간]([고객센터전화번호]) 또는 당사 웹사이트([웹사이트/메뉴])의 라이브 채팅을 통해 주저하지 말고 당사 고객 지원팀에 문의하십시오. 저희는 고객님의 비즈니스를 소중히 여기며 고객님의 주문이 고객님의 요구 사항을 충족하는지 확인하고 싶습니다. 그 밖에 도움이 필요하신 사항이 있으시면 언제든지 문의해 주세요."
BKL,구매 편집 [주문/송장번호],주문,주문 변경,"[주문/송장번호] 번호로 구매한 항목을 편집하는 데 도움이 필요하다는 사실을 알게 되었습니다. 안심하세요. 제가 도와드리려고 왔습니다. 구체적으로 변경하고 싶은 사항을 알려주시겠어요? 구매 항목의 추가, 제거, 수정 등 무엇을 하든 저희는 고객님의 주문이 만족스러울 수 있도록 함께 노력할 것입니다. 고객님의 피드백은 우리에게 중요하며 필요한 조정을 하는 동안 기다려 주셔서 감사합니다."
BK,주문 [주문/송장번호]에서 품목 제거,주문,주문 변경,주문 번호 [주문/송장번호]에서 항목을 제거하는 데 도움이 필요하다는 것을 해독했습니다. 이 문제를 알려주셔서 감사합니다. 고객님의 요청을 정확하게 처리하기 위해 제거하려는 항목의 구체적인 세부정보를 알려주시겠습니까? 이 정보를 받으면 해당 품목이 만족스러울 정도로 주문에서 제거될 수 있도록 다음 단계를 즉시 도와드리겠습니다.
BL,구매 시 제품을 제거하는 데 도움을 주세요 [주문/송장번호],주문,주문 변경,구매 번호 [주문/송장번호]에서 제품을 제거하는 데 도움이 필요하다는 사실을 알게 되었습니다. 문의해 주셔서 감사합니다! 저희는 고객님을 돕기 위해 여기 있습니다. 제거하려는 제품에 대한 자세한 내용을 제공해 주시겠습니까? 이를 통해 당사는 고객님의 요청을 신속하게 처리하고 고객 만족을 보장할 수 있습니다.
BLMQ,[주문/송장번호]를 주문하려면 일부 제품을 추가하는 데 도움이 필요합니다.,주문,주문 변경,"번호 [주문/송장번호]로 주문에 제품을 추가하는 데 도움을 주신 고객님의 문의에 감사드립니다. 추가 항목을 포함하여 주문을 수정하고 싶다는 점을 이해합니다. 이 문제를 해결하는 데 도움이 되도록 추가하려는 제품의 세부정보를 제공해 주시겠습니까? 저희 팀은 고객님의 주문에 필요한 업데이트가 즉시 이루어지도록 보장할 것입니다. 고객 만족이 저희의 최우선 과제이며, 저희는 절차 전반에 걸쳐 고객님을 지원하기 위해 여기 있습니다."
BIL,[주문/송장번호] 주문을 편집하는 방법은 무엇입니까?,주문,주문 변경,"주문 번호 #[주문/송장번호]를 편집하는 방법에 대한 지침을 찾고 계신 것으로 알고 있습니다. 고객님이 주문을 통제하고 필요한 변경을 할 수 있다는 것이 우리에게 중요합니다. 주문을 수정하려면 다음 단계를 따르세요. 1. 당사 웹사이트나 앱에서 고객님의 계정에 로그인하세요. 2. 주문 내역 또는 계정 설정으로 이동합니다. 3. 편집하려는 특정 주문을 찾아 선택합니다. 4. ""편집"" 또는 ""수정"" 옵션을 찾아 클릭하세요. 5. 품목 수량, 크기, 색상 등 주문 세부정보를 변경하거나 품목을 제거/추가할 수 있는 페이지로 리디렉션됩니다. 6. 원하는 대로 변경한 후 모든 내용을 검토하고 내용이 정확한지 확인하세요. 7. 변경 사항을 저장하고 필요한 경우 결제 또는 결제를 진행하세요. 주문을 편집하는 동안 문제가 발생하거나 추가 지원이 필요한 경우 주저하지 말고 알려주시기 바랍니다. 저희는 절차 전반에 걸쳐 고객님을 돕기 위해 여기 있습니다."
BIL,구매 [주문/송장번호]를 수정하도록 도와주실 수 있나요?,주문,주문 변경,"구매 번호 [주문/송장번호]를 수정하는 데 도움이 필요하다는 점을 이해하며, 이에 대해 도와드리겠습니다. 고객님이 원하는 특정 수정 사항에 대한 자세한 내용을 알려주시겠습니까? 배송 주소 업데이트, 수량 변경, 구매의 다른 측면 수정 등, 저희 팀은 고객님의 완전한 만족을 보장하기 위해 최선을 다하고 있습니다. 따라서 변경하고 싶은 구체적인 사항을 알려주시면 추가 지원을 위해 최선을 다하겠습니다."
BIL,구매 [주문/송장번호]를 수정할 수 있나요?,주문,주문 변경,기꺼이 도와드리겠습니다! 주문 번호 [주문/송장번호]로 구매 항목을 수정하고 싶다는 점을 확인했습니다. 저희는 고객님을 돕기 위해 여기 있습니다. 고객님이 원하는 특정 변경 사항에 대해 더 자세한 내용을 제공해 주시겠습니까? 이를 통해 정확하고 효율적으로 도움을 드릴 수 있습니다. 고객 만족이 저희의 최우선 과제이며 고객님의 수정된 구매가 ​​고객님의 기대를 충족시킬 수 있도록 노력하고 있습니다.
BCZ,주문 [주문/송장번호]에서 항목을 제거하고 싶습니다. 도움이 필요합니다,주문,주문 변경,주문 번호 [주문/송장번호]에서 항목을 제거해 달라는 고객님의 요청 메시지가 접수되었습니다. 저희는 고객님을 돕기 위해 여기 있습니다. 고객님의 요구사항을 더 잘 이해할 수 있도록 제거하려는 항목의 세부정보를 제공해 주시겠습니까? 이 정보를 통해 당사는 고객님의 주문에 필요한 변경 사항을 처리하는 데 도움을 드릴 수 있습니다.
BLQZ,[주문/송장번호] 구매를 위해 항목을 추가하는 데 도움이 필요합니다.,주문,주문 변경,[주문/송장번호] 구매를 위한 항목 추가에 대한 도움을 위해 문의해 주셔서 감사합니다. 저희는 고객님의 주문이 정확히 고객님이 원하는 것인지 확인하는 것의 중요성을 이해하고 있습니다. 이 문제를 해결하는 데 도움이 되도록 추가하려는 항목의 세부정보를 제공해 주시겠습니까? 저희 팀은 고객님의 요청을 수용하고 원활한 쇼핑 경험을 보장하기 위해 최선을 다할 것입니다.
BLM,여러 주문 항목 변경 [주문/송장번호],주문,주문 변경,"주문 번호 [주문/송장번호]의 여러 품목을 변경하고 싶다는 점을 이해합니다. 이 문제를 알려주셔서 감사합니다. 변경에 도움을 드릴 수 있도록 수정하려는 기사의 구체적인 세부정보를 제공해 주시겠습니까? 이를 통해 고객님의 요구 사항에 맞게 주문을 정확하게 업데이트할 수 있습니다. 고객 만족이 저희의 최우선 사항이며, 필요한 조정을 하는 동안 기다려 주셔서 감사합니다."
BCL,[주문/송장번호] 구매 항목에서 항목을 삭제하고 싶습니다. 도와주세요,주문,주문 변경,구매 번호 [주문/송장번호]에서 항목을 삭제해야 한다는 점을 이해합니다. 도움을 구하는 데 적극적으로 접근해 주셔서 감사합니다. 정확한 안내를 위해 삭제하고 싶은 항목을 구체적으로 알려주실 수 있나요? 특정 항목을 식별함으로써 고객님의 기대에 부응하는 신속한 해결을 보장할 수 있습니다. 고객 만족이 저희의 최우선 과제이며 고객님의 구매를 간소화할 수 있도록 지원해 드립니다.
BK,주문하려면 추가하세요 [주문/송장번호],주문,주문 변경,번호 [주문/송장번호]로 주문에 항목을 추가하는 데 도움이 필요하다는 연락을 받았습니다. 고객님의 주문이 고객님의 기대에 부응할 수 있도록 필요한 조정을 도와드리겠습니다. 추가하고 싶은 항목에 대한 자세한 내용을 제공해 주시겠습니까? 이를 통해 보다 효과적이고 신속하게 도움을 드릴 수 있습니다. 문의해 주셔서 감사합니다.
BELN,구매 [주문/송장번호]를 수정할 수 없습니다.,주문,주문 변경,"고객님의 메시지를 통해 구매 번호 [주문/송장번호]를 수정하는 데 어려움을 겪고 있는 것으로 나타났습니다. 불편을 끼쳐드려 죄송합니다. 더 나은 지원을 위해 구매 시 적용하려는 특정 변경 사항에 대한 자세한 내용을 제공해 주시겠습니까? 이 정보를 통해 저희는 대체 솔루션을 탐색하고 고객님을 지원할 수 있는 최선의 방법을 찾을 수 있습니다. 고객 만족이 저희의 최우선 과제이며, 구매와 관련하여 발생할 수 있는 모든 문제를 해결하기 위해 최선을 다하고 있습니다."
BLM,[주문/송장번호] 주문에서 일부 제품을 제거하는 데 도움이 필요합니다.,주문,주문 변경,연락해주셔서 감사합니다! 주문 번호 [주문/송장번호]에서 일부 제품을 제거하는 데 도움이 필요하다는 점을 이해합니다. 저희 팀이 고객님을 돕기 위해 여기 있습니다. 제품 제거를 진행하려면 제거하려는 항목의 구체적인 세부정보를 제공해 주시기 바랍니다. 세부 정보가 확보되면 고객님의 선호 사항에 따라 고객님의 주문을 수정하기 위한 조치를 즉시 취하겠습니다. 이 문제에 대한 고객님의 인내와 협조에 감사드립니다.
BEMNQW,주문 [주문/송장번호]에서 일부 항목을 제거할 수 없습니다.,주문,주문 변경,"[주문/송장번호] 번호로 주문한 특정 품목을 제거하는 데 어려움을 겪고 계신 것 같습니다. 불편을 끼쳐드려 죄송합니다. 더 나은 지원을 위해 제거하는 데 문제가 있는 특정 항목에 대한 자세한 내용을 제공해 주시겠습니까? 이를 통해 문제를 신속하게 해결하고 적합한 솔루션을 찾을 수 있습니다. 고객 만족이 저희의 최우선 과제이며, 저희는 고객님을 위해 이 문제를 최대한 효율적으로 해결하기 위해 최선을 다하고 있습니다."
BLQ,구매 항목을 전환하는 데 도움이 필요합니다 [주문/송장번호],주문,주문 변경,번호 [주문/송장번호]로 구매한 항목을 전환해 달라는 요청에 감사드립니다. 저희는 때때로 고객님이 주문을 변경해야 할 수도 있다는 것을 이해하고 있으며 고객님을 돕기 위해 여기에 있습니다. 전환을 진행하려면 전환하려는 항목과 교체하려는 항목의 세부정보를 제공해 주시겠습니까? 이는 원활하고 정확한 절차를 보장하는 데 도움이 됩니다. 저희는 고객님이 구매에 완전히 만족했는지 확인하고 싶습니다. 추가 정보나 선호 사항이 있으면 언제든지 공유해 주세요. 이 문제를 해결하기 위해 함께 노력하는 동안 양해해 주셔서 감사합니다.
BLQZ,구매 제품을 교환해야 합니다 [주문/송장번호],주문,주문 변경,주문 번호 [주문/송장번호] 구매와 관련하여 문의해 주셔서 감사합니다. 고객님이 주문한 품목을 교환하고 싶다는 점을 이해합니다. 원활한 진행을 위해 교체하려는 물품의 세부정보와 선호하는 교체 품목을 제공해 주시겠습니까? 이는 요청된 변경 사항이 정확하게 구현되었는지 확인하는 데 도움이 됩니다. 고객님의 전반적인 쇼핑 경험을 향상시키는 데 협조해 주셔서 감사합니다.
BL,[주문/송장번호] 주문에서 상품을 제거하는 데 도움이 됩니다.,주문,주문 변경,주문 번호 [주문/송장번호]에서 품목을 제거하는 데 도움이 필요하다는 점을 이해합니다. 저희 팀이 이 요청에 대해 도움을 드릴 것입니다. 정확성을 보장하기 위해 주문에서 제거하려는 품목의 구체적인 세부 정보를 제공해 주시겠습니까?
BQZ,[주문/송장번호]를 주문하려면 항목을 추가하지 말고 도움이 필요하세요,주문,주문 변경,주문 번호 [주문/송장번호]에 품목을 추가하는 데 도움이 필요한 것 같습니다. 주문 수정에 대한 고객님의 적극적인 접근에 감사드립니다. 정확하고 효율적인 지원을 제공하기 위해 추가하려는 항목의 세부정보를 제공해 주시겠습니까? 이를 통해 고객님의 주문을 신속하게 업데이트하고 고객 만족을 보장할 수 있습니다. 협조해 주셔서 감사합니다!
BLMQW,[주문/송장번호] 주문의 일부 망할 제품을 바꿔야 해요,주문,주문 변경,이 문제를 알려주셔서 감사합니다. 주문 중 일부 제품의 번호가 [주문/송장번호]로 변경되어야 한다는 점을 이해합니다. 불편을 끼쳐드려 죄송합니다. 정확한 지원을 위해 전환하려는 특정 제품의 세부정보를 제공해 주시겠습니까? 저희는 필요한 조정을 수행하고 고객 만족을 보장하기 위해 왔습니다.
BMQ,주문 [주문/송장번호]에서 일부 품목을 제거하는 데 도움이 필요합니다.,주문,주문 변경,주문 번호 [주문/송장번호]에서 일부 항목을 제거해 달라는 요청에 감사드립니다. 저희 팀이 이 문제에 대해 도와드리겠습니다. 고객님의 요구 사항을 더 잘 이해할 수 있도록 제거하고 싶은 특정 항목을 알려주시겠습니까? 이를 통해 고객님의 주문이 고객님의 기대에 완벽하게 부합하는지 확인할 수 있습니다. 고객 만족이 저희의 최우선 사항입니다.
BL,올바른 구매 [주문/송장번호],주문,주문 변경,이 문제를 알려주셔서 감사합니다. 구매 번호 #[주문/송장번호]를 수정하는 데 도움이 필요하다는 점을 잘 알고 있습니다. 안심하세요. 우리가 도와드리겠습니다. 정확성을 보장하기 위해 구매 시 수정해야 할 사항에 대한 자세한 내용을 제공해 주시겠습니까? 이를 통해 당사는 필요한 조정을 하고 고객 만족을 보장할 수 있습니다. 이 문제를 해결하는 데 협조해 주셔서 감사합니다.
B,주문 [주문/송장번호]에서 항목을 제거해야 합니다.,주문,주문 변경,번호 [주문/송장번호] 주문 및 품목 제거 요청과 관련하여 연락해 주셔서 감사합니다. 저희는 고객님의 주문이 고객님의 기대와 일치하는지 확인하는 것의 중요성을 이해합니다. 이 문제를 해결하는 데 도움이 되도록 제거하려는 항목의 구체적인 세부정보를 제공해 주실 수 있습니까? 저희는 고객님의 요청을 수용하고 고객님의 주문에 완전히 만족할 수 있도록 최선을 다할 것입니다.
BLQZ,구매 금액 [주문/송장번호]를 수정해야 합니다,주문,주문 변경,구매 번호 #[주문/송장번호]를 수정해야 한다는 점을 이해합니다. 구매 오류로 인해 불편을 드려 죄송합니다. 수정하는 데 도움이 되도록 고객님이 원하는 특정 변경 사항에 대한 자세한 내용을 제공해 주시겠습니까? 이렇게 하면 필요한 조정이 정확하고 신속하게 이루어지도록 보장할 수 있습니다. 고객 만족이 저희의 최우선 과제이며 고객님이 직면할 수 있는 모든 문제를 해결하기 위해 최선을 다하고 있습니다.
BLM,주문 [주문/송장번호]에서 항목을 삭제하는 데 문제가 있습니다.,주문,주문 변경,주문 번호 [주문/송장번호]에서 항목을 삭제하는 동안 직면하는 문제에 대해 문의해 주셔서 감사합니다. 불편을 끼쳐드려 죄송하며 최선을 다해 도와드리겠습니다. 문제를 더 잘 이해하기 위해 삭제하려는 특정 항목과 발생한 문제에 대한 자세한 내용을 제공해 주실 수 있습니까? 이를 통해 근본적인 문제를 파악하고 가장 효과적인 솔루션을 제공할 수 있습니다.
BL,주문 수정 [주문/송장번호]에 대해 질문이 있습니다.,주문,주문 변경,문의해 주셔서 감사합니다! 주문 번호 [주문/송장번호] 수정에 관해 궁금한 점이 있으면 도와드리겠습니다. 무엇이든 편하게 물어보세요. 고객님의 우려 사항을 해결하는 데 필요한 정보를 제공하기 위해 최선을 다하겠습니다.
BLZ,구매시 상품을 놓쳤습니다 [주문/송장번호],주문,주문 변경,이 문제를 알려주셔서 감사합니다. 구매하신 제품 중 [주문/송장번호] 번호의 제품이 누락된 것으로 확인되었습니다. 이로 인해 불편을 끼쳐드려 죄송합니다. 추가 지원을 위해 누락된 제품에 대한 세부정보를 알려주시겠습니까? 이를 통해 상황을 즉시 해결하기 위해 필요한 조치를 취할 수 있습니다.
BLW,구매한 제품을 바꾸는 걸 도와주세요 [주문/송장번호],주문,주문 변경,"구매 번호 [주문/송장번호]의 제품 변경 요청을 소중하게 생각합니다. 저희 팀은 적시에 지원을 제공하고 고객 만족을 보장하기 위해 최선을 다하고 있습니다. 더 나은 지원을 위해 변경하려는 제품에 대한 자세한 정보를 제공해 주시겠습니까? 이를 통해 당사는 고객님의 요청을 효율적으로 이행하는 데 필요한 조치를 취할 수 있습니다. 고객님의 의견은 서비스 개선에 매우 중요하며, 이 문제를 해결하는 동안 양해해 주셔서 감사합니다."
BMQ,주문 [주문/송장번호]에서 여러 품목을 제거하는 데 도움이 필요합니다,주문,주문 변경,저희는 주문 번호 [주문/송장번호]에서 여러 항목을 제거해야 한다는 고객님의 요구를 완전히 이해합니다. 이로 인해 불편을 끼쳐드려 죄송합니다. 이 문제를 해결하기 위해 제거하려는 특정 항목을 제공해 주시겠습니까? 이 정보를 받으면 즉시 절차를 시작하고 고객님의 주문이 원하는 변경 사항을 반영하도록 할 것입니다. 이 문제를 해결하기 위해 노력하는 동안 양해해 주셔서 감사합니다.
BILMZ,[주문/송장번호] 주문에서 일부 기사를 삭제할 수 있나요?,주문,주문 변경,"[주문/송장번호] 주문에서 품목을 제거하는 것에 대해 우려하신다는 것이 무슨 뜻인지 알겠습니다. 저희는 고객 만족을 중요하게 생각하며 이 문제에 대해 기꺼이 도움을 드리겠습니다. 주문에서 삭제하고 싶은 특정 품목을 알려주시겠습니까? 이는 필요한 변경이 정확하게 이루어졌는지 확인하는 데 도움이 됩니다. 도움을 요청해 주셔서 감사드리며, 문제를 해결하는 동안 양해해 주셔서 감사합니다."
BLQ,주문 [주문/송장번호]를 편집하는 데 도움이 필요합니다,주문,주문 변경,우리가 도와드리겠습니다! 주문 번호 [주문/송장번호]를 편집하는 데 도움이 필요하다는 사실을 확인했습니다. 저희의 주요 목표는 고객님의 주문이 고객님의 요구에 완벽하게 맞춰지는 것입니다. 구체적으로 변경하고 싶은 사항을 알려 주실 수 있나요? 이 정보를 통해 당사는 고객님의 요청을 신속하고 정확하게 처리할 수 있습니다.
BQ,주문 [주문/송장번호]에서 항목을 제거해야 합니다,주문,주문 변경,고객님의 의견을 들으니 반갑습니다! 주문에서 번호가 [주문/송장번호]인 품목을 제거하는 데 도움이 필요하신 것으로 확인됩니다. 제거를 진행하려면 제거하려는 항목의 세부정보를 알려주시겠습니까? 이는 고객님의 요청을 정확하게 처리하고 필요한 조정을 수행하는 데 도움이 됩니다. 추가 정보를 제공하거나 궁금한 점이 있으면 언제든지 문의하세요. 저희 팀은 절차 전반에 걸쳐 고객님을 지원하기 위해 여기 있습니다.
BLM,[주문/송장번호]를 구매하려면 기사를 추가해야 합니다.,주문,주문 변경,구매 번호 [주문/송장번호]에 품목을 추가하고 싶다는 고객님의 요청을 이해합니다. 이에 도움이 되도록 추가하고 싶은 기사의 세부정보를 제공해 주시겠습니까? 이를 통해 필요한 변경 사항을 정확하고 신속하게 수행할 수 있습니다. 고객님의 협조에 감사드리며 고객님의 구매 경험이 향상되기를 기대합니다.
BL,구매 [주문/송장번호]에서 기사를 제거해야 합니다.,주문,주문 변경,문의해 주셔서 감사합니다! 구매 번호 [주문/송장번호]에서 품목을 제거하는 데 도움이 필요하다는 점을 이해합니다. 최선을 다해 도와드리겠습니다. 삭제하려는 기사의 구체적인 세부정보를 알려주시겠습니까? 이렇게 하면 절차를 보다 효과적으로 안내할 수 있습니다.
BIL,[주문/송장번호] 주문을 업데이트하는 방법은 무엇입니까?,주문,주문 변경,"고객님께서 주문 번호 [주문/송장번호]를 업데이트하려고 하시는 것을 확인했습니다. 저희는 고객님을 돕기 위해 왔습니다. 주문을 업데이트하려면 업데이트하려는 구체적인 업데이트 세부정보를 제공해 주시기 바랍니다. 수량 변경, 항목 추가 또는 제거, 배송 주소 수정 등이 포함될 수 있습니다. 필요한 정보가 확보되면 고객님의 요구 사항을 충족할 수 있도록 주문을 업데이트하는 데 즉시 도움을 드릴 것입니다."
BL,주문 수정 [주문/송장번호],주문,주문 변경,"주문 번호 [주문/송장번호]를 수정하려고 하시는 것으로 알고 있습니다. 이 문제를 알려주셔서 감사합니다. 필요한 수정 작업을 지원하기 위해 원하는 변경 사항에 대한 자세한 내용을 제공해 주시겠습니까? 품목, 수량 또는 기타 조정을 업데이트하는 등 고객님의 주문이 고객님의 기대에 부응할 수 있도록 도와드리겠습니다. 고객 만족이 저희의 최우선 사항이며 필요한 수정을 위해 함께 노력하는 동안 기다려 주셔서 감사합니다."
BLN,주문한 물품을 교환할 수 없습니다. [주문/송장번호],주문,주문 변경,주문 번호 [주문/송장번호]의 품목을 교환하는 데 어려움을 겪고 계신 것으로 확인되었습니다. 저희 팀은 주문과 관련하여 발생할 수 있는 모든 문제를 해결하기 위해 최선을 다하고 있습니다. 최상의 지원을 제공하기 위해 교환할 수 없는 특정 품목에 대한 자세한 정보를 제공해 주시겠습니까? 이는 문제를 식별하고 적합한 솔루션을 찾는 데 도움이 됩니다. 원활한 쇼핑 경험을 제공하는 데 도움을 주시는 고객님의 인내심과 협조에 감사드립니다.
BL,주문 수정 [주문/송장번호]에 대한 정보를 원합니다.,주문,주문 변경,주문 번호 [주문/송장번호] 수정에 대해 문의해 주셔서 감사합니다. 주문 변경에 관심을 가져주셔서 감사합니다. 정확한 정보를 제공하기 위해 어떤 수정을 원하는지 알려주시겠습니까? 이를 통해 고객님께 더 나은 지원을 제공하고 고객님의 주문이 고객님의 기대에 부응하도록 보장할 수 있습니다.
BCL,주문 [주문/송장번호]를 수정하고 싶습니다. 도와주세요.,주문,주문 변경,주문 번호 [주문/송장번호]로 주문을 편집하고 싶다는 점을 이해합니다. 저희는 고객님을 돕기 위해 왔습니다. 고객님이 원하는 특정 편집 사항에 대해 더 자세한 내용을 제공해 주시겠습니까? 이는 고객님의 요청을 정확하고 신속하게 처리하는 데 도움이 됩니다.
BL,구매한 상품을 변경하고 싶습니다 [주문/송장번호],주문,주문 변경,"구매 번호 [주문/송장번호]의 품목 전환을 요청해 주셔서 감사합니다. 때때로 실수가 발생한다는 점을 이해하고 있으며, 이를 해결하도록 도와드리겠습니다. 추가 지원을 위해 전환하려는 품목의 세부정보와 염두에 두고 있는 교체 품목을 제공해 주시겠습니까? 이 정보를 통해 당사는 고객님의 요청을 정확하게 처리하고 원활한 경험을 보장할 수 있습니다."
BQZ,[주문/송장번호]에 뭔가를 추가해야 해요,주문,주문 변경,주문 번호 [주문/송장번호]에 항목을 추가해야 한다는 연락을 주셔서 감사합니다. 저희는 고객님의 주문을 조정하는 것의 중요성을 이해하고 있으며 고객님을 돕기 위해 왔습니다. 이 문제를 올바르게 처리할 수 있도록 추가하려는 항목의 세부정보를 제공해 주시겠습니까? 저희는 고객님의 요청을 수용하고 고객님의 주문이 고객님이 상상한 대로 이루어지도록 최선을 다할 것입니다.
BCIL,[주문/송장번호] 주문을 수정하고 싶습니다. 도와주실 수 있나요?,주문,주문 변경,저는 고객님을 듣고! [주문/송장번호] 번호로 주문을 수정하고 싶다는 연락을 받았습니다. 저희는 고객 만족을 소중히 여기며 모든 문제를 해결하는 데 도움을 드립니다. 고객님이 원하는 구체적인 수정 사항에 대해 더 자세한 내용을 제공해 주시겠습니까? 이는 고객님의 요구 사항을 정확하고 효율적으로 해결하는 데 도움이 됩니다.
BL,주문 [주문/송장번호] 업데이트 중,주문,주문 변경,주문 번호를 [주문/송장번호]로 업데이트하는 데 도움이 필요하다는 점을 이해했습니다. 불편을 끼쳐드려 죄송하며 최선을 다해 도와드리겠습니다. 주문에 대해 구체적으로 변경하고 싶은 사항을 알려주시겠습니까? 이 정보를 사용하면 고객님의 주문이 고객님의 선호 사항에 따라 업데이트되도록 할 것입니다.
BILM,[주문/송장번호] 주문에서 일부 품목을 삭제할 수 있나요?,주문,주문 변경,고객님의 주문에서 #[주문/송장번호] 번호의 일부 품목을 삭제하고 싶다는 점을 이해합니다. 저희는 고객님을 돕기 위해 왔습니다. 제거하고 싶은 특정 기사를 제공해 주시겠습니까? 이를 통해 저희는 고객님의 주문에 필요한 조정을 하고 고객 만족을 보장할 수 있습니다.
BLM,[주문/송장번호]를 주문하기 위해 여러 제품을 추가하도록 도와주세요,주문,주문 변경,내가 해낼게! 번호 [주문/송장번호]로 주문에 여러 제품을 추가하는 데 도움이 필요하다는 점을 이해합니다. 저희는 고객님이 만족할 수 있도록 필요한 조정을 할 수 있도록 도와드립니다. 추가하고 싶은 제품의 세부정보를 알려주시겠어요? 궁금한 점이 있으면 언제든지 문의하거나 문의 사항을 공유해 주세요.
BKLZ,구매 변경 [주문/송장번호],주문,주문 변경,구매 번호 [주문/송장번호]에 대한 변경을 요청하신 것으로 알고 있습니다. 불편을 끼쳐드려 죄송합니다. 더 나은 지원을 위해 변경하려는 사항에 대한 구체적인 세부정보를 제공해 주시겠습니까? 저희 팀은 고객님의 구매를 수정하고 만족을 보장할 수 있도록 도와드립니다.
BLMQ,여러 주문 항목을 전환하려고 합니다 [주문/송장번호],주문,주문 변경,주문 번호 [주문/송장번호]에서 여러 항목을 전환해 달라는 요청과 관련하여 문의해 주셔서 감사합니다. 마음이 바뀌었거나 고객님의 필요에 더 적합한 다른 제품을 찾았을 수도 있다는 점을 충분히 이해합니다. 추가 지원을 위해 전환하고 싶은 특정 품목과 대체 품목을 제공해 주시겠습니까? 이를 통해 당사는 고객님의 요청을 효율적으로 처리하고 고객 만족을 보장할 수 있습니다.
BIL,[주문/송장번호] 구매한 아이템을 교환할 수 있나요?,주문,주문 변경,구매 번호 [주문/송장번호]의 품목 교환 가능성에 대해 저희를 믿어주셔서 감사합니다. 저희는 고객님의 주문에 필요한 조정을 하는 것이 얼마나 중요한지 잘 알고 있습니다. 교환을 진행하시려면 교환하고 싶은 상품과 교환하고 싶은 상품의 세부정보를 알려주세요. 저희 고객 서비스 팀은 고객님의 요청을 기꺼이 도와드릴 것이며 만족스러운 쇼핑 경험을 보장해 드릴 것입니다.
BLM,[주문/송장번호] 구매를 위해 일부 항목을 추가하는 데 도움이 됩니다.,주문,주문 변경,"구매 번호 #[주문/송장번호]에 항목을 추가하는 데 도움이 필요하다는 점을 이해합니다. 우리가 도와드리겠습니다! 구매 항목에 항목을 추가하려면 다음 단계를 따르세요. - 고객님의 계정으로 이동하여 ""주문""섹션으로 이동하십시오. - 구매 번호 #[주문/송장번호]를 찾아 클릭하세요. - ""항목 추가"" 또는 ""항목 편집"" 옵션을 찾아 클릭합니다. - 사용 가능한 옵션 중에서 구매에 추가할 항목을 선택하세요. - 선택하신 후 결제를 진행하여 구매를 완료해 주세요. 문제가 발생하거나 추가 질문이 있는 경우 주저하지 말고 알려주시기 바랍니다. 저희는 고객님이 구매 항목에 항목을 추가하는 동안 원활한 경험을 할 수 있도록 하고자 합니다. 고객 만족이 저희의 최우선 사항입니다!"
BCL,"구매 품목을 변경해야 합니다 [주문/송장번호], 도와주세요",주문,주문 변경,주문 번호 [주문/송장번호]로 구매 항목을 변경해야 한다는 점을 충분히 이해합니다. 도움을 구하는 데 있어서 고객님의 적극적인 접근에 감사드립니다. 정확한 안내를 위해 어떤 항목을 변경하고 싶은지 알려주세요. 저희 팀은 고객님께 원활한 경험을 보장하기 위해 최선을 다하고 있습니다.
BILMQ,[주문/송장번호] 구매 품목 중 일부를 교환하는 데 도움을 주실 수 있나요?,주문,주문 변경,구매 번호 [주문/송장번호]의 일부 품목을 교환해 달라는 고객님의 요청에 감사드립니다. 저희는 고객님이 마음을 바꾸었거나 더 나은 대안을 찾았을 수도 있다는 것을 이해합니다. 이 요청에 도움이 되도록 교환하고 싶은 품목과 교체하려는 품목을 구체적으로 알려주십시오. 저희의 목표는 고객님의 완전한 만족을 보장하는 것이며 고객님이 구매에 필요한 조정을 할 수 있도록 도와드립니다. 이 과정에 대해 어떻게 더 도움을 드릴 수 있나요?
BILQZ,[주문/송장번호] 주문 방법,주문,주문 변경,주문 번호 [주문/송장번호]를 수정하고 싶다는 점을 잘 알고 있습니다. 불편을 끼쳐드려 죄송합니다. 이에 대한 도움을 받으려면 고객 지원팀에 직접 문의하는 것이 좋습니다. 그들은 주문 편집 과정을 안내하고 필요한 지원을 제공할 수 있습니다. 당사 웹사이트 [웹사이트/메뉴]의 라이브 채팅을 통해 또는 [고객센터전화번호]로 전화하여 고객 지원팀에 문의하실 수 있습니다. [운영시간/기간]를 통해 주문 관련 문의에 도움을 받으실 수 있습니다.
BLMNQZ,여러 구매 항목을 전환할 수 없습니다 [주문/송장번호],주문,주문 변경,구매 번호 [주문/송장번호]에 대한 여러 품목을 전환하는 데 문제가 있다는 소식을 듣고 유감입니다. 저는 주문을 변경할 수 있는 유연성을 갖는 것이 얼마나 중요한지 이해합니다. 이 문제에 대해 추가 지원을 제공해 드리겠습니다. 전환하려는 특정 기사에 대한 자세한 내용을 알려주시겠습니까? 이 정보는 고객님께 가장 적합한 솔루션을 찾는 데 도움이 될 것입니다.
BIL,구매 [주문/송장번호]를 편집할 수 있나요?,주문,주문 변경,구매 번호 [주문/송장번호]를 수정하고 싶다는 내용을 확인했습니다. 주문 상태와 원하는 특정 변경 사항에 따라 특정 경우에 구매 편집이 가능합니다. 정확한 정보를 제공하기 위해 염두에 두고 있는 특정 편집 사항을 명시해 주시겠습니까? 이는 타당성을 결정하고 그에 따라 안내하는 데 도움이 됩니다. 저희는 고객 만족을 보장하기 위해 최선을 다하고 고객님의 요청에 도움을 주기 위해 최선을 다할 것입니다.
BL,올바른 순서 [주문/송장번호],주문,주문 변경,"주문 번호 [주문/송장번호] 수정 요청과 관련하여 문의해 주셔서 감사합니다. 고객 만족이 저희의 최우선 사항이며, 필요한 조정을 도와드리겠습니다. 정확한 지원을 위해 수정하고 싶은 사항에 대한 구체적인 세부정보를 제공해 주시겠습니까? 고객님의 요구 사항을 이해함으로써 당사는 고객님의 우려 사항을 신속하게 해결하고 고객님의 주문에 필요한 변경을 수행할 수 있습니다."
BLM,주문 [주문/송장번호]에서 일부 항목을 삭제하려고 합니다.,주문,주문 변경,이 문제를 알려주셔서 감사합니다. 주문 번호 [주문/송장번호]에서 일부 항목을 삭제하고 싶다는 점을 확인했습니다. 이로 인해 불편을 끼쳐드려 죄송합니다. 삭제 과정을 원활하게 진행하기 위해 삭제하려는 항목의 구체적인 세부정보를 제공해 주시겠습니까? 정보를 받으면 필요한 수정이 이루어지도록 신속하게 노력하겠습니다. 저희의 궁극적인 목표는 고객에게 원활하고 만족스러운 쇼핑 경험을 제공하는 것입니다.
B,순서 변경 [주문/송장번호],주문,주문 변경,"고객님의 요청을 알려주셔서 감사합니다. [주문/송장번호] 번호로 주문을 변경해야 한다는 것을 알고 있습니다. 안심해 주세요. 저희는 가능한 최선의 방법으로 고객님을 도와드릴 것입니다. 주문 수정을 진행하려면, 구체적으로 변경하고 싶은 내용을 제공해 주시겠습니까? 저희는 고객님의 주문이 고객님의 요구 사항에 완벽하게 부합하는지 확인하고 싶습니다."
BCILP,[주문/송장번호] 주문을 수정하고 싶은데 어떻게 해야 하나요?,주문,주문 변경,주문 번호 #[주문/송장번호]를 수정하고 싶다는 점을 잘 알고 있습니다. 이 문제를 알려주셔서 감사합니다. 필요한 수정 작업에 도움을 받으려면 고객 지원팀에 문의하는 것이 좋습니다. 그들은 절차를 안내하고 수정 사항이 주문에 정확하게 반영되었는지 확인합니다. [고객센터전화번호]로 전화하거나 당사 웹사이트 [웹사이트/메뉴]의 라이브 채팅 옵션을 통해 고객 지원팀에 문의할 수 있습니다. 고객님의 요구 사항을 충족하도록 주문을 수정하는 데 기꺼이 도움을 드릴 것입니다. 오늘은 또 어떤 도움을 드릴 수 있나요?
BL,편집 순서 [주문/송장번호],주문,주문 변경,"주문 번호 [주문/송장번호] 수정 요청에 감사드립니다. 저희 팀은 필요한 변경을 수행하는 데 도움을 드리고 있습니다. 가장 정확하고 효율적인 지원을 제공하기 위해 주문에 적용하고 싶은 특정 편집 사항을 지정해 주시겠습니까? 고객 만족이 저희의 최우선 과제이며, 고객님의 주문이 고객님의 선호도를 반영하도록 하고 싶습니다. 고객님의 요구 사항을 알려주시면 기꺼이 추가 지원을 해 드리겠습니다."
BLQ,구매 [주문/송장번호]를 업데이트하는 데 도움이 필요합니다.,주문,주문 변경,"구매 번호 [주문/송장번호]의 세부정보를 업데이트하는 데 도움이 필요하다는 사실을 확인했습니다. 저희는 고객님이 필요한 변경을 할 수 있도록 도와드립니다. 변경하려는 사항에 대한 구체적인 세부정보를 제공해 주시겠습니까? 배송 주소 업데이트, 품목 추가 또는 제거, 구매의 다른 측면 수정 등, 당사는 고객님의 요청이 신속하고 정확하게 처리되도록 보장합니다. 고객 만족이 저희의 최우선 과제이며 원활한 쇼핑 경험을 제공하기 위해 최선을 다하고 있습니다."
BLM,[주문/송장번호] 주문에서 일부 품목을 제거하려고 합니다.,주문,주문 변경,저는 고객님이 주문 번호 [주문/송장번호]에서 일부 품목을 제거하려고 한다는 사실을 알고 있습니다. 이로 인해 불편을 끼쳐드려 죄송합니다. 이 문제를 해결하는 데 도움이 되도록 주문에서 제거하고 싶은 특정 품목을 알려주시겠습니까? 이는 필요한 변경을 정확하게 수행하는 데 도움이 됩니다.
BL,[주문/송장번호] 주문을 편집하는 데 도움이 필요합니다,주문,주문 변경,"먼저, 주문 번호 [주문/송장번호] 수정 요청에 대해 이해하고 있음을 말씀드립니다. 저희는 고객님의 완전한 만족을 보장하기 위해 필요한 변경을 수행하는 데 도움을 드리고 있습니다. 수정하고 싶은 내용에 대한 구체적인 세부정보를 제공해 주시겠습니까? 이는 적절한 수정을 진행하고 고객님의 주문이 고객님의 기대에 부응하는지 확인하는 데 도움이 됩니다. 고객님의 피드백은 우리에게 매우 귀중한 것이며 고객님의 경험을 특별하게 만들 수 있는 기회를 주셔서 감사합니다. 추가로 어떻게 도와드릴까요?"
BMNQZ,주문에 일부 항목을 추가할 수 없습니다370795561790,주문,주문 변경,"[주문/송장번호] 번호로 주문에 품목을 추가하는 데 어려움이 있음을 인정합니다. 불편을 끼쳐드려 죄송합니다. 추가 지원을 위해 추가하려는 특정 항목을 알려주시겠습니까? 이 정보를 통해 문제를 조사하고 고객님께 적합한 솔루션을 찾을 수 있습니다. 이 문제를 알려주셔서 감사드리며, 이 문제를 해결하기 위해 노력하는 동안 양해해 주셔서 감사합니다."
BLQWZ,[주문/송장번호] 주문에서 빌어먹을 기사를 삭제하는 데 도움이 필요해요,주문,주문 변경,주문 번호 [주문/송장번호]에서 항목을 삭제하는 데 도움을 줄 수 있도록 연락해 주셔서 감사합니다. 저희는 실수가 발생하면 얼마나 실망스러울 수 있는지 이해합니다. 이 문제를 해결하는 데 도움이 되도록 삭제하려는 기사의 구체적인 세부정보를 제공해 주시겠습니까? 필요한 정보가 확보되면 고객님의 주문에 필요한 변경 사항을 즉시 적용해 드리겠습니다.
BK,주문에 항목 추가 [주문/송장번호],주문,주문 변경,주문에 번호 [주문/송장번호] 항목을 추가해 달라는 요청에 감사드립니다. 이 문제를 해결하는 데 도움이 되도록 추가하려는 항목의 세부정보를 알려주시겠습니까? 이는 필요한 변경을 정확하고 신속하게 수행하는 데 도움이 됩니다. 협조해 주셔서 감사합니다!
BILPQZ,[주문/송장번호] 주문 항목을 교환할 수 있을까요?,주문,주문 변경,주문 번호 [주문/송장번호]의 품목 교환 요청과 관련된 메시지를 받게 되어 기쁘게 생각합니다. 고객님께서 이 과정에 대한 도움을 원하신다는 점을 이해합니다. 교환을 진행하시려면 교환하고 싶은 상품의 상세정보와 교환을 원하는 상품을 알려주세요. 이는 원활하고 효율적인 교환 절차를 보장하는 데 도움이 됩니다. 고객님의 협조에 감사드리며 앞으로도 더 많은 도움을 드리겠습니다.
BL,구매에서 제품 제거 [주문/송장번호],주문,주문 변경,주문 번호 [주문/송장번호] 구매 항목에서 제품을 제거하는 데 도움을 요청해 주셔서 감사합니다. 저희는 고객님의 완전한 만족을 보장하기 위해 때때로 변경이 필요하다는 것을 이해합니다. 제거를 진행하려면 제거하려는 제품의 구체적인 세부정보를 제공해 주시겠습니까? 이렇게 하면 당사는 고객님의 주문에 필요한 조정을 신속하게 수행할 수 있습니다. 이 문제를 해결하는 동안 고객님의 인내심과 협조에 진심으로 감사드립니다.
BLM,주문 [주문/송장번호]에서 일부 품목을 제거하고 싶습니다.,주문,주문 변경,"주문 번호 [주문/송장번호]에서 일부 품목을 제거해야 한다고 확인했습니다. 저희는 고객 만족을 소중히 여기며 고객님이 원하는 모든 수정 사항에 대해 도움을 드릴 것입니다. 고객님의 요청을 정확하게 처리하기 위해 제거하려는 항목의 이름이나 세부정보를 제공해 주시겠습니까? 이렇게 하면 고객님의 선호도에 맞게 필요한 조정이 이루어지도록 보장할 수 있습니다. 이 문제를 알려주셔서 감사드리며, 신속하게 문제를 해결하도록 하겠습니다."
BL,주문 [주문/송장번호]에서 항목 삭제에 대한 도움말,주문,주문 변경,주문 번호 [주문/송장번호]에서 항목을 삭제하는 데 도움을 요청하신 것으로 확인되었습니다. 이로 인해 불편을 끼쳐드려 죄송하며 해결 방법을 찾을 수 있도록 도와드리겠습니다. 더 나은 지원을 위해 주문에서 제거하려는 품목의 구체적인 세부 정보를 제공해 주시겠습니까? 이 정보를 통해 당사는 고객님의 주문을 적절하게 업데이트하는 데 필요한 조치를 취할 수 있습니다. 이 문제를 해결하기 위해 함께 노력하는 동안 기다려 주셔서 감사합니다.
BILQ,[주문/송장번호] 주문에서 기사를 삭제하는 방법,주문,주문 변경,연락해주셔서 감사합니다! 고객님의 주문에서 번호가 [주문/송장번호]인 품목을 삭제하고 싶다는 점을 확인했습니다. 저는 고객님을 돕기 위해 여기 있습니다. 삭제를 진행하려면 삭제하려는 기사의 구체적인 세부정보를 알려주시겠습니까? 이렇게 하면 고객님의 주문에서 올바른 품목이 제거되었는지 확인하고 필요한 조치를 취할 수 있습니다.
BLZ,업데이트 구매00004587345,주문,주문 변경,"구매 번호 [주문/송장번호]를 업데이트하는 데 도움이 필요하다는 사실을 확인했습니다. 우리가 도와드리겠습니다! 구매에 대해 원하는 구체적인 변경 사항을 알려주세요. 제품 수정, 배송 주소 업데이트 또는 기타 수정 등 고객님의 요청을 수용하기 위해 최선을 다하겠습니다. 고객 만족이 저희의 최우선 과제이며 고객님께 원활한 경험을 보장하는 것을 목표로 합니다."
BIM,[주문/송장번호]를 주문하려면 어떻게 항목을 추가해야 하나요?,주문,주문 변경,"주문 번호 [주문/송장번호]에 항목을 추가하는 것에 대해 문의해 주셔서 감사합니다. 이에 대한 도움을 받으려면 다음 단계를 따르는 것이 좋습니다. 1. 당사 웹사이트를 방문하여 고객님의 계정에 로그인하십시오. 2. ""주문"" 섹션 또는 ""주문 내역"" 페이지로 이동합니다. 3. 고객님이 언급한 특정 주문 번호를 찾아서 선택하십시오. 4. ""주문 편집"" 또는 ""주문 수정"" 옵션을 찾으십시오. 그것을 클릭하세요. 5. 이제 주문에 추가 품목을 추가할 수 있습니다. 6. 원하는 항목을 추가한 후 변경 사항을 검토하고 업데이트를 확인하세요. 문제가 발생하거나 추가 질문이 있는 경우 주저하지 말고 알려주시기 바랍니다. 저희는 고객님이 최고의 쇼핑 경험을 할 수 있도록 돕기 위해 왔습니다."
BIL,[주문/송장번호] 주문을 어떻게 수정하나요?,주문,주문 변경,"주문 번호 [주문/송장번호]를 수정하고 싶으신 것으로 알고 있습니다. 도움을 드리기 위해 주문에 적용하고 싶은 구체적인 변경 사항을 알려주시겠습니까? 품목 추가 또는 제거, 배송 주소 변경, 기타 수정 등 무엇이든 고객님의 주문이 고객님의 기대에 부응할 수 있도록 도와드리겠습니다."
BLMQZ,구매한 여러 제품을 변경해야 합니다113542617735902,주문,주문 변경,고객님의 메시지는 많은 의미가 있습니다! 저는 고객님이 구매한 여러 제품에서 번호 [주문/송장번호]를 수정하고 싶다는 생각에 동의합니다. 저희는 이 요청에 대해 도와드리겠습니다. 변경하려는 제품의 구체적인 세부정보를 알려주시면 필요한 조정을 해드릴 수 있습니다. 고객 만족이 저희의 최우선 과제이며 고객님의 구매가 고객님의 기대에 부응하는지 확인하고 싶습니다.
BL,구매 수정에 대한 정보를 원합니다 [주문/송장번호],주문,주문 변경,"구매 번호 [주문/송장번호] 수정에 대한 정보를 요청하시면 저희가 도와드리겠습니다. 저희는 고객님의 구매에서 정확성을 보장하는 것이 얼마나 중요한지 잘 알고 있으며, 고객님을 돕기 위해 여기 있습니다. 고객님의 문의 사항을 더 잘 해결하기 위해 어떤 종류의 수정을 하려는지 구체적으로 알려주시겠습니까? 추가 세부정보를 제공하시면 가장 정확하고 맞춤화된 정보를 제공하는 데 도움이 됩니다."
BK,주문 변경 [주문/송장번호],주문,주문 변경,주문 번호 [주문/송장번호] 변경 요청에 감사드립니다. 저희는 고객님이 우리와 함께 최고의 경험을 하고 고객님의 주문이 고객님이 필요로 하는 것을 정확하게 반영하기를 원합니다. 변경하려는 사항에 대한 자세한 내용을 제공해 주시겠습니까? 이를 통해 고객님을 더 잘 지원하고 고객님의 기대에 부응하는 데 도움이 될 것입니다. 협조해 주셔서 감사합니다.
BCLQ,구매 [주문/송장번호]를 수정해야 합니다. 도와주세요,주문,주문 변경,"우리를 믿어주셔서 감사합니다! 구매번호 [주문/송장번호]를 수정해야 한다는 사실을 잘 알고 있습니다. 저는 고객님을 돕기 위해 여기 있습니다. 구체적으로 어떤 부분을 수정하고 싶은지 알려주시겠어요? 품목, 수량 또는 기타 조정 사항이 변경되더라도 고객님의 구매가 고객님의 기대에 부응할 수 있도록 함께 노력하겠습니다."
BLQ,[주문/송장번호] 구매를 위해 항목을 추가하는 데 도움이 필요합니다,주문,주문 변경,"구매 번호 [주문/송장번호]에 품목을 추가하는 데 도움을 드리고자 합니다! 주문을 일부 변경하고 싶다는 점을 이해하며 도와드리겠습니다. 추가하고 싶은 항목의 세부정보를 제공해 주시겠습니까? 정보가 확보되면 해당 품목이 고객님의 구매에 포함되어 있는지 확인할 수 있습니다. 고객 만족은 저희의 최우선 과제이며, 고객님을 위해 작업하는 동안 기다려 주셔서 감사합니다."
BQ,[주문/송장번호] 주문 항목을 변경하는 데 도움이 필요합니다.,주문,주문 변경,주문 번호 [주문/송장번호]의 일부를 조정해 달라는 고객님의 요청에 감사드립니다. 저희 팀은 필요한 변경을 수행하는 데 도움을 드리고 있습니다. 수정하려는 항목에 대해 더 구체적인 세부정보를 제공해 주시겠습니까? 이는 당사가 고객님의 요청을 정확하고 신속하게 처리하는 데 도움이 됩니다. 안심해 주세요. 저희는 고객님께 원활하고 만족스러운 경험을 제공하기 위해 최선을 다하고 있습니다.
BIL,[주문/송장번호] 주문을 업데이트할 수 있나요?,주문,주문 변경,주문 번호 [주문/송장번호]를 업데이트하려고 하시는 것으로 알고 있습니다. 이 요청을 도와드리기 위해 최선을 다하겠습니다. 정확한 정보를 제공하기 위해 주문에 어떤 업데이트를 원하는지 알려주시겠습니까? 이는 당사가 고객님께 가장 적합한 솔루션을 제공하는 데 도움이 될 것입니다. 우리가 도와드리겠습니다!
BLNQZ,[주문/송장번호] 구매를 위해 뭔가를 추가할 수 있어요,주문,주문 변경,[주문/송장번호] 번호로 구매한 항목에 항목을 추가할 수 없다는 소식을 듣고 안타깝게 생각합니다. 저는 고객님의 주문을 변경하는 것이 얼마나 중요한지 이해하고 있으며 고객님을 돕기 위해 왔습니다. 문제를 더 잘 이해하기 위해 어떤 항목을 추가하고 싶은지 물어봐도 될까요? 이러한 세부정보를 제공하면 고객님께 적합한 솔루션을 찾을 수 있습니다.
BK,주문에 항목 추가,주문,주문 변경,"연락해주셔서 기뻐요! 고객님의 주문에 품목을 추가하고 싶다는 점을 이해합니다. 저희는 고객님을 돕기 위해 왔습니다. 원활한 진행을 위해 주문 번호, 추가하려는 항목, 추가와 관련된 구체적인 지침 등 세부 정보를 제공해 주시겠습니까? 이 정보가 확보되면 이에 따라 고객님의 주문을 업데이트할 수 있습니다."
BL,[주문/송장번호] 주문상품을 변경하고 싶어요,주문,주문 변경,문의해 주셔서 감사합니다. 주문 번호 [주문/송장번호]로 제품을 전환해야 한다는 것을 알고 있습니다. 저희는 이 요청에 대해 도움을 드리고 있습니다. 전환하려는 특정 제품에 대한 자세한 내용을 제공해 주시겠습니까? 이 정보는 고객님의 요청을 정확하고 효율적으로 처리하는 데 도움이 됩니다.
BIL,[주문/송장번호] 주문에서 품목을 삭제할 수 있나요?,주문,주문 변경,주문 번호 [주문/송장번호]에서 항목 삭제 요청과 관련하여 문의해 주셔서 감사합니다. 때때로 변경이 필요하다는 점을 이해하고 있으며 도움을 드리고자 합니다. 제거를 진행하려면 제거하려는 기사의 세부정보를 제공해 주세요. 이를 통해 저희는 문제를 신속하게 해결하고 고객 만족을 보장할 수 있습니다. 이 문제에 대한 고객님의 인내와 협조에 진심으로 감사드립니다. 추가로 어떻게 도와드릴까요?
BLM,[주문/송장번호] 주문을 위해 일부 제품을 추가하는 데 도움을 주세요.,주문,주문 변경,번호 [주문/송장번호]로 주문에 일부 제품을 추가하는 데 도움이 필요하다는 사실을 확인했습니다. 저는 고객님을 돕기 위해 여기 있습니다. 주문에 추가하고 싶은 제품의 세부정보를 알려주시겠어요? 이 정보를 통해 고객님을 보다 효율적으로 지원하고 고객님의 주문이 정확하게 업데이트되도록 할 수 있습니다. 문의해 주셔서 감사드리며 이번 수정 작업에 도움이 되기를 바랍니다.
B,[주문/송장번호]를 주문하려면 뭔가를 추가해야 합니다,주문,주문 변경,주문 번호 #[주문/송장번호]에 항목을 추가하고 싶다는 점을 이해합니다. 불편을 끼쳐드려 죄송하며 양해해 주셔서 감사합니다. 더 나은 지원을 위해 주문에 추가하고 싶은 항목에 대한 자세한 내용을 제공해 주시겠습니까? 이를 통해 당사는 고객님께 원활한 주문 경험을 보장할 수 있습니다.
B,[주문/송장번호] 주문 항목을 변경하도록 도와주세요,주문,주문 변경,"주문 번호 [주문/송장번호]에 대한 변경 사항에 대해 문의해 주셔서 감사합니다. 저희는 고객님의 주문이 고객님의 기대를 충족시키는 것이 얼마나 중요한지 잘 알고 있습니다. 더 나은 지원을 위해 고객님이 원하는 특정 변경 사항에 대한 자세한 내용을 제공해 주시겠습니까? 이를 통해 저희는 고객님께 가장 정확한 지원을 제공하고 완전한 만족을 보장할 수 있습니다. 고객님의 피드백은 우리에게 매우 귀중한 것이며, 저희는 모든 단계에서 고객님을 도와드릴 것입니다."
BILQ,[주문/송장번호] 주문에서 제품을 어떻게 삭제하나요?,주문,주문 변경,"주문 번호 [주문/송장번호]에서 제품을 제거하는 방법에 대해 문의해 주셔서 감사합니다. 저는 고객님의 주문을 조정하는 것의 중요성을 이해하고 있으며 도움을 드리기 위해 여기 있습니다. 제품을 제거하려면 다음 단계를 따르세요. 1. 당사 웹사이트에서 고객님의 계정에 로그인하십시오. 2. '주문' 섹션 또는 '주문 내역'으로 이동합니다. 3. 특정 주문(주문 번호: [주문/송장번호])을 찾아 선택합니다. 4. 삭제하려는 제품을 찾아 ""제거"" 버튼이나 옆에 있는 링크를 클릭하십시오. 5. 메시지가 나타나면 삭제를 확인합니다. 6. 주문이 업데이트되고 제품이 제거됩니다. 어려움이 있거나 추가 지원이 필요한 경우 언제든지 알려주시기 바랍니다. 고객 만족이 저희의 최우선 과제이며 원활한 주문 경험을 보장하기 위해 최선을 다할 것입니다."
BLQ,주문 항목을 전환하는 데 도움이 필요합니다 [주문/송장번호],주문,주문 변경,주문 번호 [주문/송장번호]의 항목을 변경해 달라는 고객님의 요청에 감사드립니다. 저희는 고객님이 필요한 것을 정확하게 받기 위해 때때로 변경이 필요하다는 것을 인정합니다. 절차를 시작하려면 전환하려는 품목과 염두에 두고 있는 교체 품목에 대한 자세한 내용을 제공해 주시겠습니까? 저희 팀은 고객 만족이 충족될 수 있도록 도와드리고 있습니다.
BL,구매 시 항목 삭제 문제 [주문/송장번호],주문,주문 변경,저는 주문 번호 [주문/송장번호]로 구매한 항목을 삭제할 수 있는 기능의 중요성을 확실히 인식하고 있습니다. 저희의 목표는 고객님이 주문을 완벽하게 통제하고 필요한 조정을 할 수 있도록 하는 것입니다. 더 나은 지원을 위해 삭제하려는 특정 항목에 대한 자세한 내용을 제공해 주시겠습니까? 이를 통해 당사는 고객님의 문의 사항을 신속하고 정확하게 처리할 수 있습니다. 고객님의 협조와 저희 서비스 선택에 감사드립니다.
BLMN,구매한 일부 아이템을 교환할 수 없습니다. [주문/송장번호],주문,주문 변경,구매번호 [주문/송장번호]의 일부 품목을 교환할 수 없어 불편을 끼쳐드린 점 사과드립니다. 저희는 가능한 한 빠르고 효율적으로 이 문제를 해결하기 위해 최선을 다하고 있습니다. 더 나은 지원을 위해 교환하려는 품목에 대한 자세한 정보를 제공해 주시겠습니까? 이를 통해 문제를 식별하고 적합한 솔루션을 찾을 수 있습니다. 고객님의 인내와 협조에 감사드립니다.
BL,[주문/송장번호] 주문에 제품을 추가하는 데 문제가 있습니다.,주문,주문 변경,이 문제를 알려주셔서 감사합니다. [주문/송장번호] 주문에 제품을 추가하는 과정에서 발생한 어려움으로 인해 불편을 끼쳐드려 죄송합니다. 저희 팀이 이 문제를 해결하도록 도와드리겠습니다. 더 나은 지원을 위해 현재 직면한 문제에 대한 자세한 내용을 제공해 주시겠습니까? 이를 통해 문제를 파악하고 가장 적절한 솔루션을 제공할 수 있습니다. 이 문제에 대한 고객님의 인내와 협조에 감사드립니다.
BCL,실수를 했습니다. 주문 수정에 도움이 필요합니다 [주문/송장번호],주문,주문 변경,"고객님의 실수로 인해 주문 번호 [주문/송장번호]를 편집하는 데 도움이 필요하다는 점을 이해합니다. 불편을 끼쳐드려 죄송하며, 필요한 변경이 이루어지도록 도와드리겠습니다. 항목 추가 또는 제거, 수량 업데이트, 기타 주문 세부정보 수정 등 고객님이 원하는 편집과 관련된 구체적인 세부정보를 제공해 주시기 바랍니다. 저희 팀은 고객 만족을 보장하기 위해 최선을 다하고 있으며 고객님의 요청을 수용하기 위해 최선을 다할 것입니다."
BN,주문을 변경할 수 없습니다. [주문/송장번호],주문,주문 변경,주문 번호 [주문/송장번호] 변경 문제로 인해 불편을 끼쳐드려 죄송합니다. 저는 이것이 얼마나 실망스러울 수 있는지 이해합니다. 더 나은 지원을 위해 현재 발생한 특정 문제에 대한 자세한 내용을 제공해 주시겠습니까? 이 정보를 통해 저는 고객님의 상황에 맞는 솔루션을 제공할 수 있습니다. 이 문제를 해결하는 데 있어 고객님의 인내심과 협조에 감사드립니다.
BCL,[주문/송장번호]를 구매하려면 제품을 추가해야 합니다. 도와주세요.,주문,주문 변경,"먼저, 구매 번호 [주문/송장번호]에 제품을 추가하는 것에 대해 문의해 주셔서 감사합니다. 저희는 고객님의 구매에 대한 조정의 중요성을 이해하고 있으며 고객님을 돕기 위해 최선을 다할 것입니다. 구매에 제품을 추가하려면 추가하려는 제품의 이름이나 설명, SKU 또는 품목 번호(가능한 경우)와 같은 기타 관련 정보 등 세부 정보를 제공해 주시기 바랍니다. 이 정보는 제품이 정확하게 추가되고 고객님의 구매가 고객님의 선호 사항을 반영하는지 확인하는 데 도움이 됩니다. 고객님의 협조에 감사드리며 이 문제가 해결되기를 기대합니다. 오늘 추가로 어떻게 도움을 드릴 수 있나요?"
BM,주문 [주문/송장번호]의 일부 항목 변경,주문,주문 변경,주문 번호 [주문/송장번호]로 일부 품목을 변경해 달라는 요청에 감사드립니다. 저희는 고객님의 완전한 만족을 보장하기 위해 때때로 조정이 필요하다는 것을 이해합니다. 이 과정을 원활하게 진행하기 위해 수정하려는 항목의 구체적인 세부정보를 알려주시겠습니까? 저희의 목표는 신속하고 정확하게 고객님을 지원하는 것입니다.
BLMQ,구매 시 여러 품목을 놓쳤습니다 [주문/송장번호],주문,주문 변경,[주문/송장번호] 구매 상품 중 누락된 품목과 관련해 문의해 주셔서 감사합니다. 이로 인해 불편을 끼쳐드려 죄송합니다. 추가 지원을 위해 누락된 품목에 대한 구체적인 세부정보를 제공해 주시겠습니까? 이는 문제를 해결하고 고객님의 완전한 만족을 보장하기 위해 필요한 조치를 취하는 데 도움이 될 것입니다. 이 문제를 해결하는 데 있어 고객님의 인내심과 협조에 감사드립니다.
BM,주문 [주문/송장번호]에서 여러 항목을 제거하는 데 도움이 됩니다.,주문,주문 변경,주문 번호 [주문/송장번호]에서 여러 항목을 제거하는 데 도움을 요청해 주셔서 감사합니다. 안심하세요. 제가 도와드리겠습니다! 고객님의 요청을 정확하게 처리할 수 있도록 제거하려는 특정 항목을 알려주시겠습니까? 이 정보를 받으면 고객님의 주문이 정확히 고객님이 원하는 대로 이루어지도록 필요한 조치를 취하겠습니다. 고객님의 인내와 협조에 감사드립니다.
BLZ,업데이트주문 [주문/송장번호],주문,주문 변경,저희는 듣고 있어요! [주문/송장번호] 번호로 구매한 제품을 업데이트하는 데 도움이 필요하다는 사실을 알고 있습니다. 저는 고객님을 돕기 위해 여기 있습니다. 업데이트를 진행하려면 변경하려는 항목의 세부정보를 알려주세요. 이를 통해 저희는 고객님의 구매가 고객님이 원하는 대로 정확하게 이루어지도록 보장할 수 있습니다. 이 과정 전반에 걸쳐 질문이 있거나 우려 사항이 있으면 언제든지 공유해 주세요.
BIL,[주문/송장번호] 주문 제품을 어떻게 전환하나요?,주문,주문 변경,"주문 번호 [주문/송장번호]에 대한 제품 전환에 대한 지원을 원하신다는 점을 이해합니다. 저희는 고객님을 돕기 위해 여기 있습니다! 전환을 진행하려면 전환하려는 제품의 세부정보와 원하는 교체 제품에 대한 세부정보를 제공해 주시기 바랍니다. 이 정보가 확보되면 절차를 안내하고 원활한 전환을 보장해 드립니다. 고객 만족이 저희의 최우선 사항이며, 고객님의 요청을 해결하는 동안 양해해 주셔서 감사합니다."
BILMQ,일부 구매 품목 전환 방법 [주문/송장번호],주문,주문 변경,번호 [주문/송장번호]로 구매한 품목을 전환하는 것에 대해 문의해 주셔서 감사합니다. 저희는 고객 만족을 보장하기 위해 때때로 조정이 필요하다는 것을 이해합니다. 추가 지원을 위해 어떤 특정 항목을 전환하고 싶은지 알려주시면 기꺼이 변경을 도와드리겠습니다. 고객님의 피드백과 요청은 서비스를 개선하고 고객님의 요구 사항을 충족하는 데 매우 중요합니다. 오늘은 또 어떤 도움을 드릴 수 있나요?
BILMQ,여러 구매 품목을 어떻게 교환할 수 있나요 [주문/송장번호],주문,주문 변경,구매 번호 [주문/송장번호]의 여러 품목 교환에 관심이 있으신 것으로 알고 있습니다. 고객님의 요청에 감사드리며 고객님을 도와드리겠습니다. 아이템 교환을 진행하기 위해서는 교환하고 싶은 구체적인 아이템과 원하는 교체 아이템을 제공해 주시기 바랍니다. 그런 다음 저희 팀에서 요청을 검토하고 교환이 정확하게 처리되었는지 확인합니다. 아이템 교환 과정과 관련하여 추가 세부정보나 질문이 있으면 언제든지 알려주세요. 저희의 목표는 고객님이 구매에 완전히 만족하는지 확인하는 것입니다.
BILPQZ,[주문/송장번호] 구매 항목에서 항목을 삭제할 수 있나요?,주문,주문 변경,구매 번호 [주문/송장번호]에서 항목을 삭제하는 데 도움이 필요하다는 점을 이해합니다. 저희 팀이 고객님을 돕기 위해 여기 있습니다. 가능한 최상의 솔루션을 제공하기 위해 구매에서 삭제하고 싶은 특정 항목을 알려주시겠습니까? 고객 만족이 저희의 최우선 과제이며 고객님의 구매가 고객님의 기대에 부응하는지 확인하고 싶습니다.
BLQ,주문 [주문/송장번호]에서 항목을 삭제하는 데 도움이 필요합니다.,주문,주문 변경,주문 번호 [주문/송장번호]에서 항목을 삭제하는 데 도움이 필요하다는 점을 이해합니다. 저희 팀은 고객님이 이 문제를 즉시 해결할 수 있도록 도와드립니다. 삭제하려는 항목의 세부정보를 제공해 주시겠습니까? 이를 통해 저희는 고객님을 더욱 효과적으로 지원할 수 있습니다.
BL,구매 품목을 변경해야 합니다 [주문/송장번호],주문,주문 변경,구매번호 [주문/송장번호]의 품목을 변경해야 함을 알려주셔서 감사합니다. 저희는 고객님의 완전한 만족을 보장하기 위해 때때로 수정이 필요하다는 것을 이해합니다. 변경을 진행하려면 교체 또는 업데이트하려는 항목의 세부정보를 제공해 주시기 바랍니다. 필요한 정보가 확보되면 필요한 변경을 수행할 수 있도록 즉시 지원해 드리겠습니다. 고객님의 협조에 감사드리며 이 문제가 해결될 수 있도록 최선을 다하겠습니다.
BLQ,주문 [주문/송장번호]를 업데이트하는 데 도움이 필요합니다,주문,주문 변경,주문 번호 #[주문/송장번호]를 업데이트하는 데 도움이 필요하다는 점을 이해합니다. 저희 팀은 고객님이 만족할 수 있도록 필요한 변경을 수행할 수 있도록 도와드립니다. 정확하고 효율적으로 도움을 드릴 수 있도록 원하는 특정 업데이트에 대한 자세한 정보를 제공해 주시기 바랍니다. 고객님의 피드백은 우리에게 중요하며 고객님의 주문이 고객님의 기대에 부응하는지 확인하고 싶습니다.
BILMQZ,구매에서 여러 항목을 어떻게 제거할 수 있나요? [주문/송장번호],주문,주문 변경,구매 번호 [주문/송장번호]에서 여러 항목을 제거하는 것과 관련하여 문의해 주셔서 감사합니다. 저희는 고객님이 이 문제에 대해 도움이 필요하다는 것을 알고 있으며 도움을 드리기 위해 여기 있습니다. 구매 항목에서 항목을 제거하려면 다음 단계를 따르세요. 1. 당사 웹사이트나 앱에서 고객님의 계정에 로그인하세요. 2. 주문내역 또는 구매내역 페이지로 이동합니다. 3. 번호 [주문/송장번호]로 특정 구매를 찾습니다. 4. 구매 세부정보 내에서 항목을 관리하거나 편집할 수 있는 섹션이나 옵션이 표시됩니다. 5. 제거하려는 항목을 선택하고 지시에 따라 제거 절차를 완료합니다. 도중에 어려움을 겪거나 궁금한 점이 있으면 주저하지 말고 고객 지원팀에 문의하세요. [운영시간/기간]([고객센터전화번호]) 또는 당사 웹사이트([웹사이트/메뉴])의 라이브 채팅을 통해 이용 가능합니다. 저희는 고객 만족을 보장하고 이 과정을 최대한 원활하게 진행하기 위해 왔습니다.
B,지원 변경 주문 [주문/송장번호],주문,주문 변경,"번호 #[주문/송장번호]로 주문을 변경하는 데 도움을 요청하신 것으로 알고 있습니다. 이로 인해 불편을 끼쳐드려 죄송합니다. 안심해 주세요. 주문에 필요한 수정을 할 수 있도록 도와드리겠습니다. 더 나은 지원을 위해 변경하려는 사항에 대한 자세한 내용을 제공해 주시겠습니까? 이를 통해 정확하고 효율적인 지원을 제공할 수 있습니다. 문의해 주셔서 감사드리며, 이 문제를 만족스럽게 해결하기 위해 노력하는 동안 양해해 주셔서 감사합니다."
BL,주문에 기사 추가 [주문/송장번호],주문,주문 변경,주문에 [주문/송장번호] 번호의 품목을 추가하는 것과 관련하여 연락해 주셔서 감사합니다. 저희는 고객님의 주문이 고객님의 기대를 충족시키는 것이 얼마나 중요한지 잘 알고 있습니다. 최선의 도움을 드릴 수 있도록 추가하고 싶은 기사의 세부정보를 제공해 주시겠습니까? 이를 통해 고객님의 요청을 정확하고 효율적으로 처리할 수 있습니다. 원활하고 즐거운 쇼핑 경험을 하실 수 있도록 협조해 주셔서 감사드립니다.
BILQZ,[주문/송장번호] 주문 항목을 바꾸는 데 도움을 주실 수 있나요?,주문,주문 변경,내가 처리할게! 주문 번호 [주문/송장번호]의 품목을 변경하고 싶다는 점을 확인했습니다. 저희 팀은 고객님이 필요한 변경을 할 수 있도록 도와드립니다. 추가 지원을 위해 전환하려는 특정 품목과 교체하려는 품목을 알려주시겠습니까? 이렇게 하면 고객님의 주문이 정확하고 만족스럽게 업데이트되도록 보장할 수 있습니다.
BCILP,[주문/송장번호] 주문을 수정해야 합니다. 도와주실 수 있나요?,주문,주문 변경,주문 번호 [주문/송장번호] 수정 요청과 관련하여 문의해 주셔서 감사합니다. 저희는 고객님의 주문이 정확하고 고객님의 기대에 부응하는지 확인하는 것의 중요성을 이해합니다. 필요한 수정에 도움을 드릴 수 있도록 고객님이 원하는 특정 변경 사항에 대한 자세한 내용을 제공해 주시겠습니까? 이렇게 하면 모든 문제를 즉시 해결하고 주문이 완벽하도록 보장하는 데 도움이 됩니다.
BLM,구매 시 일부 제품을 삭제하도록 도와주세요 [주문/송장번호],주문,주문 변경,"구매 번호 [주문/송장번호]에서 일부 제품을 삭제하는 데 도움이 필요하다는 것을 알고 있습니다. 불편을 끼쳐드려 죄송하며, 이 문제를 신속하게 해결하도록 도와드리겠습니다. 요청을 진행하려면 제거하려는 특정 제품 이름이나 항목 번호를 제공해 주시겠습니까? 저희 팀은 고객님의 구매에 필요한 조정을 하기 위해 즉각적인 조치를 취할 것입니다. 고객 만족이 저희의 최우선 과제입니다. 이 문제를 해결하기 위해 노력하는 동안 양해해 주셔서 감사합니다."
BILQ,구매 품목 전환 방법 [주문/송장번호],주문,주문 변경,구매 번호 [주문/송장번호]의 품목 전환을 요청해 주셔서 감사합니다. 저희는 고객님이 구매에 만족하는지 확인하는 것이 중요하다는 것을 알고 있습니다. 이 문제를 해결하는 데 도움이 되도록 전환하려는 품목의 세부정보를 제공하고 선호하는 교체 품목을 알려주시겠습니까? 이를 통해 저희는 고객님께 원활하고 원활한 절차를 보장할 수 있습니다. 이 문제를 해결하는 동안 협조해 주셔서 감사합니다.
BLMQ,주문 [주문/송장번호]에서 여러 항목을 삭제해야 합니다.,주문,주문 변경,먼저 [주문/송장번호] 주문에서 여러 항목을 삭제하고 싶다는 점을 이해하고 있습니다. 저희는 고객 만족을 소중히 여기며 주문에 필요한 모든 조정을 도와드립니다. 제대로 처리할 수 있도록 삭제하려는 항목 목록을 알려주시겠어요? 고객님의 의견은 당사 서비스를 개선하는 데 도움이 되므로 매우 높이 평가됩니다. 지금까지 우리와 함께한 전반적인 경험은 어땠나요?
BL,[주문/송장번호] 구매 항목 삭제를 도와주세요,주문,주문 변경,구매 번호 [주문/송장번호]에서 항목을 삭제하는 데 도움이 필요하다는 점을 이해합니다. 안심하세요. 저희가 도와드리겠습니다. 정확성을 보장하기 위해 삭제하려는 기사의 구체적인 세부정보를 제공해 주시겠습니까? 세부정보가 확보되면 신속하게 필요한 변경을 진행하겠습니다. 고객 만족이 저희의 최우선 사항입니다. 이 문제에 대한 고객님의 협조에 감사드립니다.
BL,구매 [주문/송장번호] 수정에 도움이 필요합니다,주문,주문 변경,"구매 번호 [주문/송장번호]를 수정하는 데 도움이 필요하다는 점을 이해합니다. 불편을 끼쳐드려 죄송하며, 고객님의 문의 사항을 해결하도록 도와드리겠습니다. 추가, 제거하고 싶은 항목, 기타 변경하고 싶은 사항 등 구매에 적용하고 싶은 수정 사항에 대한 구체적인 세부 정보를 제공해 주세요. 고객 만족이 최우선이며 고객님의 요청을 수용하기 위해 최선을 다할 것입니다."
BLNQ,[주문/송장번호] 주문 항목을 교환할 수 없습니다.,주문,주문 변경,"주문 번호 [주문/송장번호]의 상품을 교환할 수 없어 불편을 끼쳐드린 점 사과드립니다. 이 문제에 대해 도움을 드릴 수 있도록 교환하려는 품목의 세부정보와 원하는 교체품을 알려주시겠습니까? 또한, 교환을 수행할 수 없는 특별한 이유가 있는 경우 알려 주시기 바랍니다. 저는 이 문제를 즉시 해결하고 고객 만족을 보장할 수 있는 적합한 솔루션을 찾는 데 도움을 드리고자 왔습니다."
BILQ,구매 시 제품을 제거할 수 있나요 [주문/송장번호],주문,주문 변경,"고객님이 내려놓으신 물건을 수거하고 있습니다. 주문 번호 [주문/송장번호]로 구매한 제품에서 제품을 제거해야 합니다. 저희 팀이 이 요청을 도와드리겠습니다. 이름이나 SKU 등 제거하려는 특정 제품의 세부 정보를 제공해 주세요. 해당 정보를 입수한 후, 당사는 고객 만족을 보장하기 위해 필요한 조치를 즉시 진행할 것입니다."
BL,구매를 수정하는 데 도움이 필요합니다 [주문/송장번호],주문,주문 변경,"구매 번호 [주문/송장번호]를 수정하는 데 도움을 드리고자 합니다. 저희는 고객님의 구매가 정확하고 고객님의 기대에 부합하는지 확인하는 것의 중요성을 이해합니다. 더 나은 지원을 위해 필요한 수정 사항에 대한 자세한 내용을 제공해 주시겠습니까? 이를 통해 고객님께 가장 적합한 솔루션을 제공하고 고객님의 문의 사항을 효과적으로 해결하는 데 도움이 될 것입니다. 당사에 연락해 주신 고객님의 적극적인 접근에 감사드리며, 고객님의 구매가 고객님이 만족하실 수 있도록 수정될 수 있도록 최선을 다해 도와드리겠습니다."
BL,구매 편집에 도움이 필요합니다 [주문/송장번호],주문,주문 변경,주문 번호 [주문/송장번호]로 구매를 편집해야 한다는 메시지를 보내주셔서 감사합니다. 저는 고객님의 완전한 만족을 보장하기 위해 고객님의 주문을 변경하는 것이 중요하다는 것을 완전히 이해합니다. 구매를 편집하는 데 도움을 드릴 수 있도록 변경하려는 구체적인 세부정보를 알려주시겠습니까? 필요한 정보를 제공함으로써 고객님의 요청을 신속하게 처리하고 필요한 수정을 가할 수 있습니다. 고객님의 협조에 감사드리며 이 문제가 해결될 수 있도록 최선을 다하겠습니다.
BCLQ,구매를 변경해야 합니다 [주문/송장번호] 도움이 필요합니다,주문,주문 변경,주문 번호 [주문/송장번호]로 구매를 변경하는 데 도움을 줄 수 있도록 연락해 주셔서 감사합니다. 저희는 고객님의 완전한 만족을 보장하기 위해 때때로 조정이 필요하다는 것을 이해합니다. 변경하려는 사항에 대한 자세한 내용을 제공해 주시겠습니까? 이를 통해 고객님의 주문을 적절하게 수정하는 데 더 나은 도움을 드릴 수 있습니다.
BILM,[주문/송장번호] 주문의 여러 품목을 변경할 수 있나요?,주문,주문 변경,긍정적으로! 고객님이 주문한 품목 중 [주문/송장번호] 번호로 여러 품목을 변경하려고 하신 것으로 알고 있습니다. 저희는 고객님을 돕기 위해 왔습니다. 계속 진행하려면 변경하려는 기사의 구체적인 세부정보를 제공해 주시겠습니까? 이는 고객님의 요청을 정확하게 처리하고 필요한 조정을 수행하는 데 도움이 됩니다. 고객님의 협조에 감사드리며 이 문제가 해결될 수 있도록 최선을 다하겠습니다.
BLQ,주문 [주문/송장번호]를 수정하고 싶습니다.,주문,주문 변경,"주문 번호 [주문/송장번호] 수정을 요청해 주셔서 감사합니다. 고객님의 주문에 필요한 변경 사항을 적용할 수 있도록 지원하는 것이 우리에게 중요합니다. 수정을 원하는 구체적인 내용을 알려주시면 신속하게 처리해 드리겠습니다. 고객 만족이 저희의 최우선 과제이며, 저희는 모든 단계에서 고객님을 돕기 위해 여기 있습니다."
BLMQ,주문 [주문/송장번호]에서 여러 제품을 제거하는 데 도움이 필요합니다.,주문,주문 변경,주문 번호 [주문/송장번호]에서 여러 제품을 제거해 달라는 고객님의 요청과 관련된 메시지를 받게 되어 기쁘게 생각합니다. 저희는 고객님이 원하는 방식으로 주문하는 것이 얼마나 중요한지 잘 알고 있습니다. 더 나은 도움을 드릴 수 있도록 제거하려는 제품의 구체적인 세부정보를 제공해 주시겠습니까? 이를 통해 당사는 고객님의 요청을 정확하게 처리하고 고객 만족을 보장할 수 있습니다.
BILM,[주문/송장번호] 주문에서 여러 제품을 삭제할 수 있나요?,주문,주문 변경,주문 번호 [주문/송장번호]에서 여러 제품을 삭제하고 싶다는 점을 충분히 이해합니다. 저희의 주요 목표는 고객님의 주문에 대한 만족을 보장하는 것이므로 이 요청에 대해 기꺼이 도와드리겠습니다. 삭제를 진행하려면 주문에서 제거하려는 특정 제품을 알려주십시오. 이를 통해 저희는 고객님께 필요한 변경을 신속하게 수행할 수 있습니다. 이 문제를 해결하기 위해 노력하는 동안 고객님의 인내심과 협조에 감사드립니다.
BELMN,여러 주문 상품 [주문/송장번호]를 교환할 수 없습니다,주문,주문 변경,주문 번호 [주문/송장번호]의 여러 품목을 교환하는 것에 대한 고객님의 우려를 이해합니다. 이 요청에 도움을 드릴 수 있도록 교환하려는 특정 품목에 대한 자세한 내용을 제공해 주시겠습니까? 이 정보를 통해 당사는 최상의 솔루션을 찾고 고객 만족을 보장할 수 있습니다.
B,주문 [주문/송장번호]에서 품목 제거 지원,주문,주문 변경,주문 번호 [주문/송장번호]에서 항목을 제거해 달라는 고객님의 요청을 이해합니다. 저희의 목표는 고객 만족을 보장하는 것이므로 도움을 드리고자 합니다. 제거를 진행하려면 제거하려는 항목의 세부정보를 제공해 주시겠습니까? 이를 통해 고객님의 요청을 정확하고 효율적으로 처리할 수 있습니다. 이 문제에 대한 고객님의 인내와 협조에 감사드립니다.
BIL,구매 [주문/송장번호]를 어떻게 수정하나요?,주문,주문 변경,"구매 번호 [주문/송장번호] 및 수정 요청과 관련하여 연락해 주셔서 감사합니다. 저희는 고객 만족을 보장하기 위해 주문을 변경하는 것이 중요하다는 것을 이해합니다. 구매를 수정하려면 다음 단계를 따르세요. 1. 당사 웹사이트나 앱에서 고객님의 계정에 로그인하세요. 2. 계정 대시보드로 이동합니다. 3. ""주문"" 또는 ""구매 내역"" 섹션을 찾아 클릭하세요. 4. 주문 번호 [주문/송장번호]로 특정 구매 항목을 찾으세요. 5. 주문 세부정보 옆에 있는 '수정' 또는 '수정' 옵션을 클릭하세요. 6. 구매 항목을 검토하고 필요한 사항을 변경합니다. 7. 수량을 업데이트하거나, 품목을 제거하거나, 주문에 새 품목을 추가하십시오. 8. 수정한 후 ""저장"" 또는 ""업데이트"" 버튼을 클릭합니다. 어려움이 있거나 추가 지원이 필요한 경우 주저하지 말고 고객 지원팀에 문의하세요. 기꺼이 절차를 안내해 드리며 고객님의 선호 사항에 따라 구매가 수정되도록 해 드리겠습니다."
BZ,[주문/송장번호]를 주문하려면 항목을 추가하는 데 도움이 필요합니다.,주문,주문 변경,"주문 번호 [주문/송장번호]에 품목을 추가해 달라는 고객님의 요청을 확인합니다. 저희 팀은 필요한 수정 작업을 도와드립니다. 고객님의 요구 사항을 더 잘 이해할 수 있도록 추가하려는 항목에 대한 자세한 내용을 제공해 주시겠습니까? 이를 통해 저희는 고객님께 원활하고 만족스러운 주문 경험을 보장할 수 있습니다. 고객님이 갖고 있는 특정 선호 사항이나 요구 사항을 자유롭게 공유해 주십시오. 더 나은 서비스를 제공할 수 있도록 협조해 주셔서 감사드리며, 이 요청이 해결될 수 있도록 최선을 다하겠습니다."
BLQ,구매한 기사를 삭제해야 합니다 [주문/송장번호],주문,주문 변경,구매 번호 [주문/송장번호]에서 항목을 삭제해야 한다는 것을 알고 있습니다. 저희 팀이 이 요청을 도와드리겠습니다. 이름이나 SKU 등 제거하려는 상품의 세부정보를 제공해 주세요. 이는 고객님의 구매 항목에서 올바른 항목을 삭제하는 데 필요한 조치를 취하는 데 도움이 됩니다. 고객님의 협조에 감사드리며 이 문제가 해결되기를 기대합니다.
BK,주문 [주문/송장번호]에서 항목 삭제,주문,주문 변경,주문 번호 [주문/송장번호]에서 항목을 제거해 달라는 고객님의 요청을 이해합니다. 불편을 끼쳐드려 죄송하며 이번 수정 작업을 도와드리겠습니다. 계속 진행하려면 제거하려는 항목의 세부정보를 제공해 주시겠습니까? 이를 통해 저희는 고객님의 주문이 고객 만족에 맞게 조정되도록 필요한 조치를 취할 수 있습니다. 이 문제에 대해 고객님의 인내심과 협조에 감사드립니다.
BLP,[주문/송장번호] 구매에 뭔가를 추가하고 싶습니다,주문,주문 변경,확실히! [주문/송장번호] 번호로 구매한 상품에 무언가를 추가하려고 하신 것으로 알고 있습니다. 이 문제를 해결하는 데 도움이 되도록 추가하고 싶은 특정 항목을 알려주시겠습니까? 이렇게 하면 필요한 조정을 하고 고객님의 요청을 정확하게 처리할 수 있습니다. 고객 만족이 저희의 최우선 과제이며 고객님의 구매가 고객님의 기대에 부응하는지 확인하기 위해 왔습니다.
BL,구매 [주문/송장번호]를 편집하는 데 도움이 필요합니다.,주문,주문 변경,"구매 번호 [주문/송장번호]를 편집하는 데 도움이 필요하다는 것을 알게 되었습니다. 저희는 고객님의 구매가 고객님의 기대에 부응하는지 확인하기를 원하므로 변경하고 싶은 사항에 대한 구체적인 세부정보를 제공해 주시기 바랍니다. 수량 수정, 배송 주소 업데이트, 다른 제품 선택 등 모든 과정을 도와드리겠습니다. 선호하는 사항을 알려주시면 최선을 다해 고객님의 요청을 수용해 드리겠습니다. 고객 만족이 저희의 최우선 사항입니다!"
BLM,구매 시 일부 제품을 포함하는 것을 잊어버렸습니다. [주문/송장번호],주문,주문 변경,"구매 번호 #[주문/송장번호]에 일부 제품을 포함하는 것을 잊으셨다는 점을 이해합니다. 불편을 끼쳐드려 죄송합니다. 이러한 품목을 추가하는 데 도움을 드릴 수 있도록 포함하려는 제품의 세부정보를 제공해 주시겠습니까? 이를 통해 당사는 고객님의 구매가 정확하고 고객님의 기대에 부응하는지 확인할 수 있습니다. 이 문제를 알려주셔서 감사드리며, 이 문제를 해결하기 위해 노력하는 동안 양해해 주셔서 감사합니다."
BIZ,[주문/송장번호] 주문을 어떻게 변경할 수 있나요?,주문,주문 변경,"주문 번호 [주문/송장번호]를 변경하는 방법에 대해 문의해 주셔서 감사합니다. 이에 대한 도움을 받으려면 다음 단계를 따라 주세요. 1. 당사 웹사이트에서 고객님의 계정에 로그인하십시오. 2. ""주문"" 또는 ""주문 내역"" 섹션으로 이동합니다. 3. 수정하려는 특정 주문을 찾아 선택합니다. 4. ""수정"" 또는 ""주문 수정""이라고 표시된 옵션이나 버튼을 찾으십시오. 5. 주문 세부정보에 액세스하려면 ""수정"" 또는 ""주문 수정"" 버튼을 클릭하세요. 6. 주문 항목을 검토하고 항목 추가 또는 제거 등 필요한 사항을 변경합니다. 7. 원하는 대로 수정한 후 변경 사항을 확인하고 결제 페이지로 이동하세요. 8. 결제 절차를 완료하여 수정된 주문을 완료하세요. 어려움이 있거나 추가 질문이 있는 경우 언제든지 고객 지원팀에 문의해 주세요. 저희는 모든 단계에서 고객님을 지원하고 고객 만족을 보장하기 위해 여기 있습니다."
BCIL,[주문/송장번호] 주문 항목을 변경하고 싶은데 어떻게 해야 하나요?,주문,주문 변경,주문 번호 [주문/송장번호]의 품목 전환에 대해 문의해 주셔서 감사합니다. 저는 주문을 올바르게 받는 것이 중요하다는 것을 이해합니다. 이 요청에 대해 도움을 받으려면 고객 서비스 팀에 직접 문의하는 것이 좋습니다. 그들은 고객님의 주문 세부정보에 접근할 수 있으며 품목 전환 과정을 안내할 수 있습니다. 당사 고객 서비스 팀은 [고객센터전화번호]로 [운영시간/기간] 또는 당사 웹사이트 [웹사이트/메뉴]의 라이브 채팅을 통해 연락 가능합니다. 그들은 즉시 고객님을 도와드릴 것이며 고객님의 주문이 고객님이 원하는 것과 정확히 일치하는지 확인할 것입니다.
BCIL,[주문/송장번호] 주문 상품이 누락되었습니다. 추가할 수 있나요?,주문,주문 변경,고객님의 주문에서 번호가 [주문/송장번호]인 제품이 누락된 것에 관해 당사에 연락해 주셔서 감사합니다. 누락된 제품을 추가하는 것이 고객님께 중요하다는 것을 이해합니다. 추가 지원을 위해 추가하려는 제품의 세부정보를 알려주시겠습니까? 정보를 입수한 후에는 고객님의 주문에 해당 정보가 포함될 수 있도록 최선을 다해 도와드리겠습니다.
BIQ,[주문/송장번호] 주문을 변경하는 방법,주문,주문 변경,"주문 번호 [주문/송장번호]를 변경하고 싶다는 점을 확인했습니다. 저희는 고객님을 돕기 위해 여기 있습니다. 정확히 무엇을 변경하고 싶은지에 대한 자세한 내용을 제공해 주시겠습니까? 이는 품목의 수량, 크기 또는 고객님이 염두에 두고 있는 기타 특정 수정 사항일 수 있습니다. 고객님의 특정 요청을 이해함으로써 당사는 고객님의 요구 사항을 효과적으로 해결하기 위한 정확한 지침을 제공할 수 있습니다."
BL,[주문/송장번호] 주문을 교환하는 데 문제가 있습니다.,주문,주문 변경,"이 문제를 알려주셔서 감사합니다. 불편을 끼쳐드려 죄송합니다. 더 나은 지원을 위해 주문 번호 [주문/송장번호]에서 품목을 교환하는 동안 직면한 문제에 대한 자세한 내용을 제공해 주시겠습니까? 이 정보를 통해 당사는 고객님께 적절한 솔루션을 조사하고 제공할 수 있습니다. 고객 만족이 저희의 최우선 과제이며, 저희는 고객님을 위해 이 문제를 최대한 효율적으로 해결하기 위해 최선을 다하고 있습니다."
BLMQWZ,[주문/송장번호] 주문한 여러 제품을 교환하려고 합니다,주문,주문 변경,"주문 번호 [주문/송장번호]로 주문한 여러 품목을 교환하는 데 도움을 요청해 주셔서 감사합니다. 저희는 이러한 수정이 고객님께 얼마나 중요한지 이해하고 있습니다. 효과적인 도움을 드릴 수 있도록 교환하려는 품목의 구체적인 세부정보를 제공해 주시겠습니까? 고객 만족이 저희의 최우선 사항이며, 저희는 모든 단계에서 고객님을 지원하기 위해 여기 있습니다."
BILW,[주문/송장번호]를 구매하기 위해 빌어먹을 아이템을 추가할 수 있나요?,주문,주문 변경,"먼저, 주문 번호 [주문/송장번호]로 구매할 품목을 추가하는 것과 관련하여 문의해 주셔서 감사합니다. 저는 고객님의 주문을 수정하고 고객님의 기대에 부응하는지 확인하려는 고객님의 열망을 완전히 이해합니다. 추가 지원을 위해 추가하려는 항목의 세부정보를 제공해 주시겠습니까? 이렇게 하면 고객님의 요청을 정확하게 처리하고 필요한 조정을 하는 데 도움이 됩니다. 저희는 고객님의 피드백을 소중히 여기며 원활한 쇼핑 경험을 제공하기 위해 최선을 다하고 있습니다."
BILZ,구매 [주문/송장번호]를 어떻게 수정할 수 있나요?,주문,주문 변경,[주문/송장번호] 구매 수정에 관해 문의해 주셔서 감사합니다. 저희는 고객님이 원하는 모든 변경 사항에 대해 도움을 드리고 있습니다. 고객님의 특정 요구 사항을 더 잘 이해할 수 있도록 구매 시 수정하려는 사항에 대한 세부 정보를 제공해 주시겠습니까? 이를 통해 당사는 고객님께 정확한 안내를 제공하고 고객님의 구매가 고객님의 기대에 부응하도록 보장할 것입니다. 저희는 고객 만족을 위해 최선을 다하고 고객님의 구매 수정에 도움을 드리기를 기대합니다.
BLMQ,여러 구매 항목을 변경하는 데 도움이 필요합니다 [주문/송장번호],주문,주문 변경,[주문/송장번호] 번호로 구매한 품목 중 여러 품목을 변경하는 데 도움이 필요하다는 사실을 확인했습니다. 문의해 주셔서 감사합니다. 가능한 최고의 지원을 제공할 수 있도록 변경하고 싶은 항목을 지정해 주시겠습니까? 이를 통해 당사는 고객님께 즉시 도움을 드리고 고객님의 구매가 고객님의 기대에 부응하는지 확인할 수 있습니다.
BLMZ,주문 [주문/송장번호]에서 일부 제품을 삭제하는 데 문제가 있습니다.,주문,주문 변경,"고객님의 메시지에 감사드립니다! 주문 번호가 [주문/송장번호]인 일부 제품을 삭제하는 데 어려움을 겪고 있는 것 같습니다. 이로 인해 불편을 끼쳐드려 죄송합니다. 더 나은 지원을 위해 삭제하려는 특정 제품에 대한 자세한 내용을 제공해 주시겠습니까? 이를 통해 문제를 조사하고 고객님께 가장 적합한 솔루션을 찾을 수 있습니다. 고객님의 피드백은 우리에게 매우 소중하며, 저희는 이 문제를 가능한 한 빨리 해결하기 위해 최선을 다하고 있습니다."
BCLQ,실수했어요 구매를 변경하고 싶어요 [주문/송장번호],주문,주문 변경,연락해주셔서 다행입니다. 저희는 실수가 발생할 수 있다는 점을 충분히 이해하고 있으며 주문 번호 #[주문/송장번호]로 구매를 변경하는 데 도움을 드리고 있습니다. 정확한 정보를 제공하고 절차를 안내할 수 있도록 구매 시 발생한 실수에 대한 세부정보를 알려주시겠어요? 이를 통해 저희는 고객님께 가장 적합한 솔루션을 제공하고 만족스러운 경험을 보장할 수 있습니다. 이 문제를 해결하는 데 있어 고객님의 인내심과 협조에 감사드립니다.
BLMQW,구매한 일부 제품을 전환하는 데 도움이 필요합니다 [주문/송장번호],주문,주문 변경,"구매 주문 번호 [주문/송장번호]의 일부 제품을 전환해야 하는 문제에 대해 문의해 주셔서 감사합니다. 실수가 발생할 수 있으며 때로는 주문을 변경해야 할 수도 있다는 점을 이해합니다. 저희는 고객님을 돕기 위해 여기 있습니다. 더 나은 도움을 드릴 수 있도록 전환하려는 제품의 구체적인 세부정보를 제공해 주시겠습니까? 세부 정보가 확보되면 구매 주문에 필요한 수정을 진행할 수 있습니다. 저희의 목표는 고객님의 구매에 대한 완전한 만족을 보장하는 것이며 고객님의 요청을 수용하기 위해 최선을 다할 것입니다. 양해해 주셔서 감사드리며, 이 문제가 해결되기를 기대하겠습니다."
BL,주문 [주문/송장번호]를 수정하는 데 도움이 필요합니다.,주문,주문 변경,"주문 번호 [주문/송장번호]를 수정하고 싶다는 점을 이해합니다. 고객님의 요청이 접수되었으며, 저희가 고객님을 도와드리겠습니다. 더 나은 지원을 위해 구체적으로 변경하고 싶은 사항을 알려주시겠습니까? 주문 항목의 추가, 제거, 업데이트 여부에 관계없이 저희는 고객님의 완전한 만족을 보장하기 위해 최선을 다하고 있습니다. 고객님의 요구 사항을 알려주시면 필요한 조정을 위해 함께 노력하겠습니다. 고객님의 피드백과 의견은 서비스 개선을 위해 노력하는 데 있어 매우 중요합니다. 추가로 어떻게 도움을 드릴 수 있나요?"
BLW,[주문/송장번호] 구매를 위해 빌어먹을 아이템을 추가하는 걸 도와주세요,주문,주문 변경,번호 #[주문/송장번호]로 구매 항목을 추가하는 데 도움을 요청해 주셔서 감사합니다. 저희는 이 요청의 중요성을 이해하고 있으며 도움을 드리고자 합니다. 추가를 진행하려면 추가하려는 항목의 세부정보를 제공해 주시겠습니까? 저희 팀은 고객님의 구매에 필요한 조정이 이루어지고 고객님이 원활한 쇼핑 경험을 할 수 있도록 보장할 것입니다.
BL,[주문/송장번호] 구매를 위해 제품을 추가하는 데 도움이 필요합니다.,주문,주문 변경,연락해주셔서 감사합니다! 구매 번호 [주문/송장번호]에 제품을 추가하는 데 도움이 필요하다는 것을 확실히 알고 있습니다. 저는 고객님을 돕기 위해 여기 있습니다. 정확성을 보장하기 위해 추가하려는 제품의 세부정보를 알려주시겠습니까? 이렇게 하면 구매 항목을 올바르게 업데이트할 수 있습니다. 고객 만족이 저희의 최우선 사항이며 고객님의 구매가 고객님이 원하는 것과 정확히 일치하는지 확인하고 싶습니다.
BLQZ,구매 품목을 교환하는 데 도움이 필요합니다 [주문/송장번호],주문,주문 변경,구매 번호 [주문/송장번호]의 품목 교환과 관련하여 도움을 요청하신 것으로 알고 있습니다. 불편을 끼쳐드려 죄송하며 최선을 다해 도와드리겠습니다. 아이템 교환을 진행하려면 교환하고 싶은 아이템과 염두에 두고 있는 교체 아이템에 대한 자세한 내용을 알려주시기 바랍니다. 이 정보를 통해 당사는 고객님의 요청을 정확하게 처리하고 고객 만족을 보장할 수 있습니다. 협조해 주셔서 감사합니다.
BLM,구매한 여러 제품을 변경하도록 도와주세요 [주문/송장번호],주문,주문 변경,"번호 [주문/송장번호]로 구매 시 여러 제품을 변경하는 데 도움이 필요하다는 것을 이해하고 있습니다. 지원을 위해 문의해 주셔서 감사합니다. 더 나은 지원을 위해 변경하려는 제품의 구체적인 세부정보를 알려주시겠습니까? 저희는 고객님의 요청을 정확하고 효율적으로 이행하고자 합니다. 고객 만족이 저희의 최우선 사항이며, 고객님이 필요로 하는 모든 수정을 도와드리겠습니다."
BLQ,구매한 제품을 교환하는 데 도움이 필요합니다 [주문/송장번호],주문,주문 변경,구매 번호 [주문/송장번호]의 품목 교환을 요청해 주셔서 감사합니다. 때때로 주문을 변경해야 할 수도 있다는 점을 이해합니다. 최상의 지원을 제공하기 위해 교환하고 싶은 특정 품목과 선호하는 대체 품목을 알려주시겠습니까? 이는 고객님의 선호 사항이 충족되고 만족이 보장되도록 하는 데 도움이 됩니다. 저희는 절차 전반에 걸쳐 고객님을 도와드릴 것입니다. 추가 질문이 있거나 고객님이 가질 수 있는 추가적인 우려 사항을 공유해 주시기 바랍니다.
BILQZ,로더 [주문/송장번호]를 수정하는 방법,주문,주문 변경,"주문 번호 [주문/송장번호]를 수정해야 한다는 점을 이해합니다. 이에 대한 도움을 받으려면 다음 단계를 따라 주세요. 1. 당사 웹사이트나 앱에서 고객님의 계정에 로그인하세요. 2. ""내 주문"" 섹션으로 이동합니다. 3. 주문 번호 [주문/송장번호]를 찾아 클릭하여 주문 세부정보를 엽니다. 4. ""주문 편집"" 또는 ""주문 수정"" 옵션을 찾아 선택하십시오. 5. 상품 삭제, 추가 등 주문한 상품을 변경할 수 있습니다. 6. 변경 사항을 검토하고 수정 사항을 확인합니다. 7. 변경 사항과 관련하여 추가 요금이나 환불이 발생할 경우 시스템에서 결제를 진행하거나 환불을 진행하라는 메시지가 표시됩니다. 8. 변경 사항을 확인하고 필요한 결제를 완료하면 주문이 수정된 정보로 업데이트됩니다. ""주문 수정"" 또는 ""주문 수정"" 옵션의 사용 가능 여부는 특정 주문 상태 및 당사 정책에 따라 달라질 수 있습니다. 어려움이 있거나 추가 지원이 필요한 경우 [운영시간/기간]([고객센터전화번호]) 또는 당사 웹사이트([웹사이트/메뉴])의 라이브 채팅을 통해 주저하지 말고 고객 지원팀에 문의하세요. 저희는 고객님의 주문이 정확하고 고객님의 기대에 부응하는지 확인하기 위해 왔습니다."
BLMQZ,주문 [주문/송장번호]의 여러 제품을 변경해야 합니다.,주문,주문 변경,주문 번호 [주문/송장번호]의 여러 제품을 변경해 달라는 고객님의 요청을 이해합니다. 저희는 고객 만족을 소중히 여기며 고객님의 주문이 고객님이 원하는 대로 정확하게 이루어지도록 하고자 합니다. 필요한 변경에 도움을 드릴 수 있도록 변경하려는 제품에 대한 구체적인 세부 정보를 제공해 주시겠습니까? 이를 통해 당사는 고객님의 요청을 신속하게 처리하고 필요한 조정을 수행할 수 있습니다. 고객님의 피드백은 우리에게 중요하며 고객님께 더 나은 서비스를 제공할 수 있는 기회를 주셔서 감사합니다.
BIL,[주문/송장번호] 구매를 어떻게 수정하나요?,주문,주문 변경,주문 번호 [주문/송장번호]로 구매한 내용을 수정하는 것에 대해 우려하고 계시다는 점을 이해합니다. 이로 인해 불편을 끼쳐드려 죄송합니다. 필요한 수정 작업을 수행하는 데 도움을 드릴 수 있도록 수정해야 할 사항에 대한 구체적인 세부 정보를 제공해 주시겠습니까? 이를 통해 당사는 즉각적인 조치를 취하고 고객님의 구매가 만족스러울 정도로 수정될 수 있도록 할 것입니다. 이 문제를 해결하기 위해 함께 노력하는 동안 고객님의 인내심과 협조에 감사드립니다.
BCILQZ,주문 113542617735902를 수정해야 합니다. 어떻게 해야 하나요?,주문,주문 변경,"고객님의 의견을 듣고 기뻐요! 주문 번호 [주문/송장번호]를 편집하는 데 도움이 필요하다는 사실을 잘 알고 있습니다. 저는 고객님께 이 과정을 안내하는 데 도움을 드리고자 왔습니다. 주문을 변경하려면 다음 단계를 따르세요. 1. 당사 웹사이트/앱에서 고객님의 계정에 로그인하세요. 2. ""주문"" 섹션이나 ""계정"" 페이지로 이동하세요. 3. 번호가 [주문/송장번호]인 특정 주문을 찾습니다. 4. 주문을 선택하고 주문을 ""수정"" 또는 ""수정""할 수 있는 옵션이나 버튼을 찾습니다. 5. ""편집"" 또는 ""수정"" 옵션을 클릭하고 프롬프트에 따라 원하는 대로 변경하십시오. 6. 변경 사항을 주의 깊게 검토하고 수정을 완료하기 전에 확인하십시오. 7. 어려움이 있거나 추가 질문이 있는 경우 언제든지 고객 지원팀에 문의하여 추가 지원을 받으세요. 특정 변경 사항은 이용 가능 여부에 따라 달라질 수 있으며, 추가 비용이나 환불 금액은 이에 따라 조정될 수 있습니다. 이 과정 전반에 걸쳐 고객님의 인내심과 이해에 감사드립니다. 추가로 도움이 필요하시면 알려주세요."
BLQ,구매 항목을 변경해야 합니다 [주문/송장번호],주문,주문 변경,[주문/송장번호] 번호로 구매한 항목을 변경하는 데 도움을 요청해 주셔서 감사합니다. 저희는 고객님의 완전한 만족을 보장하기 위해 때때로 수정이 필요하다는 것을 이해합니다. 고객님이 원하는 특정 변경 사항에 대해 더 자세한 내용을 제공해 주시겠습니까? 저희 팀은 모든 단계에서 고객님을 도와드릴 것입니다. 추가로 도움을 드릴 수 있는 방법이 있으면 언제든지 알려주시기 바랍니다.
BILP,[주문/송장번호] 주문을 편집할 수 있나요?,주문,주문 변경,주문 번호 [주문/송장번호] 편집에 도움을 요청해 주셔서 감사합니다. 때때로 변경이 필요하다는 점을 이해하고 있으며 이에 대해 도움을 드리고자 합니다. 가장 정확한 정보를 제공할 수 있도록 주문에 어떤 변경 사항을 적용하고 싶은지 구체적으로 알려주시겠습니까? 이는 당사가 고객님께 절차를 안내하고 완전한 만족을 보장하는 데 도움이 될 것입니다. 고객님을 도울 수 있는 기회를 허락해 주셔서 감사합니다.
BLN,구매 시 항목을 제거할 수 없습니다. [주문/송장번호],주문,주문 변경,"구매 번호 [주문/송장번호]에서 항목을 제거하는 동안 발생한 문제에 대해 메시지를 보내주셔서 감사합니다. 불편을 끼쳐드려 죄송합니다. 더 나은 지원을 위해 제거하려는 항목에 대한 자세한 내용을 제공해 주시겠습니까? 필요한 정보가 확보되면 해당 항목이 구매 항목에서 즉시 제거되도록 하겠습니다. 고객 만족이 저희의 최우선 사항이며, 고객님을 위해 이 문제를 해결하기 위해 최선을 다할 것입니다."
BELN,구매 [주문/송장번호]를 업데이트할 수 없습니다.,주문,주문 변경,주문 번호 [주문/송장번호]로 구매를 업데이트할 수 없다는 점에 감사드립니다. 이로 인해 불편을 끼쳐드려 죄송합니다. 더 나은 지원을 위해 현재 직면한 문제에 대한 자세한 내용을 제공해 주시겠습니까? 이 정보는 고객님께 가장 적합한 솔루션을 찾는 데 도움이 될 것입니다.
BLMQ,[주문/송장번호] 주문에서 일부 항목을 삭제하는 데 도움이 필요합니다.,주문,주문 변경,"주문 번호 #[주문/송장번호]의 일부 품목을 삭제하는 것에 대해 문의해 주셔서 감사합니다. 고객님께서 이 과정에 대한 도움을 원하신다는 점을 이해하고 있으며, 저희가 도와드리겠습니다. 고객님의 요청을 정확하게 처리할 수 있도록 주문에서 삭제하고 싶은 특정 품목을 알려주시겠습니까? 이 정보가 확보되면 필요한 업데이트를 신속하게 수행할 것입니다. 고객 만족이 저희의 최우선 사항입니다. 이 문제에 대해 도움을 드리는 동안 양해해 주셔서 감사합니다."
BLM,[주문/송장번호] 주문 상품 일부 교환,주문,주문 변경,이 문제를 알려주셔서 감사합니다. 주문한 일부 제품을 [주문/송장번호] 번호로 교환하고 싶다는 점을 확인했습니다. 저희 팀이 이 요청을 도와드리겠습니다. 교환을 정확하게 처리할 수 있도록 교환하려는 제품과 받고 싶은 교체품의 구체적인 세부 정보를 제공해 주시겠습니까? 이를 통해 교환을 신속하게 처리하고 고객 만족을 보장할 수 있습니다.
BLMQ,[주문/송장번호]를 주문하려면 기사를 추가하고 싶습니다.,주문,주문 변경,주문 번호 [주문/송장번호] 및 기사 추가 요청과 관련하여 문의해 주셔서 감사합니다. 저희는 고객님을 돕기 위해 왔습니다. 주문에 추가하고 싶은 특정 품목을 제공해 주시겠습니까? 이 정보는 고객님의 주문이 정확하게 업데이트되었는지 확인하는 데 도움이 됩니다.
BILP,[주문/송장번호] 주문 품목을 교환할 수 있나요?,주문,주문 변경,주문 번호 [주문/송장번호]의 품목 교환을 요청해 주셔서 감사합니다. 저희의 목표는 고객님의 구매에 대한 완전한 만족을 보장하는 것입니다. 추가 지원을 위해 교체하려는 제품의 세부 정보와 원하는 교체 제품을 제공해 주시겠습니까? 이는 고객님의 요청을 정확하고 효율적으로 처리하는 데 도움이 됩니다. 저희는 고객님의 원활한 쇼핑 경험을 보장하기 위해 왔습니다.
BILQ,[주문/송장번호] 주문 상품을 교환하는 데 도움을 주실 수 있나요?,주문,주문 변경,"주문 번호가 [주문/송장번호]인 품목을 교환하는 데 도움이 필요하다는 연락을 받았습니다. 저희는 고객 만족을 소중히 여기며 도와드리겠습니다. 교환을 진행하려면 교환하려는 품목과 교환하려는 특정 품목에 대한 자세한 정보를 제공해 주시겠습니까? 이 정보를 통해 당사는 고객님께 더 나은 지원을 제공하고 원활한 절차를 보장할 수 있습니다. 이 문제를 알려주셔서 감사드리며, 신속하게 도움을 드릴 수 있도록 최선을 다하겠습니다."
BLMQZ,[주문/송장번호] 주문의 일부 항목을 변경하는 데 도움이 필요합니다.,주문,주문 변경,번호 [주문/송장번호]로 주문한 일부 품목을 변경하는 데 도움이 필요하다고 생각됩니다. 저희는 고객님을 돕기 위해 여기 있습니다. 고객님의 요청을 정확하게 처리할 수 있도록 변경하려는 기사에 대한 구체적인 세부정보를 제공해 주시겠습니까? 고객님의 의견을 통해 필요한 조정을 수행하고 고객 만족을 보장할 수 있습니다. 문의해 주셔서 감사합니다!
BILMZ,[주문/송장번호] 구매에서 여러 항목을 어떻게 삭제할 수 있나요?,주문,주문 변경,구매 번호 [주문/송장번호]에서 여러 항목을 제거하려고 하신 것으로 알고 있습니다. 이로 인해 불편을 끼쳐드려 죄송합니다. 이 문제를 해결하는 데 도움이 되도록 삭제하려는 특정 항목을 알려주시겠습니까? 이 정보를 통해 당사는 고객님의 요청을 효과적으로 처리하고 구매에 대한 만족을 보장할 수 있습니다.
BLM,[주문/송장번호] 주문한 여러 상품을 변경하고 싶어요,주문,주문 변경,먼저 [주문/송장번호] 주문에서 여러 제품 변경을 요청해주셔서 감사드립니다. 저희는 때때로 고객님의 필요에 더 적합하도록 주문을 수정해야 할 수도 있다는 것을 이해합니다. 변경을 진행하려면 변경하려는 특정 제품의 세부정보를 제공해 주시기 바랍니다. 이를 통해 당사는 고객님을 더욱 효과적으로 지원하고 필요한 경우 적절한 대안을 제공할 수 있습니다.
BILMZ,[주문/송장번호]를 구매하려면 여러 제품을 추가해야 하나요?,주문,주문 변경,구매 번호 [주문/송장번호]에 여러 제품을 추가해 달라는 요청을 보내주셔서 감사합니다. 주문을 변경하고 싶다는 점을 이해하며 도움을 드리고자 합니다. 제품을 추가하려면 다음과 같은 간단한 단계를 따르세요. 먼저 당사 웹사이트를 방문하여 계정에 로그인하세요. 그런 다음 주문 내역이나 특정 구매 페이지로 이동하세요. 구매 항목에 항목을 추가하는 옵션이 표시됩니다. 이를 클릭하면 포함하려는 추가 제품을 찾아보고 선택할 수 있는 제품 카탈로그로 이동합니다. 선택을 완료한 후 결제 페이지로 이동하여 구매를 완료하세요. 어려운 점이 있거나 추가 문의사항이 있는 경우 언제든지 문의해 주시면 절차를 안내해 드리겠습니다. 저희는 고객님의 거래에 감사드리며 고객 만족을 보장하기 위해 최선을 다하고 있습니다.
BLQ,구매 [주문/송장번호]를 수정하는 데 도움이 필요합니다.,주문,주문 변경,구매번호 [주문/송장번호] 수정이 필요하다고 문의해 주셔서 감사합니다. 저희는 고객님의 주문이 고객님의 기대에 부응하는지 확인하기 위해 때로는 변경이 필요하다는 것을 이해합니다. 추가 지원을 위해 고객님이 원하는 특정 수정 사항에 대한 자세한 내용을 제공해 주시겠습니까? 이를 통해 당사는 고객님의 요청을 정확하고 효율적으로 처리할 수 있습니다. 저희의 목표는 고객님이 원활한 쇼핑 경험을 누릴 수 있도록 하는 것입니다.
BCILP,구매 [주문/송장번호]를 업데이트해야 하는데 어떻게 해야 합니까?,주문,주문 변경,"구매 번호를 #[주문/송장번호]로 업데이트해야 한다는 것을 알고 있습니다. 걱정하지 마세요. 저희가 도와드리겠습니다. 구매에 필요한 사항을 변경하려면 다음 단계를 따르세요. 1. 당사 웹사이트를 방문하여 고객님의 계정에 로그인하십시오. 2. '내 주문' 섹션으로 이동하세요. 3. 업데이트하려는 번호 #[주문/송장번호]의 주문을 찾으세요. 4. 구매를 수정하거나 편집하는 옵션을 선택합니다. 5. 프롬프트에 따라 수량 업데이트, 항목 제거 또는 추가, 배송 정보 수정 등 원하는 대로 주문을 변경합니다. 6. 변경 사항을 주의 깊게 검토하고 업데이트를 확인합니다. 7. 변경 사항이 확인되면 업데이트된 구매 세부 정보가 포함된 확인 이메일을 받게 됩니다. 절차 중에 어려움이 발생하거나 추가 질문이 있는 경우 주저하지 말고 [고객센터전화번호]로 고객 지원팀에 문의하거나 웹사이트의 라이브 채팅을 통해 문의하세요. [운영시간/기간]에서 도움을 드릴 수 있습니다."
BCIL,구매 [주문/송장번호]를 수정해야 하는데 어떻게 해야 하나요?,주문,주문 변경,"구매 번호 [주문/송장번호] 수정 요청을 문의해 주셔서 감사합니다. 고객님께서 구매 내용을 변경하셔야 한다는 점을 충분히 이해하고 있으며, 절차를 안내해 드리겠습니다. 구매를 수정하려면 다음 단계를 따르세요. 1. 당사 웹사이트나 앱에서 고객님의 계정에 로그인하세요. 2. 주문 내역 또는 구매 세부정보로 이동합니다. 3. 수정하려는 특정 구매를 찾습니다. 4. 구매 내용을 변경할 수 있는 옵션이나 버튼을 찾으세요. 5. 해당 옵션이나 버튼을 클릭하고 추가 메시지나 지침을 따라 주세요. 6. 품목 수량 업데이트, 품목 변형 변경, 품목 제거 등 구매에 필요한 수정을 가합니다. 7. 변경 사항을 검토하고 올바른지 확인합니다. 8. 결제를 진행하거나 수정된 ​​구매를 저장하세요. 절차 중에 문제가 발생하거나 추가 지원이 필요한 경우 주저하지 말고 고객 지원팀에 문의하세요. [운영시간/기간]([고객센터전화번호]) 또는 당사 웹사이트([웹사이트/메뉴])의 라이브 채팅을 통해 이용 가능합니다. 저희는 모든 단계에서 고객님을 돕기 위해 여기 있습니다!"
BLM,구매한 제품 [주문/송장번호] 교환 관련 문제,주문,주문 변경,"구매 번호 [주문/송장번호]로 제품을 교환하는 데 어려움을 겪고 계신 것으로 알고 있습니다. 저희 팀은 이 문제를 해결하는 데 도와드리겠습니다. 발생한 특정 문제나 오류에 대한 자세한 내용을 제공해 주시겠습니까? 이 정보는 고객님의 상황에 가장 적합한 솔루션을 찾는 데 도움이 될 것입니다. 고객 만족이 저희의 최우선 과제이며, 고객님을 위한 원활하고 원활한 제품 교환 절차를 보장하기 위해 최선을 다하고 있습니다."
BLQZ,[주문/송장번호] 주문상품을 교환하려고 합니다.,주문,주문 변경,주문 번호 [주문/송장번호]의 제품을 교환하려고 하신 것으로 알고 있습니다. 저희는 이 요청에 대해 도와드리겠습니다. 교환하고 싶은 특정 제품의 세부정보를 제공해 주시겠습니까? 이는 고객님의 요청을 정확하고 효율적으로 처리하는 데 도움이 됩니다.
BLM,구매한 일부 제품 변경 문제 [주문/송장번호],주문,주문 변경,[주문/송장번호] 번호로 구매한 일부 제품을 변경하는 데 직면한 문제에 대해 문의해 주셔서 감사합니다. 저희는 고객님의 주문을 변경하는 것이 중요하다는 것을 이해하고 있으며 고객님을 돕기 위해 왔습니다. 문제를 더 잘 해결하기 위해 변경하려는 특정 제품에 대한 자세한 내용을 제공해 주시겠습니까? 이는 고객님께 가장 적합한 솔루션을 찾는 데 도움이 될 것입니다. 이 문제를 만족스럽게 해결하기 위해 노력하는 동안 고객님의 인내심과 협조에 감사드립니다.
BLZ,구매 항목에서 항목 제거 [주문/송장번호],주문,주문 변경,구매 번호 [주문/송장번호]에서 항목 제거에 관해 문의해 주셔서 감사합니다. 마음이 바뀌었거나 더 이상 특정 항목이 필요하지 않을 수 있다는 점을 이해합니다. 저희는 고객님의 완전한 만족을 보장하기 위해 필요한 수정을 수행하는 데 도움을 드리고 있습니다. 제거를 진행하려면 제거하려는 항목의 세부정보를 제공해 주시기 바랍니다. 고객님의 피드백은 고객님의 구매를 개선하고 서비스를 개선하는 데 매우 중요합니다.
BLQ,구매에서 항목을 삭제하는 데 도움이 필요합니다 [주문/송장번호],주문,주문 변경,[주문/송장번호] 번호로 구매한 항목을 삭제하는 데 도움이 필요하다는 사실을 확인했습니다. 불편을 끼쳐드려 죄송합니다. 삭제를 진행하려면 삭제하려는 특정 항목에 대한 자세한 정보를 제공해 주시겠습니까? 이 정보는 고객님의 요청을 정확하게 처리하고 고객 만족을 보장하는 데 도움이 됩니다. 이 문제를 해결하는 동안 기다려 주셔서 감사합니다.
BLZ,업데이트 구매00123842,주문,주문 변경,코드 [주문/송장번호]를 사용한 구매 및 코드 업데이트 요청과 관련하여 연락해 주셔서 감사합니다. 저희는 고객 만족을 소중히 여기며 고객님이 원하는 변경 사항이 있으면 기꺼이 도와드리겠습니다. 고객님의 요구 사항을 더 잘 이해할 수 있도록 구매 시 어떤 특정 업데이트나 수정 사항을 적용하고 싶은지에 대한 자세한 내용을 제공해 주시겠습니까? 고객님의 피드백은 고객님의 기대에 부응하고 필요한 조정을 수행하는 데 매우 중요합니다.
BILP,[주문/송장번호]를 주문하기 위해 제품을 추가할 수 있나요?,주문,주문 변경,주문 번호 [주문/송장번호]에 제품을 추가해 달라는 고객님의 요청에 대해 도움을 드리고자 합니다. 고객님의 주문을 조정하는 데 있어서 고객님의 적극적인 접근에 감사드립니다. 동일한 내용을 확인할 수 있도록 추가하려는 제품의 세부정보를 알려주시겠습니까? 이는 고객님의 요청을 정확하고 효율적으로 처리하는 데 도움이 됩니다. 저희는 가능한 모든 방법으로 고객님을 도와드릴 것입니다. 필요한 모든 정보를 자유롭게 제공해 주시기 바랍니다.
BL,[주문/송장번호] 주문 제품 전환,주문,주문 변경,"고객님의 주문 번호 [주문/송장번호]로 제품을 변경해 달라는 고객님의 요청을 받았습니다. 저희 팀은 고객님께 최고의 쇼핑 경험을 제공하기 위해 최선을 다하고 있으며 이 과정을 지원해 드리겠습니다. 제품 이름, SKU 또는 기타 관련 정보를 포함하여 전환하려는 제품의 구체적인 세부 정보를 알려주십시오. 또한 어떤 제품으로 교체하고 싶은지 알려주세요. 이 정보는 당사가 고객님의 요청을 정확하고 신속하게 이행하는 데 필요한 조치를 시작하는 데 도움이 됩니다."
BLQ,구매 품목 전환에 도움이 필요합니다 [주문/송장번호],주문,주문 변경,구매번호 [주문/송장번호]의 품목을 전환하는데 도움이 필요하신 것으로 파악됩니다. 우리가 도와드리겠습니다! 원하는 변경을 진행하려면 이름이나 설명 등 변경하려는 항목에 대한 자세한 내용을 제공해 주시겠습니까? 이 정보를 통해 당사는 고객님의 주문에 필요한 조정을 할 수 있습니다. 안심하시고 아이템 전환 과정을 원활하게 도와드리겠습니다.
BILM,[주문/송장번호] 구매 항목을 전환하는 방법은 무엇입니까?,주문,주문 변경,"구매 번호 [주문/송장번호]의 일부 품목을 전환해 달라는 요청을 보내주셔서 감사합니다. 주문을 변경하고 싶다는 점을 이해하며 도와드리겠습니다. 항목을 전환하려면 다음 단계를 따라 주세요. 1. 당사 웹사이트나 앱에서 고객님의 계정에 로그인하세요. 2. ""주문 내역"" 또는 ""내 구매"" 섹션으로 이동합니다. 3. 주문 번호 [주문/송장번호]로 구매한 항목을 찾습니다. 4. 구매 세부정보 옆에 있는 '수정' 또는 '수정' 옵션을 클릭하세요. 5. 수정 페이지에는 구매한 아이템 목록이 표시됩니다. 6. 전환하고 싶은 항목을 선택하고, 교체하고 싶은 새 항목을 선택하세요. 7. 변경 사항을 검토하고 수정 사항을 확인합니다. 8. 변경하려는 품목 간에 가격 차이가 있을 경우 결제를 하거나 환불을 받아야 할 수 있습니다. 시스템이 이 과정을 안내할 것입니다. 9. 항목을 성공적으로 전환하면 업데이트된 주문 세부정보가 포함된 확인 이메일을 받게 됩니다. 이 과정에서 어려움을 겪거나 추가 질문이 있는 경우 주저하지 말고 고객 지원팀에 문의하여 추가 지원을 받으시기 바랍니다. [운영시간/기간]([고객센터전화번호]) 또는 당사 웹사이트([웹사이트/메뉴])의 라이브 채팅을 통해 연락하실 수 있습니다. 저희는 고객님의 쇼핑 경험을 최대한 원활하게 할 수 있도록 돕기 위해 왔습니다."
BL,[주문/송장번호] 주문 수정 도움말,주문,주문 변경,"[주문/송장번호] 주문을 수정하는 데 도움을 주신 메시지에 감사드립니다. 저희는 고객님의 피드백을 소중히 여기며 고객님의 주문이 정확하고 고객님의 기대에 부합하는지 확인하고 싶습니다. 더 나은 지원을 위해 수정하려는 사항에 대한 자세한 내용을 제공해 주시겠습니까? 수량 업데이트, 품목 변경, 기타 수정 등 무엇이든 저희가 도와드리겠습니다. 고객 만족이 저희의 최우선 과제입니다. 이 문제를 해결하기 위해 함께 노력하는 동안 양해해 주셔서 감사합니다."
BELNQZ,구매를 수정할 수 없습니다. [주문/송장번호],주문,주문 변경,구매 번호 [주문/송장번호]를 편집하는 데 어려움이 있는 것으로 확인되었습니다. 불편을 끼쳐드려 죄송합니다. 추가 지원을 위해 구매 시 변경하고 싶은 사항을 지정해 주시겠습니까? 이 정보를 바탕으로 고객님께 적합한 솔루션을 찾을 수 있습니다. 고객 만족이 저희의 최우선 과제이며 고객님이 겪을 수 있는 모든 문제를 해결하기 위해 최선을 다하고 있습니다.
BCILMQZ,구매 시 일부 항목을 놓쳤어요 [주문/송장번호] 추가할 수 있나요,주문,주문 변경,"구매 번호 [주문/송장번호]의 일부 항목이 누락된 것으로 확인되어 해당 항목을 추가하고 싶습니다. 이로 인해 불편을 끼쳐드려 죄송합니다. 구매 항목에 항목을 추가하는 데 도움을 드리겠습니다. 정확한 정보를 제공할 수 있도록 추가하려는 항목의 세부정보를 제공해 주시겠습니까? 이를 통해 고객님의 요청을 효율적으로 처리하고 구매가 완료되었는지 확인할 수 있습니다. 이 문제를 알려주셔서 감사드리며, 이 문제를 해결하는 동안 양해해 주셔서 감사합니다."
BLM,주문 [주문/송장번호]에서 일부 항목을 삭제하는 데 도움이 됩니다.,주문,주문 변경,주문에서 번호가 [주문/송장번호]인 품목을 삭제하는 데 도움을 받기 위해 문의해 주셔서 감사합니다. 주문을 수정하고 싶다는 점을 이해하며 도와드리겠습니다. 항목 삭제를 진행하려면 제거하려는 항목의 구체적인 세부정보를 알려주시겠습니까? 이를 통해 저는 고객님께 절차를 정확하게 안내하고 고객님의 주문이 고객님의 선호 사항과 일치하는지 확인할 수 있습니다. 고객 만족이 저희의 최우선 사항입니다. 이 문제를 해결하는 데 있어 고객님의 인내와 협조에 감사드립니다.
BLQZ,가 주문 [주문/송장번호]를 업데이트하길 원합니다,주문,주문 변경,주문 번호 [주문/송장번호] 업데이트 요청을 도와드리겠습니다. 저희는 고객님이 주문을 변경하는 데 도움이 필요하다는 것을 알고 있습니다. 우리가 도와드리겠습니다! 고객님이 원하는 특정 업데이트를 제공해 주시겠습니까? 이를 통해 고객님의 모든 문의 사항을 해결하고 가능한 최상의 솔루션을 제공할 수 있습니다. 고객 만족이 최우선이며 고객님의 기대에 부응하기 위해 최선을 다하겠습니다.
BILQ,구매한 물품을 교환할 수 있나요 [주문/송장번호],주문,주문 변경,"주문 번호 [주문/송장번호]로 구매한 품목을 교환하는 데 도움을 받기 위해 저희에게 연락해주셔서 다행입니다. 때때로 주문을 변경해야 할 수도 있다는 점을 이해하고 있으며, 도와드리겠습니다. 교환을 진행하려면 교환하고 싶은 구체적인 물품과 추가하고 싶은 교체 물품을 알려주세요. 이러한 방식으로 변경 사항이 고객님의 선호 사항에 부합하고 고객님의 요구 사항을 충족하는지 확인할 수 있습니다. 필요한 조정을 위해 함께 노력하는 동안 고객님의 인내심과 협조에 감사드립니다."
BLW,구매 품목 변경 [주문/송장번호],주문,주문 변경,구매 번호 [주문/송장번호]의 품목을 변경해야 한다고 문의해 주셔서 감사합니다. 불편을 끼쳐드려 죄송하며 이 문제를 도와드리겠습니다. 변경을 진행하려면 교체하려는 품목의 세부정보와 구매에 추가하고 싶은 대체 품목을 알려주시겠습니까? 이렇게 하면 필요한 조정을 정확하게 수행할 수 있습니다. 고객 만족이 저희의 최우선 과제이며 고객님의 구매가 고객님의 기대에 부응할 수 있도록 최선을 다할 것입니다.
BLZ,구매 [주문/송장번호]에서 항목을 삭제하는 데 도움,주문,주문 변경,구매 번호 [주문/송장번호]에서 항목을 삭제하는 데 도움이 필요하다는 점을 이해합니다. 이로 인해 불편을 끼쳐드려 죄송합니다. 더 나은 지원을 위해 삭제하려는 항목에 대한 자세한 내용을 제공해 주시겠습니까? 이를 통해 당사는 변경 사항을 신속하게 파악하고 처리할 수 있습니다. 협조해 주셔서 감사합니다.
BILZ,[주문/송장번호] 구매 시 항목을 삭제할 수 있나요?,주문,주문 변경,"긍정적으로! 번호가 [주문/송장번호]인 구매 항목에서 항목을 삭제하고 싶다는 점을 확인했습니다. 구매한 항목을 삭제할 수 있으며, 절차를 안내해 드리겠습니다. 정확성을 보장하기 위해 어떤 항목을 제거하고 싶은지 알려주시겠습니까?"
BLZ,업데이트 구매113542617735902,주문,주문 변경,주문 번호 [주문/송장번호]로 구매 항목을 업데이트해 달라는 고객님의 요청을 확인합니다. 이 문제를 알려주셔서 감사합니다. 더 나은 지원을 위해 변경하려는 사항에 대한 자세한 내용을 제공해 주시겠습니까? 고객님의 구체적인 요구 사항을 이해함으로써 저희는 함께 협력하여 만족스러운 해결을 보장할 수 있습니다.
BEMNQ,주문의 여러 항목을 변경할 수 없습니다 [주문/송장번호],주문,주문 변경,주문 번호 [주문/송장번호]의 여러 항목을 변경할 수 없는 것으로 알고 있습니다. 이로 인해 불편을 끼쳐드려 죄송합니다. 이 문제를 조사하고 고객님께 적합한 솔루션을 찾아보겠습니다. 추가 조사를 진행하고 이 문제를 즉시 해결할 수 있도록 기다려 주시기 바랍니다. 양해해 주셔서 감사합니다.
BLZ,업데이트 구매732201349959,주문,주문 변경,주문 번호 [주문/송장번호]로 구매 항목을 업데이트하고 싶다는 점을 잘 알고 있습니다. 이 문제를 알려주셔서 감사합니다. 추가 지원을 위해 고객님이 원하는 특정 업데이트에 대한 추가 정보를 제공해 주시겠습니까? 이는 고객님의 요청을 정확하게 처리하고 가능한 최상의 솔루션을 제공하는 데 도움이 됩니다. 고객 만족이 저희의 최우선 사항이며 고객님의 구매에 필요한 모든 수정을 지원해 드립니다.
BCILP,"[주문/송장번호] 구매 시 항목을 놓쳤는데, 추가해주실 수 있나요?",주문,주문 변경,구매하신 주문 번호 [주문/송장번호] 항목 중 누락된 항목이 있어 추가하고 싶으신 것으로 알고 있습니다. 불편을 끼쳐드려 죄송합니다. 추가 지원을 위해 추가하려는 항목의 세부정보를 알려주시겠습니까? 이렇게 하면 올바른 품목이 포함되었는지 확인하고 그에 따라 구매를 업데이트하는 데 도움이 됩니다. 고객 만족이 저희의 최우선 사항입니다. 이 문제를 해결하는 동안 양해해 주셔서 감사합니다.
BL,[주문/송장번호]를 주문하기 위해 제품을 추가하는 데 도움이 필요합니다.,주문,주문 변경,주문 번호 [주문/송장번호]에 제품을 추가하고 싶다는 것을 알고 있습니다. 저희는 고객님을 돕기 위해 여기 있습니다. 계속 진행하려면 추가하려는 제품의 세부정보를 제공해 주시겠습니까? 이를 통해 당사는 해당 제품을 사용할 수 있고 고객님의 주문에 원활하게 추가할 수 있는지 확인할 수 있습니다. 이 문제에 협조해 주셔서 감사합니다.
BPQ,주문 변경에 대한 정보를 알고 싶습니다. [주문/송장번호],주문,주문 변경,"문의해 주셔서 감사합니다! 주문 번호 [주문/송장번호] 변경에 관한 정보를 원하신다는 것을 알고 있습니다. 저희는 고객님이 원하는 수정 사항에 대해 도움을 드리고 있습니다. 변경하려는 사항에 대한 자세한 내용을 제공해 주시겠습니까? 품목 추가 또는 제거, 배송 정보 업데이트 또는 기타 조정 등 고객님의 요청을 수용하고 만족을 보장하기 위해 최선을 다할 것입니다. 고객님의 피드백은 우리에게 귀중한 것이며, 저희는 최고의 고객 경험을 제공하기 위해 노력하고 있습니다. 우리가 어떻게 도울 수 있는지 알려주세요!"
BILMZ,일부 품목을 교환하거나 [주문/송장번호]를 주문할 수 있나요?,주문,주문 변경,주문 번호 #[주문/송장번호]의 품목 교환에 대해 문의해 주셔서 감사합니다. 저희의 목표는 고객님의 완전한 만족을 보장하기 위해 필요한 변경을 수행하도록 지원하는 것입니다. 아이템 교환을 진행하려면 교환하려는 아이템의 구체적인 세부정보를 제공해 주시기 바랍니다. 이 정보를 통해 당사는 고객님이 주문한 품목을 교환하는 데 필요한 단계를 신속하게 지원할 수 있습니다. 저희는 고객님의 쇼핑 경험을 가능한 한 원활하게 만들기 위해 왔습니다. 이 문제에 대해 어떻게 더 도움을 드릴 수 있나요?
BL,[주문/송장번호] 구매를 위한 항목 추가 도움말,주문,주문 변경,"구매 번호 [주문/송장번호]에 항목을 추가하는 데 도움이 필요하다고 확인했습니다. 저희는 고객님의 구매 경험이 원활하고 편리할 수 있도록 노력하고 있습니다. 이름, 수량, 특정 요구사항 등 추가하려는 항목의 세부정보를 알려주시기 바랍니다. 최선을 다해 절차를 도와드리겠습니다."
BLZ,[주문/송장번호]를 주문하려면 제품을 추가하는 데 도움이 필요합니다.,주문,주문 변경,"주문 번호 [주문/송장번호]에 제품을 추가하는 데 도움이 필요하다는 점을 이해합니다. 발생한 문제로 인해 불편을 끼쳐드려 죄송합니다. 더 나은 지원을 위해 추가하려는 제품의 세부정보를 제공해 주시겠습니까? 저희는 고객님께 절차를 안내하고 고객님의 선호 사항에 따라 고객님의 주문이 업데이트되도록 보장할 것입니다. 고객 만족이 저희의 최우선 과제이며, 저희는 모든 단계에서 고객님을 돕기 위해 여기 있습니다."
BLZ,주문을 업데이트하고 싶지 않습니다. [주문/송장번호],주문,주문 변경,주문 번호 [주문/송장번호] 업데이트 요청과 관련된 메시지를 받게 되어 기쁘게 생각합니다. 고객님의 주문이 정확하고 고객님의 기대에 부응하도록 적극적으로 접근해주셔서 감사드립니다. 주문 업데이트를 진행하려면 변경하려는 사항에 대한 구체적인 세부정보를 제공해 주시기 바랍니다. 이를 통해 당사는 즉각적인 조치를 취하고 고객님께 원활한 경험을 보장할 수 있습니다. 고객님이 원하는 구체적인 업데이트 사항을 알려주시면 기꺼이 추가 지원을 해 드리겠습니다.
BCLQ,실수를 했습니다. 주문 [주문/송장번호]를 수정하는 데 도움이 필요합니다.,주문,주문 변경,주문 번호 [주문/송장번호] 수정 필요성에 관해 문의해 주셔서 감사합니다. 저희는 실수가 발생할 수 있다는 점을 이해하고 있으며 고객님을 돕기 위해 왔습니다. 고객님의 주문에 적용하고 싶은 변경 사항에 대한 구체적인 세부 정보를 제공해 주시면 그에 따라 도움을 드릴 수 있습니다. 저희의 주요 목표는 고객 만족을 보장하는 것이며 필요한 수정을 하기 위해 최선을 다할 것입니다. 이 문제를 해결하기 위해 노력하는 동안 고객님의 인내심과 협조에 감사드립니다.
BCL,[주문/송장번호] 주문 항목을 교환해야 합니다. 도와주세요.,주문,주문 변경,주문한 품목의 번호 [주문/송장번호]를 교환해 달라는 요청을 저희에게 연락해 주셔서 감사합니다. 주문을 변경하고 싶다는 점을 이해하며 도와드리겠습니다. 아이템 교환을 진행하려면 교환하고 싶은 아이템과 포함하고 싶은 교체 아이템의 세부정보를 알려주시겠어요? 이는 고객님의 주문을 원활하고 정확하게 조정하는 데 도움이 됩니다.
BLMQZ,일부 제품을 제거하는 데 도움이 필요합니다,주문,주문 변경,주문에서 일부 제품을 제거해야 하는 문제에 대해 문의해 주셔서 감사합니다. 저희는 모든 단계에서 고객님을 돕기 위해 여기 있습니다. 원하는 품목 제거를 진행하려면 주문 번호와 제거하려는 특정 제품을 알려주시겠습니까? 이 정보는 필요한 조정을 정확하게 수행하고 최상의 솔루션을 제공하는 데 도움이 됩니다.
BLZ,주문 수정370795561790,주문,주문 변경,주문 번호 [주문/송장번호] 수정 요청에 대해 문의해 주셔서 감사합니다. 양해해 주셔서 감사합니다. 최선을 다해 도와드리겠습니다. 변경하려는 사항을 더 잘 이해할 수 있도록 구체적인 세부정보를 제공해 주시겠습니까? 이는 당사가 고객님의 요청을 정확하게 처리하고 만족스러운 해결 방법을 제공하는 데 도움이 됩니다. 고객님의 피드백은 우리가 서비스를 향상시키기 위해 노력하는 동안 우리에게 귀중한 것입니다.
BCL,실수를 했습니다. [주문/송장번호] 주문을 수정하는 데 도움을 주세요.,주문,주문 변경,"저는 실수가 발생한다는 것을 착각하지 않으며 번호 [주문/송장번호]로 주문을 수정하는 데 도와드리겠습니다. 필요한 변경을 정확하게 수행할 수 있도록 수정하려는 구체적인 세부정보를 알려주시겠습니까? 수량 업데이트, 색상 변경, 기타 조정 등 무엇이든 이 실수를 해결하고 원하는 대로 주문할 수 있도록 최선을 다해 도와드리겠습니다. 고객 만족은 저희의 최우선 과제이며 우리 서비스에 대한 고객님의 신뢰에 감사드립니다."
BILMQ,여러 구매 품목을 교환하는 방법 [주문/송장번호],주문,주문 변경,"구매하신 여러 품목을 [주문/송장번호] 번호로 교환하는 데 도움을 주셔서 감사합니다. 저희는 고객님의 주문에 맞는 제품을 보유하는 것이 얼마나 중요한지 잘 알고 있습니다. 교환을 진행하려면 다음을 수행하십시오. 1. 구매 항목 검토: 구매 세부 정보 페이지로 이동하여 교환하려는 항목을 기록해 둡니다. 2. 고객 지원팀에 문의: 전화나 온라인 채팅을 통해 전담 지원팀에 연락하여 구매 번호와 교환하려는 특정 품목을 알려주십시오. 그들은 절차를 안내하고, 질문에 답하고, 적합한 교체품을 찾는 데 도움을 줄 것입니다. 3. 반품 및 재주문: 당사의 반품 정책에 따라 교환하려는 제품을 반품하고 원하는 제품을 새로 주문할 수 있는 옵션이 있을 수 있습니다. 당사 고객 지원팀이 진행 방법에 대한 자세한 정보를 제공할 것입니다. 재고 여부, 상품 상태, 반품 정책 등의 요인에 따라 교체 가능 여부와 자격이 달라질 수 있다는 점을 유념하시기 바랍니다. 당사의 전담 지원팀은 원활한 교환 절차를 보장하고 고객님이 가질 수 있는 모든 문제를 해결하기 위해 고객님과 긴밀히 협력할 것입니다."
BILQZ,[주문/송장번호] 주문 상품을 어떻게 교환할 수 있나요?,주문,주문 변경,"주문 번호 #[주문/송장번호]의 품목을 교환하려고 하신다는 점을 이해합니다. 저희는 확실히 고객님을 도울 수 있습니다. 교환을 진행하시려면, 교환하고 싶은 상품과 받고 싶은 교환 상품의 세부정보를 알려주세요. 이는 원활하고 정확한 스왑 절차를 보장하는 데 도움이 됩니다. 필요한 정보가 확보되면 고객님의 요청에 따라 교환을 수행하는 데 필요한 단계를 시작합니다. 저희 서비스를 선택해 주셔서 감사드리며, 교환 절차를 도와드리는 동안 양해해 주셔서 감사합니다."
BLMQ,여러 구매 품목을 전환하는 데 도움이 필요합니다 [주문/송장번호],주문,주문 변경,"구매 번호 [주문/송장번호]의 여러 품목을 전환하는 데 도움이 필요하다는 점을 이해합니다. 이로 인해 불편을 끼쳐드려 죄송하며, 필요한 변경이 이루어지도록 도와드리겠습니다. 전환 절차를 진행하려면 전환하려는 특정 항목과 교체하려는 항목을 알려주시겠습니까? 이를 통해 당사는 고객님의 요청을 빠르고 정확하게 처리하고 고객님의 구매가 고객님의 기대에 부합하는지 확인할 수 있습니다. 이 문제를 알려주셔서 감사드리며, 이 문제를 해결하는 동안 양해해 주셔서 감사합니다."
BKLZ,주문 업데이트 [주문/송장번호],주문,주문 변경,"주문 번호 [주문/송장번호]를 업데이트하고 싶다는 점을 잘 알고 있습니다. 저희 팀은 고객님의 주문에 필요한 변경이나 수정을 도와드립니다. 품목 변경, 수량 변경, 기타 특정 지침 등 업데이트하려는 사항에 대한 구체적인 세부 정보를 제공해 주시기 바랍니다. 이는 고객님의 요구 사항을 충족하고 최상의 서비스를 제공하는 데 도움이 될 것입니다. 고객님의 주문을 업데이트하는 동안 고객님의 인내심과 협조에 감사드립니다."
BLMN,여러 구매 품목을 교환할 수 없습니다. [주문/송장번호],주문,주문 변경,"구매번호 [주문/송장번호]의 여러 품목을 교환하는 것에 대한 우려로 저희를 믿어주셔서 감사합니다. 이로 인해 불편을 끼쳐드려 죄송합니다. 고객님이 주문을 변경하려고 한다는 점을 이해하며, 고객님을 도와드리겠습니다. 더 나은 지원을 위해 교환하려는 품목에 대한 자세한 정보를 제공해 주시겠습니까? 이를 통해 당사는 고객님의 요청을 검토하고 변경 사항을 진행하는 데 필요한 지원을 제공할 수 있습니다. 고객님의 양해에 감사드리며, 고객님을 도와드릴 수 있기를 기대합니다."
BLMQ,구매한 일부 제품 [주문/송장번호]를 교환하는 데 도움이 필요합니다.,주문,주문 변경,"구매 번호 [주문/송장번호]의 일부 제품 교환에 대한 지원을 위해 저희에게 연락해 주셔서 감사합니다. 주문을 변경하고 싶다는 점을 이해하며, 이에 대해 도와드리겠습니다. 교환을 진행하려면 교환하려는 제품의 이름, 수량 또는 기타 관련 정보 등 구체적인 세부 정보를 알려주시겠습니까? 이를 통해 당사는 고객님의 요청을 신속하게 처리하고 새로운 제품이 고객님의 기대에 부응할 수 있도록 할 것입니다. 고객 만족이 저희의 최우선 사항이며, 저는 이 과정 전반에 걸쳐 고객님을 지원하기 위해 최선을 다하고 있습니다."
BL,주문 [주문/송장번호] 수정을 도와주세요,주문,주문 변경,주문 번호 [주문/송장번호] 수정과 관련해 도움을 요청해 주셔서 감사합니다. 때때로 변경이 필요하다는 점을 이해하고 있으며 이러한 변경이 이루어질 수 있도록 도와드리겠습니다. 더 나은 지원을 위해 수정하려는 사항에 대한 자세한 내용을 제공해 주시겠습니까? 저희는 고객 만족을 보장하기 위해 최선을 다하고 있으므로 고객님의 특정 요구 사항을 주저하지 말고 알려주십시오.
BLMW,[주문/송장번호]를 주문하려면 빌어먹을 기사를 추가하세요,주문,주문 변경,"불편을 끼쳐드려 죄송합니다. 주문 번호 [주문/송장번호]에 일부 품목을 추가하고 싶다는 점을 이해합니다. 저희는 이 요청을 도와드리기 위해 최선을 다하고 있습니다. 추가하고 싶은 특정 기사를 제공해 주시겠습니까? 품목 이름, 수량 및 기타 관련 세부정보를 제공해 주시면 도움이 될 것입니다. 그에 따라 고객님의 주문을 업데이트하고 고객 만족을 보장해 드리겠습니다. 이 문제를 알려주셔서 감사합니다."
BLMW,[주문/송장번호] 주문을 위해 몇 가지 빌어먹을 기사를 추가하는 데 도움을 주세요.,주문,주문 변경,주문 번호 [주문/송장번호]에 여러 품목 추가에 관해 문의해 주셔서 감사합니다. 저희는 고객님의 주문에 필요한 모든 품목이 포함되어 있는지 확인하는 것이 중요하다는 것을 알고 있습니다. 이에 도움이 되도록 추가하고 싶은 기사의 구체적인 세부정보를 제공해 주시겠습니까? 이를 통해 고객님의 주문이 정확하고 만족스럽게 업데이트되도록 할 수 있습니다. 이 문제에 대해 고객님의 인내심과 협조에 감사드립니다.
BLMZ,[주문/송장번호] 구매에 일부 제품을 추가하는 데 도움이 됩니다.,주문,주문 변경,문의해 주셔서 감사합니다! 구매 번호 [주문/송장번호]에 일부 제품을 추가하는 데 도움이 필요하다는 점을 이해합니다. 기존 구매를 직접 변경할 수 없어 불편을 끼쳐드려 죄송합니다. 그러나 고객님이 추가하려는 제품을 새로 주문하는 데 확실히 도움을 드릴 수 있습니다. 당사의 고객 서비스 팀은 고객님이 새로운 주문을 하고 제품이 올바르게 추가되었는지 확인하는 데 도움을 드릴 수 있습니다. 고객님을 대신하여 절차를 시작하기를 원하는 경우 알려주시기 바랍니다.
BIMQ,[주문/송장번호] 주문에 몇 가지 항목을 추가하는 데 도움을 주실 수 있나요?,주문,주문 변경,주문 번호 [주문/송장번호]에 품목을 추가하는 데 도움을 달라는 고객님의 메시지를 받았습니다. 저희는 고객님의 주문이 완료되고 고객님의 기대에 부응하는지 확인하는 것이 얼마나 중요한지 잘 알고 있습니다. 이 문제를 해결하는 데 도움이 되도록 추가하고 싶은 항목의 세부정보를 제공해 주시겠습니까? 이를 통해 저희는 필요한 조정을 하고 고객 만족을 보장할 수 있습니다. 양해해 주셔서 감사드리며 앞으로도 더 많은 도움을 드리겠습니다.
BLMQ,주문 [주문/송장번호]에서 일부 항목을 삭제하는 데 도움이 필요합니다.,주문,주문 변경,"주문 번호 [주문/송장번호]에서 일부 항목을 삭제하는 데 도움이 필요하다는 것을 깨달았습니다. 이 문제를 알려주셔서 감사드리며, 불편을 끼쳐드려 죄송합니다. 정확하고 효율적인 지원을 제공하기 위해 삭제하고 싶은 특정 항목을 알려주시겠습니까? 고객님의 의견은 당사 서비스를 개선하는 데 필수적입니다. 이 문제를 해결하는 데 있어 고객님의 인내심과 협조에 감사드립니다."
BCLQZ,주문 [주문/송장번호]를 수정하고 싶어요 도움이 필요해요,주문,주문 변경,"주문 번호 [주문/송장번호] 수정 요청과 관련하여 문의해 주셔서 감사합니다. 저희는 우수한 고객 서비스를 제공하기 위해 노력하고 있으며 고객님을 돕기 위해 왔습니다. 변경하려는 사항을 더 잘 이해할 수 있도록 주문에서 수정하려는 항목을 지정해 주시겠습니까? 이 정보가 있으면 주문을 편집하는 데 필요한 단계를 안내해 드릴 수 있습니다. 고객 만족이 저희의 최우선 과제이며, 고객님이 필요로 하는 모든 변화를 도와드리기 위해 최선을 다하고 있습니다."
BCL,실수를 했습니다. 구매 변경을 도와주세요 [주문/송장번호],주문,주문 변경,"고객님께서 실수를 하셔서 구매 번호 [주문/송장번호]를 변경하는 데 도움이 필요하다는 생각에 공감합니다. 실수는 발생하며, 저희는 이 문제를 해결하는 데 도움을 드리고 있습니다. 더 나은 지원을 위해 구매 시 적용하려는 특정 변경 사항에 대한 자세한 내용을 제공해 주시겠습니까? 이를 통해 저희는 고객님의 우려 사항을 신속하게 해결하고 완전한 만족을 보장할 수 있습니다."
BLN,주문 [주문/송장번호]를 편집할 수 없습니다.,주문,주문 변경,주문 번호 [주문/송장번호]를 수정하는 데 문제가 있는 것으로 확인되었습니다. 이로 인해 불편을 끼쳐드려 죄송합니다. 더 나은 지원을 위해 변경하려는 사항에 대한 자세한 내용을 알려주시겠습니까? 저희 팀은 주문 편집과 관련하여 발생할 수 있는 우려 사항이나 문제를 해결하는 데 도움을 드립니다.
BLZ,[주문/송장번호] 변경,주문,주문 변경,구매 번호 [주문/송장번호]를 변경해야 한다고 연락해주셔서 다행입니다. 불편을 끼쳐드려 죄송합니다. 이 요청에 도움을 드릴 수 있도록 고객님이 원하는 특정 변경 사항에 대한 자세한 내용을 알려주시겠습니까? 이 정보는 고객님의 요청을 정확하고 효율적으로 처리하는 데 도움이 됩니다.
BMQ,주문 [주문/송장번호]에서 일부 항목을 제거하고 싶습니다.,주문,주문 변경,주문 번호 [주문/송장번호]에서 일부 품목을 제거하고 싶다는 점을 이해합니다. 이로 인해 불편을 끼쳐드려 죄송합니다. 주문 수정에 도움을 드릴 수 있도록 제거하려는 특정 항목을 제공해 주시겠습니까? 저희 팀은 고객 만족을 보장하기 위해 필요한 조정을 수행하는 데 기꺼이 도움을 드릴 것입니다. 고객님의 인내와 이해에 감사드립니다.
BLMZ,[주문/송장번호]를 주문하기 위해 여러 제품을 추가하는 데 도움을 주세요.,주문,주문 변경,번호 [주문/송장번호]로 주문에 여러 제품을 추가하는 데 도움이 되는 메시지를 보내주셔서 기쁘게 생각합니다. 저희는 고객님의 주문을 올바르게 받는 것의 중요성을 이해하고 있으며 도움을 드리기 위해 여기 있습니다. 추가하려는 제품의 구체적인 세부정보를 제공해 주시겠습니까? 이를 통해 저희는 필요한 조정을 하고 고객 만족을 보장할 수 있습니다. 고객님의 요청을 처리하는 동안 고객님의 인내심과 협조에 감사드립니다.
BILQ,구매한 제품 [주문/송장번호]를 변경하는 데 도움을 주실 수 있나요?,주문,주문 변경,구매 번호 [주문/송장번호]의 제품을 변경하는 데 도움이 필요하다는 점을 이해합니다. 저희 팀이 고객님을 돕기 위해 여기 있습니다. 더 나은 지원을 위해 변경하려는 제품의 세부정보와 구체적인 변경 사항을 제공해 주시겠습니까? 이를 통해 당사는 고객님의 요청을 정확하고 효율적으로 처리할 수 있습니다. 양해해 주셔서 감사드리며 이 문제가 해결될 수 있도록 최선을 다하겠습니다.
BLQZ,[주문/송장번호] 주문 항목을 교환해야 합니다,주문,주문 변경,번호 [주문/송장번호]로 주문한 품목을 교환해 달라는 요청을 보내주셔서 감사합니다. 저는 고객님의 주문이 고객님이 상상한 대로 이루어지도록 하는 것이 얼마나 중요한지 이해합니다. 아이템 교환을 진행하려면 고객 서비스 팀에 직접 문의하는 것이 좋습니다. 추가 지원을 제공하고 주문한 품목을 교환하는 데 필요한 단계를 안내해 드릴 것입니다. [고객센터전화번호]로 전화하거나 당사 웹사이트 [웹사이트/메뉴]의 라이브 채팅을 통해 연락할 수 있습니다. 신속한 지원을 제공하기 위해 [운영시간/기간]를 사용할 수 있습니다. 고객님의 주문이 정확히 고객님께 필요한 것인지 확인하기 위해 협력하는 동안 고객님의 이해에 감사드립니다.
BL,주문 [주문/송장번호]를 편집하는 데 도움이 필요합니다.,주문,주문 변경,주문 번호 [주문/송장번호] 수정 필요성에 관해 메시지를 보내주셔서 감사합니다. 저희는 고객님의 주문을 조정하는 것의 중요성을 이해하고 있으며 고객님을 돕기 위해 여기에 있습니다. 고객님이 원하는 특정 수정 사항에 대해 더 자세한 정보를 제공해 주실 수 있습니까? 이는 고객님의 모든 우려 사항을 정확하고 효율적으로 해결하는 데 도움이 될 것입니다.
BLQ,구매 [주문/송장번호]를 업데이트하는 데 도움이 필요합니다,주문,주문 변경,주문 번호 [주문/송장번호]로 구매 내용을 업데이트하는 데 도움이 필요하신 것으로 확인됩니다. 주문 업데이트는 일반적인 요청이므로 제가 도와드리겠습니다. 구매에 적용하고 싶은 특정 업데이트에 대한 자세한 내용을 제공해 주시겠습니까? 고객님의 요구 사항을 이해함으로써 절차를 안내하고 원활하고 만족스러운 경험을 보장할 수 있습니다.
BCILP,주문에 제품을 추가하고 싶은데 도움을 받을 수 있나요?,주문,주문 변경,주문에 제품을 추가하기 위해 문의해 주셔서 감사합니다. 안심하세요. 저희가 도와드리겠습니다. 정확성을 보장하기 위해 주문 번호와 추가하려는 특정 제품을 알려주시겠습니까? 고객 만족이 최우선이며 고객님의 요청을 수용하기 위해 최선을 다할 것입니다.
BL,[주문/송장번호] 주문품 교환을 도와주세요,주문,주문 변경,주문 번호 [주문/송장번호]의 품목을 교환하는 데 도움이 필요하다는 점을 이해합니다. 불편을 끼쳐드려 죄송하며 이 요청에 대해 도움을 드리겠습니다. 교환을 진행하시려면 교환하고 싶은 상품의 구체적인 내용과 교환하고 싶은 상품을 알려주세요. 이 정보를 얻으면 절차를 안내하고 주문한 제품의 원활한 교환을 보장할 수 있습니다.
B,[주문/송장번호] 주문에 항목 추가,주문,주문 변경,"주문에 번호가 [주문/송장번호]인 품목을 추가하고 싶어하시는 것으로 확인되었습니다. 이 요청과 관련하여 문의해 주셔서 감사합니다. 항목 추가를 진행하려면 추가하려는 항목의 이름이나 설명, 수량, 색상이나 크기와 같은 구체적인 변형 등의 세부 정보를 제공해 주시겠습니까? 이 정보를 받으면 주문에 품목을 추가하는 데 추가 도움을 드릴 수 있습니다."
BCIL,주문 [주문/송장번호]를 업데이트해야 하는데 어떻게 해야 합니까?,주문,주문 변경,주문 번호 [주문/송장번호]를 업데이트해야 하는 경우에 대해 알려드리겠습니다. 고객님의 주문이 정확하고 최신 상태인지 확인하기 위한 고객님의 적극적인 접근에 감사드립니다. 이에 대한 도움을 받으려면 고객 지원팀에 직접 문의하는 것이 좋습니다. 주문을 업데이트하는 방법에 대해 필요한 지침과 지침을 제공할 것입니다. 당사의 전담 지원팀은 [운영시간/기간]에 있으며 [고객센터전화번호]로 연락하거나 당사 웹사이트 [웹사이트/메뉴]의 라이브 채팅을 통해 연락할 수 있습니다. 주문에 필요한 변경 사항을 기꺼이 도와드릴 것입니다.
BILMW,[주문/송장번호] 주문의 일부 제품을 어떻게 바꾸나요?,주문,주문 변경,고객님이 주문한 번호 #[주문/송장번호]의 일부 제품을 전환하려고 한다는 것을 알고 있습니다. 불편을 끼쳐드려 죄송합니다. 이에 대한 도움을 받으려면 절차를 안내하고 필요한 변경을 수행할 수 있는 고객 지원팀에 문의하는 것이 좋습니다. [운영시간/기간]([고객센터전화번호]) 또는 당사 웹사이트([웹사이트/메뉴])의 라이브 채팅을 통해 이용 가능합니다. 안심해 주세요. 저희 팀은 고객님이 원하는 변경 사항이 원활하고 만족스럽게 이루어질 수 있도록 최선을 다할 것입니다.
BLMZ,일부 구매 품목을 취소하려고 합니다. [주문/송장번호],주문,주문 변경,구매번호 [주문/송장번호]의 일부 품목 변경 요청에 대해 저희를 믿어주셔서 감사합니다. 저희는 고객님이 원하는 제품을 갖는 것이 중요하다는 것을 이해합니다. 이를 지원하기 위해 변경하고 싶은 특정 항목을 제공해 주시겠습니까? 세부 정보를 제공함으로써 새로운 기사의 가용성을 즉시 확인하고 원하는 수정을 수행하는 데 필요한 단계를 안내할 수 있습니다. 이 문제에 대한 고객님의 인내와 협조에 감사드립니다.
BLQWZ,[주문/송장번호] 주문에서 망할 기사를 제거하고 싶어요,주문,주문 변경,고객님의 주문에서 [주문/송장번호] 번호의 특정 품목을 삭제하는 것에 대해 우려하시는 점을 이해합니다. 저희는 고객 만족을 소중히 여기며 도와드리겠습니다. 제거를 진행하려면 제거하려는 기사에 대한 자세한 내용을 제공해 주시겠습니까? 이는 고객님의 주문을 정확하게 업데이트하는 데 도움이 됩니다. 문제를 해결하는 동안 기다려 주셔서 감사합니다.
BCLMQ,주문 [주문/송장번호]의 일부 항목을 전환하고 싶습니다. 도와주세요.,주문,주문 변경,번호 [주문/송장번호]로 주문한 일부 품목을 전환하는 데 도움을 달라는 고객님의 메시지를 받았습니다. 저희는 고객님의 완전한 만족을 보장하기 위해 고객님의 주문을 변경해야 할 수도 있다는 것을 이해합니다. 전환을 진행하려면 전환하려는 항목의 구체적인 세부정보를 제공해 주시겠습니까? 저희 팀은 고객님이 이 절차를 원활하게 진행하고 고객님께 적합한 대안을 찾을 수 있도록 도와드립니다.
BLQZ,구매 내역을 편집하고 싶습니다 [주문/송장번호],주문,주문 변경,"구매 번호 [주문/송장번호] 수정 요청에 대해 문의해 주셔서 감사합니다. 저희는 고객님의 주문에 대한 완전한 만족을 보장하기 위해 때때로 변경이 필요하다는 것을 이해합니다. 구매 편집을 진행하려면 구체적으로 변경하고 싶은 내용을 알려주세요. 여기에는 품목 교환, 제품 추가 또는 제거, 수량 조정 등이 포함될 수 있습니다. 저희 팀은 고객님의 구매가 고객님의 기대에 부응할 수 있도록 모든 단계에서 고객님을 지원해 드리겠습니다."
BKL,주문 [주문/송장번호]에서 기사 삭제,주문,주문 변경,저희는 우리를 돕기 위해 여기 있습니다! 주문 번호 [주문/송장번호]에서 항목을 삭제하는 데 도움이 필요하다는 점을 이해합니다. 이로 인해 불편을 끼쳐드려 죄송합니다. 최상의 솔루션을 제공하기 위해 제거하려는 기사를 지정해 주시겠습니까? 이는 필요한 변경이 정확하고 신속하게 이루어지도록 하는 데 도움이 됩니다. 고객님의 협조에 감사드리며 이 문제가 해결될 수 있도록 최선을 다하겠습니다.
BCIL,[주문/송장번호] 주문에 상품이 누락되었습니다. 어떻게 추가하나요?,주문,주문 변경,주문 번호 [주문/송장번호]의 누락된 제품에 대해 알려주셔서 감사합니다. 불편을 끼쳐드려 죄송합니다. 누락된 제품을 주문에 추가하려면 고객 서비스 팀에 문의하는 것이 좋습니다. 주문을 업데이트하고 추가 제품이 포함되었는지 확인하는 데 도움을 드릴 것입니다. 당사의 고객 서비스 담당자는 [고객센터전화번호]로 [운영시간/기간]로 연락하거나 당사 웹사이트 [웹사이트/메뉴]의 라이브 채팅을 통해 연락할 수 있습니다. 그들은 이 문제에 대해 기꺼이 도움을 드릴 것입니다.
BIQ,주문을 변경할 수 있나요 [주문/송장번호],주문,주문 변경,"주문 번호 [주문/송장번호]를 변경하고 싶다는 점을 이해합니다. 우리가 도와드리겠습니다! 수량 업데이트, 항목 추가 또는 제거, 기타 주문 세부정보 수정 등 원하는 변경 사항에 대한 구체적인 세부정보를 제공해 주시기 바랍니다. 필요한 정보가 확보되면 변경 사항을 처리해 드리겠습니다."
BLMQ,구매한 일부 제품을 전환해야 합니다 [주문/송장번호],주문,주문 변경,"[주문/송장번호] 번호로 구매하려면 일부 제품을 전환해야 한다는 점을 이해합니다. 이로 인해 불편을 끼쳐드려 죄송합니다. 제품 전환을 진행하려면 전환하려는 제품의 구체적인 세부정보를 제공해 주시겠습니까? 이 정보는 원활한 전환을 보장하고 적절한 대안을 찾는 데 도움이 됩니다. 고객 만족이 저희의 최우선 과제이며, 저희는 이 과정이 최대한 원활하게 진행되도록 돕기 위해 왔습니다."
BELMN,[주문/송장번호] 주문의 일부 항목을 교환할 수 없습니다,주문,주문 변경,[주문/송장번호] 주문의 일부 아이템을 교환할 수 없는 것으로 확인됩니다. 이 문제를 알려주셔서 감사합니다. 저희 팀은 이 문제를 즉시 해결할 수 있도록 도와드립니다. 상황을 더 잘 이해할 수 있도록 교환하려는 품목에 대한 자세한 내용을 제공해 주시겠습니까? 이를 통해 저희는 고객님께 가장 적합한 솔루션을 찾을 수 있습니다. 고객님의 양해에 감사드리며 고객님의 주문 수정에 도움을 드릴 수 있기를 바랍니다.
BILQ,구매한 제품 [주문/송장번호] 어떻게 변경하나요?,주문,주문 변경,"주문 번호 [주문/송장번호]로 구매한 제품을 변경하고 싶다는 점을 이해합니다. 주문을 변경하는 것은 고객 만족을 보장하는 중요한 측면이며, 당사는 이에 대해 도움을 드리고 있습니다. 구매한 제품을 변경하려면 다음 단계를 따르세요. 1. 당사 웹사이트나 앱에서 고객님의 계정에 로그인하세요. 2. ""주문 내역"" 또는 ""계정"" 섹션으로 이동합니다. 3. 주문 번호 [주문/송장번호]로 구매한 항목을 찾습니다. 4. 변경하려는 제품 옆에 있는 ""수정"" 또는 ""수정"" 옵션을 클릭하십시오. 5. 추가하려는 새 제품을 선택하고 주문 업데이트를 진행하세요. 6. 변경 사항을 검토하고 업데이트된 주문을 확인합니다. 어려움이 있거나 추가 지원이 필요한 경우 주저하지 말고 전담 고객 지원팀에 문의하세요. [운영시간/기간]([고객센터전화번호]) 또는 당사 웹사이트([웹사이트/메뉴])의 라이브 채팅을 통해 연락하실 수 있습니다. 저희 팀은 고객님께 절차를 안내하고 고객님의 구매가 고객님의 기대를 충족하는지 확인할 준비가 되어 있습니다. 추가로 도움이 필요하시면 알려주세요!"
BIL,구매 제품 [주문/송장번호]를 교환하는 방법은 무엇입니까?,주문,주문 변경,"구매 번호 [주문/송장번호]의 품목 교환에 대한 지원을 원하신다는 점을 이해합니다. 기사 교환은 다음 단계에 따라 수행할 수 있습니다. 1. 계정 대시보드로 이동합니다. 2. '주문' 섹션으로 이동합니다. 3. 번호 [주문/송장번호]로 구매한 항목을 찾습니다. 4. 구매를 클릭하면 주문 세부정보를 볼 수 있습니다. 5. 교환하고 싶은 기사를 찾아 옆에 있는 ""교체"" 버튼을 클릭하세요. 6. 사용 가능한 옵션 중에서 교체하려는 새 기사를 선택하십시오. 7. 화면의 지시에 따라 교체를 확인합니다. 8. 업데이트된 주문 요약을 검토하여 교환이 성공했는지 확인하세요. 문제가 발생하거나 추가 질문이 있는 경우 주저하지 말고 고객 지원팀에 문의하세요. 저희는 절차 전반에 걸쳐 고객님을 지원하기 위해 여기 있습니다."
BLZ,주문 [주문/송장번호] 업데이트에 대한 정보를 알려주세요.,주문,주문 변경,"주문 번호 [주문/송장번호] 업데이트에 대한 정보를 요청하신 것으로 확인됩니다. 고객님의 우려에 감사드리며, 필요한 세부 사항을 안내해 드리겠습니다. 주문을 업데이트하려면 당사 웹사이트/앱에서 계정에 접속하고 '내 주문' 섹션으로 이동하면 쉽게 업데이트할 수 있습니다. 여기에서 주문을 확인하고 수정 옵션을 찾을 수 있습니다. 문제가 발생하거나 업데이트와 관련하여 구체적인 지침이 있는 경우 언제든지 알려주시기 바랍니다. 저희는 고객님의 원활한 절차를 보장해 드릴 수 있습니다."
BKL,구매 제품 추가 [주문/송장번호],주문,주문 변경,구매 번호 [주문/송장번호]에 제품을 추가하고 싶다는 점을 확인했습니다. 저희는 고객님을 돕기 위해 왔습니다. 추가하고 싶은 제품의 세부정보를 알려주시겠어요? 이 정보는 제품이 고객님의 구매에 올바르게 추가되었는지 확인하는 데 도움이 됩니다. 협조해 주셔서 감사합니다.
BLQ,[주문/송장번호] 주문에서 기사를 삭제하는 데 도움이 필요합니다,주문,주문 변경,주문 번호 [주문/송장번호]에서 기사를 삭제하려는 고객님의 욕구를 분명히 알고 있습니다. 저희는 고객님을 돕기 위해 왔습니다. 삭제하려는 기사의 세부정보를 제공해 주시겠습니까? 이 정보를 제공함으로써 당사는 고객님의 요청을 정확하게 처리할 수 있습니다. 저희의 목표는 고객님의 완전한 만족을 보장하는 것입니다. 다른 질문이나 우려 사항이 있는 경우 주저하지 말고 문의해 주세요.
BL,주문 [주문/송장번호] 교환,주문,주문 변경,주문 번호 [주문/송장번호]와 관련하여 문의해 주셔서 감사합니다. 고객님이 주문한 품목을 교환하고 싶다는 점을 이해합니다. 불편을 끼쳐드려 죄송합니다. 이러한 변경에 도움을 드릴 수 있도록 교환하려는 품목과 교체하려는 품목의 세부정보를 제공해 주실 수 있습니까? 이 정보를 받으면 가능성을 검토하고 적절한 솔루션을 제공할 것입니다. 고객 만족이 저희의 최우선 과제입니다. 이 문제를 해결하기 위해 노력하는 동안 양해해 주셔서 감사합니다.
BL,구매 변경에 대한 도움말 [주문/송장번호],주문,주문 변경,"구매, 특히 주문 번호 #[주문/송장번호] 구매 변경에 대한 도움을 위해 보내주신 메시지에 감사드립니다. 때때로 변경이나 수정이 필요하다는 점을 이해하고 있으며 이에 대해 도움을 드리고 있습니다. 가장 정확하고 효율적인 지원을 제공하기 위해 구매 시 어떤 변경 사항을 적용하고 싶은지 정확히 알려주시겠습니까? 저희 팀은 절차 전반에 걸쳐 고객님을 지원하고 고객님의 구매가 고객님의 기대를 충족시킬 수 있도록 준비되어 있습니다."
BL,주문 [주문/송장번호]를 업데이트해야 합니다.,주문,주문 변경,연락해주셔서 감사합니다! 주문 번호 [주문/송장번호]를 업데이트하려고 하시는 것으로 확인됩니다. 필요한 변경 사항을 적용하는 데 도움을 드리고 있습니다. 원하는 특정 업데이트에 대한 자세한 내용을 제공해 주시겠습니까? 이렇게 하면 고객님의 주문이 고객님이 원하는 대로 정확하게 업데이트되도록 할 수 있습니다.
BMN,[주문/송장번호] 주문에 일부 항목을 추가할 수 없습니다.,주문,주문 변경,주문 번호 [주문/송장번호]에 항목을 추가하는 동안 불편을 끼쳐드려 죄송합니다. 저희는 고객님의 주문을 변경하는 것의 중요성을 이해하고 있으며 도움을 드릴 수 있습니다. 더 나은 지원을 위해 추가하려는 항목에 대한 자세한 내용을 제공해 주시겠습니까? 이를 통해 문제를 조사하고 고객님께 적합한 솔루션을 찾을 수 있습니다. 이 문제를 해결하기 위해 노력하는 동안 고객님의 인내심과 협조에 감사드립니다.
BILW,[주문/송장번호] 주문 항목을 바꾸는 것을 도와줄 수 있나요?,주문,주문 변경,주문 번호 [주문/송장번호]의 품목을 전환하는 데 도움이 필요하신 것으로 알고 있습니다. 저희 팀은 고객님의 요청을 돕기 위해 최선을 다하고 있습니다. 최상의 지원을 제공할 수 있도록 전환하려는 항목의 세부정보를 공유해 주시겠습니까? 신속하고 효율적으로 도움을 드릴 수 있도록 최선을 다하겠습니다.
BLMQ,여러 주문 항목을 전환하는 데 도움이 필요합니다 [주문/송장번호],주문,주문 변경,"문의해 주셔서 감사합니다! 주문 번호 [주문/송장번호]의 여러 품목을 전환해 달라는 고객님의 요청을 완전히 이해합니다. 저희는 고객님을 돕기 위해 여기 있습니다. 시작하려면 전환하고 싶은 특정 품목과 주문에 포함하고 싶은 교체 품목을 제공해 주시겠습니까? 이렇게 하면 변경 사항이 정확하게 이루어지고 고객님의 주문이 고객님의 선호도에 부합하는지 확인할 수 있습니다. 고객 만족이 저희의 최우선 과제이며, 저희는 고객님을 위해 이 과정을 최대한 원활하게 만들기 위해 최선을 다하고 있습니다."
BL,[주문/송장번호] 구매를 위한 항목을 추가하도록 도와주세요,주문,주문 변경,구매 번호 [주문/송장번호]에 항목을 추가해야 하는 고객님의 편입니다. 저희의 목표는 고객님의 구매가 고객님의 요구 사항과 선호도를 반영하도록 하는 것입니다. 도움을 드릴 수 있도록 추가하려는 항목의 세부정보를 제공해 주시겠습니까? 이를 통해 당사는 고객님의 구매를 즉시 업데이트하고 고객님이 주문에 완전히 만족하는지 확인할 수 있습니다. 저희는 탁월한 서비스를 제공하기 위해 최선을 다하고 있으며 고객님의 구매를 완료하는 데 도움이 되기를 기대합니다. 오늘은 또 어떤 도움을 드릴까요?
BLMQ,구매한 항목 중 일부 항목을 삭제하고 싶습니다 [주문/송장번호],주문,주문 변경,고객님의 요청을 알려주셔서 감사합니다. 구매 번호 #[주문/송장번호]에서 일부 항목을 삭제해야 한다는 점을 이해합니다. 추가 지원을 위해 제거하려는 특정 항목을 알려주시면 신속하고 정확하게 요청을 처리해 드리겠습니다. 이 문제에 대한 고객님의 인내와 협조에 감사드립니다.
BLQ,[주문/송장번호] 주문 제품을 전환하는 데 도움이 필요합니다.,주문,주문 변경,"주문 번호가 [주문/송장번호]인 제품을 전환하는 데 도움이 필요하다는 것을 깨달았습니다. 이 문제를 알려주셔서 감사합니다. 교환을 진행하시려면, 교환하고 싶은 상품과 받고 싶은 교환 상품의 세부정보를 알려주실 수 있나요? 이는 원활한 전환을 보장하고 고객님의 주문이 만족스러운지 확인하는 데 도움이 됩니다."
BLMW,[주문/송장번호] 구매를 위해 빌어먹을 제품을 추가하려고 합니다.,주문,주문 변경,고객님의 의견을 들으니 반갑습니다! [주문/송장번호] 번호로 구매 항목에 일부 제품을 추가하려고 시도하고 있는 것을 확인했습니다. 불편을 끼쳐드려 죄송합니다. 추가 지원을 위해 추가하려는 제품의 세부정보를 제공해 주시겠습니까? 이를 통해 당사는 필요한 수정을 진행하고 고객님의 구매에 대한 만족을 보장할 수 있습니다.
BILQ,[주문/송장번호] 주문에 기사를 추가하는 방법,주문,주문 변경,"번호 [주문/송장번호]로 주문에 품목을 추가하는 것에 대해 문의하신 내용을 확인합니다. 구매 수정에 도움을 드리고 있습니다. 주문에 품목을 추가하려면 다음 단계를 따라 주세요. 1. 당사 웹사이트에 접속하여 고객님의 계정에 로그인하십시오. 2. ""내 주문"" 섹션이나 웹사이트 레이아웃에 따라 유사한 옵션으로 이동합니다. 3. 번호 [주문/송장번호]로 주문을 찾아 클릭하여 주문 세부정보를 엽니다. 4. ""항목 추가"" 또는 ""주문 편집""과 같은 옵션을 찾아 클릭하세요. 5. 사용 가능한 제품을 찾아보고 주문에 추가하려는 품목을 선택하십시오. 6. 기사를 선택했으면 안내에 따라 추가 과정을 완료하세요. 크기, 색상, 수량 등 필요한 세부 정보를 제공해야 할 수도 있습니다. 7. 업데이트된 주문 요약을 검토하여 새 기사가 성공적으로 추가되었는지 확인하세요. 어려움이 있거나 추가 질문이 있는 경우 주저하지 말고 고객 지원팀에 문의하세요. [운영시간/기간]([고객센터전화번호]) 또는 당사 웹사이트([웹사이트/메뉴])의 라이브 채팅을 통해 연락하실 수 있습니다. 저희는 가능한 모든 방법으로 고객님을 도와드릴 수 있어서 기쁩니다."
BCIL,주문 [주문/송장번호]를 수정해야 하는데 어떻게 해야 하나요?,주문,주문 변경,"주문 번호 [주문/송장번호] 수정을 요청해 주셔서 감사합니다. 저는 고객님의 주문을 수정해야 하는 필요성을 완전히 이해합니다. 이에 대한 도움을 받으려면 다음 단계를 따라 주세요. 1. 당사 웹사이트나 앱에서 고객님의 계정에 로그인하세요. 2. ""내 주문"" 섹션으로 이동합니다. 3. 번호가 [주문/송장번호]인 주문을 찾아 선택합니다. 4. ""수정"" 또는 ""주문 수정"" 옵션을 찾아 클릭하세요. 5. 이제 수량 업데이트, 품목 대체 등 필요한 사항을 주문에 변경할 수 있습니다. 6. 변경 사항이 정확한지 다시 확인하세요. 7. 마지막으로 변경 사항을 확인하여 저장합니다. 이 과정에서 어려움이 있거나 추가 지원이 필요한 경우 주저하지 말고 고객 지원팀에 문의하세요. 저희는 고객님의 주문이 고객님의 기대에 부응하도록 돕고 보장하기 위해 왔습니다."
BIL,[주문/송장번호] 주문에서 항목을 삭제할 수 있나요?,주문,주문 변경,고객님의 문의 사항을 알려주셔서 감사합니다. 주문 번호 [주문/송장번호]에서 항목을 삭제하고 싶다는 점을 확인했습니다. 저희 팀이 고객님을 돕기 위해 여기 있습니다. 제거하고 싶은 특정 항목을 알려주시면 즉시 처리해 드리겠습니다. 고객 만족은 저희의 최우선 사항이며 고객님의 주문이 고객님이 필요로 하는 것을 정확히 반영하는지 확인하고 싶습니다.
BIL,[주문/송장번호] 주문 제품을 어떻게 교환하나요?,주문,주문 변경,"고객님이 주문한 제품의 번호 [주문/송장번호]를 교환하는 데 도움을 찾고 계신 것으로 파악되었습니다. 고객님의 관심에 감사드리며, 저희가 도와드리겠습니다. 제품 교환 절차를 시작하려면 다음 단계를 따라 주세요. 1. 당사 웹사이트나 앱에서 고객님의 계정에 로그인하세요. 2. 주문 내역 또는 계정 설정 섹션으로 이동합니다. 3. 번호가 [주문/송장번호]인 주문을 찾아 클릭하세요. 4. ""제품 교환"" 또는 ""교환"" 옵션을 찾아 선택하십시오. 5. 화면의 지시에 따라 교체하려는 새 제품을 선택하고 절차를 완료합니다. 어려움이 있거나 추가 질문이 있는 경우 주저하지 말고 고객 지원팀에 문의하세요. [운영시간/기간]([고객센터전화번호]) 또는 당사 웹사이트([웹사이트/메뉴])의 라이브 채팅을 통해 연락하실 수 있습니다. 저희는 고객 만족을 보장하기 위해 최선을 다하고 있으며 전체 교환 과정에서 기꺼이 도움을 드릴 것입니다."
BL,주문 [주문/송장번호] 편집 도움말,주문,주문 변경,"주문 편집에 대한 도움을 위해 저희에게 연락해주셔서 다행입니다. 주문 번호 [주문/송장번호]를 일부 변경하고 싶다는 점을 확인했습니다. 저는 도와주러 왔습니다! 수량 업데이트, 배송 주소 변경, 결제 방법 수정 등 수정하고 싶은 구체적인 내용을 알려주세요. 이 정보를 통해 저희는 고객님의 주문이 정확히 고객님이 원하는 대로 이루어졌는지 확인할 수 있습니다."
BL,주문 [주문/송장번호]에서 제품을 제거하려고 합니다.,주문,주문 변경,"주문 번호 [주문/송장번호]에서 제품을 제거하고 싶다는 사실을 확인합니다. 이로 인해 불편을 끼쳐드려 죄송합니다. 추가 지원을 위해 제거하려는 제품의 세부정보를 제공해 주시겠습니까? 이를 통해 고객님의 요청을 신속하게 처리하고 고객 만족을 보장할 수 있습니다. 이 문제를 알려주셔서 감사드리며, 양해해 주셔서 감사합니다."
BKLZ,즉시 구매 [주문/송장번호],주문,주문 변경,구매번호 [주문/송장번호]를 수정하고 싶으신 것으로 확인되었습니다. 불편을 끼쳐드려 죄송합니다. 구매에 대해 적용하고 싶은 구체적인 변경 사항에 대한 자세한 내용을 제공해 주시겠습니까? 이렇게 하면 고객님의 선호 사항에 따라 구매를 수정하는 데 더 나은 도움을 드릴 수 있습니다. 양해해 주셔서 감사합니다.
BILZ,구매 [주문/송장번호]를 업데이트하도록 도와주실 수 있나요?,주문,주문 변경,물론입니다! 구매 번호 [주문/송장번호]를 업데이트하는 데 도움이 필요하다는 점을 이해합니다. 주문에 필요한 조정을 할 수 있도록 도와드리겠습니다. 업데이트하고 싶은 구체적인 내용을 알려주시겠습니까? 이는 고객님의 기대를 정확하고 효율적으로 충족시키는 데 도움이 될 것입니다.
BILMQ,[주문/송장번호] 구매를 위해 일부 제품을 추가할 수 있나요?,주문,주문 변경,구매 번호 #[주문/송장번호]에 일부 제품을 추가하는 데 관심이 있으신 것으로 알고 있습니다. 저희는 고객님을 돕기 위해 왔습니다. 품목 이름이나 SKU 등 추가하려는 제품의 세부 정보를 제공해 주세요. 이 정보를 수집함으로써 당사는 원활한 절차를 보장하고 고객님의 구매에 필요한 업데이트를 수행할 수 있습니다. 고객 만족이 저희의 최우선 사항입니다. 이 과정이 진행되는 동안 양해해 주셔서 감사합니다. 우리가 도와드릴 수 있는 다른 것이 있나요?
BELMN,구매 시 일부 제품을 삭제할 수 없습니다. [주문/송장번호],주문,주문 변경,이 문제를 알려주셔서 감사합니다. 구매 번호 [주문/송장번호]에서 일부 제품을 제거하는 데 어려움을 겪고 계신 것으로 알고 있습니다. 불편을 끼쳐드려 죄송합니다. 이 문제를 해결하려면 제거할 수 없는 특정 제품에 대한 자세한 내용을 제공해 주시겠습니까? 저희 팀은 고객님을 지원하고 고객님의 요구 사항을 충족하는 솔루션을 찾을 수 있도록 도와드립니다.
BCLQZ,실수를 했습니다. 구매 수정 도와주세요 [주문/송장번호],주문,주문 변경,실수가 발생할 수 있다는 점을 이해하고 있으며 구매 주문 번호 [주문/송장번호]를 수정하는 데 도움을 드리고 있습니다. 변경하고 싶은 구체적인 사항을 알려주시면 실수를 바로잡을 수 있도록 최선을 다해 도와드리겠습니다. 고객 만족은 저희의 최우선 과제입니다. 이 문제를 해결하는 동안 고객님의 인내와 이해에 감사드립니다.
BL,[주문/송장번호] 주문 품목 교환을 도와주세요.,주문,주문 변경,"주문 번호 #[주문/송장번호]의 품목을 교환하고 싶다는 점을 이해합니다. 걱정하지 마세요. 저희가 도와드리겠습니다. 올바른 상품 교환을 진행하려면 정확한 제품 이름, 사이즈, 색상 또는 기타 관련 정보를 포함하여 교환하려는 상품의 세부 정보를 제공해 주시기 바랍니다. 필요한 정보가 확보되면 주문하신 상품을 교환하는 과정을 신속하게 안내해 드리겠습니다. 고객 만족이 저희의 최우선 과제이며 고객님이 원하는 품목을 받을 수 있도록 보장해 드리겠습니다."
BL,[주문/송장번호]를 주문하려면 기사를 추가해야 합니다.,주문,주문 변경,"주문 번호 [주문/송장번호]에 품목을 추가하고 싶다는 점을 이해합니다. 이러한 변경을 수행하는 데 도움을 드리고자 합니다. 추가하고 싶은 기사의 세부정보를 제공해 주시겠습니까? 이는 고객님의 주문을 정확하고 신속하게 업데이트하는 데 도움이 됩니다. 문의해 주셔서 감사드리며, 이 요청에 대해 도움을 드릴 수 있기를 바랍니다."
BCIL,주문 [주문/송장번호]를 업데이트하고 싶습니다. 어떻게 해야 합니까?,주문,주문 변경,"먼저, 주문 번호 [주문/송장번호] 업데이트 요청과 관련하여 문의해 주셔서 감사합니다. 저희는 고객님의 완전한 만족을 보장하기 위해 고객님의 주문을 변경하는 것이 중요하다는 것을 이해합니다. 이에 도움을 드리기 위해 다음 단계에 따라 주문을 업데이트하실 수 있습니다. 1) 당사 웹사이트에서 고객님의 계정에 로그인하십시오. 2) '주문' 섹션으로 이동합니다. 3) [주문/송장번호] 번호로 주문을 찾으세요. 4) '주문수정' 버튼을 클릭하세요. 5) 제공된 지침에 따라 주문 세부정보를 업데이트하세요. 저희의 목표는 고객님이 원하는 방식으로 주문하는 것입니다. 어려움이 있거나 추가 질문이 있는 경우 당사의 전담 고객 지원팀이 도움을 드릴 수 있습니다. 당사 웹사이트 라이브 채팅을 통해 또는 [운영시간/기간] 중에 [고객센터전화번호]로 전화하여 연락하실 수 있습니다. 저희 서비스에 대한 고객님의 신뢰에 감사드리며 고객님의 주문이 고객님의 기대에 부응할 수 있기를 기대합니다."
BLMNQ,주문 [주문/송장번호]에서 일부 항목을 삭제할 수 없습니다.,주문,주문 변경,주문번호 [주문/송장번호]에서 특정 항목을 삭제하는데 어려움을 겪고 계시는 현실을 알고 있습니다. 불편을 끼쳐드려 죄송합니다. 추가 지원을 위해 제거하려는 항목의 세부정보를 제공해 주시겠습니까? 필요한 정보가 확보되면 문제 해결을 위해 필요한 조치를 즉시 취하겠습니다. 이해와 인내심에 감사드립니다.
BL,[주문/송장번호] 구매를 위한 항목 추가 지원,주문,주문 변경,구매 번호 #[주문/송장번호]에 항목을 추가하는 데 도움이 필요하신 것으로 알고 있습니다. 우리가 도와드리겠습니다! 추가하려는 항목에 대한 자세한 내용을 제공해 주시겠습니까? 필요한 정보가 확보되면 절차를 안내하고 원활한 구매 경험을 보장할 수 있습니다. 고객 만족이 저희의 최우선 사항이며 우리 서비스에 대한 고객님의 신뢰에 감사드립니다.
BLQ,구매한 제품 [주문/송장번호]를 교환하는 데 도움이 필요합니다,주문,주문 변경,"저는 고객님을 듣고! 주문 번호 [주문/송장번호]로 구매한 제품을 교환하는 데 도움이 필요하다는 소식을 전해 드립니다. 저희 팀이 이 과정을 도와드리겠습니다. 이름, 사이즈, 특정 변형이나 옵션을 포함하여 교환하려는 제품의 세부 정보를 알려주십시오. 이 정보가 확보되면 고객님의 주문에 필요한 수정 작업을 수행할 것입니다. 고객 만족이 저희의 최우선 사항입니다. 이 문제를 해결하는 동안 양해해 주셔서 감사합니다."
BILQ,[주문/송장번호] 주문 제품을 바꿀 수 있나요?,주문,주문 변경,"번호 #[주문/송장번호]로 주문한 제품을 변경하려고 하신다는 것을 알고 있습니다. 저희는 고객님의 요청을 소중히 여기며 가능한 최선의 방법으로 고객님을 지원하고 싶습니다. 제품 전환을 진행하시려면, 교환하려는 품목과 교체하려는 품목의 구체적인 세부정보를 제공해 주시기 바랍니다. 이를 통해 당사는 고객님께 원활하고 만족스러운 해결 방법을 제공할 수 있습니다. 고객님의 협조에 감사드리며 최선을 다해 도와드리겠습니다."
BILQ,주문 편집 [주문/송장번호]에 대한 정보는 어떻게 찾을 수 있나요?,주문,주문 변경,"주문 번호 [주문/송장번호] 편집에 대한 정보를 찾고 싶다는 생각에 공감합니다. 주문 편집에 대한 올바른 정보를 찾는 것이 중요하므로 안내해 드리겠습니다. 시작하려면 당사 웹사이트를 방문하여 ""주문 관리"" 섹션으로 이동하세요. 여기에서 수정할 수 있는 특정 제품에 대한 정보, 관련 수수료, 변경 기한 등 주문 수정 방법에 대한 자세한 지침을 확인할 수 있습니다. 원하는 경우 당사 고객 지원팀([운영시간/기간])에 문의할 수도 있습니다. 문의 사항이나 우려 사항이 있으면 기꺼이 도와드릴 것입니다. 저희는 고객님의 주문이 고객님의 기대에 부응하고 원활한 경험을 할 수 있도록 하기 위해 여기에 있다는 것을 기억하십시오."
BL,구매한 항목을 삭제하는 데 도움이 필요합니다 [주문/송장번호],주문,주문 변경,구매 번호 [주문/송장번호]의 항목 삭제 요청과 관련하여 문의해 주셔서 감사합니다. 저희는 주문의 정확성을 보장하는 것이 얼마나 중요한지 잘 알고 있습니다. 추가 지원을 위해 삭제하려는 항목에 대한 자세한 내용을 제공해 주시겠습니까? 특정 정보를 제공하면 필요한 수정을 효율적으로 진행하는 데 도움이 됩니다.
BL,[주문/송장번호] 주문에 제품을 추가하는 데 도움이 필요합니다,주문,주문 변경,번호 [주문/송장번호]로 주문에 제품을 추가하는 데 도움이 필요하다는 점을 이해합니다. 우리가 도와드리겠습니다! 제품 추가를 진행하려면 추가하려는 제품의 세부정보를 제공해 주시겠습니까? 이 정보를 통해 당사는 고객님의 주문에 원활하고 정확한 추가를 보장할 수 있습니다. 이 문제를 해결하는 데 협조해 주셔서 감사합니다.
BILQZ,주문 [주문/송장번호]를 어떻게 수정하나요?,주문,주문 변경,"주문 번호 [주문/송장번호] 수정 요청에 대해 문의해 주셔서 감사합니다. 필요한 변경을 수행할 수 있도록 도와드리겠습니다. 주문을 수정하려면 다음 단계를 따르세요. 1. 당사 웹사이트에서 고객님의 계정에 로그인하십시오. 2. '주문' 섹션 또는 '주문 내역'으로 이동합니다. 3. 수정하려는 특정 주문을 찾으세요. 4. 특정 항목에 액세스하려면 주문 세부정보를 클릭하세요. 5. 변경하려는 각 제품 옆에 있는 ""수정"" 또는 ""편집"" 옵션을 찾으십시오. 6. ""수정"" 또는 ""편집"" 옵션을 선택하고 프롬프트에 따라 수량, 크기, 색상 변경 등 원하는 수정 작업을 수행합니다. 7. 필요한 사항을 변경한 후 주문을 검토하여 모든 내용이 정확한지 확인하십시오. 8. 결제 페이지로 이동하여 수정된 주문을 완료하세요. 수정 과정에서 어려움이 있거나 추가 지원이 필요한 경우, 주저하지 말고 고객 지원팀에 문의하세요. [운영시간/기간]([고객센터전화번호]) 또는 당사 웹사이트([웹사이트/메뉴])의 라이브 채팅을 통해 이용 가능합니다. 저희는 고객님의 거래에 감사드리며 고객 만족을 보장하기 위해 최선을 다하고 있습니다."
BQ,[주문/송장번호] 주문을 변경해야 합니다.,주문,주문 변경,최선을 다하겠습니다! 주문 번호 [주문/송장번호]를 일부 변경해야 한다는 점을 확인했습니다. 저희는 고객님을 돕기 위해 왔습니다. 고객님이 원하는 특정 변경 사항에 대해 더 자세한 내용을 제공해 주시겠습니까? 이는 고객님의 요청을 정확하고 효율적으로 처리하는 데 도움이 됩니다.
BLZ,[주문/송장번호] 주문에서 항목 삭제 중,주문,주문 변경,주문 번호 [주문/송장번호]에서 항목을 제거하고 싶다는 점을 이해합니다. 이로 인해 불편을 끼쳐드려 죄송합니다. 더 나은 지원을 위해 제거하려는 항목에 대한 자세한 정보를 제공해 주시겠습니까? 이는 고객님의 주문을 정확하게 수정하는 데 도움이 됩니다. 협조해 주셔서 감사합니다!
BILMQ,[주문/송장번호] 구매한 일부 아이템을 교환할 수 있나요?,주문,주문 변경,구매 번호 [주문/송장번호]의 일부 품목 교환 가능성에 대해 문의해 주셔서 감사합니다. 저희는 고객님의 필요에 맞게 주문하는 것이 중요하다는 것을 알고 있습니다. 저희 팀이 고객님의 요청을 도와드릴 것입니다. 교환하고 싶은 특정 품목에 대한 자세한 내용을 제공해 주시겠습니까? 고객님의 요청을 수용하고 만족을 드릴 수 있도록 최선을 다하겠습니다.
BILQ,구매한 상품을 어떻게 전환하나요 [주문/송장번호],주문,주문 변경,번호 #[주문/송장번호]로 구매한 항목을 전환하는 것에 대해 문의해 주셔서 감사합니다. 정확한 도움을 드릴 수 있도록 전환하려는 항목과 전환하려는 정확한 항목에 대한 자세한 내용을 제공해 주시기 바랍니다. 저희의 목표는 고객님이 상상한 대로 정확하게 구매하는 것입니다. 따라서 고객님의 의견은 고객님이 만족할 수 있도록 서비스를 맞춤화하는 데 매우 중요합니다. 이 과정에서 어떻게 추가 지원을 받을 수 있나요?
BL,[주문/송장번호] 주문을 수정하는 데 도움이 됩니다.,주문,주문 변경,주문 번호 [주문/송장번호]를 수정해야 한다고 문의해 주셔서 감사합니다. 저희는 고객님의 주문이 정확하고 고객님의 기대에 부응하는지 확인하는 것의 중요성을 이해합니다. 이 문제를 해결하는 데 도움이 되도록 고객님이 원하는 특정 수정 사항에 대한 자세한 내용을 제공해 주시겠습니까? 이 정보를 통해 당사는 오류를 수정하고 고객 만족을 보장하는 데 필요한 조치를 취할 수 있습니다.
BLW,[주문/송장번호] 주문의 피 묻은 제품을 전환하는 데 문제가 있습니다.,주문,주문 변경,주문 번호 [주문/송장번호]로 제품을 전환하는 데 문제가 발생한 것으로 알고 있습니다. 불편을 끼쳐드려 죄송합니다. 더 나은 지원을 위해 전환하려는 특정 제품과 전환 이유에 대한 자세한 내용을 제공해 주시겠습니까? 저희 팀은 이 문제를 신속하게 해결하고 고객 만족을 보장하기 위해 최선을 다하고 있습니다.
BL,[주문/송장번호] 주문 항목을 전환하는 데 도움을 주세요.,주문,주문 변경,주문번호 [주문/송장번호]의 품목을 변경하고 싶으신 것 같습니다. 저는 고객님의 주문이 올바른지 확인하는 것이 중요하다는 것을 이해합니다. 교환하고 싶은 품목과 교환하고 싶은 품목의 세부정보를 알려주시겠어요? 그러면 제가 최선의 방법으로 고객님을 도와드릴 수 있을 것입니다. 고객 만족이 저희의 최우선 과제이며 고객님의 주문이 고객님의 기대에 부응하는지 확인하기 위해 왔습니다.
BILQ,주문 [주문/송장번호] 업데이트에 대한 정보를 어떻게 얻을 수 있나요?,주문,주문 변경,"주문 번호 [주문/송장번호] 업데이트에 대한 정보를 얻고자 하시는 고객님의 요청을 이해합니다. 이를 지원하려면 다음 단계를 따르세요. 1. 당사 웹사이트에서 고객님의 계정에 로그인하십시오. 2. 주문 내역을 볼 수 있는 ""주문"" 섹션이나 이와 유사한 옵션으로 이동합니다. 3. 특정 주문 번호(이 경우 [주문/송장번호])를 찾으십시오. 4. 주문번호를 클릭하시면 주문내역을 확인하실 수 있습니다. 5. 주문을 업데이트하거나 수정하는 옵션을 찾습니다. 이는 '주문 편집' 또는 '주문 수정'으로 표시될 수 있습니다. 6. 해당 버튼이나 링크를 클릭하여 업데이트 절차를 시작합니다. 7. 화면의 지시에 따라 주문을 원하는 대로 변경합니다. 이 과정에서 어려움이 발생하거나 추가 지원이 필요한 경우 고객 지원팀이 도움을 드릴 수 있습니다. 저희 웹사이트의 라이브 채팅을 통해 연락하시거나 [고객센터전화번호]로 연락하실 수 있습니다. 그들은 고객님의 주문을 성공적으로 업데이트하는 데 필요한 정보와 지침을 기꺼이 제공할 것입니다. 추가로 도움이 필요하시면 알려주시기 바랍니다. 저희는 고객 만족을 보장하기 위해 왔습니다."
BL,[주문/송장번호] 주문 항목 전환 지원,주문,주문 변경,[주문/송장번호] 번호로 주문한 항목을 전환하는 데 도움이 필요하다는 점을 이해합니다. 이로 인해 불편을 끼쳐드려 죄송합니다. 더 나은 지원을 위해 전환하려는 항목에 대한 자세한 내용을 제공해 주시겠습니까? 이는 고객님의 요청을 정확하게 처리하고 가능한 최상의 솔루션을 제공하는 데 도움이 됩니다. 고객님의 인내와 협조에 감사드립니다.
BLMQZ,[주문/송장번호]를 주문하려면 여러 제품을 추가하는 데 도움이 필요합니다.,주문,주문 변경,"주문에 여러 제품을 추가하는 데 도움이 필요하다는 점을 이해합니다. 저희는 고객님을 돕기 위해 여기 있습니다. 추가하려는 제품의 구체적인 세부정보를 제공해 주시겠습니까? 이 정보를 통해 저희는 고객님의 주문에 필요한 변경을 하고 고객님이 필요한 모든 품목을 받을 수 있도록 할 수 있습니다. 문의해 주셔서 감사드리며, 이 문제가 해결되기를 기대하겠습니다."
B,주문을 변경해야 합니다 [주문/송장번호],주문,주문 변경,번호 #[주문/송장번호]로 주문을 변경해야 한다는 것을 알고 있습니다. 저희는 고객님을 돕기 위해 왔습니다. 구체적으로 변경하고 싶은 사항을 알려주시겠습니까? 이를 통해 고객님의 주문이 고객님의 기대에 부응하는지 확인할 수 있습니다. 고객 만족이 저희의 최우선 과제이며 우수한 서비스를 제공하기 위해 최선을 다하고 있습니다.
BILM,여러 구매 품목 [주문/송장번호]를 어떻게 전환하나요?,주문,주문 변경,고객님의 의견은 소중합니다! 구매하신 품목 중 여러 품목을 [주문/송장번호] 번호로 전환하고 싶다는 연락을 받았습니다. 불편을 끼쳐드려 죄송합니다. 이에 대한 도움을 받으려면 고객 지원팀에 직접 문의하는 것이 좋습니다. 절차를 안내하고 항목을 성공적으로 전환하는 데 필요한 단계를 제공합니다. [고객센터전화번호]로 전화하거나 당사 웹사이트 [웹사이트/메뉴]의 라이브 채팅을 통해 고객 지원팀에 연락할 수 있습니다. 이 요청에 대해 도움을 드릴 수 있는 [운영시간/기간]가 있습니다.
BCILQ,구매를 수정해야 합니다 [주문/송장번호] 어떻게 해야 하나요?,주문,주문 변경,구매 번호 [주문/송장번호] 수정 요청과 관련하여 메시지를 보내주셔서 감사합니다. 이로 인해 불편을 끼쳐드려 죄송합니다. 필요한 수정 작업에 도움을 받으려면 고객 지원팀에 직접 문의하시기 바랍니다. 그들은 고객님께 절차를 안내하고 고객님의 구매가 정확하게 수정되었는지 확인할 수 있습니다. [고객센터전화번호]로 전화하거나 당사 웹사이트 [웹사이트/메뉴]의 라이브 채팅을 통해 연락할 수 있습니다. 안심해 주세요. 저희 팀은 고객님의 요구 사항을 충족할 수 있는 최선의 해결책을 제공하기 위해 최선을 다하고 있습니다.
BCIL,[주문/송장번호] 구매를 수정하고 싶은데 어떻게 해야 하나요?,주문,주문 변경,주문 번호 #[주문/송장번호]로 구매를 수정하고 싶다는 점을 이해합니다. 이를 지원하려면 아래에 언급된 단계를 따르세요. 1. 당사 웹사이트에서 고객님의 계정에 로그인하십시오. 2. 주문 내역 또는 구매 내역 섹션으로 이동합니다. 3. 주문 번호 #[주문/송장번호]로 구매한 항목을 찾습니다. 4. 구매를 편집하거나 수정하는 옵션을 선택합니다. 5. 제공된 프롬프트나 지침에 따라 필요한 수정을 가합니다. 6. 변경 사항을 검토하고 모든 세부 사항이 정확한지 확인하십시오. 7. 수정 사항을 저장하거나 제출합니다. 어려움이 있거나 추가 지원이 필요한 경우 주저하지 말고 고객 지원팀에 문의하세요. [운영시간/기간]([고객센터전화번호]) 또는 당사 웹사이트([웹사이트/메뉴])의 라이브 채팅을 통해 이용 가능합니다. 저희는 고객님의 구매가 고객님이 의도한 대로 정확하게 이루어지도록 보장하기 위해 왔습니다.
BILM,[주문/송장번호] 구매에서 여러 항목을 어떻게 제거합니까?,주문,주문 변경,"구매 번호 [주문/송장번호]에서 여러 항목을 제거하는 데 도움이 필요하다는 메시지를 보내주셔서 기쁘게 생각합니다. 구매에 더 이상 포함하고 싶지 않은 일부 품목이 있다는 것을 알고 있으며 이에 대해 도움을 드리고자 합니다. 항목을 제거하려면 다음 단계를 따르세요. 1. 당사 웹사이트에서 고객님의 계정에 로그인하십시오. 2. 구매 내역 또는 주문 상세 페이지로 이동합니다. 3. 번호가 [주문/송장번호]인 특정 구매 항목을 찾습니다. 4. 구매에 포함된 품목 목록을 찾습니다. 5. 제거하려는 항목 옆의 확인란을 선택합니다. 6. ""제거"" 또는 ""삭제"" 옵션을 찾아 클릭하세요. 7. 선택한 항목을 삭제하려면 선택을 확인하세요. 다음 단계를 따르면 더 이상 구매에 포함하고 싶지 않은 항목을 성공적으로 제거할 수 있습니다. 어려움이 있거나 추가 질문이 있는 경우 주저하지 말고 고객 지원팀에 문의하여 추가 지원을 받으세요."
BIL,구매 제품 [주문/송장번호]를 어떻게 전환할 수 있나요?,주문,주문 변경,구매 번호 [주문/송장번호]에 대한 품목을 전환하려고 하시는 것 같습니다. 이에 대한 도움을 받으려면 고객 지원팀에 직접 문의하는 것이 좋습니다. 그들은 고객님이 구매를 원하는 대로 변경하는 데 도움이 되는 필수 도구와 전문 지식을 갖추고 있습니다. [고객센터전화번호]로 연락하거나 당사 웹사이트 [웹사이트/메뉴]의 라이브 채팅을 통해 연락할 수 있습니다. 절차를 안내하고 기사를 원활하게 전환할 수 있는지 확인합니다.
BLM,여러 구매 품목을 교환하는 데 도움이 필요합니다 [주문/송장번호],주문,주문 변경,주문 번호 [주문/송장번호]로 구매한 여러 품목을 교환하는 데 도움이 필요하다는 점을 잘 알고 있습니다. 이 문제를 알려주셔서 감사합니다. 고객님의 요청을 정확하게 처리할 수 있도록 교환하려는 품목의 세부정보를 제공해 주시겠습니까? 이를 통해 저희는 고객님께 즉시 도움을 주고 필요한 조치를 취할 수 있습니다. 이 문제를 만족스럽게 해결하기 위해 고객님의 인내심과 협조에 감사드립니다.
BLMQ,여러 구매 항목을 전환하는 데 도움이 필요합니다 [주문/송장번호],주문,주문 변경,구매 번호 [주문/송장번호]의 여러 품목을 전환하는 데 도움을 요청하신 것으로 알고 있습니다. 고객님의 주문 수정 요청에 감사드리며 고객님의 선호 사항과 완벽하게 일치하는지 확인하십시오. 추가 지원을 위해 전환하려는 항목의 구체적인 세부정보를 제공해 주시기 바랍니다. 이를 통해 저희는 필요한 업데이트를 신속하게 수행하고 고객님께 최고의 만족을 보장할 수 있습니다. 저희는 도움을 드리기 위해 여기 있으며 곧 고객님의 연락을 기다리겠습니다.
BLM,구매 시 여러 제품을 제거하는 데 도움이 됩니다. [주문/송장번호],주문,주문 변경,당사는 고객님이 구매 번호 [주문/송장번호]에서 여러 제품을 제거해야 한다는 점을 이해하고 있으며 이에 대해 도움을 드리고 있습니다. 정확성을 보장하기 위해 제거하려는 특정 제품을 제공해 주시겠습니까? 세부 사항이 확보되면 신속하게 필요한 조정을 수행해 드리겠습니다. 이 문제에 대한 고객님의 인내와 협조에 감사드립니다. 우리가 도와드릴 수 있는 다른 것이 있나요?
BI,[주문/송장번호] 주문을 변경하는 방법은 무엇입니까?,주문,주문 변경,과연! [주문/송장번호] 번호로 주문을 변경하는 방법에 대한 안내를 찾고 계신 것으로 알고 있습니다. 이에 대한 도움을 받으려면 다음 단계를 따라 주세요. 1. 당사 웹사이트에서 고객님의 계정에 로그인하십시오. 2. '주문' 섹션으로 이동합니다. 3. 변경하려는 특정 주문을 찾아 선택합니다. 4. 주문을 변경하거나 수정하는 옵션을 찾으세요. 5. 제공된 프롬프트나 지침에 따라 필요한 변경을 수행합니다. 6. 변경 사항을 검토하여 정확한지 확인하십시오. 7. 수정 사항이 만족스러우면 체크아웃을 진행하거나 변경 사항을 저장합니다. 어려움이 있거나 추가 질문이 있는 경우 주저하지 말고 고객 지원팀에 문의하세요. 저희는 절차 전반에 걸쳐 고객님을 지원하기 위해 여기 있습니다.
BIPQ,[주문/송장번호] 주문 항목을 변경하는 데 도움을 주실 수 있나요?,주문,주문 변경,"물론이죠! 주문 번호가 [주문/송장번호]인 항목을 변경하는 데 도움을 드리고자 왔습니다. 제품명, SKU 등 수정하려는 품목의 세부정보를 알려주시기 바랍니다. 필요한 정보가 확보되면 절차를 안내하고 만족스러운 변경이 이루어지도록 하겠습니다. 고객님의 주문이 고객님이 원하는 대로 정확히 이루어졌는지 확인하기 위해 함께 노력합시다!"
BILM,[주문/송장번호] 주문의 일부 품목을 어떻게 변경할 수 있나요?,주문,주문 변경,주문 번호 [주문/송장번호]의 일부 품목을 변경해 달라는 요청과 함께 보내주신 메시지에 감사드립니다. 저희는 고객님의 주문이 고객님이 원하는 것과 정확히 일치하는지 확인하는 것의 중요성을 이해합니다. 필요한 변경을 수행하는 데 도움을 받으려면 수정하려는 특정 문서를 제공해 주시기 바랍니다. 이 정보가 확보되면 저희 팀은 고객님의 요청을 이행하기 위해 열심히 노력할 것입니다. 최고의 서비스를 제공하기 위해 노력하는 동안 고객님의 인내와 이해에 진심으로 감사드립니다.
BLMQZ,구매한 항목 중 일부 항목을 삭제해야 합니다 [주문/송장번호],주문,주문 변경,"구매 번호 [주문/송장번호]에서 일부 항목을 삭제해야 한다는 사실을 확인했습니다. 불편을 끼쳐드려 죄송합니다. 이 문제를 해결하는 데 도움이 되도록 삭제하려는 특정 항목을 알려주시겠습니까? 이는 당사가 고객님의 구매를 정확하게 조정하는 데 도움이 됩니다. 이 문제를 알려주셔서 감사드리며, 문제를 해결하는 동안 양해해 주셔서 감사합니다."
BL,구매 업데이트 중 [주문/송장번호],주문,주문 변경,"구매 번호를 #[주문/송장번호]로 업데이트하려고 하신 것으로 알고 있습니다. 고객 만족을 보장하기 위해 조정에 대한 적극적인 접근 방식에 감사드립니다. 이에 도움이 되도록 구매 시 어떤 업데이트를 하고 싶은지 알려주시겠어요? 저희의 목표는 고객님의 구매가 고객님의 기대에 부응하도록 하는 것이며, 고객님이 필요할 수 있는 모든 수정을 도와드리겠습니다."
BL,구매 [주문/송장번호] 업데이트를 도와주세요,주문,주문 변경,구매 번호 [주문/송장번호]를 업데이트하는 데 도움이 필요하다는 사실을 확인했습니다. 저희는 고객님이 필요한 조정을 할 수 있도록 도와드리기 위해 왔습니다. 구매에 적용하고 싶은 변경 사항에 대한 자세한 내용을 제공해 주시겠습니까?
BL,주문 편집 [주문/송장번호]에 대한 도움말,주문,주문 변경,주문 번호 [주문/송장번호] 수정 요청과 관련해 연락드렸습니다. 저희는 주문을 변경하는 것이 얼마나 중요한지 잘 알고 있으며 모든 단계에서 도움을 드릴 것입니다. 고객님이 원하는 특정 변경 사항에 대해 더 자세한 내용을 제공해 주실 수 있습니까? 이를 통해 당사는 고객님의 요구 사항을 더 잘 이해하고 적절한 지침을 제공할 수 있습니다. 고객님이 상상한 대로 주문이 이루어지도록 함께 노력하는 동안 고객님의 인내심과 협조에 감사드립니다.
BLQZ,주문 [주문/송장번호]에서 제품을 삭제해야 합니다,주문,주문 변경,번호 #[주문/송장번호]로 주문한 내용에 대해 메시지를 보내주셔서 감사합니다. 이 주문에서 제품을 삭제해야 한다는 점을 이해합니다. 이 문제를 해결하는 데 도움이 되도록 제거하려는 제품의 구체적인 세부정보를 제공해 주시겠습니까? 필요한 정보가 확보되면 그에 따라 고객님의 주문을 업데이트하기 위한 즉각적인 조치를 취할 것입니다.
BQWZ,[주문/송장번호] 주문하려면 빌어먹을 아이템을 추가하고 싶어,주문,주문 변경,주문 번호 [주문/송장번호]에 품목을 추가하고 싶다는 점을 이해합니다. 불편을 끼쳐드려 죄송합니다. 도움을 드릴 수 있도록 추가하려는 항목의 세부정보를 제공해 주시겠습니까? 이를 통해 당사는 고객님의 요청을 신속하고 정확하게 처리할 수 있습니다. 양해해 주셔서 감사드리며 이 문제가 해결될 수 있도록 최선을 다하겠습니다. 우리가 어떻게 도울 수 있는지 알려주세요!
BLQZ,[주문/송장번호] 주문을 수정하는 데 도움이 필요합니다.,주문,주문 변경,주문 번호 [주문/송장번호]를 수정하는 데 도움이 필요하신 것으로 확인되었습니다. 저는 고객님을 돕기 위해 여기 있습니다. 수정하고 싶은 사항에 대해 더 자세한 내용을 제공해 주시겠습니까? 이렇게 하면 가장 정확한 솔루션을 제공하는 데 도움이 됩니다.
BLM,여러 주문 항목을 전환해야 합니다. [주문/송장번호],주문,주문 변경,주문 번호 [주문/송장번호]의 여러 품목을 전환하고 싶다는 점을 이해합니다. 이로 인해 불편을 끼쳐드려 죄송합니다. 이 요청에 도움을 드릴 수 있도록 전환하고 싶은 특정 항목을 알려주시겠습니까? 이 정보가 확보되면 고객님의 요청을 수용하고 만족을 보장하기 위해 최선을 다할 것입니다.
BL,주문 항목 교환 [주문/송장번호],주문,주문 변경,"문의해 주셔서 감사합니다! 고객님이 주문한 품목 중 번호 #[주문/송장번호]로 교환하고 싶다는 점을 이해합니다. 저희는 이 요청에 대해 도와드리겠습니다. 상품명, 사이즈, 수량 등 교환을 원하는 상품의 세부정보를 알려주세요. 필요한 정보가 확보되면 신속하게 상품을 교환해 드리겠습니다. 고객 만족이 저희의 최우선 과제입니다. 이 문제를 해결하기 위해 노력하는 동안 양해해 주셔서 감사합니다."
BL,주문 편집 [주문/송장번호],주문,주문 변경,"주문 번호 [주문/송장번호]를 수정해야 한다는 고객님의 메시지를 받았습니다. 세부 사항에 관심을 갖고 고객님의 주문이 고객님이 상상한 대로 이루어지도록 하려는 고객님의 열망에 감사드립니다. 추가 지원을 위해 주문에 적용하고 싶은 구체적인 변경 사항을 알려주시겠습니까? 수량 업데이트, 색상 변경, 기타 수정 등 무엇이든 저희는 최선을 다해 고객님의 요구 사항을 충족시키고 싶습니다. 고객님의 피드백과 의견은 우리에게 소중하며 고객님의 쇼핑 경험을 최대한 원활하게 만들기 위해 노력하고 있습니다."
BL,구매 시 항목을 포함하는 것을 잊어버렸습니다 [주문/송장번호],주문,주문 변경,"주문 번호 [주문/송장번호] 구매와 관련하여 문의해 주셔서 감사합니다. 구매 시 상품을 포함하는 것을 잊으셨다는 점을 이해하며, 불편을 끼쳐드려 진심으로 사과드립니다. 추가 지원을 위해 구매에 포함하고 싶은 품목의 세부정보를 제공해 주시겠습니까? 저희 팀은 고객님의 요청을 수용하고 필요한 조정을 하기 위해 최선을 다할 것입니다. 저희는 고객 만족을 진심으로 소중히 여기며 고객님의 구매가 고객님의 모든 요구 사항을 충족하는지 확인하고 싶습니다."
BL,구매 [주문/송장번호] 업데이트 도움말,주문,주문 변경,주문 번호 [주문/송장번호]로 구매를 업데이트하는 데 도움을 요청해 주셔서 감사합니다. 안심하세요. 저희는 고객님이 이 과정을 원활하게 진행할 수 있도록 도와드리겠습니다. 고객님이 원하는 특정 변경 사항에 대해 더 자세한 내용을 제공해 주시겠습니까? 이를 통해 고객님의 요구 사항을 더 잘 이해하고 정확한 지침을 제공할 수 있습니다. 저희는 고객 만족을 소중히 여기며 고객님의 구매가 고객님의 기대에 부응하도록 최선을 다하고 있습니다.
BLZ,구매 품목 교환 도움말113542617735902,주문,주문 변경,구매 번호 [주문/송장번호]의 품목 교환 요청과 관련하여 당사에 보내주신 메시지에 감사드립니다. 저희는 고객님이 마음을 바꾸었거나 구매에 포함된 품목 중 하나에 실수를 했을 수 있다는 점을 이해합니다. 안심하세요. 저희 팀이 이 문제를 해결하는 데 도움을 드릴 것입니다. 기사 교환을 진행하려면 다음 세부 정보를 제공해 주시기 바랍니다. 1. 교환하려는 물품의 이름이나 설명. 2. 구매에 추가하고 싶은 교체 품목. 이 정보를 사용하여 저희 팀은 즉시 교환을 처리하고 구매 주문에 필요한 조정을 수행할 것입니다. 추가 우려 사항이나 질문이 있는 경우 언제든지 알려주시기 바랍니다. 저희는 고객 만족을 보장하기 위해 최선을 다하고 있습니다. 이에 따라 가격 차이나 배송 조정이 적용될 수 있다는 점을 참고하시기 바랍니다. 이 과정에서 고객님의 이해와 인내심에 감사드립니다. 저희는 고객님께 더 많은 도움을 드리고 원활한 쇼핑 경험을 제공할 수 있기를 기대합니다.
BLQ,구매 수정에 도움이 필요합니다 [주문/송장번호],주문,주문 변경,"구매 번호 [주문/송장번호]를 편집하는 데 도움이 필요하다는 사실을 확인했습니다. 저희는 고객님이 필요한 조정을 할 수 있도록 도와드리기 위해 왔습니다. 고객님이 원하는 특정 변경 사항에 대해 더 자세한 내용을 제공해 주시겠습니까? 품목을 업데이트하거나 배송 주소를 수정하는 경우, 저희 팀이 고객님을 도와드릴 준비가 되어 있습니다. 고객 만족이 저희의 최우선 과제이며 고객님의 구매가 고객님이 상상했던 것과 정확히 일치하는지 확인하고 싶습니다."
BLZ,구매 변경에 대한 질문 [주문/송장번호],주문,주문 변경,구매 변경에 관해 문의해 주셔서 감사합니다. 저희는 고객님의 우려를 소중히 여기며 고객님께 필요한 지원을 제공하는 것을 목표로 합니다. 고객님의 문의 사항을 더 잘 이해할 수 있도록 구매 번호 [주문/송장번호]에 대해 적용하려는 특정 변경 사항에 대한 자세한 내용을 제공해 주시겠습니까? 이를 통해 정확하고 맞춤화된 안내를 제공할 수 있습니다. 저희는 고객 만족을 보장하기 위해 최선을 다하고 있으며 가능한 모든 방법으로 도움을 드리고 있습니다.
BL,[주문/송장번호] 주문을 전환하세요,주문,주문 변경,문의해 주셔서 감사합니다! 고객님의 주문에서 [주문/송장번호] 번호로 항목을 변경하려고 하신다는 점을 충분히 이해합니다. 저는 고객님을 돕기 위해 여기 있습니다. 전환하려는 항목에 대한 자세한 내용을 알려주시겠습니까? 이렇게 하면 내가 고객님을 더 효과적으로 도울 수 있을 것입니다.
BL,주문 [주문/송장번호] 업데이트 도움말,주문,주문 변경,주문 번호 [주문/송장번호]를 업데이트하는 데 도움이 필요하다는 점을 이해합니다. 우리가 도와드리겠습니다! 가장 정확한 정보와 지침을 제공하기 위해 주문에 대해 어떤 변경을 원하는지 구체적으로 알려주시겠습니까? 이를 통해 당사는 고객님의 요청을 효율적으로 처리하고 고객님의 주문이 고객님의 기대에 부응하도록 보장할 수 있습니다. 양해해 주셔서 감사드리며 앞으로도 더 많은 도움을 드리겠습니다.
BCQZ,[주문/송장번호]의 일부를 변경해야 합니다. 도움이 필요합니다.,주문,주문 변경,이 문제를 알려주셔서 감사합니다. 주문 번호 [주문/송장번호]를 변경하는 데 도움이 필요하다는 점을 이해합니다. 안심하세요. 제가 도와드리겠습니다. 변경하려는 사항에 대해 더 구체적인 세부정보를 제공해 주시겠습니까? 이를 통해 가장 정확한 지원을 제공할 수 있습니다.
BKL,구매 업데이트 [주문/송장번호],주문,주문 변경,주문 번호 [주문/송장번호]로 구매 항목을 업데이트해야 하는 문제에 대해 문의해 주셔서 감사합니다. 저희는 고객 만족을 소중히 여기며 고객님을 돕기 위해 최선을 다할 것입니다. 구매에 대해 적용하고 싶은 특정 업데이트에 대한 자세한 내용을 제공해 주시겠습니까? 이는 고객님의 요청을 정확하고 효율적으로 처리하는 데 도움이 됩니다. 우리가 도와드리겠습니다!
BLW,[주문/송장번호] 주문의 빌어먹을 제품을 변경하도록 도와주세요,주문,주문 변경,[주문/송장번호] 주문 제품 변경 요청에 감사드립니다. 주문을 수정해야 할 때 불편을 겪으실 수 있다는 점을 이해합니다. 안심하세요. 제가 이 과정을 도와드리겠습니다. 시작하려면 변경하려는 제품의 세부정보를 알려주시겠어요? 이 정보는 고객님의 요청을 정확하고 효율적으로 처리하는 데 도움이 됩니다.
BILMQ,[주문/송장번호] 구매에서 일부 기사를 어떻게 제거할 수 있나요?,주문,주문 변경,구매 번호 [주문/송장번호]에서 항목을 제거하고 싶다는 점을 이해합니다. 이에 대한 도움을 받으려면 다음 단계를 따라 주세요. 1. 당사 웹사이트를 방문하여 고객님의 계정에 로그인하십시오. 2. 주문 내역으로 이동합니다. 3. 주문 번호 [주문/송장번호]로 구매한 항목을 찾습니다. 4. 주문내역을 클릭하시면 해당 상품을 보실 수 있습니다. 5. 제거하려는 기사를 확인하십시오. 6. 항목을 제거하거나 삭제하는 옵션을 선택합니다. 7. 변경 사항을 확인합니다. 8. 구매 항목이 성공적으로 제거되었는지 확인합니다. 어려움이 있거나 추가 지원이 필요한 경우 고객 지원팀에 [운영시간/기간]([고객센터전화번호]) 또는 당사 웹사이트([웹사이트/메뉴])의 라이브 채팅을 통해 문의하실 수 있습니다. 저희는 고객님의 구매가 고객님이 원하는 대로 정확하게 이루어질 수 있도록 도와드립니다.
BCIQZ,[주문/송장번호] 주문에서 항목을 제거하고 싶은데 좀 도와주실 수 있나요?,주문,주문 변경,주문 번호 [주문/송장번호]에서 항목을 제거하고 싶다는 점을 이해합니다. 불편을 끼쳐드려 죄송합니다. 더 나은 지원을 위해 제거하려는 특정 항목을 알려주시겠습니까? 이 정보가 있으면 필요한 수정을 진행할 수 있습니다. 원하는 대로 정확하게 주문할 수 있도록 협조해 주셔서 감사합니다.
BIZ,[주문/송장번호]를 주문하기 위해 을 추가하는 것을 도와주실 수 있나요?,주문,주문 변경,주문 번호 [주문/송장번호]에 품목을 추가하는 데 도움을 요청해 주셔서 감사합니다. 안심하세요. 제가 도와드리겠습니다. 계속 진행하려면 항목 이름이나 SKU 등 추가하려는 항목의 세부정보를 알려주시기 바랍니다. 이 정보를 통해 해당 품목이 고객님의 주문에 성공적으로 추가되었는지 확인하겠습니다. 고객님의 인내와 협조에 감사드립니다.
BIL,[주문/송장번호] 주문을 업데이트하는 데 도움을 주실 수 있나요?,주문,주문 변경,"주문 번호 [주문/송장번호]를 업데이트하는 데 도움이 필요하다는 점을 이해합니다. 불편을 끼쳐드려 죄송하며, 이에 대해 도움을 드리겠습니다. 가장 정확한 정보를 제공하기 위해 주문에 어떤 변경 사항을 적용하고 싶은지 알려주시겠습니까? 고객님의 선호 사항을 이해함으로써 당사는 고객님의 주문이 정확히 고객님이 원하는 대로 이루어지도록 보장할 수 있습니다."
BLQ,구매 제품을 전환하는 데 도움이 필요합니다 [주문/송장번호],주문,주문 변경,번호 #[주문/송장번호]로 구매를 수정하는 데 도움을 요청해 주셔서 감사합니다. 저희는 고객님이 구매한 항목과 관련하여 전환해야 한다는 점을 이해하고 있으며 도움을 드리고자 합니다. 더 나은 지원을 위해 전환하려는 항목에 대한 구체적인 세부정보를 제공해 주시겠습니까? 이를 통해 가장 정확한 안내를 제공해드릴 수 있습니다. 저희는 고객 만족을 소중히 여기며 고객님을 위해 이 문제를 해결하기를 기대합니다.
BILMQZ,[주문/송장번호] 주문에서 일부 항목을 어떻게 삭제하나요?,주문,주문 변경,이 문제를 알려주셔서 감사합니다. 주문 번호 [주문/송장번호]에서 일부 항목을 삭제하는 데 도움이 필요하다는 점을 이해합니다. 불편을 끼쳐드려 죄송합니다. 효과적인 도움을 드릴 수 있도록 주문에서 제거하고 싶은 특정 품목을 알려주시겠습니까? 이를 통해 필요한 변경 사항을 신속하게 진행할 수 있습니다. 고객님의 인내와 협조에 감사드립니다.
BLMW,구매한 물건 중 일부를 교환하려고 합니다 [주문/송장번호],주문,주문 변경,이 문제를 알려주셔서 감사합니다! 구매한 일부 품목을 [주문/송장번호] 번호로 교환하려고 하신 것으로 알고 있습니다. 저희의 목표는 고객님께 최고의 쇼핑 경험을 제공하고 고객님의 주문이 고객님의 기대에 부응하도록 하는 것입니다. 추가 지원을 위해 교환하려는 특정 품목의 세부정보를 제공해 주시겠습니까? 이를 통해 당사는 고객님의 요청을 신속하게 처리하고 필요한 조정을 수행할 수 있습니다. 양해해 주셔서 감사드리며 이 문제가 해결될 수 있도록 최선을 다하겠습니다.
BCLQ,실수를 했습니다. 주문을 수정하고 싶습니다 [주문/송장번호],주문,주문 변경,"고객님께서 실수를 하신 것으로 알고 주문 번호 [주문/송장번호]를 수정하고 싶습니다. 불편을 끼쳐드려 죄송하며, 필요한 변경 사항을 처리하도록 도와드리겠습니다. 주문에 대해 수정하고 싶은 구체적인 내용을 알려주시겠습니까? 이는 고객님의 주문이 고객님이 기대한 것과 정확히 일치하는지 확인하는 데 도움이 됩니다. 이 문제를 알려주셔서 감사드리며, 고객님의 주문에 필요한 조정이 이루어지도록 함께 노력하겠습니다."
BCILPQZ,[주문/송장번호] 구매를 위해 제품을 추가하고 싶습니다. 도움이 될 것입니다.,주문,주문 변경,고객님의 요청에 대해 문의해 주셔서 감사합니다. 구매 번호 [주문/송장번호]로 구매한 제품에 제품을 추가하고 싶다는 점을 확인했습니다. 기꺼이 도와드리겠습니다. 더 나은 지원을 위해 추가하려는 제품의 세부정보를 알려주시겠어요? 이렇게 하면 해당 제품이 고객님의 구매에 성공적으로 포함되었는지 확인할 수 있습니다. 협조해 주셔서 감사합니다. 절차 전반에 걸쳐 도움을 드릴 수 있도록 도와드리겠습니다.
BCZ,주문 [주문/송장번호]를 변경해야 합니다. 도와주세요.,주문,주문 변경,주문 번호 [주문/송장번호]를 변경하는 데 도움이 필요하다는 사실을 확인했습니다. 저희 팀이 고객님을 돕기 위해 여기 있습니다. 고객님이 원하는 특정 변경 사항에 대해 더 자세한 내용을 제공해 주시겠습니까? 이를 통해 당사는 고객님께 가장 정확하고 효율적인 지원을 제공할 수 있습니다. 문의해 주셔서 감사합니다.
BELM,[주문/송장번호] 주문의 일부 항목을 전환하는 방법을 모르겠습니다.,주문,주문 변경,[주문/송장번호] 번호로 주문한 일부 품목을 전환하는 방법을 잘 모르신다는 생각에 공감합니다. 절차를 안내해 드리겠습니다. 시작하려면 계정 페이지로 이동하여 [주문/송장번호] 주문에 대한 주문 세부정보를 찾으세요. 여기에서 주문 항목을 수정하는 옵션이 표시됩니다. 이 옵션을 찾을 수 없거나 문제가 발생할 경우 주저하지 말고 알려주세요. 최선을 다해 도와드리겠습니다. 저희는 고객님이 항목을 원활하고 번거롭게 전환할 수 있도록 하고 싶습니다.
BILQ,주문 [주문/송장번호] 편집 방법,주문,주문 변경,주문 번호 [주문/송장번호] 편집에 대해 문의해 주셔서 감사합니다. 주문을 수정하려면 몇 가지 옵션이 있습니다. 먼저 당사 웹사이트의 라이브 채팅을 통해 또는 [고객센터전화번호]로 전화하여 고객 서비스 팀에 연락하실 수 있습니다. 고객님이 변경해야 하는 모든 사항에 대해 기꺼이 도움을 드릴 것입니다. 또한 당사 웹사이트에서 고객님의 계정에 로그인하고 주문 내역으로 이동하여 수정하려는 주문을 선택할 수도 있습니다. 거기에서 주문 세부 정보를 편집하거나 항목을 추가/제거하는 옵션을 찾을 수 있습니다. 진행 중에 어려움이 발생할 경우 알려주시면 추가 안내를 제공해 드리겠습니다.
BL,구매를 수정하고 싶습니다 [주문/송장번호],주문,주문 변경,구매 번호 [주문/송장번호]를 수정하고 싶으신 점을 이해합니다. 고객님의 주문이 정확하고 만족스러운지 확인하는 것이 저희의 최우선 과제입니다. 구체적으로 어떤 수정을 원하는지 알려주시겠어요? 이 정보를 통해 당사는 고객님을 효과적으로 지원하고 고객님의 구매가 고객님의 선호 사항을 반영하도록 할 수 있습니다.
BLQ,구매 [주문/송장번호]를 수정하려고 합니다.,주문,주문 변경,"구매 번호 [주문/송장번호]를 수정하려고 하시는 것으로 알고 있습니다. 고객 만족이 저희의 최우선 사항이며, 고객님이 원하는 변경 사항이 있으면 도와드리겠습니다. 수정하려는 사항에 대한 자세한 내용을 제공해 주시겠습니까? 이 정보를 통해 저희는 고객님의 요구 사항을 더 잘 이해하고 적절한 지침을 제공할 수 있습니다."
BL,[주문/송장번호]를 주문하기 위해 기사를 추가하려고 합니다.,주문,주문 변경,주문 번호 [주문/송장번호]에 품목을 추가해 달라는 고객님의 요청에 감사드립니다. 저희는 고객님의 요구 사항을 충족시키기 위해 주문을 맞춤화하는 것이 중요하다는 것을 이해하고 있으며 이를 지원해 드리겠습니다. 추가하고 싶은 기사의 세부정보를 제공해 주시겠습니까? 이를 통해 저희는 고객님의 주문이 고객님의 사양에 정확하게 맞춰졌는지 확인할 수 있습니다.
BL,수정 순서 [주문/송장번호],주문,주문 변경,주문 번호 #[주문/송장번호]를 수정하고 싶다는 점을 이해합니다. 불편을 끼쳐드려 죄송하며 이 문제를 해결하는 데 도움을 드리기 위해 최선을 다하겠습니다. 고객님의 우려 사항을 정확하게 해결할 수 있도록 고객님이 원하는 특정 수정 사항에 대한 자세한 내용을 제공해 주시겠습니까? 이를 통해 고객님의 요구 사항을 더 잘 이해하고 적절한 솔루션을 제공할 수 있습니다. 오류를 수정하고 고객님의 완전한 만족을 보장하기 위해 함께 노력하는 동안 고객님의 인내심과 협조에 감사드립니다.
BCLQZ,실수가 있습니다. 주문을 수정하고 싶습니다 [주문/송장번호],주문,주문 변경,주문 번호 [주문/송장번호]에 실수가 있어 일부 수정을 원하신다는 점을 이해합니다. 이로 인해 불편을 끼쳐드려 죄송합니다. 추가 지원을 위해 주문에 적용하고 싶은 구체적인 변경 사항을 알려주시겠습니까? 저희의 목표는 고객님의 주문이 고객님의 기대에 부응하는지 확인하는 것입니다. 고객님의 의견은 당사 서비스를 개선하는 데 필수적입니다.
BL,주문 [주문/송장번호]를 업데이트하는 데 도움이 필요합니다.,주문,주문 변경,"주문 번호 [주문/송장번호]를 업데이트하는 데 도움을 드리고자 합니다. 때때로 고객님의 주문에 변경이나 수정이 필요할 수 있다는 점을 이해하고 있으며, 도와드리겠습니다. 가장 정확한 지원을 제공하기 위해 원하는 업데이트를 지정해 주시겠습니까? 항목 추가 또는 제거, 수량 변경, 배송 주소 업데이트 등 무엇이든 저희는 고객님의 주문이 고객님의 기대에 부응하도록 최선을 다해 도와드립니다. 자세한 내용을 제공해 주시면 필요한 업데이트를 위해 함께 노력하겠습니다."
BKL,[주문/송장번호] 주문에 기사 추가,주문,주문 변경,주문 번호 [주문/송장번호]에 품목 추가 요청과 관련하여 문의해 주셔서 감사합니다. 저는 고객님을 돕기 위해 여기 있습니다. 정확하고 원활한 경험을 보장하려면 좀 더 많은 정보가 필요합니다. 추가하고 싶은 기사의 세부정보를 제공해 주시겠습니까? 이는 고객님의 요청을 수용하고 이에 따라 고객님의 주문을 업데이트하는 데 필요한 조치를 취하는 데 도움이 될 것입니다. 추가로 도움을 드릴 수 있는 방법을 알려주세요.
BL,구매 편집 도움말 [주문/송장번호],주문,주문 변경,"구매 번호 [주문/송장번호]를 편집하는 데 도움이 필요하다는 사실을 확인했습니다. 우리가 도와드리겠습니다! 가능한 최고의 지원을 제공할 수 있도록 구매에 대해 구체적으로 어떤 변경을 원하는지 알려 주시기 바랍니다. 품목 수량 업데이트, 배송 주소 변경 또는 기타 세부 정보 수정 등, 알려주시면 절차를 단계별로 안내해 드리겠습니다. 고객 만족이 저희의 최우선 과제이며 고객님의 구매가 고객님의 기대에 부응하도록 최선을 다하고 있습니다."
BILP,[주문/송장번호] 주문을 업데이트하도록 도와주실 수 있나요?,주문,주문 변경,"바로 처리하겠습니다! 주문 번호 [주문/송장번호]를 업데이트하는 데 도움이 필요하다는 점을 이해합니다. 저희는 절차를 진행하고 주문에 필요한 변경을 할 수 있도록 도와드립니다. 먼저, 수행하려는 특정 업데이트에 대한 자세한 내용을 제공해 주시겠습니까? 이를 통해 당사는 고객님께 더 나은 지원을 제공하고 고객님의 주문이 고객님이 원하는 대로 정확하게 이루어지도록 보장할 수 있습니다."
BL,구매 변경에 대한 도움을 원합니다 [주문/송장번호],주문,주문 변경,"구매번호 [주문/송장번호] 변경 요청과 관련하여 문의해 주셔서 감사합니다. 고객님께서 이 문제에 대해 도움을 원하신다는 점을 이해하고 있으며, 저희가 도와드리겠습니다. 수정하려는 항목이나 기타 요구 사항 등 변경하려는 구체적인 세부 정보를 제공해 주세요. 저희 팀은 고객님의 구매가 고객님의 필요와 선호도에 맞춰질 수 있도록 열심히 노력할 것입니다. 질문이 있거나 관련이 있다고 생각되는 추가 정보를 공유해 주시기 바랍니다."
BMQ,주문 [주문/송장번호]에서 여러 품목을 제거하는 데 도움이 필요합니다.,주문,주문 변경,"주문 번호 [주문/송장번호]의 주문에서 여러 품목을 제거하는 데 도움이 필요하다는 점을 이해합니다. 이로 인해 불편을 끼쳐드려 죄송합니다. 추가 지원을 위해 제거하려는 특정 항목을 알려주시겠습니까? 이는 필요한 변경이 정확하고 신속하게 이루어지도록 하는 데 도움이 됩니다. 이 문제를 알려주셔서 감사드리며, 이 문제를 해결하는 동안 양해해 주셔서 감사합니다."
BLZ,편집 순서에 대한 정보를 알려주세요 [주문/송장번호],주문,주문 변경,주문 번호 [주문/송장번호] 편집과 관련된 정보를 찾고 계시다는 사실을 확인합니다. 기존 주문을 변경하는 것은 당사 서비스의 중요한 측면이므로 고객님이 계속 진행하는 데 필요한 모든 정보를 갖고 있는지 확인하고 싶습니다. 변경하려는 사항에 대해 더 구체적인 세부정보를 제공해 주시겠습니까? 이를 통해 주문을 성공적으로 편집하는 방법에 대한 정확하고 개인화된 지침을 제공할 수 있습니다. 저희는 모든 단계에서 고객님을 돕기 위해 여기 있습니다.
BILMP,[주문/송장번호] 주문의 일부 제품을 어떻게 전환할 수 있나요?,주문,주문 변경,주문 번호가 [주문/송장번호]인 일부 제품을 전환하는 데 도움을 주셔서 감사합니다. 전환을 진행하려면 다음 단계를 따르세요. 1. 당사 웹사이트에서 고객님의 계정에 로그인하십시오. 2. '내 주문' 섹션으로 이동하세요. 3. 번호가 [주문/송장번호]인 주문을 찾아 클릭하세요. 4. 주문에 포함된 품목 목록이 표시됩니다. 전환하려는 제품을 확인하세요. 5. 라이브 채팅 기능이나 제공된 전화번호를 통해 고객 지원팀에 문의하고 전환하려는 특정 제품에 대해 알려주십시오. 그들은 절차를 안내하고 추가 지침을 제공할 것입니다. 안심해 주세요. 저희는 전환 전반에 걸쳐 원활하고 만족스러운 경험을 보장하기 위해 왔습니다. 추가 문의사항이나 문의 사항이 있으면 언제든지 문의해 주세요.
BIL,[주문/송장번호] 주문을 수정하는 방법은 무엇입니까?,주문,주문 변경,주문 번호 [주문/송장번호] 수정과 관련하여 문의해 주셔서 감사합니다. 저희는 주문의 정확성을 보장하는 것의 중요성을 이해하고 있으며 도움을 드리고 있습니다. 주문을 수정하려면 다음 단계를 따르세요. 1. 당사 웹사이트에서 고객님의 계정에 로그인하십시오. 2. '내 주문' 섹션으로 이동하세요. 3. 번호가 [주문/송장번호]인 주문을 찾습니다. 4. 주문을 클릭하면 세부정보를 볼 수 있습니다. 5. 주문을 변경하거나 편집할 수 있는 옵션을 찾으세요. 6. 제공된 지침에 따라 필요한 수정 작업을 수행합니다. 7. 변경 사항이 정확한지 다시 확인하세요. 8. 필요한 경우 계속하기 전에 변경 사항을 저장합니다. 편집 기능의 사용 가능 여부는 특정 주문 상태 및 시스템 성능에 따라 달라질 수 있습니다. 어려움이 있거나 추가 질문이 있는 경우 주저하지 말고 고객 지원팀에 문의하여 추가 지원을 받으세요. 저희는 고객님의 주문이 고객님이 원하는 대로 이루어지도록 보장하기 위해 왔습니다.
BL,[주문/송장번호] 주문 항목을 교환하는 데 도움이 필요합니다.,주문,주문 변경,주문하신 품목을 [주문/송장번호] 번호로 교환하려고 하신 것으로 알고 있습니다. 이번 상황으로 인해 불편을 끼쳐드려 죄송합니다. 이 요청에 도움을 드릴 수 있도록 교체하려는 품목의 세부정보와 추가하려는 교체 품목을 제공해 주시겠습니까? 이 정보를 통해 당사는 스왑을 정확하고 효율적으로 처리할 수 있습니다. 고객 만족이 저희의 최우선 과제이며 고객님께 원활하고 원활한 쇼핑 경험을 보장하기 위해 왔습니다.
BILMP,[주문/송장번호] 구매한 일부 제품을 어떻게 교환할 수 있나요?,주문,주문 변경,주문 번호 [주문/송장번호]로 구매한 제품과 일부 제품을 교환하고 싶다는 의사에 관해 문의해 주셔서 감사합니다. 저희는 고객님의 기대에 부응하는 품목을 받는 것이 얼마나 중요한지 잘 알고 있습니다. 이 절차를 원활하게 진행하려면 고객 지원팀에 직접 문의하는 것이 좋습니다. 그들은 고객님의 구매에 필요한 변경을 수행하는 데 도움을 줄 수 있는 전문 지식을 갖추고 있습니다. 저희 팀은 [고객센터전화번호]로 [운영시간/기간] 또는 [웹사이트/메뉴] 웹 사이트의 라이브 채팅을 통해 연락할 수 있습니다. 구매하신 제품을 교환하는 과정을 안내해 드립니다. 저희는 고객 만족을 소중히 여기며 고객님의 주문이 고객님의 요구 사항을 충족할 수 있도록 최선을 다할 것입니다.
BLZ,편집 도와주세요주문 [주문/송장번호],주문,주문 변경,"주문 번호 [주문/송장번호] 수정과 관련해 도움을 드리고자 왔습니다. 문의해 주셔서 감사합니다! 더 나은 지원을 위해 고객님이 원하는 특정 변경 사항에 대한 자세한 내용을 제공해 주시겠습니까? 이는 고객님의 요청을 정확하게 처리하는 데 도움이 됩니다. 고객 만족이 최우선이며, 필요한 조정을 하기 위해 최선을 다하겠습니다."
BCLM,구매한 일부 품목 [주문/송장번호]를 교환해야 하는데 도와주세요,주문,주문 변경,저희는 고객님의 봉사 활동을 소중히 여깁니다! 구매하신 일부 품목을 [주문/송장번호] 번호로 교환하는 데 도움이 필요하다는 사실에 동의합니다. 안심하세요. 제가 도와드리겠습니다. 이 문제가 제대로 처리될 수 있도록 교환하려는 품목의 세부정보를 알려주시겠습니까? 추가 정보가 있으면 절차를 안내해 드리고 구매가 예상한 대로 이루어졌는지 확인해 드리겠습니다.
BKL,구매 항목 추가 [주문/송장번호],주문,주문 변경,구매 번호 [주문/송장번호]에 항목을 추가해 달라는 요청에 감사드립니다. 때때로 구매 내용을 수정해야 할 수도 있다는 점을 이해하고 있으며 이에 대해 도움을 드리고 있습니다. 정확성을 보장하기 위해 추가하려는 항목의 세부정보를 제공해 주시겠습니까? 저희 팀은 고객님의 구매를 업데이트하고 가능한 최고의 서비스를 제공하기 위해 즉시 노력할 것입니다.
BMQ,주문 [주문/송장번호]의 일부 항목을 변경하려고 합니다.,주문,주문 변경,주문 번호 #[주문/송장번호]의 일부 품목 변경에 대해 우려를 제기해 주셔서 감사합니다. 저희는 고객님의 주문을 맞춤화할 수 있는 능력을 갖추는 것이 중요하다는 것을 알고 있습니다. 추가 지원을 위해 수정하려는 항목을 지정해 주시겠습니까? 이 정보를 제공하시면 당사가 고객님의 요청을 정확하게 처리하고 고객님이 만족할 수 있도록 필요한 조정을 하는 데 도움이 됩니다.
BIL,구매 [주문/송장번호]를 업데이트할 수 있나요?,주문,주문 변경,"내가 해낼게! 주문 번호 [주문/송장번호]로 구매 항목을 업데이트하고 싶다는 고객님의 의견을 이해합니다. 저희는 고객님의 주문이 고객님의 기대에 부응하는지 확인하고 싶습니다. 품목 추가 또는 제거, 수량 수정, 배송 세부 정보 업데이트 등 구체적인 변경 사항을 알려주시기 바랍니다. 저희 팀은 고객님의 구매에 필요한 업데이트를 수행하는 데 도움을 드리고 있습니다. 우리가 어떻게 도울 수 있는지 알려주세요!"
BL,올바른 구매를 도와주세요 [주문/송장번호],주문,주문 변경,주문 번호 [주문/송장번호]로 구매한 항목을 수정하는 데 도움이 되도록 메시지를 보내주셔서 기쁘게 생각합니다. 저희는 고객님의 구매가 정확하고 고객님의 기대에 부합하는지 확인하는 것의 중요성을 이해합니다. 필요한 수정을 하기 위해 원하는 특정 변경 사항에 대한 자세한 내용을 제공해 주시겠습니까? 저희 팀은 절차 전반에 걸쳐 고객님을 도울 준비가 되어 있으며 고객님의 구매가 고객님이 의도한 대로 이루어지도록 보장합니다.
BCQ,실수했어요 주문 변경 도와주세요 [주문/송장번호],주문,주문 변경,"실수가 발생할 수 있다는 점을 이해하고 있으며 주문 번호 [주문/송장번호]로 이 문제를 해결하도록 도와드리겠습니다. 변경하려는 사항에 대한 자세한 내용을 제공해 주시겠습니까? 품목, 배송 주소 또는 기타 특정 수정 사항을 업데이트하는 등 저희 팀은 고객님의 요청을 돕기 위해 최선을 다하고 있습니다. 고객 만족이 저희의 최우선 과제이며 고객님의 주문이 고객님의 기대에 부응하는지 확인하고 싶습니다."
BCL,구매 [주문/송장번호]를 변경해야 합니다. 도와주세요,주문,주문 변경,저는 그것을하고있다! 구매 번호 [주문/송장번호]를 변경해야 한다는 것을 알고 있습니다. 저희 팀은 이 문제를 해결하는 데 도와드리겠습니다. 고객님이 원하는 구체적인 변경사항에 대한 세부정보를 제공해 주시겠습니까? 이는 고객님의 요청을 정확하고 효율적으로 처리하는 데 도움이 됩니다. 고객님의 협조에 감사드리며 최선을 다해 도와드리겠습니다.
BILMQZ,여러 구매 품목을 교환합니다 [주문/송장번호],주문,주문 변경,구매 번호 [주문/송장번호]의 여러 품목을 교환하고 싶다는 점을 확인했습니다. 고객님의 기대에 미치지 못하는 상품으로 인해 불편을 끼쳐드려 죄송합니다. 교환에 도움이 되도록 교환하려는 품목에 대한 자세한 정보를 제공해 주시겠습니까? 이를 통해 원활하고 번거롭지 않은 절차를 보장할 수 있습니다. 저희는 고객 만족을 소중히 여기며 고객님의 요청을 신속하게 이행하기 위해 최선을 다할 것입니다.
BKL,구매에서 기사 삭제 [주문/송장번호],주문,주문 변경,"구매 번호 [주문/송장번호]에서 품목을 제거하는 데 도움을 요청해 주셔서 감사합니다. 고객 만족이 저희의 최우선 사항이며, 우리가 도와드리겠습니다. 삭제하려는 기사의 구체적인 세부정보를 제공해 주시겠습니까? 이를 통해 당사는 고객님을 추가로 지원하고 원활한 절차를 보장하는 데 필요한 조치를 취할 수 있습니다. 협조해 주셔서 감사합니다."
BLQ,[주문/송장번호] 주문에서 제품을 삭제하는 데 도움이 필요합니다.,주문,주문 변경,주문 번호 [주문/송장번호]에서 제품을 삭제하는 데 도움이 필요하다는 점을 이해합니다. 불편을 끼쳐드려 죄송합니다. 더 나은 지원을 위해 주문에서 제거하려는 제품의 세부정보를 제공해 주시겠습니까? 이는 필요한 조치를 신속하게 취하는 데 도움이 됩니다. 고객 만족이 저희의 최우선 과제입니다. 이 문제를 해결하기 위해 노력하는 동안 양해해 주셔서 감사합니다.
BLM,[주문/송장번호] 주문하려면 일부 제품을 추가하세요,주문,주문 변경,번호 [주문/송장번호] 주문에 대한 추가와 관련하여 연락해 주셔서 감사합니다. 지속적인 지원에 감사드립니다! 추가 지원을 위해 추가하려는 제품의 세부정보를 제공해 주시겠습니까? 이는 고객님의 주문이 정확하고 고객님의 기대에 부응하는지 확인하는 데 도움이 됩니다. 고객님의 구매를 도와드리겠습니다!
BILQ,주문 [주문/송장번호]를 수정할 수 있나요?,주문,주문 변경,문의해 주셔서 감사합니다! 주문 번호 [주문/송장번호]를 수정하고 싶으신 것으로 알고 있습니다. 저희는 고객님을 돕기 위해 왔습니다. 주문에 적용하고 싶은 특정 수정 사항에 대한 자세한 내용을 제공해 주시겠습니까? 이를 통해 당사는 고객님께 가장 정확하고 효율적인 지원을 제공할 수 있습니다.
BL,구매 품목 변경 도움말 [주문/송장번호],주문,주문 변경,"주문 번호 [주문/송장번호]로 구매한 항목을 변경하는 데 도움을 주신 메시지를 보내주셔서 감사합니다. 때때로 고객님이 주문을 조정해야 할 수도 있다는 점을 이해하고 있으며, 이에 대해 도움을 드리고 있습니다. 가능한 최상의 솔루션을 제공할 수 있도록 변경하고 싶은 기사의 세부정보를 제공해 주시겠습니까? 이 정보가 확보되면 절차를 안내하고 고객님의 구매가 고객님의 기대에 부응하는지 확인할 수 있습니다. 고객 만족이 저희의 최우선 사항입니다."
BCL,구매 [주문/송장번호]를 수정해야 합니다. 도움이 필요합니다.,주문,주문 변경,번호 #[주문/송장번호]로 구매를 수정하는 데 도움이 필요하다는 점을 이해합니다. 저희 팀은 고객님이 원하는 모든 변경 사항에 대해 도움을 드릴 것입니다. 수정하고 싶은 사항에 대한 자세한 내용을 제공해 주시겠습니까? 이를 통해 당사는 고객님께 최상의 솔루션을 제공할 수 있습니다. 고객 만족이 저희의 최우선 사항이며 우리 서비스에 대한 고객님의 신뢰에 감사드립니다.
BL,주문 [주문/송장번호] 편집을 도와주세요,주문,주문 변경,"번호 [주문/송장번호]로 주문을 편집하는 데 도움이 필요하다는 것을 알고 있습니다. 저희는 고객 만족을 보장하기 위해 필요한 수정을 할 수 있도록 도와드립니다. 품목 추가 또는 제거, 수량 업데이트, 배송 정보 수정 등 변경하려는 사항에 대한 구체적인 세부 정보를 제공해 주시기 바랍니다. 고객님의 의견은 고객님의 선호도에 맞게 주문을 조정하는 데 도움이 됩니다."
BIL,구매 [주문/송장번호] 변경을 도와주실 수 있나요?,주문,주문 변경,물론이죠! 구매 번호 [주문/송장번호]를 변경하는 데 도움이 필요하다는 점을 확인했습니다. 저희는 고객님이 이 과정을 원활하게 진행할 수 있도록 도와드립니다. 구매에 적용하고 싶은 변경 사항에 대한 자세한 내용을 제공해 주시겠습니까? 이를 통해 당사는 고객님의 요청을 정확하고 효율적으로 처리할 수 있습니다.
BELN,[주문/송장번호] 구매에 제품을 추가할 수 없습니다.,주문,주문 변경,이 문제를 알려주셔서 감사합니다. 주문 번호 [주문/송장번호]로 구매한 제품에 제품을 추가하는 데 어려움을 겪고 계신 것으로 알고 있습니다. 이로 인해 불편을 끼쳐드려 죄송합니다. 더 나은 지원을 위해 오류 메시지나 지금까지 수행한 단계에 대한 자세한 내용을 제공해 주시겠습니까? 저희 팀은 솔루션을 찾고 고객님의 구매가 최대한 원활하게 이루어지도록 최선을 다하고 있습니다.
BILQ,[주문/송장번호] 구매 시 항목을 삭제하는 데 도움을 주실 수 있나요?,주문,주문 변경,구매 번호 #[주문/송장번호]에서 항목을 삭제하는 데 도움을 요청해 주셔서 감사합니다. 저희는 주문을 올바르게 받는 것이 얼마나 중요한지 잘 알고 있습니다. 더 나은 지원을 제공할 수 있도록 삭제하려는 특정 항목을 알려주시겠습니까? 저희 팀은 고객 만족을 보장하고 고객님의 주문에 필요한 조정을 하기 위해 왔습니다. 알려주시면 즉시 처리해 드리겠습니다.
BIQ,주문 [주문/송장번호]에서 항목을 제거하는 방법,주문,주문 변경,주문 번호 [주문/송장번호]에서 항목을 제거하고 싶다는 점을 이해합니다. 저희는 고객님을 돕기 위해 왔습니다. 항목 제거를 진행하려면 다음 단계를 따라 주세요. 1. 당사 웹사이트에서 고객님의 계정에 로그인하십시오. 2. 주문 내역 또는 계정 설정으로 이동합니다. 3. 주문 번호 [주문/송장번호]로 특정 주문을 찾으십시오. 4. 주문을 클릭하면 세부정보를 볼 수 있습니다. 5. 제거하려는 항목을 식별하고 제거 또는 삭제 옵션을 선택합니다. 6. 메시지가 나타나면 항목 제거를 확인합니다. 다음 단계를 따르면 주문에서 해당 항목을 성공적으로 제거할 수 있습니다. 어려움이 있거나 추가 질문이 있는 경우 주저하지 말고 고객 지원팀에 문의하여 추가 지원을 받으시기 바랍니다.
BLQW,빌어먹을 구매품을 교환하는 데 도움이 필요해요 [주문/송장번호],주문,주문 변경,"구매 번호 #[주문/송장번호]에 해당하는 물품을 교환하는 데 도움이 필요하신 것으로 알고 있습니다. 불편을 끼쳐드려 죄송하며, 이 문제를 최대한 빨리 해결할 수 있도록 도와드리겠습니다. 추가 지원을 드릴 수 있도록 교환하려는 물품의 세부정보를 제공해 주시기 바랍니다. 고객 만족이 저희의 최우선 과제이며 고객님의 구매가 고객님의 기대에 부응하는지 확인하고 싶습니다. 오늘은 어떻게 더 도움을 드릴 수 있나요?"
BLQWZ,[주문/송장번호] 주문에서 빌어먹을 항목을 삭제하는 데 도움이 필요합니다.,주문,주문 변경,"고객님의 지원 요청을 믿고 맡겨주셔서 감사합니다. 고객님의 좌절감을 이해하며, 어려움을 겪으셨다면 사과드립니다. 안심하세요. 문제를 효율적으로 해결할 수 있도록 도와드리겠습니다. 추가 지원을 위해 주문 번호 [주문/송장번호]에서 삭제하려는 항목의 세부 정보를 알려주시겠습니까? 저희 팀은 고객님의 우려 사항을 해결하고 고객 만족을 보장하기 위해 즉각적인 조치를 취할 것입니다."
BL,[주문/송장번호] 주문 항목 전환 도움말,주문,주문 변경,주문 번호 #[주문/송장번호]의 품목 전환을 요청해 주셔서 감사합니다. 저희는 고객님의 구매에 대한 완전한 만족을 보장하기 위해 때때로 변경이 필요하다는 것을 이해합니다. 이 문제를 해결하는 데 도움이 되도록 전환하려는 상품의 세부정보와 염두에 두고 있는 교체 상품에 대한 세부정보를 제공해 주시겠습니까? 이를 통해 저희는 함께 협력하여 고객님께 가장 적합한 솔루션을 찾을 수 있습니다. 고객님의 쇼핑 경험을 특별하게 만들기 위해 노력하는 동안 고객님의 인내심과 협조에 감사드립니다.
BILP,[주문/송장번호] 구매에서 항목을 삭제할 수 있나요?,주문,주문 변경,문의해 주셔서 감사합니다. 번호가 [주문/송장번호]인 구매 항목에서 항목을 삭제하고 싶다는 점을 확인했습니다. 저는 이 문제에 대해 고객님을 돕기 위해 왔습니다. 삭제를 진행하려면 고객님의 몇 가지 세부정보가 필요합니다. 제거하려는 특정 항목을 제공해 주시겠습니까? 필요한 정보가 확보되면 고객님의 요청을 처리하는 데 필요한 조치를 취할 것입니다. 저희의 목표는 고객님의 구매에 대한 완전한 만족을 보장하는 것입니다.
BILP,뭔가 삭제하는 것을 도와주실 수 있나요?,주문,주문 변경,확실히! 항목 삭제와 관련하여 도움을 요청하신 것으로 알고 있습니다. 더 나은 지원을 위해 삭제하려는 항목과 관련된 주문 또는 구매 번호를 알려주시겠습니까? 이 정보를 통해 저는 고객님께 절차를 안내하고 고객님의 요청이 정확하고 효율적으로 처리되도록 할 수 있습니다.
BIL,[주문/송장번호] 주문을 어떻게 편집하나요?,주문,주문 변경,"주문 편집에 대한 지원을 위해 문의해 주셔서 감사합니다. 주문 번호 [주문/송장번호]를 변경하려면 다음 단계를 따라 주세요. 1. 당사 웹사이트나 앱에서 고객님의 계정에 로그인하세요. 2. ""내 주문"" 또는 ""주문 내역"" 섹션으로 이동합니다. 3. 주문 번호 [주문/송장번호]를 찾아 클릭하여 주문 세부정보를 확인하세요. 4. ""주문 수정"" 또는 ""주문 수정""이라고 표시된 옵션이나 버튼을 찾아 클릭하세요. 5. 수량 업데이트, 항목 제거 또는 추가, 배송 주소 변경 등 원하는 대로 주문을 변경할 수 있는 페이지로 이동됩니다. 6. 필요한 수정을 완료한 후 변경 사항을 주의 깊게 검토하고 '변경 사항 저장' 또는 '주문 업데이트' 버튼을 클릭하세요. 7. 변경 사항을 완료하기 전에 변경 사항을 확인하라는 메시지가 나타날 수 있습니다. 8. 주문을 성공적으로 편집하면 업데이트된 주문 세부정보가 포함된 확인 이메일을 받게 됩니다. 어려움이 있거나 추가 질문이 있는 경우 주저하지 말고 고객 지원팀에 문의하세요. [운영시간/기간]([고객센터전화번호]) 또는 당사 웹사이트([웹사이트/메뉴])의 라이브 채팅을 통해 이용 가능합니다. 저희는 절차 전반에 걸쳐 고객님을 지원하고 고객님의 주문이 고객님이 만족할 수 있도록 수정되도록 보장합니다."
BIL,[주문/송장번호] 주문에서 항목을 삭제하도록 도와주실 수 있나요?,주문,주문 변경,주문 번호 [주문/송장번호]에서 항목을 삭제해 달라는 고객님의 요청이 틀리지 않았습니다. 고객님이 고객님의 주문을 완벽하게 통제할 수 있다는 것이 우리에게 중요하며 저희는 고객님을 돕기 위해 여기 있습니다. 삭제하려는 항목에 대한 자세한 내용을 제공해 주시겠습니까? 이를 통해 저희는 필요한 조정을 하고 고객님의 완전한 만족을 보장할 수 있습니다.
BL,주문 [주문/송장번호]에서 제품을 삭제하려고 합니다.,주문,주문 변경,주문 번호 [주문/송장번호]에서 제품을 삭제해 달라는 고객님의 요청을 이해합니다. 이러한 변경을 시도하는 동안 불편을 끼쳐드려 죄송합니다. 이 문제를 해결하는 데 도움이 되도록 삭제하려는 제품의 구체적인 세부정보를 제공해 주시겠습니까? 저희 팀은 고객님의 주문에 필요한 조정을 할 수 있도록 최선을 다해 도와드릴 것입니다. 이 문제를 알려주셔서 감사합니다.
BL,구매 변경에 도움이 필요합니다 [주문/송장번호],주문,주문 변경,[주문/송장번호] 번호로 구매를 변경하는 데 도움을 드리고자 합니다. 저희는 때때로 계획이 변경된다는 점을 이해하고 있으며 도움을 드리고 있습니다. 구매에 대해 어떤 구체적인 변경 사항을 적용하고 싶은지에 대한 자세한 내용을 제공해 주시겠습니까? 이를 통해 당사는 고객님께 더 나은 지원을 제공하고 고객님의 구매가 고객님의 기대에 부응하도록 보장할 수 있습니다.
BLQZ,구매 [주문/송장번호]를 업데이트해야 해요,주문,주문 변경,주문 번호 [주문/송장번호]로 구매 항목을 업데이트해야 하는 경우 도움을 드리고자 합니다. 고객님의 구매가 고객님이 원하는 대로 이루어지도록 적극적으로 접근해주셔서 감사드립니다. 업데이트에 도움을 드리기 위해 원하는 변경 사항을 지정해 주시겠습니까? 저희 팀은 고객님을 돕고 완전한 만족을 보장할 준비가 되어 있습니다.
BCQ,[주문/송장번호] 주문에서 품목을 제거해야 합니다. 도와주세요,주문,주문 변경,"주문 번호 [주문/송장번호]에서 품목을 제거하는 데 도움을 받기 위해 문의해 주셔서 감사합니다. 저희는 고객님의 요청을 즉시 해결하는 것이 중요하다는 것을 이해합니다. 올바른 지침을 제공할 수 있도록 제거하려는 항목의 세부정보를 제공해 주시겠습니까? 고객 만족이 저희의 최우선 사항이며, 저희는 모든 단계에서 고객님을 돕기 위해 여기 있습니다."
BLM,구매한 항목 중 여러 항목을 삭제해야 합니다 [주문/송장번호],주문,주문 변경,[주문/송장번호] 번호로 구매한 항목 중 여러 항목을 삭제하는 방법에 대해 문의해 주셔서 감사합니다. 고객님이 마음을 바꾸었거나 주문을 수정해야 하는 다른 이유가 있을 수 있다는 점을 이해합니다. 저희 팀은 필요한 지원을 제공해 드리겠습니다. 이 요청을 처리하는 데 도움이 되도록 제거하려는 특정 항목을 제공해 주시겠습니까? 이렇게 하면 필요한 변경 사항이 신속하고 정확하게 이루어지도록 할 수 있습니다. 고객님의 협조에 감사드리며 고객님의 구매 수정에 도움이 되기를 바랍니다.
BLM,구매 시 일부 제품 삭제 도움말 [주문/송장번호],주문,주문 변경,"구매 번호 [주문/송장번호]에서 일부 제품을 삭제하는 데 도움을 주셔서 감사합니다. 고객님이 주문을 수정하고 싶다는 점을 이해하고 있으며, 고객님을 도와드리겠습니다. 삭제를 진행하려면 제거하려는 제품의 구체적인 세부정보를 제공해 주시겠습니까? 이 정보를 통해 당사는 고객님의 구매에 필요한 변경 사항이 정확하게 이루어지도록 보장합니다. 고객 만족이 저희의 최우선 사항입니다. 이 문제에 대한 고객님의 협조에 감사드립니다."
BLMQ,[주문/송장번호] 주문의 여러 항목을 교환하는 데 도움이 필요합니다.,주문,주문 변경,주문 번호 [주문/송장번호]의 여러 품목을 교환하는 데 도움을 요청해 주셔서 감사합니다. 저희는 고객님의 주문이 고객님의 기대에 부응하는지 확인하는 것이 중요하다는 것을 알고 있습니다. 교환을 진행하려면 교환하려는 품목의 구체적인 세부정보를 알려 주시기 바랍니다. 저희 팀은 고객님의 요청을 즉시 처리하고 필요한 변경을 수행할 것입니다. 고객 만족이 저희의 최우선 과제이며 고객님께 원활한 경험을 보장하기 위해 왔습니다.
BILM,[주문/송장번호] 주문의 일부 품목을 교환하는 방법은 무엇입니까?,주문,주문 변경,번호 #[주문/송장번호]로 주문한 품목을 교환하는 것에 대해 문의해 주셔서 감사합니다. 교체를 진행하려면 고객 지원팀에 문의하는 것이 좋습니다. 그들은 고객님의 주문을 수정하는 데 도움이 되는 필수 도구를 갖추고 있습니다. [고객센터전화번호]로 연락하거나 당사 웹사이트 [웹사이트/메뉴]의 라이브 채팅을 통해 연락할 수 있습니다. 그들은 절차를 안내하고 고객님의 선호도에 따라 주문이 조정되도록 할 것입니다. 추가로 도움이 필요하시면 알려주시기 바랍니다.
BL,주문 [주문/송장번호] 업데이트에 대한 정보를 원합니다.,주문,주문 변경,"주문 번호 #[주문/송장번호] 업데이트와 관련된 정보를 찾고 계신 것으로 알고 있습니다. 저희 팀이 이 요청을 도와드리겠습니다. 주문에 대해 원하는 업데이트나 변경 사항에 대해 더 구체적인 세부정보를 제공해 주시겠습니까? 이를 통해 저희는 고객님께 정확하고 유용한 지침을 제공할 수 있습니다. 저희는 고객 만족을 보장하기 위해 최선을 다하고 있으며, 이 문제를 해결하는 데 있어 고객님의 인내와 협조에 감사드립니다."
BL,구매 변경을 도와주세요 [주문/송장번호],주문,주문 변경,번호 #[주문/송장번호]로 구매를 변경하는 데 도움이 필요하다는 점을 이해합니다. 우리가 도와드리겠습니다! 더 나은 지원을 위해 고객님이 원하는 변경 사항에 대해 더 자세한 내용을 제공해 주시겠습니까? 이를 통해 당사는 고객님께 가장 정확한 지침과 지원을 제공할 수 있습니다.
BCILPQZ,제가 실수했습니다. 주문 [주문/송장번호]를 수정할 수 있나요?,주문,주문 변경,주문 번호 [주문/송장번호]의 실수로 인해 불편을 끼쳐드려 죄송합니다. 저는 그것을 바로잡으려는 고객님의 욕구를 완전히 이해합니다. 우리가 도와드리겠습니다. 수정하려는 구체적인 내용을 알려주시면 필요한 변경이 이루어지도록 최선을 다해 도와드리겠습니다. 고객 만족이 저희의 최우선 사항입니다. 이 문제를 해결하기 위해 노력하는 동안 고객님의 이해와 인내심에 감사드립니다.
BL,업데이트 순서 [주문/송장번호],주문,주문 변경,"주문 번호 [주문/송장번호] 업데이트 요청과 관련하여 문의해 주셔서 감사합니다. 저희는 고객님이 주문을 변경해야 할 수도 있다는 점을 이해하고 있으며, 이에 대해 도움을 드리고 있습니다. 가능한 최상의 솔루션을 제공하기 위해 어떤 업데이트를 원하는지 구체적으로 알려주시겠습니까? 이 정보가 확보되면 고객님의 요청을 수용하고 주문에 대한 만족을 보장하기 위해 최선을 다할 것입니다."
BL,구매한 제품 [주문/송장번호]를 변경하도록 도와주세요,주문,주문 변경,구매 번호 [주문/송장번호]의 제품 변경에 대해 저희를 믿고 도움을 주셔서 감사합니다. 저는 구매 시 올바른 제품을 구매하는 것의 중요성을 완전히 이해합니다. 더 나은 지원을 위해 변경하려는 제품의 구체적인 세부정보를 알려주시겠습니까? 이 정보는 고객님의 요구 사항에 맞게 구매를 정확하게 업데이트하는 데 도움이 됩니다.
BCILPQZ,주문할 기사를 추가하고 싶습니다 370795561790도와주세요,주문,주문 변경,"주문 번호 [주문/송장번호]에 품목을 추가해 달라는 고객님의 요청과 관련하여 연락해 주셔서 감사합니다. 마음이 바뀌었거나 주문에 포함하고 싶은 다른 품목을 찾았을 수도 있다는 점을 이해합니다. 이를 지원하기 위해 항목 이름, 크기, 색상 또는 기타 사양 등 추가하려는 항목의 세부 정보를 제공해 주시기 바랍니다. 이 정보를 받으면 고객님의 요청을 수용하고 그에 따라 주문을 업데이트하기 위해 최선을 다할 것입니다. 추가하고 싶은 기사의 구체적인 세부 사항을 알려주시면 기꺼이 도와드리겠습니다!"
BLM,[주문/송장번호] 주문의 여러 항목을 전환하는 데 도움이 필요합니다.,주문,주문 변경,주문 번호 [주문/송장번호]에 대한 여러 상품을 전환하는 데 도움이 필요하신 것으로 확인됩니다. 불편을 끼쳐드려 죄송합니다. 전환을 진행하려면 전환하려는 기사와 전환하려는 기사의 구체적인 세부정보를 제공해 주시겠습니까? 이 정보는 고객님의 주문이 정확하게 변경되었는지 확인하는 데 도움이 됩니다. 이 문제를 해결하는 동안 협조해 주시고 기다려 주셔서 감사합니다.
BIL,구매 [주문/송장번호]를 편집하는 것을 도와주실 수 있나요?,주문,주문 변경,구매번호 [주문/송장번호] 수정에 대해 문의해 주셔서 진심으로 감사드립니다. 저희 팀은 고객님이 수정해야 하는 모든 사항을 지원하기 위해 최선을 다하고 있습니다. 정확한 안내를 제공할 수 있도록 구매 시 변경하고 싶은 사항을 구체적으로 알려주시겠어요? 고객 만족이 최우선이며 고객님의 요청을 신속하게 처리하기 위해 최선을 다하겠습니다. 자세한 내용을 알려주시면 그에 맞춰 도와드리겠습니다.
BLM,[주문/송장번호]를 주문하려면 여러 기사를 추가하는 데 도움이 필요합니다.,주문,주문 변경,"주문 번호 [주문/송장번호]에 여러 품목을 추가하는 데 도움이 필요하다는 사실을 확인했습니다. 저희 팀은 고객님께 원활하고 만족스러운 쇼핑 경험을 보장하기 위해 왔습니다. 주문에 추가하고 싶은 특정 품목을 알려주시겠습니까? 이를 통해 저희는 필요한 조정을 신속하게 수행하고 고객님의 주문이 고객님의 선호 사항을 정확하게 반영하도록 할 수 있습니다. 고객 만족은 저희의 최우선 과제이며, 고객님을 위해 작업하는 동안 기다려 주셔서 감사합니다."
BILQ,구매 수정 방법 [주문/송장번호],주문,주문 변경,"[주문/송장번호] 번호로 구매한 항목을 편집하는 데 도움이 필요하다는 점을 인정합니다. 저희는 고객님의 구매가 고객님의 기대에 부응할 수 있도록 돕고 싶습니다. 그래서 제가 도와드리겠습니다. 항목 추가 또는 제거, 수량 업데이트, 기타 사항 수정 등 변경하려는 사항에 대한 구체적인 세부정보를 알려주시기 바랍니다. 이러한 세부정보를 통해 저는 고객님께 절차를 안내하고 고객님의 구매가 고객님이 원하는 대로 이루어졌는지 확인할 수 있습니다."
BILMZ,[주문/송장번호] 구매에서 일부 제품을 어떻게 삭제할 수 있나요?,주문,주문 변경,"구매 번호 [주문/송장번호]에서 일부 제품을 삭제해야 한다는 점을 진심으로 이해합니다. 이를 지원하려면 다음 단계를 따르세요. 1. 고객님의 계정에 로그인하고 ""주문 내역"" 섹션으로 이동하십시오. 2. 구매 번호가 [주문/송장번호]인 특정 주문을 찾습니다. 3. 주문 세부정보를 클릭하면 구매에 포함된 상품 목록을 확인할 수 있습니다. 4. 삭제하려는 제품을 확인하고 각 항목 옆에 있는 ""제거"" 또는 ""삭제"" 옵션을 클릭하십시오. 5. 선택한 제품을 제거하라는 메시지가 표시되면 작업을 확인합니다. 6. 업데이트된 구매 세부정보를 검토하여 원하는 대로 변경되었는지 확인하세요. 이 과정에서 어려움이 발생하면 언제든지 고객 지원팀에 문의하세요. 저희는 모든 단계에서 고객님을 돕기 위해 연중무휴로 대기하고 있습니다. 안심해 주세요. 저희는 고객님께 우수한 서비스를 제공하고 완전한 만족을 보장하기 위해 최선을 다하고 있습니다."
BIL,구매한 제품을 변경하는 데 도움을 주실 수 있나요?,주문,주문 변경,물론입니다! 구매에 대해 변경하고 싶은 사항이 있으면 도와드리겠습니다. 고객님의 요청을 정확하게 처리할 수 있도록 구매 번호와 변경하려는 제품을 제공해 주시겠습니까? 이 정보를 사용하여 당사는 고객님의 주문에 필요한 조정을 진행하고 고객님이 구매 경험에 완전히 만족하는지 확인할 수 있습니다.
BLMN,구매 [주문/송장번호]에서 일부 기사를 제거할 수 없습니다.,주문,주문 변경,"구매 번호 [주문/송장번호]에서 일부 항목을 제거하는 데 어려움을 겪고 계신 것으로 알고 있습니다. 이로 인해 불편을 끼쳐드려 죄송합니다. 저희 팀은 이 문제를 즉시 해결할 수 있도록 도와드립니다. 더 나은 지원을 위해 제거하려는 특정 기사에 대한 추가 정보를 제공해 주시겠습니까? 이를 통해 저희는 가장 정확하고 효율적인 솔루션을 제공할 수 있습니다. 이 문제를 알려주셔서 감사드리며, 이 문제를 해결하기 위해 노력하는 동안 양해해 주셔서 감사합니다."
BELMN,[주문/송장번호] 구매를 위해 일부 상품을 추가할 수 없습니다,주문,주문 변경,구매 번호 [주문/송장번호]에 일부 제품을 추가할 수 없어 불편을 끼쳐 드린 점 이해합니다. 안심하세요. 문제를 해결하고 해결책을 찾는 데 도움을 드리고 있습니다. 추가하는 데 문제가 있는 제품에 대한 자세한 내용을 제공해 주시겠습니까? 이 정보는 문제를 식별하고 효과적으로 지원하는 데 도움이 됩니다.
BCILP,[주문/송장번호] 주문을 편집해야 합니다. 도움을 받을 수 있나요?,주문,주문 변경,과연! 주문 번호 [주문/송장번호] 편집에 대한 지원을 문의해 주셔서 감사합니다. 저희는 고객 만족을 보장하기 위해 때때로 조정이 필요하다는 것을 이해합니다. 고객님이 원하는 특정 변경 사항에 대해 더 자세한 내용을 제공해 주시겠습니까? 이를 통해 당사는 고객님께 더 나은 지원을 제공하고 고객님의 주문에 필요한 수정을 가할 수 있습니다. 우리가 어떻게 도울 수 있는지 알려주세요!
BILMP,여러 구매 품목 [주문/송장번호]를 어떻게 전환할 수 있나요?,주문,주문 변경,구매 번호 #[주문/송장번호]에서 여러 품목을 전환하고 싶다는 점을 이해합니다. 저희의 목표는 고객님이 만족할 수 있도록 필요한 변경을 수행하도록 돕는 것입니다. 상품 전환을 진행하려면 교환하려는 상품의 이름과 수량을 포함하여 세부정보를 제공해 주시기 바랍니다. 그러면 저희 팀에서 요청을 검토하고 절차를 안내해 드릴 것입니다. 구매 내용을 수정하는 동안 양해해 주시고 협조해 주셔서 감사합니다.
BCL,[주문/송장번호]를 주문하려면 기사를 추가해야 합니다. 도와주세요.,주문,주문 변경,주문 번호 [주문/송장번호]에 품목을 추가해 달라는 요청과 함께 고객님의 메시지가 접수되었습니다. 저희는 고객님의 주문을 조정하고 고객 만족을 보장하는 것의 중요성을 이해합니다. 추가 지원을 위해 추가하고 싶은 기사의 세부정보를 제공해 주시겠습니까? 고객님의 피드백과 질문은 우리에게 귀중한 것이며 고객님의 요구 사항을 충족시키기 위해 왔습니다. 이 추가 작업에 대해 어떻게 도움을 드릴 수 있나요?
B,[주문/송장번호] 주문에 항목을 추가하는 데 도움이 필요합니다.,주문,주문 변경,연락해주셔서 기뻐요! 주문 번호 [주문/송장번호]에 품목을 추가하는 데 도움을 요청해 주셔서 감사합니다. 고객님이 새 항목을 추가하여 기존 주문을 수정하려고 한다는 것을 알고 있으며 이에 대해 도움을 드릴 수 있습니다. 품목 추가를 진행하려면 주문에 포함하고 싶은 특정 품목의 세부정보를 제공해 주세요. 이를 통해 저희는 필요한 조치를 취하고 고객님이 원하는 대로 업데이트된 주문을 받을 수 있도록 할 수 있습니다. 저희는 고객님의 응답을 기대하고 추가 지원을 하겠습니다!
BL,[주문/송장번호] 주문 항목을 전환하는 데 도움이 필요합니다.,주문,주문 변경,이 문제를 알려주셔서 감사합니다! 주문 번호(주문 번호 [주문/송장번호])를 변경하는 데 도움이 필요하다는 점을 이해합니다. 저희는 이 문제를 해결하는 데 도움을 드리고 있습니다. 전환하고 싶은 특정 품목에 대한 자세한 내용을 제공해 주시겠습니까? 이 정보를 통해 당사는 필요한 변경을 수행하는 데 더 나은 지원을 제공할 수 있습니다. 고객 만족이 저희의 최우선 과제이며 고객님의 주문이 고객님의 기대에 부응하는지 확인하고 싶습니다.
BILMQ,[주문/송장번호] 구매 시 일부 기사를 어떻게 제거하나요?,주문,주문 변경,"주문 번호 [주문/송장번호] 구매 항목에서 일부 품목을 제거하는 데 도움을 요청해 주셔서 감사합니다. 특정 항목을 제거하려면 다음 단계를 따라 주세요. 1. ""[주문/송장번호]"" 페이지로 이동합니다. 2. 구매한 항목 목록을 찾아 제거하려는 항목을 식별합니다. 3. 일반적으로 각 항목 옆에 있는 ""[기타정보]"" 버튼이나 링크를 클릭합니다. 4. 결정을 확인하기 위해 확인 메시지가 나타날 수 있습니다. 메시지가 나타나면 ""예"" 또는 ""제거""를 선택하여 계속 진행하세요. 5. 제거하려는 추가 항목에 대해 3~4단계를 반복합니다. 6. 완료되면 업데이트된 구매 요약을 검토하여 선택한 항목이 성공적으로 제거되었는지 확인하세요. 이 과정에서 어려움이 있거나 추가 지원이 필요한 경우 주저하지 말고 알려주시기 바랍니다. 우리가 도와주러 왔습니다!"
BL,주문 [주문/송장번호]를 편집해야 합니다.,주문,주문 변경,주문 번호 [주문/송장번호]를 수정해야 한다는 말씀이 무슨 뜻인지 알겠습니다. 필요한 변경을 수행할 수 있도록 도와드리겠습니다. 더 나은 도움을 드릴 수 있도록 고객님이 원하는 특정 수정 사항에 대한 자세한 내용을 제공해 주시겠습니까? 저희의 목표는 고객님의 주문에 대한 고객님의 완전한 만족을 보장하는 것이며 고객님의 의견은 매우 중요합니다. 추가로 도움을 드릴 수 있는 방법을 알려주세요.
BIL,[주문/송장번호] 주문 항목을 어떻게 전환할 수 있나요?,주문,주문 변경,"고객님는 고객님의 주문에서 [주문/송장번호] 번호의 품목을 전환하려고 하신다는 것을 알고 있습니다. 저희 팀이 이 요청을 도와드리겠습니다. 가장 정확한 해결방안을 제공해드리기 위해, 교환하고 싶은 상품과 교체하고 싶은 상품의 상세정보를 제공해 주실 수 있나요? 이 정보가 확보되면 절차를 안내하고 고객님의 선호 사항에 따라 주문이 업데이트되도록 할 수 있습니다. 고객 만족이 저희의 최우선 과제이며, 저희는 고객님을 위해 이 절차를 최대한 원활하게 만들기 위해 최선을 다하고 있습니다. 이 문제를 해결하기 위해 노력하는 동안 고객님의 인내심과 협조에 감사드립니다."
BIL,[주문/송장번호] 구매에서 항목을 제거하도록 도와주실 수 있나요?,주문,주문 변경,주문 번호 [주문/송장번호]로 구매한 항목에서 항목을 제거하는 데 도움을 찾고 계신 것으로 알고 있습니다. 불편을 끼쳐드려 죄송합니다. 더 나은 지원을 위해 제거하려는 특정 항목을 제공해 주시겠습니까? 이 정보가 확보되면 고객님의 구매를 업데이트하는 데 즉시 도움을 드리겠습니다. 고객 만족이 저희의 최우선 사항입니다. 이 문제를 해결하는 데 있어 고객님의 인내와 협조에 감사드립니다.
BLQ,구매 [주문/송장번호]를 편집하려고 합니다.,주문,주문 변경,구매 번호 [주문/송장번호] 편집과 관련하여 문의해 주셔서 감사합니다. 저희는 고객님이 주문을 변경해야 할 수도 있다는 것을 이해하고 있으며 고객님을 돕기 위해 여기에 있습니다. 더 나은 지원을 위해 고객님이 원하는 특정 변경 사항에 대한 자세한 내용을 제공해 주시겠습니까? 저희의 목표는 고객님의 완전한 만족을 보장하는 것이며 고객님의 피드백은 서비스를 개선하는 데 도움이 됩니다. 양해해 주셔서 감사드리며 구매에 도움이 되기를 바랍니다.
BLMQZ,[주문/송장번호] 주문의 여러 항목을 교환하는 데 도움을 드릴 수 없습니다,주문,주문 변경,주문 번호 [주문/송장번호]의 여러 품목을 교환하는 데 도움을 요청해 주셔서 감사합니다. 저희 팀은 고객님이 주문에 필요한 변경을 할 수 있도록 도와드립니다. 교환하고 싶은 특정 품목을 알려주실 수 있나요? 이 정보를 통해 당사는 고객님의 요청을 정확하고 효율적으로 처리할 수 있습니다. 주문 경험 개선을 위해 협조해 주셔서 감사합니다.
BQ,주문 [주문/송장번호]를 변경하고 싶습니다.,주문,주문 변경,주문 번호 [주문/송장번호]로 주문을 변경하고 싶다는 점을 이해합니다. 불편을 끼쳐드려 죄송합니다. 더 나은 지원을 위해 고객님이 원하는 특정 변경 사항에 대한 자세한 내용을 제공해 주시겠습니까? 더 많은 정보를 얻으면 더 많은 도움을 드릴 수 있으며 고객님의 주문이 고객님의 기대에 부응하는지 확인할 수 있습니다. 문의해 주셔서 감사합니다.
BILW,[주문/송장번호] 주문에서 빌어먹을 기사를 삭제할 수 있나요?,주문,주문 변경,저는 주문 번호 [주문/송장번호]에서 특정 항목을 삭제하고 싶어하는 고객님의 불만을 충분히 알고 있습니다. 저희는 필요한 조정을 수행하는 데 도움을 드리고 있습니다. 삭제하려는 기사의 세부정보를 제공해 주시겠습니까? 이를 통해 문제를 신속하게 해결하고 고객 만족을 보장할 수 있습니다.
BLQ,[주문/송장번호] 주문에서 항목을 삭제하는 방법을 모르겠습니다.,주문,주문 변경,"주문 번호 [주문/송장번호]에서 항목을 삭제하는 데 도움을 주신 메시지에 감사드립니다. 저는 고객님이 그 과정에 대해 확신이 없다는 것을 이해하며, 저는 그 과정을 안내하기 위해 왔습니다. 주문에서 항목을 삭제하려면 계정 페이지를 방문하거나 고객 지원팀에 문의하세요. 추가 지원을 제공하고 해당 항목이 성공적으로 제거되었는지 확인할 수 있습니다. 제가 도와드릴 수 있는 다른 일이 있으면 알려주세요."
BKLZ,주문 [주문/송장번호] 편집,주문,주문 변경,주문 번호 [주문/송장번호] 수정 요청을 제기해 주셔서 감사합니다. 고객님이 이 특정 주문을 수정하고 싶다는 점을 인정합니다. 필요한 변경을 진행하려면 어떤 특정 편집을 원하는지에 대한 자세한 내용을 제공해 주시겠습니까? 이를 통해 보다 효과적으로 고객님을 지원하고 고객 만족을 보장할 수 있습니다.
BLMQ,[주문/송장번호]를 구매하려면 여러 제품을 추가해야 합니다.,주문,주문 변경,"[주문/송장번호] 번호로 구매한 제품에 여러 제품을 추가해 달라는 요청에 감사드립니다. 구매 내용을 유연하게 수정할 수 있는 능력이 중요하다는 점을 이해하고 있으며, 제가 도와드리겠습니다. 제품 추가를 진행하려면 포함하려는 항목의 세부정보를 알려주시기 바랍니다. 이렇게 하면 원활하고 효율적인 절차를 보장할 수 있습니다."
BL,주문 [주문/송장번호]를 편집하려고 합니다.,주문,주문 변경,"주문 번호 [주문/송장번호] 수정 요청과 함께 고객님의 메시지를 받았습니다. 고객님의 피드백에 감사드리며 고객님의 주문을 변경하는 것이 얼마나 중요한지 이해하고 있습니다. 이에 도움을 드리기 위해 변경하려는 사항에 대한 구체적인 세부정보를 제공해 주시겠습니까? 품목 업데이트, 배송 주소 수정, 기타 변경 등 모든 과정이 최대한 원활하게 진행되도록 도와드리겠습니다. 고객 만족이 저희의 최우선 과제이며 고객님의 주문이 고객님의 기대에 부응하도록 최선을 다하고 있습니다."
BL,구매 물품 교환 [주문/송장번호],주문,주문 변경,구매 번호 #[주문/송장번호]의 품목을 교환하고 싶다는 점을 이해합니다. 이로 인해 불편을 끼쳐드려 죄송합니다. 물품 교환을 진행하려면 다음 정보를 제공해 주시기 바랍니다. 1. 교환하려는 특정 물품. 2. 고객님이 받고 싶은 교체품. 이 정보를 받으면 저희 팀은 교환을 처리하고 고객 만족도가 충족될 수 있도록 추가 지원을 제공할 것입니다. 추가 질문이나 우려 사항이 있는 경우 언제든지 알려주시기 바랍니다. 우리가 도와드리겠습니다!
BNQ,[주문/송장번호] 주문에 항목을 추가할 수 없습니다.,주문,주문 변경,[주문/송장번호] 주문에 항목을 추가하는 데 어려움을 겪고 계신 것으로 알고 있습니다. 불편을 끼쳐드려 죄송합니다. 더 나은 지원을 위해 어떤 항목을 추가하려고 하는지 물어봐도 될까요? 이 정보를 통해 저희는 함께 협력하여 솔루션을 찾고 고객님의 주문이 고객님이 원하는 대로 정확하게 이루어지도록 할 수 있습니다.
BL,구매 시 항목 삭제 지원 [주문/송장번호],주문,주문 변경,"구매 번호 [주문/송장번호]에서 항목을 삭제하는 데 도움을 요청하신 것으로 확인되었습니다. 안심하세요. 저희가 도와드리겠습니다. 원활한 해결을 위해 삭제하려는 항목의 구체적인 세부정보를 알려주시기 바랍니다. 이 정보를 통해 당사는 즉각적인 조치를 취하고 고객님의 구매가 고객님의 기대에 부응하는지 확인할 수 있습니다. 문의해 주셔서 감사드리며, 문제를 해결하기 위해 노력하는 동안 양해해 주셔서 감사합니다."
BILM,[주문/송장번호]를 구매하기 위해 일부 항목을 추가할 수 있나요?,주문,주문 변경,[주문/송장번호] 번호로 구매한 항목을 추가하는 데 도움을 받기 위해 문의해 주셔서 감사합니다. 저희는 고객님의 필요에 맞게 주문을 맞춤화하는 것이 중요하다는 것을 알고 있습니다. 항목 추가를 진행하려면 포함하려는 특정 항목의 세부정보를 제공해 주시겠습니까? 이를 통해 당사는 고객님의 구매를 정확하게 업데이트하고 완전한 만족을 보장할 수 있습니다. 고객님의 구매 경험을 최대한 원활하게 만드는 데 협조해 주셔서 감사합니다. 추가로 어떻게 도와드릴까요?
BLMNQ,[주문/송장번호]를 구매하기 위해 일부 기사를 추가할 수 없습니다.,주문,주문 변경,구매 번호 [주문/송장번호]에 일부 품목을 추가하는 데 어려움을 겪고 계신 것으로 알고 있습니다. 불편을 끼쳐드려 죄송합니다. 더 나은 도움을 드릴 수 있도록 추가하려는 기사의 구체적인 세부정보를 제공해 주시겠습니까? 정보가 확보되면 문제를 해결하고 고객님의 구매가 정확하고 완전하도록 최선을 다할 것입니다. 고객 만족이 저희의 최우선 사항입니다. 이 문제에 대한 고객님의 인내와 협조에 감사드립니다.
BL,[주문/송장번호] 주문한 제품을 교환하고 싶어요,주문,주문 변경,"주문 번호 [주문/송장번호]의 제품 교환 요청을 이해합니다. 불편을 끼쳐드려 죄송합니다. 처리 과정을 도와드리겠습니다. 교환을 진행하려면 품목 이름, 특정 변형 또는 옵션을 포함하여 교환하려는 제품의 세부 정보를 제공해 주시겠습니까? 이는 원활하고 정확한 교환을 보장하는 데 도움이 됩니다."
BK,주문할 항목 추가,주문,주문 변경,"주문과 관련하여 문의해 주셔서 감사합니다. 필요한 추가 작업을 도와드리겠습니다. 제품명, 수량, 기타 관련 정보 등 추가하려는 품목의 구체적인 세부정보를 제공해 주세요. 저희 팀은 해당 품목이 고객님의 주문에 즉시 추가되도록 보장할 것입니다. 고객님의 협조에 감사드리며 구매를 완료하는 데 도움이 되기를 바랍니다."
BLMZ,주문 [주문/송장번호]의 일부 항목을 교환하는 데 도움이 필요합니다.,주문,주문 변경,주문 번호 [주문/송장번호]의 일부 품목 교환 요청과 관련된 메시지를 받게 되어 기쁘게 생각합니다. 저희는 때때로 변경이 필요하다는 것을 이해하고 있으며 고객님을 돕기 위해 왔습니다. 최상의 솔루션을 제공할 수 있도록 교환하고 싶은 특정 품목을 알려주십시오. 저희 팀은 고객님의 요청을 수용하고 완전한 만족을 보장하기 위해 신속하게 노력할 것입니다. 양해해 주셔서 감사드리며 이 문제가 해결될 수 있도록 최선을 다하겠습니다.
BL,구매 [주문/송장번호] 수정을 도와주세요,주문,주문 변경,번호 [주문/송장번호]로 구매 항목을 수정하는 데 도움이 필요하다는 것을 깨달았습니다. 저희는 고객님이 만족할 수 있도록 필요한 변경을 할 수 있도록 최선을 다해 도와드립니다. 더 나은 지원을 위해 구체적으로 어떤 부분을 수정하고 싶은지 알려주시겠어요? 이러한 방식으로 저희는 고객님께 절차를 안내하고 고객님의 구매가 고객님의 기대에 부응하는지 확인할 수 있습니다. 고객님의 의견은 우리에게 귀중한 것이며 고객님의 우려 사항을 해결하기 위해 함께 노력하는 동안 양해해 주셔서 감사합니다.
BL,[주문/송장번호] 주문 항목을 전환하는 데 도움,주문,주문 변경,주문 번호 [주문/송장번호]에서 항목을 전환하는 데 도움을 요청해 주셔서 감사합니다. 저희는 이 문제에 대해 기꺼이 도와드리겠습니다. 전환하려는 항목과 원하는 교체 항목에 대한 자세한 정보를 제공해 주시겠습니까? 이를 통해 고객님의 요청을 정확하고 효율적으로 처리할 수 있습니다. 협조해 주셔서 감사합니다.
BI,[주문/송장번호]를 주문하기 위해 항목을 추가하는 방법은 무엇입니까?,주문,주문 변경,"주문 번호 [주문/송장번호]에 품목을 추가하는 방법에 대한 지침을 찾고 계신 것으로 알고 있습니다. 저희는 고객님을 돕기 위해 왔습니다. 기존 주문에 품목을 추가하려면 다음 단계를 따르세요. 1. 당사 웹사이트 또는 모바일 앱에서 고객님의 계정에 로그인하십시오. 2. 주문 또는 주문 내역으로 이동합니다. 3. 수정하려는 특정 주문 번호([주문/송장번호])를 찾으십시오. 4. 주문을 클릭하고 '항목 추가' 옵션을 찾으세요. 5. 사용 가능한 인벤토리에서 추가하려는 항목을 선택합니다. 6. 추가 내용을 확인하고 필요한 경우 결제 과정을 진행하세요. ""항목 추가"" 옵션의 사용 가능 여부는 현재 주문 상태에 따라 달라질 수 있습니다. 어려움이 있거나 추가 질문이 있는 경우 당사 고객 지원팀이 라이브 채팅이나 전화 지원을 통해 도움을 드릴 수 있습니다. 고객님의 주문을 개선하는 데 도움을 드리는 동안 고객님의 이해와 인내심에 감사드립니다."
BILQZ,[주문/송장번호] 구매한 제품을 교환하는 데 도움을 주실 수 있나요?,주문,주문 변경,"구매번호 [주문/송장번호]의 상품을 교환하고 싶다고 파악했습니다. 저희는 고객님을 돕기 위해 왔습니다. 원활한 교환 진행을 위해, 교환하고 싶은 상품의 세부정보와 교체할 새 상품을 알려주세요. 저희 팀은 이러한 교환을 촉진하고 고객님이 구매에 만족할 수 있도록 열심히 노력할 것입니다. 도움을 위해 문의해 주셔서 감사합니다."
BLNZ,주문 [주문/송장번호]를 교환할 수 없습니다.,주문,주문 변경,"주문 번호 [주문/송장번호]의 품목을 교환한 경험에 대해 사과드립니다. 저희는 주문을 변경할 수 있는 유연성의 중요성을 이해합니다. 추가 지원을 위해 교환하려는 특정 품목에 대한 추가 정보를 제공해 주시겠습니까? 이렇게 하면 문제를 더 잘 이해하고 고객님께 적합한 솔루션을 찾는 데 도움이 됩니다. 양해해 주셔서 감사드리며, 가능한 한 빨리 이 문제를 해결하도록 최선을 다하겠습니다."
BILPW,[주문/송장번호] 구매 아이템을 교환할 수 있나요?,주문,주문 변경,구매 번호 [주문/송장번호]의 품목 교환 가능성에 관해 문의해 주셔서 감사합니다. 안심하세요. 저희가 도와드리겠습니다. 가장 정확한 정보를 제공하기 위해 교환하고 싶은 특정 품목과 염두에 두고 있는 교체 품목을 알려주시겠습니까? 이를 통해 절차를 더욱 효과적으로 진행하고 고객님의 구매가 고객님의 기대에 부응하도록 보장할 수 있습니다. 곧 고객님의 연락을 기다리겠습니다!
BILZ,주문 00004587345를 업데이트할 수 있나요?,주문,주문 변경,"주문 [주문/송장번호]를 업데이트하는 데 도움을 요청해주셔서 감사합니다. 우리가 도와드리겠습니다! 더 나은 지원을 위해 원하는 업데이트에 대한 자세한 내용을 제공해 주시겠습니까? 품목을 수정하거나 배송 주소를 변경하는 경우, 저희 팀은 고객님의 주문이 고객님의 기대에 부응할 수 있도록 필요한 조정을 할 준비가 되어 있습니다."
BLM,[주문/송장번호] 주문의 일부 제품을 전환하는 데 도움이 됩니다.,주문,주문 변경,주문 번호 [주문/송장번호]의 일부 제품을 전환하는 데 도움이 필요하다는 사실을 확인했습니다. 불편을 끼쳐드려 죄송합니다. 더 나은 지원을 위해 전환하고 싶은 특정 제품과 원하는 교체 제품을 알려주시겠습니까? 이를 통해 절차를 신속하게 처리하고 고객님의 주문이 고객님의 기대에 부합하는지 확인할 수 있습니다. 고객님의 인내와 협조에 감사드립니다.
BLZ,주문 수정113542617735902,주문,주문 변경,"주문 번호 [주문/송장번호] 수정 요청과 관련하여 문의해 주셔서 감사합니다. 저희 팀은 고객님이 필요한 변경을 수행할 수 있도록 최선을 다해 지원하고 있습니다. 수정하고 싶은 사항에 대한 구체적인 세부정보를 제공해 주시겠습니까? 이를 통해 저희는 고객님의 요구 사항을 더 잘 이해하고 고객님이 만족할 수 있도록 이를 이행할 수 있습니다. 고객님의 의견은 우리에게 귀중한 것이며, 앞으로도 더 많은 도움을 드릴 수 있기를 기대합니다."
BL,[주문/송장번호] 주문 제품을 변경하는 데 도움이 필요합니다.,주문,주문 변경,문의해 주셔서 감사합니다! 주문 번호 [주문/송장번호]에서 제품을 변경하는 데 도움이 필요하다는 점을 충분히 이해합니다. 저희는 고객님을 돕기 위해 여기 있습니다. 변경하고 싶은 특정 제품과 교체하고 싶은 제품을 알려주시겠습니까? 이러한 세부 정보를 제공하면 고객님의 기대에 부응하는 원활하고 정확한 절차를 보장할 수 있습니다.
BLQ,구매 변경에 문제가 있습니다 [주문/송장번호],주문,주문 변경,구매 번호 [주문/송장번호] 변경 문제에 대해 문의해 주셔서 감사합니다. 저희는 고객님이 주문을 수정하는 것이 얼마나 중요한지 이해하고 있으며 고객님을 돕기 위해 왔습니다. 고객님께 가장 적합한 솔루션을 찾을 수 있도록 고객님이 겪고 있는 문제에 대한 자세한 내용을 제공해 주십시오. 고객 만족이 저희의 최우선 과제이며 고객님이 겪을 수 있는 모든 문제를 해결하기 위해 최선을 다하고 있습니다.
BL,주문 편집 도움말 [주문/송장번호],주문,주문 변경,"주문 번호 [주문/송장번호] 편집에 대한 지원을 요청해 주셔서 감사합니다. 저희는 고객님의 주문에 필요한 수정을 할 수 있도록 도와드립니다. 변경하려는 사항에 대한 자세한 내용을 제공해 주시겠습니까? 수량 업데이트, 품목 제거, 기타 수정 등 어떤 작업을 하든 저희는 고객님의 완전한 만족을 보장하기 위해 최선을 다하고 있습니다. 고객님의 피드백은 우리에게 중요하며 필요한 조정을 위해 함께 노력하는 동안 기다려 주셔서 감사합니다."
BL,[주문/송장번호]를 주문하려면 기사를 추가하는 데 도움이 필요합니다.,주문,주문 변경,"번호 [주문/송장번호]로 주문에 품목을 추가하는 데 도움이 필요하다는 사실을 파악했습니다. 저희는 고객님이 만족할 수 있도록 필요한 변경을 수행할 수 있도록 도와드립니다. 추가하고 싶은 기사에 대한 자세한 내용을 제공해 주시겠습니까? 이를 통해 고객님의 요청을 정확하고 효율적으로 처리할 수 있습니다. 문의해 주셔서 감사드리며, 수정 작업을 지원하는 동안 양해해 주셔서 감사합니다."
BEL,[주문/송장번호] 주문 항목을 어떻게 교환할 수 있는지 모르겠습니다.,주문,주문 변경,"기꺼이 도와드리겠습니다! 주문 번호 [주문/송장번호]의 품목을 교환하는 데 도움을 드리고자 왔습니다. 교환을 진행하려면 다음 단계를 따르세요. 1. 고객님의 계정으로 이동하여 ""주문 내역"" 섹션으로 이동하십시오. 2. 수정하려는 특정 주문(주문 번호 [주문/송장번호])을 찾아 선택합니다. 3. ""아이템 교환"" 또는 ""아이템 교체"" 옵션을 찾으세요. 그것을 클릭하세요. 4. 교체하려는 항목과 교체하려는 새 항목을 선택하라는 메시지가 표시됩니다. 사용 가능한 선택 항목 중에서 적절한 옵션을 선택합니다. 5. 교환 요청을 확인하고 화면에 제공된 추가 지침을 진행합니다. 절차 중에 문제가 발생하거나 추가 지원이 필요한 경우 주저하지 말고 고객 지원팀에 문의하세요. [운영시간/기간]([고객센터전화번호]) 또는 당사 웹사이트([웹사이트/메뉴])의 라이브 채팅을 통해 연락하실 수 있습니다. 아이템 교환이 성공적으로 완료될 수 있도록 기꺼이 도와드리겠습니다."
BIL,[주문/송장번호] 주문에서 제품을 제거하는 데 도움을 주실 수 있나요?,주문,주문 변경,주문 번호 [주문/송장번호]에서 제품을 제거하는 데 도움을 요청해 주셔서 감사합니다. 저희는 고객님의 주문을 조정하는 것의 중요성을 이해하고 고객님의 완전한 만족을 보장하고자 합니다. 더 나은 지원을 위해 제거하려는 제품의 세부정보를 제공해 주시기 바랍니다. 저희 팀은 고객님의 요청을 신속하게 해결하고 원활한 쇼핑 경험을 보장하기 위해 최선을 다하고 있습니다.
BL,구매 수정 [주문/송장번호] 문제,주문,주문 변경,"구매번호 [주문/송장번호] 수정 중 발생한 문제로 인해 불편을 드려 죄송합니다. 저희 팀은 소중한 고객에게 원활한 쇼핑 경험을 보장하기 위해 최선을 다하고 있으며, 이 문제를 우리에게 알려주셔서 감사합니다. 추가 지원을 위해 현재 직면한 특정 문제에 대한 자세한 내용을 제공해 주시겠습니까? 이를 통해 문제를 더 잘 이해하고 효과적인 솔루션을 제공할 수 있습니다. 고객님의 인내와 협조에 감사드립니다."
BLM,구매 시 일부 항목을 제거하는 데 도움이 필요합니다 [주문/송장번호],주문,주문 변경,구매 번호 [주문/송장번호]에서 항목을 제거해 달라는 요청과 함께 우리에게 보낸 메시지에 감사드립니다. 저희는 고객님의 구매 수정에 도움이 필요하다는 것을 완전히 이해합니다. 고객님의 우려 사항을 정확하게 해결할 수 있도록 제거하려는 항목에 대한 구체적인 세부 정보를 제공해 주시겠습니까? 이렇게 하면 필요한 변경을 신속하게 수행하고 고객 만족을 보장하는 데 도움이 됩니다. 양해해 주셔서 감사드리며 이 문제가 해결될 수 있도록 최선을 다하겠습니다.
BLMQ,[주문/송장번호]를 구매하기 위해 여러 항목을 추가하는 방법을 모르겠습니다.,주문,주문 변경,고객님의 연락에 감사드립니다! [주문/송장번호] 번호로 구매한 항목에 여러 항목을 추가하는 방법에 대해 잘 모르시는 것 같습니다. 걱정하지 마세요. 제가 도와드리겠습니다! 구매에 여러 항목을 추가하려면 다음 단계를 따르세요. 1. 당사 웹사이트를 방문하여 고객님의 계정에 로그인하십시오. 2. '내 구매' 섹션 또는 '주문 내역' 페이지로 이동합니다. 3. 번호가 [주문/송장번호]인 구매 항목을 찾아 클릭하면 세부 정보를 볼 수 있습니다. 4. '항목 추가' 또는 '주문 편집' 버튼을 찾아 클릭하세요. 5. 사용 가능한 제품 목록이 표시됩니다. 옵션을 살펴보고 추가하려는 항목을 선택하세요. 6. 항목을 선택한 후 '추가' 또는 '확인' 버튼을 클릭하여 구매에 추가하세요. 7. 업데이트된 구매 요약을 검토하여 모든 내용이 올바른지 확인하세요. 8. 마지막으로 결제 또는 결제 페이지로 이동하여 추가 품목 구매를 완료하세요. 어려움이 있거나 추가 질문이 있는 경우 당사 고객 지원팀에 문의하세요. [운영시간/기간]. [고객센터전화번호]로 연락하거나 당사 웹사이트 [웹사이트/메뉴]의 라이브 채팅을 통해 언제든지 문의해 주세요. 그들은 기꺼이 절차를 안내하고 필요한 지원을 제공할 것입니다. 저희는 고객님의 구매 경험이 원활하고 즐거운지 확인하고 싶습니다.
BL,구매 제품 [주문/송장번호] 교환을 도와주세요,주문,주문 변경,구매한 품목을 [주문/송장번호] 번호로 교환하는 데 도움을 받기 위해 저희에게 연락해주셔서 다행입니다. 저희는 때때로 변경이 필요하다는 것을 이해하고 있으며 절차가 최대한 원활하게 진행되도록 돕기 위해 왔습니다. 교환을 진행하려면 교환하고 싶은 품목과 포함하고 싶은 교체 품목의 세부정보를 제공해 주시기 바랍니다. 필요한 정보가 모두 확보되면 원하는 변경을 수행할 수 있도록 즉시 지원해 드리겠습니다. 저희의 목표는 고객님의 구매에 대한 완전한 만족을 보장하는 것입니다. 이 문제에 대한 고객님의 인내와 협조에 감사드립니다.
BLQ,[주문/송장번호] 주문 상품을 교환하는 데 도움이 필요합니다,주문,주문 변경,"주문 번호 [주문/송장번호]로 주문한 품목을 교환하는 데 도움을 받기 위해 당사에 연락해 주셔서 감사합니다. 저희는 때때로 고객님이 마음을 바꾸거나 더 나은 대안을 찾을 수 있다는 것을 이해하며, 저희는 그러한 일이 가능하도록 돕기 위해 왔습니다. 교환하려는 품목에 대한 자세한 내용을 제공해 주시겠습니까? 이를 통해 당사는 고객님을 보다 효율적으로 지원하고 고객님께 가장 적합한 솔루션을 찾을 수 있도록 할 것입니다."
BLM,[주문/송장번호] 주문의 여러 제품을 전환하는 데 도움이 됩니다.,주문,주문 변경,주문 번호 [주문/송장번호]에서 여러 제품을 전환하는 데 도움이 필요하다는 연락을 받았습니다. 이 요청과 관련해 도움을 요청해 주셔서 감사합니다. 더 나은 지원을 위해 전환하려는 제품과 교체하려는 품목에 대한 구체적인 세부 정보를 제공해 주시겠습니까? 이를 통해 당사는 고객님의 요청을 정확하고 효율적으로 처리할 수 있습니다. 고객님의 주문에 필요한 조정을 하기 위해 협력하는 동안 고객님의 인내심과 이해에 감사드립니다.
BLZ,주문 수정732201349959,주문,주문 변경,"번호 [주문/송장번호]로 주문을 수정하는 데 도움을 줄 수 있도록 연락해 주셔서 감사합니다. 저희는 상황이 바뀔 수 있다는 것을 이해하며, 고객님이 필요한 조정을 할 수 있도록 도와드립니다. 고객님의 주문에 어떤 수정을 하고 싶은지 구체적으로 알려주시면 그에 따라 도움을 드릴 수 있습니다. 고객 만족이 최우선이며 고객님의 요청을 수용하기 위해 최선을 다할 것입니다."
BL,구매 항목 전환을 도와주세요 [주문/송장번호],주문,주문 변경,구매 번호 [주문/송장번호] 항목을 전환하는 데 도움이 필요하신 것으로 확인됩니다. 저희 팀이 이 문제를 해결하도록 도와드리겠습니다. 전환을 진행하려면 전환하려는 항목과 교체하려는 대체 항목에 대한 자세한 내용을 제공해 주시겠습니까? 이 정보를 통해 저희는 고객님을 즉시 지원하고 스위치가 고객님의 요구 사항을 충족하는지 확인할 수 있습니다. 고객님이 갖고 있는 특정 선호 사항이나 우려 사항을 자유롭게 공유해 주십시오. 저희는 이 과정을 최대한 원활하고 만족스럽게 만들기 위해 최선을 다하고 있습니다.
BIL,구매 항목 [주문/송장번호]를 어떻게 전환하나요?,주문,주문 변경,"저도 같은 생각입니다. 주문 번호 [주문/송장번호]로 구매한 항목을 전환해야 합니다. 저희는 고객님을 돕기 위해 여기 있습니다! 전환을 진행하려면 전환하려는 항목의 구체적인 세부정보를 제공해 주시겠습니까? 이를 통해 당사는 고객님께 추가 지원을 제공하고 고객님의 구매가 고객님의 기대에 부응하도록 보장할 것입니다. 저희 서비스를 선택해 주셔서 감사드리며, 수정 작업에 협조해 주셔서 감사합니다."
BILMQZ,[주문/송장번호] 주문에 일부 제품을 추가할 수 있습니다.,주문,주문 변경,번호 #[주문/송장번호]로 주문에 제품을 추가하는 방법에 대해 문의해 주셔서 감사합니다. 저희 팀은 가능한 최고의 지원을 제공하기 위해 최선을 다하고 있습니다. 정확성을 보장하기 위해 주문에 추가할 제품을 지정해 주시겠습니까? 고객님의 요청을 수용하고 원활하고 즐거운 쇼핑 경험을 제공하기 위해 최선을 다하겠습니다.
BMW,[주문/송장번호] 주문에 몇 가지 품목을 추가하도록 도와주세요,주문,주문 변경,주문 번호 [주문/송장번호]에 품목을 추가해 달라는 고객님의 요청을 이해합니다. 원래 포함되지 않은 품목으로 인해 불편을 끼쳐드려 죄송합니다. 이에 대한 도움을 받으려면 주문에 추가하고 싶은 특정 품목을 알려주시기 바랍니다. 필요한 조정이 이루어졌는지 확인하고 변경 사항을 고객님께 확인해 드리겠습니다. 이 문제를 해결하는 데 있어 고객님의 인내심과 협조에 감사드립니다.
BCL,구매 [주문/송장번호]를 수정하고 싶습니다. 도움이 필요합니다.,주문,주문 변경,구매 번호 [주문/송장번호]를 수정하는 데 도움이 필요하다는 점을 이해합니다. 저희는 고객님을 돕기 위해 여기 있습니다. 고객님이 원하는 특정 변경 사항에 대해 더 자세한 내용을 제공해 주시겠습니까? 이를 통해 당사는 고객님의 요청을 더 잘 이해하고 고객님의 구매를 성공적으로 수정하는 데 필요한 지침을 제공할 수 있습니다.
BI,[주문/송장번호] 주문에서 항목을 제거하는 방법은 무엇입니까?,주문,주문 변경,저도 같은 파장에 있습니다. [주문/송장번호] 주문에서 무언가를 제거하는 것이 중요하다는 점입니다. 이 조정을 수행하려면 다음 단계를 따르세요. 1. '[주문/송장번호]' 페이지로 이동합니다. 2. 제거하려는 항목을 찾습니다. 3. 선택한 항목을 제거하거나 삭제하려면 옵션을 클릭하세요. 4. 변경 사항을 검토하고 제거를 확인합니다. 다음 단계를 따르면 주문에서 해당 품목을 성공적으로 제거할 수 있습니다. 어려움이 있거나 추가 질문이 있으면 주저하지 말고 문의하세요. 저희는 고객님께 필요한 지원을 제공해 드리겠습니다.
BILM,[주문/송장번호]를 구매하기 위해 기사를 어떻게 추가하나요?,주문,주문 변경,문의해 주셔서 감사합니다! 구매 번호 [주문/송장번호]로 구매한 항목에 일부 품목을 추가하고 싶다는 점을 충분히 이해합니다. 이에 대한 도움을 받으려면 고객 지원팀에 직접 문의하는 것이 좋습니다. 그들은 절차를 안내하고 품목이 구매에 정확하게 추가되었는지 확인할 수 있습니다. [고객센터전화번호]로 전화하거나 당사 웹사이트 [웹사이트/메뉴]의 라이브 채팅을 통해 고객 지원팀에 연락할 수 있습니다. 추가로 도움이 필요하시면 알려주시기 바랍니다.
BLMQ,[주문/송장번호] 주문에서 일부 제품을 삭제하는 데 도움이 필요합니다.,주문,주문 변경,주문 번호 [주문/송장번호]에서 일부 제품을 삭제하는 데 도움이 필요하다는 점을 이해합니다. 주문에서 항목을 삭제하는 것은 우리가 알아볼 수 있는 옵션입니다. 제거하려는 특정 제품을 제공해 주시기 바랍니다. 이렇게 하면 고객님의 선호 사항에 따라 주문을 수정하는 데 필요한 조치를 신속하게 지원할 수 있습니다. 고객님의 양해와 협조에 감사드립니다.
BCILPQZ,[주문/송장번호]를 구매하려면 항목을 추가해야 합니다. 도와주실 수 있나요?,주문,주문 변경,구매 번호 [주문/송장번호]에 항목을 추가해 달라는 요청에 감사드립니다. 안심하세요. 제가 도와드리겠습니다. 계속 진행하려면 추가하려는 항목의 세부정보를 알려 주시기 바랍니다. 필요한 정보가 모두 확보되면 고객님의 구매에 대해 즉시 업데이트하고 고객님의 기대에 부합하는지 확인하겠습니다. 이에 대해 도움을 드릴 수 있는 기회를 주셔서 감사합니다.
BMZ,주문에서 일부 품목 제거 [주문/송장번호],주문,주문 변경,주문 번호 [주문/송장번호]에서 일부 항목을 제거하는 데 도움이 필요하다는 사실을 확인했습니다. 이로 인해 불편을 끼쳐드려 죄송합니다. 제거를 진행하려면 제거하려는 항목의 구체적인 세부정보를 알려주시겠습니까? 이렇게 하면 고객님의 요청을 해결하는 데 정확성과 효율성이 보장됩니다. 이 문제에 대해 알려주시고 도움을 드릴 수 있게 해주셔서 감사합니다.
BQZ,주문을 변경하려고 합니다 [주문/송장번호],주문,주문 변경,번호 #[주문/송장번호]로 주문을 수정하려고 하신 것으로 알고 있습니다. 불편을 끼쳐드려 죄송합니다. 이에 도움을 드리기 위해 변경하려는 사항에 대한 자세한 내용을 제공해 주시겠습니까? 이는 고객님의 요청을 정확하고 효율적으로 처리하는 데 도움이 됩니다. 또한 주문 변경과 관련하여 특별한 우려 사항이나 선호 사항이 있는 경우 알려주시기 바랍니다. 저희 팀은 고객님이 가능한 최고의 경험을 할 수 있도록 돕고 있습니다.
BL,[주문/송장번호] 주문 제품 교환을 도와주세요,주문,주문 변경,"주문 번호 [주문/송장번호]의 제품 교환과 관련하여 도움을 요청하신 것으로 알고 있습니다. 안심하세요. 저희가 도와드리겠습니다! 제품 교환을 진행하려면 제품 이름, SKU 또는 기타 관련 정보 등 교환하려는 품목의 구체적인 세부 정보를 제공해 주시기 바랍니다. 필요한 세부 정보가 모두 확보되면 즉시 절차를 시작하고 원활한 제품 교환을 보장해 드립니다. 이 문제에 대해 고객님의 인내심과 협조에 감사드립니다."
BLQ,구매를 변경하려면 도움이 필요합니다. [주문/송장번호],주문,주문 변경,주문 번호 [주문/송장번호]로 구매를 수정하는 데 도움이 필요하다는 점을 이해합니다. 저희 팀이 이 요청에 대해 도움을 드릴 것입니다. 고객님이 원하는 변경 사항에 대해 더 자세한 내용을 제공해 주시겠습니까? 이를 통해 당사는 필요한 조치를 진행하고 고객님의 주문이 고객님의 선호 사항과 완벽하게 일치하는지 확인할 수 있습니다. 저희는 고객님께 원활하고 만족스러운 쇼핑 경험을 제공하는 것을 목표로 하고 있으므로 고객님이 가지고 있는 특정 요청이나 우려 사항을 자유롭게 공유하십시오.
BI,[주문/송장번호] 주문을 변경할 수 있나요?,주문,주문 변경,물론이죠! 주문 번호 [주문/송장번호]를 변경하고 싶다는 점을 이해합니다. 저희는 고객님을 돕기 위해 왔습니다. 구체적으로 어떤 변경을 원하는지 알려주시겠어요? 이는 가능한 최상의 솔루션을 제공하는 데 도움이 될 것입니다.
BLMW,[주문/송장번호]를 주문하려면 빌어먹을 제품을 추가하세요,주문,주문 변경,고객님의 주문에 누락된 제품으로 인해 불편을 끼쳐드린 점 진심으로 사과드립니다. 저희는 고객님의 주문이 완전하고 정확한지 확인하는 것이 얼마나 중요한지 잘 알고 있습니다. 더 나은 지원을 위해 주문 번호 [주문/송장번호]에 추가하려는 제품의 세부 정보를 제공해 주시겠습니까? 고객님의 주문에 추가 품목이 포함되도록 즉각적인 조치를 취하겠습니다. 고객 만족이 저희의 최우선 과제입니다. 이 문제를 해결하는 동안 고객님의 이해와 인내심에 감사드립니다.
BILMQ,[주문/송장번호] 주문의 일부 제품을 변경할 수 있나요?,주문,주문 변경,물론이죠! 주문 번호 [주문/송장번호]의 제품을 변경하고 싶다는 점을 확인했습니다. 저희는 고객님을 돕기 위해 왔습니다. 원하는 교체품과 함께 변경하고 싶은 특정 제품의 세부정보를 제공해 주세요. 저희 팀은 고객님의 주문이 정확히 고객님이 원하는 대로 이루어지도록 열심히 노력할 것입니다. 고객 만족이 저희의 최우선 사항입니다!
BCLZ,[주문/송장번호] 주문 상품을 교환해야 합니다. 도와주세요.,주문,주문 변경,주문 번호 [주문/송장번호]의 품목을 교환하는 데 도움이 필요하다는 점을 이해합니다. 이 문제를 알려주셔서 감사합니다. 절차를 진행하는 데 도움이 되도록 교환하려는 특정 품목에 대한 자세한 내용을 제공해 주시겠습니까? 이를 통해 당사는 고객님의 요청을 신속하게 처리하고 필요한 지침을 제공할 수 있습니다. 양해해 주셔서 감사드리며 이 문제가 해결될 수 있도록 최선을 다하겠습니다.
BILZ,[주문/송장번호]를 구매하려면 어떻게 해야 하나요?,주문,주문 변경,구매 번호 [주문/송장번호]를 편집하는 데 도움이 필요하신 것으로 알고 있습니다. 구매 내용을 변경하는 것은 주문에 대한 만족을 보장하는 데 매우 중요합니다. 더 나은 지원을 위해 고객님이 원하는 특정 변경 사항에 대한 자세한 내용을 제공해 주시겠습니까? 이를 통해 당사는 고객님께 가장 정확한 정보를 제공하고 필요한 단계를 안내할 수 있습니다. 고객님의 피드백과 질문은 서비스를 개선하고 고객님의 기대에 부응하는 데 도움이 되므로 매우 중요합니다.
BLM,주문 [주문/송장번호] 수정 관련 문제,주문,주문 변경,주문 번호 [주문/송장번호]를 수정하는 데 어려움을 겪고 있는 것으로 확인되었습니다. 안심하세요. 제가 도와드리겠습니다. 발생한 특정 문제에 대한 자세한 내용을 제공해 주시겠습니까? 이렇게 하면 문제를 더 잘 이해하고 적절한 해결 방법을 제공하는 데 도움이 됩니다. 고객님의 의견은 고객님이 겪고 있는 우려 사항을 효과적이고 효율적으로 해결하는 데 필수적입니다.
BLMQW,[주문/송장번호]를 주문하려면 빌어먹을 기사를 추가해야 해,주문,주문 변경,"주문 번호 [주문/송장번호]에 일부 품목을 추가하고 싶다는 것을 확인했습니다. 불편을 끼쳐드려 죄송하며, 양해해 주셔서 감사합니다. 이에 도움이 되도록 추가하려는 기사의 세부정보를 알려주시겠습니까? 필요한 정보가 확보되면 해당 상품이 고객님의 주문에 올바르게 추가되도록 적절한 조치를 취할 것입니다."
BLZ,편집 주문 [주문/송장번호],주문,주문 변경,"주문 번호 [주문/송장번호] 편집에 대한 지원을 요청하신 것으로 알고 있습니다. 불편을 끼쳐드려 죄송하며, 해결 방법을 제공하기 위해 최선을 다하겠습니다. 더 나은 지원을 위해 주문에 대해 변경하고 싶은 사항을 지정해 주시겠습니까? 이를 통해 저희는 맞춤형 지원을 제공하고 고객님의 완전한 만족을 보장할 수 있습니다. 저희가 도와드리겠습니다. 추가 세부정보를 제공하거나 추가 질문을 하시기 바랍니다."
BL,구매 [주문/송장번호]에서 항목 제거 지원,주문,주문 변경,주문 번호 [주문/송장번호]로 구매한 항목과 항목 제거에 대한 지원 요청에 대해 문의해 주셔서 감사합니다. 불편을 끼쳐드려 죄송하며 최선을 다해 도와드리겠습니다. 정확한 해결을 위해 제거하려는 항목에 대한 자세한 내용을 제공해 주시겠습니까? 이를 통해 당사는 고객님을 즉시 지원하고 고객님의 구매가 고객님의 기대에 부응하도록 보장할 수 있습니다.
BILMQ,[주문/송장번호] 주문에서 일부 제품을 삭제할 수 있나요?,주문,주문 변경,주문 번호 [주문/송장번호]에서 일부 제품을 삭제하는 데 도움을 요청하신 것으로 알고 있습니다. 저희는 이 문제를 해결하는 데 도움을 드리고 있습니다. 제거하려는 제품에 대한 구체적인 세부 정보를 제공해 주시면 필요한 조정을 신속하게 도와드릴 수 있습니다. 고객 만족이 저희의 최우선 과제입니다. 이 문제를 해결하기 위해 노력하는 동안 양해해 주셔서 감사합니다.
BL,[주문/송장번호] 주문을 수정하려고 합니다.,주문,주문 변경,주문 번호 [주문/송장번호]를 수정하려고 하신 것으로 알고 있습니다. 저희는 고객님을 돕기 위해 왔습니다. 고객님이 원하는 특정 수정 사항에 대해 더 자세한 내용을 제공해 주시겠습니까? 이는 당사가 고객님의 문의 사항을 정확하게 해결하고 필요한 지침을 제공하는 데 도움이 될 것입니다.
BLQ,주문을 수정하고 싶습니다 [주문/송장번호],주문,주문 변경,주문 번호 [주문/송장번호] 수정 요청과 관련하여 문의해 주셔서 감사합니다. 저희는 주문의 정확성을 보장하는 것의 중요성을 이해하고 있으며 고객님의 수정 사항을 지원하기 위해 여기에 있습니다. 더 나은 서비스를 제공하기 위해 고객님이 원하는 특정 변경 사항에 대한 자세한 내용을 제공해 주시겠습니까? 이는 고객님의 주문이 고객님이 원하는 대로 정확하게 이루어졌는지 확인하는 데 도움이 됩니다. 고객님의 협조에 감사드리며 이 문제가 해결될 수 있도록 최선을 다하겠습니다.
BLM,여러 주문 항목 [주문/송장번호] 교환 지원,주문,주문 변경,"주문 번호 [주문/송장번호]의 여러 품목 교환 요청과 관련하여 문의해 주셔서 감사합니다. 주문을 변경하고 싶다는 점을 이해하며, 이에 대해 도와드리겠습니다. 품목 교환을 진행하려면 교환하려는 특정 품목과 염두에 두고 있는 교체 품목을 알려주시겠습니까? 이는 변경 사항을 정확하고 효율적으로 처리하는 데 도움이 됩니다. 저희는 고객 만족을 소중히 여기며 원활한 쇼핑 경험을 제공하기 위해 노력합니다."
BIL,[주문/송장번호] 주문을 수정할 수 있나요?,주문,주문 변경,우리를 믿어주셔서 감사합니다! 주문 번호 [주문/송장번호]를 수정하는 데 도움이 필요하다는 점을 잘 알고 있습니다. 저희는 고객님을 돕기 위해 여기 있습니다. 주문에 적용하려는 변경 사항에 대한 자세한 내용을 제공해 주시겠습니까? 이를 통해 저희는 고객님을 보다 효과적으로 지원하고 고객 만족을 보장할 수 있습니다.
BLQ,구매 수정에 대한 정보가 필요합니다 [주문/송장번호],주문,주문 변경,"주문 번호 [주문/송장번호]로 구매를 수정하는 방법에 대한 정보를 문의해 주셔서 감사합니다. 저희는 고객님의 구매와 관련하여 정확한 최신 정보를 얻는 것이 중요하다는 것을 완전히 이해하고 있습니다. 올바른 정보를 제공할 수 있도록 어떤 종류의 수정을 원하는지 명시해 주시겠습니까? 배송 주소 업데이트, 품목 수량 변경, 기타 수정 사항 등 무엇이든 저희가 도와드리겠습니다. 고객 만족이 저희의 최우선 사항이며, 구매와 관련하여 발생할 수 있는 모든 문제를 해결하기 위해 최선을 다할 것입니다."
BIMQ,[주문/송장번호] 주문에 일부 항목을 추가하는 방법,주문,주문 변경,"주문 번호 [주문/송장번호]에 품목을 추가하는 것과 관련해 연락해 주셔서 감사합니다. 저는 고객님을 돕기 위해 여기 있습니다. 주문에 품목을 추가하려면 다음 단계를 따르세요. 1. 당사 웹사이트를 방문하여 고객님의 계정에 로그인하십시오. 2. 주문 내역 또는 주문 상세 페이지로 이동합니다. 3. 번호 [주문/송장번호]의 주문을 찾아 클릭하여 주문 세부정보를 엽니다. 4. ""항목 추가"" 또는 ""주문 수정"" 옵션을 찾아 클릭하세요. 5. 당사 제품 카탈로그나 온라인 매장으로 리디렉션됩니다. 6. 사용 가능한 제품을 찾아보고 주문에 추가하려는 항목을 선택하십시오. 7. 품목을 선택한 후 ""주문에 추가"" 또는 ""장바구니에 추가"" 버튼을 클릭하세요. 8. 업데이트된 주문을 검토하고 모든 것이 올바른지 확인하여 결제를 진행하세요. 9. 결제 절차에 따라 구매를 완료하세요. 어려움이 있거나 추가 지원이 필요한 경우 언제든지 알려주시기 바랍니다. 저희는 고객님의 주문이 고객님이 원하는 대로 정확하게 이루어졌는지 확인하기 위해 왔습니다."
BIL,[주문/송장번호] 주문 상품을 교환할 수 있나요?,주문,주문 변경,주문하신 상품의 번호 [주문/송장번호]를 교환하려고 하신다고 확인했습니다. 저희는 고객 만족을 소중히 여기며 고객님이 고객님의 요구에 맞는 제품을 받을 수 있기를 바랍니다. 더 나은 도움을 드릴 수 있도록 교체하려는 품목과 교체하려는 특정 품목에 대한 자세한 정보를 제공해 주시겠습니까? 이렇게 하면 고객님의 요청을 보다 효율적으로 처리하는 데 도움이 됩니다. 저희는 고객님을 위해 이 과정을 최대한 원활하게 진행하기 위해 왔습니다.
BELNZ,주문 [주문/송장번호]에서 품목을 제거할 수 없습니다.,주문,주문 변경,주문 번호 [주문/송장번호]에서 품목을 제거하는 데 어려움을 겪고 계신 것으로 알고 있습니다. 불편을 끼쳐드려 죄송합니다. 안심해 주세요. 이 문제를 신속하게 해결할 수 있도록 도와드리겠습니다. 더 나은 지원을 위해 삭제하려는 특정 기사에 대한 자세한 내용을 제공해 주시겠습니까? 이 정보는 문제의 품목을 찾고 고객님의 요청을 이행하는 데 필요한 조치를 취하는 데 도움이 됩니다. 해결책을 찾기 위해 노력하는 동안 고객님의 인내심과 협조에 감사드립니다.
BLM,여러 구매 제품 [주문/송장번호] 전환을 도와주세요,주문,주문 변경,"구매 번호 [주문/송장번호]에 대해 여러 제품을 전환하는 데 도움이 필요하다는 사실에 민감합니다. 이러한 변경으로 인해 불편을 끼쳐드려 죄송하며, 이 문제를 신속하게 해결할 수 있도록 최선을 다해 도와드리겠습니다. 더 나은 지원을 위해 교환하려는 제품의 구체적인 세부 정보를 알려주시겠습니까? 이는 교체할 올바른 제품을 선택하는 데 도움이 됩니다. 이해와 협조에 감사드립니다."
BL,구매를 변경하고 싶어요 [주문/송장번호],주문,주문 변경,구매 번호 [주문/송장번호]를 수정하고 싶다는 고객님의 의견을 이해합니다. 저희는 고객님을 돕기 위해 왔습니다. 구체적으로 어떤 변경을 원하는지 알려주시겠어요? 이를 통해 저희는 고객님께 가장 정확한 안내를 제공하고 구매에 대한 완전한 만족을 보장할 수 있습니다.
BILM,[주문/송장번호] 구매 시 일부 제품을 제거할 수 있나요?,주문,주문 변경,"구매 번호 [주문/송장번호]에서 일부 제품을 제거하고 싶다는 점을 확인했습니다. 고객님의 요청은 우리에게 중요하며, 저희는 고객님을 돕기 위해 여기 있습니다. 정확하고 시기적절한 지원을 위해 제거하려는 제품의 구체적인 세부정보를 제공해 주시겠습니까? 정보가 접수되면 구매에 필요한 조정을 진행해 드리겠습니다. 고객님의 협조와 인내심에 감사드립니다."
BLM,[주문/송장번호] 구매에 필요한 기사를 추가할 수 있도록 도와주세요,주문,주문 변경,언제나 연결이 좋아요! [주문/송장번호] 번호로 구매한 항목에 일부 품목을 추가하는 데 도움이 필요하다는 사실을 확인했습니다. 저는 고객님을 돕기 위해 여기 있습니다. 추가하고 싶은 기사의 세부정보를 알려주시겠어요? 해당 정보를 받으면 해당 정보가 고객님의 구매에 즉시 추가되도록 하겠습니다.
BILZ,구매한 제품 [주문/송장번호]를 교환할 수 있나요?,주문,주문 변경,"구매 번호 [주문/송장번호]의 품목을 교환하고 싶다는 점을 확인했습니다. 저는 고객님을 돕기 위해 여기 있습니다. 교환을 진행하려면 교환하고 싶은 품목과 교환하고 싶은 품목의 세부정보를 알려주시겠어요? 이렇게 하면 스왑이 정확하고 효율적으로 처리되도록 할 수 있습니다. 이 문제를 알려주셔서 감사드리며, 문제를 해결하는 동안 양해해 주셔서 감사합니다."
BCLM,[주문/송장번호] 주문의 일부 항목을 변경해야 합니다. 도와주세요.,주문,주문 변경,주문 번호 [주문/송장번호]로 주문한 일부 품목을 변경해야 한다는 것을 알고 있습니다. 저희는 이 요청에 대해 도와드리겠습니다. 변경하고 싶은 기사의 구체적인 세부정보를 제공해 주시겠습니까? 이 정보는 고객님의 주문이 고객님의 선호 사항에 따라 정확하게 수정되었는지 확인하는 데 도움이 됩니다. 저희는 고객님의 쇼핑 경험을 가능한 한 원활하게 만들기 위해 최선을 다하고 있습니다.
BL,구매 수정에 대한 질문 [주문/송장번호],주문,주문 변경,구매번호 [주문/송장번호] 수정에 관해 문의해 주셔서 감사합니다. 안심하세요. 변경하고 싶은 사항이 있으면 제가 도와드리겠습니다. 고객님의 특정 요구 사항을 더 잘 이해할 수 있도록 필요한 수정 사항에 대한 자세한 내용을 제공해 주시겠습니까? 이를 통해 저는 고객님께 절차를 안내하고 고객님의 구매가 고객님이 원하는 대로 정확하게 이루어지도록 할 수 있습니다. 저희의 주요 목표는 원활하고 만족스러운 쇼핑 경험을 제공하는 것입니다.
BLMQ,[주문/송장번호] 주문의 여러 제품을 변경하려고 합니다.,주문,주문 변경,"주문에서 번호 [주문/송장번호]로 여러 제품을 변경하는 것에 대해 문의해 주셔서 감사합니다. 고객님께서 약간의 수정을 원하신다는 점을 이해하며, 제가 도와드리겠습니다. 가능한 최상의 솔루션을 제공하기 위해 변경하고 싶은 특정 제품을 알려주시겠습니까? 고객님의 요구 사항을 이해함으로써 저희는 고객님의 완전한 만족을 보장하기 위해 협력할 수 있습니다."
BLQ,주문 [주문/송장번호]를 수정하려고 합니다.,주문,주문 변경,주문 번호 #[주문/송장번호]를 수정하려고 하신 것으로 알고 있습니다. 주문과 관련하여 불편을 끼쳐드려 죄송합니다. 더 나은 지원을 위해 수정하려는 사항에 대한 자세한 내용을 제공해 주시겠습니까? 저희 팀은 고객님의 주문이 정확하고 고객님의 기대를 충족하는지 확인하기 위해 왔습니다.
BLZ,구매한 제품 삭제 [주문/송장번호],주문,주문 변경,"구매 번호 #[주문/송장번호]에서 제품을 삭제하고 싶다는 점을 확인했습니다. 고객 만족이 저희의 최우선 사항이며, 고객님의 요청을 도와드리겠습니다. 정확한 지침을 제공하기 위해 구매에서 제거하고 싶은 특정 제품을 알려주시겠습니까? 더 나은 서비스를 제공할 수 있도록 협조해 주셔서 감사합니다."
BL,[주문/송장번호] 주문에서 항목을 삭제하는 데 도움이 됩니다.,주문,주문 변경,문의해 주셔서 감사합니다. 주문 번호 [주문/송장번호]에서 항목을 삭제하는 데 도움이 필요하다는 점을 이해합니다. 더 나은 지원을 위해 제거하려는 항목에 대한 자세한 정보를 제공해 주시겠습니까? 이는 고객님의 요청을 올바르게 처리하고 필요한 지침을 제공하는 데 도움이 됩니다. 양해해 주셔서 감사드리며 이 문제가 해결될 수 있도록 최선을 다하겠습니다.
BL,[주문/송장번호]를 구매하려면 기사를 추가하는 데 도움이 필요합니다.,주문,주문 변경,구매 번호 [주문/송장번호]에 기사를 추가해 달라는 고객님의 요청에 감사드립니다. 저희 팀은 고객님의 주문에 필요한 조정을 할 수 있도록 도와드립니다. 추가하고 싶은 기사의 세부정보를 제공해 주시겠습니까? 이는 고객님의 구매를 정확하게 업데이트하는 데 도움이 됩니다. 고객님의 의견을 기다리겠습니다!
BLM,[주문/송장번호] 주문에 일부 품목을 추가하는 데 문제가 있습니다.,주문,주문 변경,"주문 번호 #[주문/송장번호]에 품목을 추가하는 데 문제가 있는 것으로 알고 있습니다. 저희 팀은 이 문제를 해결하는 데 도와드리겠습니다. 추가하는 데 문제가 있는 특정 기사에 대한 자세한 내용을 제공해 주시겠습니까? 이 정보는 당사가 고객님을 위한 해결책을 조사하고 찾는 데 도움이 될 것입니다. 이 문제를 지적해 주셔서 감사드리며, 불편을 끼쳐드려 죄송합니다."
BILQ,구매 품목을 변경하는 데 도움을 주실 수 있나요 [주문/송장번호],주문,주문 변경,구매 번호 [주문/송장번호]의 품목을 변경하는 데 도움이 필요하다는 점을 인정합니다. 저희는 고객 만족을 소중히 여기며 도와드리겠습니다. 정확한 지원을 제공하기 위해 어떤 특정 항목을 변경하고 싶은지 알려주시겠습니까? 고객님의 피드백은 고객님의 요구 사항에 맞게 서비스를 맞춤화하는 데 매우 중요합니다.
BIQ,[주문/송장번호] 주문에서 품목을 제거하는 데 도움을 주실 수 있나요?,주문,주문 변경,과연! 주문 번호 [주문/송장번호]에서 항목을 제거하는 데 도움이 필요하다는 점을 이해합니다. 주문에 필요한 조정을 할 수 있도록 도와드리겠습니다. 정확성을 보장하기 위해 제거하려는 특정 항목을 알려주시겠습니까? 이 정보를 제공함으로써 당사는 고객님의 요청을 효율적으로 처리하고 고객 만족을 보장할 수 있습니다.
BNZ,[주문/송장번호] 주문을 변경할 수 없습니다.,주문,주문 변경,주문 번호 [주문/송장번호]를 변경할 수 없어 불편을 끼쳐드린 점 사과드립니다. 주문을 수정하는 데 어려움을 겪을 때 얼마나 실망스러울 수 있는지 이해합니다. 더 나은 지원을 위해 구체적으로 무엇을 변경하고 싶은지에 대한 자세한 내용을 제공해 주시겠습니까? 이는 고객님께 적합한 솔루션이나 대안을 찾는 데 도움이 될 것입니다. 이 문제를 해결하는 데 있어 고객님의 인내심과 협조에 감사드립니다.
BLM,여러 구매 품목 교환 [주문/송장번호],주문,주문 변경,주문 번호 [주문/송장번호]로 구매하기 위해 여러 품목을 교환하는 데 도움을 요청해 주셔서 감사합니다. 주문을 변경하고 싶다는 점을 이해합니다. 더 나은 지원을 위해 교환하고 싶은 특정 품목을 알려주시겠습니까? 이 정보는 고객님께 올바른 항목이 업데이트되었는지 확인하는 데 도움이 됩니다. 이 문제에 대한 고객님의 인내와 협조에 감사드립니다.
BCL,주문 [주문/송장번호]를 업데이트해야 합니다. 도움이 필요합니다.,주문,주문 변경,저희는 주문 번호 [주문/송장번호]를 업데이트해야 한다는 고객님의 요구를 완전히 이해하고 있으며 도와드리겠습니다. 품목 변경이나 배송 정보 등 업데이트하려는 구체적인 세부정보를 제공해 주세요. 저희 팀은 고객님의 주문이 고객님의 기대에 부응하도록 최선을 다하고 있으며 신속하게 도움을 드릴 수 있도록 최선을 다하겠습니다.
BLMQW,구매한 제품 좀 교환하고 싶어요 [주문/송장번호],주문,주문 변경,구매 번호 [주문/송장번호]의 일부 제품을 교환하고 싶다는 점을 이해합니다. 불편을 끼쳐드려 죄송합니다. 저희 팀은 고객님이 원하는 대로 변경할 수 있도록 도와드립니다. 교환하려는 제품의 세부정보를 알려주시겠어요? 이는 고객님의 요구 사항을 충족하는 데 필요한 준비를 진행하는 데 도움이 될 것입니다. 이 문제를 해결하기 위해 노력하는 동안 양해해 주셔서 감사합니다.
BK,변경 순서 [주문/송장번호],주문,주문 변경,주문 번호 [주문/송장번호] 변경 요청에 감사드립니다. 저희 팀은 고객님의 완전한 만족을 보장하기 위해 필요한 모든 수정을 수용하기 위해 최선을 다하고 있습니다. 최선의 지원을 위해 주문에 적용하려는 변경 사항에 대한 구체적인 세부 정보를 제공해 주시겠습니까? 이를 통해 저희는 고객님의 요청을 신속하게 처리하고 모든 것이 고객님의 선호 사항에 부합하는지 확인할 수 있습니다. 협조해 주셔서 감사합니다.
BWZ,[주문/송장번호] 주문에 빌어먹을 아이템을 추가하는 데 도움을 주세요,주문,주문 변경,주문 번호 [주문/송장번호]에 품목을 추가하는 데 도움이 필요하다는 점을 이해합니다. 불편을 끼쳐드려 죄송합니다. 이 문제를 해결하는 데 도움이 되도록 추가하려는 항목의 구체적인 세부정보를 제공해 주시겠습니까? 이를 통해 저희는 고객님을 보다 효과적으로 지원하고 고객 만족을 보장할 수 있습니다. 문의해 주셔서 감사합니다.
BLW,[주문/송장번호] 주문을 위해 망할 기사를 추가하는 데 도움,주문,주문 변경,"불편을 끼쳐드려 죄송하며, 양해해 주셔서 감사합니다. 주문 번호 [주문/송장번호]에 품목을 추가하는 데 도움이 되도록 품목 이름, 크기, 색상 또는 기타 사양을 포함하여 추가하려는 품목의 세부 정보를 제공해 주십시오. 이는 고객님의 주문을 정확하고 신속하게 업데이트하는 데 도움이 됩니다. 저희는 고객님의 쇼핑 경험이 최대한 원활하게 진행되도록 하기 위해 왔습니다."
BIL,[주문/송장번호] 주문을 편집하려면 어떻게 해야 합니까?,주문,주문 변경,고객님의 주문 번호 [주문/송장번호]와 관련하여 도움을 드리고자 합니다. 주문을 편집하려면 고객 지원팀에 직접 문의하는 것이 좋습니다. 추가 지원을 제공하고 주문 수정 과정을 안내해 드릴 수 있습니다. 당사 웹사이트를 통해 고객 지원 팀에 연락하거나 [고객센터전화번호]로 고객 지원 헬프라인에 전화하실 수 있습니다. 다른 질문이나 우려 사항이 있으면 주저하지 말고 문의하세요. 우리가 도와드리겠습니다!
BMNQ,주문 [주문/송장번호]의 일부 항목을 변경할 수 없습니다.,주문,주문 변경,주문 번호 [주문/송장번호]의 일부 품목을 변경하는 데 어려움을 겪고 계신 것으로 알고 있습니다. 불편을 끼쳐드려 죄송합니다. 더 나은 지원을 위해 변경하고 싶은 특정 항목을 알려주시겠습니까? 고객님의 요청을 수용하고 만족을 드릴 수 있도록 최선을 다하겠습니다.
BQ,주문 변경 필요 [주문/송장번호],주문,주문 변경,"주문 번호 [주문/송장번호] 수정 요청에 감사드립니다. 저희는 원활한 쇼핑 경험을 보장하기 위해 때때로 변경이 필요하다는 것을 이해합니다. 더 나은 지원을 위해 고객님이 원하는 특정 변경 사항에 대한 자세한 내용을 제공해 주시겠습니까? 품목, 수량 또는 배송 정보를 업데이트하는 등 고객님의 요구 사항을 충족할 수 있도록 도와드리겠습니다. 고객 만족이 저희의 최우선 사항이므로 고객님의 주문에 필요한 조정을 하는 데 도움이 되는 추가 정보를 주저하지 말고 제공해 주십시오."
BELNQ,구매한 항목에서 항목을 제거할 수 없습니다. [주문/송장번호],주문,주문 변경,"구매 번호 [주문/송장번호]에서 항목을 제거하는 데 어려움을 겪고 계신 것으로 알고 있습니다. 불편을 끼쳐드려 죄송합니다. 보다 효과적으로 도움을 드릴 수 있도록 삭제하려는 기사의 구체적인 세부정보를 제공해 주시겠습니까? 이 정보가 확보되면 절차를 안내하고 이에 따라 구매가 조정되도록 할 수 있습니다. 고객 만족이 저희의 최우선 사항이며, 고객님의 인내와 이해에 감사드립니다."
BLZ,[주문/송장번호] 구매를 수정하는 데 도움이 됩니다,주문,주문 변경,"번호 [주문/송장번호]로 구매 내용을 수정하는 데 도움을 받기 위해 저희에게 연락해주셔서 기쁘게 생각합니다. 고객님께서 변경하고 싶은 사항이 있다는 것을 이해하며, 제가 도와드리겠습니다. 구매 시 수정하고 싶은 사항에 대해 더 구체적인 세부정보를 제공해 주시겠습니까? 이를 통해 저는 고객님께 정확한 지침을 제공하고 고객님의 기대에 부응할 수 있도록 할 것입니다. 고객 만족이 저희의 최우선 사항입니다. 고객님의 우려 사항을 해결하기 위해 함께 노력하는 동안 양해해 주셔서 감사합니다."
BLM,구매한 일부 품목을 교환해야 합니다 [주문/송장번호],주문,주문 변경,"구매 번호 #[주문/송장번호]로 일부 품목을 교환해야 한다는 점을 이해합니다. 이러한 변경으로 인해 불편을 끼쳐드려 죄송합니다. 교체를 진행하려면 교체하려는 품목과 교체하려는 품목에 대한 구체적인 세부정보를 제공해 주시기 바랍니다. 이는 스왑이 정확하고 효율적으로 처리되도록 보장하는 데 도움이 됩니다. 또한, 교체에 대한 특별한 이유가 있거나 교체 품목과 관련하여 선호하는 사항이 있는 경우 알려주시기 바랍니다. 저희는 절차 전반에 걸쳐 고객님을 지원하고 고객님의 새 품목이 고객님의 기대를 충족하는지 확인하기 위해 여기에 있습니다."
BLM,구매 [주문/송장번호]를 변경하는 데 문제가 있습니다.,주문,주문 변경,주문 번호 [주문/송장번호]로 구매를 변경하는 데 불편을 드려 죄송합니다. 수정을 시도하는 동안 문제가 발생하면 얼마나 실망스러울 수 있는지 이해합니다. 해결책을 찾기 위해 함께 노력합시다. 현재 직면하고 있는 특정 문제에 대해 더 자세한 내용을 제공해 주시겠습니까? 이렇게 하면 문제를 보다 효과적으로 식별하고 고객님께 필요한 지원을 제공하는 데 도움이 됩니다. 저희의 목표는 고객 만족을 보장하는 것임을 기억하십시오. 추가 정보나 우려 사항이 있는 경우 주저하지 말고 문의해 주십시오.
BILMQ,[주문/송장번호] 주문 항목 중 일부를 교환하는 데 도움을 주실 수 있나요?,주문,주문 변경,주문 번호 [주문/송장번호]의 일부 품목을 교환하는 데 도움이 필요하다는 점을 이해합니다. 저희는 고객님이 필요한 변경을 할 수 있도록 도와드립니다. 아이템 교환을 진행하시려면 교환하고 싶은 아이템과 교체하고 싶은 아이템의 구체적인 내용을 기재해주세요. 필요한 정보가 모두 확보되면 신속하게 아이템 교환을 처리해 드리겠습니다.
BILMP,여러 구매 품목 [주문/송장번호]를 교환하려면 어떻게 해야 합니까?,주문,주문 변경,구매 주문 번호 [주문/송장번호]의 여러 품목 교환 요청과 관련하여 문의해 주셔서 감사합니다. 저희는 고객님이 특정 항목에 대해 마음을 바꾸었을 수 있다는 것을 이해하며 고객님을 돕기 위해 여기에 있습니다. 교환을 진행하시려면 교환하고 싶은 품목과 교체하고 싶은 품목의 구체적인 내용을 알려주세요. 저희 팀은 고객님의 요청을 검토하고 고객님의 구매에 필요한 변경이 이루어졌는지 확인합니다. 고객 만족이 저희의 최우선 과제이며 고객님께 원활한 쇼핑 경험을 제공하기 위해 최선을 다하고 있습니다.
BCIL,[주문/송장번호] 주문을 수정해야 하는데 도움을 받을 수 있나요?,주문,주문 변경,"주문 번호 [주문/송장번호]를 수정해 달라는 고객님의 요청에 감사드립니다. 저희는 고객님의 주문이 정확하고 고객님의 기대에 부응하는지 확인하는 것의 중요성을 이해합니다. 고객님이 원하는 구체적인 세부 사항이나 변경 사항을 알려주시면 불일치 사항을 수정하는 데 도움을 드릴 수 있습니다. 저희의 목표는 고객님의 주문에 대한 완전한 만족을 보장하는 것이며, 모든 단계에서 고객님을 도와드릴 것입니다."
BCLP,[주문/송장번호] 주문을 수정하고 싶습니다. 도움이 필요합니다.,주문,주문 변경,문의해 주셔서 감사합니다! 주문 번호 [주문/송장번호]를 수정하고 싶다는 점을 이해하며 도움을 드리겠습니다. 주문에 대해 구체적으로 어떤 변경을 원하는지 알려주십시오. 정확한 세부정보를 제공하시면 고객님의 주문이 정확하고 고객님의 기대에 부응하는지 확인하는 데 도움이 됩니다. 저희는 고객님이 가질 수 있는 모든 문제를 해결하고 완전한 만족을 보장하기 위해 최선을 다하고 있습니다.
BLW,구매한 제품 중 빌어먹을 제품을 삭제해야 합니다 [주문/송장번호],주문,주문 변경,구매 번호 [주문/송장번호]에서 특정 제품을 삭제하는 데 도움이 필요한 것 같습니다. 불편을 끼쳐드려 죄송하며 이 문제를 해결하도록 도와드리겠습니다. 삭제를 진행하려면 제거하려는 제품의 세부정보를 알려주시겠습니까? 이를 통해 저희는 필요한 조치를 취하고 고객님의 구매가 고객님이 원하는 대로 이루어지도록 보장할 수 있습니다. 서비스 개선에 협조해 주셔서 감사합니다.
BL,구매한 항목을 어떻게 변경할 수 있는지 모르겠습니다. [주문/송장번호],주문,주문 변경,주문 번호 [주문/송장번호]로 구매를 변경하는 방법에 대해 잘 모르신다는 연락을 받았습니다. 저는 고객님을 돕기 위해 여기 있습니다. 구매를 수정하려면 [고객센터전화번호]로 전화하거나 당사 웹사이트 [웹사이트/메뉴]의 라이브 채팅을 통해 당사 고객 지원팀에 문의할 수 있습니다. 필요한 단계를 안내하고 원하는 변경을 수행하는 데 도움을 줄 것입니다. 그들은 고객님께 필요한 지원을 기꺼이 제공할 것이므로 주저하지 말고 연락하십시오.
BIMZ,[주문/송장번호]를 주문하려면 일부 항목을 어떻게 추가합니까?,주문,주문 변경,물론입니다! 주문 번호 [주문/송장번호]에 항목을 추가하는 데 도움이 필요하다는 점을 이해합니다. 주문에 품목을 추가하려면 다음과 같은 간단한 단계를 따르세요. 1. '[주문/송장번호]' 페이지로 이동합니다. 2. 번호가 '[주문/송장번호]'인 주문을 찾습니다. 3. '상품 추가' 버튼을 클릭하거나 주문 세부정보 옆에 있는 링크를 클릭하세요. 4. 사용 가능한 제품을 찾아보고 주문에 추가하려는 항목을 선택하십시오. 5. 선택을 완료한 후 '주문에 추가' 버튼을 클릭하세요. 6. 주문 요약에 추가된 항목을 검토하여 정확성을 확인하세요. 7. 주문을 완료하려면 결제 페이지로 이동하세요. 문제가 발생하거나 추가 질문이 있는 경우 주저하지 말고 알려주시기 바랍니다. 저희는 항상 고객님을 돕기 위해 여기 있습니다.
BILMW,[주문/송장번호] 구매에서 일부 블러디 제품을 삭제하려면 어떻게 해야 하나요?,주문,주문 변경,"구매 번호 [주문/송장번호]에서 제품 제거에 관해 문의해 주셔서 감사합니다. 정확한 지원을 위해 제거하려는 특정 제품을 제공해 주시겠습니까? 이를 통해 당사는 고객님의 요청을 신속하게 처리하고 고객님의 구매에 필요한 수정을 할 수 있습니다. 협조해 주셔서 감사드리며, 이 문제가 해결되기를 기대하겠습니다."
BCL,[주문/송장번호] 구매 시 항목을 놓쳤습니다. 추가하는 데 도움이 필요합니다,주문,주문 변경,구매에 불편을 드려 죄송합니다. 저희는 구매 번호 [주문/송장번호]에 누락된 품목을 추가하는 것의 중요성을 충분히 이해하고 있습니다. 안심해 주세요. 이 문제를 즉시 해결할 수 있도록 도와드리겠습니다. 추가하고 싶은 항목의 세부정보를 알려주시겠어요? 이는 고객님의 주문이 완료되고 고객님의 기대에 부응하는지 확인하는 데 도움이 됩니다.
BLN,구매한 아이템을 교환할 수 없습니다 [주문/송장번호],주문,주문 변경,주문 번호 [주문/송장번호]로 구매한 품목을 교환할 수 없어 불편을 끼쳐 드린 점 이해합니다. 저희 팀은 고객님이 최상의 솔루션을 찾는 데 도움을 드리고 있습니다. 교환하고 싶은 품목과 교환 이유에 대한 자세한 내용을 알려주시겠습니까? 이 정보는 고객님의 요구 사항을 더 잘 이해하고 문제 해결을 위해 노력하는 데 도움이 됩니다. 양해해 주셔서 감사드리며 앞으로도 더 많은 도움을 드리겠습니다.
BLM,[주문/송장번호] 주문의 여러 항목을 전환하는 데 도움을 주세요.,주문,주문 변경,"주문 번호 [주문/송장번호]로 주문 내에서 여러 품목을 전환하는 데 도움을 드리기 위해 저희가 왔습니다. 저희는 고객님의 주문에 올바른 품목을 포함하는 것의 중요성을 이해하고 있으며 고객님이 필요한 변경을 할 수 있도록 도와드립니다. 정확한 지원을 제공할 수 있도록 전환하고 싶은 특정 항목을 알려주시기 바랍니다. 이 정보를 제공하시면 고객님의 요청을 신속하게 처리하고 필요한 조정을 할 수 있습니다. 고객님의 양해에 감사드리며, 고객 만족을 보장하기 위해 최선을 다하고 있습니다."
BLQZ,[주문/송장번호] 주문하고 싶어요,주문,주문 변경,주문 번호 [주문/송장번호] 수정 요청과 관련하여 연락해 주셔서 감사합니다. 고객님이 주문을 일부 변경하고 싶다는 점을 이해하며 이에 대해 도움을 드리고자 합니다. 고객님이 원하는 특정 수정 사항에 대한 자세한 내용을 제공해 주시겠습니까? 이를 통해 당사는 고객님의 요청을 정확하게 처리하고 필요한 조정을 수행할 수 있습니다. 이 문제를 만족스럽게 해결하기 위해 함께 노력하는 동안 고객님의 인내심과 협조에 감사드립니다.
BLQ,구매한 아이템을 교환하려고 합니다 [주문/송장번호],주문,주문 변경,구매한 품목을 [주문/송장번호] 번호로 교환해 달라는 요청을 보내주셔서 감사합니다. 저희는 고객님이 주문을 조정하는 것이 얼마나 중요한지 잘 알고 있습니다. 교환 절차를 진행하려면 교환하려는 특정 품목과 염두에 두고 있는 교체 품목에 대한 자세한 정보가 필요합니다. 이 정보가 확보되면 추가 지원을 제공하고 고객님의 주문이 고객님의 기대에 부응하는지 확인할 수 있습니다. 자세한 내용을 알려주시면 나머지는 저희가 처리해 드리겠습니다!
BLQ,[주문/송장번호]를 주문하기 위해 제품을 추가하고 싶습니다.,주문,주문 변경,저는 그것을하고있다! 고객님의 주문에 번호가 [주문/송장번호]인 새 제품을 추가하고 싶다는 점을 확인했습니다. 이 문제를 해결하는 데 도움이 되도록 추가하려는 제품의 세부정보를 알려주시겠어요? 이 정보는 고객님의 주문이 정확하게 업데이트되도록 하는 데 도움이 됩니다. 고객님의 구매 경험을 향상시키는 데 도움을 드릴 수 있는 기회를 제공해 주셔서 감사합니다.
BLM,일부 구매 품목을 전환해야 합니다 [주문/송장번호],주문,주문 변경,구매 번호 [주문/송장번호]의 일부 품목을 전환하고 싶다는 점을 확인했습니다. 저희는 이 요청에 대해 도와드리겠습니다. 제거하려는 특정 항목과 추가하려는 교체 항목을 포함하여 전환하려는 항목에 대한 세부 정보를 제공해 주세요. 저희 팀은 고객님의 주문이 그에 따라 업데이트되도록 보장할 것입니다. 문의해 주셔서 감사합니다.
BLQ,구매를 편집하는 데 도움이 필요합니다 [주문/송장번호],주문,주문 변경,"구매 번호 [주문/송장번호]를 편집하는 데 도움이 필요하다는 점을 잘 알고 있습니다. 불편을 끼쳐드려 죄송하며 최선을 다해 도와드리겠습니다. 시작하려면 상품, 수량, 배송 주소 업데이트 등 원하는 변경 사항에 대한 구체적인 세부정보를 제공해 주세요. 고객님의 요구 사항을 이해함으로써 저희는 원활한 구매 경험을 보장하기 위해 협력할 수 있습니다."
BLMZ,구매 시 일부 항목을 삭제하는 데 도움이 됩니다. [주문/송장번호],주문,주문 변경,구매 번호 [주문/송장번호]에서 일부 항목을 삭제하는 데 도움이 필요하다는 것을 알고 있습니다. 이로 인해 불편을 끼쳐드려 죄송합니다. 더 나은 지원을 위해 구매 항목에서 제거하려는 특정 항목을 제공해 주시기 바랍니다. 저희의 목표는 고객님의 구매에 대한 완전한 만족을 보장하는 것이며 서비스 개선에 도움이 되는 고객님의 피드백에 감사드립니다. 구매와 관련하여 추가로 어떻게 도움을 드릴 수 있나요?
BIL,[주문/송장번호]를 구매하기 위해 기사를 추가하는 방법은 무엇입니까?,주문,주문 변경,"구매 번호 [주문/송장번호]에 품목을 추가하는 방법을 알고 싶다는 점을 이해합니다. 구매 내용을 수정하는 것은 필수적이며, 저희가 그 과정을 안내해 드리겠습니다. 구매 항목에 기사를 추가하려면 다음과 같은 간단한 단계를 따르세요. 1. 고객님의 계정 대시보드나 당사 웹사이트의 ""내 주문"" 섹션으로 이동하십시오. 2. 구매 번호 [주문/송장번호]로 특정 구매를 찾아 클릭하면 세부 정보를 볼 수 있습니다. 3. 구매 세부정보 옆에 있는 '수정' 또는 '수정' 옵션을 찾으세요. 4. ""수정"" 또는 ""수정"" 옵션을 클릭하면 구매 내용을 변경할 수 있습니다. 5. 편집 모드에 들어가면 구매 항목에 기사를 추가하거나 제거할 수 있습니다. 6. ""기사 추가"" 또는 이와 유사한 옵션이 표시된 섹션이나 버튼을 찾으세요. 7. ""기사 추가"" 버튼을 클릭하면 검색창이나 제품 선택 필드가 나타납니다. 8. 검색창이나 제품 선택 필드에 이름, SKU 또는 기타 관련 식별자를 입력하여 구매에 추가하려는 특정 품목을 찾으세요. 9. 검색 결과에서 원하는 기사를 선택하고 ""추가"" 버튼을 클릭하거나 제공된 지침을 따라 주세요. 10. 이제 선택한 상품이 구매 항목에 추가되며 결제 과정을 진행할 수 있습니다. 이 과정에서 어려움이 발생할 경우 주저하지 말고 [고객센터전화번호]로 전화하여 고객 지원팀에 문의하세요. 그들은 기꺼이 고객님께 더 많은 도움을 드릴 것입니다. 저희는 고객님의 구매에 대한 완전한 만족을 보장하기 위해 여기 있다는 것을 기억하십시오."
BILMQ,[주문/송장번호] 주문에서 여러 항목을 제거하는 데 도움을 줄 수 있나요?,주문,주문 변경,"도와주셔서 영광입니다! 주문 번호 [주문/송장번호]에서 여러 항목을 제거하는 데 도움이 필요하다는 사실을 알고 있습니다. 저희는 고객님을 돕기 위해 여기 있습니다. 제거하고 싶은 특정 품목을 알려주시면 즉시 고객님의 주문에 필요한 조정을 해드리겠습니다. 고객 만족이 저희의 최우선 과제이며, 고객님의 주문이 고객님께 필요한 것이 정확히 반영되도록 하고자 합니다."
BLQ,[주문/송장번호] 주문 품목을 교환하는 데 도움이 필요합니다,주문,주문 변경,주문한 품목의 번호 [주문/송장번호]를 교환하는 데 도움을 주신 메시지에 감사드립니다. 저희는 때때로 마음이 바뀌거나 조정이 필요할 수 있다는 것을 이해합니다. 더 나은 지원을 위해 교환하려는 품목과 선호하는 교체 품목의 구체적인 세부 정보를 제공해 주시겠습니까? 이 정보를 제공함으로써 당사는 요청된 교환을 신속하게 처리하고 고객님의 주문이 고객님의 기대를 충족하는지 확인할 수 있습니다. 이 문제를 해결하는 데 있어 고객님의 인내심과 협조에 감사드립니다.
BIMQZ,"아, [주문/송장번호]를 주문하려면 몇 가지 항목을 추가해도 될까요?",주문,주문 변경,번호 #[주문/송장번호]로 주문에 품목을 추가하는 것에 대한 메시지를 받게 되어 기쁩니다. 저희는 고객님의 기대에 부응하기 위해 주문을 수정하려는 고객님의 욕구를 완전히 이해합니다. 신속한 도움을 드릴 수 있도록 추가하려는 항목의 세부정보를 제공해 주시겠습니까? 이렇게 하면 업데이트된 주문이 예상한 것과 정확히 일치하는지 확인하는 데 도움이 됩니다. 고객님의 협조에 감사드리며 곧 연락을 기다리겠습니다.
BL,주문 [주문/송장번호] 수정에 도움이 필요합니다.,주문,주문 변경,"주문 번호 [주문/송장번호]와 관련하여 문의해 주셔서 감사합니다. 주문 수정을 도와드리겠습니다. 변경하려는 사항에 대한 자세한 내용을 제공해 주시겠습니까? 품목 추가 또는 제거, 배송 주소 업데이트 또는 기타 수정 등 고객님의 요청을 수용하기 위해 최선을 다하겠습니다. 고객 만족이 저희의 최우선 사항입니다. 고객님의 인내와 이해에 감사드립니다."
BCIPQZ,[주문/송장번호] 주문 항목을 취소하고 싶은데 어떻게 해야 하나요?,주문,주문 변경,주문 번호가 [주문/송장번호]인 품목을 변경해야 한다는 점에 감사드립니다. 이에 대한 도움을 받으려면 원하는 수정을 수행하는 데 필요한 전문 지식을 갖춘 당사 고객 서비스 팀에 문의하는 것이 좋습니다. 당사 웹사이트의 라이브 채팅을 통해 연락하시거나 전용 고객 지원 핫라인 [고객센터전화번호]로 전화하실 수 있습니다. 저희 팀은 고객님이 필요로 하는 변경을 수행하는 데 필요한 단계를 안내할 것입니다. 저희는 고객 만족을 소중히 여기며 가능한 최고의 지원을 제공하기 위해 노력하고 있습니다.
BLNQZ,구매 시 항목을 제거할 수 없습니다 [주문/송장번호],주문,주문 변경,구매 번호 [주문/송장번호]에서 항목을 제거하는 데 어려움을 겪고 계신 것으로 알고 있습니다. 불편을 끼쳐드려 죄송합니다. 추가 지원을 위해 제거하려는 항목에 대한 자세한 내용을 제공해 주시겠습니까? 이 정보는 고객님께 가장 적합한 솔루션을 찾는 데 도움이 될 것입니다. 이 문제를 해결하는 데 있어 고객님의 인내심과 협조에 감사드립니다.
BELQ,[주문/송장번호] 주문 상품을 변경하는 방법을 모르겠습니다,주문,주문 변경,번호 #[주문/송장번호]로 주문한 제품을 변경하는 과정에 대해 확신이 없으신 것으로 알고 있습니다. 저희는 고객님을 돕기 위해 왔습니다. 주문한 제품을 변경하려면 다음 단계를 따르세요. 1. 당사 웹사이트에서 고객님의 계정에 로그인하십시오. 2. 주문 내역 또는 계정 대시보드로 이동합니다. 3. 번호가 #[주문/송장번호]인 특정 주문을 찾습니다. 4. 주문 세부정보를 편집하거나 수정하는 옵션을 찾으세요. 5. 변경을 원하는 상품을 선택하세요. 6. 사용 가능한 옵션 중에서 교체 제품을 선택하십시오. 7. 변경 사항을 검토하고 수정 사항을 확인합니다. 8. 필요한 경우 원래 제품과 교체 제품 간의 가격 차액에 대한 결제를 완료합니다. 어려움이 있거나 추가 질문이 있는 경우 주저하지 말고 고객 지원팀에 문의하세요. [운영시간/기간]([고객센터전화번호]) 또는 당사 웹사이트([웹사이트/메뉴])의 라이브 채팅을 통해 연락하실 수 있습니다. 저희는 절차를 안내하고 원활하고 만족스러운 경험을 보장하기 위해 최선을 다할 것입니다.
BILMPQZ,[주문/송장번호] 주문의 일부 항목을 전환하는 데 도움을 주실 수 있나요?,주문,주문 변경,주문 번호 [주문/송장번호]의 일부 품목을 변경하고 싶다는 점을 이해합니다. 이로 인해 불편을 끼쳐드려 죄송합니다. 가장 정확한 정보와 최상의 솔루션을 제공하기 위해 어떤 특정 기사를 전환하고 싶은지 알려주시겠습니까? 이 정보가 확보되면 주문에 필요한 변경을 수행하는 데 추가 도움을 드릴 수 있습니다. 고객님의 인내와 협조에 감사드립니다.
BLM,[주문/송장번호] 구매에 필요한 기사를 추가하도록 도와주세요,주문,주문 변경,주문 번호 [주문/송장번호]로 구매한 항목에 품목을 추가하는 데 도움을 요청해 주셔서 감사합니다. 때때로 고객님는 주문이 접수된 후에도 주문을 변경하고 싶을 수도 있다는 점을 이해합니다. 이에 도움이 되도록 추가하고 싶은 기사의 세부정보를 제공해 주시겠습니까? 포함하려는 특정 항목을 알면 그에 따라 구매를 수정하고 완전한 만족을 보장할 수 있습니다. 고객님의 요구 사항을 충족하기 위해 함께 노력하는 동안 고객님의 협조와 인내심에 감사드립니다.
BILMQZ,[주문/송장번호] 주문에서 일부 제품을 제거하는 데 도움을 주실 수 있나요?,주문,주문 변경,"[주문/송장번호] 주문에서 제품을 제거하는 데 도움이 필요하다는 동일한 페이지에 있습니다. 우리가 도와드리겠습니다! 정확한 지원을 제공하기 위해 제거하고 싶은 특정 제품을 지정해 주시겠습니까? 고객 만족이 저희의 최우선 사항이며, 이 문제를 신속하게 해결하기를 기대합니다. 지금까지 우리 서비스에 대한 전반적인 경험은 어땠나요?"
BL,구매 수정 중 [주문/송장번호],주문,주문 변경,주문 번호 [주문/송장번호]로 구매한 내용을 수정하는 데 도움이 필요하다는 사실을 확인했습니다. 저희는 고객님의 구매가 정확하고 고객님의 기대에 부합하는지 확인하고 싶습니다. 고객님이 원하는 특정 변경 사항에 대해 더 자세한 내용을 제공해 주시겠습니까? 이는 당사가 고객님께 가능한 최상의 솔루션을 제공하고 완전한 만족을 보장하는 데 도움이 될 것입니다. 도움을 위해 문의해 주셔서 감사합니다.
BLMNQW,[주문/송장번호]를 구매하기 위해 빌어먹을 제품을 추가할 수 없어요,주문,주문 변경,구매 번호 [주문/송장번호]에 제품을 추가하는 데 어려움을 겪게 되어 사과드립니다. 저희는 고객님께 원활한 쇼핑 경험을 보장하는 것이 얼마나 중요한지 잘 알고 있습니다. 더 나은 지원을 위해 추가하는 데 문제가 있는 특정 제품에 대한 자세한 내용을 제공해 주시겠습니까? 이 문제를 신속하게 해결할 수 있도록 최선을 다하겠습니다. 고객 만족이 저희의 최우선 사항입니다.
BIL,[주문/송장번호] 구매 품목을 변경할 수 있나요?,주문,주문 변경,"구매 번호 [주문/송장번호]의 품목을 변경하려고 하신 것으로 알고 있습니다. 고객 만족이 저희의 최우선 사항이며, 저희는 고객님을 돕기 위해 여기 있습니다. 고객님의 요청을 더 잘 이해할 수 있도록 변경하려는 물품과 원하는 교체품에 대한 세부 정보를 제공해 주시겠습니까? 이 정보는 고객님의 요청을 정확하게 처리하고 원활한 쇼핑 경험을 보장하는 데 도움이 됩니다."
BILQ,[주문/송장번호] 주문을 수정하려면 어떻게 해야 하나요?,주문,주문 변경,"주문 번호 [주문/송장번호]를 수정하고 싶다는 연락을 받았습니다. 이를 지원하려면 다음 단계를 따르세요. 1. 당사 웹사이트를 방문하여 ""주문 내역"" 섹션으로 이동하십시오. 2. 제공된 주문 번호로 특정 주문을 찾으세요. 3. 주문 옆에 있는 ""수정"" 또는 ""수정"" 옵션을 클릭하십시오. 4. 주문 항목을 검토하고 필요한 수정이나 변경을 하십시오. 5. 원하는 대로 수정한 후 ""저장"" 또는 ""업데이트"" 버튼을 클릭하십시오. 6. 주문 요약을 검토하여 변경 사항이 성공적으로 적용되었는지 확인하세요. 7. 어려움이 있거나 추가 질문이 있는 경우 주저하지 말고 고객 지원팀에 문의하세요. [운영시간/기간]([고객센터전화번호]) 또는 당사 웹사이트([웹사이트/메뉴])의 라이브 채팅을 통해 이용 가능합니다. 일부 변경은 특정 기간 내에만 가능하거나 요청된 수정 사항의 가용성에 따라 달라질 수 있습니다."
BLMW,[주문/송장번호] 순서로 몇 가지 빌어먹을 기사를 놓쳤습니다.,주문,주문 변경,특히 중요한 품목이 포함된 경우 주문에 일부 품목을 추가하지 못했다는 사실을 알게 되어 얼마나 실망스러울 수 있는지 진심으로 이해합니다. 제 목표는 고객님이 이 상황을 최대한 빨리 해결하도록 돕는 것입니다. 효과적인 도움을 드릴 수 있도록 누락된 기사의 구체적인 세부정보를 제공해 주실 수 있나요? 이를 통해 당사는 고객님의 주문을 철저하게 검토하고 필요한 조정을 할 수 있습니다.
BLQ,구매품 교환에 도움이 필요합니다 [주문/송장번호],주문,주문 변경,"구매 번호 #[주문/송장번호]의 품목을 교환하는 데 도움이 필요하다는 점을 이해합니다. 저희는 고객님을 돕기 위해 여기 있습니다! 교환을 진행하려면 교환하고 싶은 물품에 대한 자세한 내용을 제공해 주시겠습니까? 구체적으로 아이템 이름이나 설명, 교환하고 싶은 아이템을 알려주세요. 이를 통해 당사는 고객님의 요청을 신속하게 처리하고 고객님이 업데이트된 구매에 만족하는지 확인할 수 있습니다. 감사합니다!"
BILQ,구매한 제품을 변경하는 데 도움을 주실 수 있나요 [주문/송장번호],주문,주문 변경,구매 번호 [주문/송장번호]의 제품 변경 요청에 감사드립니다. 고객님이 실수로 잘못된 항목을 선택했거나 다른 항목으로 교체하고 싶을 수도 있다는 점을 이해합니다. 저희는 이러한 변경을 수행하는 데 도와드리겠습니다. 구체적인 변경 사항을 포함하여 변경하려는 제품에 대한 세부 정보를 제공해 주시겠습니까? 이 정보는 고객님의 구매를 정확하게 업데이트하고 고객님이 원하는 제품을 제공하는 데 도움이 됩니다. 고객님의 인내와 협조에 감사드립니다.
BLMW,[주문/송장번호] 구매 시 일부 기사를 놓쳤습니다.,주문,주문 변경,"구매 번호 [주문/송장번호]에 문제가 발생하여 일부 품목이 누락되었음을 해독했습니다. 불편을 끼쳐드려 죄송합니다. 이 문제에 대해 도움을 받으려면 고객 지원팀에 직접 문의하는 것이 좋습니다. 그들은 이 문제를 신속하게 해결하는 데 필요한 전문 지식과 구매 세부 정보에 대한 액세스 권한을 갖고 있습니다. [고객센터전화번호]로 연락하거나 당사 웹사이트 [웹사이트/메뉴]의 라이브 채팅을 통해 연락할 수 있습니다. 누락된 품목을 구매에 추가하는 과정을 안내하고 주문이 완료되었는지 확인합니다. 이 문제를 알려주셔서 감사드리며, 양해해 주셔서 감사합니다."
BLMQ,주문의 일부 항목을 전환하는 데 도움이 필요합니다.,주문,주문 변경,주문한 상품을 전환하는 데 도움을 받기 위해 문의해 주셔서 감사합니다. 저희는 구매 시 올바른 품목을 갖추는 것이 얼마나 중요한지 잘 알고 있습니다. 더 나은 지원을 위해 주문 번호와 변경하려는 특정 품목을 알려주시겠습니까? 이 정보는 변경 사항이 정확하게 이루어지고 고객님이 주문에 완전히 만족하는지 확인하는 데 도움이 됩니다.
BLP,[주문/송장번호] 주문을 바꾸고 싶습니다.,주문,주문 변경,주문 번호 [주문/송장번호]의 항목을 변경하고 싶다는 고객님의 메시지를 받았습니다. 저희는 고객님의 주문을 올바르게 받는 것의 중요성을 이해하고 있으며 고객님을 돕기 위해 여기 있습니다. 더 나은 도움을 드릴 수 있도록 전환하려는 항목에 대한 자세한 내용을 제공해 주시겠습니까? 이를 통해 저희는 고객님께 가장 적합한 솔루션을 찾고 고객님의 완전한 만족을 보장할 수 있습니다.
BLMQ,[주문/송장번호] 구매를 위해 일부 제품을 추가하는 데 도움이 필요합니다.,주문,주문 변경,문의해 주셔서 감사합니다. [주문/송장번호] 번호로 구매한 제품에 일부 제품을 추가하는 데 도움이 필요하다는 점을 이해합니다. 우리가 도와드리겠습니다! 추가하려는 제품의 구체적인 세부정보를 제공해 주시겠습니까? 이를 통해 당사는 고객님을 보다 효율적으로 지원하고 고객님의 구매가 고객님의 기대에 부응하도록 보장할 수 있습니다.
BL,구매 시 제품을 제거하는 방법을 도와주세요 [주문/송장번호],주문,주문 변경,번호 [주문/송장번호]로 구매한 제품에서 제품을 제거하는 데 도움을 받기 위해 문의해 주셔서 감사합니다. 저희는 주문의 정확성을 보장하는 것의 중요성을 이해하고 있으며 도움을 드릴 수 있습니다. 제품 제거를 진행하려면 제거하려는 항목의 구체적인 세부정보를 제공해 주시겠습니까? 이를 통해 당사는 고객님의 구매를 적절하게 업데이트하는 데 필요한 조치를 취할 수 있습니다. 고객님의 협조에 감사드리며 이 문제가 즉시 해결되기를 바랍니다.
BCILQ,구매한 제품 [주문/송장번호]를 교환하고 싶습니다. 도와주세요.,주문,주문 변경,"물론, 구매 번호 [주문/송장번호]의 제품을 교환하고 싶다는 점을 이해합니다. 저희는 고객님을 돕기 위해 왔습니다. 교체를 진행하려면 교체하려는 제품과 교체하려는 대체 제품에 대한 추가 세부정보를 제공해 주시겠습니까? 이렇게 하면 교환이 정확하게 처리되고 고객님이 구매에 완전히 만족할 수 있도록 보장할 수 있습니다. 기타 정보나 궁금한 사항을 알려주시면 기꺼이 도와드리겠습니다."
BLM,[주문/송장번호] 구매를 위해 여러 제품을 추가하는 데 도움이 됩니다.,주문,주문 변경,무슨 말인지 알겠습니다! [주문/송장번호] 번호로 구매한 제품에 여러 제품을 추가하는 데 도움이 필요하다는 내용입니다. 저희는 기꺼이 도와드리겠습니다. 추가하려는 제품의 세부정보를 알려주시겠어요? 그렇게 하면 고객님의 구매에 대해 정확하고 원활한 업데이트를 보장할 수 있습니다. 고객 만족이 저희의 최우선 과제이며 고객님의 구매가 고객님이 원하는 대로 이루어지도록 최선을 다해 도와드리겠습니다.
BIL,[주문/송장번호]를 구매하기 위해 기사를 어떻게 추가할 수 있나요?,주문,주문 변경,구매 번호 [주문/송장번호]에 기사를 추가하고 싶다고 말씀하셨습니다. 우리가 도와드리겠습니다! 효과적으로 도움을 드릴 수 있도록 추가하고 싶은 기사의 세부정보를 제공해 주시겠습니까? 이 정보를 통해 당사는 고객님께 원활하고 만족스러운 경험을 보장할 수 있습니다. 협조해 주셔서 감사합니다!
BILP,[주문/송장번호] 주문을 바꿀 수 있나요?,주문,주문 변경,"고객님의 요청 메시지가 접수되었습니다. 주문 번호 [주문/송장번호]의 항목을 변경하고 싶다는 점을 확인했습니다. 더 나은 지원을 위해 전환하려는 항목과 전환하려는 항목에 대한 자세한 내용을 제공해 주시겠습니까? 이를 통해 저희는 고객님께 가장 적합한 솔루션을 찾을 수 있습니다. 고객 만족이 저희의 최우선 과제이며, 고객님의 주문에 필요한 조정을 할 수 있도록 도와드리겠습니다."
BCIL,[주문/송장번호]를 구매하려면 제품을 추가해야 하는데 어떻게 해야 하나요?,주문,주문 변경,"구매 번호 [주문/송장번호]에 제품 추가 요청을 보내주셔서 감사합니다. 저희는 고객님을 돕기 위해 여기 있습니다. 기존 구매에 제품을 추가하려면 다음과 같은 간단한 단계를 따르세요. 1. 당사 웹사이트를 방문하여 고객님의 계정에 로그인하십시오. 2. 계정 대시보드 또는 주문 내역 페이지로 이동합니다. 3. 주문 번호가 [주문/송장번호]인 구매 항목을 찾습니다. 4. 구매 세부정보를 수정하거나 편집할 수 있는 옵션을 찾습니다. 5. 구매에 제품이나 항목을 추가하는 옵션을 선택합니다. 6. 추가하려는 상품의 이름, 수량, 기타 필요한 정보를 포함하여 세부 정보를 입력하세요. 7. 변경 사항을 저장하거나 구매를 업데이트하세요. 어려움이 있거나 추가 질문이 있는 경우 언제든지 고객 지원팀에 문의해 주세요. [운영시간/기간]([고객센터전화번호]) 또는 당사 웹사이트([웹사이트/메뉴])의 라이브 채팅을 통해 연락하실 수 있습니다. 저희는 고객님께 절차를 안내하고 고객님의 구매가 고객님이 원하는 대로 정확하게 이루어졌는지 확인하게 되어 기쁘게 생각합니다."
BK,주문에서 항목 삭제,주문,주문 변경,"고객님의 메시지를 통해 주문에서 품목을 제거하는 데 도움이 필요하다는 것을 추론했습니다. 주문 번호와 제거하려는 특정 품목을 알려주시겠습니까? 이 정보는 절차를 신속하게 처리하고 고객님의 주문이 고객님이 원하는 대로 정확하게 이루어지도록 하는 데 도움이 됩니다. 이 문제를 알려주셔서 감사드리며, 문제가 해결될 수 있도록 최선을 다하겠습니다."
BL,구매 항목에서 항목을 삭제하도록 도와주세요 [주문/송장번호],주문,주문 변경,구매 번호 [주문/송장번호]에서 항목을 삭제하는 데 도움을 받기 위해 문의해 주셔서 감사합니다. 구매 내용을 수정하고 싶다는 점을 이해하며 도와드리겠습니다. 삭제를 진행하려면 제거하려는 특정 항목의 세부정보를 제공해 주시겠습니까? 해당 정보가 확보되면 변경에 필요한 단계를 안내해 드립니다. 고객 만족이 저희의 최우선 과제입니다. 고객님의 구매가 고객님의 기대에 부응할 수 있도록 함께 노력하는 동안 양해해 주셔서 감사합니다.
BCL,[주문/송장번호] 주문 항목을 변경하고 싶습니다. 도와주세요.,주문,주문 변경,고객님의 주문에서 번호가 [주문/송장번호]인 품목을 전환할 수 있도록 도와드리겠습니다. 때때로 변경이 필요하다는 점을 이해하고 있으며 도움을 드리고자 합니다. 상품 전환을 진행하려면 반품하려는 상품의 세부정보와 원하는 교체 상품의 세부정보를 제공해 주시기 바랍니다. 필요한 정보가 확보되면 교환 절차를 시작하겠습니다.
BLMQZ,[주문/송장번호] 주문의 일부 제품을 전환하고 싶습니다.,주문,주문 변경,주문 번호 [주문/송장번호]에 대한 일부 제품을 전환하고 싶다는 점을 이해합니다. 이 문제를 알려주셔서 감사합니다. 이 요청을 처리하는 데 도움이 되도록 전환하고 싶은 특정 품목과 교체하려는 품목을 알려주시겠습니까? 이를 통해 고객님의 요청을 정확하고 효율적으로 처리할 수 있습니다. 고객님의 협조에 감사드리며 앞으로도 더 많은 도움을 드리겠습니다.
BLNQ,주문 [주문/송장번호]를 수정할 수 없습니다.,주문,주문 변경,주문 번호 [주문/송장번호]를 편집할 수 없는 문제로 인해 불편을 끼쳐드린 점 이해합니다. 불편을 끼쳐드려 죄송합니다. 추가 지원을 위해 고객님이 원하는 특정 변경 사항에 대한 자세한 내용을 제공해 주시겠습니까? 이를 통해 저희는 대체 옵션을 탐색하고 고객님께 적합한 솔루션을 찾을 수 있습니다. 고객님의 인내와 협조에 감사드립니다.
BL,[주문/송장번호] 주문 항목을 교환하려고 합니다.,주문,주문 변경,주문 번호 [주문/송장번호]의 품목을 교환하고 싶다고 문의해 주셔서 감사합니다. 때때로 주문이 접수된 후 주문을 변경해야 할 수도 있다는 점을 이해합니다. 신속하고 정확한 도움을 드릴 수 있도록 교환하려는 품목과 교체하려는 품목의 구체적인 세부 정보를 제공해 주시기 바랍니다. 저희는 고객님이 이 과정을 최대한 원활하게 진행할 수 있도록 돕기 위해 왔습니다.
BLMQ,[주문/송장번호] 주문의 여러 제품을 전환하는 데 도움이 필요합니다,주문,주문 변경,"주문 번호 [주문/송장번호]에 대해 여러 제품을 전환하는 데 도움을 요청해 주셔서 감사합니다. 때때로 주문이 접수된 후 주문을 변경해야 할 수도 있다는 점을 이해합니다. 더 나은 지원을 위해 전환하려는 제품의 구체적인 세부정보를 제공해 주시겠습니까? 이렇게 하면 변경 사항이 정확하고 만족스럽게 이루어지도록 보장할 수 있습니다. 고객님의 협조에 감사드리며, 이 문제가 신속하게 해결되기를 기대합니다."
BLM,구매 시 여러 항목 제거 [주문/송장번호],주문,주문 변경,구매 번호 [주문/송장번호]에서 여러 항목을 제거하고 싶다는 사실을 알려주셔서 감사합니다. 저희는 고객님의 구매가 고객님의 기대에 부응하는지 확인하는 것의 중요성을 이해합니다. 제거를 진행하려면 구매 항목에서 제거하려는 항목의 구체적인 세부정보를 제공해 주시겠습니까? 이는 당사가 고객님을 정확하게 지원하고 고객님의 구매가 고객님이 원하는 대로 정확하게 이루어지도록 하는 데 도움이 될 것입니다. 이 문제에 대한 고객님의 인내와 협조에 감사드립니다.
BLQZ,구매 항목을 변경하는 데 도움이 필요합니다 [주문/송장번호],주문,주문 변경,구매 번호 [주문/송장번호]의 품목을 변경하는 데 도움이 필요하다는 점을 이해합니다. 수정이 필요하여 불편을 드려 죄송합니다. 더 나은 지원을 위해 변경하려는 항목에 대한 자세한 내용을 제공해 주시겠습니까? 이는 당사가 고객님의 요청을 정확하게 처리하고 필요한 지침을 제공하는 데 도움이 됩니다. 이 문제를 해결하고 고객 만족을 보장하기 위해 노력하는 동안 고객님의 협조에 감사드립니다.
BM,[주문/송장번호]를 주문하려면 여러 항목을 추가하는 데 도움을 주세요.,주문,주문 변경,"도움을 요청해 주셔서 감사합니다. 고객님의 주문에 번호 [주문/송장번호]로 여러 품목을 추가하고 싶다는 점을 확인했습니다. 저희의 목표는 고객님의 주문에 대한 완벽한 만족을 보장하는 것이며, 필요한 조정이 이루어지도록 도와드리겠습니다. 항목 추가를 진행하려면 추가하려는 항목의 구체적인 세부정보를 알려주시기 바랍니다. 이 정보를 통해 당사는 고객님의 선호 사항에 따라 고객님의 주문을 신속하고 정확하게 업데이트할 수 있습니다. 협조해 주셔서 감사합니다!"
BL,구매한 제품을 교환해야 합니다 [주문/송장번호],주문,주문 변경,물론입니다! 구매하신 상품을 [주문/송장번호] 번호로 교환하려고 하신 것으로 확인되었습니다. 저희는 이 요청에 대해 도움을 드리고 있습니다. 교체하려는 품목과 추가하려는 교체 품목에 대한 자세한 정보를 제공해 주시기 바랍니다. 필요한 세부 정보가 확보되면 교환을 원활하게 하기 위해 필요한 조치를 취하겠습니다. 저희의 목표는 이 과정 전반에 걸쳐 고객님의 완전한 만족을 보장하는 것입니다.
BLM,[주문/송장번호]를 주문하려면 몇 가지 기사를 추가해야 합니다.,주문,주문 변경,이 문제를 알려주셔서 감사합니다. 고객님의 주문에 [주문/송장번호] 번호의 일부 품목을 추가하고 싶다는 점을 이해합니다. 저희는 고객님의 완전한 만족을 보장하기 위해 필요한 변경을 수행하는 데 도움을 드리고 있습니다. 기사 추가를 진행하려면 포함하려는 기사의 구체적인 세부정보를 제공해 주세요. 이를 통해 고객님의 주문을 적절하게 업데이트할 수 있습니다. 이 문제에 대한 고객님의 인내와 협조에 감사드립니다.
BLM,[주문/송장번호] 주문의 일부 제품을 변경하는 데 도움이 됩니다.,주문,주문 변경,"주문 번호 [주문/송장번호]의 제품 변경에 대한 지원을 문의해 주셔서 감사합니다. 때때로 주문 후 조정이 필요하다는 점을 이해합니다. 더 나은 지원을 위해 변경하려는 제품의 세부정보를 알려주시겠습니까? 이를 통해 당사는 고객님의 요청을 정확하고 효율적으로 처리할 수 있습니다. 고객 만족이 저희의 최우선 과제이며, 저희는 모든 단계에서 고객님을 돕기 위해 여기 있습니다."
BCLQZ,주문한 항목을 교환하고 싶어요732201349959 도움이 필요해요,주문,주문 변경,"저는 고객님이 내려놓은 것, 즉 번호 [주문/송장번호]로 주문한 품목을 교환하려는 고객님의 욕구를 집어들었습니다. 아이템 교환은 쉽습니다! 교환을 진행하려면 교환하고 싶은 상품의 이름, 사이즈, 색상 등 구체적인 세부정보를 알려주시기 바랍니다. 필요한 정보가 모두 확보되면 절차를 단계별로 안내해 드리겠습니다. 고객 만족이 저희의 최우선 사항이며, 저는 모든 단계에서 고객님을 도와드릴 것입니다."
BCL,실수로 구매를 수정했습니다 [주문/송장번호],주문,주문 변경,"실수가 발생할 수 있으므로 고객님이 기재한 내용을 확인하고, 주문 번호 [주문/송장번호]로 구매 내용을 수정하기 위해 문의해 주셔서 감사합니다. 저는 고객님을 돕기 위해 여기에 있습니다. 구매에 대해 구체적으로 어떤 수정을 원하는지 알려주시면 문제를 해결하도록 최선을 다해 도와드리겠습니다. 고객 만족이 저희의 최우선 과제이며 고객님께 원활하고 편리한 경험을 제공하기 위해 최선을 다하고 있습니다."
BMQ,주문 [주문/송장번호]에서 일부 품목을 제거하려고 합니다.,주문,주문 변경,이 문제를 알려주셔서 감사합니다. 주문 번호 [주문/송장번호]에서 일부 품목을 제거하려고 하신 것으로 알고 있습니다. 추가 지원을 위해 제거하려는 특정 항목을 알려주시겠습니까? 이 정보를 받으면 고객님의 주문이 그에 따라 조정되도록 필요한 조치를 즉시 취할 것입니다. 고객 만족이 저희의 최우선 사항입니다. 이 문제를 해결하는 동안 양해해 주셔서 감사합니다.
BILPZ,[주문/송장번호] 주문에서 항목을 삭제하려면 어떻게 해야 하나요?,주문,주문 변경,물론입니다! 주문 번호 [주문/송장번호]에서 항목을 삭제하고 싶다는 내용을 확인했습니다. 이에 대한 도움을 받으려면 고객 지원팀에 직접 문의하는 것이 좋습니다. 그들은 이 요청을 정확하게 처리할 수 있는 전문 지식과 고객님의 계정 정보에 대한 액세스 권한을 가지고 있습니다. [고객센터전화번호]로 전화하거나 당사 웹사이트 [웹사이트/메뉴]에서 라이브 채팅 기능을 사용하여 연락할 수 있습니다. 주문에서 해당 품목을 제거하는 데 필요한 단계를 안내해 드립니다. 안심하세요. 저희는 고객님의 주문이 고객님이 상상한 대로 이루어졌는지 확인하기 위해 왔습니다!
BLZ,구매한 아이템을 변경하는 방법을 모르겠습니다 [주문/송장번호],주문,주문 변경,주문 번호 [주문/송장번호]로 구매한 항목을 변경하는 방법에 대해 잘 모르시는 것으로 확인되었습니다. 몇 가지 지침을 제공하겠습니다. 구매 항목을 변경하려면 다음 단계를 따르세요. 1) 당사 웹사이트나 앱에서 구매 내역이나 주문 세부정보 페이지로 이동합니다. 2) 주문 번호 [주문/송장번호]로 특정 구매 항목을 찾습니다. 3) 구매한 항목을 편집하거나 수정할 수 있는 옵션이나 버튼을 찾으세요. 4) 편집 또는 수정 옵션을 클릭하고 항목을 원하는 대로 변경합니다. 5) 변경 사항을 검토하고 업데이트를 확인합니다. 문제가 발생하거나 추가 문의사항이 있으면 언제든지 알려주시기 바랍니다. 저는 이 과정 전반에 걸쳐 고객님을 돕기 위해 여기 있습니다.
BLZ,주문 수정00123842,주문,주문 변경,번호 #[주문/송장번호]로 주문하신 것과 관련하여 저희에게 보내주신 메시지에 감사드립니다. 주문을 수정해 주셔서 감사합니다. 더 나은 지원을 위해 변경하려는 사항에 대해 더 구체적인 세부정보를 제공해 주시겠습니까? 이를 통해 당사는 고객님의 선호 사항에 따라 고객님의 주문을 정확하게 업데이트할 수 있습니다. 저희가 도와드리겠습니다. 주문 수정에 도움을 드릴 수 있는 방법을 정확히 알려주시기 바랍니다.
BL,[주문/송장번호]를 구매하려면 아이템을 추가해야 합니다,주문,주문 변경,주문 번호 [주문/송장번호]로 구매한 항목에 항목을 추가해야 한다는 점을 알려주셔서 감사합니다. 저희는 원활한 쇼핑 경험이 얼마나 중요한지 이해하고 있으며 고객님을 돕기 위해 왔습니다. 정확성을 보장하기 위해 구매에 추가하고 싶은 품목의 세부정보를 제공해 주시겠습니까? 저희 팀은 고객님의 요청을 처리하고 이에 따라 고객님의 주문을 업데이트할 것입니다.
BLM,[주문/송장번호] 구매를 위해 여러 기사를 추가하는 데 도움을 주세요.,주문,주문 변경,구매 번호 [주문/송장번호]에 여러 항목을 추가하는 데 도움을 받기 위해 연락해 주셔서 감사합니다. 저는 고객님의 선호도에 따라 구매를 맞춤화하는 것의 중요성을 완전히 이해합니다. 효과적인 도움을 드릴 수 있도록 추가하고 싶은 기사의 구체적인 세부정보를 제공해 주시겠습니까? 이 정보가 확보되면 해당 항목을 포함하도록 구매를 수정하는 데 즉시 도움을 드리겠습니다. 고객님의 양해에 감사드리며 고객님의 요청이 이행되기를 기대합니다.
BILQ,[주문/송장번호] 주문 품목을 교환하는 것을 도와주실 수 있나요?,주문,주문 변경,"[주문/송장번호] 번호로 주문한 품목을 교환하는 데 도움을 요청해 주셔서 감사합니다. 저희는 고객님의 주문에 필요한 조정을 하는 것이 얼마나 중요한지 잘 알고 있으며, 도움을 드리고자 합니다. 교환을 진행하려면 교환하려는 물품과 받고 싶은 교체 물품의 세부정보를 알려주시기 바랍니다. 저희의 목표는 고객님이 주문에 완전히 만족할 수 있도록 하는 것이며, 그 목표를 달성하는 데 협조해 주셔서 감사합니다."
BL,주문 [주문/송장번호] 항목을 전환해야 합니다.,주문,주문 변경,주문 번호 [주문/송장번호]의 품목을 변경해 달라는 고객님의 요청을 확인합니다. 불편을 끼쳐드려 죄송합니다. 이 문제에 대해 더 많은 도움을 드릴 수 있도록 전환하려는 상품의 구체적인 세부정보와 염두에 두고 있는 교체 상품을 제공해 주시겠습니까? 이를 통해 고객님의 요청을 정확하고 효율적으로 처리할 수 있습니다. 이 문제를 만족스럽게 해결하기 위해 고객님의 인내심과 협조에 감사드립니다.
BILQZ,구매한 제품 [주문/송장번호]를 교환하는 데 도움을 주실 수 있나요?,주문,주문 변경,"주문 번호 [주문/송장번호]로 구매한 제품을 교환하는 데 도움을 요청해 주셔서 감사합니다. 때때로 주문을 변경해야 할 수도 있다는 점을 이해하고 있으며, 도와드리겠습니다. 교환을 진행하려면 교환하고 싶은 제품과 받고 싶은 교체 제품의 세부정보를 알려주시기 바랍니다. 이 정보가 확보되면 고객님의 제품 교환을 원활하게 하기 위해 최선을 다할 것입니다."
BLMQ,[주문/송장번호]를 주문하기 위해 일부 제품을 추가하고 싶습니다.,주문,주문 변경,"주문 번호 #[주문/송장번호]에 제품을 추가해 달라는 요청을 보내주셔서 감사합니다. 저희는 고객님을 지원하고 고객님의 주문이 고객님의 기대를 충족하는지 확인하기 위해 여기에 있습니다. 제품 추가를 진행하려면 추가하려는 품목의 세부정보를 제공해 주세요. 저희는 고객님의 요청을 수용하고 고객님의 주문에 필요한 조정을 하기 위해 최선을 다할 것입니다. 고객 만족은 저희의 최우선 과제이며, 이 과정 전반에 걸쳐 고객님의 인내와 이해에 감사드립니다."
BLQ,구매한 제품을 전환하는 데 도움이 필요합니다 [주문/송장번호],주문,주문 변경,구매 번호 [주문/송장번호]의 제품 전환 요청에 대해 문의해 주셔서 감사합니다. 저희는 고객님의 주문이 고객님의 기대를 충족시키는 것이 얼마나 중요한지 잘 알고 있습니다. 이 문제를 해결하는 데 도움이 되도록 전환하려는 제품과 교체하려는 새 제품에 대한 세부 정보를 제공해 주시겠습니까? 이를 통해 당사는 고객님의 요청을 검토하고 필요한 지침을 제공할 수 있습니다. 양해해 주셔서 감사드리며 이 문제가 해결될 수 있도록 최선을 다하겠습니다.
BELMN,[주문/송장번호] 주문에 일부 품목을 추가할 수 없습니다.,주문,주문 변경,주문 번호 [주문/송장번호]에 일부 품목을 추가하는 데 어려움을 겪고 계신 것으로 알고 있습니다. 이로 인해 불편을 끼쳐드려 죄송합니다. 이 문제를 해결하는 데 도움이 되도록 추가하고 싶은 기사의 세부정보를 제공해 주시겠습니까? 저희 팀은 이 문제를 해결하고 주문이 정확한지 확인하는 데 도움을 드립니다.
BLMQ,구매 수정에 문제가 있습니다 [주문/송장번호],주문,주문 변경,구매번호 [주문/송장번호] 수정 문제로 불편을 끼쳐드려 죄송합니다. 이 문제를 해결하도록 돕는 것이 저의 최우선 과제입니다. 현재 직면하고 있는 특정 문제에 대해 더 자세한 내용을 알려주실 수 있나요? 이를 통해 제가 고객님을 보다 효과적으로 지원하고 가능한 최상의 솔루션을 제공할 수 있게 될 것입니다. 고객님의 의견은 당사 서비스를 개선하는 데 도움이 되므로 매우 감사하게 생각합니다.
BILZ,[주문/송장번호]를 직접 주문할 수 있나요?,주문,주문 변경,"주문 번호 [주문/송장번호]를 수정하고 싶다는 연락을 받았습니다. 주문 편집은 고객 만족을 보장하는 중요한 부분이며, 제가 도와드리겠습니다. 변경하려는 사항에 대한 자세한 내용을 제공해 주시겠습니까? 구체적인 내용이 확보되면 함께 협력하여 고객님의 요구 사항을 충족하는 솔루션을 찾을 수 있습니다. 고객님의 의견은 서비스 개선에 중요한 역할을 하므로 문의해 주셔서 감사합니다."
BL,[주문/송장번호]를 주문하려면 제품을 추가해야 합니다.,주문,주문 변경,주문 번호 [주문/송장번호]에 제품을 추가해 달라는 요청을 보내주셔서 감사합니다. 고객님이 주문을 수정하고 싶다는 점을 이해하며 세부 사항에 관심을 가져주셔서 감사합니다. 추가 지원을 위해 특정 품목 이름이나 SKU 등 추가하려는 제품의 세부 정보를 제공해 주시겠습니까? 이를 통해 당사는 고객님의 요청을 정확하고 효율적으로 처리할 수 있습니다. 저희는 고객님의 완전한 만족을 보장하기 위해 여기에 있습니다. 다른 질문이나 우려 사항이 있으면 주저하지 말고 알려주십시오.
BILMQ,구매한 제품 중 일부를 교환할 수 있나요 [주문/송장번호],주문,주문 변경,주문 번호 [주문/송장번호]로 구매한 일부 품목을 교환하는 데 도움을 주셔서 감사합니다. 저희는 고객님의 선호 사항에 맞춰 변경하는 것이 중요하다는 것을 이해하고 있으며 도움을 드리고자 합니다. 교환을 진행하려면 교환하고 싶은 특정 물품과 교체하고 싶은 새 물품을 제공해 주세요. 안심해 주세요. 원활한 교환 절차를 보장하기 위해 최선을 다하겠습니다. 주문과 관련하여 다른 질문이나 우려 사항이 있으면 알려주십시오.
BCLMQ,[주문/송장번호]를 구매하려면 몇 가지 항목을 추가해야 합니다. 도와주세요,주문,주문 변경,구매 번호 [주문/송장번호]에 일부 품목을 추가하는 데 도움이 필요하다는 점을 이해합니다. 저희는 고객님을 돕기 위해 여기 있습니다! 추가하고 싶은 항목의 세부정보를 제공해 주시겠습니까? 이렇게 하면 고객님의 구매가 정확하게 업데이트되었는지 확인할 수 있습니다. 가능한 최고의 서비스를 제공하기 위해 노력하고 있으므로 적극적으로 연락해 주셔서 감사합니다.
BLM,[주문/송장번호] 주문에서 일부 제품을 제거하는 데 도움이 됩니다.,주문,주문 변경,주문 번호 [주문/송장번호]에서 일부 제품을 제거하는 데 도움이 필요하다는 점을 이해합니다. 불편을 끼쳐드려 죄송합니다. 신속한 처리를 위해 제거하려는 제품에 대한 구체적인 세부정보를 제공해 주시기 바랍니다. 이 정보를 받으면 즉시 고객님의 주문에 필요한 조정을 진행하겠습니다. 이 문제를 해결하기 위해 노력하는 동안 양해해 주셔서 감사합니다.
BLQ,[주문/송장번호] 주문 항목을 전환하는 데 도움이 필요합니다,주문,주문 변경,이 문제를 알려주셔서 감사합니다. 저희는 번호 [주문/송장번호]로 주문한 품목을 전환하는 데 필요한 지원을 제공해 드리겠습니다. 전환을 진행하려면 교체하려는 상품의 세부정보와 전환하려는 새 상품의 세부정보를 제공해 주시겠습니까? 이 정보를 통해 당사는 변경 사항을 정확하고 효율적으로 처리할 수 있습니다.
BILQ,주문 [주문/송장번호] 수정 방법,주문,주문 변경,"주문 번호 [주문/송장번호]를 수정하고 싶다고 들었습니다. 저희는 고객님을 돕기 위해 왔습니다. 필요한 사항을 변경하려면 주문에서 수정하고 싶은 사항에 대한 구체적인 세부정보를 제공해 주시기 바랍니다. 품목 추가 또는 제거, 배송 주소 업데이트 또는 기타 수정 등, 고객님의 주문이 고객님의 선호 사항을 정확하게 반영하도록 보장해 드립니다. 고객 만족은 저희의 최우선 과제이며 우리 서비스에 대한 고객님의 신뢰에 감사드립니다."
BLM,[주문/송장번호] 주문의 일부 항목을 변경하는 데 도움을 주세요.,주문,주문 변경,주문 번호 [주문/송장번호]의 품목 변경에 대한 지원 메시지를 보내주셔서 감사합니다. 저희는 고객님의 선호 사항에 따라 주문을 수정해야 한다는 점을 완전히 이해합니다. 정확한 지원을 제공하기 위해 변경하고 싶은 특정 조항을 알려주시겠습니까? 저희 팀은 고객님이 필요한 조정을 하고 고객 만족을 보장할 수 있도록 도와드립니다.
BL,구매를 수정해야 합니다 [주문/송장번호],주문,주문 변경,주문 번호 [주문/송장번호]로 구매를 수정해야 한다는 점을 알려주셔서 감사합니다. 저희는 고객님의 주문이 정확하고 만족스러운지 확인하는 것이 얼마나 중요한지 잘 알고 있습니다. 더 나은 지원을 위해 수정하고 싶은 사항에 대한 자세한 내용을 제공해 주시겠습니까? 고객님의 특정 요구 사항을 이해함으로써 당사는 모든 문제를 해결하고 완전한 만족을 보장하는 데 필요한 조치를 취할 수 있습니다.
BLM,구매한 여러 제품 [주문/송장번호]를 교환하는 데 도움을 받고 싶습니다.,주문,주문 변경,구매 번호 [주문/송장번호]의 여러 제품을 교환하는 데 도움을 요청해 주셔서 감사합니다. 저희 팀은 고객님이 필요한 변경을 할 수 있도록 도와드립니다. 교환하려는 제품의 세부정보를 제공해 주시겠습니까? 이 정보를 제공함으로써 당사는 고객님의 요청을 신속하게 처리하고 구매에 대한 만족을 보장할 수 있습니다.
BIL,[주문/송장번호] 주문 제품을 어떻게 교환할 수 있나요?,주문,주문 변경,주문 번호 [주문/송장번호] 제품을 교환하는 데 도움이 필요하신 것으로 알고 있습니다. 우리가 도와드리겠습니다! 교환을 진행하시려면 교환하고 싶은 상품의 상세정보와 교환하고 싶은 구체적인 상품을 알려주세요. 해당 정보가 있으면 절차를 안내하고 원활한 거래를 보장할 수 있습니다. 고객 만족이 저희의 최우선 사항입니다. 이 문제에 대한 고객님의 인내와 협조에 감사드립니다.
BLMQZ,구매 시 여러 기사를 삭제하는 데 도움이 필요합니다 [주문/송장번호],주문,주문 변경,주문 번호 #[주문/송장번호]로 구매한 항목에서 여러 항목을 삭제하는 데 도움을 받고 싶다는 점을 이해합니다. 안심하세요. 저희가 도와드리겠습니다. 삭제를 진행하려면 구매 항목에서 제거하고 싶은 특정 항목을 제공해 주세요. 고객 만족이 저희의 최우선 과제이며 고객님의 주문이 고객님의 기대에 부응하는지 확인하고 싶습니다. 문의해 주셔서 감사합니다!
BL,주문 [주문/송장번호]에서 항목을 삭제해야 합니다.,주문,주문 변경,주문에서 번호가 [주문/송장번호]인 항목을 삭제하는 데 도움이 필요하다고 들었습니다. 저희 팀이 고객님을 돕기 위해 여기 있습니다. 정확성을 보장하기 위해 제거하려는 항목의 세부정보를 알려주시겠습니까? 구체적인 정보를 제공하시면 절차를 신속하게 처리하고 고객님의 주문이 고객님이 원하는 대로 이루어졌는지 확인하는 데 도움이 됩니다.
BLM,[주문/송장번호] 주문의 일부 제품 교환을 도와주세요.,주문,주문 변경,물론이죠! 주문 번호 [주문/송장번호]의 일부 제품을 교환하는 데 도움이 필요하다는 점을 이해합니다. 저희는 고객님을 돕기 위해 여기 있습니다. 교환하고 싶은 제품과 교체하고 싶은 새 제품의 세부정보를 제공해 주시겠습니까? 이를 통해 저희는 고객님께 원활하고 원활한 교환 절차를 보장할 수 있습니다.
BLM,[주문/송장번호] 주문에서 여러 제품을 제거하도록 도와주세요,주문,주문 변경,저희는 고객님의 봉사 활동을 소중히 여깁니다! 주문 번호 [주문/송장번호]에서 여러 제품을 제거하는 데 도움이 필요하다는 사실에 동의합니다. 걱정하지 마세요. 제가 도와드리겠습니다. 정확한 해결을 위해 제거하려는 제품의 구체적인 세부정보를 알려주시겠습니까? 이를 통해 필요한 변경을 신속하고 효율적으로 수행할 수 있습니다. 고객 만족이 저희의 최우선 사항입니다. 이 문제를 해결하는 동안 양해해 주셔서 감사합니다.
BLMQ,구매 시 여러 제품을 제거하는 데 도움이 필요합니다 [주문/송장번호],주문,주문 변경,구매 번호 [주문/송장번호]에서 여러 제품을 제거하는 데 도움을 요청해 주셔서 감사합니다. 마음이 바뀌었거나 이러한 항목을 제거하려는 특별한 이유가 있을 수 있다는 점을 이해합니다. 더 나은 지원을 위해 제거하려는 제품의 이름이나 코드를 알려주시겠습니까? 이는 고객님의 요청을 정확하고 효율적으로 처리하는 데 도움이 됩니다. 고객 만족이 저희의 최우선 과제이며 고객님의 구매가 고객님의 기대에 부응하는지 확인하기 위해 왔습니다.
BL,구매 수정 도움말 [주문/송장번호],주문,주문 변경,"구매 번호 [주문/송장번호]를 편집하는 데 도움이 필요하다는 것을 확인했습니다. 이로 인해 불편을 끼쳐드려 죄송합니다. 고객님의 구매가 고객님의 선호 사항을 정확하게 반영할 수 있도록 고객님이 원하는 변경 사항에 대한 자세한 정보를 제공해 주시겠습니까? 이를 통해 당사는 고객님의 요청을 신속하게 해결하고 적절한 솔루션을 제공할 수 있습니다. 협조해 주셔서 감사드리며, 이 문제를 해결하도록 최선을 다하겠습니다."
BLMQ,주문한 일부 항목을 교환하고 싶습니다 [주문/송장번호],주문,주문 변경,저는 고객님이 내려놓은 것을 집어들고 있습니다. 고객님이 주문한 일부 품목을 주문 번호 [주문/송장번호]로 교환하고 싶다는 뜻입니다. 저희는 고객 만족을 소중히 여기며 이 요청에 대해 도움을 드릴 수 있습니다. 교환을 진행하시려면 교환하고 싶은 구체적인 품목과 교체하고 싶은 품목을 알려주세요. 저희는 고객님을 대신하여 교환을 처리하고 업데이트된 주문 확인서를 제공할 것입니다. 고객님께 딱 맞는 주문을 할 수 있도록 협조해 주셔서 감사합니다.
BL,[주문/송장번호] 주문에서 제품을 제거하는 데 도움을 주세요.,주문,주문 변경,주문 번호 [주문/송장번호]에서 제품을 제거해야 한다는 점을 확실히 알고 있습니다. 저희는 고객님을 돕기 위해 왔습니다. 제거하려는 제품의 세부정보를 제공해 주시겠습니까? 고객님의 특정 요구 사항을 이해함으로써 정확하고 만족스러운 해결 방법을 보장할 수 있습니다.
BL,구매 시 품목을 놓쳤습니다 [주문/송장번호],주문,주문 변경,구매 번호 [주문/송장번호]의 품목을 누락하신 것으로 알고 있습니다. 불편을 끼쳐드려 죄송합니다. 추가 지원을 위해 누락된 특정 항목을 알려주시겠습니까? 저희 팀은 이 문제를 해결하고 고객님이 예상대로 전체 구매를 받을 수 있도록 최선을 다할 것입니다. 이러한 피드백을 제공해 주셔서 감사합니다. 이는 서비스를 지속적으로 개선하는 데 도움이 됩니다.
BELNQ,[주문/송장번호] 주문 제품을 교환할 수 없습니다,주문,주문 변경,고객님의 상황을 명확하게 듣고 주문 번호 [주문/송장번호]의 제품 교환으로 인해 불편을 끼쳐드려 죄송합니다. 이 문제를 즉시 해결하려면 고객 지원팀에 문의하는 것이 좋습니다. 그들은 고객님의 주문에 대한 구체적인 세부 사항을 지원하고 제품 교환 과정을 돕는 데 필요한 전문 지식을 갖추고 있습니다. [고객센터전화번호]로 직접 연락하거나 당사 웹사이트 [웹사이트/메뉴]에서 라이브 채팅을 통해 문의할 수 있습니다. 추가로 도움이 필요하시면 알려주시기 바랍니다.
BL,주문 항목 [주문/송장번호]를 교환해야 합니다.,주문,주문 변경,주문 번호 [주문/송장번호]에 대한 품목 교환 요청과 관련하여 연락해 주셔서 감사합니다. 저희는 주문을 올바르게 받는 것이 얼마나 중요한지 잘 알고 있습니다. 교환하고 싶은 품목과 포함하고 싶은 교체 품목의 세부정보를 제공해 주시겠습니까? 이 정보를 통해 당사는 고객님의 주문에 필요한 변경을 하고 고객님의 구매에 대한 만족을 보장하는 데 도움을 드릴 수 있습니다.
BILMQZ,[주문/송장번호] 주문의 여러 제품을 전환하는 데 도움을 주실 수 있나요?,주문,주문 변경,주문 번호 [주문/송장번호]의 여러 제품을 전환하는 데 도움을 요청해 주셔서 감사합니다. 저희 팀은 고객님의 주문에 대한 완전한 만족을 보장하기 위해 최선을 다하고 있습니다. 전환을 진행하려면 제품 이름이나 SKU를 포함하여 전환하려는 제품에 대한 구체적인 세부 정보를 알려주십시오. 이를 통해 당사는 고객님의 요청을 정확하고 신속하게 처리할 수 있습니다. 과정 전반에 걸쳐 궁금한 점이나 우려 사항이 있으면 언제든지 문의해 주세요. 저희는 고객님이 주문에 필요한 사항을 변경하고 서비스에 대해 긍정적인 경험을 할 수 있도록 도와드리기 위해 왔습니다.
BLM,주문 [주문/송장번호]에서 일부 항목 삭제,주문,주문 변경,주문 번호 [주문/송장번호]를 제공하고 해당 주문에서 일부 항목을 삭제하도록 요청해 주셔서 감사합니다. 고객님이 주문을 조정하고 싶을 수도 있다는 점을 충분히 이해합니다. 즉시 도움을 드릴 수 있도록 제거하고 싶은 특정 항목을 알려주시겠습니까? 고객 만족이 저희의 최우선 과제이며 고객님께 원활하고 개인화된 경험을 보장하기 위해 왔습니다.
BILMQ,여러 구매 품목을 어떻게 교환하나요 [주문/송장번호],주문,주문 변경,"구매 번호 [주문/송장번호]로 여러 품목을 교환하고 싶다는 점을 확인했습니다. 주문을 변경하는 것이 중요합니다. 제가 도와드리겠습니다. 교체 절차를 진행하려면 다음 단계를 따르세요. 1. 당사 웹사이트/앱에서 구매 번호 [주문/송장번호]에 대한 주문 세부 정보 페이지를 방문하세요. 2. 주문한 품목 목록을 찾으세요. 3. 교환하려는 품목을 확인하고 세부 사항을 기록해 두십시오. 4. 일반적으로 각 문서 옆에 있는 ""교체"" 또는 ""변경""이라고 표시된 옵션이나 버튼을 찾으세요. 5. 교체하려는 기사 옆에 있는 ""교체"" 또는 ""변경"" 버튼을 클릭하십시오. 6. 대체 기사를 검색할 수 있는 새 창이나 프롬프트가 나타납니다. 7. 고객님의 선호도에 맞는 키워드나 필터를 사용하여 원하는 대체 기사를 검색하세요. 8. 주문에 추가하려는 새 품목을 선택하고 변경 사항을 확인하세요. 9. 주문 요약을 검토하여 변경 사항이 올바르게 적용되었는지 확인하세요. 10. 모든 것이 괜찮다면 결제를 진행하고 필요한 경우 결제 절차를 완료하세요. 교체품의 가용성과 가격은 다를 수 있습니다. 어려움이 있거나 추가 질문이 있는 경우 당사 고객 지원팀이 기꺼이 도와드리겠습니다. 저희 웹사이트/앱을 통해 연락하시거나 [고객센터전화번호]로 전화해 주세요. 즐거운 교환 되세요!"
BIL,[주문/송장번호]를 구매하기 위해 제품을 추가하는 방법은 무엇입니까?,주문,주문 변경,"주문 번호 [주문/송장번호]로 구매할 제품을 추가하는 방법에 대해 문의해 주셔서 감사합니다. 기존 주문을 수정하고 싶다는 점을 이해합니다. 구매 항목에 제품을 추가하려면 다음 단계를 따르세요. 1. 당사 웹사이트나 앱에서 고객님의 계정에 로그인하세요. 2. 주문 내역으로 이동하거나 주문 관리 섹션으로 이동하세요. 3. 해당 주문 번호([주문/송장번호])가 있는 주문을 찾습니다. 4. 세부정보를 보려면 주문을 클릭하세요. 5. ""제품 추가"" 또는 ""주문 수정"" 버튼을 찾아 클릭하세요. 6. 제품 카탈로그를 탐색하고 원하는 제품을 찾으십시오. 7. ""장바구니에 추가"" 또는 선택한 제품에 해당하는 버튼을 클릭하십시오. 8. 지시에 따라 결제 과정을 완료하세요. 어려움이 있거나 추가 질문이 있는 경우 주저하지 말고 고객 지원팀에 문의하세요. 저희는 모든 단계에서 고객님을 돕기 위해 여기 있습니다. 구매를 위해 당사를 선택해 주셔서 감사드리며, 고객님의 인내와 이해에 감사드립니다."
BLM,구매한 제품 일부를 교환해야 합니다 [주문/송장번호],주문,주문 변경,구매 번호 [주문/송장번호]로 일부 제품을 교환하는 데 도움이 필요하다는 점을 이해했습니다. 저희 팀은 고객님이 필요한 변경을 할 수 있도록 도와드립니다. 교환하고 싶은 특정 품목을 포함하여 교환하려는 제품의 세부정보를 제공해 주세요. 이를 통해 고객님의 요청을 정확하고 효율적으로 처리할 수 있습니다. 저희는 고객님의 구매에 대한 완전한 만족을 보장하기 위해 최선을 다하고 있습니다. 추가로 도움을 드릴 수 있는 방법을 알려주세요.
BLMZ,주문한 일부 제품을 변경하려고 합니까?,주문,주문 변경,주문한 제품을 변경하는 데 도움을 주신 메시지에 감사드립니다. 저희는 고객님이 올바른 품목을 보유하는 것이 중요하다는 것을 이해합니다. 이 문제를 해결하는 데 도움이 되도록 주문 번호를 제공하고 어떤 제품을 변경하고 싶은지 지정해 주시겠습니까? 이를 통해 저희는 고객님의 주문이 고객님이 원하는 대로 정확하게 이루어지도록 보장할 수 있습니다. 저희는 절차 전반에 걸쳐 고객님을 지원해 드릴 것입니다. 고객님의 요청을 이행하는 데 도움이 될 수 있는 질문이 있거나 추가 세부 정보를 공유해 주시기 바랍니다.
BILM,[주문/송장번호] 주문의 여러 제품을 변경하는 방법은 무엇입니까?,주문,주문 변경,고객님는 주문 중 [주문/송장번호] 번호의 여러 제품을 변경하려고 하신다는 점을 잘 알고 있습니다. 저희는 고객님을 돕기 위해 왔습니다. 변경을 진행하려면 고객지원팀에 직접 문의하시기 바랍니다. 그들은 고객님의 주문을 정확하게 수정하는 데 도움이 되는 전문 지식과 도구를 갖추고 있습니다. [고객센터전화번호]로 연락하거나 당사 웹사이트 [웹사이트/메뉴]의 라이브 채팅을 통해 연락할 수 있습니다. 단계별로 안내하고 고객님의 선호 사항에 따라 변경이 이루어졌는지 확인합니다. 안심해 주세요. 저희는 고객님께 원활한 쇼핑 경험을 제공하기 위해 최선을 다하고 있습니다. 우리가 도와드릴 수 있는 다른 것이 있나요?
BKLZ,올바른 순서370795561790,주문,주문 변경,이 문제를 알려주셔서 감사합니다. [주문/송장번호] 번호의 주문을 수정하는 데 도움이 필요하다는 점을 이해합니다. 불편을 끼쳐드려 죄송합니다. 정확하고 효율적인 해결을 위해 주문에 적용할 정확한 변경 사항을 지정해 주시겠습니까? 고객 만족은 저희의 최우선 과제이며 고객님의 요구 사항을 충족시키기 위해 필요한 조정을 하기 위해 최선을 다하고 있습니다.
BL,주문 [주문/송장번호] 편집 지원,주문,주문 변경,저희는 모두 귀를 기울입니다! 주문 번호 [주문/송장번호]를 편집하는 데 도움이 필요하신 것 같습니다. 저는 고객님을 돕기 위해 여기 있습니다. 주문에 대해 구체적으로 변경하고 싶은 사항을 알려주시겠습니까? 세부 정보가 확보되면 주문 편집 과정을 안내하고 모든 것이 고객님의 기본 설정에 따라 업데이트되도록 할 수 있습니다.
BCIL,[주문/송장번호] 구매를 수정해야 하는데 어떻게 해야 하나요?,주문,주문 변경,구매 번호 [주문/송장번호]를 수정해야 한다고 문의해 주셔서 감사합니다. 저희는 고객님의 구매가 정확하고 만족스러운지 확인하는 것이 중요하다는 것을 알고 있습니다. 구매를 수정하는 데 도움을 드릴 수 있도록 변경하려는 사항에 대한 구체적인 세부정보를 제공해 주시겠습니까? 이 정보를 통해 당사는 구매를 효과적으로 수정할 수 있는 적절한 단계를 안내할 수 있습니다. 고객 만족이 저희의 최우선 과제이며 가능한 최고의 지원을 제공하기 위해 최선을 다하고 있습니다.
BLQ,구매를 변경해야 합니다 [주문/송장번호],주문,주문 변경,구매 번호 #[주문/송장번호]를 변경해야 한다는 점을 잘 알고 있습니다. 저희는 고객님을 돕기 위해 왔습니다. 고객님이 원하는 특정 변경 사항에 대해 더 자세한 내용을 제공해 주시겠습니까? 저희 팀은 고객 만족을 보장하기 위해 최선을 다하고 있으며 고객님의 요청을 수용하기 위해 최선을 다할 것입니다.
BLN,구매를 편집할 수 없습니다 [주문/송장번호],주문,주문 변경,불편을 끼쳐드려 죄송합니다. 더 나은 지원을 위해 구매 번호 [주문/송장번호]에 적용하려는 변경 사항에 대해 더 자세한 정보를 제공해 주시겠습니까? 이는 고객님의 특정 요구 사항을 이해하고 고객님께 가장 적합한 솔루션을 찾는 데 도움이 될 것입니다. 저희는 고객님의 완전한 만족을 보장하기 위해 여기에 있으며 고객님의 인내와 협조에 감사드립니다.
BLNQZ,[주문/송장번호] 구매 시 제품을 삭제할 수 없습니다.,주문,주문 변경,"고객님의 메시지에서 구매 번호 [주문/송장번호]의 제품을 삭제하는 데 어려움을 겪고 있음을 추론했습니다. 불편을 끼쳐드려 죄송하며, 도와드리겠습니다. 보다 효과적으로 도움을 드릴 수 있도록 삭제하려는 특정 제품을 알려주시겠습니까? 이 정보를 받으면 절차를 안내하고 구매에 필요한 변경이 이루어졌는지 확인할 수 있습니다. 고객님의 인내와 협조에 감사드립니다."
BK,순서 변경,주문,주문 변경,주문 변경에 관해 메시지를 보내주셔서 감사합니다. 저희는 주문 수정에 대해 우수한 서비스와 지원을 제공하기 위해 노력하고 있습니다. 변경을 진행하려면 수정하려는 주문 번호를 제공해 주시겠습니까? 이를 통해 저희는 올바른 주문을 처리하고 있는지 확인하고 원하는 변경을 수행하는 데 필요한 지원을 제공할 수 있습니다.
BLM,구매한 일부 제품 [주문/송장번호] 교환 지원,주문,주문 변경,구매한 일부 제품의 번호 [주문/송장번호]를 교환하는 데 도움을 받기 위해 당사에 연락해 주셔서 감사합니다. 고객님이 마음을 바꾸었거나 고객님의 필요에 더 적합한 대체 품목을 찾았을 수도 있다는 것을 이해합니다. 안심해 주세요. 저희는 고객님이 완전한 만족을 얻을 수 있도록 필요한 조정을 할 수 있도록 도와드립니다. 제품 교환을 진행하려면 교체하려는 품목과 교체하려는 품목의 구체적인 세부 정보를 제공해 주시겠습니까? 이를 통해 당사는 고객님의 요청을 정확하고 효율적으로 처리할 수 있습니다. 이 문제에 대한 고객님의 협조에 감사드리며 앞으로도 더 많은 도움을 드리겠습니다.
BLMN,[주문/송장번호] 구매 시 여러 상품을 삭제할 수 없습니다,주문,주문 변경,주문 번호 [주문/송장번호]로 구매한 여러 제품을 삭제하는 데 어려움을 겪고 있다는 사실을 확인했습니다. 불편을 끼쳐드려 죄송합니다. 해결책을 찾기 위해 함께 노력합시다. 제거하려는 특정 제품을 알려주시겠습니까? 해당 정보를 확보한 후에는 필요한 변경을 하실 수 있도록 최선을 다해 도와드리겠습니다. 고객 만족이 저희의 최우선 사항입니다.
BIL,[주문/송장번호] 주문 항목을 교환할 수 있나요?,주문,주문 변경,물론입니다! 주문 번호 [주문/송장번호]의 품목을 교환하고 싶다는 점을 확인했습니다. 저희 팀이 이 요청을 도와드리겠습니다. 교환하려는 품목과 갖고 싶은 교체 품목에 대한 자세한 내용을 제공해 주시겠습니까? 이는 교환을 효율적으로 처리하고 고객님의 주문에 대한 완전한 만족을 보장하는 데 도움이 됩니다. 도움을 위해 문의해 주셔서 감사합니다!
BLMW,[주문/송장번호] 주문의 여러 가지 빌어먹을 항목을 전환하려고 합니다.,주문,주문 변경,"주문과 관련하여 불편을 끼쳐드려 죄송하며, 양해해 주셔서 감사합니다. 주문 번호 [주문/송장번호]의 여러 품목을 전환하는 데 도움을 받으려면 고객 지원팀에 직접 문의하는 것이 좋습니다. 그들은 원하는 변경을 효율적으로 수행하는 데 도움이 되는 전문 지식과 도구를 갖추고 있습니다. [고객센터전화번호]로 연락하거나 당사 웹사이트 [웹사이트/메뉴]의 라이브 채팅을 통해 연락할 수 있습니다. 그들은 절차를 안내하고 고객님의 선호 사항에 따라 주문이 수정되었는지 확인합니다. 양해해 주셔서 감사드리며, 불편을 끼쳐드려 죄송합니다."
BLMQZ,주문 [주문/송장번호]의 일부 아이템을 흡수하려고 합니다.,주문,주문 변경,저희는 고객님을 위해 여기 있습니다! 주문 번호 [주문/송장번호]에서 일부 항목을 제거하려고 하시는 것으로 알고 있습니다. 이러한 변경으로 인해 발생한 어려움으로 인해 불편을 끼쳐드려 죄송합니다. 정확한 지원을 제공하기 위해 어떤 항목을 제거하고 싶은지 알려주시겠어요? 고객 만족이 저희의 최우선 사항이며 이번 수정에 대해 최선을 다해 도와드리겠습니다.
BLMQZ,[주문/송장번호] 구매를 위해 일부 항목을 추가하는 데 도움이 필요합니다.,주문,주문 변경,구매 번호 [주문/송장번호]에 품목을 추가하는 데 도움을 달라는 고객님의 메시지를 받았습니다. 저희는 원활하고 편리한 쇼핑 경험을 갖는 것이 얼마나 중요한지 잘 알고 있습니다. 추가 지원을 위해 추가하고 싶은 특정 항목을 알려주시겠습니까? 이렇게 하면 고객님의 구매가 정확하고 만족스럽게 업데이트되도록 보장할 수 있습니다. 고객님의 피드백과 질문은 당사 서비스를 개선하는 데 도움이 되므로 당사에게 매우 중요합니다.
BILMP,[주문/송장번호]를 주문하기 위해 여러 제품을 추가하려면 어떻게 해야 합니까?,주문,주문 변경,번호 [주문/송장번호]로 주문에 여러 제품을 추가하는 것에 대해 문의해 주셔서 감사합니다. 이에 대한 도움을 받으려면 추가하고 싶은 특정 제품을 알려주시기 바랍니다. 품목의 이름이나 코드를 제공하시면 고객님의 주문을 원활하고 정확하게 업데이트하는 데 도움이 됩니다. 고객님의 필요와 선호 사항을 가장 잘 충족할 수 있도록 주문을 수정하는 데 도움을 드리고자 합니다.
BILQWZ,[주문/송장번호]를 구매하기 위해 빌어먹을 아이템을 추가하는 것을 도와줄 수 있나요?,주문,주문 변경,번호 [주문/송장번호]로 구매 항목에 항목을 추가해 달라는 요청과 관련하여 보내주신 메시지에 감사드립니다. 불편을 끼쳐드려 죄송합니다. 더 나은 지원을 위해 추가하려는 항목의 세부정보를 알려주시겠습니까? 이 정보는 해당 품목이 고객님의 구매에 정확하게 추가되었는지 확인하는 데 도움이 됩니다.
BLQ,[주문/송장번호] 구매를 위한 기사를 추가하는 데 도움이 필요합니다.,주문,주문 변경,[주문/송장번호] 번호로 구매한 품목을 추가하는 데 도움이 필요하다는 점을 이해합니다. 주문에 필요한 조정을 할 수 있도록 도와드리겠습니다. 계속 진행하려면 추가하려는 기사의 세부정보를 제공해 주시겠습니까? 이를 통해 당사는 고객님의 구매를 업데이트하고 완전한 만족을 보장할 수 있습니다. 고객님의 요청에 대해 문의해 주셔서 감사합니다.
BLN,[주문/송장번호] 주문에서 기사를 삭제할 수 없습니다.,주문,주문 변경,[주문/송장번호] 주문에서 항목을 삭제하는 데 어려움을 겪고 계신 것으로 확인되었습니다. 이로 인해 불편을 끼쳐드려 죄송합니다. 더 나은 지원을 위해 삭제하려는 특정 기사에 대한 자세한 내용을 알려주시겠습니까? 또한 오류 메시지나 이미 수행한 단계가 있는 경우 알려주시기 바랍니다. 저희는 함께 노력하여 해결책을 찾고 고객 만족을 보장할 것입니다.
BELMNQ,[주문/송장번호] 구매에 일부 항목을 추가할 수 없습니다,주문,주문 변경,구매 번호 [주문/송장번호]에 일부 항목을 추가하는 데 어려움을 겪고 계신 것으로 알고 있습니다. 이로 인해 불편을 끼쳐드려 죄송합니다. 더 나은 지원을 위해 추가하려는 특정 항목을 알려주시겠습니까? 이 문제를 해결하고 원활한 구매 경험을 보장하기 위해 최선을 다하겠습니다.
BK,주문 변경,주문,주문 변경,문의해 주셔서 감사합니다! 주문 변경에 도움이 필요하다는 점을 이해합니다. 저희는 고객님을 돕기 위해 여기 있습니다. 주문 번호와 구체적인 변경 사항을 알려주시겠습니까? 이를 통해 저희는 고객님의 요청을 신속하게 처리하고 고객님의 주문이 고객님이 원하는 대로 이루어지도록 보장할 수 있습니다.
BLMQ,구매한 일부 제품을 교환해야 합니다 [주문/송장번호],주문,주문 변경,"구매 번호 [주문/송장번호]의 일부 제품을 교환해 달라는 고객님의 요청에 감사드립니다. 저는 고객님이 마음을 바꾸었거나 이러한 수정을 원하는 특별한 이유가 있을 수 있다는 점을 이해합니다. 더 나은 지원을 위해 교환하려는 제품의 세부정보를 제공해 주시겠습니까? 이는 고객님의 새로운 선택이 고객님의 기대에 부응하는지 확인하고 고객님을 위해 필요한 조정을 할 수 있도록 도와줍니다. 고객님의 협조에 감사드리며, 이번 제품 교환에 도움을 드릴 수 있기를 기대합니다."
BCL,[주문/송장번호] 주문 항목을 전환해야 합니다. 도와주세요.,주문,주문 변경,주문 번호 [주문/송장번호]의 품목을 전환하는 데 도움이 필요하다는 점을 이해합니다. 불편을 끼쳐드려 죄송하며 최선을 다해 도와드리겠습니다. 전환하려는 품목과 교체하려는 품목에 대한 자세한 내용을 제공해 주시겠습니까? 이를 통해 당사는 고객님의 요청을 처리하고 고객 만족을 보장할 수 있습니다. 지원을 위해 문의해 주셔서 감사합니다.
BILMP,[주문/송장번호]를 구매하기 위해 몇 가지 항목을 추가하는 데 도움을 주실 수 있나요?,주문,주문 변경,저는 그것을하고있다! 구매 번호 [주문/송장번호]에 항목을 추가하는 데 도움이 필요하다는 점을 이해합니다. 주문에 필요한 조정을 할 수 있도록 도와드리겠습니다. 더 나은 지원을 위해 추가하려는 항목의 세부정보를 제공해 주시겠습니까? 이를 통해 당사는 고객님의 구매 정확성을 보장하고 전반적인 쇼핑 경험을 향상시킬 수 있습니다. 고객님의 협조에 감사드리며 앞으로도 더 많은 도움을 드리겠습니다!
BL,구매 변경 시 문제 발생 [주문/송장번호],주문,주문 변경,구매 번호 [주문/송장번호]를 변경하는 데 어려움을 겪고 계신 것으로 알고 있습니다. 저희 팀이 이 문제에 대해 도와드리겠습니다. 현재 겪고 있는 문제에 대해 더 자세한 정보를 제공해 주실 수 있나요? 이는 상황을 더 잘 이해하고 고객님께 적합한 솔루션을 찾는 데 도움이 될 것입니다. 저희는 고객 만족을 보장하기 위해 최선을 다하고 있으며 이 문제를 신속하게 해결하기 위해 최선을 다할 것입니다.
BIL,[주문/송장번호] 구매 품목을 어떻게 변경하나요?,주문,주문 변경,"구매 번호 [주문/송장번호]에 대한 품목을 변경해야 한다는 고객님의 요청에 따라 연락드립니다. 만족을 보장하려면 주문을 조정하는 것이 중요합니다. 변경을 진행하려면 다음 단계를 따르세요. 1. 당사 웹사이트나 앱에서 고객님의 계정에 로그인하세요. 2. ""내 주문"" 섹션이나 구매 내역을 볼 수 있는 유사한 섹션으로 이동하세요. 3. 번호가 [주문/송장번호]인 구매 항목을 찾아 클릭하여 자세한 내용을 확인하세요. 4. ""수정"" 또는 ""편집""이라고 표시된 옵션이나 버튼을 찾아 선택하십시오. 5. 구매한 항목을 변경할 수 있는 페이지로 이동됩니다. 6. 해당 옵션이나 옆에 있는 버튼을 선택하여 변경하려는 기사를 제거하십시오. 7. 품목을 제거한 후 새 품목을 추가하거나 제품 카탈로그에서 교체품을 선택할 수 있습니다. 프롬프트를 따르거나 키워드나 필터를 사용하여 원하는 항목을 검색하세요. 8. 추가하려는 새 기사를 찾으면 해당 기사를 선택하고 변경 사항을 확인하십시오. 9. 변경 사항을 검토하고 모든 것이 올바른지 확인하십시오. 10. 마지막으로 수정 사항을 저장하고 체크아웃 절차를 진행합니다. 특정 옵션이나 버튼의 사용 가능 여부는 고객님이 당사 서비스에 액세스하는 데 사용하는 플랫폼에 따라 다를 수 있습니다. 진행 중에 어려움이 있거나 추가 질문이 있는 경우 주저하지 말고 고객 지원팀에 문의하세요. 저희는 모든 단계에서 고객님을 돕기 위해 여기 있습니다."
BILMQ,[주문/송장번호] 주문에서 여러 품목을 어떻게 제거하나요?,주문,주문 변경,"주문 번호 [주문/송장번호]에서 여러 품목을 제거하는 데 도움을 드리고자 합니다. 저는 고객 만족을 보장하기 위해 고객님의 주문을 조정하는 것이 중요하다는 것을 이해합니다. 기사 제거를 진행하려면 다음 단계를 따르세요. 1. 당사 웹사이트에서 고객님의 계정에 로그인하십시오. 2. '주문' 섹션으로 이동합니다. 3. 주문 번호 [주문/송장번호]를 찾아 클릭하세요. 4. 주문에 포함된 품목 목록이 표시됩니다. 5. 제거하려는 특정 기사를 식별하십시오. 6. 각 기사 옆에 있는 ""제거"" 또는 ""삭제"" 옵션을 찾아 클릭하십시오. 7. 선택 사항을 확인하고 메시지가 나타나면 제거를 확인합니다. 다음 단계에 따라 주문에서 원하는 품목을 제거할 수 있습니다. 문제가 발생하거나 추가 문의사항이 있으면 언제든지 알려주시기 바랍니다. 저희 팀은 모든 단계에서 고객님을 지원하기 위해 여기 있습니다."
BL,구매 품목 전환을 도와주세요 [주문/송장번호],주문,주문 변경,구매 번호 [주문/송장번호]의 품목을 전환하는 데 도움을 드리고자 합니다. 고객님의 기대에 부응하기 위해 주문을 변경해야 할 수도 있다는 점을 이해합니다. 전환을 진행하려면 전환하려는 항목의 세부정보와 교체하려는 대체 항목을 제공해 주시겠습니까? 이는 고객님의 요청을 정확하게 처리하고 고객 만족을 보장하는 데 도움이 됩니다. 도중에 질문이나 우려 사항이 있으면 언제든지 알려주시기 바랍니다.
BLM,[주문/송장번호] 구매를 위해 여러 항목을 추가하는 데 도움이 됩니다.,주문,주문 변경,구매 번호 [주문/송장번호]에 여러 항목을 추가하는 데 도움을 요청해 주셔서 감사합니다. 저희는 고객님의 필요에 맞게 주문을 맞춤화하는 것이 중요하다는 것을 알고 있습니다. 이에 도움이 되도록 제품 이름이나 식별 번호 등 추가하려는 항목의 구체적인 세부 정보를 제공해 주시기 바랍니다. 이를 통해 고객님의 구매가 고객님의 선호도를 정확하게 반영하는지 확인할 수 있습니다. 저희는 고객님의 쇼핑 경험을 가능한 한 원활하게 만들기 위해 왔습니다!
BILQ,[주문/송장번호]를 구매하기 위해 항목을 추가하려면 어떻게 해야 하나요?,주문,주문 변경,"[주문/송장번호] 번호로 구매 항목에 항목을 추가하려고 하시는 것으로 확인됩니다. 구매 항목에 항목을 추가하는 과정은 매우 간단합니다. 다음 단계를 수행할 수 있습니다. 1. 당사 웹사이트 또는 모바일 앱에서 고객님의 계정에 로그인하십시오. 2. 구매 내역 또는 주문 세부정보로 이동합니다. 3. 번호가 [주문/송장번호]인 특정 구매를 찾아 ""편집"" 또는 ""수정"" 옵션을 선택하세요. 4. 제품 카탈로그를 탐색하고 추가하려는 항목을 찾으십시오. 5. 항목을 클릭하고 ""구매에 추가"" 또는 ""장바구니에 추가"" 버튼을 선택하세요. 6. 추가된 품목을 검토하고 올바른지 확인한 후 구매를 완료할 준비가 되면 결제를 진행하세요. 어려움이 있거나 추가 지원이 필요한 경우 전화([고객센터전화번호])나 웹사이트 라이브 채팅을 통해 주저하지 말고 고객 지원팀에 문의하세요. 저희 팀원들은 고객님이 필요한 조정을 하고 원활한 쇼핑 경험을 보장할 수 있도록 도와드립니다."
BL,[주문/송장번호] 구매를 위한 기사 추가 도움말,주문,주문 변경,주문 번호 [주문/송장번호]로 구매한 품목을 추가하는 데 도움을 줄 수 있도록 연락해 주셔서 감사합니다. 주문을 수정하고 싶다는 점을 이해하며 도와드리겠습니다. 추가하고 싶은 기사의 세부정보를 제공해 주시겠습니까? 이를 통해 저희는 필요한 변경을 수행하는 데 효과적으로 도움을 드릴 수 있습니다. 고객님의 협력에 감사드리며 고객님의 구매에 대한 완전한 만족을 보장하는 것을 목표로 합니다.
BLZ,구매한 상품을 삭제하려고 합니다 [주문/송장번호],주문,주문 변경,구매 번호 [주문/송장번호]에서 제품을 삭제하려고 하신 것으로 알고 있습니다. 우리가 도와드리겠습니다! 원활한 처리를 위해 제거하려는 제품의 구체적인 세부정보를 제공해 주시겠습니까? 이러한 방식으로 저희는 고객님을 보다 효율적으로 지원하고 변경 사항이 고객님의 구매에 정확하게 반영되도록 할 수 있습니다. 고객 만족이 저희의 최우선 사항입니다!
BIQ,[주문/송장번호] 주문 항목을 어떻게 변경하나요?,주문,주문 변경,주문 번호 [주문/송장번호]의 품목 변경에 대해 문의해 주셔서 감사합니다. 고객님의 특정 요구 사항에 맞게 주문을 수정하는 데 관심을 가져주셔서 감사합니다. 변경을 진행하려면 수정하려는 항목의 세부정보를 제공해 주시기 바랍니다. 저희 팀이 고객님의 요청을 검토하고 필요한 조정을 할 수 있도록 도와드릴 것입니다.
BELNQZ,내가 한 주문을 수정할 수 없어요,주문,주문 변경,"주문을 수정하는 데 어려움을 겪고 계신 것으로 알고 있습니다. 이로 인해 불편을 끼쳐드려 죄송합니다. 추가 지원을 위해 주문 번호를 알려주시겠습니까? 이를 통해 저희는 고객님의 상황을 더 잘 이해하고 고객님께 적합한 솔루션을 찾을 수 있습니다. 고객 만족이 저희의 최우선 사항이며, 우리가 도와드리겠습니다."
BIL,[주문/송장번호] 주문을 어떻게 업데이트하나요?,주문,주문 변경,"주문 번호 [주문/송장번호] 업데이트와 관련해 도움을 요청해 주셔서 감사합니다. 필요한 사항을 변경하려면 다음 단계를 따르세요. 1. 당사 웹사이트/앱에서 고객님의 계정에 로그인하세요. 2. '내 주문' 섹션으로 이동하세요. 3. 번호가 [주문/송장번호]인 주문을 찾습니다. 4. 주문을 클릭하면 세부정보를 볼 수 있습니다. 5. ""업데이트"" 또는 ""수정""이라는 옵션을 찾으십시오. 6. 해당 옵션을 선택하면 주문 세부정보를 업데이트할 수 있습니다. 7. 새 항목 추가, 기존 항목 제거, 수량 업데이트 등 원하는 대로 변경합니다. 8. 필요한 업데이트를 수행한 후에는 변경 사항을 주의 깊게 검토하십시오. 9. 마지막으로 ""저장"" 또는 ""업데이트"" 버튼을 클릭하여 절차를 완료합니다. 문제가 발생하거나 추가 질문이 있는 경우 주저하지 말고 알려주시기 바랍니다. 저희는 고객님께 필요할 수 있는 모든 지원을 제공해 드리겠습니다."
BLZ,주문 수정00004587345,주문,주문 변경,주문 번호 [주문/송장번호]를 수정하기 위해 문의해 주셔서 감사합니다. 저희는 고객님의 특정 요구 사항에 따라 주문을 변경하는 것이 중요하다는 것을 이해합니다. 더 나은 지원을 위해 수정하고 싶은 사항을 지정해 주시겠습니까? 저희 팀은 고객님의 주문이 고객 만족에 맞게 조정되었는지 확인하기 위해 왔습니다.
BCILZ,"[주문/송장번호]를 구매하고 싶은데, 도와주실 수 있나요?",주문,주문 변경,주문 번호 [주문/송장번호]로 구매 항목을 업데이트해야 한다는 고객님의 요청에 따라 연락드립니다. 저희는 가능한 최고의 지원을 제공하기 위해 노력하고 있습니다. 업데이트를 진행하려면 원하는 특정 변경 사항에 대한 자세한 내용을 제공해 주시겠습니까? 이는 고객님의 구매가 고객님이 원하는 대로 정확하게 이루어지도록 보장하는 데 도움이 됩니다. 이 절차를 원활하고 효율적으로 진행하는 데 협조해 주셔서 감사합니다.
BILQ,구매 [주문/송장번호]를 어떻게 편집하나요?,주문,주문 변경,"주문 번호 [주문/송장번호]로 구매 내용을 편집하고 싶다는 점을 이해합니다. 이에 대한 도움을 받으려면 다음 단계를 따라 주세요. 1. 당사 웹사이트나 앱에서 고객님의 계정에 로그인하세요. 2. ""내 주문"" 또는 ""주문 내역"" 섹션으로 이동합니다. 3. 주문 번호 [주문/송장번호]로 구매한 항목을 찾습니다. 4. 구매 옆에 있는 '수정' 또는 '수정' 옵션을 클릭하세요. 5. 제품 수량, 색상, 크기 또는 기타 적용 가능한 매개변수 등 편집 가능한 필드를 검토합니다. 6. 요구 사항에 따라 구매 세부 정보를 필요한 대로 변경합니다. 7. 수정 사항이 정확한지 다시 확인하세요. 8. 변경 사항에 만족하면 ""저장"" 또는 ""업데이트"" 버튼을 클릭하십시오. 9. 주문 번호 [주문/송장번호]로 구매한 내용이 이제 편집 내용으로 업데이트됩니다. 이 과정에서 어려움이 있거나 추가 지원이 필요한 경우 언제든지 알려주시기 바랍니다. 우리가 도와주러 왔습니다!"
BLQ,[주문/송장번호] 주문에서 제품을 제거하는 데 도움이 필요합니다.,주문,주문 변경,번호 #[주문/송장번호]로 주문에서 제품을 제거하는 데 도움을 요청해 주셔서 감사합니다. 저희는 고객님이 주문 내용을 통제하는 것이 얼마나 중요한지 잘 알고 있습니다. 필요한 지침을 제공하기 위해 제거하려는 특정 제품을 알려주시겠습니까? 고객님의 요구 사항을 이해함으로써 신속하고 정확한 해결을 보장할 수 있습니다. 앞으로 더 많은 도움을 드릴 수 있기를 기대합니다!
BELMNZ,[주문/송장번호]의 일부 상품을 변경할 수 없습니다,주문,주문 변경,구매 번호 [주문/송장번호]의 일부 제품을 변경할 수 없다는 소식을 듣고 안타깝습니다. 저는 고객님의 주문을 통제하는 것이 얼마나 중요한지 이해합니다. 변경하려는 특정 제품에 대한 자세한 내용을 제공해 주시겠습니까? 이는 고객님께 적합한 솔루션을 찾는 데 도움이 될 것입니다. 양해해 주셔서 감사드리며 앞으로도 더 많은 도움을 드리겠습니다.
BLZ,[주문/송장번호] 주문 물품 교환을 위한,주문,주문 변경,주문 번호 [주문/송장번호]의 품목 교환 요청과 관련하여 문의해 주셔서 감사합니다. 저희는 고객님의 주문을 변경하는 것의 중요성을 이해하고 있으며 고객님을 돕기 위해 여기에 있습니다. 교환을 진행하시려면 교환하려는 물품의 세부정보와 선호하는 교체 품목을 알려 주시기 바랍니다. 이 정보를 통해 당사는 고객님의 요청을 신속하게 처리하고 고객 만족을 보장할 수 있습니다.
BILMPQW,[주문/송장번호] 주문한 제품 좀 교환할 수 있을까요?,주문,주문 변경,주문 번호 #[주문/송장번호]의 제품 교환을 요청해 주셔서 감사합니다. 저희는 고객 만족을 보장하기 위해 주문을 변경하는 것이 중요하다는 것을 이해합니다. 이에 도움을 드릴 수 있도록 교환하려는 제품의 세부정보를 제공해 주시겠습니까? 저희 팀은 고객님을 지원하고 필요한 조치를 취할 준비가 되어 있을 것입니다.
BCILMQ,[주문/송장번호]를 주문하기 위해 여러 제품을 추가하고 싶습니다. 어떻게 해야 하나요?,주문,주문 변경,"주문 번호 [주문/송장번호]에 여러 제품을 추가하는 데 도움을 주셔서 감사합니다. 우리가 도와드리겠습니다! 주문에 제품을 추가하려면 다음 단계를 따르세요. 1. 고객님의 계정으로 이동하거나 당사 웹사이트/모바일 앱에 로그인하세요. 2. '주문' 섹션으로 이동합니다. 3. 주문 번호 [주문/송장번호]를 찾아 클릭하세요. 4. ""제품 추가"" 또는 ""주문 편집"" 옵션을 찾아 클릭하세요. 5. 제품 카탈로그를 찾아보고 주문에 추가하려는 품목을 선택하십시오. 6. 원하는 상품을 선택하신 후 결제 페이지로 이동하세요. 7. 새로 추가된 제품을 포함하여 업데이트된 주문 요약을 검토하세요. 8. 변경 사항을 확인하고 해당되는 경우 결제 절차를 진행하세요. 어려움이 있거나 추가 질문이 있는 경우 언제든지 [운영시간/기간]([고객센터전화번호])의 고객 지원팀에 문의하거나 당사 웹사이트([웹사이트/메뉴])의 라이브 채팅을 통해 문의하세요. 저희는 고객님의 쇼핑 경험이 원활하고 편리하도록 최선을 다하고 있습니다."
BLMQ,여러 구매 품목을 교환해야 합니다. [주문/송장번호],주문,주문 변경,구매 번호 [주문/송장번호]의 여러 품목을 교환하는 데 도움을 요청해 주셔서 감사합니다. 저희는 고객님이 원하는 품목을 확실히 받는 것이 중요하다는 것을 이해합니다. 교환을 진행하려면 변경하려는 항목의 구체적인 세부정보를 제공해 주시겠습니까? 이를 통해 고객님의 요청을 정확하고 효율적으로 처리할 수 있습니다. 이 문제에 대한 고객님의 인내와 협조에 감사드립니다.
BLZ,주문 [주문/송장번호]를 수정해야 합니다.,주문,주문 변경,"주문 번호 [주문/송장번호]를 수정해야 한다는 사실을 확인했습니다. 오류로 인해 불편을 끼쳐드려 죄송하며 최선을 다해 도와드리겠습니다. 품목, 수량, 배송 주소 수정 등 원하는 변경 사항에 대한 구체적인 세부 정보를 제공해 주시기 바랍니다. 고객님의 의견을 바탕으로 고객님의 주문이 만족스러울 정도로 업데이트될 수 있도록 최선을 다하겠습니다."
BILZ,[주문/송장번호] 구매 항목을 변경하는 데 도움을 주실 수 있나요?,주문,주문 변경,"번호 #[주문/송장번호]로 구매한 항목을 변경하는 데 도움이 필요하신 것으로 알고 있습니다. 우리가 도와드리겠습니다! 품목 업데이트, 수량 수정, 기타 필요한 조정 등 어떤 변경을 원하는지 정확하게 알려주시기 바랍니다. 구체적인 세부정보를 제공해 주시면 더욱 효과적으로 도움을 드릴 수 있습니다."
BL,구매한 제품 [주문/송장번호]를 교환하는 데 도움이 필요합니다.,주문,주문 변경,"무슨 말인지 알겠습니다! 주문 번호 [주문/송장번호]로 구매한 제품을 교환하는 데 도움이 필요하시다는 내용입니다. 우리가 도와드리겠습니다! 원활한 진행을 위해 이름, 사이즈, 기타 사양 등 교환하려는 제품에 대한 자세한 정보를 제공해 주시겠습니까? 이 정보를 통해 당사는 정확한 품목을 찾고 교환에 필요한 지침을 제공할 수 있습니다."
BILM,[주문/송장번호] 구매에서 여러 기사를 삭제할 수 있나요?,주문,주문 변경,구매 번호 [주문/송장번호]에서 여러 항목을 삭제하는 것에 대한 고객님의 우려에 동의합니다. 저희는 고객님을 돕기 위해 왔습니다. 정확한 지원을 제공하기 위해 삭제하려는 특정 항목을 알려주시겠습니까? 이 정보를 받으면 신속하게 절차를 안내하고 고객님의 선호 사항에 따라 구매가 업데이트되도록 할 것입니다. 고객 만족이 저희의 최우선 사항입니다!
BLQ,주문 편집에 도움이 필요합니다 [주문/송장번호],주문,주문 변경,주문 번호 #[주문/송장번호]를 편집하는 데 도움이 필요하다는 것을 알고 있습니다. 지원을 위해 문의해 주셔서 감사합니다. 저희 팀은 탁월한 경험을 제공하고 고객님의 주문이 고객님의 기대에 부응하도록 최선을 다하고 있습니다. 주문 편집을 진행하려면 구체적으로 변경하고 싶은 사항을 알려주세요. 저희는 고객님이 겪을 수 있는 모든 문제를 해결하기 위해 최선을 다하고 도와드리겠습니다.
BLM,여러 주문 품목 교환 [주문/송장번호],주문,주문 변경,주문 번호 [주문/송장번호]의 여러 품목을 교환해 달라는 고객님의 요청에 진심으로 감사드립니다. 저는 고객님의 요구 사항을 충족하는 올바른 제품을 갖는 것이 중요하다는 것을 이해합니다. 추가 지원을 위해 교환하고 싶은 특정 품목과 추가하고 싶은 교체 품목을 제공해 주시겠습니까? 이 정보는 고객님의 요청을 정확하고 효율적으로 처리하는 데 도움이 됩니다. 원하는 대로 주문할 수 있도록 협조해 주셔서 감사합니다.
BLM,[주문/송장번호]를 주문하려면 여러 항목을 추가하는 데 도움이 필요합니다.,주문,주문 변경,"주문 번호 [주문/송장번호]로 주문에 여러 품목을 추가하는 데 도움이 필요하다는 점을 이해합니다. 고객님의 주문이 완전하고 정확한지 확인하기 위해 세부 사항에 관심을 갖고 노력해 주셔서 감사합니다. 필요한 수정을 진행하려면 추가하려는 기사의 구체적인 내용을 제공해 주시겠습니까? 이를 통해 당사는 신속하게 고객님을 지원하고 이에 따라 고객님의 주문을 업데이트할 수 있습니다. 고객님의 주문을 저희에게 맡겨주셔서 감사드리며, 이 문제가 신속하게 해결되기를 기대합니다."
B,주문 [주문/송장번호] 변경에 도움이 필요합니다.,주문,주문 변경,주문 번호 [주문/송장번호] 변경에 대한 도움을 요청해 주셔서 감사합니다. 저는 고객님의 주문을 변경하는 것의 중요성을 완전히 이해하고 있으며 이에 대해 도움을 드리고자 합니다. 고객님이 원하는 특정 변경 사항에 대한 추가 정보를 제공해 주시겠습니까? 이를 통해 저희는 고객님의 모든 요구 사항을 정확하게 처리할 수 있습니다.
BKL,구매 항목에서 항목 삭제 [주문/송장번호],주문,주문 변경,"문의해 주셔서 감사합니다. 구매 번호 [주문/송장번호]에서 항목을 제거하고 싶다는 점을 확인했습니다. 이로 인해 불편을 끼쳐드려 죄송하며, 이 요청에 대해 도움을 드릴 수 있습니다. 최상의 지원을 제공하기 위해 구매에서 제거하고 싶은 항목을 지정해 주시겠습니까? 이를 통해 당사는 고객님의 구매 세부정보를 검토하고 그에 따라 수정을 처리할 수 있습니다."
BLMW,[주문/송장번호] 주문에서 피 묻은 항목 몇 개를 제거해야 합니다.,주문,주문 변경,"저희는 주문 번호 [주문/송장번호]에서 지정된 품목을 제거하는 것의 긴급성과 중요성을 완전히 이해합니다. 저희 팀은 필요한 조정을 즉시 수행할 수 있도록 도와드립니다. 정확한 지원을 제공할 수 있도록 삭제하려는 기사의 구체적인 세부정보를 제공해 주시겠습니까? 고객 만족은 우리에게 가장 중요하며, 이 문제를 해결하기 위해 노력하는 동안 기다려 주셔서 감사합니다."
BLM,내 마지막 주문에서 일부 항목을 삭제하는 데 도움을 주세요,주문,주문 변경,마지막 주문에서 항목을 삭제하는 데 도움이 필요하다는 점을 이해합니다. 이로 인해 불편을 끼쳐드려 죄송합니다. 더 나은 지원을 위해 주문 번호와 삭제하려는 특정 항목을 알려주시겠습니까? 이를 통해 당사는 고객님의 요청을 신속하게 처리하고 고객님의 선호 사항에 따라 주문이 정확한지 확인할 수 있습니다. 협조해 주셔서 감사합니다.
BILQ,구매한 제품 [주문/송장번호]로 교환할 수 있나요?,주문,주문 변경,"문의해 주셔서 감사합니다! 구매 번호 [주문/송장번호]의 제품을 교환하고 싶다는 점을 이해합니다. 저희는 고객님을 돕기 위해 왔습니다. 더 나은 도움을 드릴 수 있도록 교환하려는 제품의 세부정보를 제공해 주시겠습니까? 여기에는 제품 이름, SKU 또는 기타 식별 정보가 포함될 수 있습니다. 필요한 세부 정보가 확보되면 교체 절차를 안내하고 적합한 교체품을 찾을 수 있습니다. 고객 만족이 저희의 최우선 사항이며, 요청된 정보를 제공해 주신 데 대해 양해해 주셔서 감사합니다."
BLM,[주문/송장번호] 주문한 일부 상품이 누락되었습니다.,주문,주문 변경,주문 번호 [주문/송장번호]의 누락된 제품에 대해 문의해 주셔서 감사합니다. 불편을 끼쳐드려 죄송합니다. 이 문제를 해결하려면 주문에 포함되지 않은 제품의 세부 정보를 제공해 주시기 바랍니다. 저희 팀은 신속하게 정보를 검토하고 누락된 제품이 고객님의 주문에 포함되도록 필요한 조치를 취할 것입니다. 고객 만족이 저희의 최우선 사항입니다. 이 문제를 해결하는 데 있어 고객님의 인내와 협조에 감사드립니다.
BILQ,구매 [주문/송장번호] 수정이 가능한가요?,주문,주문 변경,구매 번호 [주문/송장번호] 수정 요청 메시지를 보내주셔서 기쁘게 생각합니다. 저희는 고객님의 완전한 만족을 보장하기 위해 때때로 변경이 필요하다는 것을 이해합니다. 저희는 이에 대해 기꺼이 도와드리겠습니다. 구매에 대해 구체적으로 변경하고 싶은 사항을 알려주시겠습니까? 저희는 고객님의 요청을 수용하고 고객님의 주문이 고객님이 원하는 방식으로 이루어지도록 최선을 다할 것입니다. 고객님의 의견은 당사 서비스를 개선하는 데 도움이 되므로 매우 감사하게 생각합니다.
BL,구매 [주문/송장번호]를 업데이트해야 합니다.,주문,주문 변경,구매 번호 [주문/송장번호] 업데이트 요청과 관련하여 문의해 주셔서 감사합니다. 저희는 고객님이 원하는 방식으로 정확하게 구매하는 것이 중요하다는 것을 알고 있습니다. 최선의 지원을 위해 고객님이 원하는 특정 업데이트나 변경 사항에 대한 자세한 내용을 제공해 주시겠습니까? 이는 고객님의 요청을 정확하고 효율적으로 처리하는 데 도움이 됩니다. 저희는 고객님의 피드백을 소중히 여기며 가능한 최고의 쇼핑 경험을 제공하기 위해 노력하고 있습니다.
BL,구매 기사 삭제 [주문/송장번호],주문,주문 변경,"구매 번호 [주문/송장번호]에서 항목을 삭제하는 데 도움이 필요하다는 점을 이해합니다. 저희 팀이 고객님을 돕기 위해 여기 있습니다. 삭제하려는 기사의 세부정보를 제공해 주시겠습니까? 이를 통해 당사는 고객님의 구매를 적절하게 업데이트하는 데 필요한 조치를 취할 수 있습니다. 이 문제를 알려주셔서 감사드리며, 양해해 주셔서 감사합니다."
BILMPW,[주문/송장번호]를 주문하기 위해 빌어먹을 제품을 어떻게 추가할 수 있나요?,주문,주문 변경,주문 번호 #[주문/송장번호]로 주문에 제품을 추가하는 방법에 대해 문의해 주셔서 감사합니다. 구매 시 추가 품목을 포함하고 싶다는 점을 이해합니다. 저희의 목표는 고객 만족을 보장하고 필요한 수정을 할 수 있도록 지원하는 것입니다. 더 나은 도움을 드리기 위해 주문에 추가하고 싶은 정확한 제품을 지정해 주시겠습니까? 이를 통해 당사는 고객님께 가장 정확한 지원을 제공하고 고객님의 주문이 고객님의 기대에 완벽하게 부합하는지 확인할 수 있습니다.
BLW,주문 [주문/송장번호]에서 빌어먹을 항목을 삭제하는 데 도움을 주세요.,주문,주문 변경,주문 번호 [주문/송장번호]에서 항목을 삭제하는 데 도움을 드리고자 합니다. 이로 인해 불편을 끼쳐드려 죄송합니다. 더 나은 지원을 위해 주문에서 제거하려는 품목을 지정해 주시겠습니까? 저희는 이러한 수정을 신속하고 정확하게 수행하기 위해 필요한 조치를 취하기를 원합니다. 추가 세부정보나 궁금한 점이 있으면 언제든지 알려주시기 바랍니다.
BMQ,[주문/송장번호]를 주문하려면 일부 항목을 추가해야 합니다.,주문,주문 변경,"문의해 주셔서 감사합니다! 주문 번호 [주문/송장번호]에 일부 항목을 추가해 달라는 고객님의 요청을 완전히 이해합니다. 저희는 절차 전반에 걸쳐 고객님을 지원하기 위해 여기 있습니다. 이 문제를 올바르게 수행할 수 있도록 추가하려는 항목의 세부정보를 제공해 주시겠습니까? 이렇게 하면 해당 상품이 고객님의 주문에 올바르게 포함되었는지 확인할 수 있습니다. 고객 만족은 저희의 최우선 과제이며, 고객님의 요청을 이행하기 위해 함께 노력하는 동안 양해해 주셔서 감사합니다."
BLQZ,[주문/송장번호]에서 항목을 삭제하는 데 도움이 필요합니다.,주문,주문 변경,주문 번호 [주문/송장번호]에서 항목을 삭제하는 데 도움이 필요하다는 점을 이해했습니다. 안심하세요. 제가 도와드리겠습니다. 삭제를 진행하려면 삭제하려는 항목의 구체적인 세부정보를 알려주시기 바랍니다. 해당 정보가 접수되면 절차를 안내해 드리고 고객님의 주문이 그에 따라 업데이트되도록 도와드리겠습니다.
BELNW,[주문/송장번호] 주문에 빌어먹을 제품을 추가할 수 없습니다.,주문,주문 변경,번호가 [주문/송장번호]인 주문에 제품을 추가하는 데 문제가 발생한 것으로 알고 있습니다. 불편을 끼쳐드려 죄송합니다. 이 문제를 해결하려면 추가하려는 제품에 대한 자세한 내용과 나타저는 오류 메시지를 제공해 주시겠습니까? 이 정보를 통해 당사는 고객님을 보다 효과적으로 지원하고 적합한 솔루션을 찾을 수 있습니다. 저희는 고객님의 주문이 고객님이 상상한 대로 이루어지도록 돕고 보장하기 위해 왔습니다. 이해와 인내심에 감사드립니다.
BCL,구매 [주문/송장번호]를 수정해야 하는데 도움이 필요합니다,주문,주문 변경,저는 고객님과 함께 있습니다. 구매 번호 [주문/송장번호]를 수정해야 합니다. 저희는 고객님께 필요한 도움을 제공해 드리겠습니다. 수정을 진행하려면 원하는 변경 사항을 지정해 주시겠습니까? 이를 통해 당사는 고객님께 절차를 안내하고 고객님의 구매가 고객님이 원하는 대로 정확하게 이루어지도록 보장할 수 있습니다. 양해해 주셔서 감사드리며 이 문제를 해결하기 위해 최선을 다하겠습니다.
BLNQZ,업데이트 주문 [주문/송장번호]를 캠으로 보냈습니다.,주문,주문 변경,번호 #[주문/송장번호]로 주문을 업데이트하는 데 어려움을 겪고 계신 것으로 알고 있습니다. 불편을 끼쳐드려 죄송합니다. 추가 지원을 위해 주문에 적용하려는 특정 변경 사항에 대한 자세한 내용을 제공해 주시겠습니까? 저희 팀은 이 문제를 해결하고 고객 만족을 보장하기 위해 왔습니다.
BLM,주문 [주문/송장번호]의 여러 항목을 교환하는 데 도움이 됩니다.,주문,주문 변경,주문 번호 [주문/송장번호]의 여러 품목을 교환하는 데 도움이 필요하다는 점을 이해합니다. 만족을 보장하려면 주문을 변경하는 것이 중요합니다. 교환하고 싶은 특정 품목을 제공해 주시겠습니까? 저희 팀은 고객님의 주문이 고객님의 기대에 부응할 수 있도록 이 과정을 도와드릴 준비가 되어 있습니다.
BL,[주문/송장번호] 주문 항목 교환을 도와주세요,주문,주문 변경,주문한 품목 중 [주문/송장번호] 번호로 교환하는 데 도움이 필요하다는 점을 이해합니다. 불편을 끼쳐드려 죄송합니다. 더 나은 지원을 위해 교환하려는 특정 품목에 대한 자세한 정보를 제공해 주시겠습니까? 이를 통해 저희는 가장 정확하고 효율적인 솔루션을 제공할 수 있습니다. 저희는 곧 고객님의 의견을 듣고 고객님의 주문이 고객님의 기대에 부응할 수 있기를 기대합니다.
BL,[주문/송장번호] 주문 상품 교환을 도와주세요,주문,주문 변경,주문한 품목 중 [주문/송장번호] 번호로 교환하는 데 도움이 필요하다는 점을 이해합니다. 저희의 목표는 이 절차를 최대한 원활하게 만드는 것입니다. 교환하려는 품목과 염두에 두고 있는 교체 품목에 대한 자세한 내용을 제공해 주시겠습니까? 이는 필요한 변경을 진행하고 고객 만족을 보장하는 데 도움이 될 것입니다.
BLZ,구매 [주문/송장번호]에서 기사를 삭제하도록 도와주세요,주문,주문 변경,구매 번호 [주문/송장번호]에서 항목을 삭제하는 데 도움이 필요하다는 점을 이해합니다. 우리가 도와드리겠습니다! 정확하고 효율적인 서비스를 보장하기 위해 삭제하려는 기사의 구체적인 세부정보를 제공해 주시겠습니까? 이를 통해 당사는 고객님의 구매를 업데이트하는 데 필요한 조치를 취할 수 있습니다. 고객님의 협조에 감사드리며 이 문제가 해결될 수 있도록 최선을 다하겠습니다.
BCLM,[주문/송장번호] 주문의 일부 항목을 교환해야 합니다. 도와주세요.,주문,주문 변경,"주문 번호 #[주문/송장번호]의 품목을 교환하는 데 도움이 필요하다는 점을 이해합니다. 고객님의 주문을 변경하는 것은 우리에게 중요한 일이며, 우리가 도와드리겠습니다. 교환하고 싶은 특정 품목을 제공해 주시겠습니까? 이를 통해 당사는 고객님의 요청을 정확하고 신속하게 처리할 수 있습니다. 고객 만족이 저희의 최우선 과제입니다. 이 문제를 해결하기 위해 노력하는 동안 양해해 주셔서 감사합니다."
BILPQ,구매 내역을 변경할 수 있나요? [주문/송장번호],주문,주문 변경,주문 번호 #[주문/송장번호]로 구매 내용을 변경하고 싶으신 것으로 알고 있습니다. 저희는 고객님을 돕기 위해 왔습니다. 정확한 정보를 제공할 수 있도록 구매 시 어떤 변경 사항을 적용하고 싶은지 구체적으로 알려주시기 바랍니다. 고객 만족이 저희의 최우선 과제이며 이에 따라 고객님의 요구 사항을 해결하고자 합니다.
BLMN,주문 [주문/송장번호]에서 일부 제품을 삭제할 수 없습니다.,주문,주문 변경,이 문제를 알려주셔서 감사합니다. 주문번호 [주문/송장번호]의 상품을 삭제하지 못하여 불편을 끼쳐드린 점 사과드립니다. 고객님이 원하는 대로 주문을 변경할 수 없을 때 실망스러울 수 있다는 점을 이해합니다. 삭제하는 데 문제가 있는 특정 제품에 대한 자세한 내용을 알려주시겠습니까? 이렇게 하면 문제를 더 자세히 조사하고 적절한 해결 방법을 찾는 데 도움이 됩니다.
BELNQ,주문 [주문/송장번호]를 편집할 수 없습니다,주문,주문 변경,주문 번호 [주문/송장번호]를 편집하는 데 어려움을 겪고 계신 것으로 확인되었습니다. 저희 팀은 고객님의 주문에 필요한 변경 사항을 지원하기 위해 최선을 다하고 있습니다. 더 나은 지원을 위해 편집하려는 특정 항목에 대한 자세한 내용을 제공해 주시겠습니까? 이를 통해 저희는 고객님께 가장 적합한 솔루션을 찾을 수 있습니다.
BIL,[주문/송장번호] 주문 제품을 변경할 수 있나요?,주문,주문 변경,"주문 번호 [주문/송장번호]의 제품 변경 요청과 관련하여 연락드리겠습니다. 저희는 때때로 변화가 필요하다는 것을 이해하고 있으며, 이에 대해 도움을 드리고 있습니다. 변경하려는 제품의 구체적인 세부정보를 제공해 주시겠습니까? 이를 통해 당사는 고객님의 요청을 정확하고 효율적으로 처리할 수 있습니다. 고객 만족을 보장하기 위해 함께 노력하는 동안 고객님의 인내심과 협조에 감사드립니다."
BLMQ,[주문/송장번호]를 주문하기 위해 일부 제품을 추가하는 방법을 모르겠습니다.,주문,주문 변경,"주문 번호 #[주문/송장번호]에 제품을 추가하는 방법에 대해 잘 모르신다는 점을 이해합니다. 저희는 고객님을 돕기 위해 여기 있습니다. 주문에 제품을 추가하려면 다음 단계를 따르세요. 1. 당사 웹사이트에서 고객님의 계정에 로그인하십시오. 2. ""내 주문"" 섹션으로 이동합니다. 3. 번호가 #[주문/송장번호]인 주문을 찾습니다. 4. ""주문 편집"" 또는 ""항목 추가"" 버튼을 클릭하십시오. 5. 제품 카탈로그를 탐색하고 추가하려는 항목을 선택하십시오. 6. 필요한 경우 수량을 조정하세요. 7. ""주문에 추가"" 버튼을 클릭하세요. 8. 업데이트된 주문을 검토하여 변경 사항이 올바른지 확인하세요. 9. 구매를 완료하려면 결제 페이지로 이동하세요. 어려움이 있거나 추가 질문이 있는 경우 언제든지 고객 지원팀에 문의하세요. [운영시간/기간]([고객센터전화번호]) 또는 당사 웹사이트([웹사이트/메뉴])의 라이브 채팅을 통해 이용 가능합니다. 저희는 원활하고 만족스러운 쇼핑 경험을 보장하기 위해 모든 단계에서 도움을 드리고 있습니다."
BILZ,[주문/송장번호] 주문으로 바꿔주실 수 있나요?,주문,주문 변경,주문 번호가 [주문/송장번호]인 품목을 전환하는 데 도움을 찾고 계신 것으로 확인되었습니다. 저희 팀은 고객님이 필요한 변경을 할 수 있도록 도와드립니다. 전환하려는 항목과 이를 대체하려는 특정 항목에 대한 자세한 내용을 제공해 주시겠습니까? 이 정보를 통해 전환을 성공적으로 완료하는 데 도움을 드릴 수 있습니다.
BL,[주문/송장번호] 주문 제품을 교환하는 데 도움이 필요합니다.,주문,주문 변경,주문 번호 [주문/송장번호]로 제품을 교환하는 데 도움을 주셔서 감사합니다! 저희는 주문을 올바르게 받는 것이 얼마나 중요한지 잘 알고 있습니다. 교환을 진행하려면 교환하려는 품목과 받고 싶은 새 품목의 세부정보를 제공해 주시겠습니까? 이는 원활하고 원활한 전환을 보장하는 데 도움이 됩니다. 저희는 고객님이 구매에 완전히 만족했는지 확인하기 위해 왔습니다!
BL,구매 품목 [주문/송장번호] 교환을 도와주세요,주문,주문 변경,"구매하신 품목을 [주문/송장번호] 번호로 교환하는 데 도움이 필요하다는 연락을 받았습니다. 이 문제로 인해 불편을 끼쳐드려 죄송합니다. 교환을 진행하시려면 교환하고 싶은 상품과 받고 싶은 교체 상품의 세부정보를 제공해 주실 수 있나요? 이러한 방식으로 저희는 고객님의 요구 사항을 충족시키는 원활하고 효율적인 절차를 보장할 수 있습니다. 고객 만족이 저희의 최우선 사항이며, 저희는 모든 단계에서 고객님을 지원하기 위해 여기 있습니다."
BZ,주문 변경을 도와주세요 [주문/송장번호],주문,주문 변경,"주문 변경, 특히 주문 번호 [주문/송장번호] 주문 변경에 대한 도움을 위해 저희가 도와드리겠습니다. 저는 고객님의 기대에 부응하기 위해 주문을 수정하는 것이 중요하다는 것을 이해합니다. 변경을 진행하려면 주문의 어떤 부분을 수정하고 싶은지에 대한 자세한 내용을 제공해 주시겠습니까? 고객님의 요구 사항을 명확히 함으로써 절차 전체를 안내하고 변경 사항에 대해 고객님이 완전히 만족할 수 있도록 보장할 수 있습니다."
BL,구매 업데이트 지원 [주문/송장번호],주문,주문 변경,"주문 번호 [주문/송장번호]로 구매를 업데이트하는 데 도움이 필요하다는 점을 이해했습니다. 고객님의 구매가 고객님의 요구 사항을 충족할 수 있도록 필요한 조정을 할 수 있도록 도와드리겠습니다. 품목, 수량, 기타 관련 정보 등 업데이트하고 싶은 사항에 대한 구체적인 세부정보를 제공해 주시기 바랍니다. 고객님의 의견을 바탕으로 저희는 함께 협력하여 고객님의 구매를 수정하고 고객님이 원하는 대로 정확하게 제작할 것입니다."
BELNQ,구매한 제품을 변경할 수 없습니다 [주문/송장번호],주문,주문 변경,"구매 번호 #[주문/송장번호]의 제품을 전환하는 데 어려움을 겪고 계신 것으로 알고 있습니다. 불편을 끼쳐드려 죄송하며 이 문제에 대해 도움을 드리고자 합니다. 고객님의 상황을 더 잘 이해할 수 있도록 전환하려는 특정 제품과 문제의 원인에 대한 자세한 내용을 제공해 주실 수 있습니까? 이 정보는 잠재적인 장애물을 식별하고 고객님께 가장 적합한 솔루션을 찾는 데 도움이 됩니다. 양해해 주셔서 감사드리며, 이 문제를 최대한 빨리 해결하기 위해 최선을 다하고 있습니다."
BCL,주문 [주문/송장번호]를 편집해야 합니다. 도움이 필요합니다.,주문,주문 변경,"고객님이 주문 번호 #[주문/송장번호]를 편집하려고 하여 도움이 필요하다는 점을 이해합니다. 우리가 도와드리겠습니다! 품목 추가 또는 제거, 배송 주소 업데이트 등 주문에 적용하고 싶은 구체적인 변경 사항을 알려주십시오. 필요한 세부 정보를 제공함으로써 고객님의 주문이 고객님의 선호도에 정확하게 맞춰질 수 있도록 보장할 수 있습니다. 추가로 도움을 드릴 수 있는 방법을 알려주세요!"
BLMQ,[주문/송장번호] 주문의 일부 항목을 전환하는 데 도움이 필요합니다.,주문,주문 변경,주문 번호 [주문/송장번호]의 일부 품목을 전환하는 데 도움을 요청해 주셔서 감사합니다. 저희 팀은 고객님이 필요한 조정을 할 수 있도록 도와드립니다. 전환하고 싶은 특정 항목을 제공해 주시겠습니까? 이 정보를 통해 당사는 고객님의 요청을 정확하고 효율적으로 처리할 수 있습니다. 저희는 고객님의 주문에 대한 만족을 보장하기 위해 최선을 다하고 있으며 고객님의 요구를 수용하기 위해 최선을 다할 것입니다. 고객님의 인내와 협조에 감사드립니다.
BILQ,[주문/송장번호] 구매를 정확하게 도와줄 수 있나요?,주문,주문 변경,구매 [주문/송장번호] 수정에 대한 도움을 요청하는 메시지를 받게 되어 기쁘게 생각합니다. 저는 고객님의 구매가 정확하고 고객님의 기대에 부합하는지 확인하는 것의 중요성을 진심으로 이해합니다. 필요한 수정 작업을 수행하는 데 도움을 드릴 수 있도록 구매 시 적용하려는 특정 변경 사항에 대한 자세한 내용을 제공해 주시겠습니까? 이를 통해 제가 고객님께 절차를 더 잘 안내하고 모든 것이 고객님이 만족할 수 있도록 해결될 수 있도록 할 것입니다.
BMZ,주문 변경 시 문제 발생 [주문/송장번호],주문,주문 변경,"주문 번호 [주문/송장번호] 변경과 관련하여 이 문제를 알려주셔서 감사합니다. 불편을 끼쳐드려 죄송합니다. 더 나은 지원을 위해 주문 변경으로 인해 발생하는 문제에 대한 자세한 내용을 제공해 주시겠습니까? 이렇게 하면 문제를 식별하고 가능한 한 빨리 적합한 솔루션을 찾는 데 도움이 됩니다. 고객 만족이 저희의 최우선 사항이며, 우리가 도와드리겠습니다!"
BL,구매 [주문/송장번호]에서 항목을 제거하는 데 도움이 필요합니다.,주문,주문 변경,주문 번호 [주문/송장번호]로 구매한 항목에서 항목을 제거하는 데 도움이 필요하다는 것을 확인했습니다. 불편을 끼쳐드려 죄송합니다. 최상의 지원을 제공하기 위해 제거할 항목을 지정해 주시겠습니까? 이 정보가 확보되면 구매를 업데이트하는 데 필요한 단계를 즉시 지원해 드리겠습니다. 고객 만족이 저희의 최우선 과제이며 고객님이 원활한 쇼핑 경험을 누릴 수 있도록 최선을 다하고 있습니다.
BL,구매 수정을 도와주세요 [주문/송장번호],주문,주문 변경,고객님의 의견을 듣고 기뻐요! 주문 번호 [주문/송장번호]로 구매한 내용을 편집하는 데 도움이 필요하다는 사실을 잘 알고 있습니다. 안심하세요. 필요한 수정 작업을 도와드리겠습니다. 고객님이 원하는 특정 변경 사항에 대해 더 자세한 내용을 제공해 주시겠습니까? 이를 통해 저희는 고객님을 보다 효과적으로 지원하고 완전한 만족을 보장할 수 있습니다.
BILQ,구매 [주문/송장번호]를 어떻게 변경하나요?,주문,주문 변경,"[주문/송장번호] 번호 구매와 관련하여 문의해 주셔서 감사합니다. 고객님이 정보를 변경하고 싶다는 점을 이해하고 있으며, 도와드리겠습니다. 구매 수정을 진행하려면 다음 단계를 따르세요. 1. 고객님의 로그인 정보를 사용하여 당사 웹사이트에서 고객님의 계정에 로그인하십시오. 2. ""내 주문"" 섹션이나 유사한 옵션으로 이동합니다. 3. 변경하려는 번호가 [주문/송장번호]인 특정 구매 항목을 찾습니다. 4. 주문 세부정보 옆에 있는 '수정' 또는 '수정' 버튼을 클릭하세요. 5. 화면의 안내에 따라 품목, 수량, 배송지 주소 등 필요한 정보를 수정하세요. 6. 원하는 대로 변경한 후에는 수정 사항을 검토하고 올바른지 확인하십시오. 7. 마지막으로 ""저장"" 또는 ""업데이트"" 버튼을 클릭하여 변경 사항을 제출합니다. 어려움이 있거나 추가 질문이 있는 경우 주저하지 말고 고객 지원팀에 문의하세요. [운영시간/기간]([고객센터전화번호]) 또는 당사 웹사이트([웹사이트/메뉴])의 라이브 채팅을 통해 연락하실 수 있습니다. 고객 만족이 저희의 최우선 과제이며, 저희는 절차 전반에 걸쳐 고객님을 지원하기 위해 최선을 다하고 있습니다."
BLMZ,일부 구매 품목 교체 관련 문제 [주문/송장번호],주문,주문 변경,구매 번호 [주문/송장번호]의 일부 품목 교환 문제에 대해 문의해 주셔서 감사합니다. 저희는 고객님의 주문이 고객님이 원하는 것과 정확히 일치하는지 확인하는 것의 중요성을 이해합니다. 추가 지원을 위해 교환하려는 품목에 대한 자세한 내용을 제공해 주시겠습니까? 이를 통해 고객님의 요청을 효율적으로 처리하고 최종 구매에 대한 만족을 보장할 수 있습니다. 양해해 주셔서 감사드리며 이 문제가 해결될 수 있도록 최선을 다하겠습니다.
BLQ,구매한 제품을 변경하는 데 도움이 필요합니다 [주문/송장번호],주문,주문 변경,번호 [주문/송장번호]로 구매한 제품을 변경하는 데 도움을 요청해 주셔서 감사합니다. 안심해 주세요. 필요한 조정을 할 수 있도록 도와드리겠습니다. 정확한 안내를 제공하기 위해 변경하려는 특정 제품을 명시해 주시겠습니까? 자세한 내용이 확인되면 신속하게 절차를 안내해 드리겠습니다. 고객 만족이 저희의 최우선 과제이며 고객님의 기대에 부응하기 위해 최선을 다할 것입니다. 추가로 어떻게 도와드릴까요?
BI,[주문/송장번호] 주문에서 항목을 어떻게 제거합니까?,주문,주문 변경,"주문 번호 [주문/송장번호]에서 항목을 제거하고 싶다는 점을 이해합니다. 이 요청에 대해 기꺼이 도와드리겠습니다. 주문에서 품목을 제거하려면 다음 단계를 따르세요. 1. 당사 웹사이트 또는 모바일 앱에서 고객님의 계정에 로그인하십시오. 2. ""주문"" 섹션으로 이동하거나 특정 주문 페이지로 이동합니다. 3. 제거하려는 항목을 찾아 옆에 있는 ""제거"" 또는 ""삭제"" 버튼을 클릭하십시오. 4. 메시지가 나타나면 제거를 확인합니다. 5. 업데이트된 주문 세부정보를 검토하여 항목이 성공적으로 제거되었는지 확인하세요. 문제가 발생하거나 추가 질문이 있는 경우 주저하지 말고 알려주시기 바랍니다. 저희는 고객님이 이 과정을 최대한 원활하게 진행할 수 있도록 돕기 위해 왔습니다."
BIL,[주문/송장번호] 주문 항목을 전환하는 것을 도와주실 수 있나요?,주문,주문 변경,"문의해 주셔서 감사합니다! 주문 번호 [주문/송장번호]의 품목을 전환하고 싶다는 점을 충분히 이해합니다. 저희는 고객님을 돕기 위해 왔습니다. 정확한 지침을 제공하고 필요한 변경을 수행할 수 있도록 전환하려는 항목을 지정하고 어떤 항목으로 교체하고 싶은지 알려주시겠습니까? 고객 만족이 저희의 최우선 사항이며, 이번 조정을 돕기 위해 최선을 다하겠습니다."
BILPQZ,[주문/송장번호]를 수정할 수 있나요?,주문,주문 변경,주문 번호 [주문/송장번호]를 수정해 달라는 고객님의 요청에 감사드립니다. 저희는 고객 만족을 보장하기 위해 때때로 변경이 필요하다는 것을 이해합니다. 주문 수정을 진행하려면 변경하려는 사항에 대한 구체적인 세부정보를 제공해 주시겠습니까? 이는 고객님이 원하는 결과를 달성하는 데 더 나은 지원을 제공하는 데 도움이 될 것입니다. 저희는 고객님의 응답을 기다리며 모든 단계에서 도움을 드릴 것입니다.
BIL,[주문/송장번호] 구매 품목을 변경하려면 어떻게 해야 하나요?,주문,주문 변경,"구매 항목에서 [주문/송장번호] 번호로 항목을 변경해야 한다는 것을 깨달았습니다. 수정을 진행하려면 다음 단계를 따르세요. 1. 당사 웹사이트나 앱에서 고객님의 계정 대시보드로 이동하세요. 2. ""내 주문"" 또는 ""주문 내역"" 섹션으로 이동합니다. 3. 번호가 [주문/송장번호]인 구매 항목을 찾습니다. 4. 변경하려는 항목 옆에 있는 ""수정"" 또는 ""편집"" 옵션을 클릭하십시오. 5. 프롬프트에 따라 새 항목을 선택하거나 원하는 대로 수정합니다. 6. 변경 사항을 검토하고 업데이트를 확인합니다. 이 과정에서 어려움이 있거나 추가 지원이 필요한 경우 주저하지 말고 고객 지원팀에 문의하세요. 저희는 고객님의 원활한 수정 경험을 돕고 보장하기 위해 왔습니다."
BCL,실수를 했습니다. 주문 [주문/송장번호]를 수정해야 합니다.,주문,주문 변경,이 문제를 알려주셔서 감사합니다. 주문 번호 [주문/송장번호]에 실수가 있어서 이를 수정해야 한다는 것을 알고 있습니다. 불편을 끼쳐드려 죄송합니다. 이에 도움을 드리기 위해 고객님이 원하는 특정 변경 사항에 대한 자세한 내용을 제공해 주시겠습니까? 이는 고객님의 주문이 올바르게 조정되었는지 확인하는 데 도움이 됩니다. 이 문제를 해결하기 위해 노력하는 동안 양해해 주셔서 감사합니다.
BILQ,[주문/송장번호] 주문 항목을 교환하는 데 도움을 주실 수 있나요?,주문,주문 변경,주문 번호 [주문/송장번호]의 품목을 교환하는 데 도움이 필요하다는 점을 이해합니다. 저희는 고객님을 돕기 위해 여기 있습니다. 교환하려는 품목과 교체하려는 품목에 대한 자세한 내용을 알려주시겠습니까? 이를 통해 저희는 고객님의 주문에 필요한 조정을 하고 가능한 최상의 솔루션을 제공할 수 있습니다. 고객님의 요청에 대해 문의해 주셔서 감사합니다.
BLM,[주문/송장번호]를 주문하려면 여러 기사를 추가하세요.,주문,주문 변경,주문 번호 [주문/송장번호]로 주문에 여러 품목을 추가하는 데 도움을 주신 고객님의 문의에 감사드립니다. 저희는 고객님의 요구 사항이 바뀔 수 있다는 것을 이해하며 고객님이 우리와 원활한 경험을 할 수 있도록 하고자 합니다. 기사 추가를 진행하려면 추가하려는 기사의 구체적인 세부정보를 제공해 주시겠습니까? 저희는 고객님이 주문에 필요한 변경을 하고 완전한 만족을 보장할 수 있도록 도와드립니다.
BLM,구매 [주문/송장번호]에서 여러 항목을 제거해야 합니다.,주문,주문 변경,구매 번호 [주문/송장번호]에서 여러 항목을 삭제해 달라는 고객님의 요청에 대해 저희가 도와드리겠습니다. 고객님이 주문을 일부 수정하고 싶다는 점을 이해하며 이에 대해 도움을 드리고자 합니다. 기사 제거를 진행하려면 제거하려는 항목의 구체적인 세부정보를 알려주시기 바랍니다. 이는 고객님의 구매에 대한 변경 사항이 정확하게 적용되었는지 확인하는 데 도움이 됩니다.
BK,주문 [주문/송장번호]에서 항목 제거,주문,주문 변경,주문 번호 [주문/송장번호]에서 항목을 제거해 달라는 요청에 감사드립니다. 안심하세요. 저희가 도와드리겠습니다. 정확한 제거 작업을 진행하려면 주문에서 제거하고 싶은 특정 품목을 알려주시기 바랍니다. 이를 통해 당사는 고객님의 구매를 즉시 업데이트하고 고객 만족을 보장할 수 있습니다. 협조해 주셔서 감사합니다!
BLM,[주문/송장번호] 주문의 일부 항목을 변경해야 합니다.,주문,주문 변경,주문 번호 [주문/송장번호] 항목 변경을 요청해 주셔서 감사합니다. 저희는 고객님의 특정 요구 사항을 충족하기 위해 수정이 필요한 경우가 있을 수 있다는 것을 완전히 이해합니다. 효율적인 지원을 위해 변경하려는 기사의 정확한 세부정보를 제공해 주시기 바랍니다. 고객님의 의견은 고객님의 요구 사항을 신속하고 정확하게 충족시키는 데 중요한 역할을 합니다. 이 문제에 대한 고객님의 인내와 협조에 감사드립니다. 주문 시 특별히 변경하고 싶은 사항이 있나요?
BL,구매 아이템 교환 [주문/송장번호],주문,주문 변경,"주문 번호 [주문/송장번호]로 구매할 품목을 교환해야 하는 경우에 대해 문의해 주셔서 감사합니다. 불편을 끼쳐드려 죄송합니다. 최선을 다해 도와드리겠습니다. 아이템 교환을 진행하시려면, 교체하고 싶은 아이템과 추가하고 싶은 새로운 아이템의 세부정보를 알려주세요. 저희 팀은 고객님의 완전한 만족을 보장하기 위해 필요한 조정을 신속하게 도와드릴 것입니다."
BLM,구매 [주문/송장번호]에서 여러 기사를 제거하는 데 도움이 됩니다.,주문,주문 변경,"구매 번호 [주문/송장번호]에서 여러 항목을 제거하는 데 도움을 찾고 계신 것으로 알고 있습니다. 불편을 끼쳐드려 죄송하며, 도와드리겠습니다. 제거를 진행하려면 구매 항목에서 제거하고 싶은 특정 항목을 제공해 주시겠습니까? 이 정보를 받으면 필요한 조정을 할 수 있도록 즉시 도움을 드리겠습니다. 고객 만족이 저희의 최우선 사항이며, 고객님을 도울 수 있는 기회를 주셔서 감사합니다. 우리가 도와드릴 수 있는 다른 것이 있나요?"
BCILP,구매 [주문/송장번호]를 수정하고 싶은데 어떻게 해야 하나요?,주문,주문 변경,구매 번호 [주문/송장번호] 수정 요청과 관련하여 문의해 주셔서 감사합니다. 저희는 고객님의 구매에 대한 조정의 중요성을 이해하고 있으며 가능한 최선의 방법으로 고객님을 지원하고 싶습니다. 구매 편집을 진행하려면 원하는 특정 변경 사항에 대한 자세한 내용을 제공해 주시기 바랍니다. 이는 고객님의 요구 사항을 정확하게 충족시키는 데 도움이 됩니다. 세부 정보를 자유롭게 공유해 주시면 구매를 편집하는 데 필요한 단계를 안내해 드리겠습니다.
BL,구매 [주문/송장번호]를 업데이트하려고 합니다.,주문,주문 변경,구매 번호 [주문/송장번호]를 업데이트하기 위해 도움을 요청하신 것으로 알고 있습니다. 저희는 고객 만족을 보장하기 위해 필요한 조정을 할 수 있도록 도와드립니다. 고객님이 원하는 특정 업데이트에 대한 자세한 내용을 제공해 주시겠습니까? 이를 통해 필요한 변경을 수행하는 데 즉시 도움을 드릴 수 있습니다. 저희의 목표는 고객님께 원활한 경험을 제공하고 고객님의 구매가 고객님의 선호 사항에 부합하도록 하는 것입니다.
BLQ,[주문/송장번호] 주문 제품을 변경하고 싶습니다,주문,주문 변경,번호 #[주문/송장번호]로 주문한 제품을 변경하려고 하신 것으로 알고 있습니다. 이로 인해 불편을 끼쳐드려 죄송합니다. 이 문제를 해결하는 데 도움을 드리기 위해 변경하려는 특정 제품에 대한 자세한 정보를 제공해 주시기를 부탁드려도 될까요? 이를 통해 당사는 필요한 조치를 취하고 고객님의 주문에 대한 만족을 보장할 수 있습니다. 우리가 도와드리겠습니다!
BCLZ,[주문/송장번호] 구매 제품을 교체해야 합니다. 도와주세요.,주문,주문 변경,저희를 믿어주셔서 감사합니다! 구매 번호 [주문/송장번호]의 품목을 교환하고 싶다는 점을 이해합니다. 원활한 쇼핑 경험을 제공하는 것이 저희의 최우선 과제이며 최선을 다해 도와드리겠습니다. 교환을 진행하려면 반품하려는 상품과 받고 싶은 교체 상품을 알려주시겠어요? 이 정보를 통해 당사는 고객 만족을 보장하는 데 필요한 단계를 조정할 수 있습니다.
BL,구매한 아이템을 교환하고 싶어요 [주문/송장번호],주문,주문 변경,주문 번호 [주문/송장번호]로 구매한 품목을 교환하는 데 도움을 요청해 주셔서 감사합니다. 저희는 고객님의 주문을 올바르게 받는 것의 중요성을 이해하고 있으며 도움을 드리기 위해 여기 있습니다. 교환하고 싶은 품목의 세부정보를 알려주시겠어요? 이를 통해 저희는 가능한 최선의 방법으로 고객님을 지원하고 고객님의 완전한 만족을 보장할 수 있습니다.
BILM,[주문/송장번호] 주문의 일부 제품을 어떻게 변경하나요?,주문,주문 변경,"주문 번호 [주문/송장번호]의 일부 제품을 변경하고 싶으신 것으로 알고 있습니다. 안심하세요. 저희가 도와드리겠습니다. 주문을 변경하려면 다음 단계를 따르세요. 1. 당사 웹사이트를 방문하여 고객님의 계정에 로그인하십시오. 2. ""주문"" 섹션 또는 ""주문 내역""으로 이동합니다. 3. 번호가 [주문/송장번호]인 주문을 찾아 클릭하세요. 4. 주문 항목을 수정하거나 편집할 수 있는 옵션을 찾으세요. 5. 해당 옵션을 클릭하면 변경하려는 제품을 선택할 수 있습니다. 6. 제품을 선택한 후 ""제거"" 또는 ""교체"" 등 적절한 작업을 선택합니다. 7. 화면의 지시에 따라 절차를 완료하고 변경 사항을 저장합니다. 8. 주문 요약을 검토하여 수정 내용이 정확한지 확인하세요. 9. 절차 중에 어려움이나 질문이 있는 경우 당사 고객 지원팀에서 추가 지원을 받으실 수 있습니다. 이 정보가 도움이 되기를 바랍니다! 추가 안내가 필요하거나 다른 우려 사항이 있는 경우 주저하지 말고 저희에게 문의해 주세요. 고객 만족이 저희의 최우선 사항입니다."
BLQ,[주문/송장번호] 주문에서 제품을 삭제하는 데 도움이 필요합니다,주문,주문 변경,문의해 주셔서 감사합니다! 주문 번호 [주문/송장번호]에서 제품을 삭제하는 데 도움이 필요하다는 점을 이해합니다. 저희는 고객님을 돕기 위해 여기 있습니다. 제거하려는 제품의 세부정보를 제공해 주시겠습니까? 이를 통해 당사는 고객님의 요청을 이행하고 만족을 보장하기 위해 필요한 조치를 취할 수 있습니다.
BLM,[주문/송장번호] 구매를 위한 일부 항목 추가 지원,주문,주문 변경,"구매 번호 [주문/송장번호]에 품목을 추가하는 데 도움을 요청해 주셔서 감사합니다. 추가 항목을 포함하거나 기존 구매를 수정하고 싶을 수도 있다는 점을 이해하며, 제가 도와드리겠습니다. 구매 항목을 추가하려면 추가하려는 항목의 구체적인 세부정보를 알려주시기 바랍니다. 이를 통해 절차를 원활하게 안내할 수 있습니다. 고객 만족이 저희의 최우선 과제이며 고객님의 구매가 고객님의 기대에 부응하는지 확인하고 싶습니다. 추가하고 싶은 품목 수와 제품에 대한 추가 사양을 알려주십시오."
BCILP,구매 [주문/송장번호]를 편집해야 합니다. 도와주실 수 있나요?,주문,주문 변경,"구매 번호 [주문/송장번호] 편집에 도움을 요청해 주셔서 감사합니다. 저희의 목표는 고객님께 가능한 최고의 고객 서비스 경험을 제공하는 것입니다. 품목, 수량 또는 기타 염두에 두고 있는 변경 사항을 수정하는 등 구매에 대해 어떤 수정을 하고 싶은지 구체적으로 알려주십시오. 저희는 고객님을 지원하고 고객님의 구매가 고객님의 기대에 부응하도록 보장하기 위해 왔습니다."
BCIL,"[주문/송장번호] 구매를 수정해야 하는데, 도와주실 수 있나요?",주문,주문 변경,최선을 다하겠습니다! 구매번호 [주문/송장번호]를 수정해야 한다는 점을 이해합니다. 저희는 고객님이 변경해야 하는 모든 사항에 대해 도움을 드리고 있습니다. 정확성을 보장하기 위해 구매 시 수정하려는 사항에 대한 구체적인 세부 정보를 제공해 주시겠습니까? 궁금한 점이 있으면 언제든지 문의하거나 문의 사항을 표현해 주세요. 저희는 모든 것이 고객님께 적합한지 확인하기 위해 왔습니다.
BLQZ,구매 [주문/송장번호]를 수정하려면 도움이 필요합니다.,주문,주문 변경,"구매 번호 #[주문/송장번호]를 수정하는 데 도움이 필요하다는 점을 잘 알고 있습니다. 저희는 고객님이 필요한 변경을 할 수 있도록 도와드립니다. 수량 업데이트, 변형 변경, 다른 품목 선택 등 구매에 적용하고 싶은 구체적인 수정 사항을 알려주십시오. 자세한 내용을 알려주시면 더욱 효과적으로 도움을 드리고 만족을 드릴 수 있습니다."
BLPQZ,아빠에게 [주문/송장번호] 아이템을 구매하고 싶습니다,주문,주문 변경,주문 번호 [주문/송장번호]로 구매 항목에 항목을 추가해 달라는 요청 메시지를 보내주셔서 기쁘게 생각합니다. 저희는 이에 대해 고객님을 돕기 위해 왔습니다. 추가하고 싶은 항목의 세부정보를 제공해 주시겠습니까? 이는 고객님의 요청을 정확하고 효율적으로 처리하는 데 도움이 됩니다. 고객님의 쇼핑 경험을 개선하는 데 협조해 주셔서 감사합니다.
BL,[주문/송장번호] 주문 항목 전환을 도와주세요,주문,주문 변경,주문 번호 [주문/송장번호]의 품목을 전환하고 싶다는 점을 이해합니다. 불편을 끼쳐드려 죄송하며 이 과정을 도와드리겠습니다. 아이템 전환을 진행하시려면 교체하려는 아이템의 상세정보와 교체하려는 아이템의 상세정보를 제공해 주실 수 있나요? 이는 고객님의 주문을 적절하게 변경하는 데 도움이 됩니다. 이 문제를 해결하기 위해 노력하는 동안 고객님의 협조와 인내심에 감사드립니다.
BLMW,구매한 물건 좀 바꿔야겠어요 [주문/송장번호],주문,주문 변경,도움을 위해 문의해 주셔서 감사합니다. 주문 번호 [주문/송장번호]로 구매 시 일부 품목을 변경해야 하는 것으로 알고 있습니다. 불편을 끼쳐드려 죄송하며 이 요청에 대해 도움을 드리겠습니다. 더 나은 지원을 위해 변경하고 싶은 특정 항목을 제공해 주시겠습니까? 이를 통해 당사는 고객님의 요구 사항을 신속하게 해결하고 구매에 대한 만족을 보장할 수 있습니다.
BLQ,[주문/송장번호] 주문을 전환하는 데 도움이 필요합니다,주문,주문 변경,주문 번호 [주문/송장번호]의 항목을 전환하는 데 도움을 달라는 고객님의 메시지를 받았습니다. 저희는 고객님이 마음을 바꾸었거나 실수를 했을 수도 있다는 점을 이해하며 문제를 바로잡을 수 있도록 도와드립니다. 가능한 최고의 서비스를 제공하기 위해 전환하고 싶은 항목을 지정하고 추가 세부 정보나 선호 사항을 제공해 주시겠습니까? 저희는 전환이 정확하고 고객님이 만족할 수 있도록 이루어지기를 원합니다.
BLM,여러 주문 항목 교환 [주문/송장번호],주문,주문 변경,주문 번호 [주문/송장번호]의 여러 품목 교체를 요청해 주셔서 감사합니다. 고객 만족이 가장 중요하다는 것을 이해하고 저희가 도와드리겠습니다. 아이템 교환을 진행하려면 교환하려는 아이템의 구체적인 내용을 알려 주시기 바랍니다. 이를 통해 스왑을 정확하고 효율적으로 처리할 수 있습니다. 저희는 고객님의 주문에 대한 원활한 경험을 보장하기 위해 최선을 다하고 있습니다.
BLN,구매를 수정할 수 없습니다 [주문/송장번호],주문,주문 변경,번호 #[주문/송장번호]로 구매를 수정할 수 없다는 점을 이해합니다. 이로 인해 불편을 끼쳐드려 죄송합니다. 추가 지원을 위해 고객님이 원하는 특정 수정 사항에 대한 자세한 내용을 제공해 주시겠습니까? 이는 적합한 솔루션을 찾고 고객 만족을 보장하는 데 도움이 될 것입니다. 이 문제를 해결하는 데 있어 고객님의 인내심과 협조에 감사드립니다.
BLQ,[주문/송장번호] 주문에서 항목을 삭제하는 데 도움이 필요합니다,주문,주문 변경,주문 번호 [주문/송장번호]에서 항목을 삭제하는 데 도움이 필요하다고 들었습니다. 저희의 목표는 고객님이 구매 시 최상의 경험을 할 수 있도록 하는 것이므로 이 문제를 해결하기 위해 함께 노력합시다. 삭제하려는 항목에 대한 자세한 내용을 제공해 주시겠습니까? 이는 고객님이 요구하는 수정을 수행하는 데 필요한 조치를 취하는 데 도움이 됩니다.
BILPQ,[주문/송장번호] 주문을 수정하는 데 도움을 주실 수 있나요?,주문,주문 변경,주문 번호 [주문/송장번호]를 수정해 달라는 고객님의 요청을 이해합니다. 저희 팀은 고객님이 수정해야 하는 모든 사항을 지원해 드립니다. 필요한 변경 사항을 더 잘 이해할 수 있도록 주문에서 구체적으로 수정해야 할 사항에 대한 자세한 내용을 제공해 주실 수 있습니까? 고객님의 피드백은 고객 만족을 보장하고 당사의 서비스를 향상시키는 데 귀중한 자료입니다.
BM,주문 [주문/송장번호]의 일부 항목을 변경해야 합니다.,주문,주문 변경,"주문 번호 #[주문/송장번호]로 일부 품목을 수정하려고 하신다는 점을 잘 알고 있습니다. 불편을 끼쳐드려 죄송하며, 도와드리겠습니다. 가장 정확한 지원을 제공하기 위해 변경하고 싶은 항목을 지정해 주시겠습니까? 고객 만족이 저희의 최우선 사항이며 고객님의 요구를 충족시키기 위해 최선을 다할 것입니다."
BLMQZ,주문한 여러 항목을 교환하는 데 도움이 필요합니다113542617735902,주문,주문 변경,번호 [주문/송장번호]로 주문한 여러 품목을 교환하는 데 도움이 필요하다는 점을 이해하고 있습니다. 저희는 고객님의 주문이 고객님이 원하는 대로 정확하게 이루어졌는지 확인하는 데 도움을 드리고 있습니다. 교체하고 싶은 특정 품목과 교체하고 싶은 품목을 제공해 주시겠습니까? 이를 통해 저희는 고객님께 원활하고 원활한 절차를 보장할 수 있습니다. 고객님의 요청을 해결하는 동안 협조해 주셔서 감사합니다.
BIMQ,[주문/송장번호] 주문의 일부 항목을 변경하는 데 도움을 줄 수 있나요?,주문,주문 변경,고객님의 의견은 소중합니다! 주문 번호 [주문/송장번호]의 품목을 변경하고 싶다는 연락을 받았습니다. 저는 고객님을 돕기 위해 여기 있습니다. 정확하고 신속한 지원을 제공할 수 있도록 수정하고 싶은 특정 항목을 알려주시겠습니까? 고객님의 피드백과 문의는 서비스를 개선하고 고객 만족을 보장하는 데 도움이 됩니다.
BILMW,[주문/송장번호] 주문의 빌어먹을 물건을 교환하는 방법은 무엇입니까?,주문,주문 변경,번호 #[주문/송장번호]로 주문한 품목을 교환하는 것에 대해 문의해 주셔서 감사합니다. 저희 팀은 필요한 변경을 수행하는 데 도움을 드리고 있습니다. 교환을 진행하려면 교환하고 싶은 특정 물품과 교체할 물품을 함께 제공해 주시기 바랍니다. 이 정보를 통해 당사는 원활한 교환 절차를 보장하고 고객님의 최대 만족을 보장할 수 있습니다. 고객님의 인내와 협조에 감사드립니다.
BILM,[주문/송장번호] 구매 항목을 어떻게 전환할 수 있나요?,주문,주문 변경,"주문 번호 [주문/송장번호]로 구매하기 위해 일부 품목을 전환하는 데 도움이 필요하다는 점을 이해합니다. 저희 팀은 고객님의 구매가 고객님의 기대에 부응하도록 최선을 다하고 있으며, 절차를 안내해 드리겠습니다. 구매 항목을 전환하려면 다음 단계를 따르세요. 1. 당사 웹사이트를 방문하여 고객님의 계정에 로그인하십시오. 2. ""주문"" 섹션이나 구매 내역을 볼 수 있는 유사한 페이지로 이동합니다. 3. 주문 번호가 [주문/송장번호]인 구매 항목을 찾아 선택합니다. 4. 구매를 ""수정"" 또는 ""수정""할 수 있는 옵션을 찾으세요. 5. 전환하고 싶은 상품을 선택하고, 교체할 상품을 선택하세요. 6. 지시에 따라 변경 사항을 확인하고 구매를 업데이트하세요. 어려움이 있거나 추가 지원이 필요한 경우 주저하지 말고 고객 지원팀에 문의하세요. 원활한 쇼핑 경험을 하실 수 있도록 도와드리겠습니다. 고객 만족이 저희의 최우선 과제임을 기억하십시오. 당사 제품과 서비스에 대한 고객님의 신뢰에 감사드립니다."
BLM,일부 구매 품목 교환 문제 [주문/송장번호],주문,주문 변경,구매 번호 [주문/송장번호]의 일부 품목을 교환하려고 시도하는 동안 발생한 문제로 인해 불편을 끼쳐드린 점 사과드립니다. 저희 팀은 원활하고 번거롭지 않은 경험을 제공하기 위해 최선을 다하고 있으며 이 문제를 해결하는 데 기꺼이 도움을 드리겠습니다. 고객님이 직면한 문제를 더 잘 이해할 수 있도록 교체 과정에서 겪은 구체적인 어려움에 대한 자세한 내용을 제공해 주시겠습니까? 고객님의 피드백을 통해 저희는 문제를 즉시 해결하고 만족스러운 해결책을 보장할 수 있습니다.
BLNQ,구매 항목을 변경할 수 없습니다. [주문/송장번호],주문,주문 변경,구매 번호 [주문/송장번호]로 구매한 항목을 변경하는 것에 대해 우려하시는 점을 이해합니다. 고객님이 받는 품목을 통제할 수 있는 것이 우리에게 중요합니다. 추가 지원을 위해 변경하려는 항목에 대한 자세한 내용을 제공해 주시겠습니까? 이는 고객님의 요청에 가장 적합한 솔루션을 찾는 데 도움이 될 것입니다.
BL,구매 항목 전환 지원 [주문/송장번호],주문,주문 변경,구매 번호 [주문/송장번호]에서 항목을 전환하는 데 도움을 주셔서 감사합니다. 저희는 고객님의 구매가 고객님의 기대에 부응하는지 확인하는 것의 중요성을 이해합니다. 더 나은 지원을 제공할 수 있도록 전환하려는 항목과 교체하려는 항목에 대한 자세한 정보를 제공해 주시겠습니까? 이를 통해 정확하고 신속하게 전환을 처리할 수 있습니다. 저희는 고객님의 쇼핑 경험을 최대한 원활하게 도와드리기 위해 왔습니다.
BELMNZ,구매한 항목 중 일부 항목을 삭제할 수 없습니다. [주문/송장번호],주문,주문 변경,구매 번호 [주문/송장번호]에서 일부 항목을 삭제하는 데 문제가 있는 것으로 알고 있습니다. 불편을 끼쳐드려 죄송합니다. 추가 지원을 위해 삭제하려는 특정 기사를 알려주시겠습니까? 이를 통해 저희는 문제를 즉시 해결하고 고객님의 완전한 만족을 보장하기 위해 필요한 조치를 취할 수 있습니다. 이 문제를 알려주셔서 감사합니다.
BL,주문 [주문/송장번호]에서 제품 삭제,주문,주문 변경,문의해 주셔서 감사합니다! 주문 번호 [주문/송장번호]에서 제품을 삭제하고 싶다고 문의하셨습니다. 저희는 이 요청에 대해 도와드리겠습니다. 고객님의 문의 사항을 정확하게 해결할 수 있도록 제거하려는 제품의 구체적인 세부정보를 제공해 주시겠습니까? 이 정보가 확보되면 당사는 고객님의 선호 사항에 따라 고객님의 주문을 수정하는 데 필요한 조치를 즉시 진행할 것입니다. 이 문제에 대한 고객님의 인내와 협조에 감사드립니다.
BILM,[주문/송장번호]를 구매하기 위해 여러 기사를 어떻게 추가합니까?,주문,주문 변경,"[주문/송장번호] 번호로 구매한 항목에 여러 항목을 추가하는 데 도움을 찾고 계시다는 것을 확인했습니다. 저희는 고객님의 구매 경험이 최대한 원활할 수 있도록 하기 위해 필요한 단계를 진행해 보겠습니다. 구매 항목에 기사를 추가하려면 다음 지침을 따라 주세요. 1. 당사 웹사이트나 앱에서 고객님의 계정에 로그인하세요. 2. 구매 내역 또는 주문 상세 페이지로 이동합니다. 3. 번호가 [주문/송장번호]인 구매 항목을 찾습니다. 4. 구매 세부정보 옆에 있는 '수정' 또는 '항목 추가' 옵션을 찾으세요. 5. 해당 옵션을 클릭하면 구매 수정 메뉴에 액세스할 수 있습니다. 6. 사용 가능한 기사를 탐색하고 구매에 추가하려는 기사를 선택하십시오. 7. 각 기사 옆에 있는 ""추가"" 또는 ""구매에 추가"" 버튼을 클릭하십시오. 8. 업데이트된 구매 요약을 검토하여 원하는 항목이 모두 포함되어 있는지 확인하세요. 9. 모든 것이 만족스러우면 결제를 진행하여 구매를 마무리하세요. 이 과정에서 어려움이 있거나 추가 질문이 있는 경우 당사 고객 지원팀에 [운영시간/기간]([고객센터전화번호]) 또는 당사 웹사이트([웹사이트/메뉴])의 라이브 채팅을 통해 문의하실 수 있습니다. 저희는 모든 단계에서 고객님을 돕기 위해 여기 있습니다."
BL,구매 편집 관련 안내 [주문/송장번호],주문,주문 변경,구매 번호 [주문/송장번호] 편집에 대한 정보를 찾고 계셔서 감사드립니다. 고객 만족을 보장하기 위해 고객님의 주문을 조정하는 고객님의 적극적인 접근에 감사드립니다. 정확한 정보를 제공하기 위해 원하는 변경 사항을 정확히 지정해 주시겠습니까? 이를 통해 편집 과정을 안내하고 고객님의 구매가 고객님의 기대에 부응하는지 확인할 수 있습니다. 고객님의 의견은 서비스를 개선하는 데 도움이 되므로 매우 중요합니다. 추가로 어떻게 도와드릴까요?
BLM,구매하려면 일부 항목을 추가하세요. [주문/송장번호],주문,주문 변경,구매 번호 [주문/송장번호]에 일부 항목을 추가해 달라는 고객님의 요청과 관련된 메시지를 받게 되어 기쁘게 생각합니다. 고객님이 주문을 수정하고 싶다는 점을 이해하며 이에 대한 도움을 드리겠습니다. 이 문제가 제대로 이루어지도록 추가하고 싶은 특정 항목을 제공해 주시겠습니까? 고객님의 구매에 필요한 조정을 하고 업데이트된 주문 요약을 제공해 드리겠습니다. 고객 만족이 저희의 최우선 사항입니다. 다른 질문이나 우려 사항이 있으면 주저하지 말고 알려주시기 바랍니다.
BL,[주문/송장번호] 주문에서 항목을 삭제하는 데 도움을 주세요.,주문,주문 변경,주문 번호 [주문/송장번호]에서 항목을 삭제하는 데 도움이 필요하다는 것을 깨달았습니다. 저희는 탁월한 고객 서비스를 제공하기 위해 노력하고 있으며 이에 대해 도움을 드리고자 합니다. 주문에서 어떤 품목을 제거하고 싶은지 알려주시겠어요? 이 정보를 받으면 필요한 변경 사항이 즉시 적용되도록 절차를 안내해 드리겠습니다.
BCL,실수를 했습니다. 구매를 변경하는 데 도움을 주세요. [주문/송장번호],주문,주문 변경,실수가 있음을 인지하셨기 때문에 구매 번호 #[주문/송장번호]를 변경하고 싶다는 점을 잘 알고 있습니다. 저희는 고객님을 돕기 위해 왔습니다. 변경하려는 사항에 대한 구체적인 세부정보를 제공해 주시겠습니까? 이는 고객님의 요구 사항을 정확하게 충족시키는 데 도움이 됩니다. 고객님의 협조에 감사드리며 이 문제가 해결되기를 기대합니다.
BCL,[주문/송장번호] 구매에 필요한 항목을 추가하고 싶습니다. 도와주세요.,주문,주문 변경,구매 번호 [주문/송장번호]에 항목을 추가해 달라는 요청에 감사드립니다. 안심하세요. 저희가 도와드리겠습니다. 추가하고 싶은 항목의 세부정보를 제공해 주시겠습니까? 이를 통해 당사는 고객님의 요청을 신속하게 처리하고 고객님이 원하는 대로 구매가 이루어지도록 보장할 수 있습니다. 고객 만족이 저희의 최우선 과제이며 고객님의 쇼핑 경험을 원활하고 즐겁게 만들기 위해 최선을 다하고 있습니다.
BLMN,[주문/송장번호] 주문 상품 일부 교환이 안 돼요,주문,주문 변경,주문 번호 [주문/송장번호]의 일부 제품을 교환하는 데 어려움을 겪고 있다는 소식을 듣고 죄송합니다. 저희의 목표는 고객님이 원활하고 만족스러운 경험을 할 수 있도록 하는 것입니다. 추가 지원을 위해 교환 문제가 있는 특정 제품에 대한 자세한 내용을 제공해 주시겠습니까? 이 정보는 문제를 식별하고 고객님께 적합한 해결 방법을 찾는 데 도움이 됩니다. 이 문제를 해결하기 위해 노력하는 동안 고객님의 인내심과 협조에 감사드립니다.
BILMQW,[주문/송장번호]를 주문하기 위해 피 묻은 제품을 어떻게 추가할 수 있나요?,주문,주문 변경,"주문과 관련하여 불편을 끼쳐드려 죄송하며, 양해해 주셔서 감사합니다. 주문 번호 [주문/송장번호]로 일부 제품을 주문에 추가하고 싶다는 점을 확인했습니다. 이 요청에 도움이 되도록 제품 이름, 수량 및 기타 관련 정보를 포함하여 추가하려는 제품의 구체적인 세부정보를 제공해 주시기 바랍니다. 이 정보를 받으면 주문에 제품을 추가하는 데 도움을 드릴 수 있습니다."
BL,구매 품목 변경에 도움이 필요합니다 [주문/송장번호],주문,주문 변경,"구매 번호 [주문/송장번호]의 품목을 변경하는 데 도움이 필요하신 것으로 알고 있습니다. 저희는 그 요청에 대해 고객님을 돕기 위해 왔습니다. 변경하려는 특정 기사에 대한 자세한 내용을 제공해 주시겠습니까? 이를 통해 저희는 고객님께 가장 정확한 지원을 제공하고 고객 만족을 보장할 수 있습니다. 이 문제를 알려주셔서 감사드리며, 신속하게 문제를 해결하도록 하겠습니다."
BLNQ,구매한 항목을 변경할 수 없습니다. [주문/송장번호],주문,주문 변경,[주문/송장번호] 번호로 구매한 항목을 전환하는 데 어려움이 있다고 문의해 주셔서 감사합니다. 이로 인해 불편을 끼쳐드려 죄송합니다. 더 나은 지원을 위해 전환하려는 항목에 대한 자세한 내용을 제공해 주시겠습니까? 이를 통해 저희는 고객님께 정확한 정보를 제공하고 고객님의 요구 사항을 충족하는 최상의 솔루션을 찾을 수 있습니다. 저희는 고객 만족을 보장하기 위해 최선을 다하고 있으며 고객님의 인내와 이해에 감사드립니다.
BCLQWZ,[주문/송장번호] 주문한 제품 교환하고 싶어요 도와주세요,주문,주문 변경,"주문 번호 [주문/송장번호]의 제품 교환에 대한 지원을 요청해 주셔서 감사합니다. 주문을 변경하고 싶다는 점을 이해하며 도와드리겠습니다. 교환을 진행하시려면 교환하고 싶은 제품의 세부정보를 알려주세요. 구체적으로 교환하고 싶은 제품의 이름이나 설명을 알려주시고, 가능하다면 교체하고 싶은 대체 제품도 알려주세요. 이렇게 하면 고객님의 요청을 정확하게 처리할 수 있습니다."
BCLZ,[주문/송장번호]를 구매해야 하는데 도와주세요,주문,주문 변경,번호 #[주문/송장번호]로 구매 항목을 수정해야 한다는 사실을 알고 있습니다. 수정이 필요하여 불편을 드려 죄송합니다. 이 문제를 신속하고 정확하게 해결할 수 있도록 고객님이 원하는 특정 수정 사항에 대한 자세한 내용을 제공해 주시겠습니까? 이 정보는 당사가 고객님께 가능한 최상의 솔루션을 제공하는 데 도움이 될 것입니다.
BLW,주문 [주문/송장번호]에서 빌어먹을 제품을 삭제하세요,주문,주문 변경,이 문제를 알려주셔서 감사합니다. [주문/송장번호] 주문에서 제품을 제거하고 싶다는 점을 이해합니다. 이번 상황으로 인해 불편을 끼쳐드려 죄송합니다. 추가 지원을 위해 제거하려는 제품의 세부정보를 알려주시겠습니까? 이를 통해 당사는 고객님의 주문을 적절하게 업데이트하는 데 필요한 조치를 취할 수 있습니다. 고객 만족이 저희의 최우선 사항입니다. 이 문제를 해결하는 동안 양해해 주셔서 감사합니다.
BLQW,구매하면서 빌어먹을 제품을 놓쳤어요 [주문/송장번호],주문,주문 변경,"구매번호 [주문/송장번호]의 상품 누락으로 인해 불편을 드려 죄송합니다. 저희는 이로 인해 고객님이 겪게 될 좌절감을 이해하고 있으며 고객님을 돕기 위해 왔습니다. 이 문제를 해결하려면 제품 이름, 기타 관련 정보 등 누락된 제품에 대한 세부 정보를 제공해 주시기 바랍니다. 저희 팀은 문제를 조사하고 상황을 바로잡기 위해 필요한 조치를 취할 것입니다. 고객 만족은 저희의 최우선 사항입니다. 이 문제를 해결하기 위해 노력하는 동안 고객님의 인내와 이해에 감사드립니다."
BLNQ,[주문/송장번호] 주문에 기사를 추가할 수 없습니다.,주문,주문 변경,주문에 [주문/송장번호] 번호의 품목을 추가하는 데 어려움을 겪고 계시다는 것을 깨달았습니다. 이로 인해 불편을 끼쳐드려 죄송합니다. 추가 지원을 위해 추가하고 싶은 기사의 세부정보를 알려주시겠습니까? 해당 정보를 입수한 후에는 그에 따라 주문을 업데이트할 수 있도록 최선을 다해 도와드리겠습니다.
BLM,여러 주문 항목 전환 [주문/송장번호],주문,주문 변경,주문 번호 #[주문/송장번호]의 여러 품목을 전환해 달라는 요청과 관련하여 문의해 주셔서 감사합니다. 저희는 주문을 올바르게 받는 것이 얼마나 중요한지 잘 알고 있습니다. 추가 지원을 위해 전환하려는 특정 항목을 알려주시겠습니까? 이 정보를 통해 당사는 필요한 조치를 취하고 고객님의 구매에 대한 완전한 만족을 보장할 수 있습니다. 이 문제를 해결하기 위해 노력하는 동안 고객님의 인내심과 협조에 감사드립니다.
BLQZ,올바른 주문을 원하세요 [주문/송장번호],주문,주문 변경,"주문 번호 [주문/송장번호] 수정에 관해 문의해 주셔서 감사합니다. 저희는 고객님의 주문이 정확하고 고객님의 기대에 부응하는지 확인하는 것의 중요성을 이해합니다. 필요한 수정에 도움을 드릴 수 있도록 고객님이 원하는 특정 변경 사항에 대한 자세한 내용을 제공해 주시겠습니까? 고객 만족이 저희의 최우선 과제이며, 고객님이 가질 수 있는 모든 문제를 해결하는 데 도움을 드리고 있습니다."
BLQ,주문 [주문/송장번호]를 수정해야 합니다,주문,주문 변경,주문 번호 [주문/송장번호] 수정 필요성에 대해 문의해 주셔서 감사합니다. 안심해 주세요. 저희는 고객님께 필요한 지원을 제공해 드리겠습니다. 문제를 정확하게 해결할 수 있도록 수정하고 싶은 사항에 대한 자세한 내용을 제공해 주시겠습니까? 고객님이 제공할 수 있는 추가 정보는 문제를 신속하고 만족스럽게 해결하는 데 큰 도움이 됩니다.
BLW,[주문/송장번호] 주문한 제품을 교환해야 합니다,주문,주문 변경,주문 번호 [주문/송장번호]의 제품 교환에 대한 지원 문의에 감사드립니다. 저는 고객 만족을 보장하기 위해 주문을 변경하는 것이 얼마나 중요한지 이해합니다. 더 나은 지원을 위해 교환하려는 제품에 대한 자세한 정보를 제공해 주시겠습니까? 이는 고객님의 요청을 정확하고 효율적으로 처리하는 데 도움이 됩니다.
BL,구매한 제품을 삭제해야 합니다 [주문/송장번호],주문,주문 변경,구매 번호 [주문/송장번호]로 구매한 제품에서 제품을 삭제하는 데 도움이 필요하다는 사실을 확인했습니다. 불편을 끼쳐드려 죄송하며 최선을 다해 도와드리겠습니다. 정확성을 보장하기 위해 삭제하려는 제품의 구체적인 세부정보를 제공해 주시겠습니까? 저희 팀은 고객님의 구매에 필요한 변경을 수행하는 데 즉시 도움을 드릴 것입니다. 이 문제를 해결하기 위해 노력하는 동안 양해해 주셔서 감사합니다.
BCLQ,실수를 했습니다. 구매 변경에 도움이 필요합니다 [주문/송장번호],주문,주문 변경,"번호 [주문/송장번호]로 구매를 변경하는 데 도움을 달라는 고객님의 메시지를 받았습니다. 저희는 실수가 일어날 수 있다는 것을 이해하고 있으며, 고객님이 오류를 바로잡도록 돕는 것이 우리에게 중요합니다. 더 나은 지원을 위해 구매 시 어떤 변경 사항을 적용하고 싶은지 구체적으로 알려주시겠어요? 저희 팀은 고객님을 지원하고 고객님의 완전한 만족을 보장하기 위해 왔습니다."
B,[주문/송장번호] 주문에서 항목을 제거하도록 도와주세요,주문,주문 변경,"주문 번호 [주문/송장번호]에서 항목을 제거하고 싶다는 점을 이해합니다. 고객 만족이 저희의 최우선 사항이며, 저희는 고객님을 돕기 위해 여기 있습니다. 제거하려는 특정 항목의 세부정보를 제공해 주시겠습니까? 이를 통해 당사는 고객님의 요청을 정확하게 처리하고 필요한 조정을 수행할 수 있습니다. 고객님의 인내와 협조에 감사드립니다."
BLNQ,구매를 정확하게 할 수 없습니다 [주문/송장번호],주문,주문 변경,"구매번호 [주문/송장번호] 수정에 어려움을 겪고 계신 것으로 확인되었습니다. 이로 인해 불편을 끼쳐드려 죄송합니다. 추가 지원을 위해 고객님이 직면한 특정 문제에 대한 자세한 내용을 제공해 주시겠습니까? 이를 통해 저희는 문제를 더 잘 이해하고 고객님께 가장 적합한 솔루션을 찾을 수 있습니다. 고객 만족이 저희의 최우선 과제이며, 저희는 모든 단계에서 고객님을 돕기 위해 여기 있습니다."
BLM,여러 주문 항목을 전환하는 데 도움이 됩니다. [주문/송장번호],주문,주문 변경,[주문/송장번호] 주문에서 여러 품목을 전환하는 것에 대해 문의해 주셔서 진심으로 감사드립니다. 안심해 주세요. 저희는 이 문제에 대해 도와드리겠습니다. 필요한 수정을 진행하려면 전환하려는 항목의 구체적인 세부정보를 제공해 주시기 바랍니다. 고객 만족은 우리에게 중요하며 고객님의 주문이 고객님의 선호 사항을 정확하게 반영하도록 최선을 다하고 있습니다. 변경하고 싶은 항목을 정확하게 알려주시면 나머지는 저희가 처리해 드리겠습니다.
BILM,[주문/송장번호]를 주문하기 위해 여러 기사를 추가할 수 있나요?,주문,주문 변경,주문 번호 [주문/송장번호]에 여러 품목을 추가해 달라는 고객님의 요청에 감사드립니다. 고객 만족은 저희의 최우선 과제이며 고객님의 주문이 고객님의 모든 요구 사항을 충족하는지 확인하고 싶습니다. 기사 추가를 진행하려면 추가하려는 기사의 구체적인 세부정보를 알려주시겠습니까? 이 정보는 고객님의 주문에 필요한 조정을 하고 원활한 쇼핑 경험을 보장하는 데 도움이 됩니다. 협조해 주셔서 감사합니다!
BZ,[주문/송장번호] 주문에서 항목을 제거하려면 도움이 필요합니다.,주문,주문 변경,"주문 번호 #[주문/송장번호]에서 항목을 제거하는 데 도움이 필요하다는 점을 이해합니다. 불편을 끼쳐드려 죄송합니다. 정확한 안내를 제공하기 위해 주문에서 제거할 품목을 지정해 주시겠습니까? 고객 만족이 저희의 최우선 과제이며, 저희는 고객님이 이 과정을 최대한 원활하게 진행할 수 있도록 돕기 위해 왔습니다."
BIMQ,[주문/송장번호] 주문의 일부 항목을 어떻게 변경하나요?,주문,주문 변경,주문 번호 [주문/송장번호]로 주문한 일부 항목을 변경하는 데 도움이 필요하다는 점을 이해합니다. 주문을 수정하는 것은 만족을 보장하기 위한 필수 절차입니다. 변경을 진행하려면 다음 단계를 따르세요. 1. 당사 웹사이트에 접속하여 고객님의 계정에 로그인하십시오. 2. '내 주문' 섹션으로 이동하세요. 3. 번호가 [주문/송장번호]인 주문을 찾아 클릭하세요. 4. 주문 세부정보를 편집하거나 수정하는 옵션을 찾으세요. 5. 변경하려는 항목을 선택하고 필요한 조정을 수행합니다. 6. 변경 사항을 검토하여 정확한지 확인하십시오. 7. 수정 사항을 확인하고 필요한 경우 체크아웃을 진행하세요. 이 과정에서 어려움을 겪거나 추가 질문이 있는 경우 주저하지 말고 알려주시기 바랍니다. 최선을 다해 도와드리겠습니다.
BMQ,주문의 일부 항목을 변경하고 싶습니다 [주문/송장번호],주문,주문 변경,주문 번호 [주문/송장번호]에 대한 항목을 업데이트하는 데 확실히 도움을 드릴 수 있습니다. 완전한 만족을 보장하기 위해 변화를 모색하고 계시다니 정말 기쁩니다! 시작하려면 변경하고 싶은 특정 항목을 알려주시겠어요? 이렇게 하면 당사는 고객님의 요청을 신속하게 처리하고 고객님의 주문에 필요한 조정을 할 수 있습니다. 고객님의 피드백은 우리에게 매우 귀중한 것이므로 연락해 주셔서 감사합니다.
BCIPQ,주문 항목을 변경해야 합니다 [주문/송장번호]가 도와드리겠습니다,주문,주문 변경,주문 번호 [주문/송장번호]의 품목 변경에 대한 도움을 위해 저희에게 연락해주셔서 기쁘게 생각합니다. 우리가 도와드리겠습니다! 가장 정확한 지원을 제공하기 위해 어떤 항목을 변경하고 싶은지 알려주시겠습니까? 이 정보를 제공함으로써 고객님의 주문이 고객님이 상상한 대로 이루어졌는지 확인할 수 있습니다.
BL,구매 수정 관련 문제 [주문/송장번호],주문,주문 변경,구매 번호 #[주문/송장번호]를 수정하는 데 어려움을 겪고 계신 것으로 알고 있습니다. 안심해 주세요. 저희는 이 문제를 해결하는 데 도움을 드리고 있습니다. 문제를 더 잘 이해할 수 있도록 특정 수정 사항에 대한 자세한 내용을 제공해 주시겠습니까? 이를 통해 저희는 고객님께 가장 정확한 지침과 지원을 제공할 수 있습니다. 고객 만족이 저희의 최우선 과제이며 고객님의 수정 사항이 효율적이고 효과적으로 처리되도록 최선을 다하고 있습니다.
BCIL,주문해야 할 것이 있는데 도움을 받을 수 있나요?,주문,주문하기,문의해 주셔서 감사합니다! 꼭 주문해 주셔서 감사합니다. 고객님는 필요한 도움을 받을 수 있는 올바른 장소에 오셨습니다. 주문하고 싶은 품목의 세부정보를 알려주시면 원활하고 보람있는 경험이 될 수 있도록 절차를 진행하는 데 기꺼이 도움을 드리겠습니다. 이 일이 함께 일어나도록 합시다!
BIL,제품을 어떻게 주문하나요?,주문,주문하기,저희 제품 주문에 관심을 가져주셔서 감사합니다! 저는 고객님께 원활한 경험을 보장하기 위해 절차를 안내하기 위해 왔습니다. 주문하려면 당사 웹사이트를 방문하여 제품 페이지에 설명된 간단한 단계를 따르거나 당사 고객 지원팀에 문의하시면 기꺼이 도와드릴 것입니다. 고객님이 온라인 주문의 편리함을 선호하든 당사 담당자와 대화하는 맞춤형 서비스를 선호하든 당사는 고객님의 주문 경험을 원활하고 수월하게 만들기 위해 최선을 다하고 있습니다. 특정 질문이 있거나 주문과 관련하여 추가 지원이 필요한 경우 알려주시기 바랍니다!
BLMQZ,고객님의 아이템 중 일부를 획득하는 데 도움이 필요합니다,주문,주문하기,"몇 가지 아이템 획득에 관심을 보여주셔서 감사합니다! 저는 이 과정 전반에 걸쳐 고객님을 도와드릴 수 있게 되어 기쁘게 생각하며 그것이 보람 있을 뿐만 아니라 즐거운 일이 되도록 보장합니다. 먼저, 획득하려는 특정 아이템을 공유해 주시겠습니까? 이 정보를 통해 고객님께 맞춤형 추천과 개인화된 쇼핑 경험을 제공할 수 있습니다. 이 여행을 함께 시작합시다!"
BLMZ,고객님의 제품을 몇 개 주문하려고 합니다.,주문,주문하기,저희 제품 주문에 관심을 가져주셔서 감사합니다! 우리 컬렉션의 몇 가지 품목을 구매하려는 고객님의 열정을 보는 것은 환상적입니다. 진행 과정에 도움이 되도록 주문하려는 제품의 구체적인 세부정보를 알려주시겠어요? 이렇게 하면 단계별로 안내해 드리고 원활하고 즐거운 쇼핑 경험을 보장해 드릴 수 있습니다.
BLM,몇 가지 기사를 구입하는 데 도움이,주문,주문하기,기사 구매에 도움을 달라는 고객님의 메시지를 받았습니다. 저는 고객님께 절차를 안내하고 처음부터 끝까지 원활한 경험을 보장하기 위해 왔습니다. 우선 관심 있는 특정 기사에 대한 자세한 내용을 알려주시겠습니까? 이렇게 하면 맞춤형 권장 사항과 구매 진행 방법에 대한 단계별 지침을 제공하는 데 도움이 됩니다.
BLM,고객님의 제품을 쇼핑할 수 있도록 도와주세요,주문,주문하기,저희 제품 쇼핑에 관심을 가져주셔서 감사합니다! 저는 고객님께 절차를 안내하고 원활한 경험을 제공해 드리겠습니다. 시작하려면 어떤 특정 제품에 관심이 있는지 알려주시겠어요? 세부정보를 제공해 주시면 주문을 진행하는 데 추가 도움을 드릴 수 있습니다.
BILM,고객님의 제품을 몇 개 주문할 수 있습니까?,주문,주문하기,물론입니다! 우리 제품 중 일부를 주문하는 것은 확실히 가능합니다. 저희는 고객님이 선택할 수 있는 다양한 옵션을 제공합니다. 주문을 진행하려면 관심 있는 제품의 구체적인 세부정보를 알려주세요. 선호하는 사항이나 요구 사항이 있으면 언제든지 알려주시기 바랍니다. 저희는 함께 원활하고 만족스러운 주문 경험을 보장할 것입니다.
BEMQ,여러 품목을 구입하려면 어떻게 해야 하는지 모르겠습니다,주문,주문하기,"전혀 문제 없습니다! 저는 여러 품목을 원활하게 구매하는 과정을 안내해 드리고자 왔습니다. 해야 할 일을 단계별로 안내해 드리겠습니다. 먼저, 당사 웹사이트나 온라인 상점을 탐색하여 당사가 제공하는 품목을 탐색할 수 있습니다. 구매하려는 품목을 찾으면 장바구니에 추가하기만 하면 됩니다. 계속 진행할 준비가 되면 결제 페이지로 이동하거나 ""지금 구매"" 버튼을 클릭하세요. 결제 시 배송 세부 정보를 제공하고 결제 방법을 선택하고 주문을 검토하라는 메시지가 표시됩니다. 주문을 확인한 후 구매 세부정보가 포함된 주문 확인서를 받게 됩니다. 절차 중에 특정 질문이 있거나 추가 지원이 필요한 경우 언제든지 알려주시기 바랍니다. 저희는 고객님이 원활한 구매 경험을 갖고 원하는 품목을 얻을 수 있도록 함께 노력할 것입니다. 즐거운 쇼핑하세요!"
BILM,일부 제품을 어떻게 쇼핑하나요?,주문,주문하기,저희 쇼핑에 관심을 가져주셔서 감사합니다! 제품 쇼핑 과정을 안내해 드리게 되어 기쁘게 생각합니다. 시작하려면 당사 웹사이트를 방문하거나 모바일 앱을 다운로드하세요. 당사 플랫폼에 접속하시면 당사의 다양한 제품을 검색하고 구매하려는 제품을 선택할 수 있습니다. 장바구니에 추가하고 결제 페이지로 이동할 수 있습니다. 구매를 완료하려면 결제 페이지에서 배송 및 결제 세부정보를 제공해야 합니다. 염두에 두고 있는 특정 제품이 있거나 어느 단계에서든 도움이 필요한 경우 언제든지 알려주시기 바랍니다. 저는 고객님의 쇼핑 경험이 원활하고 즐거운지 확인하기 위해 여기에 있습니다.
BLMW,빌어먹을 물건 몇 개 쇼핑하는 걸 도와줘,주문,주문하기,문의해 주셔서 감사합니다! 고객님이 느끼실 수 있는 좌절감에 대해 사과드립니다. 저는 여러 품목을 쇼핑하는 데 도와드리겠습니다. 시작하려면 관심 있는 특정 기사를 알려주시겠어요? 해당 정보가 접수되면 절차를 안내하고 원활한 쇼핑 경험을 보장해 드리겠습니다.
BLM,여러 품목을 쇼핑하는 데 도움이 필요합니다,주문,주문하기,고객님의 메시지에 감사드리며 여러 기사를 쇼핑하는 데 도움을 요청하십시오. 가능한 한 원활하게 진행되도록 절차를 안내해 드리겠습니다. 시작하려면 구매에 관심이 있는 특정 품목을 제공해 주시겠습니까? 해당 정보가 확보되면 맞춤형 지원을 제공하고 즐거운 쇼핑 경험을 선사할 수 있습니다.
B,주문을 하려고 하는데,주문,주문하기,문의해 주셔서 감사합니다! 구매에 대한 고객님의 열의가 느껴지며 모든 단계에서 고객님을 지원하기 위해 여기에 있습니다. 주문 과정에 도움이 되도록 주문하고 싶은 특정 품목을 알려주시겠어요? 이렇게 하면 원활하고 원활한 경험을 보장할 수 있습니다. 이 흥미진진한 여행을 함께 시작해 보세요!
BLM,일부 품목을 주문하는 데 도움이 필요합니다,주문,주문하기,"기사 주문에 도움을 주셔서 감사합니다. 저는 고객님께 절차를 안내하고 고객님이 필요한 것을 정확히 찾을 수 있도록 돕기 위해 왔습니다. 시작하려면 주문하려는 품목에 대한 자세한 내용을 알려주시겠습니까? 구체적인 유형, 수량 및 기타 선호 사항을 아는 것이 도움이 될 것입니다. 이 정보를 통해 고객님께 맞춤형 추천을 제공하고 원활하게 주문할 수 있도록 도와드릴 수 있습니다. 궁금하신 점이나 문의 사항이 있으시면 언제든지 문의해 주세요. 저희는 함께 주문 경험이 즐겁고 번거롭지 않도록 할 것입니다."
BILM,일부 제품은 어디서 얻을 수 있나요?,주문,주문하기,일부 제품을 구입하려는 고객님의 열의에 감사드립니다! 고객님이 구매하기에 완벽한 장소를 찾는 데 도움을 드릴 수 있도록 고객님이 관심 있는 특정 제품에 대한 자세한 정보를 제공해 주시겠습니까? 제가 명확하게 이해한 후에는 해당 제품을 획득할 수 있는 가장 좋은 위치를 안내해 드릴 수 있습니다.
BILQZ,구매하려면 어떻게 해야 해?,주문,주문하기,"구매에 관심을 가져주셔서 감사합니다! 저는 고객님께 절차를 안내하고 원활한 경험을 보장하기 위해 왔습니다. 먼저, 온라인으로 구매하기를 원하시는지, 아니면 실제 매장을 방문하시기를 원하시는지 알려주세요. 가능한 한 최선의 지원을 제공할 수 있도록 알려 주시기 바랍니다."
BCILM,귀사 제품 중 일부를 주문해야 하는데 도움을 받을 수 있나요?,주문,주문하기,"문의해 주셔서 감사드리며, 저희 상품에 관심을 가져주셔서 감사합니다! 고객님이 주문하는 데 필요한 도움을 드릴 수 있게 되어 기쁘게 생각합니다. 주문하고 싶은 특정 품목을 알려주시면 원활하고 만족스러운 경험을 보장하기 위해 절차를 단계별로 안내해 드리겠습니다. 고객님이 원하는 아이템을 자신감 있고 쉽게 얻을 수 있도록 함께 도와드리겠습니다!"
BIL,상품을 구매하는 방법은 무엇인가요?,주문,주문하기,"우리 제품 구매에 관심을 가져주셔서 감사합니다! 구매하려면 다음의 간단한 단계를 따르세요. 1. 당사 웹사이트/카탈로그를 검색하거나 당사 매장을 방문하여 구매하려는 품목을 찾으십시오. 2. 상품을 찾았으면 해당 상품을 클릭하여 상품 세부정보와 사이즈, 색상 등 사용 가능한 옵션을 확인하세요. 3. 상품이 만족스러우면 ""장바구니에 추가"" 또는 ""지금 구매"" 버튼을 클릭하세요. 4. 장바구니에 있는 품목을 검토하고 필요한 경우 조정하십시오. 5. 배송 주소, 연락처 정보, 결제 정보를 입력해야 하는 결제 페이지로 이동하세요. 6. 총 비용, 배송 옵션, 예상 배송 날짜를 포함한 주문 요약을 검토하세요. 7. 문제가 없으면 ""주문하기"" 버튼을 클릭하여 구매를 완료하세요. 8. 주문 세부정보와 추적 번호가 포함된 확인 이메일을 받게 됩니다. 구매 과정의 모든 단계에서 질문이 있거나 도움이 필요한 경우 언제든지 고객 지원팀에 문의하세요. 저희는 고객님의 쇼핑 경험을 원활하고 즐겁게 만들기 위해 왔습니다. 즐거운 쇼핑하세요!"
BL,기사를 얻으려면 도움이 필요합니다,주문,주문하기,저희는 기사를 얻는 데 도움을 주기 위해 여기에 있습니다. 저희는 모든 단계에서 고객님을 돕기 위해 여기 있습니다! 계속 진행하려면 관심 있는 기사의 구체적인 세부정보를 제공해 주시겠습니까? 해당 정보가 확보되면 절차를 안내하고 원활하고 만족스러운 경험을 보장해 드리겠습니다.
BLMQ,여러 제품을 구입하는 데 도움이 필요합니다,주문,주문하기,여러 제품을 얻고자 하는 고객님의 열정에 감사드립니다! 저는 고객님께 모든 단계에서 도움을 드리고자 왔습니다. 더 나은 지원을 위해 고객님이 획득하고 싶은 특정 제품에 대한 자세한 내용을 알려주시겠습니까? 이렇게 하면 절차를 안내하고 효율적으로 목표를 달성할 수 있도록 도와줄 수 있습니다.
BELM,고객님의 기사 중 일부를 어떻게 구입할 수 있는지 모르겠습니다.,주문,주문하기,"저희 기사 구매에 관심을 가져주셔서 감사합니다! 절차에 대해 확신이 없으실 수도 있다는 점 이해합니다. 하지만 걱정하지 마세요. 제가 안내해 드리겠습니다. 우리 기사를 구입하려면 우리 웹 사이트를 방문하여 컬렉션을 탐색할 수 있습니다. 구매하려는 상품을 찾으면 ""장바구니에 추가"" 버튼을 클릭하고 결제 페이지로 이동하세요. 결제 페이지에서 배송 정보를 제공하고 가장 적합한 결제 방법을 선택해야 합니다. 주문을 확인한 후 구매 세부정보가 포함된 확인 이메일을 받게 됩니다. 추가 질문이 있거나 어떤 단계에서든 도움이 필요하면 언제든지 문의해 주세요. 즐거운 쇼핑하세요!"
BLM,몇 가지 물건을 주문해야 해요,주문,주문하기,저희의 기사를 주문하는 데 관심을 가져 주셔서 감사합니다! 저는 모든 단계에서 고객님을 돕기 위해 여기 있습니다. 주문을 진행하려면 구매하려는 품목의 구체적인 세부정보를 알려주시기 바랍니다. 이를 통해 고객님의 원활하고 효율적인 주문 절차를 보장할 수 있습니다.
BLMQZ,고객님 제품을 사려면 어떻게 해야 할지 모르겠어요,주문,주문하기,저희 제품 구매에 관심을 가져주셔서 감사합니다! 절차를 탐색하는 것이 부담스러울 수 있다는 점을 이해합니다. 하지만 걱정하지 마세요. 제가 모든 단계에서 도움을 드리기 위해 여기 있습니다. 먼저 고객님의 선호도와 요구 사항을 이해하는 것부터 시작하겠습니다. 관심 있는 특정 제품을 알려주시겠어요? 이렇게 하면 관련 정보를 제공하고 구매 과정을 쉽게 안내하는 데 도움이 됩니다.
BILMQZ,일부 품목을 구매할 수 있는 곳,주문,주문하기,일부 품목 구매에 관심을 가져주셔서 감사합니다! 저는 고객님이 구매하기에 완벽한 장소를 찾는 데 도와드리겠습니다. 가장 정확하고 관련성 높은 정보를 제공하기 위해 어떤 특정 품목을 구매하고 싶은지 알려주시겠어요? 이 정보를 통해 해당 제품을 구입할 수 있는 적절한 매장이나 웹사이트를 안내해 드릴 수 있습니다.
BLMZ,몇 가지 제품을 쇼핑하려고 합니다.,주문,주문하기,문의해 주셔서 감사합니다! 당사 제품 쇼핑에 관심을 가져주셔서 감사합니다. 고객님의 쇼핑을 즐거운 쇼핑으로 만들어드리겠습니다. 당사 제품을 쇼핑하려면 당사 웹사이트를 방문하시면 됩니다. 당사 웹사이트에 접속하시면 당사의 다양한 제품을 둘러보실 수 있으며 구매하려는 품목을 장바구니에 추가하실 수 있습니다. 염두에 두고 있는 특정 제품이 있거나 고객님의 요구 사항에 적합한 제품을 찾는 데 도움이 필요한 경우 언제든지 알려주십시오. 저는 모든 단계에서 고객님을 돕기 위해 여기 있습니다. 고객님께 꼭 맞는 제품을 찾아보세요!
BLMQ,고객님의 물건 몇 개를 쇼핑하는 데 도움이 필요해요,주문,주문하기,고객님이 원하는 품목을 쇼핑하는 데 도움을 드리게 되어 기쁘게 생각합니다! 저희 팀은 고객님의 쇼핑 경험을 쉽게 만들어 줄 지침과 지원을 제공할 준비가 되어 있습니다. 관심 있는 품목의 세부정보를 공유해 주시면 고객님의 쇼핑 여정이 원활하고 보람차도록 하겠습니다. 이 흥미진진한 쇼핑 모험을 함께 시작해 보세요!
BL,제품을 구매하는 데 도움이 필요합니다,주문,주문하기,저희는 제품 쇼핑에 도와드리겠습니다. 저는 고객님께 절차를 안내하고 원활하고 만족스러운 쇼핑 경험을 보장하기 위해 왔습니다. 더 나은 지원을 위해 관심 있는 특정 제품에 대한 자세한 정보를 제공해 주시겠습니까? 이를 통해 고객님께 정확한 정보를 제공하고 현명한 결정을 내리는 데 도움이 될 것입니다.
BIL,제품을 구입하는 방법?,주문,주문하기,"제품 구매에 관심을 가져주셔서 감사합니다! 저는 성공적인 구매에 필요한 모든 정보를 제공해 드리겠습니다. 제품을 구매하려면 다음과 같은 간단한 단계를 따르세요. 1. 당사 웹사이트/카탈로그 탐색: 당사의 다양한 제품을 탐색하고 고객님의 필요에 맞는 제품을 찾으십시오. 2. 제품 선택: 해당 제품을 클릭하시면 해당 제품의 상세정보 및 사양을 보실 수 있습니다. 3. 장바구니에 담기: 제품을 구매하기로 결정했다면 ""장바구니에 담기"" 버튼을 클릭하세요. 4. 결제 진행: 구매하려는 제품을 모두 추가한 후 장바구니 아이콘을 클릭하고 ""결제 진행""을 선택하세요. 5. 배송 세부 정보 입력: 배송 주소 및 기타 필수 정보를 입력하세요. 6. 결제 방법 선택: 신용카드, 직불카드, 온라인 결제 등 편리한 결제 방법을 선택하세요. 7. 주문 검토 및 확인: 구매를 완료하기 전에 제품 세부 정보, 배송 주소, 결제 정보를 다시 확인하세요. 8. 주문하기: 구매를 확인하려면 ""주문하기"" 버튼을 클릭하세요. 절차 중에 문제가 발생하거나 추가 질문이 있는 경우 언제든지 고객 지원팀에 문의하세요. 저희는 고객님을 지원하고 원활하고 즐거운 구매 경험을 보장하기 위해 왔습니다. 즐거운 쇼핑하세요!"
BILM,여러 제품을 구입하려면 어떻게 해야 하나요?,주문,주문하기,"여러 제품 구매에 관심을 가져주셔서 감사합니다! 원활하고 만족스러운 쇼핑 경험을 보장하기 위해 절차를 단계별로 안내해 드리겠습니다. 먼저, 염두에 두고 있는 특정 제품 목록이 있는지, 아니면 선호도에 따른 추천을 원하는지 물어봐도 될까요? 해당 정보가 확보되면 사용 가능한 옵션을 탐색하고, 진행 중인 프로모션이나 할인을 확인하고, 구매를 완료하는 데 필요한 단계를 도와드릴 수 있습니다. 이 여행을 즐겁고 보람있게 만들어 봅시다!"
BLM,여러 제품 구매에 대한 지원,주문,주문하기,당사의 여러 제품 구매에 관심을 가져주셔서 감사합니다! 원활하고 만족스러운 경험을 보장하기 위해 구매 과정 전반에 걸쳐 도움을 드리고 있습니다. 구매하려는 특정 제품에 대한 자세한 내용을 알려주시겠습니까? 이 정보는 제가 고객님께 최상의 지침과 옵션을 제공하는 데 도움이 될 것입니다. 함께 이 여정을 시작하고 즐거운 구매를 만들어 보세요!
BI,구매는 어디서 하나요?,주문,주문하기,문의해 주셔서 감사합니다! 구매에 대한 고객님의 열정을 느낄 수 있습니다. 최선의 안내를 제공하기 위해 구매에 관심이 있는 특정 품목이나 제품 유형을 알려주시겠습니까? 추가 정보를 입수한 후에는 고객님이 구매할 수 있는 올바른 장소로 안내해 드릴 수 있습니다.
BILM,일부 제품을 주문하는 방법은 무엇입니까?,주문,주문하기,저희 제품 주문에 관심을 가져주셔서 감사합니다! 고객님께 절차를 안내하고 원활하고 만족스러운 경험을 보장하게 되어 기쁘게 생각합니다. 주문하려면 당사 웹사이트를 방문하여 제품 카탈로그를 검색하고 구매하려는 품목을 장바구니에 추가하세요. 선택을 완료한 후 배송 정보를 제공하고 결제 방법을 선택하라는 메시지가 표시되는 결제 페이지로 이동하세요. 주문을 확인한 후 구매 세부정보가 포함된 확인 이메일을 받게 됩니다. 도움이 필요하거나 도중에 질문이 있는 경우 언제든지 고객 지원팀에 연락해 주시면 기꺼이 도와드리겠습니다. 즐거운 쇼핑하세요!
BLMQZ,여러 아이템을 얻으려면 도움이 필요해요,주문,주문하기,문의해 주셔서 감사합니다! 고객님께 필요한 여러 품목을 구입하는 데 도움을 드리게 되어 기쁘게 생각합니다. 시작하려면 관심 있는 특정 항목에 대한 자세한 내용을 알려주시겠습니까? 이를 통해 맞춤형 추천을 제공하고 원활하고 만족스러운 쇼핑 경험을 보장할 수 있습니다.
BLMW,피 묻은 제품을 구입하는 데 도움이 필요합니다,주문,주문하기,고객님의 문의에 감사드리며 일부 유혈 제품 구매에 도움이 필요하다는 점을 알려드립니다. 저는 고객님께 절차를 안내하고 원활한 쇼핑 경험을 보장하기 위해 왔습니다. 우선 관심 있는 특정 제품에 대한 자세한 내용을 제공해 주시기 바랍니다. 이렇게 하면 고객님의 요구 사항을 더 잘 이해하고 더 효과적으로 지원하는 데 도움이 될 것입니다.
BEQ,구매하려면 어떻게 해야 할지 모르겠어요,주문,주문하기,"우리를 믿어주셔서 감사합니다! 구매하는 것이 때때로 부담스러울 수 있다는 점을 잘 알고 있습니다. 특히 관련 단계를 잘 모르는 경우에는 더욱 그렇습니다. 걱정하지 마세요. 저는 이 과정을 최대한 쉽고 즐겁게 만들 수 있도록 안내해 드리기 위해 왔습니다. 시작하려면 몇 가지 간단한 단계로 나누어 보겠습니다. 1. 당사 웹사이트나 앱을 탐색하여 당사의 다양한 제품을 탐색하십시오. 검색창을 사용하거나 다양한 카테고리를 탐색하여 관심 있는 항목을 찾을 수 있습니다. 2. 구매하고 싶은 제품을 찾았으면 해당 제품을 클릭하면 가격, 사양, 고객 리뷰 등의 자세한 내용을 볼 수 있습니다. 시간을 갖고 그것이 고객님께 적합한 선택인지 확인하십시오. 3. ""장바구니에 추가"" 버튼을 클릭하여 장바구니에 상품을 추가하세요. 구매하고 싶은 품목이 더 있으면 쇼핑을 계속할 수 있고, 주문을 완료할 준비가 되면 결제를 진행할 수 있습니다. 4. 결제 페이지에서 주문을 검토하여 수량과 선택한 옵션을 포함하여 모든 것이 올바른지 확인하세요. 할인 코드나 기프트 카드가 있는 경우 여기에서 적용할 수 있습니다. 5. 배송 주소를 입력하고 원하는 배송 방법을 선택하세요. 구체적인 배송 지침이 있는 경우 자유롭게 포함해 주세요. 6. 결제수단을 선택하세요. 신용/직불 카드, PayPal, 은행 송금 등 다양한 옵션을 사용할 수 있습니다. 필요한 단계에 따라 안전하게 결제를 완료하세요. 7. 주문 및 결제를 확인한 후, 구매 세부정보가 포함된 주문 확인 이메일 또는 알림을 받게 됩니다. 만약을 대비해 이메일과 스팸 폴더를 주의 깊게 살펴보세요. 절차 중에 어려움이 있거나 추가 질문이 있는 경우 언제든지 고객 지원팀에 문의하세요. [운영시간/기간]([고객센터전화번호]) 또는 당사 웹사이트([웹사이트/메뉴])의 라이브 채팅을 통해 이용 가능합니다. 저희는 고객님의 즐거운 쇼핑 경험을 위해 존재한다는 점을 기억하십시오. 추가 지원이 필요한 경우 주저하지 말고 문의해 주십시오. 즐거운 쇼핑되세요!"
BCL,제품을 벌어야 하는데 도움이 필요해요,주문,주문하기,당사 제품을 구입하는 데 관심을 갖고 당사를 신뢰해 주셔서 감사합니다. 저는 최선의 방법으로 고객님을 돕기 위해 여기 있습니다. 고객님이 획득하고 싶은 제품에 대한 자세한 내용을 알려주시겠습니까? 이렇게 하면 절차를 안내하고 필요한 정보와 지원을 제공하는 데 도움이 됩니다.
BILQ,내가 주문하는 것 좀 도와줄래?,주문,주문하기,우리에게 주문하는 데 관심을 가져주셔서 감사합니다! 저는 모든 단계에서 고객님을 돕기 위해 여기 있습니다. 주문하고 싶은 품목의 세부정보를 알려주시면 원활하고 즐거운 주문 경험을 보장해 드리겠습니다. 구매를 간편하게 해보자!
BLMQ,고객님의 아이템 중 일부를 어떻게 얻을 수 있는지 모르겠어요,주문,주문하기,고객님의 메시지는 많은 의미가 있습니다! 저는 고객님이 우리 아이템 중 일부를 획득하는 과정에 대해 확신이 없다는 생각에 동의합니다. 구매 단계를 안내해 드리겠습니다. 먼저 당사 웹사이트를 탐색하여 사용 가능한 항목을 찾아볼 수 있습니다. 원하는 제품을 찾으면 장바구니에 추가하기만 하면 됩니다. 결제할 준비가 되면 배송 및 결제 정보를 입력한 다음 주문을 확인하세요. 도중에 도움이 필요한 경우 [운영시간/기간]([고객센터전화번호]) 또는 당사 웹사이트([웹사이트/메뉴])의 라이브 채팅을 통해 고객 지원팀에 문의하실 수 있습니다. 원활하고 즐거운 쇼핑 경험을 하실 수 있도록 도와드리겠습니다!
BELM,고객님의 제품 중 일부를 구입하는 방법을 모르겠습니다,주문,주문하기,"당사 제품 구입에 관심을 가져주셔서 감사합니다. 이 과정에 도움이 되도록 단계별로 살펴보겠습니다. 먼저, 당사 웹사이트를 방문하여 당사의 다양한 제품을 살펴보는 것이 좋습니다. 관심 있는 특정 제품을 찾으면 해당 제품을 온라인 장바구니에 추가할 수 있습니다. 여기에서 결제 페이지로 이동할 수 있습니다. 결제 과정에서 배송 정보를 제공하고 결제 방법을 선택하고 주문을 확인하라는 메시지가 표시됩니다. 도중에 도움이 필요한 경우 당사 고객 지원팀이 도움을 드릴 수 있습니다. 구매 과정에서 질문이 있거나 문제가 발생하면 언제든지 문의해 주세요. 즐거운 쇼핑하세요!"
BLMQ,고객님의 아이템을 여러 개 구입하는 데 도움이 필요합니다,주문,주문하기,문의해 주셔서 감사합니다! 여러 품목을 구입하는 데 도움을 드리게 되어 기쁘게 생각합니다. 저희는 고객님의 선호도와 요구 사항에 따라 추천할 수 있는 다양한 옵션을 보유하고 있습니다. 관심 있는 특정 항목에 대한 자세한 내용을 알려주시겠습니까? 이를 통해 맞춤형 제안을 제공하고 구매 과정을 원활하게 안내할 수 있습니다.
BILZ,뭐 주문하려면 어떻게 해야 해요?,주문,주문하기,"문의해 주셔서 감사합니다! 고객님의 주문을 도와드리게 되어 기쁘게 생각합니다. 시작하려면 당사의 다양한 제품을 살펴보고 구매하려는 품목을 선택하십시오. 마음에 드는 상품을 찾으면 '장바구니에 추가' 버튼을 클릭하세요. 장바구니에 상품을 추가한 후 '장바구니' 또는 '결제' 버튼을 클릭하여 결제 페이지로 이동하세요. 결제 페이지에서 배송 주소, 연락처 정보, 선호하는 결제 방법을 입력하라는 메시지가 표시됩니다. 필수사항을 정확하게 입력하신 후 주문을 진행해주세요. 이 과정에서 어려움이 발생하면 제가 도와드리고 지원해 드리겠습니다. 즐거운 쇼핑하세요!"
BILM,고객님의 제품 중 일부를 구매하는 방법은 무엇입니까?,주문,주문하기,"고객님이 당사 제품 중 일부를 구매하는 데 도움을 드리게 되어 기쁘게 생각합니다! 과정은 간단하고 간단합니다. 먼저 당사 웹사이트 [웹사이트/메뉴]를 방문하여 당사의 다양한 제품을 살펴보십시오. 관심 있는 품목을 찾으면 장바구니에 추가하기만 하면 됩니다. 계속할 준비가 되면 장바구니 아이콘을 클릭하여 항목을 확인하고 결제를 진행하세요. 결제 시 배송 주소를 제공하고 원하는 결제 방법을 선택해야 합니다. 주문 세부정보를 검토한 후 ""주문하기"" 버튼을 클릭하여 구매를 완료하세요. 구매 과정에서 질문이 있거나 추가 지원이 필요한 경우 [고객센터전화번호]로 고객 지원팀에 문의하거나 웹사이트의 라이브 채팅을 통해 언제든지 문의하세요. 즐거운 쇼핑하세요!"
BLM,고객님의 제품 중 일부를 얻으십시오,주문,주문하기,당사 제품 중 일부를 구매하는 데 관심을 가져주셔서 감사합니다! 현재 제품 획득을 위한 특별 프로그램은 없지만 여러 품목에 대해 할인이나 특별 거래를 받을 수 있는 몇 가지 흥미로운 제안과 프로모션이 있습니다. 최신 프로모션에 대한 최신 정보를 얻으려면 당사 웹사이트를 확인하거나 뉴스레터를 구독하는 것이 좋습니다. 염두에 두고 있는 특정 제품이 있거나 추가 지원이 필요한 경우 알려주시면 기꺼이 도와드리겠습니다.
BILM,고객님 기사의 일부를 주문하려면 어떻게 해야 하나요?,주문,주문하기,"우리 기사 중 일부를 주문하는 데 관심을 가져주셔서 감사합니다! 최대한 원활하게 진행되도록 과정을 안내해 드리겠습니다. 주문하려면 당사 웹사이트를 방문하여 제공되는 기사를 찾아볼 수 있습니다. 원하는 품목을 찾으면 ""장바구니에 추가"" 버튼을 클릭하기만 하면 됩니다. 여러 품목을 구매하려는 경우 쇼핑을 계속하고 장바구니에 더 많은 품목을 추가할 수 있습니다. 계속 진행할 준비가 되면 ""결제"" 버튼을 클릭하여 주문 세부정보를 검토하고 배송 및 결제 정보를 입력하세요. 마지막으로 ""주문하기"" 버튼을 클릭하시면 구매가 완료됩니다. 어려움이 있거나 추가 질문이 있는 경우 [운영시간/기간]([고객센터전화번호]) 또는 당사 웹사이트([웹사이트/메뉴])의 라이브 채팅을 통해 언제든지 당사 고객 지원팀에 문의하세요. 즐거운 쇼핑하세요!"
BILMQ,제가 물건을 쇼핑하는 것을 도와줄 수 있나요?,주문,주문하기,"물론, 고객님이 필요한 품목을 쇼핑할 수 있도록 기꺼이 도와드리겠습니다! 쇼핑은 흥미진진한 경험이 될 수 있습니다. 저는 고객님의 순조롭고 즐거운 여행이 되도록 최선을 다해 도와드리겠습니다. 먼저, 구입하려는 특정 품목을 알려주시겠습니까? 해당 정보가 확보되면 고객님의 쇼핑 모험을 완료하고 진정으로 만족스러운 경험이 될 수 있도록 필요한 단계를 도와드릴 수 있습니다."
BELMQZ,여러 기사를 읽으려면 어떻게 해야 할지 모르겠습니다.,주문,주문하기,여러 품목을 쇼핑하는 과정이 확실하지 않은 경우에도 괜찮습니다. 저는 도움의 손길을 빌려주고 전체 여정을 안내하기 위해 여기에 있습니다. 먼저 관심 있는 특정 기사를 탐색하는 것부터 시작하겠습니다. 해당 정보가 확보되면 구매를 진행하는 방법에 대한 단계별 지침을 제공해 드리겠습니다. 저희는 함께 원활하고 만족스러운 쇼핑 경험을 보장할 것입니다. 시작해 봅시다!
BLM,여러 가지 물건을 쇼핑해야 해요,주문,주문하기,저희는 모두 귀를 기울입니다! 저는 고객님이 여러 가지 물건을 쇼핑할 필요가 있다는 생각에 귀를 기울였습니다. 관심을 끄는 여러 항목을 찾는 즐거움을 보는 것이 좋습니다. 원활하고 만족스러운 쇼핑 경험을 보장하기 위해 절차를 안내해 드리겠습니다. 구입하려는 품목에 대한 자세한 내용을 알려주시겠습니까? 그러면 제가 가능한 최선의 방법으로 고객님을 지원하고 고객님이 원하는 것을 정확하게 얻을 수 있도록 도와줄 것입니다.
BL,기사를 쇼핑하려면 어떻게 해야 할지 모르겠습니다.,주문,주문하기,기사 쇼핑에 도움을 주셔서 감사합니다. 저는 고객님께 절차를 안내하고 원활한 경험을 보장하기 위해 왔습니다. 몇 가지 세부 사항을 명확히하는 것부터 시작하겠습니다. 관심 있는 특정 기사에 대한 추가 정보를 제공해 주시겠습니까? 이렇게 하면 구매를 성공적으로 완료하는 데 필요한 단계를 안내하는 데 도움이 됩니다.
BLMQ,고객님의 품목 몇 개를 주문하려면 도움이 필요합니다,주문,주문하기,문의해 주셔서 정말 감사합니다! 고객님이 당사 제품 중 몇 가지를 주문해 주셔서 매우 기쁩니다. 모든 과정이 원활하게 진행될 수 있도록 안내해 드리겠습니다. 주문하고 싶은 품목의 세부정보를 알려주시겠어요? 해당 정보가 접수되면 주문을 도와드리고 궁금한 점이 있으면 답변해 드릴 수 있습니다. 이 원활하고 보람있는 경험을 만들어 보겠습니다!
BLQ,기사를 얻는 방법을 모르겠어요,주문,주문하기,"우리를 믿어주셔서 감사합니다! 저는 고객님이 기사를 얻는 과정에 대해 불확실할 수 있다는 것을 충분히 알고 있습니다. 그러나 걱정하지 마십시오. 내가 고객님을 안내하기 위해 여기 있습니다. 원활한 절차를 위해서는 고객님이 관심 있는 품목에 대한 보다 구체적인 정보가 필요합니다. 고객님이 얻으려는 품목에 대한 이름, 설명 또는 기타 관련 정보와 같은 세부정보를 제게 제공해 주시겠습니까? 이러한 세부정보를 확보한 후에는 고객님이 이를 획득할 수 있는 명확하고 쉬운 경로를 확보할 수 있도록 하겠습니다."
BLM,기사 좀 구하고 싶어요,주문,주문하기,문의해 주셔서 감사합니다! 고객님이 관심 있는 기사를 얻는 데 도움을 드리게 되어 기쁘게 생각합니다. 시작하려면 염두에 두고 있는 특정 기사에 대한 세부정보를 제공해 주시겠습니까? 이렇게 하면 고객님의 선호 사항에 맞게 지침과 권장 사항을 조정하는 데 도움이 됩니다. 저는 고객님의 쇼핑 경험을 즐겁고 보람있게 만들기 위해 여기 있다는 것을 기억하십시오. 옵션을 함께 살펴보겠습니다!
BI,어디서 물건을 사나요?,주문,주문하기,"구매처에 대해 문의해주셔서 감사합니다. 저희 공식 홈페이지를 통해 저희 제품을 쉽게 구매하실 수 있다는 사실을 알려드리게 되어 기쁘게 생각합니다. 당사 웹사이트 [웹사이트/메뉴]를 방문하여 당사의 다양한 제품을 살펴보십시오. 관심 있는 품목을 찾으면 해당 품목을 클릭하여 제품 세부 정보를 확인하고 ""지금 구매"" 또는 ""장바구니에 추가"" 버튼을 클릭하여 구매 절차를 시작하세요. 구매 과정에서 어려움이 있거나 추가 질문이 있는 경우 언제든지 당사 고객 지원팀에 연락해 주시면 기꺼이 도와드리겠습니다. 즐거운 쇼핑하세요!"
BLM,고객님의 기사 몇 개를 주문하려면 어떻게 해야 할지 모르겠습니다.,주문,주문하기,연락해주셔서 기뻐요! 우리 기사를 주문하는 과정에 대해 확신이 없는 것은 완전히 이해할 수 있는 일입니다. 안심해 주세요. 저는 모든 단계를 안내해 드리겠습니다. 시작하려면 당사 웹사이트를 방문하여 당사의 기사 컬렉션을 탐색할 수 있습니다. 주문하고 싶은 상품을 찾으면 장바구니에 추가하세요. 질문이 있거나 도움이 필요한 경우 [운영시간/기간]([고객센터전화번호]) 또는 당사 웹사이트([웹사이트/메뉴])의 라이브 채팅을 통해 언제든지 당사 고객 지원팀에 문의하세요. 고객님이 가질 수 있는 모든 질문이나 우려 사항에 대해 기꺼이 도움을 드릴 것입니다. 저희는 고객님의 주문 경험이 원활하고 수월해지기를 바랍니다. 필요한 경우 주저하지 말고 도움을 요청하십시오. 저희는 고객님께 서비스를 제공하고 우리 기사에 대한 고객 만족을 보장하기를 기대합니다!
B,주문하는 것을 도와주세요,주문,주문하기,주문하는 데 도움을 요청해 주셔서 감사합니다. 고객님는 원하는 제품을 얻기 위한 첫 번째 단계를 밟으셨습니다. 저는 그 과정 전반에 걸쳐 고객님을 도와드릴 것입니다. 주문하고 싶은 품목의 세부정보를 알려주시면 원활하고 만족스러운 경험을 보장해 드리겠습니다. 고객님의 주문이 성공할 수 있도록 함께 노력합시다!
BLM,저는 고객님의 기사 중 일부를 주문하려고합니다,주문,주문하기,우리 기사를 주문하기 위해 노력해 주셔서 감사합니다! 고객님의 관심과 열정에 감사드립니다. 효과적인 지원을 위해 주문하려는 제품의 구체적인 세부정보를 알려주시겠습니까? 필요한 정보가 확보되면 원활한 경험을 보장하기 위해 전체 과정을 안내해 드리겠습니다. 성공적인 구매를 위해 함께 노력합시다!
BILMQ,고객님 기사를 어디에서 주문할 수 있나요?,주문,주문하기,우리 기사 중 일부를 주문하는 데 관심을 가져주셔서 감사합니다! 제가 확실히 도와드릴 수 있습니다. 더 나은 도움을 드릴 수 있도록 주문하고 싶은 특정 품목을 알려주시겠어요? 해당 정보가 확보되면 고객님이 안전하고 편리하게 주문할 수 있는 적절한 플랫폼이나 채널로 안내해 드릴 수 있습니다.
BLM,고객님의 제품 중 일부를 구매하는 데 도움을 주세요,주문,주문하기,당사 제품 구매에 도움을 주셔서 감사합니다. 이 과정을 안내하고 원활한 구매 경험을 보장할 수 있게 되어 기쁘게 생각합니다. 시작하려면 관심 있는 특정 제품에 대한 세부정보를 제공해 주세요. 이를 통해 고객님께 정확한 정보를 제공하고 자신감 있는 구매 결정을 내릴 수 있도록 안내할 수 있습니다.
BILQZ,어디서 뭐 주문할 수 있나요,주문,주문하기,고객님의 문의와 당사 제품에 대한 관심에 감사드립니다! 찾고 있는 품목을 주문하려면 단계를 안내해 드릴 수 있습니다. 주문하려는 특정 품목에 대한 자세한 내용을 알려주시겠습니까? 이 정보는 고객님이 편리하게 구매할 수 있는 적절한 플랫폼이나 채널로 안내하는 데 도움이 됩니다.
BLMQ,고객님의 기사 중 일부를 얻으려면 도움이 필요합니다,주문,주문하기,"우리로부터 여러 기사를 구입하는 데 관심을 가져주셔서 감사합니다. 원활하고 만족스러운 쇼핑 경험을 보장하므로 도움을 구하는 것이 현명한 선택입니다. 절차를 안내하기 위해, 고객님이 얻고자 하는 물품의 이름이나 기타 관련 정보 등 구체적인 세부정보를 제게 제공해 주시겠습니까? 해당 정보가 확보되면 고객님의 선호도와 필요 사항에 맞는 물품을 선택하고 구입하는 데 추가 도움을 드릴 수 있습니다."
BIL,기사는 어디서 얻나요?,주문,주문하기,"우리 기사 중 하나를 얻는 데 관심을 가져 주셔서 감사합니다! 당사 제품을 구입하려면 당사 웹사이트를 방문하여 사용 가능한 옵션을 탐색할 수 있습니다. 우리 웹사이트는 카탈로그를 탐색하고, 각 기사에 대해 자세히 알아보고, 선택할 수 있는 사용자 친화적인 인터페이스를 제공합니다. 원활한 거래를 위해 다양한 결제수단도 제공하고 있습니다. 절차 중에 도움이 필요하면 언제든지 고객 지원팀에 문의하세요. 즐거운 수익을 얻으세요!"
BELM,고객님의 기사 중 일부를 어떻게 얻는지 모르겠습니다,주문,주문하기,"기사 구입에 대한 안내를 위해 문의해 주셔서 감사합니다. 특히 고객님이 당사의 절차에 익숙하지 않은 경우, 품목을 구매하거나 획득하는 과정을 탐색하는 것이 때때로 부담스러울 수 있다는 점을 이해합니다. 걱정하지 마십시오. 저는 고객님께 필요한 모든 도움을 제공해 드리겠습니다. 먼저 어떤 기사를 구입하고 싶은지 지정해 주시겠습니까? 추가 정보가 있으면 원활하고 성공적인 구매를 보장하기 위한 단계를 안내해 드릴 수 있습니다. 저희 웹사이트에서 직접 구매하시든, 저희가 제공하는 보상이나 판촉 프로그램을 살펴보시든, 저는 고객님의 특정 요구 사항에 맞게 지침을 맞춤화해 드리겠습니다. 이 과정에서 고객님은 혼자가 아니라는 것을 기억하십시오. 저는 고객님이 우리 기사를 가능한 한 쉽고 즐겁게 얻을 수 있도록 최선을 다하고 있습니다."
BLMZ,고객님의 여러 제품을 구매하는 데 도움이 필요합니다,주문,주문하기,당사의 여러 제품 구입에 관심을 보여주셔서 감사합니다. 저는 절차 전반에 걸쳐 고객님을 돕고 원활한 거래를 보장하기 위해 왔습니다. 더 나은 지원을 위해 고객님이 구입하려는 특정 제품에 대한 자세한 내용을 알려주시겠습니까? 이를 통해 이용 가능 여부와 적용 가능한 특별 제안 또는 프로모션에 대한 정확한 정보를 고객님께 제공할 수 있습니다.
BCILMZ,여러 상품을 쇼핑해야 하는데 도움을 받을 수 있나요?,주문,주문하기,당사의 여러 기사를 쇼핑하는 데 관심을 보여주셔서 감사합니다! 저는 전체 과정 전반에 걸쳐 고객님을 도와드리기 위해 여기 있습니다. 먼저 관심 있는 특정 기사에 대한 자세한 내용을 알려주시겠습니까? 이를 통해 고객님께 맞춤형 추천을 제공하고 구매 과정을 원활하게 안내할 수 있습니다. 고객님이 갖고 있는 선호 사항이나 특정 요구 사항을 자유롭게 공유해 주시면 고객님의 쇼핑 경험이 즐겁고 성공적이도록 보장해 드리겠습니다.
BILMZ,일부 품목은 어떻게 주문하나요?,주문,주문하기,"저희의 일부 기사를 주문하는 데 관심을 가져주셔서 감사합니다! 저는 고객님께 절차를 안내하고 가능한 한 쉽게 진행하도록 돕습니다. 주문하려면 다음과 같은 간단한 단계를 따르세요. 1. 당사 웹사이트나 앱을 탐색하여 구매하고 싶은 물품을 찾으세요. 2. 주문하려는 상품을 찾으면 ""장바구니에 추가"" 버튼이나 이와 유사한 옵션을 클릭하십시오. 3. 장바구니에 있는 품목을 검토하여 올바른 품목과 수량을 선택했는지 확인하십시오. 4. ""결제"" 버튼이나 유사한 옵션을 클릭하여 결제를 진행하세요. 5. 배송지 주소 및 기타 필수 정보를 입력하세요. 이미 계정이 있는 경우 로그인하라는 메시지가 나타날 수 있습니다. 6. 원하는 결제 방법을 선택하고 필요한 결제 세부정보를 입력하세요. 7. 구매를 완료하기 전에 주문 요약을 검토하여 모든 세부 사항을 다시 확인하세요. 8. ""주문하기"" 버튼이나 이와 유사한 옵션을 클릭하여 주문을 완료하세요. 주문 과정에서 어려움을 겪거나 특정 질문이 있는 경우 언제든지 저에게 연락해 즉각적인 도움을 받으세요."
BILM,고객님의 기사 중 일부를 구입할 수 있습니까?,주문,주문하기,"당사의 몇 가지 기사 구매에 관심을 가져주셔서 감사합니다. 저희는 고객님이 선택할 수 있는 다양한 제품을 보유하고 있습니다. 추가 지원을 위해 구매하려는 특정 품목에 대한 자세한 내용을 알려주시겠습니까? 이를 통해 가용성, 가격 및 적용 가능한 특별 제안에 관한 정확한 정보를 제공할 수 있습니다."
BLM,여러 상품을 어떻게 쇼핑할 수 있는지 모르겠습니다.,주문,주문하기,"저는 고객님이 우리와 함께 여러 품목을 쇼핑하는 과정에 대해 확신이 없다는 사실에 민감합니다. 걱정하지 마세요. 제가 안내해 드리겠습니다! 쉽게 쇼핑할 수 있도록 단계별로 나누어 보겠습니다. 먼저, 저희 웹사이트를 탐색하여 관심을 끄는 기사를 찾아보세요. 구매하려는 품목을 선택한 후 장바구니에 추가하기만 하면 됩니다. 장바구니를 확인한 후 결제 페이지로 이동하여 배송 및 결제 세부정보를 입력하세요. 마지막으로 주문을 확인하면 모든 준비가 완료됩니다! 구체적인 질문이 있거나 추가 지원이 필요한 경우 언제든지 문의해 주세요. 즐거운 쇼핑하세요!"
BLMQ,몇 가지 아이템을 획득하는 데 도움,주문,주문하기,당사 품목 구입에 관심을 가져주셔서 감사합니다! 저는 이 과정 전반에 걸쳐 고객님께 필요한 도움을 제공해 드리겠습니다. 시작하려면 획득하려는 특정 항목을 공유해 주시겠습니까? 이 정보를 통해 구매에 필요한 단계를 원활하게 안내해 드릴 수 있습니다.
BLM,여러 제품을 얻을 수 있도록 도와주세요,주문,주문하기,문의해 주셔서 감사합니다! 여러 제품을 구매하는 데 관심을 가져주셔서 감사합니다. 이러한 제품을 얻을 수 있는 몇 가지 흥미로운 기회가 있습니다. 최상의 옵션을 제공하기 위해 관심 있는 제품과 해당 제품을 획득할 방법을 지정해 주시겠습니까? 이 정보를 통해 저는 고객님께 절차를 안내하고 성공적인 경험을 보장할 수 있습니다.
BLM,고객님의 기사를 구입하려면 어떻게 해야 하는지 모르겠습니다.,주문,주문하기,"저희 기사 구매에 관심을 가져주셔서 감사합니다! 진행 과정에 대해 확신이 없으실 수도 있다는 점 이해합니다. 하지만 걱정하지 마세요. 제가 도와드리겠습니다. 다음 단계를 함께 살펴보겠습니다. 1. 당사 웹사이트를 방문하고 구매하려는 제품의 제품 페이지로 이동하여 시작하십시오. 2. 제품 설명을 읽고 가격을 확인한 후 요구 사항을 충족하는지 확인하십시오. 3. 질문이 있거나 추가 정보가 필요한 경우 라이브 채팅이나 당사 웹사이트에 있는 연락처를 통해 고객 지원팀에 언제든지 문의하세요. 4. 구매할 준비가 되면 제품 페이지에서 ""장바구니에 추가"" 또는 ""지금 구매"" 버튼을 클릭하세요. 5. 메시지에 따라 배송 주소, 결제 정보 등 필요한 세부 정보를 제공하세요. 6. 입력한 모든 정보가 정확한지 다시 한번 확인하세요. 7. 마지막으로 ""주문하기"" 버튼을 클릭하여 구매를 완료하세요. 이 과정에서 어려움을 겪거나 추가 질문이 있는 경우 주저하지 말고 문의해 주세요. 저희는 고객님의 구매 경험을 원활하고 즐겁게 만들기 위해 왔습니다. 즐거운 쇼핑하세요!"
BLMZ,여러 제품을 로 사용할 수 있도록 도와주세요,주문,주문하기,여러 제품 구매에 대한 도움 요청에 감사드립니다! 걱정하지 마세요. 저는 고객님께 필요한 모든 도움을 제공해 드리겠습니다. 시작하려면 관심 있는 특정 제품을 알려주시겠어요? 세부 사항을 파악한 후 원활하고 즐거운 경험이 될 수 있도록 절차를 단계별로 안내해 드리겠습니다. 함께 알아보고 완벽한 제품을 찾아보세요!
BLM,고객님의 제품 중 일부를 구매하는 데 도움이 필요합니다,주문,주문하기,당사 제품 구매에 도움을 요청해 주셔서 감사합니다. 저는 고객님이 구매하는 데 필요한 지침과 지원을 제공해 드리겠습니다. 시작하려면 어떤 특정 제품에 관심이 있는지 알려주시겠어요? 해당 정보가 확보되면 해당 정보를 획득하기 위한 다음 단계를 도와드릴 수 있습니다.
BELM,아이템을 얻으려면 어떻게 해야 할지 모르겠습니다.,주문,주문하기,문의해 주셔서 감사합니다! 일부 아이템을 획득하는 과정에 대해 확신이 없는 것 같습니다. 걱정하지 마세요. 제가 여기에서 모든 단계를 안내해 드리겠습니다. 시작하려면 관심 있는 특정 항목이 무엇인지 알려주시겠어요? 해당 정보를 얻으면 해당 아이템을 획득하는 방법에 대해 필요한 지침을 제공할 수 있습니다.
BL,구매에 도움이 필요합니다,주문,주문하기,문의해 주셔서 감사합니다! 저는 고객님이 구매하는 데 필요한 도움을 제공해 드리겠습니다. 도움을 받고자 하는 고객님의 열망은 고객님이 정보에 입각한 결정을 내리고 원활한 쇼핑 경험을 보장하는 것을 중요하게 생각한다는 것을 보여줍니다. 특정 제품이나 궁금한 사항 등 구매하려는 구매에 대한 자세한 내용을 알려주시면 절차를 단계별로 안내해 드리겠습니다. 고객님의 구매 여정이 즐겁고 만족스러울 수 있도록 함께 노력하겠습니다.
BLQ,아이템을 얻으려면 도움이 필요합니다,주문,주문하기,고객님이 우리 아이템 중 하나를 얻는 데 관심이 있다는 소식을 들으니 정말 기쁩니다! 저희는 고객님의 목표 달성을 돕기 위해 다양한 프로그램과 기회를 제공하고 있습니다. 가장 정확한 안내를 제공하기 위해 획득하고 싶은 아이템에 대한 자세한 내용을 공유해 주실 수 있나요? 이를 통해 고객님의 필요에 맞게 제안 및 권장 사항을 맞춤화하는 데 도움이 됩니다.
BILM,여러 기사를 얻으려면 어떻게 해야 하나요?,주문,주문하기,여러 기사를 구입하는 데 관심을 가져주셔서 감사합니다! 저는 고객님께 그 과정을 안내하기 위해 왔습니다. 구매하려면 당사 웹사이트를 방문하여 당사의 기사 컬렉션을 탐색할 수 있습니다. 마음에 드는 것을 찾으면 장바구니에 추가하기만 하면 됩니다. 품목을 선택하는 데 도움이 필요하거나 특정 요구 사항이 있는 경우 언제든지 고객 지원팀에 문의하세요. [운영시간/기간]([고객센터전화번호]) 또는 당사 웹사이트([웹사이트/메뉴])의 라이브 채팅을 통해 이용 가능합니다. 저희는 고객님의 쇼핑 경험이 최대한 원활하고 즐겁기를 바랍니다. 도중에 주저하지 말고 도움을 요청하세요. 즐거운 쇼핑하세요!
BLMW,여러 가지 망할 물건을 주문하는 데 도움이 필요해요,주문,주문하기,"여러 가지 피 묻은 품목을 주문하는 데 도움이 필요하다는 연락을 주셔서 다행입니다. 저는 이 과정을 원활하고 즐겁게 만드는 데 필요한 지침과 지원을 제공하기 위해 여기 있다는 것을 확신합니다. 먼저, 구매에 관심이 있는 특정 품목에 대한 자세한 내용을 알려주시겠습니까? 고객님의 요구 사항을 명확하게 이해한 후에는 고객님께 꼭 맞는 완벽한 솔루션을 찾아드리겠습니다."
BLM,고객님의 제품 중 일부를 획득하는 데 도움이 필요합니다,주문,주문하기,일부 제품 구매에 관심을 가져주셔서 감사합니다! 저희 회사는 고객님의 충성도를 소중히 여기며 고객님께 보상이나 할인을 받을 수 있는 다양한 기회를 제공합니다. 관심 있는 특정 제품을 알려주시면 해당 제품을 얻을 수 있는 방법에 대한 맞춤형 정보를 제공해 드릴 수 있습니까? 고객님의 선호도를 이해함으로써 가장 적합한 옵션을 안내하고 절차 전반에 걸쳐 즐거운 경험을 보장할 수 있습니다.
BLMQ,고객님의 기사 몇 개를 쇼핑하고 싶어요,주문,주문하기,우리 기사 중 일부를 쇼핑하는 데 관심을 보여주셔서 감사합니다! 저는 모든 단계에서 고객님을 지원하고 원활하고 즐거운 쇼핑 경험을 보장하기 위해 여기 있습니다. 시작하려면 관심 있는 특정 기사를 알려주시기 바랍니다. 추천이 필요한 경우 선호 사항에 대한 세부정보를 알려주세요. 저희는 함께 고객님의 요구 사항에 맞는 완벽한 기사를 찾을 수 있도록 도와드리겠습니다.
BL,물건 구입에 도움,주문,주문하기,문의해 주셔서 감사합니다! 저는 고객님이 구매하는 데 필요한 도움을 제공해 드리겠습니다. 쇼핑이 때로는 부담스러울 수 있지만 걱정하지 마세요. 제가 절차를 안내해 드리고 원활하게 쇼핑하실 수 있도록 도와드리겠습니다. 시작하려면 구입하려는 품목에 대한 추가 정보를 제공해 주시면 감사하겠습니다. 관심이 있는 특정 제품이나 제품 카테고리가 있나요? 고객님의 요구 사항을 명확하게 이해하면 맞춤형 추천을 제공하고 완벽한 품목을 찾도록 도와드릴 수 있습니다. 이 쇼핑 경험을 즐겁고 만족스럽게 만들어 봅시다!
BLMQ,나 몇 가지 물건을 사야 해,주문,주문하기,문의해 주셔서 감사합니다! 당사의 여러 제품 구매에 관심을 가져주셔서 감사합니다. 이번 구매가 원활하고 보람있는 경험이 될 수 있도록 도와드리겠습니다. 시작하려면 구매하려는 품목의 구체적인 세부정보를 알려주시기 바랍니다. 이 정보를 받으면 절차를 안내하고 필요한 모든 지원을 받을 수 있도록 도와드리겠습니다.
BKL,쇼핑 기사,주문,주문하기,기사 쇼핑에 관심을 가져주셔서 감사합니다! 저는 고객님이 완벽한 것을 찾도록 돕기 위해 여기 있습니다. 고객님이 찾고 있는 특정 기사에 대한 자세한 내용을 알려주시겠습니까? 이를 통해 고객님의 쇼핑 여정에 더 나은 도움을 드릴 수 있습니다.
BELM,여러개의 물건을 얻으려면 어떻게 해야할지 모르겠습니다,주문,주문하기,여러 물품을 획득하는 과정에 대해 확신이 없으신 것으로 알고 있습니다. 걱정하지 마세요. 제가 도와드리겠습니다! 최상의 지침을 제공하기 위해 고객님이 얻으려는 특정 기사를 알려주시겠습니까? 해당 정보가 확보되면 절차를 명확하고 간단하게 만드는 단계를 안내해 드리겠습니다. 저희는 고객 만족을 보장하고 즐거운 구매 경험을 제공하기 위해 최선을 다하고 있음을 기억하십시오. 그럼 자세한 내용을 저와 공유해 주시면 바로 시작하겠습니다!
BLM,아이템을 여러개 얻으려면 어떻게 해야할지 모르겠어요,주문,주문하기,"우리와 함께 다양한 아이템을 획득하는 데 관심을 가져주셔서 감사합니다! 명확히 하자면, 저희 매장에서 여러 품목을 구입하는 방법을 알고 싶다는 뜻인가요? 그렇다면 절차를 안내해 드리겠습니다. 먼저, 어떤 특정 항목에 관심이 있는지 알려주시겠어요? 모든 세부정보를 확보한 후에는 해당 세부정보를 얻는 데 필요한 지침을 제공할 수 있습니다."
BLMW,여러 가지 제품을 구입하는 데 도움이 필요합니다,주문,주문하기,"여러 제품 구매에 도움을 주셔서 메시지를 보내주셔서 감사합니다. 고객님이 일부 품목을 구매하고 싶어한다는 점을 이해하며, 저는 그 과정을 최대한 원활하게 진행하기 위해 왔습니다. 관심 있는 제품에 대한 자세한 내용을 알려주시겠습니까? 이는 최선의 옵션을 선택하도록 안내하고 자신감 있는 구매를 하는 데 필요한 모든 정보를 제공하는 데 도움이 될 것입니다."
BELM,일부 품목을 쇼핑하는 방법을 모르겠습니다.,주문,주문하기,"상품 쇼핑에 도움을 드리기 위해 보내주신 메시지에 감사드립니다. 쇼핑 과정에 대해 확신이 없거나 혼란스럽다고 느끼는 것은 완전히 정상적인 현상입니다. 걱정하지 마세요. 제가 안내해 드리겠습니다! 쇼핑하려는 품목이 무엇인지 정확히 이해하는 것부터 시작하겠습니다. 자세한 내용을 파악한 후, 고객님의 쇼핑 경험을 쉽고 즐겁게 하실 수 있도록 단계별 설명을 제공해 드리겠습니다. 도중에 궁금한 점이 있으면 언제든지 문의하세요. 저희는 고객님이 원하는 품목을 성공적으로 쇼핑하는 데 필요한 모든 지식을 갖추고 있는지 함께 확인합니다."
BLW,망할 제품을 주문하는 데 도움이 필요해요,주문,주문하기,당사 제품 주문에 관심을 가져주셔서 감사드립니다. 안심해 주세요. 저는 고객님께 필요한 도움을 제공해 드리겠습니다. 주문하고 싶은 상품의 세부정보를 알려주시면 최대한 원활하고 번거로움 없이 주문하실 수 있도록 절차를 안내해 드리겠습니다.
BCILW,물건을 사야 하는데 어떻게 해야 하나요?,주문,주문하기,상품 구매에 있어 긴급함을 알려주셔서 감사합니다. 고객님이 이 구매를 열망하고 있다는 것을 이해하며 저는 고객님을 지원해 드리겠습니다. 시작하는 데 도움이 되도록 구매하려는 항목에 대한 세부정보를 공유해 주시겠어요? 해당 정보가 접수되면 절차를 안내해 드리고 원활하고 만족스러운 쇼핑 경험을 보장해 드리겠습니다.
BILM,여러 제품을 어디서 쇼핑하나요?,주문,주문하기,"저희 제품 쇼핑에 관심을 가져주셔서 감사합니다! 저는 고객님이 구매하기에 가장 적합한 장소를 찾는 데 도와드리겠습니다. 당사의 제품은 공식 웹사이트는 물론 공식 판매점을 통해 판매될 수 있습니다. 공식 웹사이트는 다양한 선택, 안전한 거래, 독점 거래를 제공하므로 훌륭한 옵션입니다. 직접 쇼핑을 원하신다면 당사 웹사이트에 매장 찾기 기능이 있으니 당사 제품을 취급하는 가장 가까운 오프라인 매장을 찾으실 수 있습니다. 추가 지원이 필요하거나 쇼핑 과정에 대해 구체적인 질문이 있는 경우 알려주시기 바랍니다. 즐거운 쇼핑하세요!"
BILM,기사를 어디서 구매하나요?,주문,주문하기,"일부 기사 구매에 관심을 가져주셔서 감사합니다! 저는 고객님께 절차를 안내하고 구매에 가장 적합한 장소를 찾는 데 도와드리겠습니다. 우선, 어떤 특정 기사를 찾고 있는지 물어봐도 될까요? 고객님의 선호도를 알면 구입처에 대한 더 정확한 정보를 제공할 수 있습니다."
BLM,고객님의 아이템을 몇 개 벌 수 있게 도와주세요,주문,주문하기,다양한 아이템 획득에 관심을 가져주셔서 감사합니다! 저는 고객님께 그 과정을 안내하고 고객님이 보람 있는 경험을 할 수 있도록 하려고 왔습니다. 획득하려는 아이템에 대한 자세한 내용을 알려주실 수 있나요? 제가 명확하게 이해한 후에는 수익을 얻을 수 있는 최선의 방법을 찾는 데 도움을 드릴 수 있습니다. 이것이 실현될 수 있도록 함께 노력합시다!
BILMZ,제가 물건을 사는 것을 도와주실 수 있나요?,주문,주문하기,기사 구매에 관해 문의해 주시고 도움을 구해주셔서 감사합니다. 저희의 전문성을 신뢰해 주셔서 감사합니다. 저는 고객님께 절차를 안내하고 원활한 경험을 보장하기 위해 왔습니다. 관심 있는 특정 기사에 대한 자세한 내용을 알려주시겠습니까? 이 정보를 통해 저는 고객님께 가장 적절하고 맞춤화된 지원을 제공할 수 있습니다. 고객님의 구매가 원활하고 즐겁게 이루어질 수 있도록 함께 노력합시다!
BLM,고객님의 기사에서 내가 어떻게 돈을 벌 수 있는지 모르겠어요,주문,주문하기,우리 기사의 일부를 얻는 데 관심을 표명해 주셔서 감사합니다. 저희는 고객님이 절차에 대해 확신이 없다는 것을 이해하며 모든 단계를 안내해 드립니다. 추가 지원을 위해 관심 있는 기사와 해당 기사를 얻는 방법에 대한 자세한 내용을 제공해 주시겠습니까? 이 정보는 고객님의 목표 달성을 위해 가장 정확하고 적합한 지침을 제공하는 데 도움이 됩니다.
BILM,고객님의 제품 몇 가지를 쇼핑하는 데 도움을 주실 수 있나요?,주문,주문하기,"당사의 다양한 제품 쇼핑에 관심을 가져주셔서 감사합니다! 저는 고객님께 절차를 안내하고 필요한 도움을 제공해 드리겠습니다. 먼저, 구매하려는 특정 제품을 알려주시겠습니까? 해당 정보를 확보하면 최선의 옵션을 찾고 원활한 쇼핑 경험을 보장할 수 있도록 도와드릴 수 있습니다. 시작해 봅시다!"
BCILMW,빌어먹을 아이템을 여러 개 얻어야 하는데 어떻게 해야 하나요?,주문,주문하기,당사로부터 여러 품목을 구입하는 데 관심을 보여주셔서 감사합니다! 저는 고객님의 경험을 최대한 활용하려는 고객님의 열정과 열망을 완전히 이해합니다. 절차를 안내하기 위해 관심 있는 특정 항목에 대한 추가 정보를 제공해 주시겠습니까? 이렇게 하면 최선의 옵션을 선택하는 데 도움을 드리고 구매를 원활하게 완료하는 데 필요한 모든 세부 정보를 제공할 수 있습니다.
BLM,여러 물품을 구입하려면 도움이 필요합니다,주문,주문하기,"여러 품목 구매에 대한 도움 요청에 감사드립니다. 다양한 옵션을 탐색하려는 열정을 보는 것은 정말 멋진 일입니다. 먼저, 구매하려는 품목에 대한 자세한 내용을 제공해 주시겠습니까? 이렇게 하면 고객님께 맞게 지침과 권장 사항을 맞춤화하는 데 도움이 될 것입니다. 구체적인 내용을 공유해 주시면, 충분한 정보를 바탕으로 만족스러운 구매를 하실 수 있도록 도와드리겠습니다."
BCILMP,"여러 제품을 구매하고 싶은데, 도와주실 수 있나요?",주문,주문하기,"물론, 저는 여러 제품을 구매하는 데 도와드리겠습니다! 우리를 선호하는 공급자로 선택해 주셔서 감사합니다. 시작하려면 관심 있는 제품의 세부정보를 알려주시겠어요? 이 정보를 통해 고객님께 절차를 안내하고 원활하고 즐거운 구매 경험을 보장할 수 있습니다. 이번 구매가 쉽게 이루어질 수 있도록 함께 노력합시다!"
BLM,일부 기사를 얻는 방법을 모르겠습니다.,주문,주문하기,연락해주셔서 감사합니다! 저는 고객님이 우리로부터 물품을 얻는 과정에 대해 확신이 없다고 생각합니다. 걱정하지 마세요. 제가 안내를 제공하고 고객님께 간단한 경험을 선사하기 위해 왔습니다. 먼저 어떤 기사에 관심이 있는지 알려주시겠어요? 해당 정보가 확보되면 단계를 안내하고 정보를 바탕으로 결정을 내리도록 도와드릴 수 있습니다. 고객 만족이 저의 최우선 과제이며 고객님께 원활하고 보람있는 경험을 보장하기 위해 최선을 다하고 있습니다!
BILM,여러 제품을 얻을 수 있도록 도와주실 수 있나요?,주문,주문하기,"저희는 여러 제품을 획득하는 데 도움을 주기 위해 왔습니다! 저는 고객님이 관심 있는 제품을 얻을 수 있는 방법을 안내하기 위해 왔습니다. 시작하려면, 고객님이 얻으려는 특정 제품에 대한 자세한 내용을 알려주시겠습니까? 고객님의 선호도를 알면 제가 고객님께 적합한 옵션을 제공하고 해당 제품을 획득하려는 목표를 달성하는 데 도움이 될 것입니다."
BILMZ,여러 제품은 어디서 얻나요?,주문,주문하기,당사로부터 다양한 제품을 구매하는 데 관심을 보여주셔서 감사합니다! 이 과정에서 고객님을 도와드리게 되어 기쁘게 생각합니다. 시작하려면 당사 웹사이트를 탐색하여 구매할 수 있는 다양한 제품을 찾을 수 있습니다. 다양한 카테고리를 살펴보고 관심 있는 제품을 선택한 후 장바구니에 추가하세요. 선택을 완료한 후 결제 페이지로 이동하여 주문을 완료하세요. 저희의 안전한 결제 옵션은 원활한 거래를 보장합니다. 특정 질문이 있거나 추가 지침이 필요한 경우 언제든지 알려주시기 바랍니다. 저희는 고객님의 수익 경험을 즐겁고 성공적으로 만들기 위해 왔습니다. 즐거운 쇼핑하세요!
BLMQ,고객님의 기사 중 일부를 얻는 데 도움이 필요합니다,주문,주문하기,문의해 주셔서 감사합니다! 우리 기사 몇 개를 구입하는 데 관심을 가져주셔서 감사합니다. 저는 고객님이 구매하는 데 필요한 도움을 제공해 드리겠습니다. 시작하려면 관심 있는 특정 기사에 대한 자세한 내용을 알려주시겠습니까? 그러면 제가 고객님께 절차를 안내하고 원활하고 만족스러운 쇼핑 경험을 제공하는 데 도움이 될 것입니다.
BLMQZ,여러 제품을 구매하는 방법을 모르겠어요,주문,주문하기,고객님의 의견을 듣고 기뻐요! 여러 제품을 구매하는 과정이 익숙하지 않으실 수도 있다는 점을 진심으로 이해합니다. 하지만 걱정하지 마세요. 제가 도와드리겠습니다. 시작하려면 어떤 특정 제품에 관심이 있는지 알려주시겠어요? 해당 정보가 확보되면 단계별로 안내하여 원활하고 성공적인 구매 경험을 보장해 드릴 수 있습니다.
BL,뭔가 쇼핑을 하려고 하는데,주문,주문하기,저희 쇼핑에 관심을 가져주셔서 감사합니다! 저는 고객님이 완벽한 품목을 찾는 데 도움을 주기 위해 왔습니다. 고객님이 찾고 있는 것이 무엇인지 알려주시겠어요? 의류든 전자제품이든 어떤 특정 카테고리든 고객님의 취향에 맞는 추천을 해드립니다. 즐겁고 번거롭지 않은 쇼핑 경험을 만들어 보세요!
BEM,여러 상품을 어떻게 구매할 수 있는지 모르겠습니다.,주문,주문하기,고객님의 메시지에 감사드립니다! 여러 품목을 구매하는 과정에 대해 확신이 없으신가요? 걱정하지 마세요. 제가 모든 단계를 안내해 드리겠습니다. 최대한 원활한 쇼핑 경험을 위해 관심 있는 특정 품목을 알려주시면 구매 진행 방법을 안내해 드리겠습니다. 저희는 고객님이 원활하고 만족스러운 쇼핑 여행을 즐길 수 있도록 함께 노력하겠습니다.
BLW,피묻은 물건을 주문해야 해요,주문,주문하기,저희는 피 묻은 품목을 주문하는 데 도움을 주기 위해 왔습니다. 저희는 고객님의 요청을 진지하게 받아들이고 있으며 고객님의 원활하고 즐거운 쇼핑 경험을 보장하기 위해 왔습니다. 고객님이 찾고 있는 특정 품목에 대해 더 자세한 정보를 제공해 주시겠습니까? 이렇게 하면 주문 과정을 안내하고 필요한 것을 정확히 얻을 수 있는지 확인하는 데 도움이 됩니다.
BLMQ,고객님의 기사 중 일부를 주문하는 데 도움이 필요합니다,주문,주문하기,우리 기사 중 몇 가지를 주문하는 데 관심을 가져주셔서 감사합니다! 저는 고객님이 구매하는 데 필요한 지침을 제공해 드리겠습니다. 시작하려면 어떤 특정 기사에 관심이 있는지 알려주시겠어요? 이렇게 하면 고객님을 보다 효과적으로 지원하고 고객님의 주문이 원활하게 처리되도록 하는 데 도움이 될 것입니다. 구매와 관련하여 갖고 있는 추가 세부정보나 선호사항을 언제든지 공유해 주세요. 모든 단계에서 최선을 다해 도와드리겠습니다.
BLM,여러 상품을 주문하려면 어떻게 해야 하는지 모르겠어요,주문,주문하기,"문의해 주셔서 감사합니다! 처음에는 여러 제품을 주문하는 것이 부담스러울 수 있다는 점을 이해합니다. 하지만 걱정하지 마세요. 절차를 단계별로 안내해 드리겠습니다. 시작하려면 주문하려는 제품에 대한 명확한 아이디어가 있는지 확인하십시오. 그런 다음 당사 웹사이트를 방문하거나 당사 고객 지원팀에 전화하여 주문하실 수 있습니다. 저희의 친절한 팀은 고객님이 품목을 선택하는 데 도움을 주고, 필요한 정보를 제공하며, 원활한 주문 경험을 보장할 것입니다. 진행 중에 구체적인 질문이나 문의 사항이 있으면 언제든지 알려주시기 바랍니다. 함께, 저희는 고객님이 필요한 것을 정확히 얻을 수 있도록 보장할 것입니다!"
BILMQ,어떤 제품은 어떻게 쇼핑해?,주문,주문하기,문의해 주셔서 감사합니다! 고객님의 쇼핑 경험에 도움을 드리게 되어 기쁘게 생각합니다. 제품을 쇼핑하려면 몇 가지 옵션이 있습니다. 당사 웹사이트를 방문하여 다양한 카테고리를 탐색하고 원하는 품목을 장바구니에 추가할 수 있습니다. 이동 중에도 원활한 쇼핑 경험을 위해 모바일 앱을 사용할 수도 있습니다. 원하신다면 저희에게 전화해 주시면 친절한 고객 서비스 담당자 중 한 명이 기꺼이 주문을 도와드릴 것입니다. 염두에 두고 있는 특정 제품이 있거나 진행 중에 제가 도와드릴 수 있는 다른 사항이 있으면 언제든지 알려주시기 바랍니다. 즐거운 쇼핑하세요!
BLM,여러 기사 쇼핑하기,주문,주문하기,"여러 상품 쇼핑에 관심을 가져주셔서 감사합니다! 저는 고객님의 요구 사항에 맞는 완벽한 품목을 찾는 데 도와드리겠습니다. 시작하려면 찾고 있는 제품 유형, 선호하는 특정 브랜드나 스타일, 예산 등 몇 가지 세부정보를 알려주시겠어요? 이렇게 하면 제가 맞춤 추천을 제공하고 성공적인 쇼핑 경험을 보장하는 데 도움이 됩니다. 고객님의 쇼핑 여정을 즐거운 여행으로 만들어드리겠습니다!"
BLM,일부 품목 구매 지원,주문,주문하기,문의해 주셔서 감사합니다! 우리 제품 구매에 관심을 가져주셔서 감사합니다. 저는 고객님이 구매하는 데 필요한 도움을 제공해 드리겠습니다. 구입하려는 품목에 대한 자세한 내용을 알려주시겠습니까? 이렇게 하면 절차를 안내하고 원활한 쇼핑 경험을 보장하는 데 도움이 됩니다.
BILM,제가 물건 쇼핑하는 것을 도와주실 수 있나요?,주문,주문하기,저희를 쇼핑 파트너로 고려해 주셔서 감사합니다! 저는 고객님이 필요한 품목을 쇼핑하는 데 있어 모든 단계에서 도움을 드리기 위해 여기 있습니다. 구체적으로 어떤 품목에 관심이 있는지 알려주시면 쇼핑 진행 방법을 안내해 드리겠습니다. 고객님의 쇼핑 경험이 즐겁고 성공적이도록 함께 하겠습니다!
BMQ,고객님의 물건을 여러 개 구입하는 데 도움이 필요해요,주문,주문하기,당사의 여러 품목 구매에 관심을 가져주셔서 감사합니다! 우리 제품에 대한 고객님의 열정에 진심으로 감사드립니다. 저는 주문을 하는 모든 단계에서 고객님을 돕기 위해 여기 있습니다. 구매하고 싶은 품목의 구체적인 세부정보를 알려주시겠어요? 이를 통해 제가 고객님께 효과적으로 안내하고 원활한 쇼핑 경험을 보장할 수 있을 것입니다.
BLMQ,고객님의 아이템 중 일부를 획득하려고 합니다,주문,주문하기,당사 품목 중 일부 구입에 관심을 가져주셔서 감사합니다! 저희는 고객님의 쇼핑 여정에 참여하게 되어 기쁘게 생각합니다. 추가 지원을 위해 고객님이 획득하려는 특정 항목에 대한 자세한 내용을 제공해 주시겠습니까? 이 정보를 통해 당사는 고객님께 효과적으로 안내하고 원활하고 만족스러운 쇼핑 경험을 보장할 수 있습니다. 고객님께 딱 맞는 아이템을 찾기 위해 함께 노력합시다!
BLQ,제품을 구입해야 해요,주문,주문하기,"저는 고객님이 특정 제품을 구입해야 한다고 생각하며, 고객님이 그렇게 할 수 있도록 지원해 드리겠습니다. 관심 있는 제품에 대한 자세한 내용을 공유해 주실 수 있나요? 이를 통해 저는 고객님께 맞춤형 지침을 제공하고 이를 취득하기 위한 고객님의 여정이 원활하고 즐겁고 성공적이도록 보장할 수 있습니다."
BELMQ,고객님의 상품을 여러 개 쇼핑하려면 어떻게 해야 할지 모르겠어요,주문,주문하기,고객님이 당사 제품 중 일부를 쇼핑하는 방법에 대해 다소 혼란스러워하고 계시다는 점을 이해합니다. 걱정할 필요가 없습니다. 절차를 안내하고 최대한 순조롭게 진행되도록 도와드리겠습니다. 시작하려면 먼저 관심 있는 특정 품목을 식별해 보겠습니다. 해당 정보가 확보되면 해당 품목을 쇼핑하는 방법에 대한 자세한 지침을 제공해 드릴 수 있습니다. 따라서 구매하고 싶은 품목의 이름이나 설명을 알려주시면 해당 품목을 가져가도록 하겠습니다.
BILW,내가 빌어먹을 물건을 구입하는 것을 도와줄 수 있니?,주문,주문하기,"고객님의 문의와 당사 제품 구매에 대한 관심을 표명해 주셔서 감사드립니다. 구매 과정에서 도움을 원하신다는 점을 이해합니다. 저는 고객님께 필요한 지침과 지원을 제공해 드리겠습니다. 원활하고 만족스러운 쇼핑 경험을 보장하기 위해 함께 노력합시다. 이름, 수량 또는 특정 요구 사항 등 구매하려는 품목에 대한 세부 정보를 알려주십시오. 이 정보를 통해 고객님이 올바른 품목을 찾고 구매 과정을 안내하는 데 도움을 드릴 수 있습니다."
BLM,여러개 주문하려면 어떻게 해야할지 모르겠어요,주문,주문하기,"저는 고객님을 듣고! 여러 품목을 주문하는 것이 부담스러울 수도 있지만 걱정하지 마세요. 제가 도와드리겠습니다. 절차를 더 쉽게 만들기 위해 간단한 단계로 나누어 보겠습니다. 먼저, 주문하고 싶은 구체적인 품목을 알려주시겠어요? 해당 정보가 확보되면 나머지 절차를 안내하여 고객님이 원활하고 성공적인 경험을 할 수 있도록 도와드릴 수 있습니다."
BILMZ,고객님의 기사에 대해 어떻게 돈을 벌 수 있나요?,주문,주문하기,"우리 기사를 얻는 데 관심을 가져 주셔서 감사합니다! 저희 회사는 고객님과 같은 고객이 보상이나 할인을 받을 수 있는 다양한 기회를 제공합니다. 한 가지 방법은 구매할 때마다 포인트를 적립하고 향후 할인에 사용할 수 있는 로열티 프로그램을 이용하는 것입니다. 또 다른 옵션은 추천 프로그램에 참여하는 것입니다. 친구나 가족에게 우리 제품을 추천할 수 있고, 그들이 구매할 때 보상을 받을 수 있습니다. 또한 고객이 추가 혜택을 얻을 수 있는 프로모션이나 특별 제안을 제공하는 경우도 많습니다. 더 자세한 정보를 제공하고 이러한 기회를 최대한 활용하는 방법을 안내해 드릴 수 있습니다. 더 많은 정보를 원하시거나 제가 도와드릴 수 있는 다른 사항이 있으면 알려주세요!"
BLM,고객님의 기사 중 일부를 얻을 수 있도록 도와주세요,주문,주문하기,우리 기사 중 일부를 구입하는 데 도움을 드리게 되어 기쁘게 생각합니다! 우리 컬렉션을 탐색하려는 고객님의 열의는 존경스러우며 저는 고객님을 위해 그 과정을 원활하고 보람있게 만들기 위해 왔습니다. 계속하려면 관심 있는 특정 기사에 대한 자세한 내용을 알려주시겠습니까? 해당 정보가 확보되면 해당 정보를 획득하는 단계를 안내해 드리겠습니다. 이 흥미진진한 여행을 함께 시작해 보세요!
BIM,물건을 사려면 어떻게 해야 하나요?,주문,주문하기,저희 상품 구매에 관심을 가져주셔서 감사합니다! 저희는 고객님께 절차를 안내하고 원활한 쇼핑 경험을 보장하기 위해 왔습니다. 시작하려면 당사 웹사이트나 앱을 탐색하여 당사의 다양한 제품을 탐색할 수 있습니다. 구매하려는 품목을 찾았으면 장바구니에 추가하기만 하면 됩니다. 여기에서 결제 페이지로 이동하여 배송 주소를 입력하고 결제 방법을 선택하고 주문 세부정보를 검토할 수 있습니다. 모든 것이 좋아지면 구매를 확인하시면 나머지는 저희가 처리해 드리겠습니다! 특정 질문이 있거나 도움이 필요한 경우 언제든지 고객 지원팀에 문의해 주세요. 즐거운 쇼핑하세요!
BELMQ,아이템을 얻으려면 어떻게 해야 하는지 모르겠어요,주문,주문하기,"우리로부터 아이템을 얻는 데 관심을 보여주셔서 감사합니다! 명확히 말씀드리고 싶은 점은, 구매하는 대신 아이템을 획득할 수 있는 방법을 찾고 계시나요? 그렇다면 현재 아이템 획득을 위한 프로그램이 마련되어 있지 않습니다. 그러나 저희는 고객님이 매력적이라고 ​​생각할 수 있는 다양한 제품을 구매할 수 있도록 제공합니다. 고객님의 선호 사항을 알려주시면 고객님의 필요에 꼭 맞는 제품을 찾을 수 있도록 기꺼이 도와드리겠습니다."
BL,아이템 획득에 도움,주문,주문하기,"우리 아이템 획득에 관심을 가져주셔서 감사합니다! 고객님의 열정에 감사드리며, 이 과정에서 기꺼이 도와드리겠습니다. 시작하려면 획득하고 싶은 특정 항목에 대한 자세한 내용을 제공해 주시겠습니까? 고객님의 선호도와 요구 사항을 더 잘 이해함으로써 가장 적합한 옵션을 안내하고 고객님의 목표 달성을 도울 수 있습니다."
BILMW,블러디 아이템을 여러 개 구매할 수 있나요?,주문,주문하기,문의해주셔서 감사합니다! 블러디 제품을 포함한 여러 품목의 구매에 관심을 가져주셔서 감사합니다. 안심해 주세요. 우리 컬렉션에서 여러 항목을 구입하는 것이 절대적으로 가능합니다. 고객님께 탁월한 쇼핑 경험을 제공하기 위해 고객님이 찾고 있는 특정 상품을 지정해 달라고 부탁드려도 될까요? 이를 통해 저희는 고객님의 필요에 맞게 지원을 맞춤화하고 절차를 원활하고 효율적으로 안내할 수 있습니다.
BLM,일부 품목을 구입하는 데 도움이 필요합니다,주문,주문하기,기사 구매에 도움을 주셔서 감사합니다. 저희는 고객님께 절차를 안내하고 원활하고 만족스러운 경험을 보장하기 위해 왔습니다. 먼저 관심 있는 특정 기사에 대한 자세한 내용을 제공해 주시겠습니까? 이를 통해 권장 사항을 맞춤화하고 가장 정확한 정보를 제공할 수 있습니다. 저희는 고객님의 요구에 맞는 완벽한 제품을 찾는 데 도움을 드릴 수 있기를 기대합니다.
BM,물건을 사려면 어떻게 해야 할지 모르겠어요,주문,주문하기,고객님의 정직성에 감사드리며 도움을 요청합니다. 걱정하지 마십시오. 관심 있는 품목을 구매하는 과정을 안내해 드리겠습니다. 먼저 제품 카탈로그를 탐색하여 눈길을 끄는 품목을 찾으십시오. 결정을 내리시면 주문을 진행하실 수 있습니다. 특별히 선호하는 사항이나 안내가 필요한 사항이 있으면 언제든지 알려주시기 바랍니다. 저희는 고객님의 구매 과정이 원활하고 즐겁게 이루어질 수 있도록 함께 노력할 것입니다.
BLQ,제품 쇼핑에 도움이 필요해요,주문,주문하기,문의해 주셔서 감사합니다! 저는 고객님이 당사 제품을 쇼핑하는 데 필요한 도움을 제공해 드리겠습니다. 원활하고 즐거운 경험이 될 수 있도록 전체 과정을 안내해 드리겠습니다. 먼저 어떤 제품에 관심이 있는지 알려주시겠어요? 자세한 내용을 알려주시면 최선을 다해 도와드리겠습니다.
BLQ,제품을 얻으려고 노력 중이에요,주문,주문하기,고객님의 메시지에 감사드립니다! 고객님이 제품을 얻는 데 관심이 있다는 것은 분명합니다. 더 나은 지원을 위해 고객님이 얻으려는 특정 제품에 대한 자세한 내용을 제공해 주시겠습니까? 이를 통해 저는 고객님께 제품을 성공적으로 획득하는 데 필요한 지침과 단계를 제공할 수 있습니다.
BLMQ,여러 품목을 주문하는 방법을 모르겠어요,주문,주문하기,문의해 주셔서 감사합니다! 여러 품목을 주문하는 과정에 대해 고객님의 불확실성이 느껴지네요. 걱정하지 마세요. 제가 여기에서 모든 단계를 안내해 드리겠습니다. 시작하려면 어떤 특정 기사에 관심이 있는지 알려주시겠어요? 해당 정보가 확보되면 주문 진행 방법에 대한 명확한 지침을 제공할 수 있습니다.
BLMQ,고객님의 기사 몇 개를 주문하려면 어떻게 해야 하는지 모르겠어요,주문,주문하기,메시지를 보내주셔서 감사합니다! 당사에서 여러 품목을 주문하는 과정에 대해 확신이 없으신 것으로 알고 있습니다. 걱정하지 마세요. 쉽고 자신있게 단계를 진행할 수 있도록 도와드리겠습니다. 먼저 관심 있는 특정 기사를 제공해 주시겠습니까? 이렇게 하면 고객님의 주문 경험을 최대한 원활하게 할 수 있도록 맞춤형 지침을 제공할 수 있습니다. 앞으로 더 많은 도움을 드릴 수 있기를 기대합니다!
BKL,기사 구매,주문,주문하기,기사 구매에 관심을 가져주셔서 감사합니다! 저는 이 과정 전반에 걸쳐 고객님을 돕기 위해 여기 있습니다. 원활하고 즐거운 경험을 보장하기 위해 구매하려는 특정 품목에 대한 자세한 내용을 알려주시겠습니까? 이를 통해 제가 고객님을 효과적으로 안내하고 맞춤형 추천을 제공함으로써 고객님의 쇼핑 여정이 더욱 보람차고 만족스러울 것입니다.
BILM,일부 품목을 쇼핑할 수 있나요?,주문,주문하기,"문의해 주셔서 감사합니다! 다양한 상품을 만나보실 수 있다는 소식을 전해드리게 되어 기쁘게 생각합니다. 의류, 전자제품, 집 장식 등 무엇을 찾고 계시든 저희가 도와드리겠습니다. 저희의 사용자 친화적인 플랫폼을 사용하면 단 몇 번의 클릭만으로 편리하게 항목을 탐색하고 장바구니에 추가할 수 있습니다. 도움이 필요하거나 염두에 두고 있는 특정 품목이 있는 경우 언제든지 알려주세요. 성공적인 쇼핑 경험을 할 수 있도록 최선을 다해 도와드리겠습니다!"
BELM,일부 품목을 쇼핑하려면 어떻게 해야 할지 모르겠습니다.,주문,주문하기,물품을 쇼핑하는 과정에 대해 다소 확신이 없으실 수도 있다는 것을 깨달았습니다. 걱정하지 마세요. 제가 여기에서 단계를 안내하고 원활한 경험을 할 수 있도록 도와드리겠습니다. 시작하려면 어떤 특정 기사에 관심이 있는지 알려주시겠어요? 해당 정보가 확보되면 고객님의 쇼핑 여정을 성공적으로 완료하는 데 필요한 모든 정보와 지원을 제공할 수 있습니다.
BLMQ,여러 품목을 구입하는 데 도움이 필요합니다,주문,주문하기,문의해 주셔서 감사합니다! 고객님이 당사로부터 여러 품목을 구매하는 데 관심이 있다는 소식을 들으니 기쁩니다. 저는 고객님께 절차를 단계별로 안내하고 고객님의 쇼핑 경험이 원활하고 즐거운지 확인하기 위해 왔습니다. 시작하려면 어떤 품목을 구매하고 싶은지 알려주시겠어요? 구체적인 세부정보를 제공해 주시면 고객님께 정확한 정보를 제공하고 최선의 방법으로 도움을 드릴 수 있습니다.
BILMQ,고객님 제품 중 일부를 어떻게 구입할 수 있나요?,주문,주문하기,당사 제품 구매에 관심을 가져주셔서 감사합니다! 저는 고객님께 절차를 안내하고 가능한 한 원활하게 진행되도록 하려고 왔습니다. 시작하려면 당사 웹사이트를 탐색하고 당사가 제공하는 다양한 제품을 찾아볼 수 있습니다. 구매하려는 품목을 찾았으면 장바구니에 추가하기만 하면 됩니다. 어떤 단계에서든 질문이 있거나 도움이 필요한 경우 라이브 채팅이나 [고객센터전화번호]를 통해 [운영시간/기간]와 통화할 수 있는 고객 지원팀에 언제든지 문의하세요. 구매를 완료하는 데 기꺼이 도움을 드릴 것입니다. 저희는 고객님을 봉사하기를 기대합니다!
BCLM,고객님의 제품을 여러 개 구매해야 하는데 도움이 필요합니다,주문,주문하기,고객님이 저희에게 연락해 주시고 저희로부터 여러 제품을 구매하는 데 관심을 보여주셔서 기쁩니다. 저희는 모든 단계에서 고객님을 돕기 위해 여기 있습니다. 원활하고 만족스러운 구매 경험을 보장하기 위해 구매하려는 특정 제품에 대한 자세한 정보를 제공해 주시겠습니까? 이를 통해 당사는 고객님께 가장 정확하고 관련성이 높은 정보를 안내하고 제공할 수 있습니다. 고객님의 구매에 도움이 되기를 기대합니다!
BLQ,기사를 주문하는 데 도움이 필요해요,주문,주문하기,문의해 주셔서 감사합니다! 우리에게 물품을 주문하는 데 도움을 드리게 되어 기쁘게 생각합니다. 도움을 구하겠다는 고객님의 결심은 정보를 바탕으로 결정을 내리겠다는 고객님의 의지를 보여줍니다. 시작하려면 주문하려는 특정 품목에 대한 세부정보를 알려주시겠습니까? 이를 통해 제가 고객님을 더욱 효과적으로 안내하고 가능한 최상의 옵션을 제공할 수 있을 것입니다. 원활한 주문 과정을 보장하고 고객님의 경험을 즐거운 경험으로 만들기 위해 함께 노력합시다!
BMQZ,저는 고객님의 품목을 여러 개 구입하는 방법을 모릅니다,주문,주문하기,우리에게 전화를 걸어 우리로부터 여러 품목을 구매하는 데 대한 불확실성을 표현해 주셔서 감사합니다. 저는 고객님이 전체 과정을 원활하게 진행할 수 있도록 도와드리기 위해 왔습니다. 시작하려면 어떤 특정 품목을 구매하고 싶은지 알려주시겠어요? 세부정보가 확보되면 성공적인 구매 방법을 단계별로 안내해 드리겠습니다. 고객님이 원활하고 편리한 쇼핑 경험을 누릴 수 있도록 함께 노력합시다.
BILM,고객님의 물건 중 일부를 쇼핑할 수 있나요?,주문,주문하기,저희 상품 쇼핑에 관심을 가져주셔서 감사합니다! 저희는 고객님이 탐색하고 선택할 수 있는 다양한 제품을 보유하고 있습니다. 쇼핑 과정을 진행하려면 고객님께 더 편리한 방법에 따라 당사 웹사이트나 실제 매장을 방문하실 수 있습니다. 구매하려는 품목을 찾은 후 장바구니에 추가하거나 매장에 있는 경우 해당 품목을 기록해 두십시오. 특정 질문이 있거나 진행 중에 도움이 필요한 경우 언제든지 고객 지원팀에 문의해 주세요. 저희는 고객님의 쇼핑 경험을 가능한 한 원활하고 즐겁게 만들기 위해 왔습니다. 즐거운 쇼핑하세요!
BLMZ,고객님의 기사 중 일부를 구매하는 데 도움이 필요합니다,주문,주문하기,고객님의 문의에 감사드리며 당사 제품 중 일부 구매에 관심을 표해 주셔서 감사합니다. 전체 구매 과정 전반에 걸쳐 기꺼이 도와드리겠습니다. 시작하려면 관심 있는 특정 기사에 대한 자세한 내용을 알려주시겠습니까? 이를 통해 고객님께 정확하고 관련성 높은 정보를 제공함으로써 고객님의 구매 경험을 원활하고 번거롭지 않게 만드는 데 도움이 될 것입니다.
BLMQ,여러 물품을 주문하는 데 도움이 필요해요,주문,주문하기,여러 기사를 주문하는 데 도움을 요청해 주셔서 감사합니다. 여러 아이템을 획득하려는 열정적인 모습이 보기 좋습니다. 주문 과정을 원활하게 안내하기 위해 주문하려는 특정 품목에 대한 자세한 내용을 알려주시겠습니까? 이렇게 하면 다양한 제품을 탐색하는 동안 원활하고 만족스러운 경험을 보장할 수 있습니다. 성공적인 주문을 위해 함께 노력합시다!
BCILM,고객님의 기사 중 몇 가지를 얻어야 하는데 어떻게 해야 합니까?,주문,주문하기,"우리 기사의 일부를 얻는 데 관심을 표명해 주셔서 감사합니다! 저는 고객님이 ""벌어라"" 대신에 ""사다""라고 말하려고 했다고 믿습니다. 하지만 걱정하지 마세요. 구매 과정을 안내해 드리고자 왔습니다. 시작하려면 당사 웹사이트를 방문하여 다양한 기사를 찾아보세요. 마음에 드는 상품을 찾으면 장바구니에 추가하고 결제를 진행하세요. 도움이 필요하거나 도중에 궁금한 점이 있으면 언제든지 고객 지원팀에 문의하세요. 그들은 고객님의 구매에 기꺼이 도움을 드릴 것입니다. 즐거운 쇼핑하세요!"
BLM,여러 제품을 구입하는 데 도움,주문,주문하기,여러 제품 구매에 관심을 가져주셔서 감사합니다! 저는 고객님께 절차를 안내하고 고객님의 요구 사항에 가장 적합한 옵션을 찾는 데 도와드리겠습니다. 시작하려면 찾고 있는 특정 제품에 대한 자세한 내용을 알려주시겠습니까? 이 정보를 통해 저는 고객님께 맞춤화된 추천을 제공하고 고객님이 현명한 결정을 내리는 데 도움을 드릴 수 있습니다.
BILM,고객님의 기사 중 일부를 주문할 수 있습니까?,주문,주문하기,"당사 제품 주문에 관심을 가져주셔서 감사합니다! 저는 고객님의 주문 경험이 최대한 원활하고 편리하도록 하기 위해 왔습니다. 네, 저희 제품을 주문하는 것은 확실히 가능합니다. 저희는 다양한 기사를 쉽게 탐색하고 선택할 수 있는 사용자 친화적인 온라인 플랫폼을 보유하고 있습니다. 주문하려는 품목을 선택한 후 당사 웹사이트에 제공된 단계별 지침에 따라 구매를 완료하세요. 특정 질문이 있거나 주문 과정에 도움이 필요한 경우 언제든지 알려주시기 바랍니다. 저는 고객님이 최고의 주문 경험을 할 수 있도록 도와드리기 위해 왔습니다!"
BILM,고객님의 기사를 여러 개 구매하려면 어떻게 해야 합니까?,주문,주문하기,"저희의 여러 제품 구매에 관심을 가져주셔서 감사합니다! 절차를 최대한 원활하게 진행하기 위해 단계별로 살펴보겠습니다. 먼저, 당사 웹사이트나 카탈로그를 탐색하여 구매하려는 제품을 찾을 수 있습니다. 기사를 선택했으면 계속해서 장바구니에 추가하세요. 그런 다음 장바구니를 검토하여 원하는 항목을 모두 선택했는지 확인하세요. 그런 다음 배송 및 청구 정보를 제공하라는 메시지가 표시되는 결제 페이지로 이동합니다. 마지막으로 결제 과정을 완료하고 상품이 바로 문앞까지 배송될 때까지 기다립니다. 진행 과정에서 어려움이 있거나 구체적인 질문이 있으시면 언제든지 문의해 주세요. 저는 모든 단계에서 고객님을 돕기 위해 여기 있을 것입니다!"
BLMQ,고객님 제품 몇 개를 쇼핑하려면 어떻게 해야 할지 모르겠어요,주문,주문하기,"몇 가지 당사 제품 쇼핑에 관심을 가져주셔서 감사합니다! 주문하는 과정이 처음에는 너무 복잡해 보일 수 있다는 점을 이해합니다. 하지만 걱정하지 마세요. 제가 안내해 드리겠습니다. 시작하려면 당사 웹사이트를 방문하여 제품 카탈로그를 찾아보세요. 구매하려는 품목을 찾으면 장바구니에 추가하기만 하면 됩니다. 그런 다음 결제 페이지로 이동하면 배송 정보를 입력하고 결제 방법을 선택하라는 메시지가 표시됩니다. 이 단계를 완료한 후 주문 세부정보를 검토하고 ""주문하기"" 버튼을 클릭하여 구매를 완료하세요. 도중에 어려움을 겪거나 궁금한 점이 있으면 언제든지 고객 지원팀에 문의하세요. 기꺼이 도와드릴 것입니다. 즐거운 쇼핑하세요!"
BLMQ,저는 아이템을 좀 얻으려고 노력 중이야,주문,주문하기,우리를 믿어주셔서 감사합니다! 고객님이 일부 아이템을 얻으려고 시도했으며 도움이 필요할 수 있다는 점을 잘 알고 있습니다. 구매를 완료하는 데 어떻게 도움을 드릴 수 있나요? 관심 있는 항목의 세부정보를 제공해 주시면 원활하고 만족스러운 경험이 될 수 있도록 절차를 안내해 드리겠습니다.
BLM,여러 가지 물건을 구입하다,주문,주문하기,"여러 상품 구매에 관심을 가져주셔서 감사합니다! 저희의 목표는 고객님의 쇼핑 경험을 가능한 한 원활하게 만드는 것입니다. 이에 도움을 드리기 위해 고객님이 구매하고 싶은 특정 품목에 대해 더 자세히 알고 싶습니다. 더 나은 도움을 드릴 수 있도록 좀 더 자세한 내용을 제공해 주시겠습니까? 품목 유형, 수량, 특정 요구 사항 등의 정보를 포함하면 고객님께 딱 맞는 옵션을 찾는 데 도움이 됩니다. 저는 고객님께 절차를 안내하고 고객님이 보람 있고 만족스러운 쇼핑 경험을 가질 수 있도록 하기 위해 왔습니다."
BILMQ,여러 기사를 얻는 방법,주문,주문하기,"여러 기사를 얻는 데 관심을 가져주셔서 감사합니다! 저희의 주요 초점은 구매할 물품을 제공하는 것이지만, 고객이 다양한 프로모션, 로열티 프로그램 또는 추천을 통해 물품을 얻을 수 있는 기회를 제공합니다. 관심 있는 기사를 얻는 데 도움이 될 수 있는 진행 중인 프로모션이나 특별 제안에 대한 최신 정보를 얻으려면 웹사이트를 확인하거나 뉴스레터를 구독하는 것이 좋습니다. 특정 질문이 있거나 추가 지원이 필요한 경우 알려주시기 바랍니다!"
BEZ,주문을 하려면 어떻게 해야 할지 모르겠습니다.,주문,주문하기,"주문 진행 방법에 대해 문의해 주셔서 감사합니다. 특히 처음이라면 그 과정이 부담스러워 보일 수도 있다는 점을 이해합니다. 하지만 걱정하지 마세요. 제가 모든 단계에서 도움을 드리기 위해 여기 있습니다. 먼저, 주문하려는 품목 유형에 대한 추가 정보를 제공해 주시겠습니까? 이렇게 하면 필요한 특정 단계를 안내하고 원활하고 성공적인 주문 경험을 보장하는 데 도움이 됩니다."
BILMQ,내가 물건 좀 사는 것 좀 도와줄래?,주문,주문하기,저희는 물품 쇼핑에 도와드리겠습니다. 저희의 전문성을 신뢰해 주셔서 감사합니다. 안심해 주세요. 저는 모든 단계를 안내해 드리겠습니다. 최고의 지원을 제공하기 위해 관심 있는 기사 유형을 지정해 주시겠습니까? 세부 정보를 제공해 주시면 고객님의 요구 사항에 맞는 완벽한 제품을 찾는 데 더욱 효과적으로 도움을 드릴 수 있습니다.
BIL,제가 주문하는 것을 도와주실 수 있나요?,주문,주문하기,물론이죠. 저는 고객님의 주문을 도와드리기 위해 왔습니다! 구매하고 싶은 상품 선택부터 결제 완료까지 전 과정을 안내해 드립니다. 고객님이 관심 있는 품목이 무엇인지 알려주시면 고객님의 주문 경험이 특별해질 수 있도록 하겠습니다. 저희는 고객님이 원하는 제품을 소유하기 위한 원활하고 즐거운 여정을 함께 보장할 것입니다.
BIMZ,아이템을 구입하는 방법은 무엇입니까?,주문,주문하기,일부 품목 구매에 관심을 가져주셔서 감사합니다! 원활하고 즐거운 구매 경험을 하실 수 있도록 과정을 안내해 드리겠습니다. 시작하려면 어떤 특정 품목을 구매하고 싶은지 알려주시겠어요? 이 정보는 고객님께 맞춤형 지원과 권장 사항을 제공하는 데 도움이 됩니다.
BLZ,어떻게 돈을 벌어야 할지 모르겠어요,주문,주문하기,무언가를 얻는 데 관심을 표현해 주셔서 감사합니다. 기꺼이 도와드리겠습니다! 고객님이 얻고자 하는 금액에 대해 좀 더 자세한 정보를 제공해 주실 수 있나요? 이렇게 하면 목표를 달성할 수 있는 최선의 방법을 안내할 수 있습니다.
BL,기사를 어떻게 얻을 수 있는지 모르겠습니다.,주문,주문하기,"기사 획득에 관심을 가져주셔서 감사합니다! 당사 서비스의 주요 초점은 구매할 수 있는 고품질 제품을 제공하는 것이지만 고객이 프로모션, 콘테스트 또는 로열티 프로그램을 통해 물품을 얻을 수 있는 다양한 기회도 제공합니다. 다가오는 수입 기회에 대한 최신 정보를 얻으려면 웹사이트를 확인하거나 뉴스레터를 구독하는 것이 좋습니다. 특정 질문이 있거나 추가 지원이 필요한 경우 알려주시면 기사를 얻는 과정을 안내해 드리겠습니다."
BILMQ,고객님 기사 몇 개는 어떻게 쇼핑할 수 있나요?,주문,주문하기,저희 기사 쇼핑에 관심을 가져주셔서 감사합니다! 이 과정을 도와드리게 되어 기쁘게 생각합니다. 몇 가지 기사를 구매하려면 다음과 같은 간단한 단계를 따르세요. 1. 당사 홈페이지 [회사 홈페이지 URL]을 방문하세요. 2. 당사의 기사 컬렉션을 탐색하고 구매하려는 기사를 선택하십시오. 3. 선택한 상품을 장바구니에 추가하세요. 4. 모든 상품 선택이 완료되면 결제를 진행하세요. 5. 필요한 배송 및 결제 정보를 입력하세요. 6. 주문 세부정보를 검토하여 모든 내용이 정확한지 확인하세요. 7. 주문을 하고 확인을 기다립니다. 도중에 어려움이 있거나 궁금한 점이 있으면 주저하지 말고 문의해 주세요. 저는 고객님을 도와드리고 고객님의 쇼핑 경험을 최대한 원활하고 즐겁게 만들기 위해 왔습니다. 즐거운 쇼핑하세요!
BILM,고객님의 제품 중 몇 가지를 구입하도록 도와주실 수 있나요?,주문,주문하기,"문의해 주셔서 감사합니다! 고객님이 당사 제품 중 일부를 구입하실 수 있도록 기꺼이 도와드리겠습니다. 저희 팀은 고객님께 원활하고 즐거운 경험을 제공하기 위해 최선을 다하고 있습니다. 우선, 어떤 특정 제품에 관심이 있는지 알려주시겠어요? 해당 정보가 있으면 절차를 안내하고 고객님이 현명한 결정을 내리는 데 필요한 모든 정보를 갖고 있는지 확인할 수 있습니다."
BIQ,아이템 구입처,주문,주문하기,저희 상품 구매처에 대해 문의해주셔서 감사합니다. 고객님이 우리 제품 구매에 관심을 가져주셔서 정말 기쁩니다! 당사 웹사이트에서 당사가 선택한 품목을 탐색하여 쉽게 구매할 수 있습니다. 원하는 품목을 찾으면 해당 품목을 클릭하여 자세한 내용을 확인하고 장바구니에 추가하세요. 여기에서 결제 페이지로 이동하여 안내에 따라 구매를 완료할 수 있습니다. 구매 과정에서 특정 질문이 있거나 추가 지원이 필요한 경우 언제든지 알려주시기 바랍니다.
BCLM,고객님의 아이템 중 일부를 구해야 합니다. 도와주세요.,주문,주문하기,"당사 품목 중 일부 구입에 관심을 가져주셔서 감사합니다! 구매에 도움을 드리게 되어 기쁘게 생각합니다. 시작하려면, 획득하려는 특정 아이템에 대한 자세한 내용을 알려주시겠습니까? 이렇게 하면 절차를 안내하고 원활하고 성공적인 쇼핑 경험을 보장하는 데 도움이 됩니다."
BILMQ,고객님의 제품 중 일부를 구입하는 것이 가능합니까?,주문,주문하기,저희 제품을 고려해 주셔서 감사합니다! 고객님이 원하는 제품을 구입하는 데 도움이 되어 기쁘게 생각합니다. 당사의 온라인 쇼핑 플랫폼은 다양한 제품을 검색하고 구매할 수 있는 편리하고 안전한 방법을 제공합니다. 저희 웹사이트를 방문하여 이용 가능한 다양한 카테고리와 옵션을 살펴보시기 바랍니다. 지침이 필요하거나 특정 요구 사항이 있는 경우 언제든지 저에게 문의하세요. 저희는 고객님이 원활한 쇼핑 경험을 갖고 고객님의 요구 사항을 충족하는 완벽한 제품을 찾을 수 있도록 함께 노력할 것입니다.
BL,쇼핑하는 데 도움이 필요해요,주문,주문하기,"저희는 고객님을 위해 여기 있습니다! 물건을 쇼핑하는 데 도움이 필요하다는 것을 알고 있으며 도와드리려고 왔습니다. 제품 유형, 특정 기능이나 요구 사항, 선호 사항 등 쇼핑하려는 제품에 대한 자세한 내용을 알려주십시오. 이 정보를 통해 고객님께 올바른 옵션을 안내하고 맞춤 추천을 제공해 드릴 수 있습니다. 고객님의 쇼핑 경험을 즐겁고 성공적으로 만들어 드립니다!"
BILM,여러 품목을 주문하는 것을 도와주실 수 있나요?,주문,주문하기,여러 품목을 주문하는 데 도움을 주신 고객님의 메시지에 감사드립니다. 원활하고 만족스러운 경험을 보장하기 위해 전체 절차를 안내해 드리겠습니다. 시작하려면 주문하려는 품목의 구체적인 세부정보를 알려주시겠습니까? 이렇게 하면 정확한 정보와 맞춤 추천을 제공하는 데 도움이 됩니다. 고객님이 갖고 있는 선호 사항이나 요구 사항을 자유롭게 공유해 주시면 고객님의 주문이 성공적으로 이루어지도록 함께 도와드리겠습니다.
BLM,제품을 좀 쇼핑해야 해요,주문,주문하기,일부 제품을 구매하겠다는 의사를 표명해 주셔서 감사합니다! 저는 이 과정을 도와드리고 원활한 쇼핑 경험을 보장하기 위해 왔습니다. 시작하려면 관심 있는 제품에 대한 자세한 내용을 알려주시겠습니까? 이렇게 하면 고객님의 요구 사항을 더 잘 이해하고 가장 적합한 옵션을 안내하는 데 도움이 됩니다. 고객님의 쇼핑 여정을 즐겁고 성공적인 것으로 만들어 드립니다!
BCILMPW,빌어먹을 물건을 좀 사야 하는데 도움을 좀 받을 수 있을까요?,주문,주문하기,물품 쇼핑에 대한 도움을 요청해 주셔서 감사합니다. 고객님의 요청이 어느 정도 긴급하다고 생각하며 고객님께 필요한 지원을 제공해 드리겠습니다. 관심 있는 특정 기사를 지정해 주시겠습니까? 해당 정보가 접수되면 절차를 안내해 드리며 원활한 쇼핑 경험을 제공해 드릴 수 있습니다.
BL,제품을 구매하려면 어떻게 해야 하는지 모르겠습니다.,주문,주문하기,문의해 주셔서 감사합니다! 제품을 구매하는 과정에서 확신이 없는 것은 충분히 이해할 수 있는 일입니다. 안심해 주세요. 저는 모든 단계를 안내하고 번거로움 없는 경험을 선사하기 위해 왔습니다. 시작하려면 어떤 특정 제품을 구매하고 싶은지 알려주시겠어요? 해당 정보가 확보되면 필요한 모든 세부정보를 제공하고 구매를 원활하게 완료할 수 있도록 도와드리겠습니다.
BILPQW,내가 빌어먹을 물건을 사는 걸 도와줄 수 있니?,주문,주문하기,당사 품목 구매에 관심을 가져주셔서 감사합니다! 저는 고객님께 필요한 도움을 제공하기 위해 여기에 있습니다. 구매하려는 특정 품목에 대한 이름이나 기타 관련 정보 등 세부 정보를 제공해 주시면 절차를 안내해 드리며 원활하고 만족스러운 쇼핑 경험을 하실 수 있도록 도와드리겠습니다.
BL,품목 쇼핑 지원,주문,주문하기,문의해 주셔서 감사합니다! 상품 쇼핑과 관련하여 도움이 필요하신 것으로 확인됩니다. 저는 고객님이 자신감 있게 구매하는 데 필요한 지침을 제공해 드리겠습니다. 관심 있는 항목에 대한 세부정보를 알려주시겠어요? 이렇게 하면 고객님의 요구 사항을 더 잘 이해하고 적합한 옵션을 제공하는 데 도움이 됩니다.
BL,기사 쇼핑에 도움을 받고 싶습니다.,주문,주문하기,"저는 고객님이 원하는 제품을 쇼핑하는 데 필요한 모든 지원을 제공해 드리겠습니다. 적합한 제품 찾기, 옵션 비교, 구매 등 모든 단계를 안내해 드립니다. 관심 있는 기사에 대해 더 구체적인 세부정보를 제공해 주시겠습니까? 고객님께 딱 맞는 사람을 찾는 데 도움이 되는 이름, 설명 또는 기타 정보가 될 수 있습니다. 흥미진진한 쇼핑 여행을 함께 시작해 보세요!"
BLMQZ,고객님의 아이템 중 일부를 획득하는 데 도움,주문,주문하기,일부 품목을 구입하는 데 도움을 요청해 주셔서 감사합니다! 저는 고객님이 성공적인 구매를 하는 데 필요한 지침과 지원을 제공해 드리겠습니다. 더 나은 지원을 위해 관심 있는 특정 항목에 대한 자세한 내용을 공유해 주시겠습니까? 이를 통해 인수 절차를 간소화하는 데 도움이 되는 맞춤형 권장 사항과 정보를 제공할 수 있습니다.
BLM,고객님의 기사 중 일부를 구매하려면 어떻게 해야 할지 모르겠습니다.,주문,주문하기,구매 과정에 대한 불확실성에 대해 문의해 주셔서 감사합니다. 때로는 부담스러울 수 있다는 점을 이해합니다. 하지만 걱정하지 마세요. 제가 고객님께 안내해 드릴 수 있으니 걱정하지 마세요. 먼저 어떤 특정 기사에 관심이 있는지 알려주시겠어요? 해당 정보가 확보되면 구매 방법에 대한 명확한 단계별 지침을 제공해 드릴 수 있습니다. 고객 만족이 저의 최우선 과제임을 기억하십시오. 저희는 함께 이 구매 경험을 원활하고 즐거운 여행으로 만들 것입니다.
BLMW,빌어먹을 상품을 얻으려면 어떻게 해야 하는지 모르겠습니다.,주문,주문하기,"상품 획득 방법에 대한 답답함과 혼란스러움이 느껴집니다. 안심하세요. 제가 도와드리겠습니다. 당사 플랫폼을 통해 제품을 얻으려면 로열티 프로그램에 참여하거나, 친구를 추천하거나, 특정 활동에 참여할 수 있습니다. 관심 있는 제품에 대한 자세한 내용과 알고 싶은 특정 기준이나 요구 사항을 알려주시겠습니까? 이렇게 하면 고객님의 특정 요구 사항에 맞게 지침을 맞춤화하여 성공적이고 보람 있는 경험을 보장하는 데 도움이 될 것입니다."
BLM,고객님의 기사 중 몇 가지를 얻을 수 있도록 도와주세요,주문,주문하기,"문의해 주셔서 감사합니다! 저는 고객님이 여러 기사를 얻을 수 있도록 돕기 위해 왔습니다. 우리 제품에 관심을 갖고 제품을 얻을 수 있는 방법을 모색하고 싶어하는 모습을 보니 반갑습니다. 이 목표를 달성할 수 있는 방법에 대한 몇 가지 정보를 제공하겠습니다. 저희는 추천 프로그램, 제휴 파트너십, 심지어 우리 기사의 리셀러가 되는 등 다양한 옵션을 제공합니다. 이러한 방법을 통해 여러 기사에 대한 커미션이나 할인을 받을 수 있습니다. 염두에 두고 있는 특정 도움말이나 수익 창출 옵션이 있는 경우 알려주시면 추가로 안내해 드리겠습니다. 저희는 함께 기사를 얻는 과정을 보람 있는 경험으로 만들 것입니다!"
BL,기사를 벌고 싶어요,주문,주문하기,"기사 획득에 관심을 가져주셔서 감사합니다! 열정적인 모습이 보기 좋습니다. 그러나 고객님의 메시지에 약간의 혼동이 있을 수 있다고 생각합니다. 수입은 일반적으로 노력이나 노력을 통해 무언가를 얻는 것을 의미하고, 주문은 제품이나 서비스를 구매하는 것을 의미합니다. 기사를 주문하려는 경우 기꺼이 도와드리겠습니다. 주문하고 싶은 특정 품목에 대한 자세한 내용을 알려주시겠습니까? 이렇게 하면 제가 과정을 안내하고 원활하고 보람찬 경험을 보장할 수 있습니다."
BILM,어떤 물건을 쇼핑하는 방법?,주문,주문하기,"저희 기사 쇼핑에 관심을 가져주셔서 감사합니다! 구매 과정에 도움을 드리게 되어 기쁘게 생각합니다. 시작하려면 당사 웹사이트를 방문하여 다양한 카테고리를 탐색하거나 검색창을 사용하여 특정 기사를 검색할 수 있습니다. 구매하고 싶은 제품을 찾은 후 해당 제품을 클릭하면 제품 설명, 가격, 구매 가능 여부 등 자세한 내용을 볼 수 있습니다. 장바구니에 물품을 추가하려면 ""장바구니에 추가"" 버튼을 클릭하기만 하면 됩니다. 주문할 준비가 되면 체크아웃 페이지로 이동하세요. 여기서 선택한 품목을 검토하고 배송 정보를 입력하고 원하는 결제 방법을 선택할 수 있습니다. 도중에 어려움이 있거나 궁금한 점이 있으면 언제든지 고객 지원팀에 문의하세요. 고객 지원팀에서 추가 지침과 지원을 제공해 드릴 수 있습니다. 즐거운 쇼핑하세요!"
BLMQ,고객님의 아이템을 얻을 수 있도록 도와주세요,주문,주문하기,"우리 아이템 획득에 관심을 가져주셔서 감사합니다! 저희 회사는 고객님과 같은 충성도 높은 고객을 소중히 여기며 고객님이 보상이나 할인을 받을 수 있는 다양한 방법을 제공합니다. 한 가지 옵션은 로열티 프로그램에 가입하는 것입니다. 이 프로그램에서는 구매할 때마다 포인트를 적립하고 향후 할인이나 무료 품목으로 교환할 수 있습니다. 또 다른 옵션은 친구나 가족에게 저희 매장을 추천하는 것입니다. 고객님의 고유 추천 코드를 사용하여 제품을 구매하면 고객님과 고객님의 추천인 모두 독점 보상을 받을 수 있습니다. 또한, 보너스 보상을 받을 수 있는 특별 프로모션이나 이벤트도 눈여겨보세요. 염두에 두고 있는 특정 항목이 있거나 수익 창출 기회에 대해 더 많은 정보를 원하시면 언제든지 알려주세요! 저희는 함께 아이템을 획득하는 데 최선의 노력을 다할 수 있도록 돕습니다."
B,구매는 어떻게 할 수 있는지 모르겠어요,주문,주문하기,"구매에 대한 불확실성을 솔직하게 표현해 주셔서 감사합니다. 걱정하지 마세요. 제가 모든 단계에서 도움을 드리기 위해 여기 있습니다! 구매는 간단하고 번거롭지 않은 과정입니다. 제가 안내해 드리겠습니다. 먼저, 구매하고 싶은 특정 품목이 무엇인지 알려주세요. 세부정보를 확보한 후 구매 방법에 대한 명확한 지침을 제공해 드리겠습니다. 저희는 함께 전체 과정에서 고객님이 자신감과 힘을 느낄 수 있도록 보장할 것입니다. 시작해 봅시다!"
BLM,일부 품목을 어떻게 쇼핑할 수 있는지 모르겠습니다.,주문,주문하기,언제나 연결이 좋아요! 상품 쇼핑 과정에 대해 확신이 없으신 점 잘 알고 있습니다. 걱정하지 마세요. 제가 도와드리겠습니다. 선택할 수 있는 광범위한 항목을 찾을 수 있는 웹사이트나 앱을 살펴보는 것부터 시작하겠습니다. 다양한 카테고리를 탐색하거나 검색창을 사용하여 특정 항목을 찾을 수 있습니다. 구매하려는 품목을 선택한 후 장바구니에 추가하고 결제 페이지로 이동할 수 있습니다. 결제 시 배송 세부 정보를 제공하고 결제 방법을 선택해야 합니다. 절차의 모든 단계에서 질문이 있거나 추가 지원이 필요한 경우 언제든지 저에게 연락해 주세요. 즐거운 쇼핑하세요!
BLMQ,고객님의 기사를 여러 개 구입할 수 있도록 도와주세요,주문,주문하기,여러 제품 구매에 관심을 가져주셔서 감사합니다! 안심해 주세요. 저는 모든 단계에서 고객님을 도와드릴 것입니다. 시작하려면 관심 있는 기사에 대한 자세한 내용을 알려주시겠어요? 이를 통해 고객님께 맞춤형 추천을 제공하고 구매 과정을 안내해 드릴 수 있습니다.
BLW,망할 제품을 얻는 데 도움,주문,주문하기,문의해 주셔서 감사합니다! 우리 제품을 얻으려는 고객님의 열정이 느껴지며 고객님의 목표 달성을 돕기 위해 왔습니다. 시작하려면 관심 있는 제품에 대한 자세한 내용을 알려주시겠습니까? 그러면 성공적으로 획득하는 과정을 안내하는 데 도움이 될 것입니다. 이것이 실현될 수 있도록 함께 노력합시다!
BQZ,주문하는 데 도움이 필요해요,주문,주문하기,"저는 고객님을 듣고! 주문하는 데 도움이 필요하다는 소식을 전해드리며, 절차를 진행하는 데 도움을 드리고자 합니다. 먼저 구입하려는 품목의 세부정보를 알려주시겠습니까? 해당 정보를 통해 단계별로 안내하고 성공적인 주문이 이루어지도록 도와드리겠습니다."
BL,돈을 벌기 위해 무엇을 해야 하는지 모르겠어요,주문,주문하기,우리와 함께 수익을 창출하는 데 관심을 가져주셔서 감사합니다! 올바른 지침을 제공하기 위해 어떤 유형의 보상이나 혜택을 얻고자 하는지 알려주시겠어요? 고객님의 구체적인 목표를 이해함으로써 이를 달성하는 방법에 대한 맞춤형 정보를 제공할 수 있습니다.
BCLMQZ,중소기업 기사를 구해야 해요 도와주세요,주문,주문하기,일부 기사를 구입하는 데 관심을 가져주셔서 감사합니다! 저는 고객님께 필요한 도움을 제공해 드리겠습니다. 절차를 시작하려면 구입하려는 특정 품목을 알려주시겠습니까? 해당 정보를 확보한 후 원활하고 번거로움 없이 구매할 수 있도록 단계를 안내해 드릴 수 있습니다.
BLM,여러 상품을 구매하려고 합니다,주문,주문하기,"문의해 주셔서 감사합니다! 여러 품목을 구매하려는 고객님의 열정은 전염성이 있으며, 이 흥미진진한 여정에 고객님과 함께 참여하게 되어 기쁩니다. 성공적인 구매에 도움이 되도록 관심 상품에 대한 자세한 정보를 제공해 주시면 감사하겠습니다. 이를 통해 더 나은 지원을 제공하고 원활한 쇼핑 경험을 보장할 수 있습니다. 여러 품목을 구매하는 과정이 즐겁고 보람찬 과정이 되도록 함께 노력합시다!"
BLMQZ,일부 아이템을 획득하는 데 도움이 필요합니다,주문,주문하기,일부 아이템 획득에 관심을 가져주셔서 감사합니다! 저는 고객님께 원활하고 보람있는 경험을 제공하는 데 필요한 지침을 제공해 드리겠습니다. 계속하려면 관심 있는 특정 항목에 대한 자세한 내용을 알려주시겠습니까? 고객님의 선호 사항을 명확하게 이해한 후에는 고객님께 가장 적합한 옵션을 찾는 데 도움을 드릴 수 있습니다.
BLM,고객님의 기사를 여러 개 구매해야 해요,주문,주문하기,여러 제품 구매를 고려해 주셔서 감사합니다! 저는 고객님의 구매가 최대한 원활하고 즐겁게 이루어지도록 도와드리기 위해 왔습니다. 시작하려면 관심 있는 특정 기사와 각 기사의 수량을 알려주십시오. 이 정보를 통해 필요한 모든 세부정보를 제공하고 절차를 단계별로 안내해 드릴 수 있습니다. 이 구매 경험을 쉽게 만들어 보세요!
BLM,여러 제품을 구매하려면 어떻게 해야 할지 모르겠습니다.,주문,주문하기,당사의 여러 제품 구매에 관심을 가져주셔서 감사합니다! 걱정하지 마세요. 제가 모든 단계에서 도움을 드리기 위해 여기 있습니다. 시작하려면 당사 웹사이트를 방문하여 당사의 다양한 제품을 탐색해 보십시오. 구매하려는 품목을 찾았으면 장바구니에 품목을 추가하고 결제 페이지로 이동하세요. 결제 시 배송 주소를 제공하고 원하는 결제 방법을 선택해야 합니다. 특정 질문이 있거나 절차 중에 추가 지침이 필요한 경우 언제든지 문의하세요. 즐거운 쇼핑하세요!
BLM,일부 품목을 주문하려면 어떻게 해야 하는지 모르겠습니다.,주문,주문하기,"품목 주문에 대한 도움을 위해 문의해 주셔서 감사합니다. 처음에는 그 과정이 낯설거나 부담스러워 보일 수 있다는 점을 이해합니다. 걱정하지 마세요. 단계별로 안내해 드리겠습니다. 시작하려면 당사 웹사이트를 방문하여 당사 제품 카탈로그를 찾아보십시오. 주문하려는 품목을 찾았으면 장바구니에 추가하거나 ""지금 구매"" 버튼을 클릭하세요. 진행 중 궁금한 점이나 어려운 점이 있으면 언제든지 문의해 주세요. 저희는 고객님의 주문 경험이 원활하고 즐거운지 확인하기 위해 왔습니다."
BLMZ,고객님의 제품 일부를 주문하는 데 도움을 주세요,주문,주문하기,문의해 주셔서 감사합니다! 저는 고객님이 당사 제품 중 일부를 주문할 때 지침이 필요하다는 점을 충분히 이해합니다. 걱정하지 마세요. 제가 모든 단계에서 도움을 드리기 위해 여기 있습니다. 원활한 주문 과정을 위해 관심 있는 특정 제품에 대한 자세한 정보를 제공해 주시겠습니까? 필요한 정보가 확보되면 성공적인 구매에 필요한 모든 지원을 제공해 드릴 수 있습니다.
BLMQZ,여러 제품을 구매하고 싶어요,주문,주문하기,여러 제품 구매에 관심을 가져주셔서 감사합니다! 저는 이 과정이 최대한 순조롭게 진행될 수 있도록 도와드리려고 왔습니다. 시작하려면 주문하려는 특정 제품에 대한 자세한 정보를 제공해 주시겠습니까? 이렇게 하면 다음 단계를 안내하고 긍정적인 쇼핑 경험을 누리는 데 도움이 됩니다.
BLMQZ,고객님의 기사 몇 개를 구입하는 데 도움이 필요해요,주문,주문하기,우리에게 전화를 걸어 여러 기사를 구입하는 데 도움을 요청해 주셔서 감사합니다. 저는 절차 전반에 걸쳐 고객님을 돕고 원활한 구매 경험을 보장하기 위해 왔습니다. 시작하려면 관심 있는 특정 기사에 대한 자세한 내용을 알려주시겠습니까? 이를 통해 저는 고객님께 정확한 정보를 제공하고 올바른 선택을 하도록 안내할 수 있습니다.
BCILM,여러 상품을 구매하고 싶은데 어떻게 해야 하나요?,주문,주문하기,"여러 상품 구매 의향을 표현해주셔서 감사합니다! 이 과정에 도움을 드리게 되어 기쁘게 생각합니다. 원활하고 편리한 쇼핑 경험을 위해서는 다음 단계를 따르세요. 1. 당사 웹사이트/카탈로그 탐색: 시간을 내어 당사의 다양한 제품을 탐색해 보십시오. 카테고리, 가격 범위 또는 찾고 있는 특정 기능을 기준으로 검색을 필터링할 수 있습니다. 2. 장바구니에 품목 추가: 구매하려는 품목을 찾은 후 각 제품 옆에 있는 ""장바구니에 추가"" 버튼을 클릭하기만 하면 됩니다. 그러면 가상 장바구니에 저장됩니다. 3. 장바구니 검토: 항목 선택을 마친 후 페이지 오른쪽 상단에 있는 장바구니 아이콘을 클릭하여 추가한 제품을 검토하세요. 여기서 수량을 수정하거나 필요한 경우 항목을 제거할 수 있습니다. 4. 결제 진행: 선택 사항에 만족하면 ""결제"" 버튼을 클릭하세요. 배송 세부 정보를 제공하고, 배송 방법을 선택하고, 주문 요약을 검토해야 하는 일련의 단계를 안내받게 됩니다. 5. 결제: 원하는 결제 수단(신용카드, 페이팔 등)을 선택하고 필수 정보를 입력하면 안전하게 거래가 완료됩니다. 6. 확인: 결제가 성공적으로 처리되면 구매 세부정보가 포함된 주문 확인 이메일을 받게 됩니다. 진행 중에 어려움이 있거나 추가 질문이 있는 경우 전화나 라이브 채팅을 통해 주저하지 말고 고객 지원팀에 문의하세요. 저희는 고객님의 쇼핑 경험을 즐겁고 번거롭지 않게 만들기 위해 왔습니다. 즐거운 쇼핑되세요!"
BLMQZ,고객님의 기사 일부를 주문할 수 있게 도와주세요,주문,주문하기,당사 제품 주문에 도움을 주신 메시지에 감사드립니다. 저는 고객님께 절차를 안내하고 가능한 한 원활하게 진행되도록 하려고 왔습니다. 먼저 관심 있는 특정 기사에 대한 자세한 내용을 제공해 주시겠습니까? 이는 당사가 고객님의 요구에 맞는 최상의 지원을 제공하는 데 도움이 될 것입니다. 알려주시면 주문을 시작하겠습니다!
BILMQ,일부 제품을 구매할 수 있나요?,주문,주문하기,"문의해주셔서 감사합니다! 우리 제품을 구매하는 것이 절대적으로 가능하다는 사실을 알려드리게 되어 기쁘게 생각합니다. 저희는 고객님이 선택할 수 있는 다양한 품목을 보유하고 있습니다. [기타정보] 또는 [기타정보]를 찾고 계시다면, 저희는 고객님께 필요한 것을 갖추고 있습니다. 당사의 사용자 친화적인 웹사이트와 전담 고객 서비스 팀은 고객님의 구매 경험을 원활하고 즐겁게 만들어 드릴 것입니다. 그러니 우리 컬렉션을 살펴보고 완벽한 제품을 찾아 자신있게 구매하세요. 저희는 모든 단계에서 고객님을 돕기 위해 여기 있습니다."
BILMZ,고객님의 기사에서 몇 가지를 얻으려면 어떻게 해야 합니까?,주문,주문하기,"우리 기사의 일부를 얻는 데 관심을 표명해 주셔서 감사합니다! 당사는 고객님이 당사 제품을 구입하는 데 도움이 되는 다양한 옵션을 제공합니다. 먼저, 컬렉션을 탐색하고 획득하려는 기사를 선택할 수 있습니다. 선택을 완료한 후, 적립 방법을 선택할 수 있는 체크아웃 절차를 진행하세요. 저희는 보상 프로그램 참여, 친구 추천, 특정 작업 완료 등 기사를 얻을 수 있는 다양한 기회를 제공합니다. 이러한 방법을 통해 고객님는 고객님이 선택한 물품에 사용할 수 있는 포인트나 보상을 축적할 수 있습니다. 추가 지침이 필요하거나 기사 획득에 대한 특정 질문이 있는 경우 당사의 전담 고객 서비스 팀이 고객님을 지원해 드립니다. 원하는 기사를 얻기 위한 이 흥미진진한 여정에서 우리가 어떻게 도움을 드릴 수 있는지 알려주세요!"
BILM,제가 기사를 구입하는 것을 도와주실 수 있나요?,주문,주문하기,기사 구매에 도움을 달라는 고객님의 메시지를 받았습니다. 저는 도움의 손길을 빌려주고 원활하고 즐거운 쇼핑 경험을 보장하기 위해 왔습니다. 관심 있는 특정 기사가 무엇인지 알려주시면 절차를 단계별로 안내해 드리겠습니다. 저희는 고객님이 완벽한 품목을 찾고 즐거운 쇼핑 여행을 즐길 수 있도록 함께 도와드리겠습니다.
BILM,여러 제품을 어디서 주문하나요?,주문,주문하기,여러 제품 주문과 관련해 도움을 받기 위해 문의해 주셔서 감사합니다. 관심을 가져주셔서 감사합니다! 주문하려면 당사 웹사이트 [웹사이트/메뉴]를 방문하세요. 다양한 상품을 구매하실 수 있습니다. 상품 카테고리로 이동하여 주문하려는 상품을 선택한 후 결제 페이지로 이동하세요. 도중에 어려움이 있거나 질문이 있는 경우 당사 고객 지원팀이 항상 도움을 드릴 준비가 되어 있습니다. [운영시간/기간]([고객센터전화번호]) 또는 당사 웹사이트의 라이브 채팅을 통해 이용 가능합니다. 저희는 고객님께 서비스를 제공하고 원활하고 즐거운 쇼핑 경험을 보장하기를 기대합니다. 즐거운 쇼핑하세요!
BCILMQ,고객님의 제품을 여러 개 구입하고 싶습니다. 어떻게 해야 합니까?,주문,주문하기,"당사의 여러 제품 구입에 관심을 가져주셔서 감사합니다! 이 과정을 도와드리게 되어 기쁘게 생각합니다. 우선, 어떤 특정 제품에 관심이 있는지 알려주시겠어요? 세부정보가 확인되면 주문 단계를 안내해 드릴 수 있습니다."
BCILMPQZ,고객님의 기사 중 일부를 주문하고 싶습니다. 어떻게 해야 할까요?,주문,주문하기,우리 기사 주문에 관심을 가져주셔서 감사합니다! 절차를 안내하고 원활한 경험을 보장하게 되어 기쁘게 생각합니다. 주문하려면 몇 가지 옵션이 있습니다. 당사 웹사이트를 방문하여 당사의 기사 컬렉션을 탐색할 수 있습니다. 구매하려는 제품을 찾았으면 장바구니에 추가하고 결제를 진행하세요. 또는 당사 고객 지원팀에 문의하시면 주문을 도와드릴 것입니다. [운영시간/기간]([고객센터전화번호]) 또는 당사 웹사이트([웹사이트/메뉴])의 라이브 채팅을 통해 연락하실 수 있습니다. 안심하세요. 저희는 고객님의 주문 과정을 최대한 편리하고 즐겁게 만들어드리기 위해 노력하고 있습니다. 시작해 봅시다!
BILMPWZ,혹시 빌어먹을 물건을 주문할 수 있을까요?,주문,주문하기,우리 기사 주문에 관심을 가져주셔서 감사합니다! 저는 고객님의 주문을 돕기 위해 왔습니다. 안심하세요. 다양한 품목을 구매할 수 있습니다. 고객님이 주문하려는 특정 품목에 대한 자세한 내용을 알려주시겠습니까? 이 정보를 통해 고객님께 더 나은 안내를 제공하고 원활하고 성공적인 구매 절차를 보장할 수 있습니다.
BLM,고객님의 아이템을 얻으려면 어떻게 해야 하는지 모르겠습니다.,주문,주문하기,"당사 품목 중 일부 구입에 관심을 가져주셔서 감사합니다! 처음에는 이 과정이 너무 부담스러울 수 있다는 점을 이해합니다. 하지만 걱정하지 마세요. 제가 이 과정을 안내해 드리겠습니다. 아이템을 획득하려면 다음과 같은 간단한 단계를 따르세요. 1. 당사 웹사이트/카탈로그를 탐색하여 관심 있는 품목을 찾으십시오. 2. 원하는 항목을 찾으면 제품 페이지를 클릭하여 자세한 내용을 확인하세요. 3. 제품 페이지에서 크기, 색상, 수량과 같은 옵션을 찾을 수 있습니다. 고객님의 선호도에 따라 적절한 옵션을 선택하십시오. 4. ""장바구니에 추가"" 또는 ""지금 구매"" 버튼을 클릭하여 품목을 장바구니에 추가하세요. 5. 장바구니를 검토하여 올바른 품목과 수량을 선택했는지 확인하세요. 6. 결제를 진행하고 배송지 주소, 결제 세부정보 등 필수 정보를 입력하세요. 7. 주문을 확인하면 모든 준비가 완료됩니다! 특정 질문이 있거나 절차 중에 추가 지원이 필요한 경우 주저하지 말고 문의하세요. 저희는 고객님의 획득 경험을 원활하고 즐겁게 만들기 위해 왔습니다. 즐거운 쇼핑하세요!"
BILMQZ,고객님 기사의 일부를 어디서 얻을 수 있나요?,주문,주문하기,"우리 기사 중 일부를 구입하는 데 관심을 가져주셔서 감사합니다! 고객님의 구매에 도움을 드리게 되어 기쁘게 생각합니다. 저희는 기사를 얻기 위한 다양한 옵션을 제공합니다. 당사 웹사이트 [웹사이트/메뉴]를 방문하여 온라인 매장을 탐색하고 주문할 수 있습니다. 또는 [주소/지역]에 위치한 실제 매장을 방문하여 직접 구매할 수도 있습니다. 저희의 친절한 직원은 고객님이 가질 수 있는 질문이나 제품 추천에 대해 기꺼이 도움을 드릴 것입니다. 따라서 온라인 쇼핑의 편리함을 선호하시든, 매장 방문 경험을 선호하시든, 저희가 도와드리겠습니다!"
BLM,고객님의 기사를 여러 개 주문하십시오,주문,주문하기,여러 기사를 주문하는 데 관심을 가져주셔서 감사합니다! 저희는 다양한 요구와 선호 사항을 충족하는 다양한 옵션을 보유하고 있습니다. 주문하는 데 도움이 되도록 관심 있는 특정 품목에 대한 자세한 내용을 알려주시겠습니까? 이를 통해 정확한 추천을 제공하고 주문 과정을 원활하게 안내할 수 있습니다.
BILMQ,고객님의 물건 중 일부를 주문하는 데 도움을 주실 수 있나요?,주문,주문하기,우리에게 주문하는 데 관심을 가져주셔서 감사합니다! 저는 고객님이 원하는 품목을 주문하는 데 있어 모든 단계에서 도움을 드리고 있습니다. 원활한 진행을 위해 주문하려는 특정 품목에 대한 자세한 내용을 알려주시겠습니까? 이 정보는 고객님의 구매 경험을 즐겁고 성공적으로 만들 수 있도록 개인화되고 정확한 지침을 제공하는 데 도움이 됩니다.
BLMZ,고객님의 품목 중 일부를 구입하는 데 도움이 필요합니다,주문,주문하기,당사 제품 중 일부 구매에 관심을 가져주셔서 감사합니다! 저는 모든 단계에서 고객님을 돕기 위해 여기 있습니다. 시작하려면 어떤 특정 품목을 구매하고 싶은지 알려주시겠어요? 세부 사항을 확보한 후에는 고객님이 번거롭지 않고 즐거운 구매를 할 수 있도록 필요한 모든 정보와 지원을 제공해 드리겠습니다.
BLZ,제품 구입에 도움을 받고 싶습니다,주문,주문하기,저희는 제품 구입에 도와드리겠습니다. 저는 모든 단계에서 고객님을 돕기 위해 여기 있습니다. 먼저 관심 있는 제품의 구체적인 세부정보를 제공해 주시겠습니까? 이를 통해 제가 고객님을 더욱 효과적으로 안내하고 최고의 조언과 옵션을 제공할 수 있을 것입니다.
BIL,내가 뭔가를 벌 수 있도록 도와주실 수 있나요?,주문,주문하기,우리 플랫폼을 통해 무언가를 얻는 데 관심을 가져 주셔서 감사합니다. 관심 있는 특정 제품이나 서비스가 있나요? 고객님의 선호도와 요구 사항을 이해함으로써 당사는 고객님께 적합한 옵션을 제공하고 고객님이 원하는 것을 획득하는 과정을 안내할 수 있습니다. 우리와의 경험이 보람있고 만족스러울 수 있도록 함께 노력합시다.
BL,주문을 도와주세요,주문,주문하기,메시지를 보내주셔서 감사드리며 주문에 도움을 요청하셨습니다. 저희는 고객님이 이 과정을 최대한 원활하고 쉽게 할 수 있도록 도와드리고 있습니다. 주문하고 싶은 품목의 세부정보를 알려주시겠어요? 필요한 정보가 확보되면 각 단계를 안내해 처음부터 끝까지 즐거운 경험을 보장해 드립니다. 고객님의 주문이 성공할 수 있도록 함께 노력합시다!
BCILP,구매하고 싶은데 도와주실 수 있나요?,주문,주문하기,문의해 주셔서 정말 감사합니다! 고객님의 구매를 도와드리게 되어 기쁘게 생각합니다. 구매하려는 고객님의 열의는 고객님이 관심 있는 품목을 획득하려는 적극적인 태도를 나타냅니다. 먼저 고객님이 구매하고 싶은 제품에 대한 세부 정보를 알려주시겠습니까? 이 정보를 받으면 절차를 안내해 드리고 원활하고 만족스러운 쇼핑 경험을 보장해 드리겠습니다.
BMZ,저는 고객님의 물건을 좀 사야 해요,주문,주문하기,당사 제품 중 일부 구매에 관심을 가져주셔서 감사합니다! 저는 전체 구매 과정 전반에 걸쳐 도움을 드리고 있습니다. 시작하려면 어떤 특정 품목을 구매하려는지 알 수 있나요? 세부 정보가 확보되면 필요한 모든 정보를 제공하고 원활하고 만족스러운 쇼핑 경험을 보장하기 위해 단계별로 안내해 드릴 수 있습니다.
BELM,어떤 상품을 얻으려면 어떻게 해야 할지 모르겠습니다.,주문,주문하기,저는 고객님이 제품을 획득하는 과정에 대해 확신이 없다는 사실을 알고 있습니다. 걱정하지 마세요. 제가 도와드리겠습니다! 당사 제품을 얻으려면 당사의 보상 프로그램에 참여하거나 특정 프로모션에 참여해야 합니다. 단계를 안내하고 원하는 제품을 얻을 수 있는 다양한 기회에 대해 설명하겠습니다. 저희는 함께 수익 창출 제품을 원활하고 보람 있는 경험으로 만들 것입니다.
BILM,기사를 어떻게 구입하나요?,주문,주문하기,"우리 제품 구매에 관심을 가져주셔서 감사합니다. 이 과정을 안내하기 위해 원하는 품목을 구매하는 방법에 대한 간단한 단계별 가이드를 제공하겠습니다. 1. 먼저 당사 웹사이트/카탈로그를 탐색하여 원하는 기사를 찾으십시오. 검색창을 사용하거나 다양한 카테고리를 탐색하여 다양한 기사를 탐색할 수 있습니다. 2. 구매하고 싶은 기사를 찾았으면 해당 기사를 클릭하여 세부정보를 확인하세요. 설명, 사양 및 사용 가능한 옵션(예: 크기, 색상)을 확인하여 요구 사항을 충족하는지 확인하세요. 3. 기사가 만족스러우면 ""장바구니에 추가"" 또는 ""지금 구매"" 버튼을 클릭하세요. 그러면 가상 장바구니에 상품이 추가되거나 결제 페이지로 바로 이동됩니다. 4. 결제 페이지에서 장바구니에 있는 품목을 검토하고 필요한 사항을 변경하거나 업데이트하세요. 가능한 경우 추가 서비스(예: 선물 포장, 보증 연장)를 선택할 수도 있습니다. 5. 배송지 주소, 연락처, 결제 방법 등 필수 정보를 입력하세요. 주문에 문제가 발생하지 않도록 정보의 정확성을 다시 한번 확인하세요. 6. 모든 내용을 확인한 후 '주문하기' 또는 '구매 완료' 버튼을 클릭하여 구매를 완료하세요. 선택한 결제 방법에 따라 결제 세부 정보를 입력하기 위해 보안 결제 게이트웨이로 리디렉션될 수 있습니다. 7. 주문이 성공적으로 완료되면 구매 세부정보가 포함된 주문 확인 이메일을 받게 됩니다. 고객님의 계정을 통해 또는 이메일에 제공된 추적 정보를 사용하여 주문 진행 상황을 추적할 수 있습니다. 진행 중에 어려움이 있거나 추가 질문이 있는 경우, 주저하지 마시고 고객 지원팀에 문의해 주세요. 당사 웹사이트의 라이브 채팅이나 전화([고객센터전화번호])를 통해 연중무휴 24시간 이용 가능합니다. 저희는 고객님의 쇼핑 경험을 최대한 원활하고 즐겁게 만들기 위해 왔습니다. 즐거운 쇼핑하세요!"
BCILM,"고객님의 기사 중 일부를 벌어야 하는데, 도와주실 수 있나요?",주문,주문하기,"문의해 주셔서 감사합니다! 우리 기사에 관심을 가져 주셔서 감사합니다. 명확히 하자면, ""수익 창출""이라는 말은 보상 프로그램이나 프로모션과 같은 특정 절차를 통해 당사 제품을 구매하거나 획득하는 것을 의미합니까? 고객님이 관심 있는 기사를 얻는 데 추가 도움을 드릴 수 있도록 자세한 내용을 제공해 주시기 바랍니다."
BIMQ,제가 물건을 사는 데 좀 도와주실 수 있나요?,주문,주문하기,문의해 주셔서 감사합니다! 원하시는 상품을 구매하실 수 있도록 제가 확실히 도와드릴 수 있습니다. 시작하려면 구매하려는 특정 품목에 대한 자세한 내용을 알려주시겠습니까? 그러면 제가 고객님께 절차를 안내하고 고객님의 쇼핑 경험이 원활하고 즐거운지 확인하는 데 도움이 될 것입니다.
BILMQZ,내가 물건을 어떻게 주문해?,주문,주문하기,당사 제품 주문에 관심을 가져주셔서 감사합니다! 저는 고객님께 그 과정을 안내하고 원활하게 진행되도록 하려고 왔습니다. 시작하려면 다음의 간단한 단계를 따라 주세요. 1. 당사 웹사이트/카탈로그를 탐색하여 주문하려는 품목을 찾으십시오. 2. 상품을 선택한 후 장바구니에 추가하세요. 3. 해당되는 경우 장바구니를 검토하여 수량과 크기가 정확한지 확인하세요. 4. 결제 페이지로 이동하여 배송지 주소와 결제 정보를 입력하세요. 5. 모든 세부 사항을 확인하고 주문을 확인하세요. 6. 주문 세부정보와 예상 배송일이 포함된 확인 이메일을 받게 됩니다. 진행 중에 어려움이 있거나 궁금한 점이 있으면 주저하지 말고 고객 지원팀에 문의하세요. [운영시간/기간]([고객센터전화번호]) 또는 당사 웹사이트([웹사이트/메뉴])의 라이브 채팅을 통해 연락하실 수 있습니다. 즐거운 쇼핑하세요!
BILQZ,제품을 어떻게 구입할 수 있나요?,주문,주문하기,당사 제품 구매에 관심을 가져주셔서 감사합니다! 저는 고객님께 절차를 안내하고 원활한 쇼핑 경험을 보장하기 위해 왔습니다. 시작하려면 어떤 특정 제품을 구매하고 싶은지 알려주시겠어요? 해당 정보를 바탕으로 주문하는 데 필요한 단계를 안내해 드릴 수 있습니다.
BELMQ,고객님의 아이템을 여러 개 얻으려면 어떻게 해야 할지 모르겠어요,주문,주문하기,당사의 여러 품목 구입에 관해 문의해 주셔서 감사합니다. 처음에는 그 과정이 부담스러워 보일 수도 있다는 점을 이해합니다. 하지만 걱정하지 마세요. 모든 단계에서 제가 도와드리겠습니다. 시작하려면 당사 웹사이트를 탐색하여 당사가 제공하는 다양한 품목을 살펴보는 것이 좋습니다. 구매하려는 품목을 선택한 후 장바구니에 추가하고 결제 페이지로 이동할 수 있습니다. 원활한 배송을 위해 정확한 배송정보와 결제정보를 기재해 주시는 것을 잊지 마세요. 절차 중에 어려움이 있거나 특정 질문이 있는 경우 언제든지 고객 지원팀에 문의하세요. 그들은 기꺼이 고객님께 더 많은 도움을 드릴 것입니다. 고객 만족이 저희의 최우선 과제이며 고객님의 구매 경험을 즐거운 경험으로 만들기 위해 최선을 다하고 있음을 기억하십시오.
BLM,여러 아이템을 획득하는 데 도움이 됩니다,주문,주문하기,다양한 아이템 획득에 관심을 가져주셔서 감사합니다! 저는 고객님께 그것들을 얻는 방법을 안내하기 위해 왔습니다. 시작하려면 관심 있는 특정 항목에 대한 자세한 내용을 제공해 주시겠습니까? 이를 통해 제가 고객님을 보다 효율적으로 지원하고 이를 획득할 수 있는 적절한 옵션을 제공할 수 있습니다. 원하는 아이템을 원활하게 획득할 수 있도록 함께 노력합시다.
BLMQ,여러 아이템을 획득하는 데 도움을 원합니다,주문,주문하기,여러 품목을 구입하는 데 도움이 필요하다고 연락해주셔서 다행입니다! 고객님의 쇼핑 여정에 도움을 드리게 되어 기쁘게 생각합니다. 원활하고 즐거운 경험을 보장하기 위해 관심 있는 특정 항목에 대한 세부정보를 제공해 주시겠습니까? 이를 통해 맞춤형 권장 사항을 제공하고 각 항목을 성공적으로 획득하는 과정을 안내할 수 있습니다. 저희는 고객님의 의견을 듣고 고객님의 쇼핑 경험이 진정으로 보람있는 경험이 될 수 있기를 기대합니다!
BILMQ,고객님의 품목 중 일부를 주문할 수 있나요,주문,주문하기,저희 상품 주문에 관심을 가져주셔서 감사합니다! 고객님의 열정에 감사드립니다. 일부 품목을 주문하는 것은 절대적으로 가능합니다. 시작하려면 어떤 특정 항목에 관심이 있는지 알려주시겠어요? 해당 정보가 접수되면 절차를 안내하고 주문을 완료하는 데 도움을 드릴 수 있습니다. 이것이 고객님께 즐거운 경험이 되도록 합시다!
BLMQZ,여러 가지 제품을 주문하세요,주문,주문하기,여러 제품 구매를 고려해 주셔서 감사합니다! 주문을 완료하고 원활한 경험을 하실 수 있도록 도와드리게 되어 기쁘게 생각합니다. 계속하려면 주문하려는 제품의 구체적인 세부정보를 알려주시겠어요? 필요한 정보가 확보되면 다음 단계를 안내하고 모든 것이 제대로 이루어졌는지 확인할 수 있습니다.
BLMQ,고객님의 기사를 여러 개 구입해야 합니다,주문,주문하기,여러 기사를 구매하겠다는 의사를 표명해 주셔서 감사합니다! 고객님께 필요한 항목을 찾는 데 도움을 드리게 되어 기쁘게 생각합니다. 시작하려면 관심 있는 특정 기사에 대한 자세한 내용을 제공해 주시겠습니까? 이를 통해 고객님께 올바른 제품을 안내하고 원활한 쇼핑 경험을 보장할 수 있습니다.
BLMQ,고객님 기사의 일부를 얻고 싶어요,주문,주문하기,우리 기사 중 일부를 구입하는 데 관심을 가져주셔서 감사합니다! 저희는 이 과정에서 고객님을 지원하고 고객님이 즐거운 경험을 할 수 있도록 하게 되어 기쁘게 생각합니다. 구매를 진행하려면 구매하려는 품목의 구체적인 세부정보를 제공해 주시기 바랍니다. 이를 통해 저희는 고객님께 단계를 안내하고 고객님의 요구 사항에 맞는 완벽한 품목을 찾을 수 있도록 도와드릴 수 있습니다. 원하는 기사를 찾는 여정을 함께 시작해 보세요!
BCLMW,빌어먹을 아이템을 얻고 싶은데 도움이 필요해요,주문,주문하기,당사로부터 일부 품목을 획득하는 데 관심을 보여주셔서 감사합니다. 저는 고객님이 이 일을 실현하는 데 필요한 도움을 제공해 드리겠습니다. 관심 있는 특정 항목에 대해 자세히 알려주실 수 있나요? 고객님의 요구 사항을 더 잘 이해함으로써 저는 고객님께 절차를 원활하게 안내하고 그것이 보람 있고 성취감을 느낄 수 있도록 보장할 수 있습니다.
BLMZ,일부 기사를 주문하는 데 도움이 필요합니다,주문,주문하기,물품 주문에 대한 도움을 위해 문의해 주셔서 감사합니다. 안심하세요. 저는 절차를 원활하고 수월하게 만드는 데 필요한 지침을 제공해 드리겠습니다. 시작하려면 관심 있는 특정 기사를 알려주시겠어요? 이 정보를 통해 고객님의 고유한 요구 사항에 맞게 지원을 맞춤화하고 성공적인 주문 경험을 보장할 수 있습니다.
BLM,고객님의 기사를 쇼핑하려면 어떻게 해야 할지 모르겠습니다.,주문,주문하기,"저희 기사 쇼핑에 관심을 가져주셔서 감사합니다! 저는 고객님께 절차를 안내하고 원활한 경험을 보장하기 위해 왔습니다. 시작하려면 따라야 할 단계를 살펴보겠습니다. 1. 당사 웹사이트/카탈로그를 탐색하여 당사가 제공하는 기사를 탐색하십시오. 당사 웹사이트는 쉽게 탐색할 수 있도록 설계되어 있어 특정 기사를 검색하거나 다양한 카테고리를 탐색할 수 있습니다. 2. 마음에 드는 상품을 찾으셨다면, 해당 상품을 클릭하시면 상품 상세 페이지를 보실 수 있습니다. 여기에서 설명, 기능, 가격, 가용성 등 기사에 대한 정보를 찾을 수 있습니다. 3. 기사에 만족하고 구매를 계속하려면 ""장바구니에 추가"" 또는 ""지금 구매"" 버튼을 클릭하세요. 그러면 상품이 장바구니에 추가되거나 구매 절차가 직접 시작됩니다. 4. 장바구니에 담긴 상품을 확인하고 결제 페이지로 이동하세요. 여기에서 배송 주소를 입력하고 원하는 결제 방법을 선택해야 합니다. 5. 배송지, 결제수단 등 주문내역을 확인하신 후 '주문하기' 버튼을 클릭하시면 구매가 완료됩니다. 6. 주문이 성공적으로 완료되면 구매 세부정보가 포함된 주문 확인서를 받게 됩니다. 고객님는 당사 웹사이트의 고객님의 계정을 통해 또는 당사 고객 지원팀에 연락하여 주문 상태를 추적할 수 있습니다. 더 궁금한 점이 있거나 당사 제품을 쇼핑하는 동안 어려움을 겪는다면 주저하지 말고 문의해 주세요. 저는 모든 단계에서 고객님을 돕기 위해 여기 있습니다!"
BK,구매 품목,주문,주문하기,상품 구매에 관심을 가져주셔서 감사합니다! 이 과정을 도와드리게 되어 기쁘게 생각합니다. 더 나은 안내를 위해 구매하려는 특정 품목에 대한 자세한 내용을 알려주시겠습니까? 이 정보는 고객님의 원활하고 만족스러운 쇼핑 경험을 보장하는 데 도움이 될 것입니다.
BLMQZ,그들이 고객님의 기사를 여러 개 구입하도록 도와주세요,주문,주문하기,우리로부터 여러 기사를 구입하는 데 관심을 가져주셔서 감사합니다. 저는 이 과정 전반에 걸쳐 고객님을 돕기 위해 여기 있습니다. 고객님의 요구 사항을 더 잘 이해할 수 있도록 구매하려는 특정 품목에 대한 자세한 내용을 제공해 주시겠습니까? 이 정보를 확보하시면 원활한 쇼핑 경험을 하실 수 있도록 안내해 드릴 수 있습니다.
BLMZ,고객님의 여러 제품을 구입하는 데 도움이 필요합니다,주문,주문하기,당사의 여러 제품 구입에 관심을 가져주셔서 감사합니다! 저는 고객님의 구매에 필요한 도움을 제공해 드리겠습니다. 더 나은 지원을 위해 관심 있는 특정 제품에 대한 자세한 정보를 제공해 주시겠습니까? 이를 통해 주문 과정을 안내하고 원활한 경험을 보장할 수 있습니다.
BILMZ,제가 몇 가지 품목을 주문하는 것을 도와주실 수 있나요?,주문,주문하기,"과연! 저는 고객님이 필요한 품목을 주문하는 데 도와드리겠습니다. 도움을 청하기로 결정하신 것은 정말 멋진 일입니다. 주문하려는 품목의 이름, 수량, 선호하는 사항 등 세부 정보를 알려주십시오. 이 정보를 통해 고객님의 원활하고 즐거운 주문 경험을 보장해 드리겠습니다. 시작해 봅시다!"
BLQZ,을 배치하는 데 도움이 필요합니다,주문,주문하기,연락해주셔서 감사합니다! 주문하는 데 도움이 필요하신 것으로 알고 있습니다. 저는 이 과정의 모든 단계에서 고객님을 도와드리기 위해 여기 있습니다. 주문하고 싶은 품목의 세부정보를 알려주시겠어요? 정보를 얻으면 주문 과정을 원활하게 안내하고 즐거운 경험을 하실 수 있도록 도와드리겠습니다.
BILM,기사를 어디서 주문할 수 있나요?,주문,주문하기,저희의 기사를 주문하는 데 관심을 표명해 주셔서 감사합니다! 고객님께서 편리한 주문 방법을 찾고 계시다는 점을 이해합니다. 저희는 고객님이 우리 웹사이트에서 직접 기사를 쉽게 주문할 수 있도록 만들었습니다. [웹사이트/메뉴]의 온라인 상점을 방문하여 다양한 기사를 찾아보세요. 구매하려는 품목을 찾았으면 장바구니에 추가하고 결제를 진행하세요. 질문이 있거나 도움이 필요한 경우 언제든지 당사 고객 서비스 팀이 절차 전반에 걸쳐 도움을 드릴 수 있습니다. 즐거운 쇼핑하세요!
BEL,기사를 구입하려면 어떻게 해야 할지 모르겠습니다.,주문,주문하기,언제나 연결이 좋아요! 고객님이 기사 구매와 관련된 단계에 대해 확신이 없다는 사실을 잘 알고 있습니다. 걱정하지 마세요. 제가 도와드리려고 왔습니다. 시작하려면 당사 웹사이트를 탐색하거나 매장을 방문하여 당사가 제공하는 다양한 제품을 살펴보세요. 마음에 드는 기사를 찾으면 해당 기사를 클릭하기만 하면 세부 정보와 옵션을 볼 수 있습니다. 여기에서 장바구니에 추가하거나 결제를 진행할 수 있습니다. 결제 과정에서 배송 및 결제 정보를 제공하라는 메시지가 표시됩니다. 이 단계를 완료하면 구매 확인 메시지를 받게 됩니다. 구체적인 질문이 있거나 추가 지원이 필요한 경우 언제든지 문의해 주세요. 즐거운 쇼핑하세요!
BILM,고객님의 기사를 여러 개 얻으려면 어떻게 해야 합니까?,주문,주문하기,여러 기사를 얻는 데 관심을 가져주셔서 감사합니다! 이 과정에서 도움을 드릴 수 있도록 필요한 안내를 제공해 드리겠습니다. 어떤 기사를 참고하셨는지 구체적으로 알려주실 수 있나요? 고객님의 선호도와 요구 사항을 이해함으로써 고객님이 원하는 물품을 구하는 방법에 대한 맞춤형 조언을 제공해 드릴 수 있습니다. 즐겁고 보람찬 쇼핑 경험이 될 수 있도록 함께 노력합시다!
BLM,저는 고객님의 제품을 여러 개 벌어야 해요,주문,주문하기,다양한 당사 제품 구입에 관심을 가져주셔서 감사합니다! 저희는 고객님이 선택할 수 있는 다양한 옵션을 제공합니다. 올바른 선택을 하는 데 도움이 되도록 고객님이 얻으려는 특정 제품에 대한 자세한 내용을 알려주시겠습니까? 이를 통해 가장 적합한 옵션을 추천하고 이를 획득하는 과정을 안내해 드릴 수 있습니다. 고객님의 요구 사항을 충족하고 보람 있는 경험을 보장하기 위해 함께 노력합시다.
BCILPQZ,쇼핑해야 하는데 도움이 될 만한 기사가 있어요,주문,주문하기,"문의해 주셔서 감사합니다! 저는 고객님이 필요한 물건을 쇼핑하는 데 도움을 주기 위해 왔습니다. 저는 고객님의 긴급성과 지도에 대한 열망을 이해하며, 이 과정을 통해 고객님을 도와드리게 되어 기쁩니다. 구입하고 싶은 품목에 대한 자세한 내용을 알려주시겠어요? 이를 통해 저는 고객님께 최고의 옵션을 제공하고 원활한 쇼핑 경험을 보장할 수 있습니다."
BL,아이템을 획득하다,주문,주문하기,"당사로부터 제품 구입에 관심을 가져주셔서 감사합니다! 이 과정에서 고객님을 도와드리고 원활한 쇼핑 경험을 보장하게 되어 기쁩니다. 먼저, 구입하려는 항목에 대한 자세한 내용을 알려주시겠습니까? 이는 주문을 하고 고객님의 필요와 선호도에 맞는 완벽한 품목을 찾는 단계를 안내하는 데 도움이 될 것입니다."
BL,뭔가를 얻으려면 어떻게 해야 할지 모르겠어요,주문,주문하기,"고객님의 문의와 당사로부터 무언가를 얻고자 하는 고객님의 열망에 감사드립니다. 제가 이 과정을 안내하기 위해 여기 있다는 것을 확신시켜 드리겠습니다. 먼저, 찾고 있는 내용에 대한 몇 가지 추가 정보를 갖고 있으면 도움이 될 것입니다. 관심 있는 특정 항목이나 카테고리를 알려주시겠어요? 이 정보를 통해 정보 획득 방법에 대한 맞춤형 지원을 제공해 드릴 수 있습니다."
BIL,제품을 쇼핑하는 방법?,주문,주문하기,우리 제품 쇼핑에 관심을 가져주셔서 감사합니다! 구매하려면 다음 단계를 따르세요. 1. 당사 웹사이트나 앱을 탐색하여 당사의 다양한 제품을 탐색하십시오. 2. 구매하고 싶은 상품을 선택하고 장바구니에 담으세요. 3. 장바구니를 검토하여 올바른 제품과 수량이 있는지 확인하세요. 4. 결제를 진행하고 배송 및 결제 정보를 입력하세요. 5. 주문 내용을 확인하시면 구매가 완료됩니다. 쇼핑 과정에서 특정 질문이 있거나 도움이 필요하면 언제든지 문의하세요. 저희는 고객님의 쇼핑 경험을 원활하고 즐겁게 만들기 위해 왔습니다!
BLMQ,고객님의 물건 중 일부를 구매하는 데 도움이 필요해요,주문,주문하기,일부 품목 구매에 도움을 줄 수 있도록 전화를 걸어주셔서 감사합니다. 저는 성공적인 구매를 위해 필요한 지침을 제공해 드리겠습니다. 우선 관심 있는 특정 항목이 무엇인지 알려주시겠습니까? 해당 정보가 확보되면 구매 절차를 도와드릴 수 있습니다.
BCILM,기사를 좀 벌어야 하는데 어떻게 해야 하나요?,주문,주문하기,우리 기사 구입에 관심을 가져주셔서 감사합니다! 과정을 안내하게 되어 기쁘게 생각합니다. 저희는 다양한 기사를 탐색하고 눈에 띄는 기사를 선택할 수 있는 편리한 주문 시스템을 갖추고 있습니다. 당사 웹사이트나 모바일 앱을 방문하여 카탈로그를 탐색하고 원하는 품목을 장바구니에 추가하기만 하면 됩니다. 계속할 준비가 되면 지침에 따라 구매를 완료하세요. 질문이 있거나 추가 지원이 필요한 경우 언제든지 고객 지원팀에 문의해 주세요. 기꺼이 도와드리겠습니다. 즐거운 쇼핑하세요!
BEL,제품을 구입하려면 어떻게 해야 할지 모르겠습니다.,주문,주문하기,문의해 주셔서 감사합니다. 제품을 구입하는 과정에 대해 확신이 없으실 수도 있다는 점을 이해합니다. 걱정하지 마세요. 저는 고객님께 필요한 지침을 제공해 드리겠습니다. 제품을 구입하려면 당사 웹사이트를 탐색하거나 당사 매장 중 한 곳을 방문하여 시작할 수 있습니다. 관심 있는 제품을 찾으면 장바구니에 추가하거나 바로 결제를 진행할 수 있습니다. 특정 요구 사항이나 질문이 있는 경우 언제든지 저에게 알려주십시오. 완벽한 제품을 구입하는 과정에서 기꺼이 도와드리겠습니다.
BLM,고객님의 상품 중 일부를 구매하려고 합니다.,주문,주문하기,문의해 주셔서 감사합니다! 우리 제품을 구매하기 위해 노력해 주셔서 감사합니다. 구매에 도움이 되도록 관심 있는 특정 품목에 대한 추가 정보를 제공해 주시겠습니까? 이를 통해 제가 고객님께 절차를 안내하고 원활한 쇼핑 경험을 보장할 수 있습니다.
BILM,여러 제품은 어디서 구매하나요?,주문,주문하기,여러 제품 구매처에 대해 문의해주셔서 감사합니다. 저희는 고객님이 구매할 수 있는 다양한 옵션을 제공합니다. 공식 웹사이트 [웹사이트/메뉴]를 방문하여 광범위한 제품 카탈로그를 탐색할 수 있습니다. 또한 당사 제품은 주요 도시에 위치한 당사 소매점에서 구입할 수 있습니다. 보다 개인화된 쇼핑 경험을 원하시면 당사 고객 서비스 팀이 고객님의 위치에서 가장 가까운 매장을 찾는 데 도움을 드릴 수 있습니다. 고객님의 위치 정보를 알려주시면 자세히 안내해 드리겠습니다.
BLM,고객님의 아이템을 몇 개 얻으려면 어떻게 해야 하는지 모르겠습니다.,주문,주문하기,"몇 가지 아이템 획득에 관심을 가져주셔서 감사합니다! 저는 고객님께 그 과정을 안내하고, 어떻게 수익을 얻을 수 있는지 이해하도록 돕기 위해 왔습니다. 로열티 프로그램, 추천, 특별 프로모션 참여 등 아이템 획득을 위한 다양한 옵션이 있습니다. 관심 있는 특정 항목에 대한 자세한 내용을 알려주시면 해당 항목을 획득할 수 있는 방법에 대한 자세한 정보를 기꺼이 제공해 드리겠습니다."
BLM,여러 제품을 획득하다,주문,주문하기,"당사의 여러 제품 구입에 관심을 가져주셔서 감사합니다! 고객님의 비즈니스에 감사드립니다. 여러 품목을 주문하려면 다음과 같은 간단한 단계를 따르세요. 1. 당사 웹사이트/카탈로그를 검색하여 구매하고 싶은 제품을 찾으세요. 검색창을 사용하거나 다양한 카테고리를 탐색하여 다양한 제품을 탐색할 수 있습니다. 2. 구매하려는 제품을 찾은 후 장바구니에 추가하세요. 필요에 따라 각 항목의 수량을 조정할 수 있습니다. 3. 결제 페이지로 이동합니다. 여기에 주소, 연락처 등 배송 정보를 입력해야 합니다. 배송 문제를 방지하려면 모든 정보가 정확한지 확인하세요. 4. 원하는 결제 방법을 선택하세요. 신용/직불 카드, PayPal, 은행 송금 등 다양한 결제 옵션을 사용할 수 있습니다. 고객님께 가장 적합한 것을 선택하십시오. 5. 주문 요약을 검토하여 제품, 수량, 총 비용을 다시 확인하세요. 모든 것이 양호하면 주문을 확인하세요. 6. 주문이 처리되는 동안 편안히 앉아 휴식을 취하세요. 예상 배송일을 포함하여 구매에 대한 모든 세부정보가 포함된 확인 이메일을 받게 됩니다. 질문이 있거나 추가 지원이 필요한 경우 언제든지 고객 지원팀에 문의하세요. 저희는 고객님의 쇼핑 경험이 원활하고 즐겁도록 돕기 위해 왔습니다. 즐거운 쇼핑하세요!"
BLM,고객님의 기사 중 일부를 어떻게 주문할 수 있는지 모르겠습니다.,주문,주문하기,"저는 고객님의 메시지를 통해 고객님이 당사 제품 주문 과정에 대해 확신을 갖고 있지 않다는 것을 추론했습니다. 걱정하지 마세요. 단계별로 안내해 드리겠습니다. 가장 먼저 해야 할 일은 저희 웹사이트를 방문하여 저희 컬렉션을 살펴보는 것입니다. 원하시는 상품을 찾으셨다면, 해당 상품을 클릭하시면 상품 상세정보를 보실 수 있습니다. 구매 절차를 시작하기 위해 클릭할 수 있는 ""장바구니에 추가"" 또는 ""지금 구매"" 버튼이 있어야 합니다. 구체적인 질문이 있거나 추가 지원이 필요한 경우 언제든지 문의해 주세요. 저희는 고객님이 원활하고 성공적인 주문 경험을 할 수 있도록 함께 노력할 것입니다."
BCLQZ,나 뭔가를 얻어야 하는데 도움이 필요해,주문,주문하기,"무언가를 얻고자 하는 고객님의 열의에 감사드립니다! 안심해 주세요. 저는 고객님께 필요한 도움을 제공해 드리겠습니다. 원활하고 즐거운 구매 과정을 보장하기 위해 구입하려는 제품에 대한 자세한 내용을 알려주시겠습니까? 이렇게 하면 고객님을 효과적으로 안내하고 고객님이 가질 수 있는 질문이나 우려 사항을 해결하는 데 도움이 될 것입니다. 함께, 저희는 고객님이 필요한 것을 정확히 얻을 수 있도록 보장할 것입니다!"
BLM,고객님의 제품을 구입하는 데 도움이 필요합니다,주문,주문하기,당사 제품 구매에 관심을 가져주셔서 진심으로 감사드립니다! 열정적인 모습이 참 보기 좋습니다. 완벽한 품목을 찾을 수 있도록 최선을 다해 도와드리겠습니다. 관심 있는 특정 제품에 대한 자세한 내용을 알려주시겠습니까? 이를 통해 저는 고객님께 구매 과정을 효율적으로 안내하고 고객님이 우리와 함께 만족스러운 경험을 할 수 있도록 할 것입니다.
BLMQ,고객님의 물건을 몇 개 주문해야 해요,주문,주문하기,"몇 가지 품목을 주문하는 데 관심을 가져주셔서 감사합니다! 이를 실현하는 데 도움을 드리게 되어 기쁘게 생각합니다. 주문을 진행하려면 구매하려는 품목의 이름, 수량, 기타 관련 정보 등 구체적인 세부정보를 알려주시기 바랍니다. 이 정보를 바탕으로 주문 과정을 원활하게 안내하고 원활하고 즐거운 경험을 하실 수 있도록 도와드리겠습니다. 시작해 봅시다!"
BILM,고객님의 기사 중 몇 가지를 얻을 수 있도록 도와주실 수 있나요?,주문,주문하기,여러 기사를 얻는 데 관심을 가져주셔서 감사합니다! 저희는 주로 판매용 제품을 제공하는 데 중점을 두고 있지만 고객님이 보상이나 할인을 받을 수 있는 몇 가지 기회도 있습니다. 더 나은 지원을 위해 기사를 얻는 방법에 대한 자세한 내용을 제공해 주시겠습니까? 이는 고객님의 특정 요구 사항과 선호 사항에 맞게 지침을 맞춤화하는 데 도움이 될 것입니다.
BLQ,저는 물건을 사려고 해,주문,주문하기,우리 기사 중 하나를 구매해 주셔서 감사합니다! 정말 신난다! 이 과정을 원활하게 진행하기 위해 필요한 단계를 안내해 드리겠습니다. 관심 있는 기사의 구체적인 세부정보를 알려주실 수 있나요? 해당 정보가 확보되면 성공적인 구매를 보장하는 데 필요한 모든 지원을 제공할 수 있습니다.
BLM,고객님의 제품 몇 개를 주문하는 데 도움이 필요합니다,주문,주문하기,문의해 주셔서 정말 감사합니다! 고객님의 당사 제품 주문에 도움을 드리게 되어 기쁘게 생각합니다. 저희의 최우선 과제는 고객님이 원활하고 즐거운 쇼핑 경험을 누릴 수 있도록 하는 것입니다. 관심 있는 상품의 세부정보를 알려주시면 상품 선택부터 주문 완료까지 전 과정을 안내해 드립니다. 꼭 필요한 것을 정확하게 얻을 수 있도록 함께 노력합시다!
BILQZ,내가 물건을 사는 것을 도와줄 수 있나요?,주문,주문하기,문의해 주셔서 감사합니다! 고객님이 관심 있는 품목을 구매할 수 있도록 최선을 다해 도와드리겠습니다. 최선의 안내를 제공하기 위해 고객님이 구매하려는 특정 품목에 대해 더 자세한 정보를 제공해 주시겠습니까? 해당 정보가 확보되면 원활하고 만족스러운 쇼핑 경험을 보장해 드리겠습니다.
BL,물품 구입에 도움이 필요합니다,주문,주문하기,문의해 주셔서 감사합니다! 저는 고객님이 물품을 구매하는 데 필요한 모든 지원을 제공해 드리겠습니다. 저희 팀은 고객님께 원활하고 즐거운 쇼핑 경험을 보장하기 위해 최선을 다하고 있습니다. 더 나은 지원을 위해 관심 있는 특정 기사에 대한 추가 정보를 제공해 주시겠습니까? 이는 우리가 절차를 안내하고 고객님의 요구 사항에 가장 적합한 것을 찾는 데 도움이 될 것입니다.
BEM,일부 품목을 구입하려면 어떻게 해야 할지 모르겠습니다.,주문,주문하기,"연락해주셔서 감사합니다! 고객님께서 당사 제품을 구매하는 과정에 대해 생소하실 수 있다는 점을 이해하고 이에 대한 안내를 드리고자 합니다. 우선 구매를 위해 수행해야 할 단계를 자세히 살펴보겠습니다. 1. 온라인 카탈로그 탐색: 당사 웹사이트를 방문하여 당사가 제공하는 다양한 품목을 탐색하십시오. 카테고리, 가격 또는 특정 요구 사항을 기준으로 검색을 필터링할 수 있습니다. 2. 원하는 품목을 선택하세요. 구매하려는 품목을 찾았으면 해당 품목을 클릭하면 사양, 기능, 가격 등 자세한 제품 정보를 볼 수 있습니다. 시간을 내어 읽고 비교하여 정보에 근거한 결정을 내리십시오. 3. 장바구니에 품목 추가: 선택을 완료한 후 ""장바구니에 추가"" 버튼을 클릭하여 가상 장바구니에 품목을 넣으세요. 계속해서 더 많은 항목을 찾아보거나 다음 단계로 진행할 수 있습니다. 4. 장바구니 검토: 장바구니로 이동하여 구매하려는 모든 품목이 올바르게 나열되어 있는지 확인하세요. 이 단계에서 수량을 조정하거나 원하지 않는 항목을 제거할 수 있습니다. 5. 결제 진행: 장바구니에 담긴 품목이 만족스러우면 ""결제"" 버튼을 클릭하여 계속 진행하세요. 계정을 생성하고, 연락처 및 배송 정보를 제공하고, 선호하는 결제 방법을 선택해야 할 수도 있습니다. 6. 결제 완료: 안내에 따라 안전하게 결제를 완료하세요. 신용카드, PayPal, 은행 송금 등 다양한 결제 옵션을 사용할 수 있습니다. 결제가 성공적으로 처리되면 결제 확인 메시지를 받게 됩니다. 7. 주문 추적: 구매가 확인되면 모든 세부정보가 포함된 주문 확인 이메일을 받게 됩니다. 당사 웹사이트의 계정을 통해 주문 상태를 추적하거나 도움이 필요한 경우 당사 고객 지원팀에 문의하실 수 있습니다. 그게 다야! 이 단계는 고객님이 품목 구매 과정을 탐색하는 데 도움이 될 것입니다. 추가 질문이 있거나 도움이 필요하시면 언제든지 저에게 연락해 주세요. 즐거운 쇼핑하세요!"
BCILMQZ,기사를 좀 구하지 못했는데 도움을 좀 받을 수 있을까요?,주문,주문하기,문의해 주셔서 감사합니다! 일부 기사를 구입하려는 고객님의 열정이 느껴지며 기꺼이 도와드리겠습니다. 😊 고객님의 요구 사항을 더 잘 이해할 수 있도록 고객님이 구입하고 싶은 특정 품목에 대한 자세한 내용을 제공해 주시겠습니까? 그러면 제가 절차를 안내하고 고객님의 쇼핑 경험이 원활하고 즐거운지 확인하는 데 도움이 될 것입니다.
BMQ,고객님의 물건을 몇 개 사야 해요,주문,주문하기,몇 가지 품목을 구매해야 한다고 말씀해 주셔서 감사합니다! 이 과정에서 도움을 드리고 원활하고 만족스러운 경험이 될 수 있도록 하게 되어 기쁩니다. 시작하려면 관심 있는 특정 항목에 대한 자세한 정보를 제공해 주시겠습니까? 고객님의 선호 사항과 요구 사항을 이해함으로써 고객님께 적합한 제품을 안내하고 구매 중에 필요할 수 있는 추가 지원을 제공할 수 있습니다. 성공적인 쇼핑 여행을 함께 만들어 보세요!
BLM,여러 품목을 구매하는 데 도움이 됩니다.,주문,주문하기,당사의 여러 품목 구매에 관심을 가져주셔서 감사합니다! 저는 주문을 하는 모든 단계에서 고객님을 돕기 위해 여기 있습니다. 원활한 경험을 보장하기 위해 구매하려는 특정 품목에 대한 자세한 내용을 알려주시겠습니까? 해당 정보가 확보되면 절차를 안내해 드리고 최대한 순조롭고 보람 있는 구매가 이루어지도록 도와드릴 수 있습니다.
BILMQ,제가 여러 가지 물건을 구입하는 것을 도와주실 수 있나요?,주문,주문하기,여러 상품 구매 의향을 표현해주셔서 감사합니다! 이 과정에서 고객님을 도와드리고 원활한 쇼핑 경험을 보장하게 되어 기쁩니다. 시작하려면 구입하려는 품목에 대한 자세한 내용을 알려주시겠습니까? 이렇게 하면 필요한 단계를 안내하고 고객님의 요구 사항에 맞는 완벽한 품목을 찾을 수 있도록 도와줄 것입니다. 함께 쇼핑 여행을 떠나보세요!
BCILM,고객님의 기사 중 일부를 쇼핑해야 하는데 어떻게 해야 합니까?,주문,주문하기,고객님의 쇼핑 요구에 맞는 기사를 고려해 주셔서 감사합니다! 저는 고객님께 필요한 도움을 제공하기 위해 여기에 있습니다. 기사 쇼핑을 시작하려면 당사 웹사이트를 방문하여 다양한 제품을 찾아볼 수 있습니다. 관심 있는 기사를 찾으면 장바구니에 추가하기만 하면 됩니다. 특정 질문이 있거나 주문 과정에 도움이 필요하면 언제든지 문의하세요. 기꺼이 단계를 안내해 드리겠습니다. 고객님의 쇼핑 경험을 원활하고 즐겁게 만들어 드립니다!
BILM,고객님의 기사를 어디서 구입할 수 있나요?,주문,주문하기,우리 기사의 일부 구매에 관심을 가져주셔서 감사합니다! 고객님이 구매하기에 적합한 장소를 찾는 데 도움을 드릴 수 있습니다. 최고의 정보를 제공하기 위해 구매하려는 특정 품목을 알려주시겠습니까? 자세한 내용을 확인하면 해당 제품을 구입할 수 있는 적절한 위치를 안내해 드릴 수 있습니다.
BLM,저는 고객님의 품목을 여러 개 구입해야 합니다,주문,주문하기,여러 품목을 구매하고 싶다는 의사를 표명해 주셔서 감사합니다! 고객님의 주문에 도움을 드리게 되어 기쁘게 생각합니다. 원활한 구매 과정을 보장하기 위해 구매하려는 특정 품목에 대한 자세한 정보를 알려주시겠습니까? 정보가 확보되면 고객님의 주문을 성공적으로 완료할 수 있도록 추가로 도움을 드릴 수 있습니다.
BLMZ,고객님의 제품을 여러 개 구입할 수 있는 방법을 모르겠습니다.,주문,주문하기,"당사 제품을 여러 개 구매하는 것이 때때로 부담스러울 수 있지만 걱정하지 마십시오. 제가 여기에서 그 과정을 안내해 드리겠습니다. 구매 방법과 원활한 경험을 보장하는 방법에 대한 단계별 지침을 제공해 드리겠습니다. 먼저 당사 웹사이트를 탐색하여 관심 있는 제품을 찾으십시오. 선택을 마친 후 해당 제품을 장바구니에 추가하십시오. 결제 페이지에서 배송 주소, 결제 정보 등 필요한 세부정보를 입력하세요. 마지막으로 주문을 검토하고 구매를 확인하세요. 도중에 어려움이 있거나 당사 제품, 가격, 기타 세부 사항에 대해 궁금한 점이 있으면 주저하지 말고 문의해 주세요. 저는 모든 단계에서 고객님을 지원하고 고객님이 절차 전반에 걸쳐 자신감을 갖고 정보를 얻을 수 있도록 돕기 위해 여기 있습니다."
BLMQ,고객님의 제품 중 일부를 구입하는 데 도움이 필요합니다,주문,주문하기,일부 제품 구입에 대한 도움 요청에 감사드립니다. 고객님의 관심을 보니 매우 기쁩니다. 저는 고객님께 필요한 모든 지침을 제공해 드리겠습니다. 더 나은 지원을 위해 구입하고 싶은 제품을 지정해 주시겠습니까? 세부 정보를 제공해 주시면 원활하고 보람있는 구매 경험을 보장해 드리겠습니다.
BIL,물건을 어디서 쇼핑하나요?,주문,주문하기,무슨 말인지 알겠습니다! 저는 고객님이 특정 품목을 어디에서 쇼핑해야 하는지에 대한 안내를 찾고 있는 것과 같은 페이지에 있습니다. 저는 고객님을 돕기 위해 여기 있습니다. 관심 있는 항목에 대한 자세한 내용을 알려주실 수 있나요? 고객님이 찾고 있는 특정 제품을 알고 있으면 구매에 가장 적합한 위치를 찾는 데 도움을 드릴 수 있습니다.
BMQ,고객님의 물건을 몇 개 사려고 해요,주문,주문하기,저희 상품 구매를 고려해 주셔서 감사합니다! 저는 고객님이 원하는 품목을 구매하는 과정을 도와 원활하고 만족스러운 경험을 보장하기 위해 왔습니다. 우선 관심 있는 특정 항목에 대한 추가 정보를 제공해 주시겠습니까? 이렇게 하면 관련 세부정보와 지원을 안내하는 데 도움이 됩니다. 이 구매 여정을 즐겁고 보람있게 함께 만들어 갑시다!
BCILM,일부 제품을 구입해야 하는데 도움을 받을 수 있나요?,주문,주문하기,당사 제품 구입에 대한 필요성을 문의해 주셔서 감사합니다. 저는 고객님이 성공적인 구매를 하는 데 필요한 도움을 제공해 드리겠습니다. 더 나은 도움을 드릴 수 있도록 관심 있는 특정 제품을 알려주시겠습니까? 세부정보를 제공해 주시면 절차를 안내해 드리고 원활한 쇼핑 경험을 보장해 드리겠습니다.
BLMQ,고객님의 기사를 여러 개 주문하는 방법을 모르겠어요,주문,주문하기,"걱정 마세요! 저는 여러 기사를 주문하는 데 도움을 드리고자 왔습니다. 시작하려면 절차를 단계별로 분석해 보겠습니다. 먼저 당사 웹사이트를 탐색하여 관심 있는 기사를 찾아야 합니다. 선택한 후에 해당 기사를 장바구니에 추가할 수 있습니다. 그런 다음 배송 주소와 결제 세부정보를 입력하는 결제 페이지로 이동하세요. 마지막으로 주문 내용을 검토하고 ""주문하기"" 버튼을 클릭하여 구매를 완료하세요. 언제든지 추가 지원이 필요하면 언제든지 문의하세요. 함께 쇼핑 여행을 떠나보세요!"
BLMQ,여러 물품을 구입하는 데 도움이 필요합니다,주문,주문하기,여러 기사를 구입하는 데 도움이 필요하다는 메시지를 보내주셔서 기쁘게 생각합니다. 기꺼이 도와드리겠습니다! 원활하고 원활한 절차를 보장하기 위해 관심 있는 기사에 대한 자세한 내용을 제공해 주시겠습니까? 이를 통해 저는 고객님께 적절하게 안내하고 고객님의 인수를 성공적으로 완료하는 데 필요한 정보를 제공할 수 있습니다.
BILMQ,여러 아이템을 얻을 수 있는 곳,주문,주문하기,여러 아이템 구매에 관심을 가져주셔서 감사합니다. 고객님이 구매할 수 있는 완벽한 장소를 찾는 데 도움을 드리게 되어 기쁘게 생각합니다. 고객님이 찾고 있는 특정 품목과 고객님이 갖고 있는 선호 사항을 알려주시겠습니까? 이 정보는 고객님께 맞춤형 추천을 제공하고 이러한 품목을 구입할 수 있는 최고의 온라인 또는 실제 매장을 안내하는 데 도움이 됩니다.
BLM,여러 제품을 구입하려면 도움이 필요합니다,주문,주문하기,구매 시 당사 제품을 고려해 주셔서 감사합니다. 저는 여러 품목을 구매하는 데 필요한 지침을 제공해 드리겠습니다. 관심 있는 특정 제품을 알려주시겠습니까? 이렇게 하면 원활하고 즐거운 쇼핑 경험을 하실 수 있습니다.
BILMQZ,고객님의 제품의 일부를 구입하는 것이 가능합니까?,주문,주문하기,저는 그것을하고있다! 우리 제품 중 여러 가지를 구입하는 것이 확실히 가능합니다. 저희는 고객님이 선택할 수 있는 다양한 품목을 제공합니다. 관심 있는 특정 제품에 대한 자세한 내용을 알려주시면 해당 제품을 구입할 수 있도록 최선을 다해 도와드리겠습니다. 저희는 함께 이 과정을 쉽고 즐겁게 만들 것입니다.
BCILM,고객님의 제품 중 일부를 벌어야 하는데 어떻게 해야 합니까?,주문,주문하기,당사 제품 구입에 관심을 가져주셔서 감사합니다! 구매 과정을 안내해 드리고자 왔습니다. 시작하려면 당사 웹사이트나 모바일 앱을 방문하여 다양한 제품을 찾아보세요. 구매하려는 품목을 찾았으면 장바구니에 추가하기만 하면 됩니다. 특정 질문이 있거나 결제 과정에 도움이 필요한 경우 언제든지 고객 지원팀에 문의해 주세요. 기꺼이 도와드리겠습니다. 저희는 고객님의 쇼핑 경험이 원활하고 즐거운지 확인하고 싶으므로 주저하지 말고 추가 지원을 요청하십시오. 즐거운 쇼핑하세요!
BLMQ,물건을 구입하려면 도움이 필요해요,주문,주문하기,문의해 주셔서 감사합니다! 저는 고객님이 관심 있는 품목을 구입하는 데 필요한 도움을 제공해 드리겠습니다. 먼저 구입하고 싶은 특정 품목이 무엇인지 공유해 주시겠습니까? 이를 통해 절차를 안내하고 원활한 쇼핑 경험을 보장할 수 있습니다.
BCILM,"고객님의 기사 중 몇 가지를 얻어야 하는데, 도와주실 수 있나요?",주문,주문하기,"우리 기사 중 몇 가지를 구입하고 싶다는 의사를 표명해 주셔서 감사합니다! 고객님의 주문을 도와드리게 되어 기쁘게 생각합니다. 이름, 수량, 기타 세부정보 등 관심 있는 기사의 세부정보를 알려주시기 바랍니다. 이 정보를 받으면 절차를 안내하여 원활하고 만족스러운 경험을 보장해 드리겠습니다. 저희는 고객님이 필요한 기사를 즉시 얻을 수 있도록 함께 노력할 것입니다."
BILQ,기사는 어디서 주문할 수 있나요?,주문,주문하기,"기사 주문에 관심을 가져주셔서 감사합니다! 저희는 고객님이 주문할 수 있는 다양한 옵션을 제공합니다. 최상의 안내를 제공하기 위해 주문하려는 특정 품목이 무엇인지 알려주시겠습니까? 세부정보가 접수되면 편리하게 구매할 수 있는 적절한 플랫폼, 웹사이트 또는 매장으로 안내해 드리겠습니다."
BEL,물건을 구입하려면 어떻게 해야 할지 모르겠습니다.,주문,주문하기,고객님께서 당사에서 구매하는 데 필요한 단계에 대해 확신이 없으신 것으로 알고 있습니다. 걱정하지 마세요. 제가 도와드리겠습니다! 시작하려면 카탈로그를 탐색하고 구매하려는 항목을 선택할 수 있습니다. 선택을 완료한 후 결제 페이지로 이동하여 배송 및 결제 정보를 제공해야 합니다. 절차 중 언제든지 특정 질문이 있거나 도움이 필요한 경우 언제든지 고객 지원팀에 문의하세요. 구매 과정 전반에 걸쳐 기꺼이 안내해 드릴 것입니다. 기억하세요. 이 문제는 고객님 혼자가 아니며 저희는 고객님의 구매 경험을 최대한 원활하고 즐겁게 만들기 위해 왔습니다. 시작해 봅시다!
BILQ,어디에서 물건을 살 수 있나요,주문,주문하기,저희 쇼핑에 관심을 가져주셔서 감사합니다! 저희는 고객님의 쇼핑 요구를 충족시킬 수 있는 다양한 편리한 옵션을 제공합니다. 당사 웹사이트 [웹사이트/메뉴]를 방문하여 다양한 제품을 살펴보고 온라인으로 구매할 수 있습니다. 또는 실제 쇼핑 경험을 선호하시는 경우 [기타정보]에 위치한 매장을 방문하실 수 있습니다. 저희의 친절한 직원이 고객님이 완벽한 품목을 찾는 데 기꺼이 도움을 드릴 것입니다. 즐거운 쇼핑하세요!
BILMQ,고객님 아이템을 여러 개 얻으려면 어떻게 해야 하나요?,주문,주문하기,다양한 아이템 획득에 관심을 가져주셔서 감사합니다! 시작하려면 다음 단계를 따르세요. 1. 셀렉션 찾아보기: 시간을 내어 당사의 다양한 제품을 탐색하여 수익을 창출하고 싶은 제품을 찾으십시오. 2. 계정 만들기: 아직 계정이 없다면 당사 웹사이트나 앱에 가입하여 계정을 만드세요. 이를 통해 진행 상황을 추적하고 업데이트를 받을 수 있습니다. 3. 포인트 적립: 로열티 프로그램이나 프로모션에 참여하여 원하는 상품을 구매하는 데 사용할 수 있는 포인트나 보상을 받으세요. 고객님의 수익 잠재력을 극대화하려면 특별 제안 및 활동을 주의깊게 살펴보십시오. 4. 잔액 확인: 정기적으로 포인트 잔액을 확인하여 목표 달성에 얼마나 가까워졌는지 확인하세요. 일반적으로 이 정보는 계정 설정이나 로열티 프로그램 세부정보에서 찾을 수 있습니다. 5. 포인트 사용: 충분한 포인트가 적립되면 당사 웹사이트나 앱의 사용 섹션을 방문하세요. 교환하려는 항목을 선택하고 지침에 따라 교환 절차를 완료하세요. 특정 질문이 있거나 도중에 도움이 필요한 경우 주저하지 말고 고객 지원팀에 문의하세요. 저희는 고객님이 수익을 창출하는 여정을 최대한 활용할 수 있도록 도와드립니다. 즐거운 수익을 얻으세요!
BILM,고객님의 제품 몇 개를 주문하는 것을 도와주실 수 있나요?,주문,주문하기,저희 제품에 관심을 가져주셔서 감사합니다! 우리 품목 중 일부를 주문하는 데 기꺼이 도움을 드리겠습니다. 시작하려면 어떤 특정 제품을 주문하고 싶은지 알려주시면 절차를 단계별로 안내해 드리겠습니다. 고객 만족이 저희의 최우선 과제입니다. 저는 고객님이 원활하고 즐거운 주문 경험을 가질 수 있도록 최선을 다해 노력하고 있습니다.
BILMQ,물건 좀 어디서 살 수 있어요?,주문,주문하기,"우리와 함께 기사를 쇼핑하는 데 관심을 가져주셔서 감사합니다! 다양한 상품을 구매하실 수 있습니다. 컬렉션을 살펴보고 쇼핑하려면 [웹사이트/메뉴] 온라인 매장을 방문하세요. 당사 웹사이트는 원활하고 편리한 쇼핑 경험을 제공하므로 고객님는 당사 기사를 탐색하고, 눈길을 끄는 기사를 선택하고, 쉽게 주문할 수 있습니다. 쇼핑 과정에서 도움이 필요하거나 당사 기사에 대해 질문이 있는 경우 당사 고객 지원팀이 항상 기꺼이 도와드리겠습니다. 즐거운 쇼핑되세요!"
BIM,일부 품목을 구입할 수 있나요?,주문,주문하기,"문의해주셔서 감사합니다! 우리에게서 물건을 구매하는 것이 실제로 가능하다는 사실을 알려드리게 되어 기쁩니다. 저희는 다양한 요구와 선호도에 맞춰 구매할 수 있는 다양한 제품을 보유하고 있습니다. 패션 아이템, 전자 제품, 가정 장식 등 무엇을 찾고 계시든 저희가 도와드리겠습니다. 전담 고객 서비스 담당자 팀이 절차를 안내하고 원활한 쇼핑 경험을 보장하기 위해 왔습니다. 어떤 특정 품목에 관심이 있는지 알려주시면 구매에 필요한 모든 지원을 제공해 드리겠습니다. 고객님께 꼭 맞는 아이템을 찾아보세요!"
BCILW,빌어먹을 물건을 사야하는데 어떻게 하나요?,주문,주문하기,"고객님의 연락에 감사드립니다! 고객님이 특정 품목을 구매하려고 한다는 것을 알고 있으며, 그 과정을 도와드리기 위해 왔습니다. 저희는 고객에게 원활하고 번거롭지 않은 경험을 제공하기 위해 노력하고 있으며, 불만을 느끼셨다면 사과드립니다. 추가 지원을 위해 구매하려는 품목에 대한 자세한 내용을 알려주시겠습니까? 필요한 정보가 확보되면 주문 진행 방법을 안내해 드리겠습니다."
BL,상품을 획득하다,주문,주문하기,정말 멋지네요! 고객님는 제품 획득에 관심이 있으신 것으로 보입니다. 기꺼이 도와드리겠습니다. 시작하려면 어떤 제품을 얻으려는지 알려주시겠어요? 해당 정보가 확보되면 제품을 성공적으로 획득하는 데 필요한 지침을 제공할 수 있습니다.
BL,물품 구매에 도움이 필요합니다,주문,주문하기,저는 고객님의 기사 구매를 돕기 위해 왔습니다! 도움을 구하는 데 있어 고객님의 적극적인 접근 방식은 정보에 입각한 결정을 내리려는 의지와 주도성을 보여줍니다. 시작하려면 구매하려는 상품에 대한 몇 가지 세부정보가 필요합니다. 기사의 구체적인 이름이나 설명을 알려주실 수 있나요? 이 정보를 확보한 후에는 원활하고 보람찬 경험을 보장할 수 있도록 구매 과정을 안내해 드리겠습니다.
BLZ,주문 품목,주문,주문하기,"당사 제품 주문에 관심을 가져주셔서 감사합니다! 저는 고객님께 절차를 안내하고 원활한 경험을 보장하기 위해 왔습니다. 시작하려면 주문하려는 품목의 이름, 수량, 특정 변형이나 옵션 등 세부정보를 알려주십시오. 이렇게 하면 고객님이 주문을 찾고 배치하는 데 더욱 효과적으로 도움을 드릴 수 있습니다. 도중에 궁금한 점이 있으면 언제든지 문의해 주세요. 원활하고 보람찬 주문 경험이 되도록 함께 도와드리겠습니다."
BLM,물건 쇼핑 좀 도와줘,주문,주문하기,고객님의 메시지를 받았으며 일부 품목의 쇼핑에 도움이 필요하다는 내용을 전달했습니다. 저는 고객님이 쇼핑 과정을 탐색하고 원활한 경험을 보장할 수 있도록 돕기 위해 왔습니다. 구매하고 싶은 품목에 대한 자세한 내용을 알려주시겠어요? 이렇게 하면 제가 고객님께 맞춤 제안을 제공하고 고객님이 원하는 것을 정확히 찾는 데 도움이 될 것입니다.
BLMQ,고객님의 기사 중 일부를 쇼핑하는 데 도움,주문,주문하기,일부 기사를 쇼핑하는 데 도움을 주셔서 감사합니다! 저는 고객님께 그 과정을 안내하고 원활하고 즐거운 경험을 선사하기 위해 왔습니다. 관심 있는 특정 기사에 대한 자세한 내용을 알려주실 수 있나요? 정보가 확보되면 주문 과정을 도와드릴 수 있으며 필요한 추가 지원을 제공해 드릴 수 있습니다.
BILW,내가 빌어먹을 물건 사는 것을 도와줄 수 있니?,주문,주문하기,기사 구매에 대한 지원을 고려해 주셔서 감사합니다! 저는 고객님께 절차를 안내하고 원활하고 만족스러운 경험을 보장하기 위해 왔습니다. 더 나은 도움을 드릴 수 있도록 관심 있는 기사에 대한 자세한 내용을 제공해 주시겠습니까? 고객님의 선호도를 명확하게 이해한 후에는 고객님께 딱 맞는 제품을 찾고 구매 과정을 쉽게 진행하도록 도와드릴 수 있습니다.
BCLM,고객님의 기사 중 일부를 구입해야 합니다. 도와주세요.,주문,주문하기,당사 기사 구매에 관심을 가져주셔서 감사합니다. 저는 모든 단계에서 고객님을 돕기 위해 여기 있습니다. 구매하고 싶은 특정 품목에 대한 자세한 내용을 알려주시겠습니까? 해당 정보를 통해 고객님이 원활하고 성공적인 구매 경험을 할 수 있도록 안내해 드릴 수 있습니다.
BLMQZ,여러 제품을 구입하려면 도움이 필요해요,주문,주문하기,문의해 주셔서 감사합니다! 당사의 다양한 제품 구입에 관심을 가져주셔서 감사합니다. 저희는 고객님의 구매 과정의 모든 단계를 도와드릴 것입니다. 최상의 안내를 제공하기 위해 어떤 특정 제품을 구입하고 싶은지 알려주시겠어요? 이 정보를 얻으면 가장 적합한 옵션을 찾고 원활하고 성공적인 주문 절차를 보장하는 데 도움을 드릴 수 있습니다.
BLM,저는 고객님의 기사 중 일부를 벌어야합니다,주문,주문하기,"우리 기사에 관심을 가져 주셔서 감사합니다! 명확히 하자면, 우리 기사는 적립이 아닌 구매가 가능합니다. 당사 웹사이트에서 다양한 기사를 찾아보고 마음에 드는 기사를 장바구니에 추가할 수 있습니다. 여기에서 결제 페이지로 이동하여 구매를 완료할 수 있습니다. 염두에 두고 있는 특정 도움말이 있거나 절차에 도움이 필요한 경우 알려주시면 기꺼이 도와드리겠습니다."
BL,물건 구입에 도움을 받고 싶습니다,주문,주문하기,구매와 관련하여 도움을 요청해주셔서 기쁘게 생각합니다! 저희 팀은 고객님을 안내하고 고객님의 구매 경험이 원활하고 만족스러울 수 있도록 도와드립니다. 구매하려는 품목에 대한 세부정보를 제공해 주시겠습니까? 이를 통해 고객님의 요구 사항을 더 잘 이해하고 맞춤형 권장 사항을 제공할 수 있습니다.
BLM,여러 제품을 어떻게 쇼핑할 수 있는지 모르겠습니다.,주문,주문하기,고객님의 의견을 들으니 반갑습니다! 고객님이 당사 컬렉션의 여러 제품을 쇼핑하는 방법에 대해 확신이 없으신 것으로 확인됩니다. 걱정하지 마세요. 절차에 대한 명확한 지침을 제공해 드리겠습니다. 시작하려면 당사 웹사이트나 앱을 탐색하여 당사가 제공하는 다양한 제품을 탐색할 수 있습니다. 구매하고 싶은 품목을 찾으면 장바구니에 추가하거나 원하는 수량을 선택하세요. 그런 다음 결제 페이지로 이동하면 배송 및 결제 세부정보를 입력하라는 메시지가 표시됩니다. 특정 질문이 있거나 추가 지원이 필요한 경우 언제든지 알려주시기 바랍니다. 저는 고객님의 원활하고 즐거운 쇼핑 경험을 보장하기 위해 여기에 있습니다.
BELMW,망할 제품을 여러개 얻으려면 어떻게 해야할지 모르겠어요,주문,주문하기,여러 제품을 구입하는 단계에 대해 약간의 좌절감과 확신이 없으신 점을 이해합니다. 걱정하지 마세요. 제가 도와드리겠습니다! 함께 분해해 봅시다. 구입하고 싶은 특정 제품을 알려주시겠어요? 해당 정보가 확보되면 절차를 안내하고 원활하고 성공적인 인수를 보장할 수 있습니다. 자세한 내용을 제공해 주시면 더 나은 지원을 제공해 드릴 수 있다는 점을 기억하세요.
BLM,고객님의 상품을 여러 개 구매해야 해요,주문,주문하기,당사에서 여러 품목을 구매해 주셔서 감사합니다! 고객님의 관심에 감사드리며 이 과정에 기꺼이 도움을 드리겠습니다. 시작하려면 구매하려는 품목의 세부정보를 알려주시겠어요? 정보가 확보되면 원활하고 효율적인 주문 경험을 보장하기 위한 단계를 안내해 드리겠습니다.
BLMQ,일부 제품을 구매하는 데 도움이 필요합니다,주문,주문하기,문의해 주셔서 감사합니다! 당사의 일부 제품 구매에 관심을 가져주셔서 감사합니다. 저는 고객님이 성공적인 구매를 하는 데 필요한 지침과 지원을 제공해 드리겠습니다. 시작하려면 관심 있는 특정 제품이 무엇인지 알려주시겠어요? 이렇게 하면 고객님의 필요에 맞게 지원을 맞춤화하고 원활하고 즐거운 쇼핑 경험을 보장하는 데 도움이 될 것입니다.
BCILP,제품을 구매하고 싶은데 도움을 받을 수 있나요?,주문,주문하기,문의해 주셔서 감사합니다! 저는 특정 제품을 구입하려는 고객님의 열의를 느낄 수 있으며 이러한 노력에 기꺼이 도움을 드릴 것입니다. 최선의 지원을 제공하기 위해 관심 있는 제품의 세부정보를 알려주시겠습니까? 이 정보가 접수되면 고객님께서 쉽게 상품을 구매하고 원활한 경험을 하실 수 있도록 절차를 안내해 드리겠습니다.
BILMQ,고객님의 물건을 어디에서 쇼핑할 수 있나요?,주문,주문하기,문의해 주셔서 감사합니다! 당사 제품 쇼핑에 관심을 가져주셔서 감사합니다. 시작하려면 공식 웹사이트 [웹사이트/메뉴]를 방문하는 것이 좋습니다. 당사 웹사이트는 고객님의 쇼핑 경험을 편리하고 즐겁게 만들기 위해 다양한 제품과 사용자 친화적인 인터페이스를 제공합니다. 또한 해당 지역의 공인 소매점을 확인해 볼 수도 있습니다. 이러한 매장에서는 구매하기 전에 제품을 가까이서 살펴볼 수 있는 실습 경험을 제공합니다. 염두에 두고 있는 특정 항목이 있거나 추가 지원이 필요한 경우 언제든지 알려주시기 바랍니다!
BLM,여러 물품을 주문하는 데 도움을 주세요,주문,주문하기,여러 품목을 주문하는 데 도움을 주셔서 감사합니다. 우리 서비스에 대한 고객님의 신뢰에 감사드리며 절차를 안내해 드리겠습니다. 원활한 경험을 보장하기 위해 주문하려는 품목의 구체적인 세부정보를 알려주시겠습니까? 이 정보를 통해 저는 고객님의 구매 시 정확하고 맞춤화된 지원을 제공할 수 있습니다.
BMQ,고객님의 물건을 구입하는 데 도움이 필요해요,주문,주문하기,"고객님이 관심 있는 품목을 구매하는 데 도움을 드리고자 왔습니다. 쇼핑 목적지로 저희를 선택해 주셔서 감사합니다! 원활하고 성공적인 쇼핑을 위해 다음 세부정보를 제공해 주시기 바랍니다. 1. 품목 이름/설명: 구매하고 싶은 특정 품목을 알려주십시오. 2. 수량: 각 품목을 몇 개나 구매하시겠습니까? 3. 크기/색상/종류: 해당되는 경우 해당 항목에 대한 기본 설정이나 종류를 지정하십시오. 이러한 세부 정보가 접수되면 구매 과정을 안내하고, 궁금한 사항에 답변해 드리며, 고객님의 쇼핑 여정이 유익하고 즐거운지 확인하겠습니다."
BLMQ,고객님의 기사 중 일부를 구입하는 데 도움이 필요합니다,주문,주문하기,"문의해 주셔서 감사합니다! 저는 고객님이 구매하는 데 필요한 도움을 제공해 드리겠습니다. 더 나은 지원을 위해 관심 있는 특정 기사에 대한 자세한 내용을 제공해 주시겠습니까? 기사의 이름이나 설명, 기타 선호 사항이나 요구 사항을 알려주시면 감사하겠습니다. 이 정보를 통해 저는 고객님께 절차를 안내하고 고객님의 쇼핑 경험이 원활하고 만족스러울 수 있도록 보장할 수 있습니다."
BLMQ,난 아이템을 여러 개 얻어야 해,주문,주문하기,연락주시고 여러 아이템을 구매하겠다는 의사를 표현해주셔서 감사합니다! 고객님의 구매가 원활하고 즐거운 경험이 될 수 있도록 도와드리겠습니다. 시작하려면 관심 있는 항목에 대한 자세한 내용을 제공해 주시겠습니까? 이를 통해 당사는 고객님께 가장 정확한 정보를 제공하고 절차를 쉽게 안내할 수 있습니다.
BELM,고객님의 기사 중 일부를 어떻게 구입할 수 있는지 모르겠습니다,주문,주문하기,고객님의 메시지는 많은 의미가 있습니다! 저는 고객님이 우리 기사 중 일부를 구입하는 방법에 대해 확신하지 못한다는 생각에 동의합니다. 저는 고객님께 필요한 지침을 제공하기 위해 여기에 있습니다. 시작하려면 어떤 특정 기사에 관심이 있는지 알려주시겠어요? 더 많은 정보가 확보되면 원활하고 즐거운 구매 경험을 보장하기 위해 절차를 단계별로 안내해 드릴 수 있습니다.
BELMQ,아이템을 얻으려면 어떻게 해야 할지 모르겠어요,주문,주문하기,"아이템 획득 방법에 대해 확신이 없는 것은 충분히 이해할 수 있는 일입니다. 걱정하지 마세요. 저는 고객님께 지침을 제공해 드리겠습니다. 아이템을 획득하려면 로열티 프로그램 참여, 친구 추천, 작업 또는 설문조사 완료, 프로모션 및 제안 참여 등 다양한 옵션을 탐색할 수 있습니다. 각 브랜드마다 아이템을 획득하는 구체적인 방법이 있을 수 있으므로 어떤 브랜드의 아이템에 관심이 있는지 알려주시면 해당 아이템을 획득할 수 있는 구체적인 단계를 알려드리겠습니다. 저희는 절차 전반에 걸쳐 고객님을 지원하기 위해 여기 있다는 것을 기억하십시오. 궁금한 점이 있으면 언제든지 문의하십시오."
BCILMP,"고객님의 아이템을 몇 개 얻어야 하는데, 도와주실 수 있나요?",주문,주문하기,"다양한 아이템 획득에 관심을 가져주셔서 감사합니다! 제품 획득을 위한 특정 프로그램은 없지만 고객님이 탐색할 수 있는 몇 가지 흥미로운 기회가 있습니다. 예를 들어, 추천 프로그램에 참여하고 구매하는 친구나 가족을 추천하여 크레딧이나 보상을 받을 수 있습니다. 또한, 저희는 무료 제품을 얻을 수 있는 기회를 얻기 위해 종종 프로모션과 경품 행사를 진행합니다. 뉴스레터나 소셜 미디어 채널을 통해 당사와 지속적으로 소통하시면 당사 제품을 획득하는 데 도움이 될 수 있는 특별 제안이나 이벤트에 대해 가장 먼저 알게 되실 것입니다. 염두에 두고 계신 특정 항목이 있거나 제가 도와드릴 수 있는 다른 사항이 있으면 알려주세요!"
BCILW,블러디 제품을 주문해야 하는데 어떻게 해야 하나요?,주문,주문하기,"우리에게 제품을 주문하겠다는 의사를 표명해 주셔서 감사합니다. 고객님께서 구매를 계속 진행하고 싶어하신다는 점을 이해하며, 모든 단계에서 제가 도와드리겠습니다. 관심 있는 특정 제품을 주문하려면 당사 웹사이트를 방문하여 제품 페이지로 이동하십시오. 상품 페이지에서 원하시는 수량을 선택하신 후 장바구니에 담으시고 결제를 진행하시면 됩니다. 주문 과정에서 어려움이 발생할 경우 [운영시간/기간]([고객센터전화번호]) 또는 당사 웹사이트([웹사이트/메뉴])의 라이브 채팅 기능을 통해 언제든지 당사 고객 지원팀에 문의하시기 바랍니다. 그들은 전체 과정을 기꺼이 안내하고 원활하고 만족스러운 구매 경험을 보장할 것입니다."
BLM,여러 기사를 얻는 데 도움이 필요합니다,주문,주문하기,우리로부터 여러 기사를 얻는 데 관심을 표명해 주셔서 감사합니다! 저희는 고객님의 열정에 감사드리며 이 과정에서 고객님을 기꺼이 도와드리겠습니다. 시작하려면 관심 있는 특정 기사에 대한 자세한 내용을 제공해 주시겠습니까? 이는 포인트를 획득하는 데 필요한 단계를 안내하는 데 도움이 됩니다. 이러한 기사를 얻기 위한 고객님의 여정은 만족스러울 뿐만 아니라 힘을 실어줄 것입니다. 저희는 모든 단계에서 고객님을 지원하기 위해 여기 있습니다. 이것이 고객님께 보람있는 경험이 될 수 있도록 함께 노력합시다!
BLM,고객님의 기사 중 몇 가지를 구매하려고 합니다.,주문,주문하기,"당사의 여러 제품 구매에 관심을 가져주셔서 감사합니다! 저는 고객님의 쇼핑 과정을 도와드리고 원활하고 즐거운 쇼핑 과정이 되도록 도와드리겠습니다. 구매를 진행하려면 이름, 수량, 선호하는 품목 등 구입하려는 품목의 세부정보를 알려주시기 바랍니다. 이렇게 하면 최선의 옵션을 찾는 데 도움을 드리고 주문 과정을 단계별로 안내해 드릴 수 있습니다. 고객님의 쇼핑 경험을 진정으로 보람찬 경험으로 만들어 드립니다!"
BILM,고객님의 품목을 여러 개 주문하려면 어떻게 해야 합니까?,주문,주문하기,우리에게 여러 품목을 주문하는 데 관심을 가져주셔서 감사합니다! 주문하려면 다음의 간단한 단계를 따라 주세요. 1. 당사 웹사이트/카탈로그를 탐색하여 구매하려는 품목을 찾으십시오. 검색창을 사용하거나 다양한 카테고리를 탐색하여 다양한 선택 항목을 탐색할 수 있습니다. 2. 원하는 품목을 찾았으면 원하는 수량을 선택하고 장바구니에 추가하세요. 3. 장바구니에 있는 품목을 검토하여 수량 및 적용 가능한 할인을 포함하여 모든 것이 올바른지 확인하십시오. 4. 결제 페이지로 이동하면 배송 주소와 선호하는 결제 방법을 입력하라는 메시지가 표시됩니다. 주문 처리가 지연되지 않도록 모든 세부 사항이 정확한지 확인하십시오. 5. 결제 과정을 완료하고 확인 페이지가 나타날 때까지 기다립니다. 또한 곧 주문 확인 이메일을 받게 됩니다. 6. 편안히 앉아 휴식을 취하세요! 고객님의 주문을 최대한 빨리 처리하고 배송해 드리겠습니다. 이 과정에서 질문이 있거나 추가 지원이 필요한 경우 당사 고객 서비스 팀이 항상 도움을 드릴 것입니다. 고객님의 거래에 감사드리며 고품질 제품으로 고객님께 서비스를 제공할 수 있기를 기대합니다. 즐거운 쇼핑하세요!
BILMQ,고객님 제품을 몇 개 얻으려면 어떻게 해야 하나요?,주문,주문하기,저희 제품에 관심을 가져주셔서 감사합니다! 우리 아이템 중 몇 가지를 얻고자 하는 고객님의 열정에 감사드립니다. 당사 제품을 구입하려면 당사 웹사이트를 탐색하고 당사가 제공하는 다양한 품목을 탐색할 수 있습니다. 마음에 드는 제품을 찾으면 계속해서 장바구니에 추가하고 결제 과정을 완료할 수 있습니다. 또한 당사는 고객님이 특정 행동이나 구매를 통해 당사 제품을 얻을 수 있도록 하는 특별 프로모션이나 로열티 프로그램을 보유할 수 있습니다. 당사 제품을 획득할 수 있는 방법에 대한 자세한 내용은 당사 웹사이트를 확인하거나 당사 고객 지원팀에 문의하시기 바랍니다. 저희는 모든 단계에서 고객님을 돕기 위해 여기 있습니다!
BLQ,제품을 구입하려면 어떻게 해야 할지 모르겠어요,주문,주문하기,문의해주셔서 감사합니다. 고객님께서 당사로부터 제품을 구입하는 과정에 대해 확신이 없으신 것으로 알고 있습니다. 걱정하지 마세요. 제가 여기에서 단계를 안내하고 원활한 경험을 하실 수 있도록 도와드리겠습니다. 더 나은 도움을 드릴 수 있도록 자세한 내용을 제공해 주시겠습니까? 구체적으로 어떤 제품을 구입하고 싶으신가요? 자세한 정보를 입수하면 필요한 지침과 지원을 제공해 드릴 수 있을 것입니다.
BLM,고객님의 기사를 여러 개 주문하려고 합니다.,주문,주문하기,우리에게 여러 품목을 주문해 주셔서 감사합니다! 열정적인 모습이 참 보기 좋습니다. 원활한 주문을 위해 구매하고 싶은 품목의 세부정보를 알려주시겠어요? 해당 정보가 접수되면 절차를 안내하고 필요한 지원을 제공해 드릴 수 있습니다. 즐겁고 성공적인 쇼핑 경험을 함께 만들어 봅시다!
BL,주문하는 데 도움이 필요합니다,주문,주문하기,물론이죠! 저는 고객님이 주문하는 데 필요한 도움을 제공해 드리겠습니다. 우리에게 주문하는 것은 간단하고 간단한 과정입니다. 시작하려면 어떤 특정 제품에 관심이 있는지 알려주시겠어요? 세부정보를 제공해 주시면 원활하고 성공적인 주문이 이루어질 수 있도록 단계를 안내해 드리겠습니다.
BIL,제품을 구매하려면 어떻게 해야 하나요?,주문,주문하기,"저희 제품 구매에 관심을 가져주셔서 감사합니다! 저는 고객님께 그 과정을 즐겁게 안내하기 위해 왔습니다. 구매하려면 당사 웹사이트를 방문하거나 고객 서비스 팀에 문의하세요. 제품 가용성, 가격 세부 정보 및 구매에 필요한 추가 단계를 포함하여 진행 방법에 대해 필요한 모든 정보를 제공할 수 있습니다. 구체적인 질문이 있으시면 언제든지 문의해 주세요. 최선을 다해 도와드리겠습니다. 고객님의 구매 경험을 원활하고 즐겁게 만들어 드립니다!"
BLMZ,일부 제품을 구입하는 데 도움이 필요합니다,주문,주문하기,문의해 주셔서 감사합니다! 저는 고객님께 필요한 제품을 구입하는 데 도움과 지침을 제공해 드리겠습니다. 고객님의 요구 사항을 더 잘 이해할 수 있도록 관심 있는 특정 제품에 대한 자세한 내용을 알려주시겠습니까? 이 정보를 확보하면 해당 정보를 원활하게 획득하는 데 필요한 단계를 제공할 수 있습니다.
BLM,저는 고객님의 제품 몇 가지를 쇼핑하고 싶습니다,주문,주문하기,저희 제품 쇼핑에 관심을 보여주셔서 감사합니다! 장바구니에 추가할 완벽한 품목을 찾는 데 도와드리겠습니다. 시작하려면 찾고 있는 특정 제품을 알려주시겠어요? 추가 정보가 있으면 절차를 안내해 드리고 원활한 쇼핑 경험을 보장해 드릴 수 있습니다.
BLM,일부 제품을 구입하려면 어떻게 해야 하는지 모르겠습니다.,주문,주문하기,"제품을 구매하는 과정이 부담스러워 보일 수 있다는 점에 감사드립니다. 특히 익숙하지 않은 경우라면 더욱 그렇습니다. 걱정하지 마세요. 제가 도와드리겠습니다! 시작하려면 어떤 특정 제품에 관심이 있는지 알려주시면 도움이 될 것입니다. 해당 정보가 확보되면 단계별 절차를 안내하고 가격, 결제 옵션, 배송 세부정보 등 필요한 모든 정보를 제공할 수 있습니다. 도중에 궁금한 점이 있으면 언제든지 문의해 주세요. 함께하시면 고객님의 구매 경험이 원활하고 즐거워질 수 있도록 도와드리겠습니다!"
BILMQZ,고객님 아이템 몇 개는 어디서 구할 수 있나요?,주문,주문하기,고객님이 몇 가지 아이템을 획득할 수 있도록 도와드리게 되어 기쁩니다! 고객님의 편의를 위해 다양한 옵션을 제공합니다. 고객님는 포인트를 적립하고 이를 원하는 제품으로 교환할 수 있는 로열티 프로그램에 참여함으로써 당사의 아이템을 얻을 수 있습니다. 또한 당사 웹사이트를 확인하거나 당사 매장을 방문하여 관심 있는 품목을 얻는 데 도움이 되는 진행 중인 프로모션이나 특별 제안을 탐색할 수 있습니다. 맞춤 추천을 제공할 수 있도록 염두에 두고 있는 특정 제품이 있으면 알려주세요.
BIL,기사는 어디서 주문하나요?,주문,주문하기,기사 주문처에 관해 질문해 주셔서 감사합니다. 저는 그 과정을 도와드리기 위해 왔습니다. 더 나은 도움을 드릴 수 있도록 주문하려는 특정 품목을 알려주시겠습니까? 해당 정보가 접수되면 고객님께 적절한 안내를 제공하고 구매할 수 있는 올바른 장소로 안내해 드릴 수 있습니다.
BILMQ,고객님 제품 몇 개 어떻게 살 수 있나요?,주문,주문하기,"당사 제품 중 일부 구매에 관심을 가져주셔서 감사합니다! 고객님의 구매에 필요한 도움을 제공하게 되어 기쁘게 생각합니다. 당사 제품을 구매하려면 몇 가지 옵션을 사용할 수 있습니다. 당사 웹사이트 [웹사이트/메뉴]를 방문하여 다양한 제품을 찾아보실 수 있습니다. 구매하려는 품목을 선택한 후 장바구니에 추가하고 결제를 진행할 수 있습니다. 또는 맞춤형 지원을 원하는 경우 [고객센터전화번호]로 고객 서비스 팀에 문의하거나 웹사이트의 라이브 채팅 기능을 통해 문의할 수 있습니다. 당사의 전담 지원팀이 절차를 안내하고, 궁금한 사항에 답변하며, 원활한 구매 경험을 보장해 드립니다. 저희는 고객님의 구매 여정을 즐겁고 편리하게 만들기 위해 노력하고 있습니다. 즐거운 쇼핑하세요!"
BKL,뭔가를 벌다,주문,주문하기,수익 창출에 관심을 가져주셔서 감사합니다! 저희의 주요 초점은 고객의 구매를 지원하는 것이지만 고객님이 보상을 받거나 로열티 프로그램에 참여할 수 있는 기회가 있을 수도 있습니다. 당사 웹사이트를 확인하거나 당사 고객 지원팀에 연락하여 고객님이 특별한 수익을 얻을 수 있는 현재 프로모션이나 제안에 대해 문의하는 것이 좋습니다. 저희는 고객님의 참여를 소중히 여기며 고객님이 보상을 획득하는 데 더 많은 도움을 드릴 수 있기를 기대합니다.
BILM,고객님의 제품 중 일부를 어떻게 구입합니까?,주문,주문하기,당사 제품 구입에 관심을 가져주셔서 감사합니다! 저는 고객님께 그 과정을 단계별로 안내해 드리고자 왔습니다. 시작하려면 당사 웹사이트를 방문하여 다양한 제품을 찾아보세요. 구입하려는 품목을 찾았으면 해당 품목을 장바구니에 추가하고 결제 페이지로 이동하세요. 결제 시 배송 세부 정보를 제공하고 원하는 결제 방법을 선택하라는 메시지가 표시됩니다. 결제가 확인되면 주문을 처리하고 제품을 문앞까지 배송해 드립니다. 특정 질문이 있거나 절차 중에 추가 지원이 필요한 경우 주저하지 말고 문의하세요. 즐거운 쇼핑하세요!
BCLM,기사를 좀 벌어야 하는데 도와주세요,주문,주문하기,"우리와 함께 기사를 얻는 데 관심을 표명해 주셔서 감사합니다. 저희는 이를 획득하는 모든 단계를 안내해 드립니다. 시작하려면, 고객님이 얻고자 하는 특정 기사에 대한 자세한 내용을 제공해 주시겠습니까? 이를 통해 저희는 고객님께 더 나은 지원을 제공하고 가장 적합한 옵션을 제공할 수 있습니다."
BLQZ,뭔가를 벌기 위해 도움을 원해요,주문,주문하기,고객님는 우리 플랫폼을 통해 무언가를 얻는 데 관심이 있는 것으로 보입니다. 기회를 탐색하기 위해 주도권을 잡는 것은 환상적입니다! 정확한 지침을 제공하기 위해 고객님이 얻고자 하는 수익과 이를 달성하는 방법에 대한 자세한 내용을 제공해 주시겠습니까? 이 정보를 공유해 주시면 최선을 다해 도와드리겠습니다.
BCLM,아이템을 좀 구해야 하는데 도움이 필요해요,주문,주문하기,문의해 주셔서 감사합니다! 저는 고객님이 일부 아이템을 획득하려는 긴급성과 결단력을 느낍니다. 훌륭해요! 저는 고객님께 절차를 안내하고 필요한 도움을 제공해 드리겠습니다. 획득하려는 특정 항목에 대한 자세한 내용을 알려주시겠습니까? 이렇게 하면 고객님의 요구 사항을 더 잘 이해하고 고객님께 적합한 옵션을 제안하는 데 도움이 됩니다.
BILM,여러 품목을 주문하는 데 도움을 주실 수 있나요?,주문,주문하기,"내가 처리할게! 저는 여러 물품을 주문하는 데 도움을 드리고자 왔습니다. 당사 제품에 대한 고객님의 관심에 진심으로 감사드리며, 고객님께서 전체 과정을 원활하고 즐겁게 진행할 수 있도록 최선을 다하겠습니다. 주문하고 싶은 상품의 이름이나 구체적인 특징 등 세부정보를 알려주시면 주문 과정의 각 단계를 안내해 드리겠습니다. 이 경험을 고객님께 흥미롭고 보람있는 경험으로 만들어 드리겠습니다!"
BLQ,제품을 주문하려면 어떻게 해야 할지 모르겠어요,주문,주문하기,"저희 제품을 주문하는데 도움을 주셔서 감사합니다. 저는 그 과정을 탐색하는 것이 부담스러울 수 있다는 것을 이해합니다. 걱정하지 마세요. 단계별로 안내해 드리겠습니다. 먼저, 주문하고 싶은 특정 제품을 알려주시겠어요? 이렇게 하면 고객님의 필요에 맞는 명확한 지침을 제공할 수 있습니다. 고객님의 주문 경험이 원활하고 즐겁도록 함께 노력합시다."
BILM,고객님 기사의 일부를 어디서 살 수 있나요?,주문,주문하기,저희 기사 구매에 관심을 가져주셔서 감사합니다! 저희는 우리 제품 중 일부를 소유하고 싶어하는 고객님의 열망에 진심으로 감사드립니다. 고객님의 구매 과정을 최대한 편리하게 만들기 위해 당사는 제품 구매에 대한 몇 가지 옵션을 제공합니다. 당사 웹사이트의 [기타정보]에서 직접 구매하거나 가까운 [기타정보] 중 하나를 방문할 수 있습니다. 친절하고 지식이 풍부한 영업 담당자가 고객님이 완벽한 제품을 찾을 수 있도록 기꺼이 도와드릴 것입니다. 질문이 있거나 추가 지원이 필요한 경우 웹사이트나 전화 [고객센터전화번호]를 통해 고객 서비스 팀에 문의할 수도 있습니다. 저희는 고객님이 저희의 뛰어난 기사의 자랑스러운 소유자가 되는 것을 보고 싶습니다!
BLMW,피 묻은 기사 구매를 도와주세요,주문,주문하기,저희는 기사 구매에 도움을 주고 도움을 구하기 위해 왔습니다. 저희는 고객님께 절차를 안내하고 원활하고 만족스러운 경험을 보장하기 위해 왔습니다. 더 나은 지원을 위해 관심 있는 특정 기사에 대한 자세한 내용을 제공해 주시겠습니까? 필요한 정보가 확보되면 완벽한 품목을 찾는 데 도움을 드리고 성공적인 구매를 위한 단계를 안내해 드릴 수 있습니다.
BLM,아이템을 얻으려면 어떻게 해야 하는지 모르겠습니다.,주문,주문하기,문의해 주셔서 감사합니다! 일부 아이템을 획득하는 과정에 대해 잘 모르시는 것 같습니다. 내가 고객님을 올바른 방향으로 안내할 수 있게 해주세요. 아이템을 얻으려면 반드시 아이템을 획득할 필요는 없지만 구매해야 합니다. 당사의 전문가 팀은 고객님이 원하는 품목을 찾는 데 도움을 드리고 원활한 주문 경험을 제공할 수 있습니다. 관심 있는 항목에 대한 자세한 내용을 알려주시면 기꺼이 도와드리겠습니다.
BILMQZ,고객님의 기사 몇 개를 쇼핑하는 데 도움이 되지 않을 수 있어요,주문,주문하기,문의해 주셔서 감사합니다! 저는 우리 기사 중 몇 가지를 쇼핑하는 데 도움을 주기 위해 왔습니다. 시작하려면 관심 있는 특정 기사에 대한 자세한 내용을 알려주시겠습니까? 이 정보는 고객님이 완벽한 품목을 찾고 주문하는 데 도움을 드리는 데 도움이 될 것입니다.
BILM,고객님의 품목 중 몇 가지를 구매하는 방법은 무엇입니까?,주문,주문하기,문의해 주셔서 감사합니다! 우리에게서 몇 가지 품목을 구입하는 데 기꺼이 도움을 드리겠습니다. 이 과정을 원활하고 즐겁게 진행하려면 다양한 제품을 찾아볼 수 있는 당사 웹사이트를 방문하는 것이 좋습니다. 관심 있는 상품을 찾으면 장바구니에 추가하고 결제 페이지로 이동하세요. 결제 시 배송 및 결제 정보를 제공하라는 메시지가 표시됩니다. 구매 과정에서 특정 요구 사항이나 질문이 있는 경우 당사 고객 지원 팀이 모든 단계를 안내해 드립니다. 맞춤 지원을 받으려면 언제든지 문의하세요. 저희는 고객님을 소중한 고객으로 모시기를 기대합니다!
BIL,어디서 주문하나요?,주문,주문하기,당사 제품을 주문할 수 있는 올바른 장소를 찾는 데 도움을 드리게 되어 기쁘게 생각합니다! 주문하려면 당사 웹사이트 [웹사이트/메뉴]를 방문하세요. 당사 웹사이트는 고객님께 사용자 친화적이고 원활한 주문 경험을 제공하도록 설계되었습니다. 구매하려는 품목을 검색하여 장바구니에 추가하고 결제 페이지로 이동하여 주문을 완료하세요. 당사 웹사이트에서는 원활하고 안전한 거래를 보장하기 위해 안전한 결제 옵션도 제공합니다. 주문 과정에서 질문이 있거나 추가 지원이 필요한 경우 당사 고객 지원팀이 항상 도움을 드릴 수 있습니다. 즐거운 쇼핑하세요!
BLMW,빌어먹을 기사를 어떻게 얻을 수 있는지 모르겠어요,주문,주문하기,문의해 주셔서 감사합니다! 고객님께서 겪으실 수 있는 좌절감이나 혼란에 대해 사과드립니다. 저는 고객님이 원하는 기사를 얻는 데 필요한 지침과 지원을 제공해 드리겠습니다. 관심 있는 특정 기사가 무엇인지 알려주시겠어요? 해당 정보가 접수되면 구매 방법에 대한 명확한 지침을 제공해 드릴 수 있습니다.
BIL,제가 제품 구입하는 것을 도와주실 수 있나요?,주문,주문하기,제품 구매에 도움을 드리기 위해 문의해 주셔서 감사드립니다. 고객님의 구매에 기꺼이 도움을 드리겠습니다. 시작하려면 관심 있는 제품에 대한 자세한 내용을 알려주시겠습니까? 이를 통해 저는 고객님께 가장 정확한 안내를 제공하고 고객님의 원활한 구매 경험을 보장할 수 있습니다.
BCLP,상품을 주문하고 싶습니다. 도움이 필요합니다.,주문,주문하기,상품 주문에 관심을 가져주셔서 감사합니다! 저는 고객님께 필요한 도움을 제공하기 위해 여기에 있습니다. 시작하려면 주문하고 싶은 특정 품목을 알려주시겠어요? 세부 사항을 파악한 후 절차를 안내해 드리고 원활하고 만족스러운 경험을 보장해 드릴 수 있습니다.
BLM,고객님의 기사 중 여러 개를 구매하려고 합니다.,주문,주문하기,당사의 여러 제품 구매에 관심을 갖고 연락해 주셔서 감사합니다. 저희는 고객님의 선택에 감사드리며 고객님의 비즈니스를 소중히 여깁니다. 주문을 진행하려면 관심 있는 특정 품목에 대한 자세한 내용을 알려주시겠습니까? 이를 통해 고객님께 더 나은 지원을 제공하고 원활하고 성공적인 구매 절차를 보장할 수 있습니다.
BCILQ,주문하고 싶은데 도와주실 수 있나요?,주문,주문하기,우리에게 주문하는 데 관심을 가져주셔서 감사합니다! 저희는 모든 단계에서 고객님을 돕기 위해 여기 있습니다. 고객님의 요구 사항을 더 잘 이해할 수 있도록 주문하려는 특정 품목에 대한 자세한 내용을 제공해 주시겠습니까? 해당 정보가 확보되면 절차를 안내하고 원활하고 만족스러운 경험을 보장할 수 있습니다.
BIL,물건을 주문하려면 어떻게 해야 하나요?,주문,주문하기,"우리에게 주문하는 데 관심을 가져주셔서 감사합니다! 주문을 시작하려면 다음의 간단한 단계를 따르세요. 먼저, 다양한 제품을 살펴보고 눈에 띄는 제품을 선택하세요. 원하는 상품을 찾았으면 ""장바구니에 추가"" 버튼을 클릭하세요. 그러면 해당 항목이 장바구니에 추가됩니다. 구매하려는 품목을 모두 추가한 후 결제 페이지로 이동하세요. 그러면 배송 주소와 결제 세부정보를 입력하라는 메시지가 표시됩니다. 필수 정보를 모두 입력한 후 주문을 검토하여 모든 사항이 올바른지 확인하세요. 마지막으로 ""주문하기"" 버튼을 클릭하여 구매를 확인하세요. 도중에 어려움이 발생할 경우, 주저하지 말고 당사 고객 지원팀에 연락해 주시면 절차 전반에 걸쳐 기꺼이 도움을 드릴 것입니다. 즐거운 쇼핑하세요!"
BELMQ,일부 아이템을 획득하는 방법을 모르겠습니다,주문,주문하기,저희는 고객님의 봉사 활동을 소중히 여깁니다! 관심 있는 아이템을 얻는 방법을 잘 모르신다는 사실에 공감합니다. 걱정하지 마세요. 제가 도와드리겠습니다. 시작하려면 구입하려는 항목에 대한 자세한 내용을 알려주시겠습니까? 제가 명확하게 이해한 후에는 원활하고 즐거운 경험을 하실 수 있도록 절차를 단계별로 안내해 드리겠습니다.
BLMW,난 빌어먹을 물건을 좀 사려고 해,주문,주문하기,"필요한 물품을 구입하려는 고객님의 결정에 진심으로 감사드립니다. 그 과정에서 약간의 좌절감이나 압도감을 ​​느낄 수도 있다는 점은 충분히 이해할 수 있습니다. 괜찮아요! 저는 고객님께 필요한 모든 지침과 지원을 제공해 드리겠습니다. 구매에 관심이 있는 품목의 구체적인 세부 정보를 저와 공유해 주세요. 그러면 저희는 이 여정의 모든 단계가 순조롭고 보람 있고 ""젠장""이 되지 않도록 함께 노력할 것입니다!"
BCILP,물건을 쇼핑하고 싶은데 도움을 받을 수 있나요?,주문,주문하기,저희 쇼핑에 관심을 가져주셔서 감사합니다! 저는 고객님께 필요한 도움을 제공하기 위해 여기에 있습니다. 구매하고 싶은 구체적인 품목을 알려주시면 절차를 안내해 드리겠습니다. 정보를 제공하든 주문을 완료하도록 돕든 저는 고객님께 원활하고 만족스러운 쇼핑 경험을 보장하기 위해 최선을 다하고 있습니다.
BLM,고객님의 물건 중 일부를 구입하도록 도와주세요,주문,주문하기,"문의해 주셔서 감사합니다. 당사 제품 중 일부 구매에 관심을 가져주셔서 감사합니다. 구매 과정을 기꺼이 도와드리겠습니다. 먼저, 구매하려는 특정 품목에 대한 자세한 내용을 알려주시겠습니까? 이 정보는 고객님의 구매를 원활하게 완료하는 데 필요한 단계를 안내하는 데 도움이 됩니다."
BLM,고객님의 품목을 여러 개 주문하려고 합니다,주문,주문하기,문의해 주셔서 감사합니다! 우리에게 여러 품목을 주문하는 데 관심을 가져주셔서 감사합니다. 제가 확실히 도와드릴 수 있습니다. 시작하려면 주문하려는 특정 품목의 세부정보를 알려주시겠습니까? 해당 정보가 접수되면 원활하고 즐거운 쇼핑 경험을 보장하기 위한 절차를 안내해 드리겠습니다.
BLM,저는 고객님의 기사를 여러 개 사고 싶습니다,주문,주문하기,당사의 여러 제품 구매에 관심을 가져주셔서 감사합니다! 저희는 고객님의 요구를 충족시킬 수 있는 다양한 제품을 보유하고 있습니다. 주문을 진행하려면 당사 웹사이트를 방문하여 당사 컬렉션을 탐색하고 원하는 품목을 장바구니에 추가하는 것이 좋습니다. 당사 제품에 대해 특정 질문이 있거나 주문 과정에서 도움이 필요한 경우 언제든지 문의해 주세요. 저희는 고객님의 쇼핑 경험을 즐겁고 성공적으로 만들도록 돕기 위해 왔습니다!
BLMQ,일부 제품을 획득하는 데 도움이 필요합니다,주문,주문하기,저희의 지원을 통해 일부 제품을 얻는 데 관심을 표명해 주셔서 감사합니다! 저희는 고객님께 절차를 안내하고 정보에 입각한 결정을 내릴 수 있도록 도와드립니다. 관심 있는 특정 제품에 대한 자세한 내용을 제공해 주시겠습니까? 이를 통해 저희는 고객님께 맞춤형 추천을 제공하고 고객님의 목표 달성을 지원할 수 있습니다. 고객님의 수익 경험이 성공할 수 있도록 함께 노력합시다!
BILMQ,고객님의 제품을 여러 개 주문할 수 있습니까?,주문,주문하기,다양한 제품 주문에 관심을 가져주셔서 감사합니다! 열정적인 모습이 참 보기 좋습니다. 저희는 구매할 수 있는 다양한 제품을 보유하고 있으며 고객님의 주문을 도와드리겠습니다. 더 나은 지원을 위해 주문하려는 제품의 구체적인 세부정보를 알려주시겠습니까? 이를 통해 고객님의 원활하고 원활한 주문 절차를 보장할 수 있습니다. 즐거운 쇼핑 경험이 될 수 있도록 함께 노력합시다!
BLMQ,나 물건 좀 사야 돼,주문,주문하기,"구매 의사를 표현해 주셔서 감사합니다! 저는 고객님이 필요한 품목을 찾고 구매하는 데 도와드리겠습니다. 구매하려는 품목에 대한 유형, 수량, 선호하는 사항 등 자세한 내용을 알려주시기 바랍니다. 필요한 정보가 확보되면 절차를 안내하고 원활한 구매 경험을 보장해 드리겠습니다. 시작해 봅시다!"
BILQ,제품을 구입하려면 어떻게 해야 하나요?,주문,주문하기,"저희 제품 구매에 관심을 가져주셔서 감사합니다! 구매 과정을 안내하기 위해 따라야 할 단계를 안내해 드리겠습니다. 1. 당사 웹사이트를 탐색하거나 매장을 방문하여 당사의 다양한 제품을 살펴보십시오. 2. 구매하고 싶은 상품을 찾으셨다면, 해당 상품을 클릭하시면 상품 상세정보를 보실 수 있습니다. 3. 추가 정보가 필요하거나 질문이 있는 경우 언제든지 고객 서비스 팀에 문의하세요. 4. 구매하려면 ""장바구니에 추가"" 또는 ""지금 구매"" 버튼을 클릭하세요. 5. 장바구니에 있는 품목을 검토하고 필요한 사항을 조정합니다. 6. 결제 페이지로 이동하여 배송지 주소와 결제 정보를 입력하세요. 7. 주문 요약을 다시 확인하고 모든 세부 사항이 올바른지 확인하세요. 8. ""주문하기"" 버튼을 클릭하여 구매를 확인하세요. 9. 주문을 완료하면 주문 확인 이메일이나 구매 세부정보가 포함된 메시지를 받게 됩니다. 10. 주문이 배송되면 추적 정보가 포함된 또 다른 알림을 받게 됩니다. 어떤 단계에서든 문제가 발생하거나 추가 지원이 필요한 경우 주저하지 말고 고객 지원팀에 문의하세요. 저희는 고객님이 원활하게 구매하고 멋진 쇼핑 경험을 할 수 있도록 돕기 위해 왔습니다!"
BCLM,고객님의 품목을 여러 개 쇼핑해야 합니다. 도와주세요.,주문,주문하기,"문의해 주셔서 감사합니다! 당사의 여러 품목을 쇼핑하는 데 관심을 가져주셔서 감사합니다. 안심해 주세요. 고객님의 구매 경험을 최대한 원활하게 할 수 있도록 도와드리겠습니다. 먼저, 쇼핑하고 싶은 특정 품목을 알려주시겠어요? 해당 정보가 확보되면 절차를 안내해 드리고 원활한 쇼핑 경험을 보장해 드릴 수 있습니다."
BL,기사를 주문하는 데 도움이 필요합니다,주문,주문하기,문의해 주셔서 감사합니다! 우리에게 기사를 주문하는 데 관심을 가져주셔서 감사합니다. 저는 고객님이 성공적으로 주문하는 데 필요한 도움을 제공해 드리겠습니다. 시작하려면 주문하려는 제품에 대한 자세한 내용을 알려주시겠습니까? 이렇게 하면 절차를 안내하고 원활하고 만족스러운 경험을 하실 수 있도록 도와드리겠습니다.
BLM,제가 제품을 구입하도록 도와주세요,주문,주문하기,문의해 주셔서 감사합니다! 고객님이 관심 있는 제품을 구입하실 수 있도록 최선을 다해 도와드리겠습니다. 절차를 시작하려면 구입하려는 특정 제품에 대한 자세한 내용을 제공해 주시겠습니까? 이렇게 하면 내가 고객님을 효율적으로 안내하고 고객님이 이러한 아이템을 획득하는 데 있어 원활한 경험을 할 수 있도록 할 것입니다.
BIMQ,여러 품목을 구입할 수 있나요?,주문,주문하기,당사의 여러 품목 구매에 관심을 가져주셔서 감사합니다! 저희는 고객님이 선택할 수 있는 다양한 제품을 보유하고 있습니다. 주문하려면 온라인 카탈로그를 살펴보고 원하는 품목을 장바구니에 추가하세요. 구매하려는 품목을 모두 선택했으면 결제 페이지로 이동하여 안내에 따라 주문을 완료하세요. 진행 중에 질문이 있거나 도움이 필요한 경우 언제든지 고객 서비스 팀에 연락해 주시면 기꺼이 도와드리겠습니다. 즐거운 쇼핑하세요!
BCLW,피묻은 아이템을 구해야 하는데 도움이 필요해요,주문,주문하기,피 묻은 아이템을 획득하는 데 도움이 필요하다는 메시지를 보내주셔서 기쁩니다. 구매하려는 특정 품목을 염두에 두고 계신 것으로 알고 있으며 이에 대해 도움을 드리고자 합니다. 시작하려면 관심 있는 항목에 대한 자세한 내용을 알려주시겠습니까? 고객님의 요구 사항을 명확하게 이해하면 완벽한 솔루션을 찾는 데 도움을 드릴 수 있습니다. 이번 구매가 원활하고 만족스러운 경험이 될 수 있도록 함께 노력하겠습니다.
BLMQZ,고객님의 제품 몇 개를 주문하려면 도움이 필요해요,주문,주문하기,몇 가지 제품을 주문하는 데 도움을 요청해 주셔서 감사합니다. 저희는 고객님께 절차를 안내하고 원활하고 만족스러운 경험을 보장하기 위해 왔습니다. 더 나은 지원을 제공할 수 있도록 관심 있는 제품을 지정해 주시겠습니까? 이를 통해 당사는 고객님의 필요에 맞는 정확한 정보와 옵션을 제공할 수 있습니다. 저희는 고객님의 주문에 도움을 드릴 수 있기를 기대합니다.
BLM,몇 가지 물건을 구매하려고 합니다.,주문,주문하기,당사의 기사 구매에 관심을 가져주셔서 감사합니다! 고객님의 구매가 원활하고 만족스러운 경험이 될 수 있도록 도와드리겠습니다. 먼저 구입하고 싶은 품목에 대한 자세한 내용을 알려주시겠습니까? 이렇게 하면 고객님께 정확한 정보를 제공하고 필요한 단계를 안내하는 데 도움이 됩니다.
BLMZ,일부 제품 구매에 대한 지원,주문,주문하기,당사 제품 구매에 관심을 가져주셔서 감사합니다! 저는 고객님께 필요한 도움을 제공하기 위해 여기에 있습니다. 시작하려면 어떤 특정 제품에 관심이 있는지 알려주시겠어요? 세부정보를 공유해 주시면 절차를 안내해 드리며 고객님의 구매 경험이 원활하고 유익할 수 있도록 도와드리겠습니다.
BIL,어디서 돈을 벌 수 있나요?,주문,주문하기,"우리로부터 무언가를 얻는 데 관심을 가져주셔서 감사합니다! 저희는 고객님이 우리 제품을 얻을 수 있는 다양한 프로그램과 기회를 제공합니다. 인기 있는 옵션 중 하저는 친구와 가족에게 당사 웹사이트나 제품을 추천하고 성공적인 추천에 대한 보상을 받을 수 있는 추천 프로그램입니다. 또한, 당사는 고객님이 참여하여 상품을 받거나 특별 할인을 받을 수 있는 프로모션 이벤트나 콘테스트를 자주 개최합니다. 당사 제품을 획득할 수 있는 다양한 방법에 대한 자세한 내용을 알아보려면 당사 웹사이트를 방문하거나 고객 지원팀에 문의하시기 바랍니다."
BLMQZ,고객님의 품목 중 일부를 주문하는 데 도움이 됩니다,주문,주문하기,저희는 품목 주문에 도움을 주기 위해 왔습니다. 저는 고객님께 원활하고 즐거운 쇼핑 경험을 보장하기 위해 왔습니다. 시작하려면 주문하려는 품목의 구체적인 세부정보를 알려주시겠어요? 이를 통해 제가 고객님께 절차를 안내하고 정보에 입각한 결정을 내리는 데 도움이 될 것입니다. 앞으로 더 많은 도움을 드릴 수 있기를 기대합니다!
BLQ,물건을 주문하려면 어떻게 해야 하는지 모르겠어요,주문,주문하기,연락해주셔서 기뻐요! 저는 고객님이 상품을 주문하는 단계에 대해 확신이 없다는 것을 분명히 알고 있습니다. 걱정하지 마세요. 제가 도와드리겠습니다. 주문하려면 먼저 당사 웹사이트나 카탈로그를 탐색하여 관심 있는 항목을 찾으세요. 해당 항목을 찾은 후 장바구니에 추가하고 결제 페이지로 진행하세요. 결제 페이지에서 배송 정보를 제공하고 결제 방법을 선택하고 구매를 확인하기 전에 주문을 검토해야 합니다. 특정 항목에 대해 궁금한 점이 있거나 절차의 모든 단계에서 지침이 필요한 경우 언제든지 알려주시기 바랍니다. 저는 고객님의 주문 경험을 원활하고 즐겁게 만들기 위해 왔습니다.
BLMQ,고객님의 기사 중 일부를 쇼핑하는 데 도움이 필요합니다,주문,주문하기,"우리 제품 중 몇 가지를 쇼핑하는 데 도움을 드리게 되어 기쁩니다! 다양한 제품을 탐색하고 구매하려는 고객님의 열정은 정말 고무적입니다. 원활하고 보람있는 쇼핑 경험을 보장하기 위한 절차를 안내해 드리겠습니다. 먼저, 관심 있는 특정 기사에 대한 자세한 내용을 알려주시겠습니까? 이를 통해 저는 고객님께 맞춤형 지원을 제공하고 고객님이 관심을 가질 수 있는 대안을 제안할 수 있습니다. 저는 고객님의 쇼핑 여정을 즐겁고 성공적으로 만들기 위해 왔습니다. 고객님이 선호하는 사항이나 요구 사항이 있으면 자유롭게 공유해 주십시오. 이 흥미진진한 모험을 함께 시작해 보세요!"
BLM,저는 고객님의 제품을 몇 개 벌어야 해요,주문,주문하기,당사 제품 구매에 관심을 가져주셔서 감사합니다! 구매 과정을 안내해 드리고자 왔습니다. 더 나은 지원을 위해 구입하려는 특정 제품에 대한 자세한 내용을 제공해 주시겠습니까? 필요한 정보가 모두 확보되면 원활하고 원활한 경험을 제공해 드릴 수 있습니다.
BCILP,뭔가를 얻고 싶은데 어떻게 해야 하나요?,주문,주문하기,우리로부터 제품을 구입하는 데 관심을 보여주셔서 감사합니다! 저는 고객님께 절차를 안내하고 원활한 경험을 보장하기 위해 왔습니다. 시작하려면 어떤 특정 아이템을 얻고 싶은지 알려주시겠어요? 해당 정보가 접수되면 구매에 필요한 모든 단계를 안내해 드리겠습니다.
BILM,고객님의 기사 몇 개를 어디서 구할 수 있나요?,주문,주문하기,여러 기사를 구입하는 데 관심을 가져주셔서 감사합니다! 구매 시 다양한 옵션이 제공됩니다. 가장 편리하고 적합한 옵션을 찾을 수 있도록 고객님의 위치나 구매를 선호하는 플랫폼을 알려주시겠습니까? 이 정보를 통해 고객님의 요구 사항을 충족하고 관심 있는 기사를 얻는 데 도움이 되는 맞춤형 솔루션을 제공할 수 있습니다.
BLM,여러 물품을 구매하는 데 도움을 받고 싶습니다.,주문,주문하기,우리 컬렉션에서 여러 품목을 구입해 주셔서 감사합니다! 여러 품목을 쇼핑하는 것은 흥미로운 경험이 될 수 있습니다. 안심하세요. 저는 이 과정을 수월하게 만드는 데 필요한 지침을 제공해 드리겠습니다. 관심 있는 특정 기사를 알려주시면 함께 고객님의 쇼핑 여정이 원활하고 즐거운지 확인하겠습니다. 즐거운 쇼핑하세요!
BILMZ,고객님의 제품을 여러 개 구매하려면 어떻게 해야 합니까?,주문,주문하기,"당사의 여러 제품 구매에 관심을 가져주셔서 감사합니다! 최대한 원활하게 진행되도록 과정을 안내해 드리겠습니다. 여러 제품을 구매하려면 먼저 당사 웹사이트를 방문하여 다양한 제품을 탐색해 보세요. 구매하려는 제품을 확인한 후 각 제품 페이지의 ""장바구니에 추가"" 버튼을 클릭하여 장바구니에 추가하세요. 원하는 상품을 모두 장바구니에 담은 후 결제 페이지로 이동하세요. 여기에 배송 주소와 결제 세부 정보를 입력하라는 메시지가 표시됩니다. 주문을 검토하고 구매를 완료하기 전에 확인하세요. 어려움이 있거나 특정 요구 사항이 있는 경우 연중무휴 24시간 운영되는 당사 고객 서비스 팀에 연락하시면 기꺼이 도와드리겠습니다. 즐거운 쇼핑하세요!"
BILM,여러 품목을 구매하는 방법은 무엇입니까?,주문,주문하기,여러 상품 구매 방법에 대해 문의해주셔서 감사합니다. 저는 고객님께 절차를 안내하고 가능한 한 편리하고 원활하게 진행되도록 하려고 왔습니다. 시작하려면 당사 웹사이트나 앱을 방문하여 광범위한 제품 컬렉션을 살펴보는 것이 좋습니다. 구매하려는 품목을 찾으면 장바구니에 추가하기만 하면 됩니다. 준비가 되면 주문을 검토하고 배송 및 결제 세부정보를 제공할 수 있는 결제 페이지로 이동하세요. 구매를 확인한 후 예상 배송일이 포함된 주문 확인서를 받게 됩니다. 주문과 관련하여 특정 선호 사항이나 요구 사항이 있는 경우 언제든지 알려주시면 고객님의 요구 사항이 충족되도록 하겠습니다. 즐거운 쇼핑하세요!
BILMQ,아이템을 얻을 수 있는 곳,주문,주문하기,저희 아이템 구매에 관심을 가져주셔서 감사합니다! 저는 고객님께 필요한 제품을 찾고 구매하는 과정을 안내하기 위해 왔습니다. 아이템을 얻으려면 당사 웹사이트 [웹사이트/메뉴]를 방문하세요. 당사 웹사이트는 다양한 제품을 쉽게 찾아보고 주문할 수 있는 사용자 친화적인 인터페이스를 제공합니다. 보다 개인화된 경험을 원하시면 [주소/지역]에 위치한 실제 매장을 방문하실 수도 있습니다. 지식이 풍부한 저희 직원이 고객님이 원하는 품목을 찾는 데 기꺼이 도움을 드릴 것입니다. 어떤 옵션을 선택하시든 당사는 고객님께 원활하고 즐거운 쇼핑 경험을 제공하기 위해 최선을 다하고 있습니다. 특별히 찾고 있는 사항이 있으면 알려주세요. 최선을 다해 도와드리겠습니다.
BLM,고객님의 기사 중 일부를 어떻게 주문할 수 있는지 모르겠습니다,주문,주문하기,기사 주문에 대한 도움을 받기 위해 고객님의 메시지를 받게 되어 기쁘게 생각합니다. 지금은 절차가 약간 불확실해 보일 수 있다는 점을 이해하지만 걱정하지 마세요. 모든 단계를 안내해 드리겠습니다. 이 경험을 간단하고 즐겁게 만들어 보겠습니다. 기사를 주문하려면 몇 가지 옵션이 있습니다. 당사 웹사이트를 방문하여 당사의 기사 컬렉션을 탐색하고 구매하려는 기사를 장바구니에 추가할 수 있습니다. 선택을 완료한 후 결제 페이지로 이동하여 안내에 따라 주문을 완료하세요. 또는 맞춤형 지원을 원하시면 라이브 채팅 기능이나 전화를 통해 고객 지원팀에 문의하실 수 있습니다. 당사의 지식이 풍부한 담당자는 고객님의 주문을 기꺼이 받아들이고 고객님의 모든 질문에 답변해 드릴 것입니다. 안심하세요. 당사는 고객님의 기사가 적시에 배송될 수 있도록 원활한 주문 절차를 갖추고 있습니다. 추가 지원이 필요하거나 특정 기사를 염두에 두고 있는 경우 알려주시면 기꺼이 도와드리겠습니다.
BZ,구매하는 데 도움이 필요합니다,주문,주문하기,"문의해 주셔서 감사합니다! 저는 고객님이 구매하는 데 필요한 도움을 제공해 드리겠습니다. 구매 과정이 때로는 부담스러울 수 있다는 점을 이해하며, 모든 단계를 안내해 드리겠습니다. 관심 있는 특정 항목이 무엇인지 알려주시면 해당 과정이 원활하고 즐겁게 진행될 수 있도록 하겠습니다. 저희는 고객님이 꼭 필요한 것을 정확하게 찾고 즐거운 쇼핑 경험을 누릴 수 있도록 함께 도와드리겠습니다."
BLM,고객님의 기사를 얻을 수 있도록 도와주세요,주문,주문하기,저희는 우리 기사의 일부를 얻는 데 관심이 있는 고객님을 위해 여기에 있습니다. 저희는 주로 구매할 제품을 제공하는 데 중점을 두고 있지만 개인이 협력이나 파트너십을 통해 기사를 얻을 수 있는 특정 기회가 있을 수도 있습니다. 고객님의 구체적인 관심분야와 배경에 대해 더 많이 아는 것이 고객님께 더욱 맞춤화된 정보를 제공하는 데 도움이 될 것입니다. 우리 기사를 어떻게 얻고 싶은지에 대한 자세한 내용을 공유해 주실 수 있나요?
BILM,일부 제품을 구입하려면 어떻게 해야 합니까?,주문,주문하기,"우선, 당사 제품 구입에 관심을 가져주셔서 감사합니다! 절차를 시작하려면 당사 웹사이트/카탈로그를 탐색하여 당사가 제공하는 다양한 제품을 살펴보세요. 구매하려는 특정 제품을 결정한 후에는 당사 웹사이트의 간단한 단계에 따라 해당 제품을 장바구니에 추가하고 결제 페이지로 이동할 수 있습니다. 결제 페이지에서 구매를 완료하려면 배송 주소와 결제 세부정보를 입력하라는 메시지가 표시됩니다. 절차 중 언제든지 특정 질문이 있거나 도움이 필요한 경우 고객 지원팀에 문의하세요. 고객 지원팀이 기꺼이 안내하고 원활하고 즐거운 쇼핑 경험을 보장해 드릴 것입니다. 즐거운 쇼핑하세요!"
BCILPW,"빌어먹을 기사를 벌어야 하는데, 도와주실 수 있나요?",주문,주문하기,"문의해 주셔서 감사합니다! 특정 기사를 얻으려는 고객님의 열정이 느껴지며, 저는 고객님이 그 목표를 달성하도록 돕기 위해 왔습니다. 원활하고 보람있는 경험을 보장하기 위해 함께 노력합시다. 고객님이 얻고자 하는 기사에 대한 자세한 내용을 알려주시겠습니까? 이렇게 하면 제가 과정을 안내하고 모든 단계에서 도움을 드릴 수 있습니다."
BEL,뭔가 주문하는 방법을 모르겠어요,주문,주문하기,연락해 주시고 주문 방법을 모르시는 것에 대한 우려를 표명해주셔서 감사합니다. 저는 모든 단계에서 고객님을 돕기 위해 여기 있습니다. 의심을 명확히 하고 요구 사항을 이해하는 것부터 시작하겠습니다. 이름이나 기타 관련 정보 등 주문하려는 특정 품목에 대한 자세한 내용을 알려주시겠습니까? 필요한 정보가 확보되면 절차를 안내해 드리고 주문이 쉽고 즐거운 경험이 될 수 있도록 도와드리겠습니다.
BLM,고객님의 아이템 몇 개를 얻을 수 있도록 도와주세요,주문,주문하기,우리 품목 중 일부 구입에 관심을 가져주셔서 감사합니다. 고객님이 우리가 제공하는 서비스에 대해 관심을 갖고 있다는 것을 보니 정말 기쁩니다. 정보를 잘 알고 구매하는 만족감을 느낄 수 있도록 이러한 아이템을 획득하는 과정을 안내해 드리겠습니다. 획득하려는 아이템의 구체적인 세부정보를 알려주시겠어요? 이를 통해 저는 고객님께 맞춤형 지원을 제공하고 당사와의 여행이 원활하고 보람차도록 보장할 수 있습니다.
BILMQZ,여기에서 고객님 기사의 일부를 주문할 수 있나요?,주문,주문하기,우리 기사 주문에 관심을 가져주셔서 감사합니다! 고객님이 우리와 함께 구매를 고려하고 있어서 기쁘네요. 기사를 주문하려면 당사 웹사이트 [웹사이트/메뉴]를 방문하세요. 저희는 다양한 기사를 검색하고 장바구니에 추가할 수 있는 편리한 온라인 상점을 보유하고 있습니다. 결제할 준비가 되면 안내에 따라 주문을 완료하세요. 주문 과정 전반에 걸쳐 질문이 있거나 도움이 필요한 경우 당사 고객 지원팀에서 [운영시간/기간]를 통해 도움을 받으실 수 있습니다. 즐거운 쇼핑하세요!
BLMQ,고객님 제품 몇 개를 어떻게 살 수 있는지 모르겠어요,주문,주문하기,"고객님의 문의 사항을 저희에게 연락해 주셔서 감사합니다. 고객님께서 당사 제품 중 일부를 구매하는 과정에 대해 확신이 없으신 것으로 알고 있습니다. 걱정하지 마세요. 전체 주문 과정을 안내해 드리겠습니다. 먼저 당사 웹사이트나 온라인 상점을 살펴보겠습니다. 가격, 설명, 현재 프로모션 등 당사 제품에 대한 자세한 정보를 확인할 수 있습니다. 구매하려는 제품을 선택한 후 장바구니에 추가하고 결제 페이지로 이동하세요. 구체적인 질문이 있거나 도중에 어려움을 겪게 되면 주저하지 말고 도움을 요청하세요. 저희는 고객님의 온라인 쇼핑 경험이 원활하고 즐거운지 확인하기 위해 왔습니다. 놀라운 제품을 쉽게 얻을 준비를 하세요!"
BQ,주문하는데 도움이 필요해요,주문,주문하기,주문에 도움을 주신 메시지에 감사드립니다. 저는 고객님께 절차를 안내하고 가능한 한 원활하게 진행되도록 하려고 왔습니다. 주문하고 싶은 품목의 세부정보를 알려주시면 원활하고 만족스러운 쇼핑 경험을 선사해 드리겠습니다.
BILM,고객님의 기사 몇 개를 어디서 쇼핑하나요?,주문,주문하기,저희 기사 쇼핑에 관심을 가져주셔서 감사합니다! 원활한 경험을 위해 쇼핑하기에 완벽한 장소를 안내해 드리겠습니다. 고객님이 찾고 있는 특정 기사에 대한 자세한 내용을 알려주시겠습니까? 이를 통해 저는 고객님께 가장 정확한 정보를 제공하고 고객님이 해당 정보를 검색하고 구매할 수 있는 올바른 위치로 안내할 수 있습니다. 고객님의 필요와 선호도에 맞는 완벽한 기사를 찾을 수 있도록 함께 노력합시다.
BILM,고객님 기사 몇 개 쇼핑하는 걸 도와주실 수 있나요?,주문,주문하기,고객님의 쇼핑 요구에 맞는 기사를 고려해 주셔서 감사합니다! 저희 컬렉션에서 몇 가지 품목을 선택하고 구매하실 수 있도록 기꺼이 도와드리겠습니다. 저의 안내에 따라 원활한 쇼핑 경험을 하실 수 있습니다. 고객님의 선호도를 알려주시면 고객님의 쇼핑 여정이 즐겁고 보람차도록 맞춤형 추천을 제공해 드리겠습니다. 시작해 봅시다!
BILQZ,어떻게 물건을 구입할 수 있나요?,주문,주문하기,문의해 주셔서 감사합니다! 고객님의 구매를 도와드리게 되어 기쁘게 생각합니다. 구매하려면 당사 웹사이트를 방문하여 당사의 다양한 제품을 탐색하시면 됩니다. 원하는 상품을 찾으면 장바구니에 추가하고 결제 페이지로 이동할 수 있습니다. 결제 시 원활한 거래를 위해 배송 및 결제 세부정보를 제공해야 합니다. 절차 중 언제든지 특정 질문이 있거나 도움이 필요한 경우 언제든지 고객 지원팀에 문의하세요. 모든 단계를 안내해 드릴 수 있습니다. 즐거운 쇼핑하세요!
BELMQZ,여러 제품을 어떻게 얻을 수 있는지 모르겠습니다,주문,주문하기,여러 가지 당사 제품 구입에 도움을 받기 위해 당사에 연락해 주셔서 기쁘게 생각합니다. 그 과정이 불확실하거나 부담스러워 보일 수 있다는 점을 이해합니다. 하지만 걱정하지 마세요. 단계별로 안내해 드리겠습니다. 시작하려면 어떤 특정 제품에 관심이 있는지 알려주시겠어요? 이를 통해 저는 고객님께 필요한 정보를 제공하고 고객님이 현명한 결정을 내릴 수 있도록 도와드릴 수 있습니다.
BLM,여러 제품을 주문하는 방법을 모르겠습니다.,주문,주문하기,"전혀 걱정하지 마세요! 저는 여러 제품을 주문하는 과정을 안내하기 위해 왔습니다. 먼저, 구매하고 싶은 상품을 선택하는 것부터 시작하겠습니다. 당사 웹사이트나 온라인 상점을 탐색하여 이용 가능한 다양한 옵션을 탐색할 수 있습니다. 원하는 제품을 선택하신 후 장바구니에 담으시면 됩니다. 이렇게 하려면 ""장바구니에 추가"" 버튼이나 각 항목과 관련된 아이콘을 클릭하기만 하면 됩니다. 원하는 제품을 모두 장바구니에 추가한 후 결제 페이지로 이동하세요. 여기에 배송 및 청구 정보를 제공해야 합니다. 원활한 배송을 위해 세부정보의 정확성을 다시 한 번 확인하세요. 마지막으로 신용카드, PayPal, 은행 송금 등 원하는 결제 수단을 선택하고 구매를 완료하세요. 특정 질문이 있거나 절차 중에 어려움이 발생할 경우 [운영시간/기간]([고객센터전화번호])의 고객 지원팀에 언제든지 문의하세요. 그들은 모든 단계에서 고객님을 기꺼이 도와드릴 것이며 고객님의 쇼핑 경험을 최대한 즐겁게 만들어 드릴 것입니다. 즐거운 쇼핑하세요!"
BLMQ,저는 고객님의 제품 중 일부를 구입하려고 합니다,주문,주문하기,저희 제품 구매에 관심을 가져주셔서 감사합니다! 저는 고객님께 절차를 안내하고 가능한 한 원활하게 진행되도록 하려고 왔습니다. 더 나은 도움을 드릴 수 있도록 구매하려는 특정 제품에 대한 자세한 정보를 제공해 주시겠습니까? 이를 통해 고객님께 정확한 정보와 맞춤형 추천을 제공할 수 있습니다. 원활하고 만족스러운 쇼핑 경험을 선사해드리겠습니다!
BCILPQ,제품을 주문해야 하는데 도움을 좀 받을 수 있을까요?,주문,주문하기,제품 주문에 관심을 가져주셔서 감사합니다! 저는 이 과정을 원활하고 즐겁게 만드는 데 필요한 도움을 제공해 드리겠습니다. 어떤 특정 제품을 주문하고 싶은지 알려주시면 성공적인 구매를 위한 단계를 안내해 드리겠습니다.
BLMZ,여러 품목을 주문하는 방법을 모르겠습니다.,주문,주문하기,연락을 주시고 여러 품목을 주문하는 데 대한 불확실성을 표현해주셔서 감사합니다. 저는 고객님께 절차를 안내하고 편리하고 원활한 경험을 보장하기 위해 왔습니다. 시작하려면 온라인으로 기사를 주문할 것인지 아니면 실제 매장을 통해 주문할 것인지 물어봐도 될까요? 이를 알면 고객님이 쉽게 주문하는 데 도움이 되는 가장 관련성 높은 단계와 정보를 제공할 수 있습니다.
BLMQZ,나 네 제품 좀 사야 돼,주문,주문하기,고객님의 쇼핑 요구에 맞춰 당사 제품을 고려해 주셔서 감사합니다! 장바구니에 추가할 완벽한 품목을 찾는 데 도움을 드리게 되어 기쁩니다. 시작하려면 관심 있는 제품에 대한 자세한 내용을 알려주시겠습니까? 이를 통해 고객님이 원하는 것을 정확히 찾고 고객님의 쇼핑 경험을 최대한 즐겁게 만드는 데 도움이 될 것입니다.
BILMP,제가 몇 가지 물품을 구입하는 것을 도와주실 수 있나요?,주문,주문하기,내가 해낼게! 여러 품목을 구매하실 수 있도록 기꺼이 도와드리겠습니다. 당사의 다양한 제품은 고객님이 선택할 수 있는 옵션이 다양함을 보장합니다. 시작하려면 관심 있는 기사에 대한 자세한 내용을 알려주시겠어요? 이렇게 하면 절차를 안내하고 원활하고 즐거운 쇼핑 경험을 보장할 수 있습니다. 고객님께 꼭 맞는 기사를 함께 찾아보세요!
BLQZ,제품을 구매하려고 합니다,주문,주문하기,저희 제품 구매에 관심을 가져주셔서 감사합니다! 주문 과정을 도와드리고 원활하고 즐거운 경험이 될 수 있도록 최선을 다해 도와드리겠습니다. 시작하려면 구매하려는 제품의 세부정보를 알려주시겠어요? 이를 통해 제가 고객님께 효과적으로 안내하고 정보에 입각한 결정을 내리는 데 도움이 될 것입니다.
BELMQ,여러 제품을 구매하려면 어떻게 해야 하는지 모르겠습니다,주문,주문하기,"저는 여러 제품을 구입하는 것이 때때로 부담스러워 보일 수 있다는 현실을 알고 있습니다. 특히 관련 단계를 잘 모르는 경우에는 더욱 그렇습니다. 걱정하지 마세요. 제가 이 과정을 안내하고 최대한 간단하게 진행하도록 도와드리겠습니다. 시작하려면 간단한 세 단계로 나누어 보겠습니다. 1. 탐색 및 선택: 시간을 내어 당사의 다양한 제품을 탐색하고 관심을 끄는 제품을 찾으십시오. 다양한 카테고리를 탐색하거나, 검색 필터를 사용하거나, 추천 컬렉션을 확인하여 원하는 항목을 찾을 수 있습니다. 2. 장바구니에 추가: 구매하려는 제품을 찾은 후 각 항목 옆에 있는 ""장바구니에 추가"" 버튼을 클릭하기만 하면 됩니다. 이렇게 하면 해당 제품이 가상 장바구니에 추가되며 필요한 경우 계속해서 더 많은 제품을 검색할 수 있습니다. 3. 체크아웃 및 구매 완료: 원하는 제품을 모두 선택했으면 ""장바구니"" 또는 ""체크아웃"" 버튼을 클릭하여 주문을 검토하세요. 결제를 진행하기 전에 수량, 크기, 기타 사양을 다시 한번 확인하세요. 만족스러우면 메시지에 따라 배송 주소를 입력하고 배송 방법을 선택한 다음 구매를 완료하는 데 필요한 결제 세부 정보를 제공하세요. 절차 중 언제든지 도움이 필요하거나 질문이 있는 경우 주저하지 말고 고객 지원팀에 문의하세요. 저희는 고객님이 원활한 경험을 하고 즐거운 쇼핑 여행을 할 수 있도록 돕기 위해 왔습니다. 즐거운 쇼핑 되세요. 저희를 선택해 주셔서 감사합니다!"
BCMQZ,고객님 물건 몇 개 사야 할 것 같아요 도와주세요,주문,주문하기,우리 제품 중 몇 가지를 구입해 주셔서 감사합니다! 구체적인 쇼핑 목표를 염두에 두고 계신 것 같습니다. 걱정하지 마세요. 제가 고객님의 구매를 도와드리겠습니다. 가능한 최상의 안내를 제공하기 위해 어떤 품목을 구매하고 싶은지 알려주시겠어요? 해당 정보가 접수되면 원활한 쇼핑 경험을 보장하기 위한 다음 단계를 도와드릴 수 있습니다.
BCIL,상품을 주문하고 싶은데 어떻게 해야 하나요?,주문,주문하기,"저희 제품 주문에 관심을 가져주셔서 감사합니다! 저희는 절차를 안내하고 원활하고 즐거운 작업이 되도록 도와드립니다. 주문하려면 당사 웹사이트를 방문하여 제품 카탈로그를 검색해 보세요. 구매하려는 제품을 찾으면 해당 제품을 클릭하여 세부 정보를 확인하고 ""장바구니에 추가"" 버튼을 클릭하세요. 장바구니에 원하는 모든 제품을 추가한 후 ""장바구니"" 아이콘을 클릭하고 ""결제"" 옵션을 선택하여 결제 페이지로 이동할 수 있습니다. 결제 페이지에서 연락처와 배송 세부정보를 입력하라는 메시지가 표시됩니다. 필수 정보를 입력한 후 주문을 검토하고 결제를 진행할 수 있습니다. 저희는 신용카드, 직불카드, 온라인 결제 게이트웨이를 포함한 다양한 결제 옵션을 제공합니다. 결제가 성공적으로 처리되면 구매 세부정보가 포함된 주문 확인 이메일을 받게 됩니다. 주문 과정 중 언제든지 질문이 있거나 도움이 필요한 경우 당사 고객 서비스 팀이 도움을 드릴 수 있습니다. 저희는 고객님께 서비스를 제공하고 원활한 주문 경험을 제공하기를 기대합니다!"
BEMQ,고객님의 품목을 여러 개 구입하는 방법을 모르겠습니다,주문,주문하기,당사 제품 중 일부 구매에 관심을 가져주셔서 감사합니다. 저는 고객님이 절차를 탐색하고 가능한 한 원활하게 진행되도록 도와드리기 위해 왔습니다. 시작하려면 구입하려는 품목에 대한 자세한 내용을 알려주시겠습니까? 해당 정보를 확보한 후 구매 방법을 단계별로 안내해 드리겠습니다. 원활하고 보람있는 쇼핑 경험을 보장하기 위해 모든 단계에서 고객님과 함께하겠습니다.
BLMQZ,여러 기사를 얻는 데 도움이 필요해요,주문,주문하기,문의해 주셔서 감사합니다! 여러 기사를 구입하는 데 도움이 필요하신 것 같습니다. 정말 환상적이에요! 저는 고객님께 절차를 안내하고 고객님이 원활하고 보람 있는 경험을 할 수 있도록 돕기 위해 왔습니다. 고객님이 얻고자 하는 기사에 대한 자세한 내용을 알려주시겠습니까? 고객님의 선호도를 알면 맞춤형 추천을 제공하고 고객님의 여행을 더욱 만족스럽게 만들 수 있습니다. 함께 이 모험을 떠나자!
BLMZ,고객님의 제품 몇 가지를 구입하는 데 도움이 됩니다,주문,주문하기,저희 제품 구매에 관심을 가져주셔서 감사합니다! 저는 고객님이 필요한 물건을 구입할 수 있도록 도와드리기 위해 왔습니다. 먼저 관심 있는 특정 제품에 대한 자세한 내용을 알려주시겠습니까? 고객님의 선호도와 요구 사항을 이해함으로써 장바구니에 추가할 완벽한 품목을 안내해 드릴 수 있습니다.
BLQ,제품을 어떻게 구매할 수 있는지 모르겠어요,주문,주문하기,저희는 듣고 있어요! 저는 제품을 구매하는 것이 때때로 혼란스러울 수 있다는 사실을 알고 있습니다. 특히 처음 구매하는 경우에는 더욱 그렇습니다. 걱정하지 마세요. 제가 여기에서 절차를 단계별로 안내해 드리겠습니다. 먼저 어떤 제품에 관심이 있으신지 알려주시겠어요? 해당 정보가 확보되면 구매 방법에 대한 자세한 지침을 제공해 드릴 수 있습니다.
BILMQ,일부 물품을 쇼핑하는 방법,주문,주문하기,"우리와 함께 기사를 쇼핑하는 데 관심을 가져 주셔서 감사합니다! 고객님의 구매에 도움을 드리기 위해 단계별 가이드를 제공해 드리겠습니다. 먼저, 당사 웹사이트를 탐색하거나 매장을 방문하여 당사가 제공하는 다양한 제품을 살펴보는 것부터 시작해 보세요. 구매하고 싶은 상품을 찾으면 장바구니나 장바구니에 추가할 수 있습니다. 그 후 결제 절차를 진행하면 배송 주소와 결제 세부정보를 입력하라는 메시지가 표시됩니다. 마지막으로 주문 요약을 검토하고 구매를 확인하세요. 추가 지원이 필요하거나 쇼핑 과정과 관련하여 구체적인 질문이 있는 경우 언제든지 문의해 주세요. 즐거운 쇼핑하세요!"
BLMQ,고객님의 제품 몇 가지를 쇼핑하는 데 도움을 주세요,주문,주문하기,고객님이 당사 제품 중 일부를 쇼핑하는 데 도움이 필요하다는 것을 이해했습니다. 걱정하지 마세요. 제가 모든 단계에서 도움을 드리기 위해 여기 있습니다. 먼저 관심 있는 특정 제품에 대한 추가 정보를 제공해 주시겠습니까? 세부 사항을 파악한 후 쇼핑 과정을 안내하여 정보에 입각한 결정을 내리도록 돕고 즐거운 쇼핑 경험을 보장해 드립니다.
BILM,고객님 기사의 일부를 어디서 구할 수 있나요?,주문,주문하기,우리 기사 중 일부를 구입하는 데 관심을 가져주셔서 감사합니다! 저는 고객님이 그것들을 구입할 수 있는 가장 좋은 장소를 찾는 데 도움을 주기 위해 왔습니다. 가장 정확한 정보를 제공하기 위해 관심 있는 기사를 지정해 주시겠습니까? 해당 정보를 확보하면 편리하게 구매하고 기사를 배달받을 수 있는 올바른 위치나 플랫폼을 안내해 드릴 수 있습니다.
BILM,고객님의 기사 몇 개를 어디에서 구입할 수 있나요?,주문,주문하기,"당사의 여러 기사 쇼핑에 관심을 가져주셔서 감사합니다! 저는 고객님이 구매하기에 완벽한 장소를 찾는 데 도와드리겠습니다. 당사의 제품은 공식 웹사이트에서 판매되며, 이곳에서 당사의 다양한 제품을 검색하고 편리하게 장바구니에 추가할 수 있습니다. 또는 다양한 도시에 위치한 실제 매장을 방문하여 직접 제품을 살펴보실 수도 있습니다. 온라인 쇼핑을 선호하시는 경우 당사 웹사이트에서 상세한 제품 설명, 고객 리뷰 및 안전한 결제 옵션을 갖춘 사용자 친화적인 인터페이스를 제공합니다. 구매 결정을 내리는 데 추가 도움이 필요하거나 다른 질문이 있으면 언제든지 알려주시기 바랍니다. 즐거운 쇼핑하세요!"
BLQ,아이템을 얻으려면 도움이 필요해요,주문,주문하기,"문의해 주셔서 감사합니다! 아이템을 얻으려는 고객님의 열정이 느껴지고, 저는 모든 단계에서 고객님을 돕기 위해 여기 있습니다. 구매에 도움이 되도록 관심 있는 특정 품목에 대한 자세한 내용을 알려주시겠습니까? 이 정보를 통해 고객님을 효과적으로 안내하고 원활하고 보람있는 경험을 보장할 수 있습니다."
BELM,고객님의 제품을 구매하려면 어떻게 해야 할지 모르겠습니다.,주문,주문하기,저희는 고객님의 봉사 활동을 소중히 여깁니다! 고객님이 당사 제품 구매 과정에 대해 확신이 없다는 사실에 공감합니다. 괜찮아요; 저는 모든 단계에서 고객님을 돕기 위해 여기 있습니다. 시작하려면 당사의 다양한 제품을 찾아볼 수 있는 당사 웹사이트를 방문하는 것이 좋습니다. 관심 있는 제품을 찾으면 장바구니에 추가하세요. 여기에서 결제를 진행하고 배송 및 결제에 필요한 정보를 제공할 수 있습니다. 이 과정에서 도움이 필요하거나 구체적인 질문이 있는 경우 언제든지 문의해 주세요. 저희는 고객님이 원활하고 즐거운 쇼핑 경험을 할 수 있도록 돕고 싶습니다. 고객님께 꼭 맞는 제품을 찾아보세요!
BLMZ,고객님의 기사 중 일부를 주문하려고 합니다.,주문,주문하기,"우리 컬렉션의 여러 항목을 고려해 주셔서 감사합니다! 우리 기사에 관심을 가져 주셔서 감사합니다. 여러 품목을 주문하려면 다음과 같은 간단한 단계를 따르세요. 1. 당사 웹사이트나 앱을 탐색하여 이용 가능한 다양한 기사를 살펴보세요. 2. 주문하려는 상품을 찾았으면 원하는 수량과 사이즈(해당하는 경우)를 선택하여 장바구니에 추가하세요. 3. 결제 페이지로 이동합니다. 여기에서 선택한 기사를 검토하고, 프로모션 코드나 할인을 입력하고, 배송 및 결제 정보를 제공할 수 있습니다. 4. 주문을 완료하기 전에 모든 세부 사항이 정확하고 완전한지 확인하십시오. 5. ""주문하기"" 버튼을 클릭하여 구매를 완료하세요. 진행 과정에서 어려움이 있거나 특정 기사나 프로모션에 대해 궁금한 점이 있으면 주저하지 말고 문의하세요. 저희는 모든 단계에서 고객님을 돕기 위해 여기 있습니다. 즐거운 쇼핑하세요!"
BLM,일부 품목을 구매하려면 도움이 필요합니다.,주문,주문하기,문의해 주셔서 감사합니다! 저는 고객님이 관심 있는 품목을 구매하는 데 필요한 도움을 제공해 드리겠습니다. 구매하려는 품목에 대한 자세한 내용을 알려주시겠습니까? 이렇게 하면 절차를 보다 효과적으로 안내하고 원활한 경험을 보장하는 데 도움이 됩니다.
BLMQ,고객님의 품목을 여러 개 구매하려면 도움이 필요합니다,주문,주문하기,여러 품목 구매에 도움을 받기 위해 연락해 주셔서 감사합니다. 저는 고객님의 구매 경험이 원활하고 즐거운지 확인하기 위해 왔습니다. 관심 있는 특정 품목을 함께 파악하고 제품 선택부터 주문까지 전체 과정을 안내해 드립니다. 고객님이 갖고 있는 선호 사항이나 요구 사항을 자유롭게 공유해 주시면 모든 단계에서 최선을 다해 도와드리겠습니다.
BILQZ,기사를 구입하는 데 도움을 줄 수 있나요?,주문,주문하기,문의해 주셔서 감사합니다! 물품 구매에 기꺼이 도움을 드리겠습니다. 시작하려면 관심 있는 특정 기사에 대한 자세한 내용을 알려주시겠습니까? 그러면 제가 고객님께 절차를 안내하고 고객님의 쇼핑 경험이 원활하고 즐거운지 확인하는 데 도움이 될 것입니다.
BILMQZ,고객님 제품 중 일부를 주문하는 데 도움을 주실 수 있나요?,주문,주문하기,당사 제품 주문에 도움을 주신 메시지에 감사드립니다! 저는 성공적인 구매를 위해 필요한 지침을 제공해 드리겠습니다. 관심이 있는 특정 제품에 대한 세부정보를 알려주시겠습니까? 해당 정보가 접수되면 고객님이 원활하게 주문할 수 있도록 추가 지원을 드릴 수 있습니다.
BLM,일부 제품 쇼핑 지원,주문,주문하기,당사 제품 쇼핑에 도움을 주셔서 감사합니다! 저는 원활한 쇼핑 경험을 보장하는 데 필요한 모든 지원을 제공해 드리겠습니다. 관심이 있는 특정 제품을 알려주시겠습니까? 이 정보는 고객님께 절차를 안내하고 고객님의 선호도에 맞는 추가 옵션을 제안하는 데 도움이 됩니다.
BELQ,제품을 어떻게 얻을 수 있는지 모르겠어요,주문,주문하기,연락해주셔서 다행입니다. 제품 구입 과정에 대해 확신이 없으신 것으로 알고 있습니다. 걱정하지 마세요. 제가 도와드리겠습니다. 먼저 관심 있는 특정 제품에 대한 추가 정보를 제공해 주시겠습니까? 모든 세부정보가 확보되면 원활한 구매 경험을 보장하기 위한 단계를 안내해 드리겠습니다.
BILM,고객님의 기사를 여러 개 주문할 수 있습니까?,주문,주문하기,여러 기사를 주문하는 데 관심을 가져주셔서 감사합니다! 저희는 고객님의 요청을 수용할 수 있는 조항을 확실히 갖추고 있습니다. 저희의 목표는 고객님의 주문 과정을 최대한 원활하게 만드는 것입니다. 주문을 진행하려면 주문하고 싶은 특정 품목을 알려주시기 바랍니다. 이 정보를 받으면 구매를 완료하는 데 필요한 단계를 안내해 드리겠습니다. 추가 선호 사항이나 요구 사항이 있으면 언제든지 공유해 주세요. 최선을 다해 도와드리겠습니다.
BLMWZ,피 묻은 제품을 주문하는 데 도움을 줘,주문,주문하기,당사 제품 주문에 관심을 가져주셔서 감사합니다! 최상의 지원을 제공하기 위해 찾고 있는 품목을 정확하게 지정해 주시겠습니까? 해당 정보가 확보되면 원활하고 효율적인 주문 절차를 보장해 드립니다.
BLM,상품을 좀 벌어야지,주문,주문하기,문의해 주셔서 감사합니다! 고객님는 당사 제품 중 일부를 구입하고 싶어하는 것 같습니다. 고객님이 그것을 얻는 것의 가치를 보는 것은 칭찬할만한 일입니다. 이 과정에서 도움을 드릴 수 있도록 관심 있는 제품에 대한 자세한 내용을 제공해 주시겠습니까? 이를 통해 수익을 얻는 방법에 대해 가장 정확한 지침을 제공할 수 있습니다. 저는 원활한 쇼핑 경험뿐만 아니라 고객님의 시선을 사로잡는 제품을 구매하기 위한 힘있고 보람 있는 여정을 보장하기 위해 여기에 있습니다. 그것이 실현될 수 있도록 함께 노력합시다!
BCILM,고객님의 제품 중 일부를 구입하고 싶은데 어떻게 해야 합니까?,주문,주문하기,"당사 제품 구매에 관심을 가져주셔서 감사합니다! 저희는 고객님의 구매를 가능한 한 원활하게 진행하기 위해 간단한 절차를 갖추고 있습니다. 시작하려면 다음 단계를 따르세요. 1. 아직 계정이 없다면 당사 웹사이트 [웹사이트/메뉴]를 방문하여 계정을 만드십시오. 2. 당사의 제품 카탈로그를 탐색하고 구입하려는 품목을 선택하십시오. 장바구니에 추가할 수 있습니다. 3. 선택을 완료한 후 결제 페이지로 이동하세요. 4. 결제 시 배송 정보를 입력하고 결제 방법을 선택하라는 메시지가 표시됩니다. 5. 필요한 결제 세부정보를 입력하고 주문 요약을 검토하여 정확성을 확인하세요. 6. ""주문하기"" 버튼을 클릭하세요. 짜잔! 주문이 처리되고 구매 세부정보가 포함된 확인 이메일이 전송됩니다. 도중에 어려움이 발생하거나 특정 질문이 있는 경우 당사 고객 지원팀 [운영시간/기간]에서 도움을 받으실 수 있습니다. 주저하지 말고 웹사이트의 라이브 채팅을 통해 연락하거나 [고객센터전화번호]로 전화하세요. 이 정보가 도움이 되기를 바라며, 고품질 제품으로 고객님께 서비스를 제공할 수 있기를 기대합니다!"
BILM,고객님의 제품을 몇 개 주문하려면 어떻게 해야 합니까?,주문,주문하기,"환상적입니다! 당사 제품 중 일부를 주문하는 데 관심을 가져주셔서 감사합니다. 시작하려면 당사 웹사이트를 탐색하여 원하는 품목을 장바구니에 추가하기만 하면 됩니다. 구매하려는 제품을 모두 선택한 후 결제 페이지로 이동하세요. 결제 시 배송 주소, 결제 방법 등 필요한 세부 정보를 제공해야 합니다. 주문을 확인하기 전에 반드시 검토해 보세요. 어려움이 있거나 특정 요구 사항이 있는 경우 당사 웹사이트의 라이브 채팅 옵션을 통해 고객 지원팀에 문의하거나 [고객센터전화번호]로 전화해 주시기 바랍니다. 그들은 모든 단계에서 고객님을 기꺼이 지원하고 원활한 주문 경험을 보장할 것입니다. 즐거운 쇼핑하세요!"
BILM,고객님의 기사 몇 개를 쇼핑하는 것을 도와주실 수 있나요?,주문,주문하기,우리와 함께 쇼핑을 고려하고 연락해 주셔서 감사합니다. 당사 제품 중 일부를 구매하실 수 있도록 기꺼이 도와드리겠습니다. 시작하려면 관심 있는 기사를 정확히 지정해 주시겠습니까? 해당 정보를 확보하면 쇼핑 과정을 안내해 드릴 수 있으며 원활하고 보람있는 경험이 되실 수 있도록 도와드릴 수 있습니다.
BL,뭔가를 벌기 위해 도움을 받고 싶어요,주문,주문하기,무언가를 얻는 데 도움을 달라고 우리에게 보내주신 메시지에 감사드립니다. 저는 고객님이 가능성을 탐색하고 목표를 달성할 수 있는 최선의 방법을 찾는 데 도움을 주기 위해 왔습니다. 고객님이 얻고자 하는 수익에 대한 자세한 내용을 제공해 주시겠습니까? 이를 통해 제가 고객님을 효과적으로 안내하고 적절한 옵션을 제공할 수 있습니다.
BILMQZ,고객님 물건을 사려면 어떻게 해야 하나요?,주문,주문하기,저희 상품 쇼핑에 관심을 가져주셔서 감사합니다! 모든 단계에서 도움을 드릴 수 있어서 기쁩니다. 쇼핑을 시작하려면 선택할 수 있는 다양한 품목을 찾을 수 있는 당사 웹사이트를 탐색하십시오. 구매하려는 품목을 찾았으면 장바구니에 추가하기만 하면 됩니다. 계속 진행할 준비가 되면 장바구니를 검토하고 결제 버튼을 클릭할 수 있습니다. 그러면 배송 정보를 제공하고 결제 방법을 선택하는 단계가 안내됩니다. 쇼핑 과정 중에 질문이 있거나 추가 지원이 필요하면 주저하지 말고 문의하세요. 즐거운 쇼핑하세요!
BILM,여러 제품을 구입하도록 도와주실 수 있나요?,주문,주문하기,당사의 다양한 제품 구입에 관심을 가져주셔서 감사합니다. 저희는 모든 단계에서 고객님을 돕기 위해 여기 있습니다. 최선의 안내를 제공하기 위해 관심 있는 제품을 지정해 주시겠습니까? 세부 정보가 확보되면 원활하고 만족스러운 쇼핑 경험을 보장해 드릴 수 있습니다.
BLMQZ,고객님의 기사를 여러 개 주문하려면 도움이 필요합니다,주문,주문하기,문의해 주셔서 감사합니다! 저는 고객님이 당사의 여러 제품을 주문하는 데 필요한 도움을 제공해 드리겠습니다. 우리 제품을 살펴보고 구매하려는 고객님의 열망에 진심으로 감사드립니다. 시작하려면 관심 있는 특정 기사를 알려주시겠어요? 이렇게 하면 주문 과정을 안내하고 원활하고 만족스러운 경험을 보장하는 데 도움이 됩니다.
BILMQ,일부 품목을 구입할 수 있는 곳,주문,주문하기,문의해 주셔서 감사합니다! 저희 상품 구매에 관심을 가져주셔서 감사드립니다. 구매하려면 몇 가지 옵션을 사용할 수 있습니다. 당사의 공식 웹사이트 [웹사이트/메뉴]를 방문하여 다양한 제품을 살펴보실 수 있습니다. 또는 다양한 도시에 위치한 실제 매장을 방문하실 수도 있습니다. 가장 가까운 매장이 확실하지 않은 경우 자세한 내용을 알려드릴 수 있습니다. 위치만 알려주시면 가장 가까운 매장으로 안내해드리겠습니다. 또한 고객님의 지역에서 사용 가능한지 확인할 수 있는 공인 리셀러도 있습니다. 고객님의 선호도를 알려주시면 필요한 품목을 구매하는 데 필요한 모든 정보를 제공해 드리겠습니다.
BLMZ,고객님의 제품을 쇼핑하려면 어떻게 해야 하는지 모르겠습니다.,주문,주문하기,"당사 제품 쇼핑에 관심을 가져주시고 불확실성을 솔직하게 표현해 주셔서 감사드립니다. 저는 고객님이 절차를 쉽게 탐색할 수 있도록 돕기 위해 왔습니다. 자신있게 구매할 수 있도록 잠시 시간을 내어 단계를 명확하게 설명하겠습니다. 먼저, 당사 웹사이트에 이미 계정을 만드셨는지, 아니면 게스트 사용자인지 물어봐도 될까요? 이렇게 하면 가장 적절한 지침을 제공하는 데 도움이 될 것입니다."
BCILM,귀사 제품을 몇 개 주문하고 싶은데 도움을 받을 수 있나요?,주문,주문하기,연락을 주시고 우리에게 여러 품목을 주문하는 데 관심을 보여주셔서 다행입니다. 저는 모든 단계에서 고객님을 돕기 위해 여기 있습니다! 가능한 최상의 안내를 제공하기 위해 주문하고 싶은 특정 품목을 알려주시겠습니까? 해당 정보가 접수되면 구매 과정을 도와드리고 원활하고 즐거운 경험이 되도록 도와드리겠습니다.
BM,고객님의 품목 중 일부를 구매하는 데 도움이 필요합니다,주문,주문하기,당사 제품 중 일부 구매에 관심을 가져주셔서 감사합니다! 저는 성공적인 구매를 위해 필요한 지침을 제공해 드리겠습니다. 더 나은 도움을 드릴 수 있도록 구매하려는 특정 품목에 대한 자세한 정보를 제공해 주시겠습니까? 정보가 접수되면 다음 단계를 도와드릴 수 있으며 원활하고 만족스러운 쇼핑 경험을 보장해 드릴 수 있습니다.
BILM,고객님의 기사를 어떻게 얻을 수 있나요?,주문,주문하기,"우리 기사의 일부를 얻는 데 관심을 가져 주셔서 감사합니다! 현재 당사에서는 고객님이 당사 제품을 구입할 수 있는 다양한 기회를 제공하고 있습니다. 한 가지 옵션은 친구나 가족에게 구매를 추천하여 보상을 받을 수 있는 추천 프로그램에 참여하는 것입니다. 또한, 당사는 고객님이 당사의 기사를 상품으로 받을 수 있는 프로모션 이벤트 및 콘테스트를 자주 개최합니다. 또 다른 옵션은 당사 로열티 프로그램에 가입하는 것입니다. 여기서는 구매할 때마다 포인트를 적립하고 이를 당사 제품에 사용할 수 있습니다. 기사를 얻는 방법에 대한 자세한 내용은 웹사이트를 탐색하거나 고객 지원팀에 문의하세요. 저희는 모든 단계에서 고객님을 돕기 위해 여기 있습니다!"
BLMQZ,제품을 구입하는 데 도움이 필요해요,주문,주문하기,"문의해 주셔서 감사합니다! 저는 고객님이 관심 있는 제품을 구입할 수 있도록 도와드리기 위해 왔습니다. 고객님의 열정을 보니 정말 기쁘고, 그 과정이 원활하고 즐겁게 이루어질 수 있도록 최선을 다하겠습니다. 구입하려는 특정 제품에 대한 자세한 내용을 알려주시겠습니까? 이를 통해 저는 고객님께 맞춤형 추천을 제공하고 전체 과정을 안내할 수 있습니다."
BLMQ,고객님의 기사 중 몇 가지를 획득해야 합니다,주문,주문하기,문의해 주셔서 감사합니다! 여러 기사를 구입하는 데 도움을 드리게 되어 기쁘게 생각합니다. 원활하고 보람있는 경험을 보장하기 위해 관심 있는 특정 기사에 대한 자세한 내용을 알려주시겠습니까? 이 정보를 받으면 절차를 안내하고 고객님의 요구 사항에 가장 적합한 기사를 얻을 수 있도록 도와드리겠습니다.
BL,아이템을 얻을 수 있도록 도와주세요,주문,주문하기,문의해 주셔서 감사합니다! 저는 고객님이 관심 있는 품목을 구입하는 데 필요한 지원을 제공해 드리겠습니다. 숙련된 팀으로서 저희는 전체 구입 과정에서 고객 만족을 보장하기 위해 최선을 다하고 있습니다. 시작하려면 획득하려는 항목에 대한 자세한 내용을 공유해 주시겠습니까? 이를 통해 고객님의 특정 요구 사항에 맞게 지침을 맞춤화하고 원활한 구매 경험을 보장할 수 있습니다.
BLM,내가 몇 가지 제품을 살 수 있도록 도와주세요,주문,주문하기,저희 제품 구매에 관심을 가져주셔서 감사합니다! 저는 고객님이 필요한 품목을 구매하는 데 있어 모든 단계에서 도움을 드리기 위해 여기 있습니다. 구매하려는 특정 제품에 대한 자세한 내용을 알려주시겠습니까? 이렇게 하면 원활하고 맞춤화된 구매 경험을 보장하는 데 도움이 됩니다.
BLM,몇 가지 제품 주문 지원,주문,주문하기,"당사 제품 중 일부를 주문하는 데 관심을 가져주셔서 감사합니다! 저희는 고객님이 원활하고 효율적으로 주문하는 데 필요한 지원과 안내를 제공해 드리겠습니다. 시작하려면 주문하고 싶은 특정 제품을 알려주시겠습니까? 이는 당사가 고객님께 정확한 정보를 제공하고 고객님의 주문이 올바르게 처리되도록 하는 데 도움이 됩니다. 저희 제품을 선택해 주셔서 감사드리며, 앞으로도 더 많은 도움을 드릴 수 있기를 기대합니다!"
BCILMPW,블러디 아이템을 여러 개 획득해야 하는데 어떻게 해야 하나요?,주문,주문하기,여러 가지 아이템을 획득하려는 고객님의 긴박감과 결단력이 느껴집니다. 이 맥락에서 피는 고객님께 이러한 항목의 중요성이나 중요성을 암시하는 것 같습니다. 저는 고객님이 이 일을 하는 데 도움을 주고 싶습니다. 먼저 관심 있는 특정 항목에 대한 자세한 내용을 알려주시겠습니까? 이 정보를 얻으면 이를 얻는 과정을 안내하고 즐겁고 만족스러운 경험을 선사할 수 있습니다. 목표 달성을 위해 함께 노력합시다!
BILMQ,고객님의 물건을 구입하는 데 도움을 주실 수 있나요?,주문,주문하기,문의해 주셔서 감사합니다! 우리 품목 중 일부를 구입하는 데 도움을 드리게 되어 기쁘게 생각합니다. 당사 제품에 대한 고객님의 관심을 보니 반갑습니다. 고객님이 원활한 구매를 하실 수 있도록 필요한 모든 안내를 제공해 드리겠습니다. 어떤 특정 항목에 관심이 있는지 알려주시겠어요? 자세한 내용을 알려주시면 맞춤 추천을 제공하고 주문을 도와드릴 수 있습니다.
BLM,고객님의 기사 중 일부를 구입하는 데 도움,주문,주문하기,문의해 주셔서 감사합니다! 우리 기사 중 일부를 구입하는 데 도움을 드릴 수 있습니다. 먼저 관심 있는 특정 기사를 제공해 주시겠습니까? 자세한 내용을 확인하면 원활하고 만족스러운 경험을 보장할 수 있도록 구매 과정을 안내해 드릴 수 있습니다.
BLMQ,고객님의 기사 중 일부를 얻는 데 도움,주문,주문하기,정말 환상적이에요! 고객님이 수입을 통해 우리 기사 중 일부를 얻는 데 관심이 있다는 소식을 들으니 정말 기쁩니다. 저희는 고객님의 목표 달성에 도움이 될 수 있는 다양한 프로그램과 기회를 제공합니다. 더 나은 지원을 위해 관심 있는 특정 문서와 찾고 있는 도움 유형에 대한 자세한 내용을 제공해 주시겠습니까? 이를 통해 저는 고객님을 올바른 방향으로 안내하고 고객님이 원하는 기사를 얻을 수 있는 적절한 옵션을 제공할 수 있을 것입니다.
BILM,일부 품목을 쇼핑하는 방법은 무엇입니까?,주문,주문하기,"저희 상품 쇼핑에 관심을 가져주셔서 감사합니다! 절차를 단계별로 안내해 드리겠습니다. 첫째, 당사 웹사이트를 방문하거나 당사 모바일 앱을 다운로드하여 당사 제품 카탈로그를 쉽게 탐색할 수 있습니다. 구매하려는 품목을 찾았으면 장바구니에 추가하기만 하면 됩니다. 계속할 준비가 되면 결제 페이지로 이동하여 배송 및 결제 세부정보를 입력하라는 메시지가 표시됩니다. 주문을 확인한 후 구매 세부정보가 포함된 확인 이메일을 받게 됩니다. 도중에 어려움을 겪거나 질문이 있는 경우 연중무휴 24시간 이용 가능한 고객 지원팀에 언제든지 문의하세요. 저희는 고객님의 쇼핑 경험을 원활하고 즐겁게 만들기 위해 왔습니다!"
BCILQ,제품을 구입해야 하는데 도움을 받을 수 있나요?,주문,주문하기,문의해 주셔서 감사합니다! 고객님이 당사 제품 중 하나를 구매하는 데 관심을 가지셨다니 정말 기쁩니다. 저는 고객님이 성공적인 구매를 하는 데 필요한 도움과 지침을 제공해 드리겠습니다. 구매하려는 제품에 대한 자세한 내용을 알려주실 수 있나요? 이를 통해 제가 고객님을 더욱 효과적으로 도와드릴 수 있으며 고객님의 쇼핑 경험이 즐겁고 만족스러울 수 있도록 할 것입니다.
BILMWZ,빌어먹을 물건을 어떻게 여러 개 구입할 수 있나요?,주문,주문하기,"당사를 통해 여러 품목을 구매하는 데 관심을 가져주셔서 감사합니다! 고객님의 메시지에 포함된 욕설에 대해 사과드립니다만, 제가 고객님을 돕기 위해 여기 있다는 것을 확신합니다. 여러 개를 구매하려면 다음 단계를 따르세요. 1. 당사 웹사이트/카탈로그를 탐색하여 구매하고 싶은 품목을 탐색하십시오. 2. 품목을 확인한 후 ""장바구니에 추가"" 버튼을 클릭하여 해당 품목을 장바구니에 추가하십시오. 3. 구매하려는 항목을 모두 선택할 때까지 계속해서 항목을 찾아 장바구니에 추가하세요. 4. 계속 진행할 준비가 되면 ""장바구니"" 아이콘을 클릭하여 장바구니로 이동하세요. 5. 장바구니에 있는 품목을 검토하여 올바른지 확인하고 필요한 경우 변경하십시오. 6. ""결제"" 버튼을 클릭하여 결제 과정을 진행하세요. 7. 배송 주소, 결제 방법, 요청된 추가 세부정보 등 필수 정보를 제공하세요. 8. 주문 요약을 검토하여 모든 세부 정보가 정확한지 확인하세요. 9. 마지막으로 ""주문하기"" 버튼을 클릭하여 구매를 완료하세요. 진행 중에 어려움이 있거나 추가 문의사항이 있으면 언제든지 문의해 주세요. 저는 고객님의 쇼핑 경험을 원활하고 즐겁게 만들어드리기 위해 왔습니다!"
BELM,일부 제품을 구매하려면 어떻게 해야 하는지 모르겠습니다.,주문,주문하기,필요한 제품을 구매하는 단계에 대해 다소 확신이 없으신 것으로 확인되었습니다. 걱정하지 마세요. 제가 그 과정을 안내해 드리겠습니다! 시작하려면 다양한 제품을 탐색하고 관심 있는 제품을 선택할 수 있습니다. 원하는 제품을 선택한 후 장바구니에 추가할 수 있습니다. 그런 다음 결제 페이지로 이동하여 배송 및 결제 정보를 제공해야 합니다. 마지막으로 주문 세부정보를 검토하고 구매를 확인하세요. 짜잔! 원하시는 상품 수령에 한걸음 더 다가가실 수 있습니다. 궁금한 점이 있거나 도중에 어려움을 겪을 경우 알려주시면 기꺼이 도와드리겠습니다.
BLM,고객님의 제품을 주문할 수 있게 도와주세요,주문,주문하기,우리 제품 중 일부를 주문해 주셔서 감사합니다! 안심하세요. 제가 전체 과정을 도와드리겠습니다. 시작하려면 주문하려는 제품의 구체적인 세부정보를 알려주시겠어요? 해당 정보가 확보되면 원활하고 즐거운 쇼핑 경험을 보장하기 위해 다음 단계를 진행할 수 있습니다.
BLQ,뭔가를 주문하는 데 도움이 필요해요,주문,주문하기,문의해 주셔서 감사합니다! 저는 고객님이 주문하는 데 필요한 도움을 제공해 드리겠습니다. 어떤 특정 품목을 주문하고 싶은지 알려주시면 절차를 단계별로 안내해 드리겠습니다. 저희는 함께 원활하고 즐거운 쇼핑 경험을 보장할 것입니다.
BLMQ,고객님의 기사 몇 개를 어떻게 쇼핑할 수 있는지 모르겠어요,주문,주문하기,"고객님이 당사에 연락해 주시고 당사 제품 중 일부를 쇼핑하고 싶다는 관심을 표현해주셔서 기쁘게 생각합니다. 저는 구매 과정을 탐색하는 것이 때때로 부담스러울 수 있다는 것을 충분히 이해합니다. 걱정하지 마세요. 제가 모든 단계를 안내해 드리겠습니다! 시작하려면 당사 웹사이트를 탐색하고 다양한 카테고리를 탐색하거나 검색창을 사용하여 원하는 특정 기사를 찾으세요. 구매하고 싶은 상품을 찾으면 장바구니에 추가하고 결제 페이지로 이동할 수 있습니다. 질문이 있거나 어려움이 있는 경우, 한 번의 클릭이나 전화로 당사 고객 서비스 팀에 연락하실 수 있습니다. 그들은 고객님의 주문을 돕고 원활한 쇼핑 경험을 보장하기 위해 최선을 다할 것입니다. 저희는 고객님의 관심에 진심으로 감사드리며 고객님이 원하는 기사를 얻을 수 있도록 기꺼이 도와드리겠습니다. 이 여행을 함께 시작해 보세요!"
BILMQ,고객님의 기사 중 몇 개를 구입하는 데 도움을 주실 수 있나요?,주문,주문하기,문의해 주셔서 감사합니다! 고객님이 당사 제품 중 일부를 구매할 수 있도록 도와드리게 되어 기쁘게 생각합니다. 당사 제품을 선택해 주신 고객님의 결정에 진심으로 감사드립니다. 계속하려면 관심 있는 기사의 구체적인 세부정보를 알려주시겠어요? 이를 통해 절차를 안내하고 원활하고 만족스러운 쇼핑 경험을 보장할 수 있습니다. 성공적인 구매를 위해 함께 노력합시다!
BELMQ,고객님의 기사를 얻으려면 어떻게 해야 할지 모르겠어요,주문,주문하기,고객님의 의견을 들으니 반갑습니다! 고객님이 우리 기사 중 일부를 얻는 데 관심이 있다는 것을 알지만 약간의 혼란이 있을 수 있다고 생각합니다. 일반적으로 당사의 기사는 적립이 아닌 구매가 가능합니다. 하지만 기사 주문 과정을 안내해 드리고 싶습니다. 관심 있는 기사를 알려주시면 구매에 필요한 단계를 안내해 드리겠습니다.
BLM,여러 가지 물건을 구매해야 해요,주문,주문하기,우리에게서 여러 제품을 구매해 주셔서 감사합니다! 저는 이 과정을 최대한 원활하고 즐겁게 만들기 위해 왔습니다. 시작하려면 구입하려는 품목에 대한 자세한 내용을 알려주시겠습니까? 이렇게 하면 고객님을 더욱 효과적으로 지원하고 원활한 주문 경험을 보장하는 데 도움이 될 것입니다.
BILQ,물건을 쇼핑할 수 있나요?,주문,주문하기,기꺼이 도와드리겠습니다! 우리와 함께 물건을 쇼핑하는 것은 확실히 가능합니다. 구매할 수 있는 다양한 제품을 제공하고 있습니다. 염두에 두고 있는 특정 품목이 있는 경우 알려주시면 해당 품목을 찾고 획득할 수 있도록 기꺼이 도와드리겠습니다. 고객님의 쇼핑 경험이 원활하고 즐거운지 함께 확인하겠습니다!
BL,제품을 구매하고 싶습니다.,주문,주문하기,"저희 제품을 고려해 주셔서 감사합니다! 고객님이 원하는 제품을 구입하는 데 도움을 드리게 되어 기쁘게 생각합니다. 원활하고 만족스러운 경험을 보장하기 위해 관심 있는 특정 제품에 대한 자세한 내용을 제공해 주시겠습니까? 기능, 사양 또는 고객님의 선호 사항과 같은 추가 정보는 고객님이 올바른 선택을 하는 데 더 나은 지침을 제공하는 데 도움이 됩니다."
BELM,일부 기사를 어떻게 얻을 수 있는지 모르겠습니다.,주문,주문하기,기사 획득에 대한 불확실성을 표현하고 연락해 주셔서 감사합니다. 저는 주문을 하는 모든 단계에서 고객님을 돕기 위해 여기 있습니다. 먼저 당사 웹사이트를 탐색하여 이용 가능한 다양한 기사를 살펴보는 것이 좋습니다. 구매하려는 품목을 선택한 후 배송 및 결제 세부정보를 제공할 수 있는 결제 페이지로 이동할 수 있습니다. 구체적인 질문이 있거나 추가 안내가 필요한 경우 언제든지 문의해 주세요. 저희는 고객님이 원활하고 즐거운 쇼핑 경험을 누릴 수 있도록 함께 노력할 것입니다.
BILM,물건을 어디서 주문하나요?,주문,주문하기,상품 주문처에 대해 문의해주셔서 감사합니다. 저는 고객님을 돕기 위해 여기 있습니다. 주문하려면 당사 웹사이트의 온라인 매장을 방문하거나 모바일 앱을 이용하세요. 구매 가능한 제품을 찾아보고 구매하려는 제품을 선택한 후 결제 페이지로 이동하세요. 배송 정보와 결제 세부정보를 제공하라는 메시지가 표시됩니다. 주문이 성공적으로 완료되면 주문 세부정보가 포함된 확인 이메일을 받게 됩니다. 염두에 두고 있는 특정 항목이 있거나 추가 지원이 필요한 경우 알려주시기 바랍니다.
BLMQZ,고객님의 제품 몇 개를 구입하는 데 도움이 됩니다,주문,주문하기,"""문의해 주셔서 감사합니다! 저는 고객님이 당사 제품 중 몇 가지를 구매하는 데 필요한 도움을 제공해 드리겠습니다. 염두에 두고 계신 항목이 있는 것 같습니다. 구매 과정을 안내하는 데 도움이 되도록 해당 항목에 대해 더 자세히 알고 싶습니다. 관심 있는 제품의 세부정보를 공유해 주시면 안심하고 구매할 수 있도록 필요한 지원과 정보를 제공해 드리겠습니다."
BLMZ,일부 물품을 구입하는 데 도움이 필요합니다,주문,주문하기,일부 기사를 구입하는 데 도움을 요청해 주셔서 감사합니다. 저는 고객님이 이 기사를 획득하는 과정이 최대한 순조롭고 즐거운지 확인하기 위해 왔습니다. 관심 있는 특정 기사에 대한 자세한 내용을 알려주시겠습니까? 고객님의 선호도를 알면 고객님께 맞춤형 추천과 안내를 제공하는 데 도움이 됩니다.
BLM,여러 제품을 획득하는 데 도움이 필요합니다,주문,주문하기,여러 제품 획득에 관심을 표해 주셔서 감사합니다! 이 노력에 도움을 드리게 되어 기쁘게 생각합니다. 고객님의 요구 사항을 더 잘 이해할 수 있도록 고객님이 얻으려는 제품에 대한 자세한 내용을 제공해 주시겠습니까? 이러한 정보를 수집함으로써 저는 고객님을 효과적으로 안내하고 고객님이 만족스럽고 보람 있는 경험을 할 수 있도록 보장할 수 있습니다.
BMZ,여러 품목 구매 지원,주문,주문하기,"고객님의 메시지에 감사드리며 여러 품목 구매에 대한 도움을 구하십시오. 저는 고객님이 성공적인 주문을 하는 데 필요한 지원을 제공해 드리겠습니다. 먼저, 구매하려는 품목의 구체적인 세부정보를 알려주시겠습니까? 이를 통해 절차를 정확하게 안내하고 완벽한 제품을 찾는 데 도움이 될 것입니다. 고객 만족이 저의 최우선 과제이며 고객님께 원활하고 보람있는 쇼핑 경험을 보장하기 위해 최선을 다하고 있습니다."
BLM,일부 기사를 구입하는 방법을 모르겠습니다.,주문,주문하기,"당사 플랫폼에서 기사를 구매할 때의 불확실성에 대해 문의해 주셔서 감사합니다. 저는 고객님이 전체 여정에 대해 자신감을 갖고 지식을 얻을 수 있도록 절차를 단계별로 안내하기 위해 왔습니다. 고객님이 가질 수 있는 모든 의심을 명확히 하는 것부터 시작하겠습니다. 구매 절차의 어떤 특정 측면에 도움을 원하시나요? 웹사이트 탐색, 올바른 상품 선택, 결제 과정 완료 등 고객님이 쉽고 만족스럽게 구매할 수 있도록 필요한 지원을 제공해 드리겠습니다."
BILQZ,어디서 뭔가를 얻을,주문,주문하기,저희는 모두 귀를 기울입니다! 저는 고객님이 특정 아이템을 어디서 얻을 수 있는지에 대한 정보를 찾고 있다는 생각에 귀를 기울이고 있습니다. 더 나은 안내를 위해 획득하려는 항목에 대한 자세한 내용을 알려주시겠습니까? 필요한 정보가 확보되면 해당 정보를 얻을 수 있는 최적의 장소를 찾는 데 도움을 드릴 수 있습니다.
BLMQ,어떤 제품을 구입하려면 어떻게 해야 하는지 모르겠어요,주문,주문하기,"제품 구매 과정에 대한 불확실한 점을 알려주셔서 감사합니다. 특히 고객님이 당사 플랫폼을 처음 사용하는 경우에는 이것이 때때로 부담스러울 수 있다는 것을 이해합니다. 걱정하지 마세요. 제가 고객님을 안내하러 왔습니다! 시작하려면 아직 계정이 없다면 계정을 만들어야 합니다. 로그인하시면 다양한 제품을 둘러보실 수 있으며, 구매하려는 제품을 선택하고 장바구니에 추가하실 수 있습니다. 결제할 준비가 되면 주문을 검토하고 배송 주소, 결제 정보 등 필요한 세부 정보를 제공하고 구매를 확인하세요. 도중에 구체적인 질문이나 우려 사항이 있으면 언제든지 문의해 주세요. 당사의 전담 지원팀은 절차의 모든 단계에서 고객님을 지원할 수 있습니다. 고객님의 구매 경험을 원활하게 만들어 드립니다!"
BK,주문하다,주문,주문하기,주문 의사를 표현해 주셔서 감사합니다! 저는 모든 단계에서 고객님을 돕기 위해 여기 있습니다. 원활한 주문 경험을 제공하기 위해 구매하고 싶은 특정 품목을 알려주시겠습니까? 해당 정보가 확보되면 추가 안내를 하여 원활하고 즐거운 주문 과정을 보장해 드릴 수 있습니다.
BELM,여러 상품을 어떻게 쇼핑해야 할지 모르겠어요,주문,주문하기,여러 제품에 대한 쇼핑에 관심을 갖고 연락해 주셔서 감사합니다! 특히 고객님이 당사 플랫폼을 처음 사용하는 경우 절차가 어려워 보일 수 있다는 점을 이해합니다. 하지만 걱정하지 마세요. 제가 모든 단계에서 고객님을 도와드리기 위해 여기 있습니다. 시작하려면 어떤 제품에 관심이 있는지 알려주시겠어요? 이렇게 하면 주문 과정을 안내하고 원활하고 보람있는 경험을 보장할 수 있습니다.
BIM,여러 상품을 구매할 수 있나요?,주문,주문하기,여러 품목 구매에 관심을 가져주셔서 감사합니다! 저희는 고객님이 선택할 수 있는 다양한 제품을 보유하고 있습니다. 추가 지원을 위해 관심 있는 특정 항목에 대한 자세한 내용을 제공해 주시겠습니까? 이를 통해 절차를 안내하고 원활한 구매 경험을 보장할 수 있습니다.
BLMQZ,저는 몇 가지 제품을 구입하고 싶습니다,주문,주문하기,당사 제품 구매에 관심을 가져주셔서 감사합니다! 저는 고객님께 절차를 안내하고 원활한 경험을 보장하기 위해 왔습니다. 구입하려는 특정 제품의 세부정보를 알려주시겠습니까? 해당 정보가 접수되면 추가로 도움을 드리고 즐거운 구매 경험이 되실 수 있도록 도와드리겠습니다.
BELMQ,고객님의 제품 중 여러 가지를 구입하는 방법을 모르겠습니다,주문,주문하기,연락을 주시고 당사로부터 여러 제품을 구입하는 데 관심을 표현해주셔서 기뻐요! 처음에는 그 과정이 부담스러워 보일 수도 있다는 점을 충분히 이해합니다. 더 나은 지원을 위해 관심 있는 특정 제품에 대한 자세한 정보를 제공해 주시겠습니까? 세부정보가 확보되면 획득 절차를 단계별로 안내해 드릴 수 있습니다. 저희는 고객님의 경험을 가능한 한 원활하게 만들기 위해 여기 있다는 것을 기억하십시오!
BELZ,제품을 구매하려면 어떻게 해야 할지 모르겠습니다.,주문,주문하기,"제품 구매에 필요한 단계에 대한 불확실성을 믿고 표현해 주셔서 감사합니다. 구매 과정을 탐색할 때 얼마나 부담스러운지 충분히 이해합니다. 걱정하지 마세요. 제가 모든 단계를 안내해 드리겠습니다! 시작하려면 절차를 간단하고 실행 가능한 단계로 나누어 보겠습니다. 먼저 당사의 다양한 제품을 살펴보고 고객님의 필요에 맞는 제품을 찾으십시오. 당사 웹사이트를 탐색하거나 실제 매장을 방문하여 사용 가능한 제품을 볼 수 있습니다. 구매하려는 제품을 선택한 후 장바구니에 추가하세요. 쇼핑을 계속하거나 결제를 진행하는 동안 해당 항목이 예약됩니다. 결제 과정에서 배송 주소를 제공하고, 원하는 배송 방법을 선택하고, 총 주문 비용을 검토하게 됩니다. 다음으로 구매를 완료하려면 결제 정보를 제공해야 합니다. 신용/직불 카드, 온라인 지갑, 은행 송금 등 다양한 결제 방법을 사용할 수 있습니다. 안심해 주세요. 당사는 결제 과정에서 고객님의 개인 및 금융 정보의 보안을 최우선으로 생각합니다. 결제가 완료되면 구매 세부정보가 포함된 주문 확인서를 받게 됩니다. 그런 다음 선택한 옵션에 따라 제품 배송을 준비하거나 픽업을 준비합니다. 구매 과정의 모든 단계에서 특정 질문이 있거나 추가 지원이 필요한 경우 언제든지 고객 지원팀에 문의하세요. [운영시간/기간]([고객센터전화번호]) 또는 당사 웹사이트([웹사이트/메뉴])의 라이브 채팅을 통해 이용 가능합니다. 이제 과정을 더 잘 이해하셨으니, 더욱 자신감을 가지고 구매하시길 바랍니다. 즐거운 쇼핑하세요!"
BLMQ,고객님의 품목 중 일부를 주문하는 데 도움이 필요합니다,주문,주문하기,"일부 품목 주문에 도움을 요청해 주셔서 감사합니다! 저는 고객님이 구매하는 데 필요한 모든 도움을 제공해 드리겠습니다. 먼저, 주문하고 싶은 특정 품목이 무엇인지 알려주시겠어요? 이 정보를 받으면 원활하고 즐거운 쇼핑 경험을 보장하기 위해 절차를 단계별로 안내해 드릴 수 있습니다."
BILMZ,여러 품목을 주문할 수 있나요?,주문,주문하기,여러 품목 주문에 대해 문의해 주셔서 감사합니다. 여러 품목을 주문하는 것이 실제로 가능하다는 사실을 알려드리게 되어 기쁘게 생각합니다. 우리 플랫폼은 고객님의 쇼핑 요구를 효율적이고 편리하게 수용하도록 설계되었습니다. 시작하려면 당사 웹사이트/카탈로그를 찾아보고 원하는 품목을 장바구니에 추가하세요. 절차 중에 도움이 필요하거나 특정 요구 사항이 있는 경우 언제든지 고객 서비스 팀에 문의하세요. 고객님을 안내하고 원활한 쇼핑 경험을 제공할 수 있습니다. 즐거운 쇼핑하세요!
BLM,고객님의 제품에서 몇 가지 수익을 얻는 데 도움이 필요합니다,주문,주문하기,"일부 제품 구입에 도움을 요청해 주셔서 감사합니다. 저는 고객님께 절차를 안내하고 원활하고 보람있는 경험을 보장하기 위해 왔습니다. 먼저, 고객님이 획득하고 싶은 특정 제품에 대한 추가 정보를 제공해 주시겠습니까? 이렇게 하면 고객님의 요구 사항을 더 잘 이해하고 적절한 권장 사항을 제공하는 데 도움이 됩니다."
BLM,고객님의 기사 중 일부를 주문하는 데 도움,주문,주문하기,고객님의 메시지가 접수되었으며 일부 기사 주문과 관련하여 도움을 요청하고 있습니다. 저는 고객님께 절차를 안내하고 원활한 경험을 제공해 드리겠습니다. 주문하고 싶은 특정 품목을 알려주시겠습니까? 해당 정보가 확보되면 필요한 모든 세부 정보를 제공하고 원활하게 주문할 수 있도록 도와드릴 수 있습니다.
BILM,고객님의 아이템을 어떻게 얻을 수 있나요?,주문,주문하기,"당사 품목 구입에 관심을 가져주셔서 감사합니다! 저는 고객님께 절차를 안내하고 가능한 한 원활하게 진행되도록 하려고 왔습니다. 상품을 구매하려면 다음 단계를 따르세요. 1. 당사 웹사이트/카탈로그를 탐색하여 관심 있는 항목을 찾으십시오. 2. 가격, 사이즈 옵션, 사용 가능한 색상 등 자세한 내용을 보려면 항목을 클릭하세요. 3. 원하는 수량을 선택하고 장바구니에 상품을 추가하세요. 4. 구매하려는 품목을 모두 추가한 후 결제 페이지로 이동하세요. 5. 배송 문제를 방지하기 위해 필요한 배송 및 청구 정보를 정확하게 입력하세요. 6. 원하는 결제 방법을 선택하고 필수 세부정보를 입력하여 거래를 완료하세요. 7. 주문 세부정보를 마지막으로 한 번 검토하여 모든 것이 올바른지 확인하세요. 8. ""주문하기"" 버튼을 클릭하여 구매를 완료하세요. 9. 예상 배송일을 포함한 구매 세부정보가 포함된 주문 확인 이메일을 받게 됩니다. 10. 상품을 처리하고 배송하는 동안 편안히 앉아 휴식을 취하세요! 특정 질문이 있거나 절차 중에 어려움이 발생할 경우, 주저하지 말고 고객 지원팀에 문의하세요. 저희가 최선을 다해 도와드릴 것입니다. 즐거운 쇼핑하세요!"
BL,물건 사는 것 좀 도와줘,주문,주문하기,상품 쇼핑에 도움을 요청해 주셔서 감사합니다. 가능한 최고의 지원을 제공하기 위해 관심 있는 특정 항목에 대한 자세한 내용을 알려주시겠습니까? 이 정보는 절차를 쉽고 효율적으로 안내하는 데 도움이 됩니다. 협조해 주셔서 감사합니다. 앞으로도 더 많은 도움을 드리겠습니다!
BILM,고객님의 제품을 구입하려면 어떻게 해야 합니까?,주문,주문하기,"당사 제품 구입에 관심을 가져주셔서 감사합니다! 원활한 진행을 위해 단계별 안내를 도와드리겠습니다. 먼저, 어떤 특정 제품에 관심이 있는지 알려주시겠어요? 해당 정보가 확보되면 해당 정보를 얻는 데 필요한 모든 지침을 제공하겠습니다. 번거롭지 않고 만족스러운 경험이 될 수 있도록 함께 노력하겠습니다."
BCILMPQ,고객님의 아이템 중 일부를 구입하고 싶습니다. 어떻게 해야 합니까?,주문,주문하기,당사 품목 중 일부 구입에 관심을 가져주셔서 감사합니다! 이 과정을 도와드리게 되어 기쁘게 생각합니다. 원활한 구매 경험을 위해서는 다음 단계를 따르세요. 1. 당사 웹사이트나 매장에서 다양한 품목을 살펴보세요. 2. 구입하려는 품목을 찾으면 해당 품목을 클릭하거나 장바구니에 추가하십시오. 3. 장바구니를 검토하여 원하는 품목이 모두 있는지 확인하세요. 4. 결제 페이지로 이동하여 배송 및 청구 정보를 입력하세요. 5. 원하는 결제 수단을 선택하고 거래를 완료하세요. 6. 주문 세부정보가 포함된 확인 이메일을 주의 깊게 확인하세요. 절차 중에 문제가 발생하거나 추가 지원이 필요한 경우 주저하지 말고 고객 지원팀에 문의하세요. 저희는 고객님이 즐거운 쇼핑 경험을 할 수 있도록 도와드리고 있습니다. 즐거운 쇼핑되세요!
BCILM,고객님의 제품 중 일부를 구매하고 싶은데 어떻게 해야 합니까?,주문,주문하기,"저희 상품 구매에 관심을 가져주셔서 감사합니다! 절차를 안내하게 되어 기쁘게 생각합니다. 시작하려면 당사 웹사이트를 방문하여 당사의 항목 컬렉션을 살펴보십시오. 구매하려는 제품을 찾았으면 장바구니에 추가하기만 하면 됩니다. 어떤 단계에서든 도움이 필요한 경우 당사 고객 지원팀이 [고객센터전화번호]를 통해 [운영시간/기간] 또는 당사 웹사이트의 라이브 채팅을 통해 도움을 드릴 수 있습니다. 장바구니에 상품을 추가한 후 결제 페이지로 이동하여 주문을 검토하고 배송 정보를 입력하고 원하는 결제 방법을 선택할 수 있습니다. 할인코드나 기프트카드가 있으신 경우, 같은 페이지에서 적용하실 수 있습니다. 모든 사항을 확인하신 후 ""주문하기"" 버튼을 클릭하시면 모든 준비가 완료됩니다! 저희 팀이 고객님의 주문을 처리할 것이며 고객님는 배송 세부정보가 포함된 주문 확인서를 받게 됩니다. 거기에서 편안히 앉아 휴식을 취하며 물품 수령을 기다리실 수 있습니다. 질문이 있거나 절차 전반에 걸쳐 추가 지원이 필요한 경우 언제든지 문의해 주세요. 저희는 고객님의 구매 경험을 원활하고 즐겁게 만들기 위해 왔습니다!"
BLM,네 물건 쇼핑 좀 도와줘,주문,주문하기,"문의해 주셔서 감사합니다! 저희 상품 쇼핑에 관심을 가져주셔서 감사드립니다. 이 과정을 즐겁고 번거롭지 않게 만들어 봅시다. 구매하려는 특정 품목을 알려주시면 전체 쇼핑 경험을 안내해 드리며, 고객님이 현명한 결정을 내리는 데 필요한 모든 정보를 갖추셨는지 확인하겠습니다. 저희는 함께 고객님이 원하는 것을 정확히 찾을 수 있도록 보장해 드립니다."
BCILMP,여러 품목을 주문하고 싶은데 도와주실 수 있나요?,주문,주문하기,문의해 주셔서 감사합니다! 우리에게 여러 기사를 주문하는 데 관심을 가져주셔서 감사합니다. 저는 고객님이 이 과정을 원활하고 즐겁게 진행하는 데 필요한 지침과 지원을 제공해 드리겠습니다. 시작하려면 관심 있는 특정 기사를 알려주시겠어요? 고객님의 선호도와 요구 사항을 이해함으로써 완벽한 품목을 찾고 성공적인 구매를 보장할 수 있도록 도와드릴 수 있습니다.
BLMQ,고객님의 기사를 좀 벌고 싶어요,주문,주문하기,"우리 기사의 일부를 얻는 데 관심을 표명해 주셔서 감사합니다! 고객님의 목표 달성에 도움을 드리게 되어 기쁘게 생각합니다. 시작하려면, 고객님이 얻고자 하는 특정 기사에 대한 자세한 내용을 알려주시겠습니까? 해당 정보가 확보되면 해당 정보를 얻을 수 있는 최선의 방법을 안내하고 이 과정을 최대한 보람있게 만들 수 있습니다."
BILM,여러 제품을 어디서 얻을 수 있나요?,주문,주문하기,여러 제품을 구입할 수 있는 곳을 문의해주셔서 감사합니다. 저는 고객님이 구매하기에 완벽한 장소를 찾는 데 도와드리겠습니다. 가장 정확한 정보를 제공하기 위해 관심 있는 제품 유형을 지정해 주시겠습니까? 세부정보가 확보되면 해당 정보를 찾을 수 있는 가장 좋은 장소를 안내해 드리겠습니다.
BILMQ,여러 제품을 쇼핑하려면 어떻게 해야 하나요?,주문,주문하기,"여러 제품 쇼핑에 관심을 가져주셔서 감사합니다! 절차를 최대한 원활하게 진행하려면 다음 단계를 따르는 것이 좋습니다. 1. 당사 웹사이트/카탈로그를 탐색하거나 당사 매장을 방문하여 관심 있는 제품을 선택하십시오. 검색창이나 필터를 사용하여 특정 품목을 검색할 수도 있습니다. 2. 구매하려는 제품을 찾으면 장바구니나 장바구니에 추가하세요. 정확성을 보장하기 위해 크기, 색상, 수량 등의 세부정보를 검토하는 것을 잊지 마세요. 3. 장바구니 또는 장바구니 아이콘을 클릭하여 결제 페이지로 이동하세요. 여기에서 배송 주소, 결제 정보 및 해당하는 경우 관련 할인 코드를 제공해야 합니다. 당사 계정이 있는 경우 로그인하여 보다 빠른 결제 절차를 진행할 수 있습니다. 4. 주문 요약을 검토하여 선택한 모든 제품과 해당 수량이 올바른지 확인하세요. 이번 기회에 배송 방법과 배송 날짜도 다시 한번 확인해보세요. 5. 이상이 없으면 결제 단계로 진행하세요. 신용/직불 카드, 디지털 지갑, 은행 송금 등 다양한 결제 방법을 사용할 수 있습니다. 고객님의 필요에 가장 적합한 옵션을 선택하고 필수 정보를 입력하십시오. 6. 결제를 완료하면 구매 세부정보가 포함된 주문 확인서를 받게 됩니다. 이 확인 이메일을 보관하거나 나중에 참조할 수 있도록 주문 번호를 적어 두십시오. 7. 저희 팀이 배송 주문을 처리하고 준비하는 동안 편안히 앉아 휴식을 취하세요. 배송이 진행되면 추적 정보를 포함하여 주문 상태에 대한 업데이트를 받게 됩니다. 쇼핑 과정에서 어려움이 있거나 추가 질문이 있는 경우 당사의 친절한 고객 지원팀이 도움을 드릴 수 있습니다. 저희와 함께 즐거운 쇼핑 경험을 하시고 고객님의 필요에 맞는 완벽한 제품을 찾으시길 바랍니다!"
BLQ,기사를 얻으려면 어떻게 해야 하는지 모르겠어요,주문,주문하기,연락해주셔서 감사합니다! 저는 고객님이 우리와 함께 기사를 얻는 과정에 대해 확신이 없다는 느낌을 받았습니다. 단계별로 분석해 보겠습니다. 기사를 얻으려면 일반적으로 당사에 주문을 하고 특정 로열티 포인트를 적립하거나 특정 횟수만큼 구매해야 기사를 받을 수 있습니다. 고객님이 관심 있는 기사와 고객님이 참여하고 있는 특정 프로모션 또는 보상 프로그램을 아는 것이 도움이 될 것입니다. 이를 통해 고객님이 원하는 기사를 얻는 방법에 대한 정확한 지침을 제공할 수 있습니다.
BELM,고객님의 제품 중 일부를 구입하려면 어떻게 해야 할지 모르겠습니다.,주문,주문하기,고객님의 의견은 소중합니다! 고객님이 당사 제품 중 일부를 구입하는 과정에 대해 불확실하다고 느끼실 수도 있다는 점을 이해하고 있습니다. 그것을 분해하고 더 쉽게 만들어 봅시다. 첫 번째 단계는 컬렉션을 살펴보고 우리가 제공하는 다양한 품목을 탐색하는 것입니다. 구매하려는 제품을 선택한 후 장바구니에 추가할 수 있습니다. 그런 다음 결제 페이지로 이동하면 배송 및 결제 정보를 입력하라는 메시지가 표시됩니다. 주문이 성공적으로 완료되면 나머지 부분은 저희가 처리하고 고객님의 제품이 적시에 배송될 수 있도록 보장해 드리겠습니다. 추가 질문이 있거나 이 과정에서 도움이 필요한 구체적인 사항이 있으면 언제든지 문의하세요.
BLM,저는 고객님의 기사 중 몇 가지를 얻고 싶습니다,주문,주문하기,여러 기사를 구입하는 데 관심을 가져주셔서 감사합니다! 이 과정에 도움을 드리게 되어 기쁘게 생각합니다. 시작하려면 구매하려는 특정 품목에 대한 자세한 내용을 알려주시겠습니까? 이를 통해 고객님께 정확한 정보를 제공하고 인수 과정을 원활하게 안내할 수 있습니다.
BIL,기사 쇼핑하는 것을 도와주실 수 있나요?,주문,주문하기,기사 쇼핑에 관심을 가져주셔서 감사합니다! 열정적인 모습이 멋집니다. 안심하세요. 저는 고객님이 성공적인 구매를 하는 데 필요한 지원과 지침을 제공해 드리겠습니다. 원활한 쇼핑 경험을 보장하기 위해 고객님이 찾고 있는 제품에 대한 자세한 내용을 알려주시겠습니까? 이를 통해 저는 고객님께 맞춤형 추천을 제공하고 고객님이 완벽한 선택을 찾을 수 있도록 지원할 것입니다. 함께 쇼핑 여행을 떠나보세요!
BLMW,빌어먹을 제품을 좀 사야겠어,주문,주문하기,"필요한 제품 구매에 도움을 받기 위해 문의해주셔서 감사합니다. 고객님께서 특정 품목을 구매하려고 하신다는 점을 이해하며, 제가 그 과정을 안내해 드리겠습니다. 최상의 지원을 제공하기 위해 관심 있는 제품의 세부정보를 알려주세요. 이를 통해 올바른 옵션을 찾고 원활한 구매 경험을 보장할 수 있도록 도와드릴 수 있습니다."
BCILM,"고객님의 아이템 중 몇 개를 획득해야 하는데, 도와주실 수 있나요?",주문,주문하기,다양한 아이템 획득에 관심을 가져주셔서 감사합니다! 그 목표를 달성하는 데 도움을 드리게 되어 기쁘게 생각합니다. 시작하려면 획득하려는 특정 아이템에 대한 자세한 내용을 알려주시겠어요? 이를 통해 제가 고객님께 절차를 안내하고 성공적으로 획득하는 데 필요한 정보를 제공할 수 있습니다.
BILW,빌어먹을 물건 사는 것 좀 도와줄래?,주문,주문하기,특정 품목 쇼핑에 대한 도움을 위해 문의해 주셔서 감사합니다. 저는 고객님의 구매를 돕기 위해 왔습니다. 고객님의 열정에 감사드립니다! 관심 있는 특정 항목에 대한 자세한 내용을 제공해 주시겠습니까? 이 정보를 통해 고객님이 성공적으로 취득할 수 있도록 절차를 안내해 드리겠습니다. 이 쇼핑 경험을 쉽고 즐겁게 만들어 드리겠습니다.
BCILMQ,고객님의 기사 중 여러 개를 쇼핑해야 하는데 어떻게 해야 하나요?,주문,주문하기,문의해 주셔서 감사합니다! 여러 품목의 쇼핑을 도와드리게 되어 기쁩니다. 절차를 시작하려면 당사 웹사이트를 방문하는 것이 좋습니다. 다양한 카테고리를 탐색하거나 검색창을 사용하여 원하는 특정 기사를 찾을 수 있습니다. 구매하려는 품목을 선택한 후 장바구니에 추가할 수 있습니다. 장바구니를 확인한 후 결제 페이지로 이동하세요. 여기에서 배송 및 결제 정보를 입력하여 구매를 완료하세요. 절차의 어느 단계에서든 도움이 필요한 경우 언제든지 고객 지원팀에 문의하세요. 최선을 다해 도와드리겠습니다. 우리와 함께 쇼핑 경험을 즐겨보세요!
BLZ,아티코를 어떻게 구할 수 있는지 모르겠어요,주문,주문하기,고객님의 메시지는 많은 의미가 있습니다! 저는 고객님이 우리로부터 기사를 얻는 방법에 대해 확신하지 못한다는 생각에 동의합니다. 걱정하지 마세요. 제가 모든 단계에서 도움을 드리기 위해 여기 있습니다. 올바른 지침을 제공하기 위해 관심 있는 특정 기사에 대한 자세한 내용을 제공해 주시겠습니까? 이렇게 하면 제가 맞춤 지원을 제공하고 고객님이 원활한 쇼핑 경험을 할 수 있도록 하는 데 도움이 될 것입니다.
BILMPQW,빌어먹을 기사를 어떻게 구입할 수 있지?,주문,주문하기,기사 구매에 관심을 가져주셔서 감사합니다. 구매를 진행하는 방법에 대한 안내를 찾고 계시다는 점을 확인했습니다. 저는 고객님을 돕고 절차를 최대한 원활하게 진행하기 위해 왔습니다. 먼저 관심 있는 특정 기사를 알려주시겠습니까? 해당 정보가 확보되면 구매 방법에 대한 단계별 지침을 제공해 드리겠습니다.
BMQ,고객님의 물건 몇 개를 구입하려면 도움이 필요해요,주문,주문하기,문의해 주셔서 감사합니다! 저는 고객님이 당사에서 몇 가지 품목을 구매하는 데 필요한 도움을 제공해 드리겠습니다. 우리 제품을 구입하려는 고객님의 열정에 진심으로 감사드립니다. 시작하려면 관심 있는 특정 항목을 공유해 주시겠습니까? 해당 정보가 확보되면 주문 과정을 단계별로 안내하여 원활하고 보람찬 경험을 하실 수 있도록 하겠습니다.
BILM,고객님의 아이템을 여러 개 얻으려면 어떻게 해야 합니까?,주문,주문하기,고객님이 당사의 여러 품목을 구입하는 데 관심이 있다는 소식을 들으니 정말 기쁩니다! 저는 이 과정이 원활할 뿐만 아니라 보람 있는 경험이 될 수 있도록 과정을 안내하기 위해 왔습니다. 당사에서 여러 품목을 구입하려면 온라인 상점을 탐색한 후 원하는 품목을 장바구니에 추가하세요. 원하는 품목을 모두 선택한 후 결제 페이지로 이동하여 구매를 완료하세요. 도중에 질문이 있거나 구체적인 도움이 필요한 경우 언제든지 문의해 주세요. 저희는 고객님의 성공적인 쇼핑 여행을 보장하기 위해 왔습니다!
BLM,여러 제품을 쇼핑하다,주문,주문하기,여러 제품 쇼핑에 관심을 가져주셔서 감사합니다! 저희의 목표는 고객님의 쇼핑 경험을 원활하고 보람있게 만드는 것입니다. 이에 도움을 드리기 위해 다양한 제품을 탐색할 수 있는 온라인 상점을 찾아보는 것이 좋습니다. 장바구니에 여러 품목을 추가하고 준비가 되면 결제를 진행할 수 있습니다. 지식이 풍부한 당사의 고객 서비스 팀은 절차 중에 발생할 수 있는 질문이나 우려 사항에 대해 도움을 드릴 수 있습니다. 그러니 계속해서 해당 제품을 쇼핑 목록에 추가해 보세요. 저희가 모든 단계에서 고객님을 지원해 드리겠습니다!
BCILM,고객님의 제품을 몇 개 주문하고 싶은데 도움을 받을 수 있나요?,주문,주문하기,저희 제품 주문에 관심을 가져주셔서 감사합니다! 저는 고객님께 필요한 도움을 제공하기 위해 여기에 있습니다. 절차를 시작하려면 주문하려는 특정 제품과 각 제품의 수량을 알려주시겠습니까? 이 정보를 받으면 다음 단계를 안내하여 원활하고 만족스러운 주문 경험을 보장해 드릴 수 있습니다.
BLM,기사 좀 사다,주문,주문하기,저희의 기사 구매를 고려해 주셔서 감사합니다! 고객님의 필요에 맞는 완벽한 품목을 찾는 데 도움을 드리게 되어 기쁘게 생각합니다. 구매하려는 특정 품목에 대한 자세한 내용을 알려주시겠습니까? 그렇게 하면 구매 과정 전반에 걸쳐 정확한 정보와 최상의 지원을 제공할 수 있습니다.
BILMW,빌어먹을 물건을 여러 개 사려면 어떻게 해야 합니까?,주문,주문하기,당사의 여러 제품 구매에 관심을 가져주셔서 감사합니다! 절차를 시작하려면 당사 웹사이트를 탐색하거나 매장을 방문하여 당사가 제공하는 다양한 제품을 탐색할 수 있습니다. 마음에 드는 상품을 찾으면 장바구니에 추가할 수 있습니다. 품목 선택에 도움이 필요하거나 특정 요구 사항이 있는 경우 당사 고객 서비스 팀이 항상 도움을 드릴 수 있습니다. 당사 웹사이트의 라이브 채팅을 통해 연락하시거나 고객 지원 핫라인에 문의하실 수 있습니다. 결제 및 배송 과정을 안내해 원활하고 편리한 경험을 보장합니다. 즐거운 쇼핑하세요!
BILM,고객님의 상품을 여러 개 구매하려면 어떻게 해야 합니까?,주문,주문하기,"당사의 다양한 품목 쇼핑에 관심을 가져주셔서 감사합니다! 구매를 진행하려면 몇 가지 간단한 단계를 따르세요. 먼저, 다양한 제품을 둘러보고 구매하려는 품목을 선택하세요. 선택을 완료한 후 장바구니에 추가하세요. 결제할 준비가 되면 장바구니를 검토하여 원하는 품목이 모두 포함되어 있는지 확인하세요. 그런 다음 결제 페이지로 이동하세요. 여기에서 배송 정보를 제공하고, 선호하는 결제 방법을 선택하고, 주문을 완료하는 데 필요한 단계를 완료하세요. 절차 중에 어려움이 발생하거나 질문이 있는 경우 당사 고객 서비스 팀이 항상 도움을 드릴 수 있습니다. 저희는 고객님의 쇼핑 경험을 최대한 원활하고 즐겁게 만들기 위해 노력하고 있습니다. 즐거운 쇼핑하세요!"
BILM,제가 아이템을 얻는 것을 도와주실 수 있나요?,주문,주문하기,문의해주셔서 감사합니다! 고객님께서 일부 품목을 구입하는 데 도움을 구하고 계신 것으로 알고 있습니다. 저는 고객님께 그 과정을 안내하고 고객님이 원하는 아이템을 획득하는 데 있어 성공적인 경험을 할 수 있도록 돕기 위해 왔습니다. 더 나은 도움을 드릴 수 있도록 관심 있는 특정 항목에 대한 자세한 내용을 제공해 주시겠습니까? 이렇게 하면 고객님의 요구 사항에 맞게 안내를 맞춤화하고 해당 항목을 획득하기 위한 즐거운 여정을 만드는 데 도움이 될 것입니다.
BLMZ,여러 기사를 주문하는 데 도움이 필요합니다,주문,주문하기,문의해 주셔서 감사합니다! 저는 여러 품목을 주문하는 데 도움을 드리고자 왔습니다. 시작하려면 주문하려는 품목의 구체적인 세부정보를 알려주시겠습니까? 이렇게 하면 고객님의 원활한 주문 절차를 보장하는 데 도움이 됩니다.
BLMZ,여러 가지 제품을 얻으려면 도움이 필요합니다,주문,주문하기,"다양한 당사 제품 구입에 관심을 가져주셔서 감사합니다! 고객님의 목표 달성에 도움을 드리게 되어 기쁘게 생각합니다. 시작하려면 어떤 특정 제품에 관심이 있는지 알려주시겠어요? 이를 통해 고객님께 수익 창출 방법에 대한 가장 관련성 높은 정보와 지침을 제공할 수 있습니다. 고객님이 원하는 제품에 따라 로열티 프로그램, 추천, 프로모션 등 다양한 옵션을 이용할 수 있습니다. 고객님의 선호도를 이해함으로써 저희는 맞춤형 권장 사항을 제공하고 고객님이 좋아하는 제품을 구매하는 보람 있는 경험을 보장할 수 있습니다."
BIL,기사를 어떻게 주문하나요?,주문,주문하기,"문의해 주셔서 감사합니다! 고객님이 염두에 두고 있는 기사에 대한 고객님의 주문에 도움을 드리게 되어 기쁩니다. 기사를 주문하는 것은 매우 간단합니다. 원활하고 즐거운 경험을 보장하기 위해 절차를 단계별로 안내해 드리겠습니다. 먼저, 당사 웹사이트를 방문하여 당사의 기사 컬렉션을 검색해야 합니다. 주문하려는 제품을 찾으면 제품 페이지를 클릭하기만 하면 됩니다. 제품 페이지에서 가격, 사이즈 옵션, 색상 변형 등 필요한 모든 세부 정보를 확인할 수 있습니다. 모든 것이 양호하면 ""장바구니에 추가"" 버튼을 클릭하여 품목을 장바구니에 추가할 수 있습니다. 장바구니에 상품을 추가하면 주문을 검토하고 배송 정보를 입력하라는 메시지가 표시됩니다. 배송지 주소가 정확한지 다시 한번 확인해주세요. 마지막으로 결제 페이지로 이동하여 구매를 완료할 수 있습니다. 신용/직불 카드, 온라인 결제 플랫폼 등 다양한 결제 방법을 사용할 수 있습니다. 결제가 확인되면 구매 세부정보가 포함된 주문 확인 이메일을 받게 됩니다. 그게 다야! 기사를 성공적으로 주문했습니다. 추가 질문이 있거나 절차 중 언제든지 도움이 필요한 경우 언제든지 고객 지원팀에 문의하세요. 그들은 기꺼이 고객님을 도와줄 것입니다. 쇼핑 경험을 즐겨보세요!"
BLQZ,나 뭔가 주문하려고 해,주문,주문하기,주문을 시도하신다니 반갑습니다! 저는 고객님의 절차를 최대한 원활하게 진행하기 위해 왔습니다. 시작하려면 주문하려는 품목에 대한 자세한 내용을 알려주시겠습니까? 이렇게 하면 제가 더 나은 도움을 드리고 즐거운 쇼핑 경험을 보장하는 데 도움이 될 것입니다.
BLQ,제품 구입에 도움을 원합니다,주문,주문하기,"저희를 믿고 제품 구매에 도움을 주셔서 감사드립니다. 저는 성공적인 구매를 위해 필요한 지침을 제공해 드리겠습니다. 우선, 어떤 특정 제품에 관심이 있는지 알려주시겠어요? 해당 정보가 확보되면 절차를 단계별로 안내하고 모든 것이 원활하게 진행되는지 확인할 수 있습니다."
BLMQZ,고객님의 아이템을 몇 개 획득하세요,주문,주문하기,당사 품목 구입에 관심을 가져주셔서 감사합니다! 저는 고객님이 구매하는 데 필요한 지침과 지원을 제공해 드리겠습니다. 어떤 특정 항목에 관심이 있는지 알려주시겠어요? 해당 정보가 확보되면 주문 과정에서 추가 지원을 제공해 드릴 수 있습니다.
BLM,여러 품목을 주문하는 데 도움이 필요합니다,주문,주문하기,여러 품목을 주문하는 데 도움을 주신 메시지에 감사드립니다. 당사 제품에 대한 고객님의 관심에 감사드리며 고객님의 구매 과정을 최대한 원활하게 진행하기 위해 최선을 다하고 있습니다. 주문에 도움이 되도록 주문하려는 특정 품목에 대한 자세한 내용을 제공해 주시겠습니까? 이를 통해 당사는 고객님께 필요한 단계를 안내하고 원활하고 만족스러운 쇼핑 경험을 보장할 수 있습니다. 고객님이 갖고 있는 특정 선호 사항이나 요구 사항을 자유롭게 공유해 주시면 기꺼이 도와드리겠습니다.
BILMP,제가 제품을 구입하는 것을 도와주실 수 있나요?,주문,주문하기,당사 제품 구매에 관심을 가져주셔서 감사합니다! 저는 이 과정 전반에 걸쳐 고객님께 필요할 수 있는 모든 지원을 제공해 드리겠습니다. 관심 있는 특정 제품을 식별하는 것부터 시작하겠습니다. 구매하려는 품목에 대한 자세한 내용을 제공해 주시겠습니까? 해당 정보가 확보되면 원활하고 효율적으로 구매하는 방법을 안내해 드릴 수 있습니다.
BLM,여러 가지 제품을 쇼핑할 수 있게 도와주세요,주문,주문하기,당사의 다양한 제품 쇼핑에 관심을 가져주셔서 감사합니다! 저는 고객님께 과정을 안내하고 고객님이 원하는 것을 정확하게 찾을 수 있도록 돕기 위해 왔습니다. 시작하려면 관심 있는 제품과 특정 요구 사항이나 선호 사항을 알려주시겠습니까? 이를 통해 고객님께 맞춤형 추천을 제공하고 원활한 쇼핑 경험을 보장할 수 있습니다.
BL,제품을 구매해야 해요,주문,주문하기,"제품 구매 의사를 표현해 주셔서 감사합니다! 저는 이 과정을 도와드리기 위해 왔습니다. 시작하려면 구매하려는 제품의 구체적인 세부정보를 알려주시겠어요? 여기에는 제품 이름, 변형 또는 사양, 필요한 수량 등이 포함될 수 있습니다. 해당 정보를 제공해 주시면 구매 진행 방법을 안내해 드리겠습니다."
BLZ,기사를 사고 싶어요,주문,주문하기,"저희의 기사 구매를 고려해 주셔서 감사합니다! 저는 이 과정 전반에 걸쳐 고객님을 돕기 위해 여기 있습니다. 정보에 입각한 결정을 내리는 데 도움이 되도록 구매하려는 특정 품목에 대한 자세한 내용을 알려주시겠습니까? 이렇게 하면 구매 가능 여부, 가격, 구매를 성공적으로 완료하는 데 필요할 수 있는 추가 세부정보 등 정확한 정보를 제공할 수 있습니다."
BLMQZ,나 제품 좀 사야 돼,주문,주문하기,일부 제품을 구매해야 한다는 의견을 보내주셔서 감사합니다. 저는 절차 전반에 걸쳐 고객님을 지원하고 원활하고 만족스러운 경험을 보장하기 위해 왔습니다. 시작하려면 구매하려는 제품에 대한 세부정보를 알려주시겠어요? 이 정보는 고객님께 더 나은 안내를 제공하고 사용 가능한 모든 옵션을 탐색하는 데 도움이 됩니다. 고객님의 구매가 흥미롭고 보람있는 여행이 될 수 있도록 함께 노력합시다!
BL,물건을 얻으려고 노력한다,주문,주문하기,기사 획득에 관심을 표해 주셔서 감사합니다. 저는 모든 단계에서 고객님을 돕기 위해 여기 있습니다. 계속 진행하는 데 도움이 되도록 구매하려는 특정 품목에 대한 자세한 내용을 제공해 주시겠습니까? 이를 통해 저는 고객님께 인수 과정을 원활하게 안내할 수 있도록 가장 정확하고 관련성이 높은 정보를 제공할 수 있습니다.
BELMQ,여러 제품을 구매하려면 어떻게 해야 할지 모르겠어요,주문,주문하기,여러 제품을 구매하는 과정에 대해 확신이 없다면 완전히 이해할 수 있습니다. 걱정하지 마세요. 제가 여기에서 모든 단계를 안내해 드리겠습니다. 시작하려면 구매하려는 제품을 이미 선택했는지 물어봐도 될까요? 해당 항목을 염두에 두시면 구매 진행 방법에 대한 자세한 지침을 제공해 드릴 수 있습니다.
BLQ,물건을 사려면 무엇을 해야 할지 모르겠어요,주문,주문하기,우리가 도와드리겠습니다! 물품을 구매하는 단계에 대해 확신이 없으신 것으로 알고 있습니다. 괜찮아요; 저는 고객님께 그 과정을 안내하기 위해 왔습니다. 시작하려면 당사 웹사이트를 탐색하고 원하는 기사를 장바구니에 추가하기만 하면 됩니다. 구매할 준비가 되면 결제 페이지로 이동하여 안내에 따라 배송 및 결제 세부정보를 입력하세요. 구체적인 질문이 있거나 도중에 어려움을 겪을 경우 언제든지 문의해 주세요. 최선을 다해 도와드리겠습니다. 이 쇼핑 경험을 원활하고 즐거운 경험으로 만들어 드리겠습니다!
BEMQZ,저는 고객님의 물건 중 일부를 구입하는 방법을 모릅니다,주문,주문하기,문의해 주셔서 감사합니다! 일부 품목을 구매하는 과정에 대해 불확실하다고 느끼는 것은 완전히 이해할 수 있습니다. 저는 고객님이 이 경험을 탐색하고 원활하고 성공적인 주문이 이루어지도록 돕기 위해 왔습니다. 시작하려면 관심 있는 항목의 구체적인 세부정보를 알려주시겠습니까? 이를 통해 고객님께 맞춤형 지침을 제공하고 올바른 리소스를 안내해 드릴 수 있습니다. 여행 중 궁금하신 점은 언제든지 문의해 주세요. 원하시는 상품을 자신있게 구매하실 수 있도록 함께 도와드리겠습니다.
BLM,일부 제품을 구입하는 데 도움,주문,주문하기,당사로부터 일부 제품 구입에 관심을 가져주셔서 감사합니다! 저는 고객님께 필요한 지침과 도움을 제공하기 위해 여기에 있습니다. 절차를 시작하려면 구입하려는 특정 제품을 공유해 주시겠습니까? 해당 정보가 확보되면 구매에 필요한 단계를 안내해 드릴 수 있습니다.
BLMZ,고객님의 아이템 몇 개를 획득하는 데 도움이 필요합니다,주문,주문하기,여러 품목을 구매하고 싶다는 의사를 표명해 주셔서 감사합니다! 고객님이 구매하는 데 필요한 지원을 제공하게 되어 기쁘게 생각합니다. 관심 있는 특정 항목에 대한 자세한 내용을 알려주시겠습니까? 이는 고객님의 쇼핑 경험이 원활하고 즐거운지 확인하는 데 도움이 될 것입니다. 고객님께 딱 맞는 아이템을 찾기 위해 함께 노력합시다!
BCILQWZ,빌어먹을 물건을 구입해야 하는데 어떻게 해야 하나요?,주문,주문하기,당사에서 제품을 구매하겠다는 의사를 표명해 주셔서 감사합니다! 구매 절차를 진행하려는 고객님의 긴급성과 열의를 이해합니다. 안심해 주세요. 고객님이 원하는 아이템을 획득하는 방법에 대해 명확한 지침을 제공하여 원활하고 원활한 경험을 보장해 드리겠습니다. 구매하려는 특정 품목에 대한 자세한 내용을 공유해 주시겠습니까? 이를 통해 고객님께 정확한 정보를 제공하고 보다 효과적으로 도움을 드릴 수 있습니다.
BILMQ,고객님의 아이템 몇 개를 어디서 얻을 수 있나요?,주문,주문하기,"저희 아이템 구입에 관심을 가져주셔서 감사합니다! 구매하려면 몇 가지 옵션이 있습니다. 먼저 당사 웹사이트 [웹사이트/메뉴]를 방문하여 당사 제품 카탈로그를 찾아보실 수 있습니다. 원하는 품목을 찾으면 장바구니에 추가하고 결제를 진행할 수 있습니다. 또는 다른 도시에 위치한 실제 매장 중 한 곳을 방문하실 수도 있습니다. 매장 위치는 당사 웹사이트 매장 찾기 페이지에서 확인하실 수 있습니다. 온라인 쇼핑을 선택하시든, 매장을 방문하시든, 당사의 친절한 직원이 전 과정에 걸쳐 고객님을 도와드릴 준비가 되어 있습니다. 즐거운 쇼핑하세요!"
BILM,기사를 얻으려면 어떻게 해야 하나요?,주문,주문하기,"고객님이 관심 있는 기사를 얻는 데 도움을 드리게 되어 기쁘게 생각합니다! 이 절차를 원활하고 편리하게 진행하기 위해 몇 가지 간단한 단계로 나누어 보겠습니다. 1. 온라인 카탈로그 탐색: 당사 웹사이트를 방문하여 다양한 기사를 살펴보세요. 선호도와 필요에 따라 검색 결과를 필터링할 수 있습니다. 2. 기사 선택: 눈길을 끄는 기사를 찾으면 해당 기사를 클릭하여 자세한 설명, 사양, 가격 정보를 확인하세요. 충분한 정보를 바탕으로 결정을 내리려면 시간을 투자하세요. 3. 장바구니에 추가: 선택을 마친 후 구매하려는 각 품목에 대해 ""장바구니에 추가"" 버튼을 클릭하세요. 그러면 가상 장바구니에 추가됩니다. 4. 장바구니 검토: 장바구니에 상품을 추가한 후 장바구니 페이지로 이동하여 선택 항목을 검토하세요. 여기에서 수량을 조정하고 불필요한 항목을 제거하고 총 비용을 계산할 수 있습니다. 5. 결제 진행: 선택 사항에 만족하면 ""결제 진행"" 버튼을 클릭하여 결제 절차를 시작합니다. 아직 계정을 만들지 않은 경우 계정을 만들거나 로그인해야 할 수도 있습니다. 6. 배송 세부 정보 제공: 이름, 주소, 연락처 세부 정보 및 배송에 대한 특별 지침을 포함하여 필수 배송 정보를 입력합니다. 7. 결제 방법 선택: 사용 가능한 옵션 중에서 원하는 결제 방법을 선택하세요. 저희는 고객님의 금융 정보가 기밀로 유지되도록 안전한 결제 게이트웨이를 제공합니다. 8. 주문 확인 및 접수: 품목, 수량, 배송 세부정보 및 결제 정보를 포함한 주문 요약을 검토합니다. 만족스러우면 ""주문하기"" 버튼을 클릭하여 구매를 확인하세요. 9. 주문 확인: 주문이 완료되면 구매 세부정보가 포함된 주문 확인 이메일을 받게 됩니다. 당사 웹사이트의 계정을 통해 주문 진행 상황을 추적할 수 있습니다. 진행 중에 어려움이 있거나 추가 질문이 있는 경우 주저하지 말고 고객 지원팀에 문의하세요. [운영시간/기간]([고객센터전화번호]) 또는 당사 웹사이트([웹사이트/메뉴])의 라이브 채팅을 통해 이용 가능합니다. 저희는 고객님의 쇼핑 경험이 원활하고 즐거운지 확인하기 위해 왔습니다. 즐거운 쇼핑되세요!"
BLZ,기사를 얻는 데 도움이 필요합니다,주문,주문하기,기사를 얻는 데 도움을 요청해 주셔서 감사합니다. 저는 고객님이 원활하고 만족스러운 경험을 할 수 있도록 전체 과정을 안내하기 위해 왔습니다. 관심 있는 특정 기사에 대한 자세한 내용을 알려주시겠습니까? 이렇게 하면 고객님의 구매 여정에 도움이 되는 가장 정확하고 관련성 높은 정보를 제공하는 데 도움이 될 것입니다.
BLZ,제품을 얻으려면 어떻게 해야 하는지 모르겠습니다.,주문,주문하기,문의해 주셔서 감사합니다! 고객님는 당사 제품을 구입하는 과정에 대해 확신이 없는 것 같습니다. 걱정하지 마세요. 제가 모든 단계에서 도움을 드리기 위해 여기 있습니다. 관심 있는 제품을 얻으려면 몇 가지 간단한 단계를 따라야 합니다. 먼저 당사 웹사이트를 탐색하여 적립하려는 제품을 선택하세요. 그런 다음 장바구니에 추가하고 결제를 진행하세요. 결제 페이지에서 배송 및 결제 정보를 입력하라는 메시지가 표시됩니다. 결제 과정이 완료되면 주문이 처리되고 지정된 주소로 제품이 배송됩니다. 구체적인 질문이 있거나 진행 중에 어려움을 겪는 경우 언제든지 문의해 주세요. 저는 고객님이 제품을 성공적으로 획득하는 데 필요한 모든 지침과 지원을 제공해 드리겠습니다.
BL,품목 주문에 도움이 필요합니다,주문,주문하기,상품 주문과 관련하여 문의해 도움을 요청해 주셔서 감사합니다. 저는 고객님께 절차를 안내하고 원활하고 만족스러운 경험을 보장하기 위해 왔습니다. 계속 진행하려면 주문하려는 품목에 대한 구체적인 세부정보를 제공해 주시겠습니까? 이를 통해 보다 효과적으로 고객님을 지원하고 정확한 정보를 제공할 수 있습니다.
BLM,기사의 일부를 얻으십시오,주문,주문하기,우리 기사에 관심을 가져주셔서 감사합니다! 우리 제품을 얻으려는 고객님의 열정을 보니 매우 기쁩니다. 고객님이 얻고자 하는 특정 기사에 대한 자세한 내용을 알려주시겠습니까? 고객님의 선호도와 요구 사항을 이해함으로써 고객님께 더 나은 안내를 제공하고 고객님의 목표에 맞는 적절한 옵션을 제공할 수 있습니다. 이 흥미진진한 여행을 함께 시작해 보세요!
BILMQZ,여러 개의 기사를 얻으려면 어떻게 해야 하나요?,주문,주문하기,"여러 기사를 얻는 데 관심을 가져주셔서 감사합니다! 고객님의 열정에 감사드립니다. 우리 기사를 얻으려면 몇 가지 간단한 단계를 따르면 됩니다. 먼저, 당사 웹사이트를 탐색하고 얻고자 하는 기사를 선택하십시오. 그런 다음 장바구니에 추가하고 결제 페이지로 이동하세요. 이 단계에서는 계정을 생성하거나 이미 계정이 있는 경우 로그인해야 합니다. 배송 및 결제에 필요한 정보를 입력하신 후 거래를 완료해 주세요. 고객님의 주문이 확인되면 저희 팀이 이를 처리하고 고객님이 지정한 주소로 물품을 배송할 것입니다. 기사 획득과 관련하여 특정 요구 사항이 있는 경우 알려주시면 추가 지원을 해 드리겠습니다. 즐거운 쇼핑과 적립!"
BLMQ,고객님 제품 몇 개를 어떻게 쇼핑하는지 모르겠어요,주문,주문하기,당사 제품 쇼핑에 대한 안내를 위해 연락해 주셔서 감사합니다. 저는 고객님이 가질 수 있는 질문이나 우려 사항에 대해 도움을 주기 위해 여기 있습니다. 시작하려면 어떤 특정 제품에 관심이 있는지 알려주시겠어요? 자세한 내용이 확인되면 구매 방법에 대한 단계별 안내를 제공해 드릴 수 있습니다.
BIL,제품을 어떻게 얻을 수 있나요?,주문,주문하기,문의해 주셔서 감사합니다! 제품 구매에 도움을 드리게 되어 기쁘게 생각합니다. 구매하시려면 당사 웹사이트를 방문하여 사용 가능한 제품을 찾아보실 수 있습니다. 관심 있는 상품을 찾으면 장바구니에 추가하고 결제를 진행하세요. 도중에 도움이 필요하거나 제품에 대해 구체적인 질문이 있는 경우 언제든지 문의해 주세요. 저희는 고객님의 성공적인 구매를 돕고 즐거운 경험을 제공해 드리겠습니다. 즐거운 쇼핑하세요!
BILMZ,고객님의 아이템 중 몇 개를 얻을 수 있도록 도와주실 수 있나요?,주문,주문하기,"몇 가지 아이템 획득에 관심을 가져주셔서 감사합니다! 최선을 다해 도와드리겠습니다. 시작하려면, 획득하고 싶은 특정 아이템에 대한 추가 정보를 제공해 주시겠습니까? 고객님의 선호도를 명확하게 이해하면 해당 아이템을 성공적으로 획득하는 과정을 안내해 드릴 수 있습니다."
BLM,어떻게 여러 제품을 얻을 수 있는지 모르겠어요,주문,주문하기,"문의해 주셔서 감사합니다! 여러 제품 구입에 관심을 가져주셔서 감사합니다. 이러한 제품을 얻으려면 간단한 과정을 따르면 됩니다. 먼저, 다양한 품목을 살펴보고 원하는 제품을 장바구니에 추가하세요. 그런 다음 주문 세부정보를 검토하고 확인할 수 있는 결제 페이지로 이동하세요. 마지막으로 결제 과정을 완료하시면, 짜잔, 해당 제품을 얻으실 수 있습니다! 구체적인 질문이 있거나 추가 지원이 필요한 경우, 주저하지 말고 문의해 주세요. 즐거운 쇼핑하세요!"
BLMQZ,고객님의 기사를 구입하는 데 도움이 필요합니다,주문,주문하기,우리 기사의 일부 구매에 관심을 가져주셔서 감사합니다! 저는 고객님이 원활하고 성공적인 구매를 하는 데 필요한 지침과 지원을 제공해 드리겠습니다. 시작하려면 관심 있는 특정 기사에 대한 자세한 내용을 알려주시겠습니까? 이렇게 하면 고객님의 요구 사항을 더 잘 이해하고 맞춤형 권장 사항 및 지원을 제공하는 데 도움이 됩니다.
BILM,일부 기사를 구입하는 방법은 무엇입니까?,주문,주문하기,"당사의 기사 구매에 관심을 가져주셔서 감사합니다! 저는 고객님께 절차를 안내하고 가능한 한 원활하게 진행되도록 하려고 왔습니다. 일부 품목을 구매하려면 당사 웹사이트의 ""지금 구매"" 버튼을 클릭하여 온라인 상점을 방문하세요. 상점 페이지에 접속하면 컬렉션을 탐색하고 구매하려는 품목을 장바구니에 추가할 수 있습니다. 구매를 완료할 준비가 되면 ""체크아웃"" 버튼을 클릭하세요. 그러면 배송 및 결제 세부정보 제공을 포함한 나머지 단계가 안내됩니다. 질문이 있거나 도움이 필요한 경우 언제든지 [운영시간/기간]([고객센터전화번호]) 또는 당사 웹사이트([웹사이트/메뉴])의 라이브 채팅을 통해 고객 지원팀에 문의하시기 바랍니다. 저희는 고객님의 구매 경험을 즐겁고 편리하게 만들기 위해 왔습니다. 즐거운 쇼핑하세요!"
BILMW,빌어먹을 물건을 여러 개 주문하려면 어떻게 해야 해?,주문,주문하기,"우리에게 여러 제품을 주문하려는 열정에 감사드립니다! 불편을 끼쳐드려 죄송합니다. 걱정하지 마세요. 제가 도와드리겠습니다. 여러 상품을 주문하려면 다음 단계를 따르세요. 1. 당사 웹사이트/카탈로그를 탐색하여 구매하려는 품목을 찾으십시오. 2. ""장바구니에 추가"" 버튼을 클릭하여 원하는 상품을 장바구니에 추가하세요. 3. 원하는 품목을 모두 선택한 후 장바구니 아이콘을 클릭하여 장바구니를 확인하세요. 4. 장바구니에 있는 품목이 정확한지 검토하고 필요한 경우 조정하십시오. 5. 주문 절차를 시작하려면 ""결제 진행"" 버튼을 클릭하세요. 6. 배송지 주소, 결제 세부정보 등 필수 정보를 입력하세요. 7. 주문 요약을 검토하여 모든 내용이 올바른지 확인하세요. 8. 마지막으로 ""주문하기"" 버튼을 클릭하여 구매를 완료하세요. 주문 과정에서 어려움이 있거나 추가 질문이 있는 경우 주저하지 말고 고객 지원팀에 문의하세요. 저희는 고객님의 원활하고 즐거운 쇼핑 경험을 보장하기 위해 왔습니다!"
BMQ,고객님 물건을 좀 사야겠어요,주문,주문하기,당사 제품 중 일부 구매에 관심을 가져주셔서 감사합니다! 저는 이 과정을 안내하고 원활한 경험을 보장하기 위해 왔습니다. 시작하려면 어떤 특정 품목을 사고 싶은지 알려주시겠어요? 해당 정보가 확보되면 필요한 모든 세부정보를 제공하고 구매 진행 방법을 안내해 드릴 수 있습니다.
BELZ,아아 아이템을 획득해야 할지 모르겠어요,주문,주문하기,도와주셔서 영광입니다! 아이템 획득 방법을 잘 모르시는 것 같군요. 걱정하지 마세요. 절차를 단계별로 안내해 드리겠습니다. 시작하려면 획득하려는 항목에 대한 자세한 내용을 알려주시겠습니까? 이렇게 하면 고객님의 필요에 맞는 가장 정확한 지침을 제공하는 데 도움이 될 것입니다. 가능한 한 많은 정보를 자유롭게 공유해 주세요. 원하는 항목을 성공적으로 얻을 수 있도록 함께 도와드리겠습니다.
BLMQ,여러 제품을 주문하는 데 도움이 필요합니다,주문,주문하기,문의해 주셔서 감사합니다! 여러 제품을 주문하시는 데 있어 고객님의 열정이 느껴지며 고객님께 필요한 지원을 제공해 드리겠습니다. 시작하려면 어떤 특정 제품에 관심이 있는지 알려주시겠어요? 해당 정보를 통해 주문 과정을 안내하고 모든 일이 원활하게 진행되도록 할 수 있습니다. 이 경험이 고객님께 즐겁고 보람찬 경험이 될 수 있도록 함께 노력합시다!
BLM,여러 기사 쇼핑을 도와주세요,주문,주문하기,"여러 품목의 쇼핑에 도움을 드리게 되어 기쁘게 생각합니다! 여러 번 찾아보고 구매하려는 고객님의 열의는 정말 칭찬할 만합니다. 우선, 염두에 두고 있는 특정 기사가 있거나 추천이 필요한지 알려주실 수 있나요? 고객님의 선호도와 요구 사항을 명확하게 이해함으로써 고객님의 쇼핑 여정 전반에 걸쳐 맞춤형 지원을 제공할 수 있습니다. 이 경험을 원활하고 즐겁고 성공적으로 함께 만들어 갑시다!"
BLMP,고객님의 제품 중 일부를 어떻게 얻을 수 있는지 모르겠습니다.,주문,주문하기,"당사 제품 구입 방법에 대해 문의해 주셔서 감사합니다. 구매 과정에 대해 궁금한 점이 있거나 불확실한 점이 있을 수 있다는 점을 이해하며, 제가 도와드리겠습니다. 당사 제품을 구입하는 과정은 간단하며 단계별로 안내해 드리겠습니다. 관심 있는 특정 제품에 대한 자세한 정보를 제공해 주시면 해당 제품을 구입하는 방법에 대해 필요한 세부 정보를 제공해 드리겠습니다. 저희는 함께 원활하고 즐거운 쇼핑 경험을 보장할 것입니다."
BILMPW,빌어먹을 제품을 여러 개 주문하려면 어떻게 해야 하나요?,주문,주문하기,여러 제품을 주문하는 방법에 대해 문의해 주셔서 감사합니다. 고객님의 열정에 감사드립니다! 시작하려면 주문하고 싶은 특정 제품을 알려주시겠어요? 해당 정보가 확보되면 절차를 단계별로 안내하고 원활한 경험을 보장해 드릴 수 있습니다.
BQZ,구매에 도움을 원합니다,주문,주문하기,저희는 고객님을 위해 여기 있으며 구매에 대한 도움을 원한다는 것을 표현합니다. 저는 원활하고 보람있는 경험을 보장하는 데 필요한 지침을 제공해 드리겠습니다. 시작하려면 어떤 특정 제품(들)에 관심이 있는지 알려주시겠어요? 이 정보를 받으면 고객님이 성공적으로 구매를 완료하는 데 도움이 되는 맞춤형 지원을 제공할 수 있습니다.
BLMQ,고객님의 기사 여러 개를 주문하는 데 도움이 필요합니다,주문,주문하기,문의해 주셔서 감사합니다! 여러 품목을 주문하는 데 도움을 드리게 되어 기쁘게 생각합니다. 우리가 제공하는 제품을 탐색하고 여러 번 구매하려는 고객님의 열망은 환상적입니다. 여러 품목을 주문하시면 다양한 제품을 선택할 수 있을 뿐만 아니라 문앞까지 바로 배송되는 편리함도 누리실 수 있습니다. 주문하고 싶은 특정 품목에 대한 자세한 내용을 알려주시겠습니까? 이를 통해 저희는 고객님께 원활하고 개인화된 쇼핑 경험을 보장할 수 있습니다.
BCILMZ,"고객님의 아이템 중 일부를 획득해야 하는데, 도와주실 수 있나요?",주문,주문하기,저희 아이템 구매에 관심을 가져주셔서 감사합니다! 저는 이 과정을 도와드리기 위해 왔습니다. 먼저 구매하려는 특정 품목에 대한 자세한 내용을 알려주시겠습니까? 이를 통해 저는 고객님께 가장 정확한 정보를 제공하고 해당 정보를 획득하는 데 필요한 단계를 안내할 수 있습니다.
BILMQ,고객님의 기사 중 여러 개를 얻을 수 있나요?,주문,주문하기,당사의 여러 기사를 구입하는 데 관심을 보여주셔서 감사합니다. 우리로부터 여러 기사를 얻는 것이 절대적으로 가능합니다. 저희는 다양한 요구와 선호도를 충족할 수 있는 다양한 제품을 제공합니다. 원활하고 효율적인 쇼핑 경험을 보장하기 위해 당사 웹사이트/카탈로그를 탐색하여 구입하려는 품목을 탐색하는 것이 좋습니다. 선택을 마치면 선택한 품목을 검토하고 구매를 완료할 수 있는 결제 페이지로 이동할 수 있습니다. 이 과정에서 특정 요구 사항이 있거나 맞춤 지원이 필요한 경우 언제든지 알려주시면 기꺼이 도와드리겠습니다. 즐거운 쇼핑하세요!
BMQ,고객님의 품목을 여러 개 구입하는 데 도움,주문,주문하기,여러 상품 구매를 고려해 주셔서 감사합니다! 저는 고객님이 필요한 제품을 선택하고 구매하는 모든 단계에서 도움을 드리고자 왔습니다. 관심 있는 특정 항목에 대한 자세한 내용을 알려주시겠습니까? 이를 통해 고객님께 맞춤형 추천을 제공하고 원활한 구매 절차를 보장할 수 있습니다. 고객님의 요구 사항과 선호도에 맞는 완벽한 품목을 찾을 수 있도록 함께 노력합시다.
BILMQ,기사를 얻는 방법,주문,주문하기,우리와 함께 기사를 얻는 데 관심을 가져주셔서 감사합니다! 저희는 최고의 쇼핑 경험을 제공하는 데 중점을 두고 있지만 기사를 얻기 위한 특정 프로그램은 없습니다. 그러나 저희는 고객님이 보다 저렴한 가격으로 물품을 구매하는 데 도움이 될 수 있는 다양한 프로모션과 할인을 제공합니다. 저희 팀은 항상 최고의 거래를 찾고 원활한 쇼핑 경험을 보장할 수 있도록 지원할 준비가 되어 있습니다. 궁금한 점이 있거나 추가 지원이 필요하면 언제든지 문의해 주세요. 즐거운 쇼핑하세요!
BLMQZ,고객님의 제품을 여러 개 구입하는 데 도움이 필요합니다,주문,주문하기,"문의해 주셔서 감사합니다! 저는 고객님이 당사의 여러 제품을 구매하는 데 필요한 지원을 제공해 드리겠습니다. 여러 항목을 탐색하고 획득하려는 고객님의 열정은 고무적이며, 이 과정에 고객님과 함께 참여하게 되어 기쁩니다. 관심 있는 특정 제품을 알려주시면 원활하고 만족스러운 쇼핑 경험을 보장해 드리겠습니다."
BILMQZ,어떻게 하면 기사를 여러 개 벌 수 있나요?,주문,주문하기,"여러 기사를 얻는 데 관심을 표명해 주셔서 감사합니다. 명확히 하자면, 로열티 프로그램에 참여하거나, 추천을 통해 보상을 받거나, 잠재적으로 제휴사가 되기를 원하십니까? 각 길은 기사를 획득하고 획득할 수 있는 고유한 기회를 제공합니다. 어떤 옵션이 고객님께 적합한지 알려주시면 기꺼이 필요한 정보와 안내를 제공해 드리겠습니다."
BQ,물건을 구입하는 데 도움이 필요해요,주문,주문하기,상품 구매에 도움을 받고 싶다는 의사를 표명하고 연락해주셔서 다행입니다. 저는 고객님이 충분한 정보를 바탕으로 결정을 내리고 구매를 성공적으로 완료하는 데 필요한 지침을 제공해 드리겠습니다. 관심 있는 특정 항목을 알려주시겠습니까? 해당 정보를 통해 추가 세부정보를 제공하고 구매 과정을 안내하며 궁금한 사항에 답변해 드릴 수 있습니다.
BLMQ,고객님의 제품 중 일부를 쇼핑하는 데 도움이 필요합니다,주문,주문하기,저희 제품 쇼핑에 도움을 드리기 위해 연락주셔서 다행입니다. 저희는 성공적인 구매를 위해 필요한 지침을 제공해 드리겠습니다. 관심이 있는 특정 제품을 알려주시겠습니까? 세부정보를 제공해 주시면 원하는 품목을 찾고 구매하는 데 추가 도움을 드릴 수 있습니다.
BILQ,물건 쇼핑하려면 어떻게 해,주문,주문하기,상품 쇼핑에 관심을 가져주셔서 감사합니다! 원하는 것을 쉽게 얻을 수 있도록 절차를 안내해 드리겠습니다. 시작하기 전에 염두에 두고 있는 특정 항목이 있는지 물어봐도 될까요? 자세한 내용을 알려주시면 더욱 효과적으로 도움을 드릴 수 있으며 원활하고 즐거운 쇼핑 경험을 하실 수 있는 옵션을 제공해 드릴 수 있습니다.
BLM,여러 상품을 쇼핑하는 데 도움이 필요합니다,주문,주문하기,여러 품목의 쇼핑에 대한 도움을 위해 저희에게 연락해주셔서 기쁩니다! 구매에 관심과 열정을 가져주셔서 감사합니다. 안심하세요. 원활한 쇼핑 경험을 보장하는 데 필요한 모든 지원을 제공해 드리겠습니다. 구입하려는 품목에 대한 자세한 내용을 알려주실 수 있나요? 그렇게 하면 올바른 제품을 찾는 데 도움을 주고 전체 쇼핑 과정을 안내할 수 있습니다.
BCILM,고객님의 기사를 여러 개 구매하고 싶은데 어떻게 해야 합니까?,주문,주문하기,당사의 여러 제품 구매에 관심을 가져주셔서 감사합니다! 저는 고객님께 절차를 안내하고 가능한 한 원활하게 진행되도록 하려고 왔습니다. 주문하려면 당사 웹사이트를 방문하여 구매하고 싶은 제품을 찾아보세요. 상품을 선택한 후 장바구니에 추가하고 결제 페이지로 이동하세요. 결제 시 배송 주소를 제공하고 결제 방법을 선택하고 구매를 완료하기 전에 주문을 검토해야 합니다. 특정 질문이 있거나 절차 중에 문제가 발생하는 경우 연중무휴 24시간 이용 가능한 고객 지원팀에 언제든지 문의하세요. 저희가 최선을 다해 도와드릴 것입니다. 즐거운 쇼핑하세요!
BLM,일부 제품 구입을 도와주세요,주문,주문하기,제품 구매에 대한 지원을 고려해 주셔서 감사합니다! 저는 고객님께 구매 과정을 안내하고 원활하고 만족스러운 경험을 보장하기 위해 왔습니다. 관심 있는 특정 제품에 대한 자세한 내용을 알려주시겠습니까? 이를 통해 저는 고객님이 현명한 결정을 내리는 데 도움이 되는 정확한 정보와 적절한 권장 사항을 제공할 수 있습니다.
BLM,고객님의 기사 중 일부를 구입하려면 도움이 필요합니다,주문,주문하기,우리 기사의 일부 구매에 관심을 보여주셔서 감사합니다! 저는 모든 단계에서 고객님을 돕기 위해 여기 있습니다. 구매하고 싶은 특정 품목에 대한 자세한 내용을 제공해 주시겠습니까? 이를 통해 고객님께 맞춤형 안내를 제공하고 고객님의 쇼핑 경험을 원활하고 즐겁게 만드는 데 도움이 될 것입니다.
BILMZ,고객님의 품목 중 일부를 구입하는 것을 도와주실 수 있나요?,주문,주문하기,저희 상품 구매에 관심을 가져주셔서 감사합니다! 저희는 고객님이 구매하는 데 필요한 모든 지원을 제공해 드리겠습니다. 관심이 있는 특정 항목을 알려주시겠습니까? 해당 정보가 확보되면 절차를 안내하고 원활하고 즐거운 쇼핑 경험을 보장할 수 있습니다.
BCILZ,상품을 적립하고 싶은데 어떻게 해야 하나요?,주문,주문하기,우리로부터 제품을 얻는 데 관심을 보여주셔서 감사합니다! 고객님의 열정에 감사드리며 진행 과정을 안내해 드리겠습니다. 시작하려면 관심 있는 특정 제품에 대한 자세한 내용을 알려주시겠습니까? 이렇게 하면 수익을 얻는 방법에 대해 가장 정확하고 유용한 정보를 제공할 수 있습니다. 함께 이 여정을 시작하고 제품을 소유하려는 목표를 현실로 만들어 보세요!
BL,제품을 구입하는 데 도움이 필요합니다,주문,주문하기,당사 제품 구입에 도움이 필요하다고 연락해 주셔서 감사합니다. 저는 고객님께 절차를 안내하고 원활한 경험을 보장하기 위해 왔습니다. 가장 정확한 지원을 제공하기 위해 구입하려는 특정 제품에 대한 세부정보를 제공해 주시겠습니까? 이를 통해 고객님의 필요에 맞게 지침을 맞춤화하고 정보에 입각한 결정을 내리는 데 도움이 될 것입니다.
BLM,일부 품목 쇼핑 지원,주문,주문하기,일부 기사 쇼핑에 관심을 가져주셔서 감사합니다! 절차 전반에 걸쳐 도움을 드릴 수 있어 기쁘게 생각합니다. 최선의 도움을 드릴 수 있도록 어떤 품목을 구매하고 싶은지 알려주시겠어요? 세부 사항을 파악한 후에는 원활하고 즐거운 쇼핑 경험을 보장하기 위해 단계별로 안내해 드릴 수 있습니다.
BELM,일부 제품을 어떻게 얻을 수 있는지 모르겠습니다.,주문,주문하기,"당사 제품 획득에 관심을 가져주셔서 감사합니다! 곧 수익 창출을 시작할 수 있도록 절차를 안내해 드리겠습니다. 첫 번째 단계는 당사 웹사이트나 앱에서 계정을 만드는 것입니다. 등록한 후에는 보상 프로그램을 탐색하고 구매, 친구 추천, 프로모션 활동 참여를 통해 포인트나 보상을 적립할 수 있는 방법을 확인할 수 있습니다. 특정 질문이 있거나 특정 제품을 구입하는 데 도움이 필요한 경우 언제든지 알려주시기 바랍니다. 저희는 고객님이 원활한 수익을 창출하고 당사 제품의 혜택을 누릴 수 있도록 함께 노력하겠습니다!"
BLM,고객님의 제품 중 일부를 얻을 수 있도록 도와주세요,주문,주문하기,"저희 제품에 관심을 가져주셔서 감사합니다! 우리 제품을 구매하려는 고객님의 열정에 감사드립니다. 명확히 하자면 로열티 프로그램을 통해 제품을 얻는 것을 말씀하시는 건가요, 아니면 다른 방법으로 제품을 얻는 데 관심이 있으신가요? 자세한 내용을 제공해 주시면 고객님의 목표 달성에 더 나은 도움을 드릴 수 있습니다."
BLM,고객님의 품목을 여러 개 구매하는 데 도움이 필요합니다,주문,주문하기,"여러 품목 구매에 관심을 가져주셔서 감사합니다! 고객님께서 우리와 함께 여러 제품을 구매하려고 하신다니 정말 기쁩니다. 주문하는 데 도움이 되도록 구매하려는 품목에 대한 자세한 정보를 제공해 주시겠습니까? 이를 통해 가용성, 가격 및 현재 진행 중인 프로모션에 대한 정확한 정보를 제공할 수 있습니다. 세부 사항을 공유하시면 고객님의 쇼핑 경험이 원활하고 효율적이며 즐거운지 확인할 수 있습니다. 다양한 제품을 살펴보고 고객님께 딱 맞는 제품을 찾아보세요!"
BILMQ,일부 아이템을 획득할 수 있나요?,주문,주문하기,확실히! 우리로부터 일부 품목을 구입하는 것은 절대적으로 가능합니다. 구매할 수 있는 다양한 제품을 보유하고 있습니다. 시작하려면 어떤 특정 항목에 관심이 있는지 알려주시겠어요? 세부정보를 제공해 주시면 더 나은 지원을 제공하고 원활한 구매 경험을 보장할 수 있습니다.
BCILM,여러 품목을 주문해야 하는데 도와주실 수 있나요?,주문,주문하기,문의해 주셔서 감사합니다! 여러 품목을 주문하는 데 도움을 드리게 되어 기쁘게 생각합니다. 저희의 목표는 절차를 원활하고 편리하며 즐겁게 만드는 것입니다. 먼저 구입하려는 품목의 구체적인 세부정보를 알려주시겠습니까? 이를 통해 주문 과정의 각 단계를 안내해 드리며 처음부터 끝까지 원활한 경험을 하실 수 있도록 도와드립니다.
BL,품목 주문 지원,주문,주문하기,"상품 주문에 대한 도움 요청에 감사드립니다. 안심해 주세요. 저는 전체 과정을 최대한 원활하고 쉽게 안내해 드릴 것입니다. 계속하려면 주문하려는 품목에 대한 세부정보를 제공해 주시겠습니까? 여기에는 품목 이름, 특정 기능이나 사양, 구매하려는 수량 등이 포함될 수 있습니다. 이 정보를 통해 고객님이 올바른 품목을 찾는 데 도움을 드리고 주문 과정을 도와드릴 수 있습니다."
BIL,아이템을 얻으려면 어떻게 해야 하나요?,주문,주문하기,아이템 획득에 관심을 가져주셔서 감사합니다! 성공적으로 구매하려면 몇 가지 간단한 단계를 따라야 합니다. 먼저 당사 웹사이트나 카탈로그를 탐색하여 구입하려는 품목을 찾으십시오. 해당 상품을 찾으셨다면 해당 상품을 클릭하시면 해당 상품 페이지로 이동됩니다. 제품 페이지에서 장바구니에 제품을 추가하거나 바로 결제를 진행할 수 있는 옵션이 표시됩니다. 장바구니에 항목을 추가하기로 선택한 경우 다른 항목에 대한 쇼핑을 계속하거나 준비가 되었을 때 결제를 진행할 수 있습니다. 결제 시 배송 및 청구 정보를 제공하고 결제 방법을 선택하고 주문 세부정보를 검토해야 합니다. 주문을 확인한 후 구매 세부정보가 포함된 확인 이메일을 받게 됩니다. 이 과정 중 언제든지 질문이 있거나 추가 지원이 필요한 경우 언제든지 고객 지원팀에 문의하세요. 즐거운 쇼핑하세요!
BEM,고객님의 품목을 몇 개 구입하려면 어떻게 해야 할지 모르겠습니다,주문,주문하기,저희 상품 구매에 관심을 가져주셔서 감사합니다! 저는 고객님께 절차를 안내하고 가능한 한 간단하게 만들기 위해 왔습니다. 시작하려면 어떤 특정 품목을 구입하고 싶은지 알려주시겠어요? 해당 정보가 확보되면 구매에 필요한 모든 단계를 안내해 드릴 수 있습니다.
BCL,기사를 벌어야 하는데 도와주세요,주문,주문하기,"문의해 주셔서 감사합니다! 기사를 얻고자 하는 고객님의 열의가 느껴지며, 저는 고객님이 그렇게 할 수 있도록 돕기 위해 왔습니다. 원활한 경험을 보장하기 위해 고객님이 얻으려는 기사에 대한 몇 가지 구체적인 정보를 제공해 주시겠습니까? 그러면 제가 고객님께 절차를 안내하고 고객님이 이용 가능한 최상의 옵션을 찾는 데 도움이 될 것입니다. 이것이 고객님께 보람 있고 만족스러운 노력이 될 수 있도록 함께 노력합시다!"
BLM,여러 제품을 쇼핑하는 데 도움이 필요합니다,주문,주문하기,여러 제품을 쇼핑하는 데 도움을 요청해 주셔서 감사합니다! 우리 제품을 탐색하려는 고객님의 열정을 보니 정말 기쁩니다. 가능한 최고의 도움을 제공하기 위해 관심 있는 특정 제품을 공유해 주시겠습니까? 이렇게 하면 완벽한 상품 선택부터 주문까지 전체 쇼핑 과정을 안내해 드릴 수 있습니다. 함께 쇼핑 여행을 떠나보세요!
BLQZ,아이템 획득에 도움이 필요합니다,주문,주문하기,저희를 믿어주셔서 감사합니다! 고객님께서 아이템 구입과 관련하여 도움을 구하고 계신 것으로 알고 있습니다. 저는 고객님께 절차를 안내하고 원활하고 만족스러운 경험을 보장하기 위해 왔습니다. 시작하려면 관심 있는 항목에 대한 자세한 내용을 알려주시겠습니까? 이를 통해 제가 고객님께 필요한 정보와 지원을 제공하는 데 도움이 될 것입니다.
BEL,상품주문방법을 모르겠습니다,주문,주문하기,"절차에 익숙하지 않으면 제품을 주문하는 것이 부담스러워 보일 수 있다는 것을 깨달았습니다. 하지만 걱정하지 마세요. 제가 모든 단계에서 도움을 드리기 위해 여기 있습니다. 시작하려면 당사 웹사이트를 방문하여 당사의 다양한 제품을 찾아보십시오. 구매하고 싶은 상품을 찾으셨다면 해당 상품을 클릭하시면 상품 상세정보를 보실 수 있습니다. 여기에서 장바구니에 추가하거나 ""지금 구매"" 버튼을 클릭하여 바로 결제를 진행할 수 있습니다. 주문 과정에서 안내가 필요하거나 어려움이 있는 경우, 주저하지 말고 당사 고객 지원팀에 문의해 주세요. 최선을 다해 도와드리겠습니다. 제품 주문은 원활하고 즐거운 경험이어야 한다는 점을 기억하세요. 저희 웹사이트를 자유롭게 탐색하고 자신있게 구매하세요."
BCILM,고객님의 기사 중 일부를 주문해야 하는데 어떻게 해야 합니까?,주문,주문하기,우리 기사 주문을 고려해 주셔서 감사합니다! 저는 그 과정을 도와드리기 위해 왔습니다. 주문하려면 당사 웹사이트를 방문하여 '쇼핑' 섹션으로 이동하세요. 여기에서 당사의 기사 컬렉션을 찾아보고 주문하려는 기사를 선택할 수 있습니다. 상품을 선택하고 나면 결제 페이지로 이동하여 배송 및 결제 세부정보를 입력할 수 있습니다. 특정 질문이 있거나 어떤 단계에서든 도움이 필요하면 언제든지 알려주시기 바랍니다. 저는 고객님의 주문 경험이 원활하고 즐거운지 확인하기 위해 여기에 있습니다.
BELMQZ,고객님의 기사를 주문하려면 어떻게 해야 할지 모르겠어요,주문,주문하기,"문의해 주셔서 감사합니다! 기사 주문 과정에 대한 고객님의 불확실성이 느껴지며 고객님께 필요한 지침을 제공해 드리겠습니다. 괜찮아요; 주문하는 데 필요한 단계를 명확하게 이해했는지 확인하겠습니다. 먼저, 어떤 특정 기사에 관심이 있는지 알려주시겠어요? 그렇게 하면 고객님의 필요에 맞는 자세한 지침을 제공하고 주문을 향한 여정이 원활하고 번거롭지 않도록 보장할 수 있습니다."
BCIL,물품을 구매해야 하는데 어떻게 해야 하나요?,주문,주문하기,우리 제품 구매에 관심을 가져주셔서 감사합니다! 저는 고객님을 돕고 그 과정을 안내하기 위해 왔습니다. 먼저 구입하려는 특정 품목에 대한 자세한 내용을 알려주시겠습니까? 이를 통해 고객님께 정확한 정보를 제공하고 원활한 구매 경험을 보장할 수 있습니다.
BLMZ,고객님의 기사 중 몇 가지를 얻는 데 도움이 됩니다,주문,주문하기,우리 기사 중 일부를 구입하는 데 관심을 가져주셔서 감사합니다! 저는 고객님께 절차를 안내하고 원활한 경험을 보장하기 위해 왔습니다. 시작하려면 관심 있는 기사에 대한 세부정보를 알려주시겠어요? 이렇게 하면 고객님을 더 잘 지원하고 고객님의 요구 사항을 충족하기 위해 사용 가능한 모든 옵션을 탐색하는 데 도움이 될 것입니다.
BCILMP,고객님의 제품 중 일부를 쇼핑하고 싶은데 어떻게 해야 합니까?,주문,주문하기,저희 제품 쇼핑에 관심을 가져주셔서 감사합니다! 구매 과정을 안내하게 되어 기쁘게 생각합니다. 시작하려면 당사 웹사이트를 방문하여 다양한 제품을 찾아보세요. 관심 있는 품목을 찾으면 장바구니에 추가하고 결제를 진행하세요. 특정 질문이 있거나 도중에 도움이 필요한 경우 언제든지 고객 지원팀에 문의하세요. [운영시간/기간]([고객센터전화번호]) 또는 당사 웹사이트([웹사이트/메뉴])의 라이브 채팅을 통해 이용 가능합니다. 저희는 고객님의 쇼핑 경험이 원활하고 즐거운지 확인하기 위해 왔습니다. 즐거운 쇼핑하세요!
BLMQ,고객님의 제품 중 여러 개를 구입하는 데 도움이 필요합니다,주문,주문하기,"당사의 여러 제품 구매에 관심을 가져주셔서 감사합니다! 저는 전체 절차 전반에 걸쳐 고객님을 지원하고 가능한 한 원활하고 만족스러운 결과를 얻을 수 있도록 돕기 위해 왔습니다. 먼저 구매하려는 특정 제품에 대한 추가 정보를 제공해 주시겠습니까? 해당 정보를 통해 사용 가능한 옵션을 안내하고, 필요한 조언을 제공하며, 원활한 쇼핑 경험을 보장해 드릴 수 있습니다. 고객 만족이 저희의 최우선 과제이며 고객님이 완벽한 제품을 찾을 수 있도록 도와드리게 되어 기쁘게 생각합니다."
BL,저는 제품을 얻으려고 노력하고 있습니다,주문,주문하기,고객님이 제품 구입에 관심이 있다는 소식을 들으니 정말 기쁩니다! 고객님이 탐색해 볼 수 있는 몇 가지 흥미로운 옵션이 있습니다. 고객님이 획득하려는 제품 유형에 대한 자세한 내용을 공유해 주시겠습니까? 고객님께 과정을 안내하고 고객님의 목표 달성에 도움을 드리게 되어 기쁘게 생각합니다. 이 보람찬 여정을 함께 시작해 보세요!
BL,구매하는 것을 도와주세요,주문,주문하기,문의해 주셔서 감사합니다! 저는 원활한 구매 경험을 위해 필요한 지침을 제공해 드리겠습니다. 구매하고 싶은 특정 품목에 대한 자세한 내용을 알려주시겠습니까? 이렇게 하면 제가 고객님을 더욱 효과적으로 지원하고 고객님의 구매가 원활하게 진행되도록 할 수 있습니다.
BCILM,고객님의 기사 중 일부를 확보해야 하는데 어떻게 해야 합니까?,주문,주문하기,우리 기사 구입에 관심을 가져주셔서 감사합니다! 이 과정을 도와드리게 되어 기쁘게 생각합니다. 시작하려면 구입하려는 품목의 구체적인 세부정보를 알려주시겠어요? 이렇게 하면 인수 진행 방법을 단계별로 안내해 드릴 수 있습니다.
BIL,제가 뭔가 구입하는 것을 도와주실 수 있나요?,주문,주문하기,우리 제품 구매에 관심을 가져주셔서 감사합니다! 저는 고객님께 필요한 모든 도움을 제공하기 위해 여기 있습니다. 구매하려는 특정 품목이나 품목을 알려주시겠습니까? 해당 정보가 접수되면 구매 과정을 안내하고 원활한 경험을 보장해 드릴 수 있습니다.
BLM,기사를 여러 개 벌어야 해요,주문,주문하기,정말 환상적이에요! 여러 기사를 얻을 수 있도록 도와드리게 되어 기쁘게 생각합니다. 원활한 진행을 위해 관심 있는 특정 기사에 대한 자세한 내용을 제공해 주시겠습니까? 제가 명확하게 이해한 후에는 단계를 안내하고 최선의 선택을 하도록 도와드릴 수 있습니다.
BLM,여러 제품을 구입하려면 어떻게 해야 하는지 모르겠습니다.,주문,주문하기,"여러 제품 구입에 도움을 요청해 주셔서 감사합니다. 처음에는 이 과정이 부담스러워 보일 수 있다는 점을 충분히 이해합니다. 하지만 안심하세요. 제가 이 과정을 안내해 드리겠습니다. 시작하려면 당사 웹사이트나 카탈로그를 탐색하여 사용 가능한 다양한 제품을 살펴보는 것이 좋습니다. 관심 있는 품목을 찾으면 장바구니에 추가할 수 있습니다. 여기에서 배송 및 결제 정보를 제공하는 결제 절차로 진행됩니다. 주문 과정에서 특정 질문이 있거나 추가 지원이 필요한 경우, 주저하지 말고 문의해 주세요. 고객님이 원하는 제품을 원활하고 효율적으로 구매하실 수 있도록 함께 도와드리겠습니다."
BILMQ,내가 여러 제품을 얻는 데 도움을 줄 수 있나요?,주문,주문하기,"우리와 함께 다양한 제품을 구매하는 데 관심을 가져주셔서 감사합니다! 저희의 주요 초점은 고객님의 구매 과정을 지원하는 것이지만, 고객님이 보상을 절약하거나 획득하는 데 도움이 될 수 있는 충성도 또는 추천 프로그램에 대한 몇 가지 정보를 기꺼이 공유해 드리겠습니다. 이러한 제품을 얻기 위해 고객님이 원하는 지원 종류에 대한 자세한 내용을 제공해 주시겠습니까? 이를 통해 저는 고객님께 더욱 맞춤화된 안내를 제공하고 원활하고 보람있는 경험을 보장할 수 있습니다."
BELMQ,고객님의 기사 중 일부를 얻으려면 어떻게 해야 할지 모르겠습니다,주문,주문하기,"우리 기사 중 일부를 구입하는 데 관심을 보여주셔서 감사합니다! 절차를 진행하는 것이 혼란스러울 수 있다는 점을 이해하지만, 모든 단계를 안내해 드리니 안심하시기 바랍니다. 시작하려면 구입하려는 특정 품목에 대한 자세한 내용을 알려주시겠습니까? 이렇게 하면 고객님의 필요에 맞게 지침을 맞춤화하는 데 도움이 될 것입니다."
BCILQZ,구매해야 하는데 도움 좀 받을 수 있을까요,주문,주문하기,저희는 듣고 있어요! 구매하는 데 도움이 필요하다는 사실을 알고 있습니다. 저는 원활하고 즐거운 경험을 보장하기 위해 전체 절차 전반에 걸쳐 고객님께 필요한 도움을 제공해 드리겠습니다. 구매하고 싶은 품목을 알려주시면 차근차근 안내해드리겠습니다. 함께하시면 쉽고 편리하게 구매하실 수 있도록 도와드리겠습니다.
BELM,일부 제품의 주문 방법을 모르겠습니다.,주문,주문하기,"무슨 말인지 알겠습니다! 저는 제품 주문이 때때로 혼란스러울 수 있다는 것과 같은 입장입니다. 특히 고객님이 이 과정을 처음 접하는 경우에는 더욱 그렇습니다. 걱정하지 마세요. 제가 도와드리겠습니다. 먼저, 주문하고 싶은 특정 제품이 무엇인지 알려주시겠어요? 해당 정보가 접수되면 주문 방법을 단계별로 안내해 드리겠습니다."
BLMQ,고객님의 아이템 몇 개를 구입하는 데 도움이 필요해요,주문,주문하기,문의해 주셔서 감사합니다! 고객님이 당사 품목 중 일부를 구입하는 데 도움을 드리게 되어 기쁘게 생각합니다. 지침을 구하는 데 있어서 고객님의 적극적인 접근 방식은 원활하고 보람있는 쇼핑 경험을 보장할 것입니다. 최선의 지원을 제공하기 위해 관심 있는 특정 항목에 대한 자세한 내용을 알려주시겠습니까? 이를 통해 저희는 고객님의 필요와 선호도에 완벽하게 맞는 제품을 찾을 수 있습니다.
BLMQW,빌어먹을 물건을 주문하는데 도움이 필요해,주문,주문하기,주문에 도움을 달라는 고객님의 메시지를 받았습니다. 고객님이 염두에 두고 있는 품목 주문에 대한 지침을 원하신다는 점을 이해합니다. 원활한 경험을 보장하기 위해 관심 있는 특정 항목에 대한 자세한 내용을 알려주시겠습니까? 이를 통해 고객님의 구매 과정을 효과적으로 완료하는 데 도움을 드릴 수 있습니다.
BIL,기사를 구매할 수 있나요?,주문,주문하기,저희의 기사 구매를 고려해 주셔서 감사합니다! 실제로 구매가 가능함을 알려드리려고 왔습니다. 우리 플랫폼은 원활하고 안전한 쇼핑 경험을 제공하므로 고객님는 다양한 기사를 탐색하고 필요에 맞는 기사를 선택할 수 있습니다. 상품을 선택하고 나면 배송 및 결제 정보를 제공하는 주문 절차를 진행할 수 있습니다. 우리 고객 서비스 팀도 모든 단계에서 도움을 드릴 수 있으니 안심하세요. 저희는 고객님께 서비스를 제공하고 고객님의 구매가 원활하고 즐거운 경험이 될 수 있기를 기대합니다.
BILM,몇 가지 기사를 주문하는 것을 도와주실 수 있나요?,주문,주문하기,"물품 주문에 대한 도움을 위해 문의해 주셔서 감사합니다. 저는 고객님께 절차를 안내하고 원활한 경험을 보장하기 위해 왔습니다. 특정 품목, 수량, 기타 선호 사항이나 질문 등 주문하려는 품목의 세부 정보를 알려주십시오. 저희는 고객님의 주문이 정확하고 효율적으로 이루어지도록 함께 노력할 것입니다."
BILMPZ,고객님 기사 좀 쇼핑하는 걸 도와주실 수 있나요?,주문,주문하기,당사 제품 쇼핑에 도움을 드리기 위해 연락해 주셔서 감사합니다! 고객님의 구매에 최선을 다해 도와드리겠습니다. 시작하려면 관심 있는 기사의 구체적인 세부정보를 알려주시겠어요? 이를 통해 제가 고객님께 쇼핑 과정을 안내하고 고객님이 원활한 경험을 할 수 있도록 도와드릴 것입니다.
BELMZ,고객님의 아이템 중 일부를 어떻게 얻을 수 있는지 모르겠습니다,주문,주문하기,우리 품목 중 일부를 구입하는 데 관심을 가져주셔서 감사합니다. 아이템을 획득하는 것은 흥미롭고 보람 있는 경험이 될 수 있습니다. 시작하는 데 도움이 되도록 당사의 로열티 프로그램이나 진행 중인 프로모션을 확인해 보시기 바랍니다. 구매 시 보상이나 할인을 받을 수 있는 좋은 기회입니다. 더 구체적인 정보를 원하시면 관심 있는 아이템의 세부정보를 알려주시면 해당 아이템 획득 방법을 기꺼이 안내해 드리겠습니다.
BILM,고객님의 제품을 여러 개 구입하려면 어떻게 해야 합니까?,주문,주문하기,"당사의 여러 제품 구매에 관심을 가져주셔서 감사합니다! 성공적인 구매를 도와드리기 위해 왔습니다. 시작하려면 제품 카탈로그를 탐색하고 구매하려는 항목을 선택하세요. 선택을 완료한 후 장바구니에 추가하기만 하면 됩니다. 계속할 준비가 되면 결제 페이지로 이동하여 배송 주소, 결제 세부정보 등 필수 정보를 입력하세요. 주문 내용을 확인하신 후 ""주문하기"" 버튼을 클릭하시면 구매가 완료됩니다. 질문이 있거나 도중에 문제가 발생하는 경우 언제든지 고객 지원팀에 연락하여 도움을 받으세요. 저희는 고객님의 쇼핑 경험이 원활하고 즐겁기를 바랍니다. 즐거운 쇼핑하세요!"
BLM,고객님의 기사 몇 개를 주문하세요,주문,주문하기,우리 기사 중 일부를 주문하는 데 관심을 가져주셔서 감사합니다! 저는 이 과정을 도와드리기 위해 왔습니다. 시작하려면 주문하고 싶은 특정 품목을 알려주시겠어요? 모든 세부정보를 파악한 후 단계를 안내하고 원활한 주문 경험을 보장해 드리겠습니다.
BLQ,제품을 얻는 방법을 모르겠어요,주문,주문하기,저희는 고객님을 위해 여기 있으며 당사 제품에 대한 고객님의 관심을 표현합니다! 제품 구입에 도움이 필요하신 것 같습니다. 이 맥락에서 수익은 일반적으로 제품을 얻는 것보다 제품을 획득하거나 구매하는 것을 의미합니다. 관심 있는 제품에 대한 자세한 내용을 제공해 주시겠습니까? 추가 정보를 통해 절차를 안내하고 원하는 제품을 원활하게 구매하실 수 있도록 도와드리겠습니다.
BELMZ,고객님의 제품 몇 개를 주문하려면 어떻게 해야 하는지 모르겠습니다,주문,주문하기,고객님의 문의에 감사드리며 당사 품목 주문에 도움을 드리게 되어 기쁘게 생각합니다. 절차를 안내하기 위해 단계별 지침을 제공하겠습니다. 먼저 당사 웹사이트 [웹사이트/메뉴]를 방문하세요. 그런 다음 제품 섹션으로 이동하거나 구매하려는 특정 품목을 검색하세요. 다음으로 원하는 제품을 선택하고 장바구니에 추가하세요. 장바구니를 확인한 후 결제 페이지로 이동하세요. 여기에서 배송 주소를 입력하고 원하는 결제 방법을 선택해야 합니다. 마지막으로 주문 세부정보를 확인하고 구매를 확정하세요. 어려움이 있거나 추가 질문이 있는 경우 [운영시간/기간]([고객센터전화번호]) 또는 당사 웹사이트의 라이브 채팅 기능을 통해 언제든지 당사 고객 지원팀에 문의하세요. 저희는 고객님의 주문 경험을 가능한 한 원활하게 만들기 위해 최선을 다하고 있습니다.
BLM,여러 가지 아이템을 얻으려고 노력하고 있어요,주문,주문하기,당사로부터 여러 품목을 구입하는 데 관심을 보여주셔서 감사합니다! 저는 구매뿐 아니라 보람 있는 경험을 만드는 과정에 대해서도 도움을 드리고자 왔습니다. 우선 관심 있는 특정 항목에 대한 자세한 내용을 알려주시겠습니까? 이를 통해 고객님의 선호도에 맞게 안내와 권장 사항을 맞춤화할 수 있으며 고객님이 자신감과 만족감을 갖고 원하는 항목을 얻을 수 있도록 보장할 수 있습니다.
BI,어디서 구매할 수 있나요?,주문,주문하기,구매에 관심을 가져주셔서 감사합니다! 저희는 고객님을 위해 몇 가지 편리한 옵션을 제공합니다. 당사 웹사이트에서 제품을 살펴보고 마음에 드는 제품을 선택한 후 장바구니에 추가하면 간단히 구매할 수 있습니다. 또한 다양한 도시에 위치한 실제 매장을 방문하여 직접 구매할 수도 있습니다. 보다 개인화된 쇼핑 경험을 원하신다면 당사 고객 서비스 팀이 전화를 통해 구매를 도와드릴 수도 있습니다. 선호하는 방법을 알려주시면 원활하고 즐거운 구매 과정을 보장해 드립니다.
BILP,제가 뭔가를 얻는 것을 도와주실 수 있나요?,주문,주문하기,물론이죠! 저는 고객님이 특별한 것을 얻을 수 있도록 돕기 위해 왔습니다. 😊 어떤 특정 품목이나 관심 있는 품목을 알려주시면 올바른 구매를 위해 필요한 모든 지침을 제공해 드리겠습니다. 고객 만족은 저의 최우선 사항입니다. 구매와 관련하여 질문이 있거나 선호하는 사항을 공유해 주시기 바랍니다. 저희는 함께 이 과정을 번거롭지 않고 즐거운 경험으로 만들 것입니다.
BLM,일부 제품을 주문하세요,주문,주문하기,일부 제품 주문을 고려해 주셔서 감사합니다! 고객님의 관심에 감사드리며 고객님의 구매를 완료할 수 있도록 기꺼이 도와드리겠습니다. 시작하려면 주문하려는 제품의 구체적인 세부정보를 알려주시겠어요? 이를 통해 당사는 가용성을 보장하고 주문 과정을 원활하게 안내할 수 있습니다.
BIMQ,물건 좀 사려면 어떻게 해야 해요?,주문,주문하기,"우리와 함께 상품 구매에 관심을 가져주셔서 감사합니다! 원활하고 번거롭지 않은 구매 경험을 보장하기 위해 취해야 할 단계를 안내해 드리겠습니다. 1. 당사 웹사이트/카탈로그 찾아보기: 당사 웹사이트/카탈로그에서 당사의 다양한 제품을 탐색하는 것부터 시작하십시오. 검색창을 사용하거나 다양한 카테고리를 탐색하여 원하는 항목을 찾을 수 있습니다. 2. 원하는 상품을 선택하세요. 구매하고 싶은 상품을 찾았으면 해당 상품을 클릭하면 상품 세부정보를 볼 수 있습니다. 설명을 읽고 가격을 확인한 후 원하는 옵션(예: 크기, 색상, 수량)을 선택하세요. 3. 장바구니에 추가: 선택 사항에 만족하면 ""장바구니에 추가"" 버튼을 클릭하세요. 이렇게 하면 가상 장바구니에 항목이 저장되어 결제할 수 있습니다. 4. 장바구니 검토: 필요한 모든 항목이 있는지 확인하려면 장바구니 아이콘이나 유사한 버튼을 클릭하여 장바구니에 있는 항목을 검토하세요. 수량, 크기, 색상이 올바른지 확인하세요. 5. 결제 진행: 구매를 완료할 준비가 되면 ""결제 진행"" 버튼이나 유사한 메시지를 클릭하세요. 주문 세부정보를 검토하고 필요한 사항을 변경할 수 있는 보안 페이지로 이동하게 됩니다. 6. 배송 및 청구 정보 제공: 배송 주소, 연락처 정보를 입력하고 원하는 결제 방법을 선택하세요. 쿠폰 코드나 기프트 카드가 있다면 지금 바로 사용하세요. 7. 주문 검토 및 확인: 마지막 순간에 주문 요약, 특히 배송 주소와 결제 세부정보를 다시 확인하세요. 문제가 없으면 ""주문하기"" 또는 ""구매 확인"" 버튼을 클릭하세요. 8. 결제 승인: 결제 수단에 따라 결제 승인을 위해 추가 정보를 입력하거나 본인 확인 절차를 거쳐야 할 수도 있습니다. 9. 주문 확인: 축하합니다! 고객님의 주문이 성공적으로 접수되었습니다. 모든 관련 세부정보가 포함된 주문 확인 이메일을 받게 됩니다. 또한 일반적으로 당사 웹사이트에서 주문 상태를 추적할 수 있습니다. 어려움이 발생할 경우 당사 고객 지원팀이 절차 중 언제든지 도움을 드릴 수 있습니다. 저희는 고객 만족을 보장하고 즐거운 구매 경험을 제공하기 위해 최선을 다하고 있습니다. 즐거운 쇼핑되세요!"
BLM,고객님의 기사 중 여러 개를 얻는 방법을 모르겠습니다,주문,주문하기,전혀 문제 없습니다! 제가 도와드릴 수 있습니다. 우리로부터 여러 기사를 얻는 것은 간단하고 간단한 과정입니다. 시작하려면 온라인 카탈로그를 탐색하고 당사가 제공하는 다양한 기사를 탐색할 수 있습니다. 구매하려는 제품을 찾았으면 장바구니에 추가하기만 하면 됩니다. 선택 과정에서 도움이 필요한 경우 라이브 채팅이나 전화를 통해 고객 지원팀에 언제든지 문의하세요. 장바구니에 원하는 상품을 모두 추가한 후 결제 페이지로 이동하세요. 결제 시 배송 주소를 제공하고 원하는 결제 방법을 선택해야 합니다. 주문 내용을 한 번 더 검토하여 모든 것이 올바른지 확인한 후 '주문하기' 버튼을 클릭하세요. 당사 시스템은 고객님의 결제를 안전하게 처리하며 고객님는 주문 세부정보가 포함된 확인 이메일을 받게 됩니다. 추가 질문이 있거나 추가 도움이 필요하면 주저하지 말고 문의하세요. 즐거운 쇼핑하세요!
BLMQZ,고객님의 기사 몇 개를 주문하는 데 도움이 필요합니다,주문,주문하기,우리 기사 중 몇 가지를 주문하는 데 관심을 가져주셔서 감사합니다! 저는 고객님이 구매하는 데 필요한 지침을 제공해 드리겠습니다. 추가 지원을 위해 주문하려는 특정 품목에 대한 자세한 내용을 알려주시겠습니까? 제가 명확하게 이해한 후에는 고객님의 주문 과정이 원활하고 번거롭지 않도록 보장할 수 있습니다.
BLMQ,고객님의 기사 몇 개를 주문하고 싶어요,주문,주문하기,몇 가지 기사를 주문하는 데 관심을 가져주셔서 감사합니다! 저희는 고객님의 열정에 감사드리며 모든 단계에서 고객님을 도와드릴 것입니다. 원활하고 즐거운 경험을 보장하기 위해 주문하려는 품목의 구체적인 세부 정보를 제공해 주시겠습니까? 필요한 정보가 확보되면 추가 안내를 제공하여 절차를 쉽게 진행할 수 있습니다.
BELM,일부 품목을 구매하려면 어떻게 해야 할지 모르겠습니다.,주문,주문하기,"저희는 고객님의 메시지를 받았으며 구매 과정에 대한 고객님의 불확실성을 표명했습니다. 저는 그것이 때때로 압도적일 수 있다는 것을 완전히 이해합니다. 단계별로 안내해 드리겠습니다. 먼저, 구매하려는 상품을 이미 선택했는지 물어봐도 될까요? 그렇지 않은 경우 고객님의 선호도와 필요 사항에 따라 적합한 제품을 찾는 데 도움을 드릴 수 있습니다. 기사가 정리되면 구매 진행 방법에 필요한 정보를 제공해 드리겠습니다. 이 과정에서 제가 어떻게 추가로 도움을 드릴 수 있는지 알려주세요."
BLM,일부 아이템을 어떻게 얻을 수 있는지 모르겠습니다.,주문,주문하기,"문의해 주셔서 감사합니다! 아이템을 획득하는 방법에 대해 확신이 없는 것은 완전히 정상입니다. 걱정하지 마세요. 제가 이 과정을 안내해 드리겠습니다. 먼저, 어떤 구체적인 아이템을 얻고 싶은지 알려주실 수 있나요? 이를 통해 고객님께 맞춤형 지원을 제공하고 원활하고 성공적인 구매 경험을 보장할 수 있습니다."
BL,제품 구입에 도움이 필요합니다,주문,주문하기,문의해 주셔서 감사합니다! 제품 구입에 도움이 필요하다는 소식을 들으니 정말 기쁩니다. 저는 모든 단계에서 고객님을 돕기 위해 여기 있습니다. 관심 있는 특정 제품에 대한 자세한 내용을 알려주시겠습니까? 이를 통해 고객님께 가장 정확한 정보를 제공하고 절차를 원활하게 안내할 수 있습니다.
BLM,저는 고객님의 기사 중 몇 가지를 얻어야 합니다,주문,주문하기,여러 기사를 구입하는 데 관심을 가져주셔서 감사합니다! 이는 우리가 제공하는 제품을 탐색하려는 열정과 열망을 보여줍니다. 이 문제를 해결하려면 몇 가지 구체적인 세부정보가 필요합니다. 어떤 기사를 구입하고 싶은지 알려주시겠어요? 이 정보를 통해 저는 고객님의 취득 과정을 원활하고 보람있게 만드는 데 필요한 지침을 제공할 수 있습니다.
BILM,여러 제품을 주문하는 데 도움을 주실 수 있나요?,주문,주문하기,문의해 주시고 여러 제품 주문을 고려해 주셔서 감사합니다! 고객님의 주문을 도와드리겠습니다. 시작하려면 주문하려는 제품의 세부정보를 알려주시겠어요? 이 정보는 절차를 안내하고 원활한 경험을 보장하는 데 도움이 됩니다.
BCILM,귀사 제품 중 일부를 주문해야 하는데 어떻게 해야 합니까?,주문,주문하기,몇 가지 품목을 주문하는 데 관심을 가져주셔서 감사합니다! 이를 실현하는 데 도움을 드리게 되어 기쁘게 생각합니다. 주문하려면 몇 가지 옵션이 있습니다. 당사 웹사이트를 방문하여 컬렉션을 탐색하고 구매하려는 품목을 장바구니에 추가할 수 있습니다. 또는 당사 고객 지원팀에 문의하시면 주문 과정을 단계별로 안내해 드릴 것입니다. 고객님이 어떤 방법을 선택하든 저는 고객님의 경험이 편리하고 즐겁고 궁극적으로 원하는 품목이 고객님의 문앞까지 배달되도록 보장하기 위해 여기에 있습니다. 염두에 두고 계신 특정 항목이 있거나 이번 여행에 도움을 드릴 수 있는 다른 방법이 있으면 알려주시기 바랍니다.
BILMPZ,고객님의 제품을 여러 개 주문할 수 있는 곳은 어디입니까?,주문,주문하기,다양한 제품 주문에 관심을 가져주셔서 감사합니다! 우리를 선택해 주셔서 감사합니다. 주문하려면 당사 웹사이트 [웹사이트/메뉴]를 방문하여 당사의 다양한 제품을 찾아보십시오. 구매하고 싶은 상품을 찾으면 장바구니에 추가하고 결제 페이지로 이동하세요. 또는 고객 지원팀에 [고객센터전화번호]로 전화하거나 당사 웹사이트에서 제공되는 라이브 채팅 기능을 활용할 수도 있습니다. 저희의 친절하고 지식이 풍부한 팀은 주문 과정 전반에 걸쳐 고객님을 지원하고 고객님이 가질 수 있는 모든 질문에 답변해 드릴 것입니다. 저희는 고객님께 원활하고 편리하며 보람있는 경험을 제공하기 위해 노력하고 있습니다. 즐거운 쇼핑하세요!
BELMQZ,고객님 물건 몇 개를 사려면 어떻게 해야 할지 모르겠어요,주문,주문하기,"저희는 고객님을 위해 여기에 있으며 일부 품목의 쇼핑 과정에 대한 고객님의 불확실성을 표현합니다. 저는 모든 단계에서 고객님을 지원하고 고객님의 쇼핑 경험이 원활하고 즐거운지 확인하기 위해 여기 있습니다. 시작하려면 간단한 단계로 나누어 보겠습니다. 1. 당사 웹사이트를 둘러보거나 매장을 방문하세요. 당사 웹사이트를 방문하거나 실제 매장을 방문하여 다양한 제품을 탐색할 수 있습니다. 시간을 내어 관심을 끄는 기사를 찾아보세요. 2. 장바구니에 품목 추가: 구매하려는 품목을 찾은 후 ""장바구니에 추가"" 버튼을 클릭하기만 하면 됩니다. 그러면 선택한 품목이 장바구니에 저장됩니다. 3. 장바구니 검토: 장바구니에 품목을 추가한 후 장바구니 아이콘을 클릭하여 내용을 검토할 수 있습니다. 여기서 수량 조정이나 항목 제거 등 필요한 변경을 수행할 수 있습니다. 4. 결제 진행: 장바구니에 담긴 품목이 만족스러우면 ""결제"" 버튼을 클릭하세요. 결제 및 배송 과정을 안내해 드립니다. 5. 정보 입력: 결제 시 이름, 배송 주소, 결제 세부정보 등 개인정보를 입력하라는 메시지가 표시됩니다. 주문 처리가 지연되지 않도록 이 정보가 정확하고 완전한지 확인하십시오. 6. 주문 확인: 구매를 완료하기 전에 잠시 시간을 내어 주문 요약을 검토하세요. 품목, 수량, 배송 정보를 다시 확인하여 모든 것이 정확한지 확인하세요. 7. 구매 완료: 모든 정보가 정확하다고 확신하면 ""주문하기"" 버튼을 클릭하여 구매를 완료하세요. 주문 세부정보가 포함된 확인 이메일을 받으실 수 있습니다. 이 과정에서 질문이 있거나 어려움이 있는 경우 주저하지 말고 고객 지원팀에 문의하여 추가 지원을 받으세요. 저희는 고객님의 성공적인 쇼핑 경험을 돕기 위해 왔습니다. 즐거운 쇼핑하세요!"
BILM,고객님의 기사 중 일부를 어떻게 얻을 수 있나요?,주문,주문하기,우리로부터 여러 기사를 구입하는 데 관심을 가져주셔서 감사합니다! 저희는 이를 돕기 위한 간단한 절차를 가지고 있습니다. 먼저 당사 웹사이트를 방문하여 다양한 기사를 탐색해 보세요. 마음에 드는 상품을 찾으면 장바구니에 추가하고 결제를 진행하세요. 절차 중에 질문이 있거나 추가 지원이 필요한 경우 언제든지 고객 지원팀에 문의하세요. 그들은 고객님을 안내하고 고객님의 구매 경험이 원활하고 즐거운지 확인하기 위해 최선을 다할 것입니다. 즐거운 쇼핑하세요!
BLZ,제품 구매에 도움이 필요합니다,주문,주문하기,"제품 구매에 도움을 드리기 위해 문의해 주셔서 감사드립니다. 저는 고객님이 성공적인 구매를 하는 데 필요한 지침과 지원을 제공해 드리겠습니다. 우선, 어떤 특정 제품에 관심이 있는지 알려주시겠어요? 해당 정보를 확보하면 앞으로 나아가는 데 필요한 단계를 알려드릴 수 있습니다."
BK,주문하기,주문,주문하기,우리에게 주문하는 데 관심을 가져주셔서 감사합니다! 저는 모든 단계에서 고객님을 돕기 위해 여기 있습니다. 더 나은 도움을 드릴 수 있도록 주문하려는 품목의 세부정보를 알려주시겠어요? 정보가 확보되면 주문 과정을 원활하게 안내하고 즐거운 경험을 보장할 수 있습니다.
BIQ,주문이 가능한가요?,주문,주문하기,우리와 함께 구매하는 데 관심을 가져주셔서 감사합니다! 물론 주문도 가능합니다. 저희의 목표는 고객님께 원활하고 즐거운 주문 경험을 보장하는 것입니다. 구체적으로 어떤 품목을 주문하고 싶은지 물어봐도 될까요? 해당 정보를 통해 저는 고객님께 절차를 안내하고 고객님의 주문을 효율적이고 정확하게 완료하는 데 필요한 지원을 제공할 수 있습니다. 시작해 봅시다!
BLZ,제품을 얻는 데 도움이 필요합니다,주문,주문하기,제품 획득에 관심을 보여주셔서 감사합니다! 저희는 고객님의 열정에 감사드리며 고객님이 원하는 제품을 얻을 수 있는 기회를 찾을 수 있도록 기꺼이 도와드리겠습니다. 고객님의 요구 사항을 더 잘 이해할 수 있도록 고객님이 얻고자 하는 특정 제품과 선호하는 사항에 대한 자세한 내용을 제공해 주시겠습니까? 이 정보를 통해 저희는 이용 가능한 다양한 옵션을 탐색하고 원하는 제품을 얻을 수 있도록 안내할 수 있습니다. 이 여행을 함께 시작합시다!
BLM,여러 제품 쇼핑 지원,주문,주문하기,문의해 주셔서 감사합니다! 여러 제품의 쇼핑에 도움을 드리게 되어 기쁘게 생각합니다. 우리가 제공하는 제품을 탐색하려는 고객님의 열의는 정말 훌륭합니다! 가능한 최고의 지원을 제공하기 위해 관심 있는 특정 제품에 대한 자세한 내용을 제공해 주시겠습니까? 이렇게 하면 제가 고객님께 당사의 광범위한 컬렉션을 안내하고 고객님이 원하는 것을 정확하게 찾을 수 있도록 도와드릴 수 있습니다. 함께 쇼핑 여행을 떠나보세요!
BCILM,고객님의 제품을 몇 개 구매하고 싶은데 어떻게 해야 합니까?,주문,주문하기,저희 제품 쇼핑에 관심을 가져주셔서 감사합니다! 이 과정을 기꺼이 도와드리겠습니다. 시작하려면 당사 웹사이트/카탈로그를 탐색하여 당사가 제공하는 다양한 제품을 탐색할 수 있습니다. 구매하려는 품목을 찾으면 장바구니에 추가하기만 하면 됩니다. 계속할 준비가 되면 결제 페이지로 이동하여 배송 및 청구 세부정보를 입력하라는 메시지가 표시됩니다. 주문 내용을 검토하신 후 결제 수단을 선택하고 거래를 확인하시면 구매가 완료됩니다. 당사 제품이나 주문 과정에 대해 어려움이 있거나 특정 질문이 있는 경우 언제든지 당사 고객 지원팀에 문의하시면 기꺼이 추가 지원을 해드릴 것입니다. 즐거운 쇼핑하세요!
BCILMQ,고객님의 제품 몇 개를 쇼핑하고 싶은데 어떻게 해야 하나요?,주문,주문하기,저희 쇼핑에 관심을 가져주셔서 감사합니다! 안심해 주세요. 저는 고객님이 원하는 아이템을 획득하는 과정을 안내하기 위해 왔습니다. 시작하려면 어떤 특정 항목에 관심이 있는지 알려주시겠어요? 해당 정보가 확보되면 고객님의 쇼핑 경험을 원활하고 즐겁게 할 수 있도록 단계별 지침을 제공할 수 있습니다.
BILMP,고객님의 상품 몇 개는 어디서 쇼핑할 수 있나요?,주문,주문하기,저희 쇼핑에 관심을 가져주셔서 감사합니다! 집에서 편안하게 쇼핑할 수 있는 다양한 상품을 선보입니다. 저희 온라인 매장은 다양한 품목을 살펴보고 구매할 수 있는 완벽한 장소입니다. 당사 웹사이트 [웹사이트/메뉴]를 방문하시면 사용자 친화적인 인터페이스와 선택할 수 있는 다양한 제품을 찾으실 수 있습니다. 특정 품목을 염두에 두고 있거나 구매에 도움이 필요한 경우 고객 서비스 담당자로 구성된 전담 지원팀이 맞춤형 지침과 지원을 제공할 수 있습니다. 클릭 한 번이면 됩니다!
BLMW,빌어먹을 물건을 쇼핑하는 데 도움이 필요해요,주문,주문하기,당사 제품 쇼핑에 도움을 요청해 주셔서 감사합니다. 저는 고객님이 원활하고 만족스러운 쇼핑 경험을 누리는 데 필요한 지침을 제공하기 위해 왔다고 확신합니다. 더 많은 도움을 드릴 수 있도록 구매에 관심이 있는 특정 품목에 대한 자세한 내용을 제공해 주시겠습니까? 이 정보를 통해 저는 맞춤형 추천을 제공하고 고객님의 필요와 선호도에 맞는 완벽한 상품을 찾을 수 있도록 도와드릴 것입니다.
BK,아이템 구매,주문,주문하기,상품 구매에 관심을 가져주셔서 감사합니다! 이 과정에 도움을 드리게 되어 기쁘게 생각합니다. 시작하려면 구매하려는 특정 품목에 대한 자세한 내용을 알려주시겠습니까? 이를 통해 다음 단계를 원활하게 안내하고 구매에 대한 만족을 보장할 수 있습니다.
BILM,일부 아이템은 어디서 얻을 수 있나요?,주문,주문하기,당사의 품목 구입에 관심을 가져주셔서 감사합니다! 이러한 제품을 구입할 수 있는 완벽한 장소를 찾는 데 도움을 드리게 되어 기쁘게 생각합니다. 더 나은 안내를 위해 고객님이 찾고 있는 특정 품목에 대한 자세한 내용을 제공해 주시겠습니까? 추가 정보가 있으면 해당 정보를 얻을 수 있는 가장 적합한 위치를 안내해 드리겠습니다.
BELM,고객님의 아이템 중 일부를 어떻게 획득하는지 모르겠습니다,주문,주문하기,문의해 주셔서 감사합니다. 걱정하지 마세요. 몇 가지 품목을 구입하는 과정을 도와드리려고 왔습니다. 이 여행을 최대한 즐겁고 보람있게 만들어 봅시다. 어떤 특정 항목에 관심이 있는지 알려주시겠어요? 세부정보를 제공해 주시면 구매 진행 방법을 안내해 드리겠습니다.
BLM,여러 아이템 획득,주문,주문하기,여러 아이템 획득에 관심을 가져주셔서 감사합니다! 고객님의 구매가 즐거운 경험이 될 수 있도록 도와드리겠습니다. 시작하려면 구입하려는 특정 항목에 대한 자세한 내용을 제공해 주시겠습니까? 더 많은 정보를 공유할수록 고객님의 필요와 선호도에 맞는 완벽한 품목을 찾을 수 있도록 더 잘 안내할 수 있습니다. 과정이 원활하고 원활하게 진행되어 성취감과 만족감을 드릴 수 있도록 하겠습니다. 이 흥미진진한 여행을 함께 시작해보세요!
BL,물품 주문 지원,주문,주문하기,고객님의 메시지에 감사드리며 기사 주문에 대한 도움을 구하십시오. 저는 고객님께 절차를 안내하고 원활한 경험을 보장하기 위해 왔습니다. 주문하고 싶은 특정 품목에 대한 자세한 내용을 알려주시겠습니까? 추가 정보가 있으면 주문을 처리하는 데 도움을 드리고 궁금한 점이 있으면 답변해 드릴 수 있습니다.
BKL,적립상품,주문,주문하기,저희 제품에 관심을 가져주셔서 감사합니다! 구매를 원하신다는 점은 이해합니다. 하지만 '제품 획득'이 무엇을 의미하는지 잘 모르겠습니다. 더 자세한 내용을 알려주시거나 고객님의 요청을 명확히 설명해 주시겠습니까? 이렇게 하면 고객님의 요구 사항을 더 잘 이해하고 고객님께 적합한 제품을 찾는 데 도움이 될 것입니다.
BLMQZ,고객님의 기사를 여러 개 주문하려면 어떻게 해야 할지 모르겠어요,주문,주문하기,고객님의 연락에 감사드립니다! 처음에는 여러 품목을 주문하는 것이 부담스러울 수 있다는 것을 느꼈습니다. 걱정하지 마세요. 절차를 단계별로 안내해 드리겠습니다. 먼저 어떤 품목을 주문하고 싶은지 알려주시겠어요? 해당 정보가 확보되면 진행 방법에 대한 명확한 지침을 제공하고 원활한 구매 경험을 보장할 수 있습니다.
BIL,기사를 얻을 수 있습니까?,주문,주문하기,"기사 획득에 관해 문의해 주셔서 감사합니다! 저희의 주요 초점은 고객에게 제품을 구매할 수 있는 기회를 제공하는 것이지만, 때때로 특정 행동이나 구매를 통해 제품을 얻을 수 있는 판촉 캠페인이나 로열티 보상 프로그램을 제공하기도 합니다. 다가오는 수입 기회에 대한 최신 정보를 얻으려면 웹사이트를 확인하거나 뉴스레터를 구독하는 것이 좋습니다. 다른 질문이 있거나 추가 도움이 필요하시면 언제든지 알려주세요!"
BILM,일부 제품을 어떻게 구입할 수 있나요?,주문,주문하기,저희 제품 구매에 관심을 가져주셔서 감사합니다! 저희는 구매 과정을 최대한 편리하게 만들었습니다. 시작하려면 당사 웹사이트를 방문하여 다양한 제품을 찾아보세요. 구매하려는 품목을 찾았으면 장바구니에 품목을 추가하고 결제 페이지로 이동하세요. 결제 시 배송 정보를 입력하고 결제 방법을 선택하라는 메시지가 표시됩니다. 주문을 확인한 후 구매 세부정보가 포함된 확인 이메일을 받게 됩니다. 추가 지원이 필요하거나 도중에 질문이 있는 경우 당사 고객 지원팀이 도와드리겠습니다. 저희는 고객님의 구매 경험을 즐겁고 원활하게 만들기 위해 최선을 다하고 있습니다. 즐거운 쇼핑하세요!
BCLM,아이템을 많이 벌어야 하는데 도와주세요,주문,주문하기,"문의해 주셔서 감사합니다! 저는 고객님이 여러 품목을 쇼핑하는 데 필요한 도움을 제공해 드리겠습니다. 저희는 고객님의 요구에 맞는 다양한 제품을 보유하고 있으며, 그 과정을 기꺼이 안내해 드리겠습니다. 관심 있는 항목에 대한 자세한 내용을 공유해 주시겠습니까? 이를 통해 고객님께 관련 정보를 제공하고 고객님의 쇼핑 경험이 원활하고 만족스러운지 확인하는 데 도움이 될 것입니다."
BILM,일부 제품은 어디서 구매하나요?,주문,주문하기,저희 제품 구매에 관심을 가져주셔서 감사합니다! 다양한 채널을 통해 구매하실 수 있도록 편리하게 만들었습니다. [주소/지역]에 위치한 실제 매장을 방문하거나 웹사이트 [웹사이트/메뉴]에서 직접 찾아보고 구매할 수 있습니다. 또한 [기타정보]와 같은 인기 있는 전자 상거래 플랫폼에서도 당사 제품을 찾을 수 있습니다. 어디에서 구매하시든 당사는 고품질의 제품과 탁월한 서비스를 제공하기 위해 최선을 다하고 있으니 안심하시기 바랍니다. 즐거운 쇼핑하세요!
BELMQ,어떤 물건을 구입하려면 어떻게 해야 하는지 모르겠어요,주문,주문하기,고객님의 의견은 소중합니다! 고객님께서 당사로부터 물품을 구매하는 과정에 대해 확신이 없으신 것으로 알고 있습니다. 괜찮아요; 저는 고객님께 각 단계를 안내하고 원활한 경험을 제공해 드리겠습니다. 먼저 어떤 기사를 구입하고 싶은지 알려주시겠어요? 세부정보가 확보되면 성공적인 구매에 필요한 모든 정보를 제공해 드릴 수 있습니다.
BLM,일부 제품 구매에 도움,주문,주문하기,당사 제품 구매에 도움을 요청해 주셔서 진심으로 감사드립니다! 고객님이 구매에 관심이 있다는 것을 보니 정말 기쁩니다. 저는 고객님께 절차를 안내하고 원활하고 즐거운 경험을 보장하기 위해 왔습니다. 관심 있는 특정 제품에 대한 자세한 내용을 알려주시겠습니까? 그렇게 하면 가장 정확하고 관련성이 높은 정보를 제공하여 추가 지원을 드릴 수 있습니다.
BILMP,여러 상품을 쇼핑할 수 있나요?,주문,주문하기,"여러 상품을 저희와 함께 쇼핑해 주셔서 감사합니다! 그것이 가능하다는 사실을 알려드리게 되어 기쁩니다. 저희는 구매할 수 있는 다양한 제품을 보유하고 있으며, 그 과정을 기꺼이 안내해 드리겠습니다. 고객님이 관심을 갖고 있는 특정 기사를 알려주시면 저희와의 쇼핑 경험이 고객님의 기대를 뛰어넘도록 보장해 드리겠습니다."
BLQ,제품 쇼핑에 도움을 원합니다,주문,주문하기,"제품 쇼핑에 도움을 주셔서 감사합니다! 저는 고객님께 그 과정을 안내하고 원활하고 즐거운 경험을 선사하기 위해 왔습니다. 관심 있는 제품의 이름, 사양, 기타 관련 정보 등 세부 정보를 알려주시기 바랍니다. 이 정보를 통해 저는 고객님이 최선의 옵션을 찾고, 정보를 바탕으로 자신감 있게 구매 결정을 내리는 데 도움을 드릴 수 있습니다."
BILMZ,여러 기사를 쇼핑하는 방법은 무엇입니까?,주문,주문하기,"당사의 여러 기사를 쇼핑하는 데 관심을 가져주셔서 감사합니다! 이 과정을 안내하게 되어 기쁘게 생각합니다. 아주 간단합니다. 먼저 당사 웹사이트를 탐색하거나 가장 가까운 매장을 방문하여 당사가 제공하는 다양한 제품을 살펴보세요. 마음에 드는 몇 가지 상품이 마음에 들면 장바구니나 장바구니에 추가하기만 하면 됩니다. 결제할 준비가 되면 결제 페이지로 이동하여 원하는 결제 방법을 선택하고 배송 정보를 입력하세요. 이 단계를 완료하면 주문 확인 메시지가 전송되며, 저희 팀에서 배송 준비를 시작합니다. 전체 절차 전반에 걸쳐 최신 정보를 계속 제공해 드리니 안심하시기 바랍니다. 추가 질문이 있거나 도움이 필요한 경우 언제든지 주저하지 말고 문의해 주세요. 즐거운 쇼핑하세요!"
BLM,여러 물건을 쇼핑하고 싶어요,주문,주문하기,우리와 함께 여러 제품을 쇼핑하는 데 관심을 보여주셔서 감사합니다! 당사의 다양한 제품을 탐색하려는 고객님의 열정을 보는 것은 정말 멋진 일입니다. 원활한 쇼핑 경험을 보장하기 위해 당사 웹사이트/카탈로그를 탐색하여 눈길을 끄는 기사를 찾는 것이 좋습니다. 선택을 완료한 후 장바구니에 추가하고 결제 페이지로 이동하세요. 질문이 있거나 도움이 필요한 경우 언제든지 고객 지원팀에 문의해 주세요. 고객님의 필요와 선호도에 맞는 다양한 상품을 구매하여 즐거운 쇼핑을 즐기세요!
BLW,피묻은 제품 쇼핑을 도와주세요,주문,주문하기,"고객님의 메시지를 받고 ""피묻은"" 제품 쇼핑에 대한 도움을 구하게 되어 기쁩니다. 고객님이 적합한 제품을 찾는 데 도움을 드리게 되어 기쁘게 생각합니다. 고객님이 찾고 있는 특정 제품에 대한 자세한 내용을 알려주시겠습니까? 이를 통해 고객님이 구매하기에 가장 좋은 곳을 안내해 드릴 수 있습니다. 함께 원활하고 만족스러운 쇼핑 경험을 보장해 드리겠습니다."
BILM,여러 아이템을 어디서 구할 수 있나요?,주문,주문하기,우리 컬렉션에서 여러 항목을 구입하는 데 관심을 가져주셔서 감사합니다! 원활한 쇼핑 경험을 보장하려면 공식 웹사이트 [웹사이트/메뉴]를 방문하는 것이 좋습니다. 거기에서 구매할 수 있는 다양한 제품을 찾을 수 있습니다. 카탈로그를 살펴보고 원하는 항목을 선택한 다음 결제 페이지로 이동하여 주문을 완료하세요. 도움이 필요하거나 특정 품목의 가용성이나 기능에 대한 특정 질문이 있는 경우 당사의 전담 고객 지원팀이 고객님을 도와드릴 것입니다. [고객센터전화번호]로 연락하거나 당사 웹사이트의 라이브 채팅 기능을 통해 연락할 수 있습니다. 즐거운 쇼핑하세요!
BLMQWZ,빌어먹을 제품 사는 걸 좀 도와줘야겠어,주문,주문하기,일부 제품 구매에 도움을 달라는 고객님의 메시지를 받았습니다. 저는 고객님께 절차를 안내하고 고객님의 쇼핑 경험이 원활하고 즐거운지 확인하기 위해 왔습니다. 관심 있는 특정 제품에 대한 자세한 내용을 제공해 주시겠습니까? 이를 통해 맞춤형 추천을 제공하고 전체 구매 여정을 만족스럽게 만드는 데 도움이 될 것입니다.
BQ,어떻게 아이템을 살 수 있는지 모르겠어요,주문,주문하기,"고객님께서 상품 구매 과정에 대해 확신이 없으신 것으로 확인되었습니다. 걱정하지 마세요. 단계별로 안내해 드리겠습니다. 구매를 진행하려면 당사 웹사이트를 방문하여 당사가 제공하는 다양한 제품을 찾아볼 수 있습니다. 구매하고 싶은 상품을 찾으면 장바구니에 추가하고 결제 페이지로 이동하세요. 여기에서 배송 및 결제 세부정보를 입력하는 옵션을 찾을 수 있습니다. 어려움이 있는 경우, 주저하지 마시고 당사 고객 지원팀에 연락해 주십시오. 저희는 고객님께 도움을 드리고 고객님이 가질 수 있는 질문이나 우려 사항을 해결해 드릴 수 있습니다. 고객님의 구매가 원활하고 즐거운 경험이 될 수 있도록 함께 노력합시다!"
BILM,고객님의 아이템 중 일부를 어디서 얻을 수 있나요?,주문,주문하기,저희 아이템 구입에 관심을 가져주셔서 감사합니다! 고객님의 구매를 기꺼이 도와드리겠습니다. 가장 정확한 정보를 제공하기 위해 찾고 있는 품목이나 카테고리를 지정해 주시겠습니까? 이를 통해 고객님이 원하는 품목을 구입할 수 있는 올바른 장소를 안내하고 고객님의 쇼핑 경험을 특별하게 만들어 드릴 수 있습니다.
BELM,여러개의 물건을 구입하는 방법을 모르겠습니다,주문,주문하기,문의해 주셔서 감사합니다! 여러 상품을 구매하는 과정에서 불확실한 느낌이 드는 것은 충분히 이해할 수 있습니다. 걱정하지 마세요. 단계별로 안내해 드리겠습니다. 더 나은 도움을 드릴 수 있도록 관심 있는 특정 기사를 공유해 주시겠어요? 해당 정보가 접수되면 구매에 관한 맞춤형 조언을 제공해 드릴 수 있습니다. 쉽고 만족스러운 쇼핑 경험을 선사할 수 있도록 함께 노력하겠습니다.
BIMQ,네 물건 몇 개 어떻게 살 수 있어?,주문,주문하기,당사 제품 중 일부 구매에 관심을 가져주셔서 감사합니다! 이 과정에서 고객님을 도와드리게 되어 기쁘게 생각합니다. 시작하려면 당사 웹사이트를 방문하여 다양한 제품을 찾아보세요. 구매하려는 품목을 찾았으면 장바구니에 추가하기만 하면 됩니다. 결제 과정에서 배송 및 결제 정보를 제공하라는 메시지가 표시됩니다. 구매 과정에서 특정 질문이 있거나 추가 지침이 필요한 경우 고객 서비스 팀이 도움을 드릴 수 있습니다. 저희는 고객님의 구매 경험이 원활하고 즐거운지 확인하고 싶습니다. 추가로 도움이 필요하시면 알려주세요!
BCIL,제품을 구매하고 싶은데 어떻게 해야 하나요?,주문,주문하기,"저희 제품 구매에 관심을 가져주셔서 감사합니다! 저는 이 과정을 도와드리기 위해 왔습니다. 구매하려면 당사 웹사이트를 방문하여 제품 카탈로그를 찾아보세요. 구매하려는 제품을 찾으면 ""장바구니에 추가"" 버튼을 클릭하기만 하면 됩니다. 결제할 준비가 되면 장바구니 아이콘을 클릭하고 안내에 따라 배송 정보를 입력하고 원하는 결제 방법을 선택한 후 구매를 완료하세요. 질문이 있거나 추가 지원이 필요한 경우 [운영시간/기간]([고객센터전화번호]) 또는 당사 웹사이트([웹사이트/메뉴])의 라이브 채팅을 통해 언제든지 당사 고객 지원팀에 문의하세요. 즐거운 쇼핑하세요!"
BILQZ,아이템 획득이 가능한가요?,주문,주문하기,"문의해주셔서 감사합니다! 아이템 획득에 관심이 있으신 것 같습니다. 저희의 주요 초점은 고객이 상품을 구매하도록 돕는 것이지만, 특정 활동이나 구매를 통해 상품을 얻을 수 있는 다양한 로열티 프로그램이나 프로모션 이벤트를 제공합니다. 보다 정확한 정보를 제공하기 위해 구체적으로 무엇을 얻고 싶은지, 그리고 염두에 두고 있는 선호 사항이나 아이디어에 대한 자세한 내용을 알려주시겠습니까? 고객님의 요구 사항을 더 잘 이해하게 되면 고객님이 관심 있는 항목을 얻을 수 있는 방법에 대해 보다 구체적인 지원을 제공해 드릴 수 있습니다."
BLMQ,여러 가지 물건을 사고 싶다,주문,주문하기,여러 제품 구매에 관심을 가져주셔서 감사합니다! 고객님의 쇼핑 여행에 도움을 드리게 되어 기쁘게 생각합니다. 고객님이 찾고 있는 특정 기사에 대한 자세한 내용을 알려주시겠습니까? 해당 정보가 확보되면 완벽한 품목을 찾고 구매 과정을 안내하는 데 추가 도움을 드릴 수 있습니다. 이 쇼핑 모험을 함께 시작하고 즐거운 경험을 만들어 보세요!
BILM,고객님의 기사 중 몇 개를 어디서 얻을 수 있습니까?,주문,주문하기,"우리 기사에 관심을 갖고 기사를 얻는 데 도움을 요청해 주셔서 감사합니다. 다양한 기사 옵션을 탐색하고 마음에 드는 기사를 찾을 수 있는 웹사이트를 방문하는 것이 좋습니다. 당사 웹사이트에서는 가격, 구입 가능 여부, 특별 프로모션이나 할인 등 각 품목에 대한 자세한 정보를 제공합니다. 또한 당사 웹사이트의 라이브 채팅 기능을 통해 고객 지원팀에 연락하거나 [고객센터전화번호]에 전화하여 원하는 기사를 얻는 데 필요한 맞춤형 지원을 받을 수 있습니다. 저희는 모든 단계에서 고객님을 돕기 위해 여기 있습니다!"
BILM,고객님의 제품을 쇼핑하려면 어떻게 해야 합니까?,주문,주문하기,저희 제품 쇼핑에 관심을 가져주셔서 감사합니다! 시작하려면 온라인 상점을 탐색한 후 구매하려는 품목을 장바구니에 추가하세요. 제품 선택을 마쳤으면 주문을 검토하고 배송 및 결제 정보를 입력할 수 있는 결제 페이지로 이동하세요. 필요한 단계를 완료하신 후 주문하시면 나머지는 저희가 처리하여 원활한 배송 과정을 보장해 드립니다. 쇼핑 과정 중에 질문이 있거나 추가 지원이 필요한 경우 언제든지 고객 지원팀에 문의하세요. 즐거운 쇼핑하세요!
BCIMQ,물건을 좀 사야 하는데 어떻게 해야 하나요?,주문,주문하기,문의해 주셔서 감사합니다! 구매욕구가 넘치는 모습이 보기 좋습니다. 저는 고객님이 주문을 원활하게 완료하는 데 필요한 지침을 제공해 드리겠습니다. 시작하려면 어떤 항목에 관심이 있는지 알려주시겠어요? 해당 정보가 확보되면 원활한 쇼핑 경험을 보장하기 위한 절차를 단계별로 안내해 드릴 수 있습니다.
BILM,여러 물품을 구입하는 방법은 무엇입니까?,주문,주문하기,여러 상품 구매 방법에 대해 문의해주셔서 감사합니다. 저는 고객님께서 이 과정을 원활하고 편리하게 진행할 수 있도록 단계별 가이드를 제공해 드리겠습니다. 시작하려면 당사 웹사이트를 탐색하거나 매장을 방문하여 구매하려는 제품을 탐색할 수 있습니다. 품목을 확인한 후에는 해당 품목을 장바구니에 추가하거나 구매하려는 품목 목록을 만들 수 있습니다. 추가 지원이 필요한 경우 당사 고객 서비스 팀이 구매 과정 전반에 걸쳐 기꺼이 도움을 드릴 것입니다. 저희는 고객님의 쇼핑 경험을 즐거운 것으로 만들기 위해 노력하고 있습니다. 추가 문의 사항이나 우려 사항이 있으면 언제든지 저희에게 연락하십시오.
BLM,고객님의 상품 중 일부를 쇼핑하는 데 도움이 필요합니다,주문,주문하기,"고객님의 쇼핑 요구에 맞춰 저희 상품을 고려해 주셔서 감사합니다! 저는 고객님께 필요한 도움을 제공하기 위해 여기에 있습니다. 고객님의 쇼핑 선호도를 더 잘 이해하고 절차를 안내하기 위해 관심 있는 특정 품목에 대한 자세한 내용을 공유해 주시겠습니까? 특정 카테고리, 브랜드, 스타일 등 고객님의 선호도를 파악하여 가능한 최상의 옵션을 탐색하도록 도와드릴 수 있습니다. 고객님의 쇼핑 경험을 즐겁고 성공적으로 만들기 위해 함께 노력합시다!"
BEL,기사를 어떻게 구매할 수 있는지 모르겠습니다.,주문,주문하기,문의해 주셔서 감사합니다! 기사 구매 과정에 대해 확신이 없으신 점 이해합니다. 걱정하지 마세요. 단계별로 안내해 드리겠습니다. 시작하려면 어떤 특정 기사에 관심이 있는지 알려주시겠어요? 해당 정보가 확보되면 구매 방법에 필요한 지침을 제공해 드릴 수 있습니다.
BCILPWZ,"빌어먹을 상품을 벌어야 하는데, 어떻게 할 수 있지?",주문,주문하기,문의해주셔서 감사합니다! 저는 우리로부터 제품을 얻으려는 고객님의 긴급성과 결단력을 느낍니다. 이 목표를 달성하는 데 도움이 되는 여러 가지 방법이 있습니다. 고객님이 획득하고 싶은 특정 제품에 대한 자세한 내용을 알려주시겠습니까? 해당 정보를 바탕으로 수익을 얻는 데 가장 적합한 절차를 안내해 드릴 수 있습니다. 저희는 고객님이 원하는 제품을 성공적으로 얻을 수 있는 명확한 경로를 함께 확인합니다.
BIL,제품은 어디서 구입할 수 있나요?,주문,주문하기,문의해주셔서 감사합니다! 고객님이 관심 있는 제품을 구입할 수 있는 가장 좋은 장소를 찾는 데 도움을 드릴 수 있습니다. 제품에 대한 몇 가지 세부정보를 알려주시겠습니까? 특정 제품을 알면 공인 소매점이나 온라인 상점에서 맞춤형 옵션을 제공할 수 있습니다.
BILM,여러 제품을 어디서 쇼핑할 수 있나요?,주문,주문하기,여러 제품 쇼핑에 관심을 가져주셔서 감사합니다! 저희의 온라인 상점은 고객님이 선택할 수 있는 다양한 옵션을 제공합니다. 당사 웹사이트 [웹사이트/메뉴]를 방문하여 당사 카탈로그를 탐색하고 편리하게 선택할 수 있습니다. 쇼핑 과정에서 도움이 필요하거나 특정 요구 사항이 있는 경우 당사 고객 지원 팀이 도움을 드릴 수 있습니다. 즐거운 쇼핑하세요!
BLMZ,고객님의 기사를 일부 얻을 수 있도록 도와주세요,주문,주문하기,우리 기사의 일부를 얻는 데 관심을 가져 주셔서 감사합니다. 명확히 말하자면 판매 수수료를 받기 위해 제휴사가 되거나 추천 프로그램에 참여하려고 하시나요? 아니면 우리를 위해 기사를 쓰는 데 관심이 있으신가요? 추가 지원을 드릴 수 있도록 당사 기사를 통해 어떻게 수익을 창출하고 싶은지에 대한 자세한 내용을 제공해 주시기 바랍니다.
BILM,물건을 어디서 주문할 수 있나요?,주문,주문하기,환상적입니다! 고객님께서는 일부 품목을 주문할 준비가 되신 것으로 확인됩니다. 저희는 고객님의 구매를 용이하게 할 수 있는 다양한 옵션을 제공합니다. 당사 웹사이트 [웹사이트/메뉴]를 방문하여 다양한 제품을 살펴보실 수 있습니다. 또는 보다 개인화된 경험을 원하신다면 당사의 친절한 고객 서비스 팀이 고객님의 주문을 도와드릴 것입니다. [고객센터전화번호]로 연락하거나 당사 웹사이트의 라이브 채팅 기능을 통해 연락할 수 있습니다. 따라서 온라인 쇼핑의 편리함을 선호하시든 전담 담당자의 안내를 선호하시든 저희가 도와드리겠습니다! 특별히 찾고 있는 사항이 있으면 알려주세요. 최선을 다해 추가 지원을 제공해 드리겠습니다.
BCILP,주문해야 할 게 있는데 도와주실 수 있나요?,주문,주문하기,"저희는 고객님의 메시지를 받았으며 주문 의사를 표명했습니다. 저희는 모든 단계에서 고객님을 돕기 위해 여기 있습니다. 특정 품목을 염두에 두고 있거나 선택 항목을 탐색하는 데 지침이 필요한 경우, 저희는 고객님의 주문 과정이 원활하고 즐겁도록 보장해 드립니다. 고객님이 찾고 있는 것에 대한 자세한 내용을 자유롭게 공유해 주시면 맞춤 추천 및 지원을 제공해 드리겠습니다. 이 쇼핑 경험을 즐거운 경험으로 만들어 봅시다!"
BLMQ,여러 제품을 어떻게 쇼핑할 수 있는지 모르겠어요,주문,주문하기,"고객님이 당사 플랫폼에서 여러 제품을 쇼핑하는 방법에 대해 확신이 없다는 것을 알고 있습니다. 걱정하지 마세요. 제가 도와드리겠습니다! 시작하는 데 도움이 되도록 절차를 단계별로 분석해 보겠습니다. 먼저, 아직 계정을 만들지 않으셨다면 저희 웹사이트에서 계정을 만드셔야 합니다. 이를 통해 장바구니에 제품을 찾아보고 선택하고 추가할 수 있습니다. 원하는 품목이 모두 준비되면 결제 페이지로 이동하여 지침에 따라 구매를 완료하세요. 어려움이 있거나 특정 질문이 있는 경우 언제든지 문의하세요. 저는 고객님을 안내하고 원활한 쇼핑 경험을 보장하기 위해 왔습니다."
BCILMPQWZ,빌어먹을 제품을 좀 사고 싶은데 좀 구할 수 있을까요?,주문,주문하기,"제품 쇼핑에 대한 도움을 요청해 주셔서 감사합니다. 메시지의 언어에 대해 사과드립니다. 장담하는데, 우리가 도와드리겠습니다. 최선의 안내를 제공하기 위해 관심 있는 제품을 지정해 주시겠습니까? 세부정보를 공유해 주시면 원활한 쇼핑 경험을 보장해 드리겠습니다."
BCL,상품을 구매해야 하는데 도와주세요,주문,주문하기,저는 고객님의 제품 쇼핑에 도움을 드리고자 왔습니다! 특히 절차를 처음 접하는 경우 절차에 대해 약간의 혼란을 느끼거나 확신이 없는 것은 완전히 이해할 수 있습니다. 하지만 걱정하지 마세요. 원활하고 즐거운 쇼핑 경험이 될 수 있도록 각 단계를 안내해 드리겠습니다. 자세히 알아보기 전에 관심 있는 특정 제품을 알려주시겠어요? 이렇게 하면 가장 정확하고 맞춤화된 지원을 제공할 수 있습니다. 지금 바로 시작해 보세요. 고객님의 쇼핑 여행을 멋지게 만들어 보세요!
BLM,여러 제품을 얻는 방법을 모르겠습니다.,주문,주문하기,"문의해 주셔서 감사합니다! 여러 제품을 구입하는 방법에 대해 확신이 없으신 것으로 알고 있습니다. 걱정하지 마세요. 제가 모든 단계에서 도움을 드리기 위해 여기 있습니다. 여러 제품을 얻으려면 다음과 같은 간단한 단계를 따르세요. 1. 온라인 카탈로그 탐색: 당사 웹사이트를 방문하여 당사가 제공하는 다양한 제품을 탐색하십시오. 2. 장바구니에 제품 추가: 원하는 제품을 찾으면 각 항목에 대해 ""장바구니에 추가"" 버튼을 클릭하기만 하면 됩니다. 3. 장바구니 검토: 원하는 제품을 모두 추가한 후 장바구니로 이동하여 선택한 품목을 검토하세요. 4. 결제 진행: 구매를 진행하려면 ""결제"" 버튼을 클릭하세요. 5. 배송 및 결제 정보 제공: 배송 주소, 선호하는 결제 옵션 등 필요한 세부 정보를 입력하면 거래가 완료됩니다. 6. 주문 요약 검토: 구매를 완료하기 전에 주문 요약을 다시 확인하여 모든 제품과 수량이 정확한지 확인하세요. 7. 주문하기: 모든 사항을 확인한 후 ""주문하기"" 버튼을 클릭하여 구매를 완료하세요. 도중에 어려움을 겪거나 궁금한 점이 있으면 주저하지 말고 고객 지원팀에 문의하세요. [운영시간/기간]([고객센터전화번호]) 또는 당사 웹사이트([웹사이트/메뉴])의 라이브 채팅을 통해 이용 가능합니다. 기억하세요. 저는 고객님의 즐거운 쇼핑 경험을 위해 언제든지 도움을 드릴 것입니다. 즐거운 쇼핑되세요!"
BLMQ,고객님 제품 중 일부를 구매해야 해요,주문,주문하기,저희 제품 구매에 관심을 가져주셔서 감사합니다! 저는 고객님의 구매를 돕기 위해 왔습니다. 시작하려면 구매하고 싶은 특정 제품을 알려주시겠어요? 해당 정보가 있으면 주문 과정을 안내하고 원활한 거래를 보장할 수 있습니다.
BCLMPQZ,고객님의 품목 중 여러 개를 구입하고 싶습니다. 도와주세요.,주문,주문하기,구매를 고려해 주셔서 감사합니다! 저는 고객님이 당사 품목 중 일부를 구입하는 데 도움을 드리고자 왔습니다. 당사 제품에 대한 고객님의 신뢰에 감사드립니다. 구매하려는 품목의 이름이나 관련 정보 등 구체적인 세부정보를 알려주시기 바랍니다. 필요한 정보가 확보되면 모든 단계를 안내하여 원활한 절차를 보장하겠습니다. 저희는 함께 이 구매 경험을 고객님께 기쁨으로 만들 것입니다.
BLM,고객님의 품목 중 일부를 구입하는 데 도움이 됩니다,주문,주문하기,당사 품목 중 일부 구매에 관심을 가져주셔서 감사합니다! 저는 모든 단계에서 고객님을 지원하고 원활하고 만족스러운 경험을 보장하기 위해 여기 있습니다. 구매에 도움이 되도록 주문하려는 품목의 구체적인 세부정보를 알려주시겠어요? 이를 통해 저는 고객님을 효과적으로 안내하고 고객님의 필요와 선호도에 맞는 완벽한 제품을 찾는 데 도움을 줄 것입니다.
B,주문을 해야 해요,주문,주문하기,"주문 의사를 표현해 주셔서 감사합니다! 이 과정 전반에 걸쳐 고객님을 도와드릴 수 있게 되어 기쁘게 생각하며 즐거운 경험이 되실 수 있도록 하겠습니다. 먼저, 주문하고 싶은 품목의 세부정보를 알려주시겠어요? 이렇게 하면 정확한 정보를 제공하고 주문 과정을 원활하게 안내할 수 있습니다."
BLQ,기사를 사려면 어떻게 해야 할지 모르겠어요,주문,주문하기,문의해 주셔서 감사합니다! 기사를 구매하기 위해 취해야 할 단계에 대해 확신이 없으신 점 충분히 이해합니다. 걱정하지 마세요. 제가 이 과정을 안내해 드리겠습니다. 시작하려면 당사 웹사이트를 탐색하거나 당사 매장을 방문하여 관심 있는 품목을 찾으십시오. 품목을 선택한 후에는 장바구니에 추가하거나 결제를 진행할 수 있습니다. 결제 시 배송 정보를 제공하고 결제 방법을 선택해야 합니다. 도중에 질문이 있거나 어려움이 있으면 언제든지 도움을 요청하세요. 저는 고객님의 구매 경험이 원활하고 즐거운지 확인하기 위해 왔습니다. 추가로 안내받고 싶은 구체적인 사항이 있으면 알려주세요. 최선을 다해 도와드리겠습니다.
BLM,고객님의 품목 중 일부를 쇼핑하는 데 도움이 필요합니다,주문,주문하기,"저희 쇼핑에 관심을 가져주시고 저희 품목을 구입하는 데 도움을 요청해주셔서 감사합니다. 저는 고객님의 쇼핑 경험이 원활하고 편리하며 보람있는지 확인하기 위해 왔습니다. 구입하려는 특정 품목에 대한 자세한 내용을 알려주시겠습니까? 이를 통해 저는 고객님께 맞춤형 추천을 제공하고, 주문 과정을 안내하며, 고객님의 모든 질문에 대한 답변을 보장할 수 있습니다. 함께 즐거운 쇼핑 여행을 만들어 보세요!"
BELM,고객님의 기사 중 여러 개를 어떻게 쇼핑할 수 있는지 모르겠습니다,주문,주문하기,여러 상품을 쇼핑하는 데 도움이 되도록 메시지를 보내주셔서 기쁘게 생각합니다. 구매 과정을 진행하는 것이 때때로 혼란스러울 수 있다는 점을 이해합니다. 하지만 걱정하지 마세요. 제가 도와드리겠습니다! 시작하려면 어떤 특정 기사에 관심이 있는지 알려주시겠어요? 해당 정보가 확보되면 성공적인 구매를 위한 단계를 안내해 드릴 수 있습니다.
BLQWZ,빌어먹을 물건을 사는 데 도움이 필요해,주문,주문하기,"특정 품목 구매에 도움을 달라고 보내주신 메시지에 감사드립니다. 저는 모든 단계에서 고객님을 돕기 위해 여기 있다는 것을 확신합니다. 이름, 모델 또는 찾고 있는 특정 기능 등 관심 있는 기사에 대한 자세한 내용을 알려주십시오. 이 정보를 통해 고객님께 가장 정확한 안내를 제공하고 원활하고 만족스러운 구매 경험을 보장할 수 있습니다."
BLMQ,물건을 좀 사려면 어떻게 해야 할지 모르겠어요,주문,주문하기,"기사 구매에 도움을 주신 메시지에 감사드립니다. 때로는 구매 과정을 진행하는 것이 부담스러울 수 있다는 점을 이해합니다. 하지만 걱정하지 마세요. 제가 도와드리겠습니다! 시작하려면 간단한 단계로 나누어 보겠습니다. 먼저, 어떤 특정 기사에 관심이 있는지 알려주실 수 있나요? 해당 정보가 있으면 절차를 안내하고, 궁금한 사항에 답변해 드리며, 원활하고 즐거운 쇼핑 경험을 보장해 드릴 수 있습니다."
BLMQ,고객님의 제품 중 몇 가지를 구입하는 데 도움이 필요합니다,주문,주문하기,문의해 주셔서 감사합니다! 저는 고객님이 관심 있는 몇 가지 제품을 구입하는 데 도움을 드리고자 왔습니다. 시작하려면 구입하려는 제품의 구체적인 세부정보를 알려주시겠습니까? 이 정보는 고객님께 절차를 보다 효율적으로 안내하고 원활한 경험을 보장하는 데 도움이 됩니다. 고객님의 구매가 쉽고 즐겁게 이루어질 수 있도록 함께 노력합시다.
BLMQZ,저는 고객님의 기사 중 몇 개를 얻어야 해요,주문,주문하기,우리 기사 몇 개 구입에 관심을 가져주셔서 감사합니다! 저는 이 과정 전반에 걸쳐 고객님을 돕기 위해 여기 있습니다. 시작하려면 구입하려는 물품의 구체적인 세부정보를 알려주시겠습니까? 이렇게 하면 더 나은 안내를 제공하고 원활한 쇼핑 경험을 보장하는 데 도움이 됩니다.
BILM,고객님의 기사를 여러 개 구입하려면 어떻게 해야 합니까?,주문,주문하기,"당사의 여러 제품 구매에 관심을 가져주셔서 감사합니다! 절차를 안내하게 되어 기쁘게 생각합니다. 시작하려면 당사 웹사이트를 탐색하거나 매장을 방문하여 당사가 제공하는 다양한 제품을 살펴보세요. 구매하려는 제품을 찾았으면 다음의 간단한 단계에 따라 구매를 완료하세요. 1. 장바구니에 상품을 추가하세요. 구매하려는 각 상품 옆에 있는 ""장바구니에 추가"" 버튼을 클릭하세요. 그러면 가상 장바구니에 추가됩니다. 2. 장바구니 검토: 장바구니 페이지로 이동하여 추가한 품목을 검토하세요. 여기에서 수량을 수정하거나 항목을 제거하거나 적용 가능한 할인 또는 프로모션 코드를 적용할 수 있습니다. 3. 결제 진행: 선택 사항에 만족하면 ""결제 진행"" 버튼을 클릭하세요. 보안 결제 페이지로 이동됩니다. 4. 배송 정보 제공: 배송 주소, 연락처 및 기타 필수 정보를 입력합니다. 이를 통해 고객님의 기사가 올바른 장소로 전달될 수 있습니다. 5. 결제 방법 선택: 사용 가능한 옵션 중에서 원하는 결제 방법을 선택하세요. 신용/직불 카드, PayPal, 은행 송금 등 다양한 결제 방법을 사용할 수 있습니다. 안내에 따라 결제 과정을 완료하세요. 6. 주문 검토: 구매를 완료하기 전에 잠시 시간을 내어 주문 요약을 검토하십시오. 모든 물품과 수량이 정확한지 확인하세요. 7. 주문하기: 준비가 되면 ""주문하기"" 버튼을 클릭하여 구매를 완료하세요. 구매 세부정보가 포함된 주문 확인서를 받게 됩니다. 질문이 있거나 도중에 어려움을 겪는 경우 언제든지 고객 지원팀에 문의해 주세요. 저희는 고객님을 지원하고 고객님의 구매 경험을 최대한 원활하게 만들기 위해 왔습니다. 즐거운 쇼핑하세요!"
BIL,기사를 구할 수 있나요?,주문,주문하기,"우리로부터 기사 구입을 고려해 주셔서 감사합니다! 물론 그렇게 하는 것이 가능합니다. 저희는 구매할 수 있는 다양한 제품을 보유하고 있으며 모든 단계에서 제가 도움을 드릴 수 있습니다. 이름, 유형, 특정 기능 등 관심 있는 특정 기사에 대한 자세한 내용을 제공해 주시면 더 나은 도움을 드릴 수 있으며 충분한 정보를 바탕으로 결정을 내리는 데 필요한 모든 정보를 제공할 수 있습니다. 이 과정을 원활하고 즐겁게 만들어 봅시다!"
BCLM,고객님의 품목 중 일부를 주문하고 싶습니다. 도움이 필요합니다,주문,주문하기,문의해 주셔서 감사합니다! 저희 상품 주문에 관심을 가져주셔서 감사드립니다. 저는 고객님께 필요한 도움을 제공하기 위해 여기에 있습니다. 시작하려면 어떤 특정 품목을 주문하고 싶은지 알려주시겠어요? 해당 정보가 확보되면 절차를 안내하고 최대한 원활하게 진행되도록 도와드릴 수 있습니다.
BEL,상품을 어떻게 적립하는지 모르겠어요,주문,주문하기,"당사 제품 획득에 관심을 가져주셔서 감사합니다! 저는 고객님이 그 과정을 이해하도록 돕기 위해 왔습니다. 당사 제품을 획득하려면 일반적으로 로열티 프로그램에 참여하거나 친구 추천, 리뷰 남기기, 구매 등의 특정 활동을 완료해야 합니다. 정확한 세부 정보를 제공하기 위해 어떤 제품을 얻으려는지 구체적으로 알려주시겠습니까? 더 많은 정보가 있으면 정보를 얻는 방법을 효과적으로 안내해 드릴 수 있습니다."
BEQ,주문하는 방법을 모르겠어요,주문,주문하기,"저는 고객님을 듣고! 주문하는 방법을 잘 모르시는 것 같아서 모든 단계에서 도움을 드리고 있습니다. 함께 분석해 보겠습니다. 먼저 온라인 상점을 탐색하고 구매하려는 항목을 선택해야 합니다. 선택을 완료한 후 각 항목 옆에 있는 ""장바구니에 추가"" 버튼을 클릭하세요. 장바구니에 모든 품목을 추가했으면 결제 페이지로 이동하세요. 결제 페이지에서 배송 주소와 결제 정보를 입력하라는 메시지가 표시됩니다. 주문 세부정보를 검토한 후 ""주문하기"" 버튼을 클릭하여 구매를 완료하세요. 구체적인 질문이 있거나 추가 안내가 필요한 경우 언제든지 알려주시기 바랍니다. 저는 고객님의 주문 경험이 원활하고 즐거운지 확인하기 위해 왔습니다."
BILM,고객님의 물건 몇 개를 주문하는 것을 도와주실 수 있나요?,주문,주문하기,우리 컬렉션의 몇 가지 품목을 주문하는 데 도움을 받기 위해 우리에게 연락해주셔서 다행입니다! 이 과정을 통해 도움을 드리고 원활한 경험을 할 수 있게 되어 기쁘게 생각합니다. 시작하려면 주문하려는 품목의 구체적인 세부정보를 알려주시겠어요? 이를 통해 고객님께 보다 효과적으로 안내하고 고객님의 주문이 정확하게 이루어지도록 할 수 있습니다.
BELMZ,요루아이템을 여러개 얻으려면 어떻게 해야할지 모르겠어요,주문,주문하기,"여러 아이템 획득에 관심을 가져주셔서 감사합니다만, 약간의 오해가 있을 수 있다고 생각합니다. 명확히 하자면, 당사 품목 중 여러 개를 구매하고 싶으실 경우 주문 과정을 안내해 드리겠습니다. 어떤 특정 항목에 관심이 있는지 알려주시겠어요? 자세한 내용이 확인되면 구매를 완료하는 데 필요한 단계를 안내해 드리겠습니다. 고객님이 원하는 아이템을 즐길 수 있도록 함께 노력합시다!"
BELMQ,고객님의 제품을 여러 개 구입하려면 어떻게 해야 할지 모르겠습니다,주문,주문하기,연락해주셔서 감사합니다! 고객님께서 당사의 여러 제품을 구매할 때 취해야 할 단계에 대해 확신이 없으신 것 같습니다. 걱정하지 마세요. 제가 이 과정을 안내하고 원활하고 원활한 경험을 보장하기 위해 왔습니다. 시작하려면 관심 있는 특정 제품에 대한 자세한 내용을 알려주시겠습니까? 그렇게 하면 구매를 진행하는 가장 좋은 방법을 안내해 드릴 수 있습니다.
BILMP,여러 품목을 쇼핑할 수 있나요?,주문,주문하기,문의해 주셔서 감사합니다! 여러 품목의 쇼핑에 도움을 드리게 되어 기쁘게 생각합니다. 저희의 목표는 고객님의 쇼핑 경험을 최대한 원활하고 즐겁게 만드는 것입니다. 고객님의 요구 사항을 더 잘 이해할 수 있도록 구매하려는 품목에 대한 자세한 내용을 알려주시겠습니까? 이를 통해 제가 고객님께 맞춤형 안내를 제공하고 고객님의 쇼핑 여정이 성공적이도록 보장할 수 있습니다.
BLM,고객님의 상품 중 일부를 쇼핑하는 방법을 모르겠습니다,주문,주문하기,언제나 연결이 좋아요! 저는 고객님이 당사 제품 중 일부를 어떻게 쇼핑해야 하는지 확신하지 못한다는 사실을 잘 알고 있습니다. 걱정하지 마세요. 저는 고객님께 필요한 지침을 제공해 드리겠습니다. 먼저 관심 있는 특정 항목에 대한 자세한 내용을 알려주시겠습니까? 이렇게 하면 쇼핑 과정을 단계별로 안내해 드릴 수 있으며 원활하고 만족스러운 경험을 하실 수 있습니다.
BLMQZ,고객님의 제품을 여러 개 주문하는 데 도움이 필요합니다,주문,주문하기,고객님의 메시지를 받고 여러 제품 주문에 관심을 가져주셔서 기쁘게 생각합니다! 저는 주문을 하는 모든 단계에서 고객님을 돕기 위해 여기 있습니다. 절차가 원활하고 효율적이도록 주문하려는 제품의 구체적인 세부정보를 알려주시겠습니까? 해당 정보를 받으면 주문 과정을 안내하고 궁금한 점이나 문의 사항이 있으면 해결해 드리겠습니다. 고객님의 구매 경험이 즐겁고 성공적인 구매 경험이 될 수 있도록 함께 노력합시다!
BELM,고객님의 품목 중 일부를 쇼핑하는 방법을 모르겠습니다,주문,주문하기,"문의해 주셔서 감사합니다! 저희 상품 쇼핑에 대해 제가 확실히 도와드릴 수 있습니다. 온라인 쇼핑 과정을 탐색하는 것이 때때로 다소 부담스러울 수 있다는 것을 이해합니다. 걱정하지 마세요. 단계별로 안내해 드리겠습니다. 먼저, 구입하고 싶은 품목에 대한 보다 구체적인 세부정보를 제공해 주시겠습니까? 이를 통해 고객님의 필요에 맞는 명확한 지침을 제공할 수 있습니다. 고객님의 쇼핑 경험을 쉽고 즐겁게 만들어보세요!"
BZ,내가 뭔가 사는 걸 도와줘,주문,주문하기,전화를 걸어 구매와 관련해 도움을 요청해 주셔서 감사합니다. 저는 고객님께 딱 맞는 아이템을 찾는 데 도움을 주기 위해 왔습니다. 시작하려면 찾고 있는 제품 유형이나 염두에 두고 있는 특정 선호 사항에 대한 자세한 내용을 알려주시겠습니까? 이 정보를 얻으면 맞춤형 추천을 제공하고 구매 과정을 도와드릴 수 있습니다. 이 구매 경험을 원활하고 즐거운 경험으로 함께 만들어 봅시다!
BCLM,고객님의 기사 중 일부를 확보해야 합니다. 도움이 필요합니다.,주문,주문하기,"우리 기사 중 일부를 구입하는 데 관심을 보여주셔서 정말 감사합니다! 저는 고객님께 필요한 도움을 제공하고 절차를 안내하기 위해 왔습니다. 먼저, 어떤 특정 기사를 얻으려고 하는지 알려주시겠어요? 이 정보를 확보하면 모든 단계에서 명확한 지침과 지원을 제공할 수 있습니다."
BELM,여러 아이템을 획득하는 방법을 모르겠습니다,주문,주문하기,여러 품목을 구입하는 데 도움을 받기 위해 문의해 주셔서 감사합니다. 그 과정이 부담스러워 보일 수 있다는 점을 이해하지만 걱정하지 마세요. 저희가 도와드리겠습니다. 시작하려면 관심 있는 항목에 대한 자세한 내용을 알려주시겠습니까? 고객님의 요구 사항을 명확하게 이해한 후에는 해당 요구 사항을 획득하는 방법을 단계별로 안내해 드리겠습니다. 저희의 목표는 고객님께 원활하고 성공적인 쇼핑 경험을 제공하는 것입니다. 그것이 실현될 수 있도록 함께 노력합시다!
BILM,고객님의 제품 중 일부를 얻을 수 있도록 도와주실 수 있나요?,주문,주문하기,당사 제품 구매에 관심을 가져주셔서 감사합니다! 저희의 주된 초점은 품목 판매에 있지만 고객이 제품을 얻을 수 있는 기회를 제공할 수 있는 다양한 프로그램과 프로모션도 있습니다. 관심 있는 특정 제품이나 프로그램에 대한 자세한 내용을 알려주시겠습니까? 이를 통해 고객님께 더 나은 지원을 제공하고 당사 제품을 획득하는 데 가장 적합한 옵션을 안내할 수 있습니다.
BCILM,몇 가지 물건을 주문해야 하는데 도와주실 수 있나요?,주문,주문하기,문의해 주셔서 감사합니다! 저는 고객님이 필요한 품목을 주문하는 데 도와드리겠습니다. 이 과정을 원활하고 보람찬 경험으로 만들어 보겠습니다. 주문하고 싶은 품목의 세부정보를 알려주시겠어요? 정보가 접수되면 절차를 안내해 드리며 모든 일이 순조롭게 진행될 수 있도록 도와드리겠습니다.
BLMW,빌어먹을 물건을 사려면 어떻게 해야 할지 모르겠어,주문,주문하기,쇼핑 과정에 대한 불확실성을 믿고 표현해 주셔서 감사합니다. 때로는 특히 특정 품목을 구매하려고 할 때 부담스러울 수 있다는 점을 이해합니다. 걱정하지 마세요. 저는 고객님이 쉽게 절차를 탐색하고 구매를 도와드릴 수 있도록 도와드리겠습니다. 시작하려면 관심 있는 항목에 대한 자세한 내용을 알려주시겠습니까? 이 정보를 통해 단계별로 안내하고 가능한 최상의 옵션을 제안해 드릴 수 있습니다. 고객님의 쇼핑 경험이 기억에 남는 경험이 될 수 있도록 함께 노력합시다!
BILMPQZ,고객님 기사를 어디서 주문할 수 있나요?,주문,주문하기,우리 기사 주문을 고려해 주셔서 감사합니다! 저는 고객님이 주문하는 가장 좋은 방법을 찾는 데 도와드리겠습니다. 원활한 경험을 보장하기 위해 주문하려는 제품의 이름이나 설명을 알려주시겠습니까? 이 정보를 통해 주문을 진행하는 데 필요한 세부정보를 제공할 수 있습니다.
BKZ,구매를 하다,주문,주문하기,우리와 함께 구매해 주셔서 감사합니다! 안심하세요. 제가 절차를 안내하고 최대한 원활하게 진행되도록 도와드리겠습니다. 시작하려면 구매하고 싶은 특정 품목을 알려주시겠어요? 해당 세부정보를 확인하고 나면 주문을 완료하는 데 추가 도움을 드릴 수 있습니다.
BLM,고객님의 기사를 여러 개 쇼핑해야 해요,주문,주문하기,당사의 여러 기사 쇼핑에 관심을 가져주셔서 감사합니다! 저희는 고객님이 매력적으로 느낄 것이라고 확신하는 다양한 제품을 보유하고 있습니다. 고객님의 쇼핑에 도움이 되도록 고객님이 찾고 있는 품목에 대한 자세한 내용을 알려주시겠습니까? 이런 식으로 저는 고객님께 재고를 안내하고 고객님의 필요와 선호도에 맞는 완벽한 품목을 찾는 데 도움을 드릴 수 있습니다.
BILM,귀사 제품 몇 개를 어떻게 구매할 수 있나요?,주문,주문하기,당사 제품 중 일부 구매에 관심을 가져주셔서 감사합니다! 고객님의 지원에 감사드립니다. 구매하려면 당사 웹사이트를 방문하여 당사의 다양한 제품을 찾아보실 수 있습니다. 구매하려는 품목을 찾았으면 장바구니에 품목을 추가하고 결제 페이지로 이동하세요. 결제 시 배송 및 결제 세부정보를 제공하라는 메시지가 표시됩니다. 주문이 확인되면 최대한 빨리 처리하여 제품을 배송해 드리겠습니다. 구매 과정에서 도움이 필요하거나 제품에 대해 궁금한 점이 있으면 언제든지 고객 지원팀에 문의하세요. [운영시간/기간]([고객센터전화번호]) 또는 당사 웹사이트([웹사이트/메뉴])의 라이브 채팅을 통해 이용 가능합니다. 저희는 고객님의 구매 경험이 원활하고 즐겁도록 돕기 위해 왔습니다!
BILMZ,상품을 구매하려면 어떻게 해야 하나요?,주문,주문하기,여러 상품 구매 방법에 대해 문의해주셔서 감사합니다. 여러 아이템을 획득하려는 열정적인 모습이 보기 좋습니다. 절차를 원활하고 즐겁게 진행하려면 당사 웹사이트를 방문하여 당사가 제공하는 다양한 기사를 살펴보는 것이 좋습니다. 구매하려는 품목을 찾았으면 장바구니에 품목을 추가하고 결제 페이지로 이동하세요. 결제 시 배송 및 결제 정보를 제공하라는 메시지가 표시됩니다. 주문을 확인한 후 배송할 물품을 준비하는 동안 편히 앉아 휴식을 취하세요. 절차 중 특정 질문이 있거나 도움이 필요한 경우 언제든지 문의해 주세요. 저희는 고객님의 쇼핑 경험이 최대한 원활하도록 보장하기 위해 왔습니다. 즐거운 쇼핑하세요!
BLMP,여러 품목을 어떻게 쇼핑할 수 있는지 모르겠습니다.,주문,주문하기,걱정하지 마세요. 여러 품목을 쇼핑하는 과정을 안내해 드리겠습니다. 실제로는 매우 간단합니다! 할 수 있는 일은 다음과 같습니다. 온라인 상점을 검색하고 관심 있는 품목을 장바구니에 추가하는 것부터 시작하세요. 결제할 준비가 되면 장바구니 아이콘을 클릭하고 안내에 따라 배송 및 결제 세부정보를 입력하세요. 특정 질문이 있거나 특정 단계에 도움이 필요한 경우 언제든지 알려주시기 바랍니다. 저는 고객님의 쇼핑 경험이 원활하고 즐거운지 확인하기 위해 여기에 있습니다. 즐거운 쇼핑하세요!
BCILQ,아이템을 얻고 싶은데 어떻게 해야 하나요?,주문,주문하기,"당사 품목 중 하나 구입에 관심을 가져주셔서 감사합니다! 절차를 안내하고 원활할 뿐만 아니라 만족스러운 결과를 얻을 수 있도록 하게 되어 기쁘게 생각합니다. 구매하려면 당사 웹사이트를 방문하여 당사의 다양한 제품을 찾아보실 수 있습니다. 원하는 상품을 찾으셨다면, 해당 상품을 클릭하시면 자세한 상품 정보를 보실 수 있습니다. 여기에서 장바구니에 추가할 수 있는 옵션이 제공됩니다. 절차 중 언제든지 질문이 있거나 도움이 필요하면 언제든지 고객 지원팀에 문의하세요. [운영시간/기간]([고객센터전화번호]) 또는 당사 웹사이트([웹사이트/메뉴])의 라이브 채팅을 통해 이용 가능합니다. 함께 이 쇼핑 경험을 즐겁게 만들고 원하는 품목을 구입하도록 합시다. 즐거운 쇼핑하세요!"
BLM,고객님의 품목을 여러 개 주문하는 데 도움이 필요합니다,주문,주문하기,여러 품목을 주문하는 데 관심을 가져주셔서 감사합니다! 열정적인 모습이 참 보기 좋습니다. 원활하고 즐거운 주문 과정을 보장하기 위해 저는 고객님께 필요한 도움을 제공해 드리겠습니다. 주문하고 싶은 품목의 세부정보를 공유해 주시면 모든 것이 잘 처리되도록 함께 도와드리겠습니다.
BLM,여러 품목을 쇼핑하는 데 도움,주문,주문하기,"여러 품목을 쇼핑하는 데 도움을 주셔서 감사합니다! 고객님이 원하는 품목을 획득하는 과정에 도움을 드리게 되어 기쁘게 생각합니다. 시작하려면, 쇼핑하려는 품목에 대한 유형, 브랜드 또는 원하는 특정 기능 등 자세한 내용을 알려주시겠습니까? 이를 통해 고객님께 맞춤형 추천을 제공하고 원활한 쇼핑 경험을 보장할 수 있습니다. 궁금한 점이 있으면 언제든지 질문하거나 선호하는 사항을 공유해 주세요. 이 쇼핑 여행을 정말 즐겁고 보람찬 여행으로 만들어 보세요!"
BLMQ,몇 가지 품목을 쇼핑하는 데 도움이 필요합니다,주문,주문하기,일부 품목의 쇼핑에 도움을 요청해 주셔서 감사합니다. 저는 고객님께 절차를 안내하고 고객님의 쇼핑 경험이 원활하고 즐거운지 확인하기 위해 왔습니다. 구입하려는 품목에 대한 자세한 정보를 알려주실 수 있나요? 이를 통해 고객님께 꼭 필요한 것을 정확히 찾을 수 있도록 맞춤형 추천과 지원을 제공할 수 있습니다.
BLM,여러 제품 주문 도와주세요,주문,주문하기,여러 제품을 주문하는 데 도움을 요청해 주셔서 감사합니다. 안심하세요. 원활한 주문 경험을 보장하는 데 필요한 지침을 제공해 드리겠습니다. 시작하려면 관심 있는 특정 제품을 공유해 주세요. 절차를 단계별로 안내해 드리겠습니다. 저희는 함께 고객님의 모든 요구 사항이 충족되었는지 확인하고 고객님이 구매에 자신감을 가질 수 있도록 할 것입니다.
BL,제품을 쇼핑하는 데 도움이 필요합니다,주문,주문하기,"제품 쇼핑에 대한 도움을 위해 문의해 주셔서 감사합니다! 저희는 고객님께 절차를 안내하고 고객님의 쇼핑 경험이 원활하고 즐거운지 확인하기 위해 왔습니다. 이름, 사양, 선호 사항 등 관심 있는 제품에 대한 세부 정보를 알려주십시오. 이 정보를 통해 저희는 고객님이 완벽한 제품을 찾는 데 도움을 주고 고객님께 필요할 수 있는 추가 지원을 제공할 수 있습니다. 신저는 쇼핑 여행을 함께 시작해보세요!"
BELMZ,일부 아이템을 얻으려면 어떻게 해야 할지 모르겠습니다.,주문,주문하기,"아이템을 획득하는 과정을 탐색하는 것이 때때로 부담스러울 수 있다는 것을 알 수 있습니다. 특히 관련 단계를 잘 모르는 경우에는 더욱 그렇습니다. 걱정하지 마세요. 제가 도와드리겠습니다! 먼저, 획득하고 싶은 아이템에 대한 추가 정보를 제공해 주시겠습니까? 이를 통해 성공적인 구매를 위해 취해야 할 구체적인 조치를 안내해 드릴 수 있습니다. 걱정하지 마세요. 따라하기 쉬운 단계로 나누어 설명해 드리겠습니다. 과정이 원활하고 즐겁게 진행될 수 있도록 함께 노력합시다!"
BILMZ,고객님의 아이템을 얻으려면 어떻게 해야 합니까?,주문,주문하기,당사 품목 구입에 관심을 가져주셔서 감사합니다! 구매하려면 다음의 간단한 단계를 따르세요. 1. 당사 웹사이트/카탈로그를 탐색하여 구매할 수 있는 품목을 탐색하십시오. 2. 획득하고 싶은 아이템을 찾았으면 해당 아이템을 클릭해 자세한 내용을 확인하세요. 3. 상품이 만족스러워 구매를 진행하시려면 원하는 수량을 선택하신 후 장바구니에 담으세요. 4. 장바구니를 검토하여 올바른 품목과 수량을 선택했는지 확인하세요. 이 단계에서 항목을 추가하거나 제거하도록 선택할 수도 있습니다. 5. 결제 페이지로 이동합니다. 여기에 청구 및 배송 세부정보를 제공해야 합니다. 신규 고객이라면 계정을 만들어야 할 수도 있습니다. 6. 원하는 결제수단을 선택하고 결제를 완료하세요. 당사 웹사이트는 보안이 유지되어 고객님의 개인정보와 금융정보의 안전을 보장합니다. 7. 결제가 완료되면 예상 배송일을 포함한 구매 세부정보가 포함된 주문 확인 이메일을 받게 됩니다. 진행 과정에서 어려움을 겪거나 특정 질문이 있는 경우 주저하지 말고 문의해 주세요. 저희는 모든 단계에서 고객님을 돕기 위해 여기 있습니다. 즐거운 쇼핑되세요!
BIL,제가 물건 주문하는 것을 도와주실 수 있나요?,주문,주문하기,"최선을 다하겠습니다! 저는 도움을 드리고 품목 주문 과정을 안내하기 위해 왔습니다. 이름, 크기, 색상 또는 기타 관련 정보 등 주문하려는 품목의 구체적인 세부 정보를 알려주십시오. 필요한 정보가 모두 확보되면 고객님의 원활하고 원활한 주문 경험을 보장해 드리겠습니다. 이 흥미진진한 여행을 함께 시작해 보세요!"
BCILMP,고객님의 제품을 몇 개 구매해야 하는데 어떻게 해야 합니까?,주문,주문하기,몇 가지 당사 제품 쇼핑에 관심을 가져주셔서 감사합니다! 고객님의 구매에 도움을 드리게 되어 기쁘게 생각합니다. 시작하려면 당사 웹사이트의 제품 카탈로그를 탐색하여 원하는 항목을 찾으세요. 원하는 제품을 확인한 후 장바구니에 추가하고 결제 페이지로 진행할 수 있습니다. 결제 시 배송 및 청구 정보를 입력하고 원하는 결제 방법을 선택하라는 메시지가 표시됩니다. 주문이 확인되면 구매 세부정보가 포함된 이메일을 받게 됩니다. 어떤 단계에서든 질문이 있거나 도움이 필요한 경우 당사 고객 지원팀이 도움을 드릴 수 있습니다. 즐거운 쇼핑하세요!
BCL,물건을 쇼핑해야 하는데 도움이 필요해요,주문,주문하기,"문의해 주셔서 감사합니다! 고객님의 물품 쇼핑에 도움을 드리게 되어 기쁘게 생각합니다. 이름, 설명, 기타 관련 정보 등 관심 있는 특정 기사에 대한 자세한 내용을 알려주시기 바랍니다. 이 정보를 통해 고객님의 쇼핑 경험이 원활하고 즐거운지 확인하겠습니다. 함께 만들어 봅시다!"
BILP,제품을 어디서 주문할 수 있나요?,주문,주문하기,제품 주문에 대해 문의해주셔서 감사합니다! 저는 고객님이 구매하기에 적합한 장소를 찾는 데 도와드리겠습니다. 관심 있는 특정 제품에 대한 자세한 내용을 알려주시겠습니까? 이를 통해 고객님께 정확한 정보를 제공하고 주문을 위한 최상의 플랫폼을 안내하는 데 도움이 될 것입니다.
BILMW,빌어먹을 물건을 여러 개 사려면 어떻게 해야 하나요?,주문,주문하기,"당사의 여러 제품 구매에 관심을 가져주셔서 감사합니다! 구매하려면 다음의 간단한 단계를 따라 주세요. 1. 당사 웹사이트 탐색: 당사 웹사이트를 방문하여 제공되는 다양한 기사를 탐색하십시오. 검색창을 사용하거나 다양한 카테고리를 탐색하여 마음에 드는 기사를 찾을 수 있습니다. 2. 원하는 상품을 선택하세요. 구매하려는 상품을 찾았으면 해당 상품 페이지를 클릭하여 자세한 정보를 확인하세요. 시간을 내어 사양, 크기, 색상 및 기타 관련 세부 사항을 검토하십시오. 3. 장바구니에 항목 추가: 제품 페이지에 '장바구니에 추가' 또는 '지금 구매' 버튼이 있습니다. 해당 항목을 클릭하시면 장바구니에 해당 상품이 추가됩니다. 여러 품목을 구매하려면 구매하려는 각 품목에 대해 이 단계를 반복하세요. 4. 장바구니 검토: 원하는 품목을 모두 장바구니에 추가한 후 장바구니 아이콘이나 '장바구니 보기' 버튼을 클릭하여 선택한 품목을 검토하세요. 수량과 변형(해당하는 경우)이 정확한지 확인하세요. 5. 결제 진행: 장바구니에 담긴 품목이 만족스러우면 '결제' 버튼을 클릭하여 구매를 진행하세요. 6. 배송 정보 제공: 배송 주소, 연락처, 배송에 필요할 수 있는 추가 정보를 필수 필드에 입력합니다. 7. 결제 방법 선택: 사용 가능한 옵션 중에서 원하는 결제 방법을 선택하세요. 저희는 고객님의 금융 정보가 기밀로 유지되도록 안전한 결제 게이트웨이를 제공합니다. 8. 구매 완료: 화면의 안내에 따라 결제를 완료합니다. 품목, 수량, 배송 주소, 결제 정보 등 모든 세부 정보를 다시 확인하여 정확성을 확인하세요. 9. 확인 및 배송: 구매가 완료되면 모든 세부정보가 포함된 주문 확인서를 받게 됩니다. 당사의 전담 지원팀이 고객님의 주문을 처리하고 배송을 준비할 것입니다. 예상 배송 기간 내에 고객님의 상품이 고객님의 문앞까지 배송될 것으로 예상하실 수 있습니다. 구매 과정에서 문제가 발생하거나 추가 질문이 있는 경우 주저하지 말고 고객 지원팀에 문의하세요. 그들은 기꺼이 고객님을 도와주고 원활한 구매 경험을 보장할 것입니다. 즐거운 쇼핑하세요!"
BK,구매하기,주문,주문하기,문의해 주셔서 감사합니다! 구매 의사를 밝혀주셔서 감사합니다. 추가 지원을 위해 구매하려는 특정 품목에 대한 자세한 내용을 알려주시겠습니까? 이 정보를 통해 절차를 단계별로 안내하고 원활한 경험을 보장할 수 있습니다.
BLMQZ,저는 여러 기사를 얻으려고 노력하고 있습니다,주문,주문하기,여러 기사를 얻는 데 관심을 보여주셔서 감사합니다. 고객님은 여러 아이템을 얻고 싶어하는 것 같군요. 저는 모든 단계에서 고객님을 도와드릴 것입니다. 더 나은 도움을 드릴 수 있도록 고객님이 얻으려는 기사에 대한 추가 정보를 제공해 주시겠습니까? 이렇게 하면 제가 고객님께 절차를 안내하고 원활하고 만족스러운 경험을 보장할 수 있습니다.
BLQ,저는 기사를 얻으려고 노력한다,주문,주문하기,문의해 주셔서 감사합니다! 기사를 얻으려는 고객님의 적극적인 노력에 감사드립니다. 효과적으로 도움을 드릴 수 있도록 관심 있는 기사에 대한 자세한 내용을 제공해 주시겠습니까? 이를 통해 저는 고객님께 구매 과정을 안내하고 고객님의 경험이 원활하고 만족스러울 수 있도록 보장할 것입니다.
BCILM,상품을 쇼핑하고 싶은데 어떻게 해야 하나요?,주문,주문하기,저희 쇼핑에 관심을 가져주셔서 감사합니다! 이 과정에 도움을 드리게 되어 기쁘게 생각합니다. 시작하려면 당사 웹사이트를 방문하여 다양한 품목을 찾아보세요. 구매하려는 품목을 찾았으면 장바구니에 추가하기만 하면 됩니다. 절차 중 언제든지 질문이 있거나 도움이 필요한 경우 언제든지 당사 고객 서비스 팀에 문의하시기 바랍니다. 그들은 연중무휴 24시간 이용 가능하며 모든 단계를 기꺼이 안내해 드릴 것입니다. 즐거운 쇼핑하세요!
BILMQZ,여러 물품을 구입할 수 있는 곳,주문,주문하기,당사의 여러 제품 구매에 관심을 가져주셔서 감사합니다! 구매에 적합한 장소를 찾는 데 도움을 드릴 수 있도록 고객님이 찾고 있는 특정 품목을 알려주시겠습니까? 이를 통해 고객님께 가장 적합한 옵션을 안내하고 필요한 정보를 제공하여 고객님이 안심하고 구매를 완료할 수 있습니다.
BCL,제품을 주문하고 싶은데 도움이 필요해요,주문,주문하기,주문에 도움이 되도록 연락해 주셔서 감사합니다. 저희는 고객님께 절차를 안내하고 원활하고 만족스러운 경험을 보장하기 위해 왔습니다. 시작하려면 주문하려는 특정 제품과 기타 세부 정보 또는 궁금한 사항을 알려주십시오. 저희는 고객님이 필요한 것을 정확하게 얻을 수 있도록 도와드리고 있습니다.
BLM,여러 제품을 쇼핑하는 데 도움이 됩니다.,주문,주문하기,당사의 여러 제품을 쇼핑하는 데 도움을 주기 위해 연락해 주셔서 감사합니다. 고객님의 구매에 도움을 드리게 되어 기쁘게 생각합니다. 먼저 관심 있는 특정 제품에 대한 자세한 내용을 제공해 주시겠습니까? 이를 통해 당사는 고객님께 맞춤형 추천을 제공하고 원활한 쇼핑 경험을 보장할 수 있습니다. 고객님의 구매를 도와드리겠습니다!
BLMQ,여러개의 물건을 주문하려고 합니다,주문,주문하기,문의해 주셔서 감사합니다! 여러 품목을 주문하는 데 관심을 가져주셔서 감사합니다. 효율적으로 도움을 드릴 수 있도록 관심 있는 기사의 구체적인 세부정보를 제공해 주시겠습니까? 이 정보를 통해 저는 고객님께 주문 과정을 원활하게 안내하고 고객님이 우리와 함께 즐겁고 성공적인 경험을 할 수 있도록 할 것입니다.
BILM,고객님의 기사를 구입하려면 어떻게 해야 합니까?,주문,주문하기,"우리 기사의 일부 구매에 관심을 가져주셔서 감사합니다! 구매하려면 다음의 간단한 단계를 따르세요. 1. 당사 웹사이트/카탈로그를 탐색하여 구매하려는 품목을 찾으십시오. 2. 관심 있는 기사를 클릭하면 사용 가능한 세부 정보와 옵션을 볼 수 있습니다. 3. 원하는 수량, 크기, 색상 또는 기타 관련 옵션을 선택합니다. 4. ""장바구니에 추가"" 버튼을 클릭하여 선택한 품목을 장바구니에 추가하세요. 5. 장바구니에 있는 품목을 검토하여 모든 것이 올바른지 확인하세요. 6. 구매 절차를 시작하려면 결제 페이지로 이동하세요. 7. 주소, 결제 방법 등 필요한 배송 및 청구 정보를 제공하세요. 8. 주문 요약을 검토하고 필요한 사항을 조정합니다. 9. 만족스러우면 ""주문하기"" 버튼을 클릭하여 구매를 완료하세요. 10. 구매 세부정보가 포함된 주문 확인 이메일을 받게 됩니다. 진행 중에 어려움이 있거나 궁금한 점이 있으면 언제든지 고객 지원팀에 문의하세요. 저희는 고객님을 도와 원활하고 즐거운 쇼핑 경험을 보장하기 위해 왔습니다. 즐거운 쇼핑되세요!"
BCILM,여러 물품을 구해야 하는데 도움을 받을 수 있나요?,주문,주문하기,"문의해 주셔서 감사합니다! 여러 기사를 구입하려는 고객님의 결심이 느껴지며 고객님께 필요한 지원을 제공해 드리겠습니다. 여러 아이템을 획득하는 것은 참으로 부담스러울 수 있으며, 조언을 구해주신 것에 감사드립니다. 원활하고 만족스러운 경험을 보장하려면 추가 정보가 필요합니다. 구입하고 싶은 특정 기사를 공유해 주시겠습니까? 이를 통해 맞춤형 권장 사항과 단계별 지침을 제공할 수 있습니다. 고객님의 획득 과정을 원활하고 즐겁고 보람있게 만들기 위해 함께 노력합시다."
BILM,일부 제품은 어디서 구입할 수 있나요?,주문,주문하기,당사 제품 구입에 관심을 가져주셔서 감사합니다! 저는 고객님이 구매하기에 가장 적합한 장소를 찾는 데 도와드리겠습니다. 당사의 공식 웹사이트를 통해 당사 제품을 직접 검색하고 주문할 수 있습니다. 또한 고객님의 위치 근처에 당사 제품을 찾을 수 있는 공인 소매점이나 실제 매장이 있는지 확인할 수도 있습니다. 고객님의 위치를 알려주시면 고객님이 관심 있는 제품을 구입할 수 있는 가장 가까운 장소를 찾는 데 도움을 드릴 수 있습니다.
BK,구매하다,주문,주문하기,연락주시고 구매 의사를 표현해주셔서 감사합니다. 저는 모든 단계에서 고객님을 도와드리고 고객님의 구매 경험이 편리하고 만족스러울 수 있도록 최선을 다해 도와드리겠습니다. 구매를 진행하려면 구매하려는 품목의 세부정보를 알려주시기 바랍니다. 이를 통해 제가 고객님께 절차를 안내하고 필요한 정보나 지원을 제공할 수 있습니다. 고객님의 구매를 원활하고 즐거운 경험으로 만들어 드리겠습니다!
BCILMQZ,고객님의 제품 중 일부를 구입해야 하는데 도움을 좀 받을 수 있을까요?,주문,주문하기,당사 제품 구매에 관심을 가져주셔서 감사합니다! 저는 고객님이 구매하는 데 필요한 도움을 제공해 드리겠습니다. 고객님의 요구 사항을 더 잘 이해할 수 있도록 고객님이 구입하려는 특정 제품을 알려주시겠습니까? 세부정보를 제공해 주시면 절차를 쉽게 안내해 드리고 원활하고 만족스러운 쇼핑 경험을 보장해 드리겠습니다.
BILP,어디서 뭔가를 얻을 수 있나요?,주문,주문하기,"저는 고객님의 호기심과 무언가를 얻고자 하는 열의를 느끼며, 저는 그 욕구를 충족시키는 것을 돕기 위해 여기에 있습니다. 저희 웹사이트는 고객님이 다양한 제품을 탐색하고 구매할 수 있는 완벽한 장소입니다. 몇 번의 클릭만으로 다양한 카테고리의 다양한 항목에 액세스할 수 있습니다. 또한 당사의 전담 고객 서비스 팀이 고객님의 쇼핑 여정 전반에 걸쳐 도움을 드릴 수 있습니다. 고객님이 가질 수 있는 질문이나 우려 사항을 해결하기 위해 언제든지 연락하실 수 있습니다. 그러니 계속해서 저희 웹사이트를 탐색하여 고객님이 주시하고 있던 것을 얻으십시오!"
BELP,기사를 어떻게 구입할 수 있는지 모르겠습니다.,주문,주문하기,기사 구매에 대한 안내를 위해 전화를 걸어주셔서 감사합니다. 저는 그 과정을 도와드리기 위해 왔습니다. 먼저 관심 있는 기사에 대한 자세한 내용을 알려주시겠습니까? 세부 사항을 알게 되면 단계별로 안내하여 고객님의 구매 경험을 원활하고 즐겁게 만들어 드릴 수 있습니다.
BZ,뭔가 사려면 어떻게 해야할지 모르겠어요,주문,주문하기,"연락해주셔서 기뻐요! 저는 고객님이 무언가를 구매하는 과정에 대해 확신이 없다는 것을 분명히 알고 있습니다. 걱정하지 마세요. 단계를 안내하는 데 도와드리겠습니다. 먼저, 구입하고 싶은 제품에 대한 자세한 내용을 알려주시겠어요? 고객님의 요구 사항을 명확하게 이해한 후 구매 진행 방법을 안내해 드릴 수 있습니다."
BL,물품 주문에 도움이 필요합니다,주문,주문하기,기사를 주문하는 데 도움이 필요하다는 의사를 표명하고 연락해주셔서 다행입니다. 저는 이 과정을 최대한 원활하고 즐겁게 만들기 위해 왔습니다. 주문하고 싶은 품목에 대한 자세한 내용을 알려주시겠습니까? 이렇게 하면 필요한 단계를 안내하고 원활한 구매 경험을 보장하는 데 도움이 됩니다.
BLMQ,일부 제품을 쇼핑하는 데 도움이 필요합니다,주문,주문하기,당사 제품 쇼핑에 관심을 가져주셔서 감사합니다! 고객님은 도움을 받을 수 있는 올바른 장소에 왔습니다. 시작하려면 쇼핑하고 싶은 특정 제품에 대한 자세한 내용을 알려주시겠어요? 고객님의 선호도와 요구 사항을 아는 것은 고객님의 쇼핑 경험이 고객님의 필요에 맞게 조정되는지 확인하는 데 도움이 됩니다. 이 과정이 원활하고 즐겁고 보람있게 이루어질 수 있도록 함께 노력합시다.
BLM,고객님의 제품 중 일부를 주문하려고 합니다.,주문,주문하기,저희 제품 주문에 관심을 가져주셔서 감사합니다! 우리를 선택해 주셔서 감사합니다. 더 나은 도움을 드릴 수 있도록 주문하려는 제품의 세부정보를 알려주시겠어요? 이 정보는 주문 과정을 원활하고 효율적으로 안내하는 데 필요합니다.
BLMZ,저는 고객님의 기사 중 일부를 얻고 싶습니다,주문,주문하기,"여러 기사를 구입하는 데 관심을 가져주셔서 감사합니다! 고객님의 구매를 도와드리게 되어 기쁘게 생각합니다. 시작하려면, 얻으려는 특정 기사에 대한 자세한 내용을 알려주시겠습니까? 이를 통해 제가 고객님을 보다 효과적으로 지원하고 고객님께 필요한 정보와 옵션을 제공할 수 있을 것입니다."
BELMQ,고객님 제품 몇 개를 어떻게 쇼핑할 수 있는지 모르겠어요,주문,주문하기,"당사 제품 중 일부를 쇼핑하는 데 있어 불확실한 점에 대해 문의해 주시고 표현해 주셔서 감사합니다. 저는 고객님이 이 과정을 진행하는 데 도움을 드리고자 왔습니다. 먼저, 당사 플랫폼의 쇼핑 경험은 사용자 친화적이고 번거롭지 않도록 설계되었음을 다시 한번 말씀드립니다. 시작하려면 당사 웹사이트를 방문하여 당사가 제공하는 다양한 제품을 찾아보세요. 관심 있는 제품을 찾은 후 해당 제품을 클릭하면 자세한 내용을 볼 수 있습니다. 구매와 관련하여 특정 질문이 있거나 도움이 필요한 경우 당사 고객 지원팀에서 지침과 지원을 받으실 수 있습니다. 당사 웹사이트의 라이브 채팅을 통해 연락하거나 업무 시간 동안 전화로 연락할 수 있습니다. 안심해 주세요. 고객님의 쇼핑 경험이 원활하고 즐거운지 확인하겠습니다."
BCILM,여러 가지 상품을 벌어야 하는데 어떻게 해야 하나요?,주문,주문하기,"다양한 제품 획득에 관심을 가져주셔서 감사합니다! 저희는 고객님이 이를 달성하는 데 도움이 되는 다양한 옵션을 제공합니다. 한 가지 방법은 구매 시마다 포인트를 적립하고 해당 포인트를 제품으로 교환할 수 있는 로열티 프로그램에 참여하는 것입니다. 또 다른 방법은 친구에게 저희 회사를 추천해 주고, 친구가 구매하면 포인트를 적립하거나 할인을 받을 수 있는 것입니다. 또한 당사는 특정 기준을 충족하거나 최소 구매를 통해 제품을 얻을 수 있는 프로모션 및 특별 제안을 제공하는 경우가 많습니다. 당사의 고객 서비스 팀은 고객님을 추가로 지원하고 고객님이 원하는 제품을 얻을 수 있는 방법에 대한 자세한 내용을 제공하기 위해 항상 대기하고 있습니다. 이것이 실현될 수 있도록 함께 노력합시다!"
BLMQ,여러 기사를 구매하는 데 도움이 필요합니다,주문,주문하기,"여러 제품 구매에 도움이 필요하다고 연락해 주셔서 감사합니다! 저는 고객님께 그 과정을 안내하고 원활하고 즐거운 경험이 되도록 하기 위해 왔습니다. 시작하려면 어떤 특정 기사에 관심이 있는지 알려주시겠어요? 해당 정보를 통해 가용성, 가격, 적용 가능한 특별 제안 등 필요한 모든 세부 정보를 제공할 수 있습니다. 함께, 저희는 고객님이 완벽한 품목을 찾고 최대한 만족스럽게 구매를 완료할 수 있도록 보장할 것입니다."
BLZ,기사를 사야겠어요,주문,주문하기,문의해 주셔서 감사합니다! 고객님의 구매에 도움을 드리게 되어 기쁘게 생각합니다. 고객님의 요구 사항을 더 잘 이해할 수 있도록 관심 있는 특정 기사에 대한 자세한 내용을 제공해 주시겠습니까? 이를 통해 절차를 안내하고 원활한 쇼핑 경험을 보장할 수 있습니다.
BELM,여러개의 물품을 어떻게 구매하는지 모르겠습니다,주문,주문하기,"문의해 주셔서 감사합니다! 여러 품목을 구매하는 과정에 대해 확신이 없으시다면 제가 도와드리겠습니다. 최대한 원활하게 구매하실 수 있도록 단계를 안내해 드리겠습니다. 먼저, 당사 웹사이트를 탐색하고 다양한 카테고리를 탐색하거나 관심 있는 특정 기사를 검색할 수 있습니다. 구매하려는 품목을 찾은 후 장바구니에 추가하기만 하면 됩니다. 그런 다음 결제 페이지로 이동하여 주문을 검토하고 배송 및 결제 세부정보를 입력하세요. 마지막으로 주문을 확인하면 모든 준비가 완료됩니다! 도중에 어려움을 겪거나 궁금한 점이 있으면 언제든지 고객 서비스 팀에 문의하여 도움을 받으세요. 저희는 고객님의 쇼핑 경험이 즐겁고 번거롭지 않도록 보장하기 위해 왔습니다. 즐거운 쇼핑하세요!"
BLM,고객님의 기사 중 일부를 구입할 수 있도록 도와주세요,주문,주문하기,문의해 주셔서 감사합니다! 우리 제품 중 일부를 구매하는 데 도움을 드리게 되어 기쁘게 생각합니다. 완벽한 품목 선택부터 안전한 주문까지 전체 과정을 안내해 드립니다. 시작하려면 어떤 특정 기사에 관심이 있는지 알려주시겠어요? 해당 정보를 받으면 필요한 모든 세부 정보를 제공하고 원활하고 만족스러운 쇼핑 경험을 보장해 드리겠습니다.
BLMQZ,나 물건 좀 사야겠어,주문,주문하기,고객님의 메시지에 감사드립니다! 고객님이 일부 제품을 구매해야 한다는 것은 분명합니다. 저는 고객님의 쇼핑 요구 사항을 충족하는 데 있어 모든 단계에서 도움을 드리기 위해 여기 있습니다. 관심 있는 제품에 대한 자세한 내용을 알려주시겠습니까? 이렇게 하면 구매 과정을 안내하고 원활한 경험을 보장하는 데 도움이 됩니다.
BILM,기사는 어디서 얻을 수 있나요?,주문,주문하기,"우리 기사의 일부를 얻는 데 관심을 가져 주셔서 감사합니다! 저희는 고객님이 보상이나 할인을 받을 수 있는 다양한 기회와 프로그램을 제공합니다. 당사 웹사이트를 방문하여 ""보상"" 또는 ""수입"" 섹션으로 이동하여 선택한 물품을 교환하기 위한 포인트나 크레딧을 적립할 수 있는 다양한 방법을 알아보세요. 도움이 필요하거나 당사의 적립 프로그램에 대해 구체적인 질문이 있는 경우 연중무휴 24시간 이용 가능한 고객 지원팀([고객센터전화번호]) 또는 당사 웹사이트([웹사이트/메뉴])의 라이브 채팅을 통해 언제든지 문의하세요. 저희는 고객님이 기사를 얻기 위한 여정이 흥미롭고 보람 있고 잘 안내되도록 보장하기 위해 왔습니다."
BLM,고객님의 기사 중 일부를 얻어야 해요,주문,주문하기,우리 기사 중 일부를 구입하는 데 관심을 보여주셔서 감사합니다. 이 흥미로운 노력에 도움을 드리게 되어 기쁘게 생각합니다. 가능한 최고의 경험을 제공할 수 있도록 고객님이 얻으려는 특정 기사에 대한 자세한 내용을 제공해 주시겠습니까? 이를 통해 저희는 권장 사항을 맞춤화하고 절차를 원활하게 안내할 수 있습니다.
BLM,여러 아이템을 획득할 수 있도록 지원,주문,주문하기,여러 품목 구입에 관심을 가져주셔서 감사합니다! 저는 고객님이 이 일을 실현하는 데 필요한 도움을 제공해 드리겠습니다. 먼저 관심 있는 특정 항목에 대한 자세한 내용을 알려주시겠습니까? 이를 통해 제가 고객님께 해당 항목을 획득하는 과정을 안내하여 원활하고 보람있는 경험을 보장할 수 있습니다.
BLMQ,고객님 제품을 여러 개 주문해야 해요,주문,주문하기,구매를 고려해 주셔서 감사합니다! 우리 컬렉션의 여러 제품을 주문하는 데 도움을 드리게 되어 기쁘게 생각합니다. 원활한 진행을 위해 관심 있는 제품의 구체적인 세부정보를 알려주시겠어요? 정보가 확보되면 각 단계를 명확하게 안내하고 고객님의 쇼핑 경험이 유익하고 만족스러울 수 있도록 보장해 드리겠습니다.
BKLZ,물건을 사다,주문,주문하기,우리 제품 구매에 관심을 가져주셔서 감사합니다! 고객님의 요구 사항에 맞는 완벽한 품목을 찾는 데 도움을 드리게 되어 기쁘게 생각합니다. 구입하려는 품목에 대한 자세한 내용을 제공해 주시겠습니까? 이는 당사가 고객님께 절차를 안내하고 원활하고 만족스러운 쇼핑 경험을 보장하는 데 도움이 될 것입니다.
BLM,여러 제품 구매 지원,주문,주문하기,"문의해 주셔서 감사합니다! 저는 고객님이 당사 제품 중 일부를 구매하는 데 필요한 도움을 제공해 드리겠습니다. 먼저, 당사의 다양한 제품을 살펴보기로 한 고객님의 결정에 감사드립니다. 고객님께 딱 맞는 제품을 찾을 수 있도록 몇 가지 세부정보를 제공해 주시겠습니까? 관심 있는 제품의 구체적인 카테고리나 유형을 알려주시면 선택 및 구매 과정을 안내해 드립니다. 저희는 함께 이 쇼핑 경험을 즐겁고 만족스럽게 만들 것입니다."
BLMZ,고객님의 제품 중 여러 가지를 얻으십시오,주문,주문하기,다양한 당사 제품 구입에 관심을 가져주셔서 감사합니다! 저희는 이에 대해 기꺼이 도와드리겠습니다. 구매를 진행하려면 어떤 특정 제품에 관심이 있는지 알려주시면 단계별로 절차를 안내해 드리겠습니다. 저희는 여러 아이템을 획득하는 경험이 원활할 뿐만 아니라 고객님께 힘을 실어줄 수 있도록 최선을 다하고 있습니다. 고객님이 갖고 있는 선호 사항이나 요구 사항을 자유롭게 공유해 주시면 그에 따라 지침을 맞춤화해 드리겠습니다. 원하는 제품을 얻기 위한 멋진 여정을 함께 만들어 보세요!
BILMQ,고객님 제품 몇 개는 어디서 주문할 수 있나요?,주문,주문하기,"물론입니다! 고객님이 당사 제품 중 일부를 주문하는 데 관심을 가져주셔서 매우 기쁩니다. 쉽고 편리한 경험을 위해 당사 웹사이트 [웹사이트/메뉴]를 방문하는 것이 좋습니다. 다양한 제품을 살펴보고, 원하는 제품을 선택하고, 손쉽게 주문 절차를 진행할 수 있습니다. 저희 웹사이트는 원활한 쇼핑 경험을 제공하여 고객님이 필요한 모든 정보를 손쉽게 얻을 수 있도록 설계되었습니다. 주문 시 질문이 있거나 추가 지원이 필요한 경우 당사 고객 지원팀 [운영시간/기간]에서 실시간 지원을 받으실 수 있습니다. 즐거운 쇼핑하세요!"
BLMZ,고객님의 제품 중 여러 가지를 얻으려면,주문,주문하기,다양한 당사 제품 구매에 관심을 가져주셔서 감사합니다! 저는 고객님의 목표를 달성하는 가장 좋은 방법을 찾는 데 도움을 주기 위해 왔습니다. 시작하려면 관심 있는 특정 제품에 대한 자세한 내용을 알려주시겠습니까? 해당 정보가 확보되면 해당 제품을 획득하는 데 가장 적합한 옵션을 안내해 드릴 수 있습니다. 고객님의 수익 창출 경험이 보람있고 성공적이 되도록 함께 노력합시다!
BCLMQ,몇 가지 물건을 구해야 해요. 도움이 필요해요,주문,주문하기,우리가 도와드리겠습니다! 일부 아이템을 획득하는 데 도움이 필요하다는 점을 알려드립니다. 저는 모든 단계에서 고객님을 돕기 위해 여기 있습니다. 고객님이 획득하려는 특정 아이템에 대한 자세한 내용을 알려주시겠습니까? 제가 명확하게 이해한 후에는 절차를 안내하고 원활한 경험을 보장할 수 있습니다.
BLM,고객님의 상품 몇 개를 쇼핑하려면 어떻게 해야 하는지 모르겠습니다.,주문,주문하기,"도와주셔서 영광입니다! 고객님께서 당사 제품을 쇼핑하는 과정에 대해 확신이 없으실 수도 있다는 점을 잘 알고 있습니다. 걱정하지 마세요. 제가 단계별로 안내하고 원활한 경험을 제공해 드리겠습니다. 시작하려면 온라인 카탈로그를 탐색하여 당사가 제공하는 다양한 제품을 탐색할 수 있습니다. 구매하려는 품목을 찾았으면 장바구니에 추가하기만 하면 됩니다. 구매를 완료할 준비가 되면 결제 페이지로 이동하여 배송 및 결제 정보를 입력하라는 메시지가 표시됩니다. 도중에 어려움을 겪거나 구체적인 질문이 있는 경우, 주저하지 말고 문의해 주세요. 저는 고객님을 도와드리고 고객님의 쇼핑 경험이 즐겁고 성공적이도록 보장하기 위해 왔습니다. 시작해 봅시다!"
BILM,일부 제품을 어떻게 주문할 수 있나요?,주문,주문하기,"저희 제품 주문에 관심을 가져주셔서 감사합니다! 절차를 안내하고 최대한 원활하고 즐겁게 진행하게 되어 기쁩니다. 주문하려면 당사 웹사이트를 방문하거나 고객 서비스 팀에 문의하세요. 당사 웹사이트에서 제품을 탐색하고, 주문하려는 제품을 선택한 후 장바구니에 추가하세요. 그런 다음 결제 페이지로 이동하여 주문을 검토하고 배송 정보를 입력하고 결제 방법을 선택할 수 있습니다. 추가 지원이 필요하거나 주문 과정에 대한 특정 질문이 있는 경우 당사 고객 서비스 팀이 기꺼이 도와드릴 것입니다. [운영시간/기간]([고객센터전화번호]) 또는 당사 웹사이트([웹사이트/메뉴])의 라이브 채팅을 통해 이용 가능합니다. 저희는 고객님께 서비스를 제공하고 고객님의 주문을 이행하기를 기대합니다!"
BLM,여러 물품을 구하려고 합니다,주문,주문하기,문의해 주셔서 감사합니다! 우리로부터 여러 기사를 구입하는 데 관심을 가져주셔서 감사합니다. 저는 이 과정 전반에 걸쳐 고객님을 돕기 위해 여기 있다는 것을 확신합니다. 더 나은 안내를 위해 고객님이 찾고 있는 특정 기사에 대한 자세한 내용을 제공해 주시겠습니까? 이를 통해 고객님께 가장 정확하고 맞춤화된 지원을 제공할 수 있습니다.
BLMQ,고객님의 기사 중 몇 개를 구입하려면 도움이 필요해요,주문,주문하기,문의해 주셔서 감사합니다! 당사의 여러 제품 구매에 관심을 가져주셔서 감사합니다. 안심하세요. 저는 고객님의 구매 과정을 원활하고 보람있게 만드는 데 필요한 도움을 제공해 드리겠습니다. 관심 있는 특정 기사에 대한 추가 정보를 제공해 주시겠습니까? 이렇게 하면 단계를 안내하고 처음부터 끝까지 원활한 경험을 보장할 수 있습니다.
BLP,어떻게 주문할 수 있는지 모르겠어요,주문,주문하기,문의해 주셔서 감사합니다! 주문 과정에 대해 확신이 없는 것은 충분히 이해할 수 있습니다. 걱정하지 마십시오. 원활하게 탐색할 수 있도록 도와드리겠습니다. 시작하려면 어떤 특정 품목을 주문하고 싶은지 알려주시겠어요? 해당 정보가 확보되면 원활하고 만족스러운 주문 경험을 보장하기 위한 단계별 안내를 제공해 드릴 수 있습니다.
BILM,고객님의 물건 몇 개를 어떻게 쇼핑하나요?,주문,주문하기,당사의 몇 가지 품목 쇼핑에 관심을 가져주셔서 감사합니다! 저는 고객님께 절차를 안내하고 가능한 한 원활하게 진행되도록 하려고 왔습니다. 시작하려면 온라인 카탈로그를 찾아보고 구매하려는 품목을 장바구니에 추가하세요. 계속할 준비가 되면 결제 페이지로 이동하여 배송 및 결제 정보를 입력하라는 메시지가 표시됩니다. 염두에 두고 있는 특정 항목이 있거나 권장 사항이 필요한 경우 언제든지 알려주시면 기꺼이 도와드리겠습니다. 우리와 함께 즐거운 쇼핑 경험을 만들어보세요!
BELM,고객님의 아이템을 여러 개 획득하는 방법을 모르겠습니다,주문,주문하기,"고객님의 정직함에 감사드리며 도움을 요청하기 위해 저희에게 연락해 주셨습니다. 여러 아이템을 획득하는 것은 보람 있는 경험이 될 수 있으며, 제가 그 과정을 안내해 드리겠습니다. 우리가 이용할 수 있는 다양한 프로그램과 기회를 살펴보는 것부터 시작해 보겠습니다. 관심 있는 특정 항목과 해당 항목을 얻기 위해 이전에 시도한 항목에 대한 자세한 내용을 알려주시겠습니까? 이 정보는 고객님의 목표 달성에 도움이 되는 맞춤형 조언과 지원을 제공하는 데 도움이 될 것입니다."
BCLMP,고객님의 기사 중 일부를 쇼핑하고 싶습니다. 도움이 필요합니다,주문,주문하기,문의해 주셔서 감사합니다! 우리 컬렉션의 여러 품목을 쇼핑하고 싶어하는 고객님의 열정을 느낄 수 있습니다. 걱정하지 마십시오. 저는 고객님께 필요한 도움을 제공해 드리겠습니다. 원활한 쇼핑 경험을 보장하기 위해 고객님이 관심을 갖고 있는 특정 기사가 무엇인지 알 수 있습니까? 해당 정보를 통해 과정을 안내하고 원하는 물품을 획득하는 데 도움을 드릴 수 있습니다.
BL,상품 구매에 도움이 필요합니다,주문,주문하기,"상품 구매에 도움을 주셔서 감사합니다. 원활한 구매 경험을 하실 수 있도록 도와드리겠습니다. 정확한 안내를 위해 관심 있는 항목에 대한 자세한 내용을 공유해 주실 수 있나요? 이를 통해 가용성, 가격, 구매 완료 단계 등 필요한 정보를 제공할 수 있습니다."
BLMQZ,여러 기사를 얻으려면 도움이 필요합니다,주문,주문하기,우리로부터 여러 기사를 얻는 데 관심을 표명해 주셔서 감사합니다. 고객님이 원하는 물품을 얻을 수 있는 최선의 방법을 찾는 데 도움을 드리게 되어 기쁘게 생각합니다. 고객님의 요구 사항을 더 잘 이해할 수 있도록 고객님이 얻고자 하는 특정 기사에 대한 자세한 내용을 제공해 주시겠습니까? 이 정보가 있으면 절차를 안내하고 사용 가능한 다양한 옵션을 탐색할 수 있습니다. 이러한 기사를 획득하는 것이 원활하고 보람 있는 경험이 될 수 있도록 함께 노력합시다.
BLMQ,물건을 좀 구해야 해요,주문,주문하기,"우리로부터 기사를 얻는 데 관심을 가져주셔서 감사합니다! 고객님의 필요에 맞는 완벽한 품목을 찾는 데 도움을 드리게 되어 기쁘게 생각합니다. 먼저, 고객님이 찾고 있는 특정 기사에 대한 자세한 내용을 알려주시겠습니까? 이렇게 하면 옵션 범위를 좁히고 맞춤 추천을 제공할 수 있습니다."
BLM,일부 아이템 획득에 도움,주문,주문하기,"필요한 품목을 구입하실 수 있도록 도와드리게 되어 기쁘게 생각합니다! 저희의 목표는 고객님의 쇼핑 경험을 원활하고 즐겁게 만드는 것입니다. 이름, 수량, 기타 관련 정보 등 구매에 관심이 있는 품목의 구체적인 세부정보를 알려주시기 바랍니다. 이러한 세부정보를 통해 절차를 안내하고 구매를 성공적으로 완료할 수 있도록 도와드리겠습니다. 시작해 봅시다!"
BLMZ,여러 항목을,주문,주문하기,여러 품목 주문에 관심을 가져주셔서 감사합니다! 저는 고객님의 구매 과정의 모든 단계를 도와드리기 위해 여기 있습니다. 원활하고 편리한 절차를 보장하기 위해 주문하려는 특정 품목에 대한 자세한 내용을 알려주시겠습니까? 이를 통해 저는 고객님께 맞춤형 추천을 제공하고 고객님의 요구 사항을 최대한 만족시킬 수 있도록 보장할 수 있습니다.
BLQZ,물품을 구입하는 데 도움을 원합니다,주문,주문하기,고객님의 문의에 감사드리며 기사를 얻는 데 도움을 주고 싶다는 의사를 표명해 주셔서 감사합니다. 저는 고객님께 절차를 안내하고 원활한 경험을 보장하기 위해 왔습니다. 고객님이 구입하고 싶은 특정 기사에 대한 자세한 내용을 알려주시겠습니까? 이 정보를 통해 저는 고객님께 맞춤형 권장 사항과 구매 단계를 제공할 수 있습니다.
BELM,고객님의 기사 중 일부를 주문하는 방법을 모르겠습니다,주문,주문하기,도와주셔서 영광입니다! 저는 온라인 주문이 때때로 부담스러울 수 있다는 사실을 알고 있습니다. 특히 그 과정에 익숙하지 않은 경우에는 더욱 그렇습니다. 하지만 걱정하지 마세요. 제가 단계별로 안내해 드리겠습니다. 몇 가지 기사를 주문하는 데 도움이 되도록 웹사이트를 확인해 보세요. 선택할 수 있는 다양한 제품을 만나보실 수 있습니다. 주문하려는 품목을 선택한 후 장바구니에 추가하기만 하면 됩니다. 여기에서 결제 페이지로 이동하면 연락처 및 배송 정보를 입력하라는 메시지가 표시됩니다. 마지막으로 주문 내용을 검토하고 결제를 완료하세요. 궁금한 점이 있거나 도움이 필요한 경우 언제든지 문의해 주세요. 저는 고객님의 주문 경험을 원활하고 쉽게 만들기 위해 왔습니다.
BIL,뭔가를 벌 수 있습니까?,주문,주문하기,"문의해주셔서 감사합니다! 저희의 주요 초점은 구매할 제품을 제공하는 것이지만, 고객님이 보상이나 할인을 받는 데 도움이 될 수 있는 몇 가지 프로그램과 기회도 있습니다. 이러한 프로그램은 고객님의 위치와 관심 있는 특정 제품에 따라 달라질 수 있습니다. 저는 고객님께 추가 지원을 제공하고 고객님이 우리를 통해 수익을 창출할 수 있는 방법에 대한 추가 정보를 제공해 드리겠습니다. 옵션을 함께 살펴보겠습니다!"
BL,물건 주문 도와주세요,주문,주문하기,상품 주문에 도움을 주셔서 감사합니다. 저는 고객님께 그 과정을 단계별로 안내해 드리고자 왔습니다. 시작하려면 주문하려는 품목의 이름을 알려주시겠습니까? 이 정보를 통해 저는 고객님의 필요에 맞게 정확한 지침을 제공할 수 있습니다.
BILMQ,고객님 기사 몇 개는 어디서 쇼핑할 수 있나요?,주문,주문하기,"당사 기사 중 일부를 쇼핑하는 데 관심을 가져주셔서 감사합니다! 고객님께서 편리하게 구매하실 수 있도록 다양한 옵션이 준비되어 있습니다. 공식 웹사이트 [웹사이트/메뉴]에서 기사를 찾을 수 있으며, 여기서 광범위한 컬렉션을 탐색하고 눈길을 끄는 기사를 선택할 수 있습니다. 또한 다양한 도시에 실제 매장을 두고 있어 기사를 직접 탐색할 수 있습니다. 온라인 마켓플레이스를 선호하신다면 [기타정보]와 같은 플랫폼에서 이용 가능하게 된 것을 자랑스럽게 생각합니다. 저희는 소중한 고객에게 원활한 쇼핑 경험을 보장하기 위해 다양한 방법을 제공하기 위해 노력하고 있습니다. 고객님께 딱 맞는 기사를 찾는 데 추가 도움이 필요하면 알려주세요!"
BLMW,피묻은 제품을 좀 사야겠어,주문,주문하기,일부 제품을 구매하겠다는 의사를 표명해 주셔서 감사합니다. 저는 이 과정에서 고객님을 돕고 원활하고 즐거운 쇼핑 경험을 보장하기 위해 왔습니다. 관심 있는 특정 제품에 대한 자세한 내용을 알려주시겠습니까? 이렇게 하면 필요한 정보를 제공하고 올바른 구매를 할 수 있도록 안내하는 데 도움이 될 것입니다.
BLM,여러 제품을 구입하세요,주문,주문하기,"여러 제품 구매를 고려해 주셔서 감사합니다! 정말 훌륭한 결정이군요. 제가 그 과정을 안내해 드리겠습니다. 원활하고 성공적인 거래를 보장하기 위해 구매하려는 제품의 구체적인 세부정보를 알려주시기 바랍니다. 여기에는 제품 이름, 수량 및 고객님이 가질 수 있는 추가 선호 사항이 포함될 수 있습니다. 필요한 정보가 모두 확보되면 빠르고 쉽게 주문할 수 있도록 도와드리겠습니다."
BELM,고객님의 제품을 여러 개 구매하는 방법을 모르겠습니다.,주문,주문하기,"저희는 고객님을 위해 여기 있습니다! 고객님께서 당사 제품 중 일부를 구매하는 과정에 대해 확신이 없으신 것을 알고 있으며, 제가 도와드리겠습니다. 괜찮아요; 주문과정을 단계별로 안내해드리겠습니다. 시작하려면 어떤 특정 제품에 관심이 있는지 알려주시겠어요? 해당 정보가 확보되면 성공적인 구매 방법에 대해 필요한 모든 세부정보를 제공해 드릴 수 있습니다."
BLM,몇 가지 아이템을 획득하는 데 도움이 됩니다.,주문,주문하기,우리 품목 중 일부 구입에 관심을 가져주셔서 감사합니다! 저는 절차 전반에 걸쳐 고객님을 돕고 원활한 경험을 제공해 드리겠습니다. 시작하려면 획득하려는 항목의 구체적인 세부정보를 알려주시겠습니까? 해당 정보가 접수되면 구매를 진행하는 방법을 안내해 드리겠습니다.
BLMZ,일부 기사를 주문하는 데 도움,주문,주문하기,문의해 주셔서 감사합니다! 일부 품목을 주문하는 데 도움이 필요하다는 점을 충분히 이해합니다. 저는 고객님이 이 과정을 쉽게 진행할 수 있도록 도와드리기 위해 왔습니다. 시작하려면 주문하려는 품목의 구체적인 세부정보를 알려주시겠습니까? 정보가 확보되면 단계별로 안내하여 고객님의 주문 경험이 원활하고 만족스러울 수 있도록 도와드릴 수 있습니다.
BLMQZ,고객님의 기사 중 일부를 볼 수 있도록 도와주세요,주문,주문하기,우리 기사 중 일부를 구매하는 데 관심을 가져주셔서 감사합니다! 이 과정에서 최선을 다해 도와드리겠습니다. 시작하려면 구입하고 싶은 특정 품목을 알려주시겠어요? 해당 정보가 있으면 다음 단계를 쉽게 안내하고 원활한 구매 경험을 보장해 드릴 수 있습니다.
BLZ,구매를 하려면 어떻게 해야 하는지 모르겠습니다.,주문,주문하기,"구매에 관심을 가져주셔서 감사합니다! 필요한 단계에 대해 확신이 없는 것은 완전히 정상입니다. 원활하고 간편한 경험을 보장하기 위해 절차를 안내해 드리겠습니다. 구매를 시작하려면 다음과 같은 간단한 단계를 따르세요. 1. 당사 웹사이트나 카탈로그를 탐색하여 눈길을 끄는 품목을 찾으십시오. 2. 구매하려는 품목을 선택한 후 장바구니에 추가하세요. 3. 계속 진행할 준비가 되면 장바구니 아이콘을 클릭하거나 결제 페이지로 이동하세요. 4. 결제 시 주소, 연락처 등 배송 정보를 입력하라는 메시지가 표시됩니다. 5. 원하는 결제 방법을 선택하고 필요한 결제 세부정보를 입력하세요. 6. 주문 요약을 검토하여 품목, 수량, 총 비용을 포함한 모든 내용이 정확한지 확인하세요. 7. 마지막으로 ""주문하기"" 또는 ""구매 완료"" 버튼을 클릭하여 거래를 완료하세요. 도중에 어려움을 겪거나 궁금한 점이 있으면 주저하지 말고 고객 지원팀에 문의하세요. 저희는 고객님의 구매 여정의 모든 단계에서 고객님을 지원하기 위해 여기 있습니다. 즐거운 쇼핑하세요!"
BCILMP,"고객님의 아이템을 얻고 싶은데, 도와주실 수 있나요?",주문,주문하기,저희 상품에 관심을 가져주셔서 감사합니다! 해당 제품을 구입하는 데 도움을 드리게 되어 기쁘게 생각합니다. 어떤 특정 아이템을 얻고 싶은지 알 수 있나요? 자세한 내용을 알려주시면 절차를 효과적으로 안내하고 보람있는 경험을 보장할 수 있습니다. 목표를 현실로 만들 수 있도록 함께 노력합시다!
BLZ,구매를 도와주세요,주문,주문하기,전화를 걸어 구매와 관련해 도움을 요청해 주셔서 감사합니다. 때로는 그 과정이 부담스러울 수 있다는 점을 충분히 이해합니다. 하지만 걱정하지 마세요. 모든 단계를 안내해 드리기 위해 여기 있습니다. 먼저 구매하려는 특정 제품에 대한 자세한 내용을 알려주시겠습니까? 이렇게 하면 가장 정확하고 맞춤화된 안내를 제공하는 데 도움이 됩니다.
BLM,일부 품목을 주문하려면 도움이 필요합니다,주문,주문하기,기사 주문을 위한 플랫폼을 고려해 주셔서 감사합니다. 저는 고객님이 원활하게 주문하는 데 필요한 도움을 제공해 드리겠습니다. 먼저 관심 있는 특정 기사를 제공해 주시겠습니까? 해당 정보를 통해 절차를 안내하고 즐겁고 만족스러운 경험을 보장해 드릴 수 있습니다.
BELMQ,고객님의 제품 중 여러 가지를 어떻게 얻을 수 있는지 모르겠습니다,주문,주문하기,다양한 당사 제품 구매에 관심을 가져주셔서 감사합니다! 저는 고객님이 원하는 아이템을 얻을 수 있도록 과정을 안내하기 위해 왔습니다. 시작하려면 어떤 특정 제품에 관심이 있는지 알려주시면 해당 제품을 획득하는 방법에 대한 필수 정보를 제공해 드리겠습니다.
BILM,고객님의 품목 중 일부를 쇼핑할 수 있습니까?,주문,주문하기,문의해 주셔서 감사합니다! 몇 가지 품목을 쇼핑하는 데 도움을 드리게 되어 기쁩니다. 저희는 고객님이 선택할 수 있는 다양한 제품을 보유하고 있습니다. 관심 있는 특정 항목에 대한 자세한 내용을 알려주시겠습니까? 이렇게 하면 선택 과정을 안내하고 원활한 쇼핑 경험을 보장하는 데 도움이 됩니다.
BLMQ,여러 제품을 주문하려면 도움이 필요합니다,주문,주문하기,여러 제품을 주문하는 데 도움이 필요하다고 연락해주셔서 다행입니다. 저는 고객님께 절차를 안내하고 원활하고 성공적인 경험을 보장하기 위해 왔습니다. 시작하려면 주문하고 싶은 특정 제품의 세부정보를 알려주시기 바랍니다. 필요한 정보가 모두 확보되면 주문을 도와드리고 그 과정에서 궁금한 점이 있으면 답변해 드릴 수 있습니다.
BELMQ,고객님의 기사를 얻으려면 어떻게 해야 하는지 모르겠어요,주문,주문하기,"저는 고객님의 메시지에서 약간의 불확실성을 느꼈고, 기사를 획득하는 과정을 탐색하는 것이 얼마나 부담스러울 수 있는지 완전히 이해합니다. 안심하세요. 저는 각 단계를 안내해 드리고 즐겁고 보람있는 경험이 될 수 있도록 도와드리겠습니다. 시작하려면 관심 있는 기사를 지정해 주시겠습니까? 자세한 내용을 제공해 주시면 맞춤형 지원을 제공하고 절차를 더욱 명확하게 안내해 드릴 수 있습니다."
BLMQZ,고객님의 제품 중 일부를 얻을 수 있도록 지원,주문,주문하기,무슨 말인지 알겠습니다! 저는 고객님이 당사 제품 중 일부를 구입하는 데 관심이 있다는 것과 같은 입장입니다. 당사는 고객님이 당사 제품에 대해 보상이나 할인을 받을 수 있는 다양한 방법을 제공합니다. 관심 있는 특정 제품이나 참여하려는 보상 프로그램 유형에 대한 자세한 내용을 알려주시겠습니까? 이 정보를 통해 고객님이 원하는 제품을 얻는 데 가장 적합한 옵션을 안내해 드릴 수 있습니다.
BLM,고객님의 기사를 여러 개 구입하는 데 도움이 필요합니다,주문,주문하기,"여러 제품 구매에 도움을 받기 위해 저희에게 연락해주셔서 기쁩니다! 저희는 고객님이 이 과정을 원활하고 즐겁게 할 수 있도록 돕기 위해 왔습니다. 시작하는 데 도움이 되도록 관심 있는 특정 기사가 무엇인지 알려주시겠어요? 세부 정보가 확보되면 가격, 가용성 및 적용될 수 있는 특별 제안을 포함하여 필요한 정보를 제공할 수 있습니다. 저희는 고객님께 완벽한 기사를 찾기 위해 최선을 다하고 있으므로 고객님이 갖고 있는 특정 요구 사항이나 선호 사항을 자유롭게 공유하십시오. 함께 쇼핑 여행을 떠나보세요!"
BLM,아이템을 좀 얻어야 하는데,주문,주문하기,고객님의 의견을 들으니 반갑습니다! 몇몇 아이템을 획득해야 할 필요가 있는 것으로 보입니다. 저는 이 과정에서 고객님을 돕고 원활하고 만족스러운 경험을 보장하기 위해 왔습니다. 시작하려면 획득하려는 특정 항목에 대한 자세한 내용을 알려주시겠습니까? 이 정보는 고객님께 더 나은 안내를 제공하고 적절한 옵션을 제공하는 데 도움이 될 것입니다.
BCILM,여러 아이템을 획득해야 하는데 어떻게 해야 하나요?,주문,주문하기,우리로부터 여러 아이템을 얻는 데 관심을 가져주셔서 감사합니다! 저는 그 과정을 도와드리기 위해 왔습니다. 시작하려면 어떤 특정 항목에 관심이 있는지 알려주시겠어요? 해당 정보가 확보되면 해당 아이템을 성공적으로 획득할 수 있는 단계를 안내해 드릴 수 있습니다.
BELMZ,고객님의 기사를 여러 개 획득할 수 있는 방법을 모르겠습니다.,주문,주문하기,고객님의 의견은 소중합니다! 고객님이 당사의 여러 기사를 획득하는 과정에 대해 확신이 없다는 점을 확인했습니다. 여러 상품을 구매하는 방법을 안내해 드리겠습니다. 시작하려면 관심 있는 기사에 대한 자세한 내용을 제공해 주시겠습니까? 이를 통해 저는 고객님께 가장 정확하고 유용한 정보를 제공할 수 있을 것입니다.
BLM,몇 가지 품목을 쇼핑하는 데 도움,주문,주문하기,저희 제품 중 일부를 쇼핑하고 싶어 연락해 주시고 관심을 보여주셔서 감사합니다! 저는 고객님의 구매가 원활하고 즐거운 경험이 될 수 있도록 필요한 지원을 제공해 드리겠습니다. 시작하려면 쇼핑하려는 특정 품목에 대한 자세한 내용을 알려주시겠습니까? 이 정보를 얻으면 절차를 안내하고 원하는 것을 정확하게 찾을 수 있도록 도와드릴 수 있습니다.
BLMQ,일부 제품을 주문하는 데 도움이 필요합니다,주문,주문하기,고객님의 메시지에 감사드리며 당사 제품 주문에 대한 도움을 요청드립니다. 저는 고객님께 절차를 안내하고 원활한 경험을 제공해 드리겠습니다. 시작하려면 주문하고 싶은 특정 제품을 알려주시겠어요? 해당 정보가 확보되면 성공적으로 주문하는 방법에 대한 자세한 지침을 제공해 드릴 수 있습니다.
BCIL,기사를 벌어야 하는데 어떻게 할 수 있나요?,주문,주문하기,"우리로부터 기사를 얻는 데 관심을 가져주셔서 감사합니다! 저는 고객님께 그 과정을 안내하기 위해 왔습니다. 기사를 얻으려면 다음 단계를 따르세요. 1. 당사 웹사이트나 카탈로그를 탐색하여 얻고 싶은 기사를 찾으십시오. 2. 기사를 선택한 후, 제품 페이지에서 ""적립"" 또는 ""보상"" 탭을 클릭하세요. 3. 계정을 생성하거나 기존 계정에 로그인하라는 메시지가 표시됩니다. 4. 지침에 따라 기사 포인트를 획득하는 데 필요한 작업이나 활동을 완료하세요. 5. 충분한 포인트가 적립되면 해당 포인트를 기사로 교환할 수 있습니다. 6. 결제 과정을 진행하고 주문을 확인하세요. 특정 질문이 있거나 추가 지원이 필요한 경우 언제든지 알려주시기 바랍니다. 즐거운 수익을 얻으세요!"
BILQ,물건을 어떻게 구입하나요?,주문,주문하기,문의해 주셔서 감사합니다! 상품 구매 과정을 안내해 드리고자 왔습니다. 고객님의 편의를 위해 구매하려는 품목에 대한 자세한 정보를 제공해 주시겠습니까? 구체적인 내용을 파악한 후 구매 방법에 대한 단계별 지침을 제공해 드릴 수 있습니다.
BCLM,여러 아이템을 구입해야 하는데 도움이 필요해요,주문,주문하기,"여러 품목을 구입하는 데 도움을 요청해 주셔서 감사합니다. 여러 품목을 구매해야 한다는 점을 이해합니다. 저는 고객님의 구매 과정을 최대한 원활하고 효율적으로 진행하기 위해 왔습니다. 먼저, 획득하려는 아이템에 대한 자세한 내용을 알려주시겠습니까? 이를 통해 고객님의 필요에 맞게 안내를 맞춤화하고 성공적인 쇼핑 경험을 보장할 수 있습니다."
BLMQWZ,가 몇 가지 빌어먹을 물건을 쇼핑하길 원해,주문,주문하기,"우리 컬렉션의 여러 품목을 쇼핑하는 데 대한 고객님의 열정에 진심으로 감사드립니다! 필요한 것을 찾으려는 고객님의 결심은 칭찬할 만합니다. 최선의 도움을 드리기 위해 관심 있는 기사에 대한 추가 세부정보를 공유해 주시기 바랍니다. 특정 제품, 카테고리 또는 기타 기본 설정에 관계없이 고객님의 요구 사항에 맞게 안내해 드리겠습니다. 저희는 함께 이 쇼핑 경험을 기억에 남는 경험으로 만들 것입니다!"
BLMQ,고객님의 기사 중 일부를 쇼핑하는 데 도움이 필요해요,주문,주문하기,일부 기사 쇼핑에 관심을 가져주셔서 감사합니다! 저는 고객님이 최고의 구매를 하는 데 필요한 도움을 제공해 드리겠습니다. 시작하려면 어떤 특정 기사에 관심이 있는지 알려주시겠어요? 세부 사항을 파악한 후 쇼핑 과정을 안내해 드리며 원활하고 즐거운 경험이 되실 수 있도록 도와드리겠습니다.
BEMZ,여러 가지 물건을 사지 않으면 어떻게 해야 할지 모르겠어요,주문,주문하기,여러 품목을 구매하는 과정에 대해 불확실한 점에 대해 문의해 주셔서 감사합니다. 걱정하지 마세요. 제가 모든 단계에서 도움을 드리기 위해 여기 있습니다. 시작하려면 간단한 단계로 나누어 보겠습니다. 먼저 당사 제품 카탈로그를 살펴보고 구매하려는 품목을 선택해야 합니다. 선택을 완료한 후 결제 페이지로 이동하여 주문을 검토하고 결제 및 배송 세부정보를 입력할 수 있습니다. 마지막으로 구매를 확인하시면 짜잔! 모든 준비가 완료되었습니다. 추가 안내가 필요하거나 도중에 구체적인 질문이 있는 경우 주저하지 말고 문의해 주세요.
BLM,고객님의 제품을 여러 개 구입하고 싶습니다.,주문,주문하기,당사의 여러 제품 구매를 고려해 주셔서 감사합니다! 고객님의 열정은 전염성이 있습니다. 😊 더 나은 도움을 드리기 위해 어떤 특정 제품을 구입하고 싶은지 알려주실 수 있나요? 세부정보를 제공해 주시면 절차를 원활하게 안내해 드릴 수 있으며 각 구매가 만족과 기쁨을 드릴 수 있도록 하겠습니다.
BELQ,기사를 어떻게 구입할 수 있는지 모르겠어요,주문,주문하기,저희의 기사 구매에 관심을 가져주셔서 감사합니다! 절차가 혼란스러울 수 있다는 점을 이해하지만 걱정하지 마세요. 모든 단계에서 제가 도와드리겠습니다. 시작하는 데 도움이 되도록 구매하려는 제품에 대한 자세한 내용을 알려주시겠어요? 이렇게 하면 제가 구체적으로 안내해 드릴 수 있고 원활하고 즐거운 쇼핑 경험을 보장해 드릴 수 있습니다. 고객님께 딱 맞는 기사를 찾기 위해 함께 노력합시다!
BQWZ,빌어먹을 주문을 묻는 데 도움이 필요해,주문,주문하기,문의해 주셔서 감사합니다! 우리에게 주문하는 데 관심을 가져주셔서 감사합니다. 그러나 의사소통 시 부적절한 언어의 사용은 허용되지 않습니다. 저는 고객님의 구매를 돕기 위해 왔습니다. 주문 절차를 안내해 드리겠습니다. 관심 있는 품목을 알려주시면 주문을 원활하게 완료하는 데 필요한 지원을 제공해 드리겠습니다.
BLM,여러 제품을 얻으려면 도움이 필요합니다.,주문,주문하기,여러 제품을 구매하는 데 도움을 주신 메시지를 보내주셔서 감사합니다! 저는 고객님이 원하는 제품을 구입하는 과정을 도와드리기 위해 왔습니다. 고객님의 요구 사항을 더 잘 이해할 수 있도록 관심 있는 특정 제품에 대한 추가 정보를 제공해 주시겠습니까? 제가 명확하게 이해한 후에는 성공적으로 획득할 수 있는 단계를 안내해 드리겠습니다. 저희는 고객님이 보람 있고 만족스러운 경험을 할 수 있도록 함께 노력할 것입니다.
BLM,아이템을 여러 개 획득하세요,주문,주문하기,여러 품목 구입을 고려해 주셔서 감사합니다! 고객님의 주문을 이행하는 데 도움을 드리게 되어 기쁘게 생각합니다. 원활한 이용을 위해 획득하려는 아이템의 구체적인 세부정보를 제공해 주시기 바랍니다. 그러면 저희 팀이 절차를 안내하여 즐거운 여행이 될 것입니다. 시작해 봅시다!
BLM,여러 기사를 구매하는 데 도움을 주세요,주문,주문하기,바로 처리하겠습니다! 저는 여러 품목을 구매하는 데 도와드리겠습니다. 쇼핑에 대한 고객님의 열의는 정말 대단합니다. 고객님의 선택을 도와드릴 수 있어서 기쁩니다. 관심 있는 특정 기사의 세부정보를 알려주시면 원활한 쇼핑 경험을 함께 보장해 드리겠습니다.
BLM,아이템을 좀 구해야 해요,주문,주문하기,문의해 주셔서 감사합니다! 고객님이 어떤 아이템을 얻으려고 한다는 소식을 들으니 정말 기쁩니다. 저는 이 과정이 최대한 원활하고 보람있게 이루어질 수 있도록 도와드리려고 왔습니다. 관심 있는 항목에 대한 자세한 내용을 알려주실 수 있나요? 고객님이 갖고 있는 특정 선호 사항이나 요구 사항은 제가 고객님께 가능한 최상의 옵션을 안내하는 데 도움이 될 것입니다. 즐거운 쇼핑 경험을 선사할 수 있도록 함께 노력하겠습니다.
BILMZ,여러 기사를 어디서 구할 수 있나요?,주문,주문하기,여러 기사를 찾는 데 도움을 달라는 고객님의 메시지를 받았습니다! 고객님의 열정에 감사드리며 저는 고객님을 올바른 방향으로 안내하기 위해 왔습니다. 보다 편리한 쇼핑 경험을 위해 당사 온라인 매장 [웹사이트/메뉴]를 방문해 보시기 바랍니다. 거기에서 구매할 수 있는 다양한 품목을 찾을 수 있습니다. 추가 지원이 필요하거나 특정 요구 사항이 있는 경우 언제든지 저에게 알려주십시오. 성공적인 쇼핑 경험을 함께 하실 수 있도록 도와드리겠습니다.
BLMQZ,제품을 쇼핑하는 데 도움이 필요해요,주문,주문하기,"고객님의 메시지를 받게 되어 기쁘게 생각합니다! 일부 제품 쇼핑에 관심을 가져주셔서 감사합니다. 저는 고객님이 필요한 품목을 찾고 구매하는 데 도와드리겠습니다. 먼저, 고객님이 찾고 있는 특정 제품에 대한 자세한 내용을 알려주시겠습니까? 이 정보는 고객님의 요구 사항을 더 잘 이해하고 쇼핑 과정을 안내하는 데 도움이 됩니다."
BCILM,물건을 좀 구입해야 하는데 도와주실 수 있나요?,주문,주문하기,연락해주셔서 감사합니다! 저는 고객님이 일부 품목을 구매하는 데 도움이 필요하다는 것을 확실히 알고 있습니다. 기꺼이 도와드리겠습니다. 구매하려는 품목에 대한 자세한 내용을 알려주시겠습니까? 그렇게 하면 제가 과정을 안내해 드릴 수 있고 원활하고 만족스러운 경험을 보장해 드릴 수 있습니다.
BL,상품을 주문하려고 합니다,주문,주문하기,고객님의 메시지에 감사드리며 당사 제품 주문에 관심을 표명해 주셔서 감사합니다! 저는 이 과정을 도와드리기 위해 왔습니다. 최선의 안내를 제공할 수 있도록 주문하려는 특정 제품에 대한 자세한 내용을 제공해 주시겠습니까? 이 정보를 통해 맞춤형 지원을 제공하고 원활한 주문 경험을 보장할 수 있습니다.
BLM,일부 기사를 구입하는 데 도움,주문,주문하기,문의해 주셔서 감사합니다! 저는 고객님이 원하는 품목을 구매하는 데 필요한 모든 지원을 제공해 드리겠습니다. 시작하려면 관심 있는 특정 기사를 알려주시겠어요? 해당 정보가 확보되면 구매 과정을 안내해 드리고 원활하고 만족스러운 경험을 하실 수 있도록 도와드리겠습니다. 고객님께 꼭 맞는 기사를 함께 찾아보세요!
BELM,여러 품목을 구매하려면 어떻게 해야 하는지 모르겠습니다.,주문,주문하기,여러 상품 구매에 관심을 가져주셔서 감사합니다! 저는 고객님께 절차를 안내하고 원활한 경험을 보장하기 위해 왔습니다. 시작하려면 어떤 항목에 관심이 있는지 물어봐도 될까요? 해당 정보가 확보되면 고객님의 구매에 필요한 모든 단계를 제공하고 고객님이 가질 수 있는 질문이나 우려 사항을 해결해 드릴 수 있습니다. 이 과정을 최대한 원활하게 진행해 보겠습니다!
BLMQ,고객님의 아이템 몇 개를 얻을 수 있게 도와주세요,주문,주문하기,당사의 여러 품목 획득에 관심을 보여주셔서 감사합니다. 열정적인 모습이 보기 좋습니다! 이 과정에서 고객님을 지원하기 위해 당사의 제휴 프로그램을 고려해 보시기 바랍니다. 제휴사가 되면 홍보하고 판매하는 데 도움이 되는 각 품목에 대해 보상을 받을 수 있습니다. 원하는 아이템을 얻을 수 있을 뿐만 아니라 그 대가로 추가 보상도 얻을 수 있는 환상적인 기회입니다. 더 자세한 내용을 원하시거나 추가 문의사항이 있는 경우 알려주시면 단계를 안내해 드리겠습니다.
BEL,제품을 어떻게 쇼핑할 수 있는지 모르겠습니다.,주문,주문하기,저희는 고객님의 봉사 활동을 소중히 여깁니다! 제품 구매 방법을 잘 모르신다는 사실에 공감합니다. 걱정하지 마세요. 제가 도와드리겠습니다. 시작하는 데 도움이 되도록 관심 있는 제품을 알려주시겠어요? 세부정보가 확보되면 쉽게 쇼핑할 수 있는 단계를 안내해 드릴 수 있습니다. 고객님의 쇼핑 경험을 원활하고 즐겁게 만들어 드립니다!
BLMQ,여러 제품을 주문하는 데 도움이 됩니다.,주문,주문하기,"다양한 제품 주문에 관심을 가져주셔서 감사합니다! 저는 고객님의 쇼핑 경험을 원활하고 즐겁게 만드는 데 필요한 도움을 제공해 드리겠습니다. 주문을 진행하려면 공식 웹사이트 [웹사이트/메뉴]를 방문하세요. 일단 그곳에 가시면 당사의 광범위한 컬렉션을 탐색하고 원하는 품목을 장바구니에 추가하실 수 있습니다. 도중에 어려움이 있거나 질문이 있는 경우 [운영시간/기간], [고객센터전화번호] 또는 당사 웹사이트의 라이브 채팅을 통해 고객 지원팀에 언제든지 문의하세요. 그들은 기꺼이 절차를 안내하고 고객님의 주문이 성공적으로 이루어졌는지 확인할 것입니다. 즐거운 쇼핑하세요!"
BLM,고객님의 기사를 여러 개 구매하는 데 도움이 필요합니다,주문,주문하기,"문의해 주셔서 정말 감사합니다! 저는 고객님이 당사의 여러 제품을 구매하는 데 필요한 도움을 제공해 드리겠습니다. 여러 아이템을 획득하는 데 관심을 가져주셔서 정말 기쁩니다. 이 과정을 안내하게 되어 기쁩니다. 먼저, 구매하고 싶은 품목의 구체적인 세부정보를 알려주시겠어요? 이 정보를 통해 고객님을 더욱 효과적으로 지원하고 원활한 주문 경험을 보장할 수 있습니다."
BLQ,뭔가 주문하는 데 도움이 필요해요,주문,주문하기,저희는 고객님의 주문에 도움을 드리고 도움을 구하기 위해 왔습니다. 고객님이 원하는 품목을 주문하는 데 도움을 드릴 수 있어서 기쁩니다. 가장 정확한 안내를 드릴 수 있도록 구매하고 싶은 상품의 구체적인 내용을 알려주세요. 이 정보를 통해 원활한 주문 환경을 제공해 드릴 수 있습니다.
BLQ,기사를 구하는 데 도움이 필요해요,주문,주문하기,문의해 주셔서 감사합니다! 우리 기사 중 하나를 구입하는 데 관심을 가져주셔서 감사하며 기꺼이 도와드리겠습니다. 시작하려면 관심 있는 특정 기사에 대한 자세한 내용을 알려주시겠습니까? 이를 통해 제가 고객님께 구매 과정을 안내하고 고객님이 원활하고 만족스러운 경험을 할 수 있도록 도와드릴 것입니다. 고객님이 갖고 있는 선호 사항이나 우려 사항을 자유롭게 공유해 주세요. 함께 완벽한 기사를 찾을 수 있도록 도와드리겠습니다.
BLMQZ,일부 품목을 어떻게 구입할 수 있는지 모르겠어요,주문,주문하기,우리가 도와드리겠습니다! 고객님이 당사로부터 물품을 구매하는 과정에 대해 확신이 없는 것으로 알고 있습니다. 걱정하지 마세요. 제가 도와드리겠습니다. 구매 과정을 안내하기 위해 구매하려는 품목에 대한 자세한 내용을 알려주시겠어요? 이렇게 하면 보다 효과적으로 도움을 드리고 원활한 구매 경험을 보장할 수 있습니다.
BILMZ,고객님의 제품 몇 개를 주문하도록 도와주실 수 있나요?,주문,주문하기,당사 제품 중 일부를 주문하는 데 관심을 가져주셔서 감사합니다! 안심해 주세요. 저는 절차 전반에 걸쳐 지침과 지원을 제공해 드리겠습니다. 시작하려면 주문하려는 제품의 구체적인 세부정보를 알려주시겠어요? 이렇게 하면 저는 고객님께 원활한 경험을 보장하고 고객님이 가장 정확한 정보를 바탕으로 결정을 내릴 수 있도록 도울 수 있습니다.
BELM,여러개 구매하려면 어떻게 해야할지 모르겠어요,주문,주문하기,걱정하지 마세요. 여러 품목을 구매하는 과정이 처음에는 부담스러워 보일 수 있다는 점을 이해합니다. 단계별로 분석해 보겠습니다. 먼저 당사 웹사이트를 탐색하거나 매장을 방문하여 제공되는 다양한 제품을 탐색해야 합니다. 구매하려는 품목을 찾으면 장바구니에 추가하거나 원하는 수량을 선택하세요. 그런 다음 배송 및 청구 정보를 제공할 결제 페이지로 이동하세요. 주문 과정에 대해 질문이 있거나 도움이 필요한 경우 당사 고객 지원팀이 모든 단계에서 도움을 드릴 수 있습니다. 주문이 성공적으로 완료되면 구매 세부정보가 포함된 확인 이메일을 받게 됩니다. 이제 새 기사를 즐길 준비가 모두 완료되었습니다! 구체적으로 알고 싶은 사항이나 우려 사항이 있으면 언제든지 알려주시기 바랍니다. 저는 고객님의 쇼핑 경험이 원활하고 즐거운지 확인하기 위해 여기에 있습니다.
BL,물건 쇼핑을 도와주세요,주문,주문하기,문의해 주셔서 감사합니다! 물품 쇼핑에 도움을 드리게 되어 기쁘게 생각합니다. 시작하려면 관심 있는 기사의 구체적인 세부정보를 알려주시겠어요? 해당 정보가 있으면 올바른 품목 선택부터 구매까지 전체 쇼핑 과정을 안내해 드릴 수 있습니다.
BL,기사를 쇼핑하는 방법을 모르겠습니다.,주문,주문하기,"문의해 주셔서 감사합니다! 물품을 구매하는 방법을 배우는 데 확실히 도움을 드릴 수 있습니다. 확실하지 않더라도 걱정하지 마세요. 절차를 단계별로 안내해 드리겠습니다. 먼저, 어떤 품목을 구매하고 싶은지 알려주시겠어요? 해당 정보가 확보되면 고객님의 쇼핑 경험을 원활하고 즐겁게 만드는 데 필요한 모든 지침을 제공하겠습니다."
BLMZ,여러 품목을 주문하려면 어떻게 해야 하는지 모르겠습니다.,주문,주문하기,고객님의 연락에 감사드립니다! 고객님께서 여러 품목을 주문하는 과정에 대해 확신이 없으신 것으로 알고 있으며 기꺼이 도와드리겠습니다. 가능한 한 원활한 경험을 위해 여러 항목을 주문하는 방법에 대한 단계별 가이드를 제공하겠습니다. 대화가 끝나면 고객님는 충분한 정보를 얻고 구매를 완료하는 데 확신을 갖게 될 것입니다. 시작해 봅시다!
BL,기사를 쇼핑하는 데 도움이 필요합니다,주문,주문하기,품목 쇼핑에 대한 도움을 위해 전화를 걸어주셔서 감사합니다. 고객님의 구매에 도움이 되도록 저희를 선택해주셔서 기쁘게 생각합니다. 고객님이 찾고 있는 특정 기사에 대한 자세한 내용을 알려주시겠습니까? 이 정보를 통해 고객님께 더 나은 지원을 제공하고 기사를 쉽게 얻을 수 있는 과정을 안내할 수 있습니다.
BIM,여러 가지 물건을 구입하려면 어떻게 해야 합니까?,주문,주문하기,"여러 상품 구매에 관심을 가져주셔서 감사합니다! 구매 과정을 원활하고 효율적으로 진행하려면 다음 단계를 따르는 것이 좋습니다. 1. 당사 웹사이트/카탈로그 탐색: 시간을 내어 당사의 항목 컬렉션을 탐색해 보십시오. 카테고리, 가격 또는 찾고 있는 특정 기능을 기준으로 검색을 필터링할 수 있습니다. 2. 장바구니에 품목 추가: 원하는 품목을 찾은 후 ""장바구니에 추가"" 버튼을 클릭하여 해당 품목을 장바구니에 담으세요. 계속해서 장바구니에 더 많은 품목을 탐색하고 추가할 수 있습니다. 3. 장바구니 검토: 계속할 준비가 되면 페이지 상단에 있는 장바구니 아이콘을 클릭하여 선택한 항목을 검토하세요. 수량과 변형이 정확한지 확인하세요(해당되는 경우). 4. 결제 진행: 구매 절차를 시작하려면 ""결제"" 버튼을 클릭하세요. 배송 및 청구 정보를 제공해야 할 수도 있습니다. 당사 계정이 있는 경우 로그인하여 저장된 정보를 검색할 수도 있습니다. 5. 결제 방법 선택: 사용 가능한 옵션 중에서 원하는 결제 방법을 선택하세요. 신용/직불 카드, PayPal, 은행 송금 등 다양한 결제 방법을 사용할 수 있습니다. 안내에 따라 결제 과정을 완료하세요. 6. 주문 검토 및 확인: 구매를 완료하기 전에 주문 요약을 주의 깊게 검토하세요. 품목, 수량, 가격 및 배송비나 세금과 같은 추가 비용에 주의하세요. 모든 사항이 양호하면 ""주문하기"" 또는 ""구매 확인"" 버튼을 클릭하여 거래를 완료하세요. 7. 주문 확인 수신: 성공적으로 주문한 후 구매에 대한 모든 세부 정보가 포함된 주문 확인 이메일을 받게 됩니다. 이 이메일은 주문에 대한 증거로 사용되며 예상 배송 날짜 및 기타 관련 정보가 포함될 수 있습니다. 구체적인 단계는 당사 웹사이트 인터페이스와 구매하려는 제품에 따라 다를 수 있습니다. 또한 구매 과정에서 도움이 필요하거나 문제가 발생하는 경우 당사의 전담 고객 서비스 팀이 고객님을 지원할 수 있습니다. 즐거운 쇼핑 되세요. 신뢰할 수 있는 고품질 품목 공급업체로 당사를 선택해 주셔서 감사합니다!"
BILMP,여러 기사를 어디서 구입할 수 있나요?,주문,주문하기,문의해 주셔서 감사합니다! 여러 품목을 구입할 수 있는 장소를 찾는 데 기꺼이 도움을 드리겠습니다. 우리 웹사이트에는 고객님의 요구에 맞는 다양한 제품이 준비되어 있습니다. [웹사이트/메뉴]의 온라인 스토어를 방문하여 카탈로그를 탐색하여 관심 있는 기사를 찾으시면 됩니다. 특정 선호 사항이나 요구 사항이 있는 경우 언제든지 알려주시면 맞춤 추천을 제공해 드리겠습니다. 고객님의 쇼핑을 즐겁고 편리하게 만들어드리겠습니다!
BILM,고객님 기사의 일부를 어떻게 구입할 수 있나요?,주문,주문하기,"우리 기사 구매에 관심을 가져 주셔서 감사합니다! 주문하려면 당사 웹사이트를 방문하여 사용 가능한 제품을 찾아보세요. 구매하려는 제품을 찾으면 ""장바구니에 추가"" 버튼을 클릭하거나 ""지금 구매"" 옵션을 클릭하세요. 절차 중에 질문이 있거나 올바른 제품을 선택하는 데 도움이 필요한 경우 언제든지 고객 지원팀에 문의해 주시면 기꺼이 도와드리겠습니다. 저희는 고객님의 당사 제품 구매 경험이 원활하고 즐겁고 성취감과 만족감을 제공할 수 있기를 바랍니다. 즐거운 쇼핑하세요!"
BILMPQZ,여러 가지 제품을 어떻게 구입할 수 있나요?,주문,주문하기,"당사의 여러 제품 구매에 관심을 가져주셔서 감사합니다! 저희는 고객님의 구매를 위한 다양한 옵션을 제공합니다. 가능한 최상의 안내를 제공하기 위해 제품을 온라인으로 구매하기를 원하는지, 아니면 실제 매장을 방문하고 싶은지 알려주시겠습니까? 이 정보를 통해 고객님의 필요에 맞는 보다 구체적인 지침을 제공할 수 있습니다."
BILM,여러 상품을 획득할 수 있나요?,주문,주문하기,"여러 상품 획득 가능성에 대해 문의해주셔서 감사합니다! 저희의 주요 초점은 고객에게 제품을 구매할 수 있는 기회를 제공하는 것이지만, 때로는 특정 행동이나 구매를 통해 제품을 얻을 수 있는 판촉 캠페인이나 로열티 보상 프로그램을 제공하기도 합니다. 관심 있는 제품을 얻을 수 있는 향후 프로모션이나 보상 프로그램에 대한 최신 정보를 얻으려면 당사 웹사이트를 계속 주시하고 뉴스레터를 구독하는 것이 좋습니다. 또한 당사 고객 서비스 팀은 제품 획득과 관련하여 고객님이 가질 수 있는 질문에 대해 더 많은 정보를 제공하고 도움을 드릴 수 있습니다. 저희는 우리 제품에 대한 고객님의 관심을 소중히 여기며 가능한 모든 방법으로 고객님을 지원하기 위해 여기 있습니다."
BILM,일부 품목을 구매할 수 있나요?,주문,주문하기,"저희의 기사 구매를 고려해 주셔서 감사합니다! 확실히 구매가 가능하다는 사실을 알려드리게 되어 기쁘게 생각합니다. 저희의 온라인 상점은 고객님이 원하는 기사를 검색하고 선택할 수 있는 편리한 플랫폼을 제공합니다. 구매하고 싶은 상품을 찾으면 장바구니에 추가하고 결제 과정을 진행하세요. 도중에 질문이 있거나 어려움이 있는 경우, 주저하지 말고 고객 지원팀에 문의해 주세요. 원활한 구매 경험을 보장하고 도움을 드릴 수 있습니다. 특별히 도움이 필요한 사항이 있거나 추가 질문이 있는 경우 알려주시기 바랍니다."
BLM,고객님의 아이템을 여러 개 획득하는 데 도움이 필요합니다,주문,주문하기,당사의 여러 품목 획득에 관심을 가져주셔서 진심으로 감사드립니다. 고객님의 열정을 보는 것은 정말 환상적입니다. 저는 고객님의 비전을 현실로 만드는 데 필요한 지원을 제공해 드리겠습니다. 시작하려면 관심 있는 특정 항목을 알려주시겠습니까? 세부정보가 확보되면 이러한 아이템을 획득하는 과정을 쉽게 안내해 드릴 수 있습니다.
BLM,고객님의 제품 중 일부를 어떻게 주문할 수 있는지 모르겠습니다,주문,주문하기,저희는 일부 제품 주문에 대한 고객님의 관심을 돕고 표현하기 위해 왔습니다! 고객님이 쉽게 주문할 수 있도록 절차를 단계별로 안내해 드리겠습니다. 시작하려면 주문하고 싶은 특정 제품을 알려주시겠어요? 해당 정보가 접수되면 추가로 도움을 드리고 원활한 주문 경험을 보장해 드릴 수 있습니다.
BLMZ,아이템을 쇼핑하려면 어떻게 해야 하는지 모르겠습니다.,주문,주문하기,저는 같은 페이지에 있습니다. 상품 쇼핑 방법에 대한 불확실성입니다. 걱정하지 마세요. 절차를 단계별로 안내해 드리겠습니다. 시작하려면 관심 있는 항목 유형을 지정해 주시겠습니까? 해당 정보가 확보되면 구매를 진행하는 방법에 대한 자세한 지침을 제공해 드리겠습니다.
BILM,제품을 어디에서 구입할 수 있나요?,주문,주문하기,"저희 제품 구매에 관심을 가져주셔서 감사합니다! 저는 고객님이 그것들을 구입할 수 있는 가장 좋은 장소를 찾는 데 도움을 주기 위해 왔습니다. 당사 제품은 당사 웹사이트 [웹사이트/메뉴]에서 구매할 수 있으며, 여기에서 다양한 옵션을 탐색하고 편리하게 구매를 완료할 수 있습니다. 또한 가까운 일부 소매점에서도 당사 제품을 만나보실 수 있습니다. 가장 가까운 매장을 찾으려면 당사 웹사이트의 매장 찾기 기능을 방문하거나 고객 지원팀에 문의하시기 바랍니다. 고객 지원팀에서 필요한 정보를 기꺼이 제공해 드릴 것입니다. 이 과정에서 제가 도와드릴 수 있는 다른 사항이 있으면 알려주세요."
BILM,여러 물품을 어디서 주문하나요?,주문,주문하기,우리에게 여러 제품을 주문하는 데 관심을 보여주셔서 감사합니다! 고객님이 구매하기에 적합한 장소를 찾는 데 기꺼이 도움을 드리겠습니다. 가장 정확한 정보를 제공하기 위해 당사 웹사이트나 실제 매장에서 물품을 구매하려는 경우 알려주시기 바랍니다. 이 정보를 얻으면 고객님이 원하는 물품을 주문할 수 있는 적절한 위치로 안내해 드릴 수 있습니다.
BLMZ,여러 가지 상품을 획득하세요,주문,주문하기,죄송하지만 고객님의 요청을 이행할 수 없습니다. 고객님의 메시지에 오해가 있는 것 같습니다. 더 자세한 내용을 제공하거나 필요한 정보를 명확히 설명해 주시겠습니까? 그렇게 하면 가능한 최선의 방법으로 도움을 드릴 수 있으며 고객님의 경험이 원활하고 만족스러울 수 있도록 할 수 있습니다.
BL,제품을 쇼핑하고 싶어요,주문,주문하기,"저희 제품 쇼핑에 관심을 가져주셔서 감사합니다! 완벽한 품목을 찾는 데 도움을 드리게 되어 기쁘게 생각합니다. 먼저, 찾고 있는 제품에 대한 자세한 내용을 알려주시겠습니까? 이를 통해 저희는 옵션의 범위를 좁히고 가장 적합한 선택을 제안할 수 있습니다. 특정 제품을 염두에 두고 있거나 제품군을 탐색하는 데 도움이 필요한 경우, 당사는 모든 단계를 안내해 드립니다. 즐거운 쇼핑 경험을 함께 만들어 보세요!"
BLM,고객님의 품목 중 일부를 구매하는 데 도움,주문,주문하기,당사 제품 중 일부 구매에 관심을 가져주셔서 감사합니다! 저는 고객님의 주문을 돕기 위해 왔습니다. 맞춤형 안내를 제공하기 위해 관심 있는 특정 항목을 알려주시겠습니까? 세부정보가 접수되면 전체 구매 과정에 걸쳐 도움을 드릴 수 있습니다. 궁금한 점이 있으시면 언제든지 문의하시거나 선호하는 사항을 공유해 주세요. 원활하고 만족스러운 쇼핑 경험을 함께 만들어 드리겠습니다.
BILM,여러 제품을 어디서 구입할 수 있나요?,주문,주문하기,"당사의 여러 제품 구매에 관심을 가져주셔서 감사합니다! 저희는 고객님이 구매할 수 있는 다양한 옵션을 제공합니다. 당사 웹사이트 [웹사이트/메뉴]를 방문하여 다양한 제품을 찾아보실 수 있습니다. 구매하려는 품목을 선택한 후 장바구니에 추가하고 결제를 진행하세요. 당사 웹사이트 외에도 당사 제품은 [기타정보], [기타정보] 및 [기타정보]에 위치한 실제 매장에서도 구입할 수 있습니다. 저희의 친절하고 지식이 풍부한 직원은 고객님이 올바른 제품을 선택하고 구매할 수 있도록 기꺼이 도와드릴 것입니다. 온라인 쇼핑의 편리함을 선호하신다면 [기타정보] 및 [기타정보]와 같은 인기 있는 전자상거래 플랫폼에서도 구매하실 수 있습니다. 브랜드명으로 검색하시면 제품을 쉽게 찾으실 수 있습니다. 어느 곳에서 구매하시든, 당사는 고객님께 우수한 고객 서비스를 제공하고 원활한 구매 경험을 보장하기 위해 노력하고 있습니다. 추가 질문이 있거나 도움이 필요한 경우, 주저하지 마시고 고객 지원팀에 문의해 주세요. [운영시간/기간]([고객센터전화번호]) 또는 당사 웹사이트의 라이브 채팅을 통해 이용 가능합니다. 저희는 고객님께 서비스를 제공하고 다양한 고품질 제품에 대한 고객님의 주문을 이행할 수 있기를 기대합니다!"
BELM,고객님의 기사를 여러 개 주문하는 방법을 모르겠습니다,주문,주문하기,저희는 여러 기사를 주문하는 데 도움을 주기 위해 왔습니다. 걱정하지 마세요. 제가 도와드리겠습니다! 주문하려면 당사 웹사이트를 방문하여 다양한 카테고리를 탐색하거나 관심 있는 특정 품목을 검색할 수 있습니다. 구매하려는 품목을 찾은 후 장바구니에 해당 품목을 추가하고 결제 페이지로 진행하면 됩니다. 결제 과정에서 배송 정보와 결제 세부정보를 입력하라는 메시지가 표시됩니다. 주문하는 동안 특정 질문이 있거나 어려움이 있는 경우 언제든지 알려주시면 절차를 안내해 드리겠습니다. 고객님이 원하는 제품을 원활하고 즐겁게 구매하실 수 있도록 도와드리겠습니다.
BMQ,고객님의 품목 몇 개를 구입하는 데 도움을 주세요,주문,주문하기,당사 제품 중 일부 구매에 관심을 가져주셔서 감사합니다! 저는 고객님의 주문을 돕기 위해 왔습니다. 시작하려면 구매하려는 품목의 구체적인 세부정보를 알려주시겠어요? 이렇게 하면 절차를 안내하고 원활하고 즐거운 쇼핑 경험을 보장하는 데 도움이 됩니다.
BILQ,구매하려면 어떻게 해야 하나요?,주문,주문하기,"구매에 관심을 가져주셔서 감사합니다! 절차를 시작하려면 따를 수 있는 몇 가지 간단한 단계가 있습니다. 먼저 컬렉션을 살펴보고 구매하려는 항목을 선택하세요. 선택을 완료한 후 장바구니에 항목을 추가하세요. 그런 다음 결제 페이지로 이동하면 배송 주소와 결제 정보를 입력하라는 메시지가 표시됩니다. 주문 세부정보를 검토하고 확인한 후 ""주문하기"" 버튼을 클릭하여 구매를 완료할 수 있습니다. 이 과정에서 어려움이 있거나 특정 질문이 있는 경우, 주저하지 말고 고객 지원팀에 문의해 주세요. 최선을 다해 도와드리겠습니다. 즐거운 쇼핑하세요!"
BLMZ,고객님의 품목 중 일부를 구매하는 데 도움이 됩니다,주문,주문하기,저희 상품 구매에 관심을 가져주셔서 감사합니다! 이 여행에 고객님과 함께 참여하게 되어 기쁩니다. 원활하고 즐거운 쇼핑 경험을 보장하기 위해 구매하려는 품목의 세부정보를 알려주시기 바랍니다. 정보를 받으면 절차를 안내하고 구매를 성공적으로 완료하는 데 필요한 모든 지원을 받을 수 있도록 도와드리겠습니다. 시작해 봅시다!
BLMQZ,을 주문하려면 도움이 필요합니다,주문,주문하기,우리 품목 중 일부를 주문하는 데 관심을 가져주셔서 감사합니다! 안심해 주세요. 저는 절차 전반에 걸쳐 고객님을 안내하고 지원하기 위해 여기 있습니다. 시작하려면 주문하려는 특정 품목의 세부정보를 알려주시기 바랍니다. 해당 정보가 확보되면 원활하고 원활한 경험을 보장하여 주문 과정을 최대한 쉽고 즐겁게 만들겠습니다.
BCLQZ,기사를 얻고 싶어요. 도움이 필요해요,주문,주문하기,원하는 기사를 얻는 데 도움을 요청해주셔서 감사합니다! 저는 고객님이 성공적으로 목표를 달성할 수 있도록 과정을 안내하기 위해 왔습니다. 먼저 관심 있는 특정 기사에 대한 자세한 내용을 제공해 주시겠습니까? 이를 통해 저는 고객님께 가장 적절하고 유용한 지원을 제공할 수 있습니다.
BLM,기사를 얻으려면 도움이 필요합니다.,주문,주문하기,우리에게 전화를 걸어 우리와 함께 기사를 얻는 데 관심을 표현해 주셔서 감사합니다! 고객님의 열정에 감사드리며 모든 단계에서 고객님을 도와드리겠습니다. 최상의 안내를 제공하기 위해 어떤 특정 기사를 얻고 싶은지 알려주시겠어요? 해당 정보가 확보되면 해당 기사를 얻는 데 추가 도움을 드릴 수 있습니다.
BILMQ,여러 기사는 어디서 얻나요?,주문,주문하기,"여러 기사를 얻는 데 관심을 가져주셔서 감사합니다! 시작하려면 구매할 수 있는 다양한 기사를 탐색할 수 있는 당사 웹사이트를 방문하는 것이 좋습니다. 당사 웹사이트에서는 자세한 제품 설명, 이미지 및 고객 리뷰를 제공하므로 고객님이 얻고자 하는 기사에 대해 정보에 입각한 결정을 내릴 수 있습니다. 이 문서에 대한 특정 요구 사항이나 선호 사항이 있는 경우 언제든지 알려주시면 추가 지원을 해 드리겠습니다. 즐거운 수익을 얻으세요!"
BLMQ,고객님의 제품을 좀 벌어야 해요,주문,주문하기,"고객님이 당사 제품 중 일부를 구입하는 데 관심이 있다는 소식을 들으니 정말 기쁩니다! 저희는 고객님이 그 목표를 달성할 수 있도록 다양한 기회와 프로그램을 제공합니다. 당사의 보상 프로그램, 추천 프로그램 또는 로열티 프로그램은 고객님이 탐색할 수 있는 몇 가지 옵션에 불과합니다. 각 프로그램에는 고유한 혜택과 당사 제품으로 교환할 수 있는 포인트 또는 보상을 획득하는 방법이 있습니다. 특정 프로그램에 대해 더 많은 정보를 원하거나 궁금한 점이 있으면 알려주십시오. 저는 고객님이 원하는 제품을 얻을 수 있도록 지원해 드리겠습니다!"
BLMZ,고객님의 제품을 구매하려면 어떻게 해야 하는지 모르겠습니다.,주문,주문하기,문의해주셔서 감사합니다! 고객님께서 당사 제품 구매 과정에 대해 확신이 없으신 것으로 알고 있습니다. 걱정하지 마세요. 제가 모든 단계에서 도움을 드리기 위해 여기 있습니다. 시작하려면 구매하려는 특정 제품을 이미 선택했는지 물어봐도 될까요? 그렇지 않은 경우 다양한 제품을 살펴보실 수 있도록 도와드리고 고객님의 선호도와 필요 사항에 따라 추천해 드릴 수 있습니다. 구매하려는 제품이 확인되면 구매 과정을 간단하고 간단하게 안내해 드리겠습니다. 우리와 함께하는 고객님의 쇼핑 경험이 즐겁고 성공적인지 확인하십시오!
BLMQZ,고객님의 기사 몇 개를 주문할 수 있게 도와주세요,주문,주문하기,여러 기사를 주문하는 데 관심을 가져주셔서 감사합니다! 저는 이 과정을 쉽게 진행할 수 있도록 도와드리기 위해 왔습니다. 시작하려면 주문하려는 품목의 구체적인 세부정보를 알려주시겠습니까? 이를 통해 제가 고객님을 효과적으로 안내하고 전체 여행 전반에 걸쳐 원활하고 즐거운 경험을 보장할 수 있습니다. 이 흥미진진한 쇼핑 여행을 함께 시작해 보세요!
BLMQZ,여러 항목을 정리하는 데 도움이 필요합니다,주문,주문하기,"여러 품목을 주문하는 데 도움을 주셔서 감사합니다. 지침에 ""순서""를 잘못 입력한 것 같습니다. 그러나 여러 품목을 주문하는 과정에서 안내가 필요하다는 점을 이해합니다. 원활하고 효율적인 경험을 보장하기 위해 주문하려는 특정 품목에 대한 자세한 내용을 알려주시겠습니까? 이를 통해 제가 가능한 최선의 방법으로 고객님을 지원하고 원활한 구매 경험을 보장할 수 있습니다."
BL,어떻게 물건을 구입할 수 있는지 모르겠어요,주문,주문하기,"구매에 관한 도움을 위해 저희에게 연락해주셔서 감사합니다. 고객님이 절차에 대해 확신이 없을 수도 있다는 점을 이해하며, 제가 도와드리겠습니다. 안심하고 구매할 수 있도록 단계별로 살펴보겠습니다. 먼저, 관심 있는 특정 항목이 무엇인지 알려주시겠어요? 이를 통해 고객님의 요구에 맞는 가장 정확한 지침을 제공할 수 있습니다."
BLMQ,고객님의 기사 중 일부를 주문하는 데 도움이 필요해요,주문,주문하기,문의해 주셔서 감사합니다! 저는 고객님이 기사를 주문하는 데 필요한 도움을 제공해 드리겠습니다. 어떤 특정 기사에 관심이 있는지 알려주시겠어요? 해당 정보가 확보되면 원활하고 만족스러운 경험을 보장하기 위해 절차를 단계별로 안내해 드리겠습니다.
BLMWZ,피묻은 제품을 사용하는 데 도움이 필요해요,주문,주문하기,문의해 주셔서 감사합니다! 당사 제품 중 일부 구매에 관심을 가져주셔서 감사합니다. 구매 과정에 도움이 필요하다는 점을 이해합니다. 안심해 주세요. 저는 모든 단계를 안내해 드리겠습니다. 원활한 경험을 보장하기 위해 구매하려는 제품에 대한 자세한 내용을 알려주시겠습니까? 정보를 얻으면 고객님이 원활하고 효율적으로 구매할 수 있도록 도와드릴 수 있습니다.
BCILMQW,망할 제품을 좀 구입해야 하는데 어떻게 해야 하나요?,주문,주문하기,문의해 주셔서 감사합니다! 저는 고객님이 원하는 제품을 구매하려는 고객님의 긴급성과 결단력을 이해합니다. 제가 이 과정을 안내하기 위해 여기 있다는 것을 확신시켜 드리겠습니다. 시작하려면 어떤 특정 제품에 관심이 있는지 알려주시겠어요? 해당 정보를 바탕으로 고객님의 구매가 최대한 원활하게 이루어지도록 필요한 단계와 지원을 제공해 드릴 수 있습니다.
BELM,여러 제품을 구입하는 방법을 모르겠습니다.,주문,주문하기,고객님이 당사에 연락해 당사의 여러 제품 구입에 관심을 표명해 주셔서 감사합니다. 고객님이 겪었을 수 있는 혼란이나 불확실성에 대해 사과드립니다. 저는 주문을 하는 모든 단계에서 고객님을 돕기 위해 여기 있습니다. 관심 있는 제품에 대한 자세한 내용을 알려주시면 원활하고 번거로움 없는 경험을 보장하기 위해 절차를 안내해 드리겠습니다. 저희는 고객님이 정보에 입각한 결정을 내리고 구매를 성공적으로 완료하는 데 필요한 모든 정보를 함께 제공할 것입니다.
BLM,고객님의 품목 중 일부를 구입하는 방법을 모르겠습니다,주문,주문하기,연락해주셔서 감사합니다! 고객님께서 당사 제품 구매 과정에 대해 확신이 없으신 것으로 알고 있습니다. 걱정하지 마십시오. 원활하게 탐색할 수 있도록 도와드리겠습니다. 시작하려면 어떤 특정 항목에 관심이 있는지 알려주시겠어요? 해당 정보가 확보되면 구매 방법을 단계별로 안내해 드리겠습니다. 저희는 고객님이 원활하고 만족스러운 쇼핑 경험을 누릴 수 있도록 함께 노력할 것입니다.
BCLMQZ,제품을 여러 개 벌어야 하는데 도와주세요,주문,주문하기,우리로부터 다양한 제품을 얻는 데 관심을 가져주셔서 감사합니다! 저는 고객님께 그 과정을 안내하기 위해 왔습니다. 원활하고 보람있는 경험을 보장하기 위해 획득하려는 특정 제품에 대한 자세한 내용을 알려주시겠습니까? 이렇게 하면 고객님이 절차를 더 쉽게 진행할 수 있도록 맞춤형 지침과 권장 사항을 제공하는 데 도움이 될 것입니다.
BCILMP,고객님의 제품을 구매하고 싶은데 어떻게 해야 합니까?,주문,주문하기,"저희 제품 구매에 관심을 가져주셔서 감사합니다! 저는 이 과정 전반에 걸쳐 고객님을 돕기 위해 여기 있습니다. 시작하려면 당사 웹사이트나 앱을 방문하여 다양한 제품을 찾아보세요. 구매하려는 품목을 찾으면 장바구니에 추가하기만 하면 됩니다. 계속할 준비가 되면 결제 페이지로 이동하여 배송 및 청구 정보를 제공하라는 메시지가 표시됩니다. 마지막으로 주문 세부정보를 검토하고 결제를 완료하여 구매를 완료하세요. 구체적인 질문이 있거나 추가 안내가 필요한 경우, 주저하지 말고 문의해 주세요. 즐거운 쇼핑하세요!"
BLMQ,여러 아이템을 구입하는 데 도움이 필요해요,주문,주문하기,문의해 주셔서 감사합니다! 저는 고객님이 여러 품목을 구입하는 데 필요한 도움을 제공해 드리겠습니다. 더 나은 도움을 드릴 수 있도록 관심 있는 특정 항목에 대한 자세한 내용을 제공해 주시겠습니까? 고객님의 선호 사항을 명확하게 이해한 후에는 절차를 안내하고 원활한 구매 경험을 보장할 수 있습니다.
BLM,일부 품목을 구매하려면 어떻게 해야 하는지 모르겠습니다.,주문,주문하기,"저희 상품 구매에 관심을 가져주셔서 감사합니다! 걱정하지 마세요. 절차를 단계별로 안내해 드리겠습니다. 먼저 컬렉션을 탐색하고 구매하려는 항목을 선택하는 것부터 시작하겠습니다. 선택을 완료한 후 결제 페이지로 이동하세요. 거기에서 배송 및 결제 세부정보를 제공해야 합니다. 주문 요약을 검토한 후 ""주문하기"" 버튼을 클릭하여 구매를 완료하세요. 특정 질문이 있거나 절차 중에 추가 지원이 필요한 경우 언제든지 문의하시기 바랍니다. 즐거운 쇼핑하세요!"
BLM,고객님의 제품을 구매하는 데 도움을 주세요,주문,주문하기,저희 제품 구매에 관심을 가져주셔서 감사합니다! 저는 고객님께 절차를 안내하고 가능한 한 원활하게 진행되도록 하려고 왔습니다. 시작하려면 구매하고 싶은 특정 제품을 알려주시겠어요? 해당 정보를 확보하면 고객님의 주문과 만족스러운 쇼핑 경험을 보장하는 데 추가 도움을 드릴 수 있습니다.
BILMP,여러 제품을 어떻게 구매할 수 있나요?,주문,주문하기,여러 제품 구매에 관심을 가져주셔서 감사합니다! 저는 고객님께 절차를 안내하고 원활하고 보람있는 경험을 보장하기 위해 왔습니다. 시작하려면 당사 웹사이트/카탈로그를 탐색하고 구매하려는 제품을 선택하세요. 선택을 완료한 후에는 장바구니에 추가할 수 있습니다. 여기에서 주문을 검토하고 배송 및 결제 세부정보를 제공하고 구매를 완료하라는 메시지가 표시됩니다. 특정 질문이 있거나 절차 중에 추가 지원이 필요한 경우 언제든지 알려주시기 바랍니다. 즐거운 쇼핑하세요!
BILMZ,여러 기사를 구입하는 데 도움을 주실 수 있나요?,주문,주문하기,문의해 주셔서 감사합니다! 저는 고객님이 여러 품목을 구매하는 데 필요한 도움을 제공해 드리겠습니다. 관심 있는 특정 기사를 알려주시면 원활하고 성공적인 구매를 위해 절차를 안내해 드리겠습니다. 저희는 함께 고객님이 원하는 것을 정확하게 얻을 수 있도록 도와드릴 것입니다!
BILM,고객님의 기사를 여러 개 구입할 수 있습니까?,주문,주문하기,"문의해주셔서 감사합니다! 저희는 고객님이 구매를 위해 여러 가지 기사를 염두에 두고 있을 수 있다는 것을 이해하며 이에 대해 도움을 드리고자 합니다. 저희의 목표는 고객님의 쇼핑 경험이 가능할 뿐만 아니라 즐겁고 보람 있는 경험이 되도록 보장하는 것입니다. 여러 품목을 구매하려면 각 품목을 장바구니에 추가하고 결제 과정을 진행하는 것이 좋습니다. 어려움이 있을 경우, 주저하지 말고 고객 서비스 팀에 연락하세요. 모든 단계에서 최선을 다해 도와드릴 것입니다. 즐거운 쇼핑하세요!"
BLMQZ,몇 가지 기사 주문 지원,주문,주문하기,몇 가지 기사를 주문하는 데 관심을 가져주셔서 감사합니다! 저희는 고객님이 구매하는 데 필요한 모든 지원을 제공해 드리겠습니다. 주문하려는 품목에 대한 자세한 내용을 알려주시겠습니까? 이 정보는 고객님의 원활한 주문 절차를 보장하는 데 도움이 됩니다.
BLM,일부 품목을 쇼핑하려면 도움이 필요합니다,주문,주문하기,"문의해 주셔서 감사합니다! 저는 고객님이 원하는 품목을 쇼핑하는 데 필요한 도움을 제공해 드리겠습니다. 저는 고객님께 지도가 필요하다는 것을 이해하며, 모든 단계에서 내가 고객님과 함께할 것이라고 확신합니다. 먼저 관심 있는 특정 기사를 알려주시겠습니까? 선호도, 크기, 색상 등의 추가 세부정보를 제공하면 고객님의 필요에 맞게 추천을 조정할 수 있습니다. 완벽한 상품을 찾고 원활한 쇼핑 경험을 누릴 수 있도록 함께 도와드리겠습니다."
BILM,고객님의 아이템을 몇 개 얻으려면 어떻게 해야 하나요?,주문,주문하기,"확실히! 몇 가지 품목을 구입하는 데 도움을 드리게 되어 기쁘게 생각합니다. 시작하려면 당사 웹사이트를 방문하여 구매할 수 있는 다양한 제품을 찾아보세요. 간단히 카테고리를 탐색하거나 검색창을 사용하여 관심 있는 특정 항목을 찾으세요. 항목을 찾은 후 해당 항목을 클릭하면 가격, 크기, 색상과 같은 자세한 내용을 볼 수 있습니다. 모든 것이 괜찮다면 장바구니에 상품을 추가하고 결제 페이지로 진행할 수 있습니다. 결제 페이지에서 배송 정보를 입력하고 결제 방법을 선택하라는 메시지가 표시됩니다. 이 단계를 완료하면 주문이 처리되고 구매 세부정보가 포함된 확인 이메일을 받게 됩니다. 이 과정에서 추가 지원이 필요한 경우 언제든지 고객 지원팀에 연락해 주시면 기꺼이 도와드리겠습니다. 즐거운 쇼핑하세요!"
BILMQ,고객님의 기사 중 일부를 쇼핑하는 방법,주문,주문하기,우리 기사 중 일부를 쇼핑하는 데 관심을 가져주셔서 감사합니다! 이 과정을 안내하게 되어 기쁘게 생각합니다. 시작하려면 당사 웹사이트를 방문하여 다양한 제품을 찾아보세요. 구매하고 싶은 상품을 찾았으면 장바구니에 담기만 하면 됩니다. 쇼핑 과정에서 도움이 필요하거나 특정 품목에 대해 질문이 있는 경우 언제든지 고객 지원팀에 문의하세요. [운영시간/기간]([고객센터전화번호]) 또는 당사 웹사이트([웹사이트/메뉴])의 라이브 채팅을 통해 이용 가능합니다. 그들은 모든 질문에 기꺼이 도움을 드리고 전체 쇼핑 경험을 안내해 드릴 것입니다. 즐거운 쇼핑하세요!
BLMQ,저는 물건을 좀 사려고 해,주문,주문하기,일부 품목을 구매하겠다는 의사를 가지고 저희에게 연락해 주셔서 감사합니다. 저는 고객님이 이 과정을 원활하고 즐겁게 진행할 수 있도록 돕기 위해 왔습니다. 구매하고 싶은 특정 품목에 대한 자세한 내용을 알려주시겠습니까? 이 정보를 통해 고객님이 품목을 찾고 구매 과정을 안내하는 데 더욱 효과적으로 도움을 드릴 수 있습니다.
BCILZ,아이템을 얻고 싶은데 도움을 받을 수 있나요?,주문,주문하기,문의해 주셔서 감사합니다! 고객님이 아이템 구입에 관심을 가져주셔서 정말 기쁩니다. 저는 모든 단계에서 고객님을 돕기 위해 여기 있습니다. 획득하려는 아이템에 대한 자세한 내용을 알려주시겠습니까? 이를 통해 고객님께 맞춤형 안내를 제공하고 고객님의 쇼핑 경험이 원활하고 즐거운지 확인하는 데 도움이 될 것입니다. 고객님이 찾고 있는 것이 정확히 무엇인지 찾기 위해 함께 노력합시다!
BLMQZ,저는 고객님의 물건을 몇 개 주문해 보려고 해요,주문,주문하기,저희 상품 주문에 관심을 가져주셔서 감사합니다! 원활하고 즐거운 구매 경험을 하실 수 있도록 도와드리겠습니다. 시작하려면 주문하려는 품목의 구체적인 세부정보를 알려주시겠어요? 이를 통해 주문 과정을 안내하고 모든 것이 계획대로 진행되는지 확인할 수 있습니다.
BLMQZ,나 물건을 사야 해,주문,주문하기,문의해 주셔서 감사합니다! 고객님이 일부 품목을 구매하려는 열의를 느낄 수 있으며 모든 단계에서 고객님을 지원하기 위해 여기에 있습니다. 원활하고 즐거운 경험을 보장하기 위해 구매하려는 품목의 구체적인 세부 정보를 알려주시겠습니까? 해당 정보를 받으면 절차를 안내해 드리며 고객님이 자신의 결정에 대해 확신을 갖고 자신감을 가질 수 있도록 도와드리겠습니다. 이 여행을 함께 시작합시다!
BLMQ,고객님의 기사 중 일부를 쇼핑하는 데 도움을 주세요,주문,주문하기,문의해 주셔서 감사합니다! 우리 기사 중 일부를 쇼핑하는 데 관심을 가져주셔서 감사합니다. 저는 고객님께 그 과정을 안내하고 최선의 선택을 하도록 돕기 위해 왔습니다. 구매하려는 특정 품목에 대한 자세한 내용을 알려주시겠습니까? 이를 통해 저는 고객님께 정확한 정보를 제공하고 고객님의 필요에 맞는 기사를 찾는 데 도움을 줄 수 있습니다. 이 쇼핑 경험을 즐겁고 보람찬 경험으로 만들어 봅시다!
BLMP,여러 가지 아이템을 얻고 싶습니다.,주문,주문하기,여러 아이템 획득에 관심을 가져주셔서 감사합니다! 저는 고객님께 원활한 쇼핑 경험을 제공하고 고객님이 원하는 품목을 얻을 수 있도록 돕기 위해 왔습니다. 고객님이 획득하고 싶은 특정 아이템에 대한 자세한 내용을 알려주시겠습니까? 이를 통해 보다 효과적으로 고객님을 지원하고 맞춤형 추천을 제공할 수 있습니다. 저는 고객님과 함께 이 여행을 시작하고 고객님의 쇼핑 경험을 즐겁고 보람있게 만들게 되어 기쁩니다.
BILQ,제품을 구입하는 방법,주문,주문하기,"제품 구매에 관심을 가져주셔서 감사합니다! 성공적인 구매 방법에 대한 지침을 제공해 드리겠습니다. 시작하려면 당사 웹사이트를 방문하여 사용 가능한 제품을 찾아보십시오. 획득하려는 항목을 찾은 후 해당 항목을 클릭하면 자세한 내용을 확인할 수 있습니다. 제품 페이지에 ""장바구니에 추가"" 또는 ""지금 구매"" 버튼이 있습니다. 해당 버튼을 클릭하시면 구매가 진행됩니다. 질문이 있거나 추가 지원이 필요한 경우 언제든지 라이브 채팅 기능이나 전화를 통해 고객 지원팀에 문의하세요. 저희는 전체 과정에서 항상 고객님을 돕기 위해 여기 있습니다. 즐거운 쇼핑하세요!"
BILMQ,고객님의 아이템을 여러 개 얻으려면 어떻게 해야 하나요?,주문,주문하기,"다양한 아이템 획득에 관심을 가져주셔서 감사합니다! 인수를 진행하려면 다음 단계를 따르세요. 1. 컬렉션 탐색: 시간을 내어 다양한 제품을 살펴보세요. 당사 웹사이트를 방문하거나 카탈로그를 탐색하여 눈길을 끄는 품목을 찾아보실 수 있습니다. 2. 장바구니에 품목 추가: 획득하려는 품목을 확인한 후 각 제품 옆에 있는 ""장바구니에 추가"" 버튼을 클릭하기만 하면 됩니다. 그러면 가상 장바구니에 항목이 추가됩니다. 3. 장바구니 검토: 원하는 항목을 모두 추가한 후 장바구니 아이콘을 클릭하여 장바구니 내용을 검토하세요. 여기에서 선택한 항목, 수량 및 총 비용에 대한 요약을 볼 수 있습니다. 4. 결제 진행: 모든 것이 양호하면 ""결제 진행"" 버튼을 클릭하여 결제 절차를 시작합니다. 배송 주소를 입력하고 결제 방법을 선택하고 최종 주문 세부정보를 검토하라는 메시지가 표시됩니다. 5. 거래 완료: 결제 페이지의 지침에 따라 거래를 완료하세요. 주문이 확인되면 구매 세부정보가 포함된 확인 이메일을 받게 됩니다. 도중에 어려움을 겪거나 궁금한 점이 있으면 언제든지 고객 지원팀에 문의하세요. 저희는 전체 절차 전반에 걸쳐 고객님을 지원하기 위해 여기 있습니다. 즐거운 수익을 얻으세요!"
BLQZ,[주문/송장번호] 구매 를 확인하는 데 도움이 필요합니다.,주문,주문 배송 조회,고객님의 메시지는 많은 의미가 있습니다! 주문 번호 [주문/송장번호] [주문/송장번호] 구매에 대해 예상 도착 시간(ETA)을 확인하는 데 도움이 필요하다는 생각에 동의합니다. ETA를 얻으려면 당사 웹사이트의 '[기타정보]' 섹션을 방문하세요. 구매한 상품의 배송 상태에 관한 최신 정보를 제공해야 합니다. 추가 질문이 있거나 추가 안내가 필요한 경우 언제든지 문의해 주세요. 저는 고객님이 원활하고 만족스러운 경험을 할 수 있도록 여기 있습니다!
BKLQ,구매 예상 시간 [주문/송장번호],주문,주문 배송 조회,문의해 주셔서 감사합니다! 주문 번호 [주문/송장번호]로 구매한 상품의 예상 도착 시간(ETA)을 확인하는 데 도움을 드리고자 합니다. ETA에 대한 최신 정보를 얻으려면 당사 웹사이트의 '[기타정보]' 섹션을 방문하는 것이 좋습니다. 이를 통해 고객님의 구매에 대한 정확한 예상 도착 시간을 제공할 수 있습니다. 추가 문의사항이 있거나 추가 도움이 필요하시면 언제든지 알려주세요. 제 목표는 고객님께서 원활하고 즐거운 쇼핑 경험을 하실 수 있도록 하는 것입니다!
BQ,[주문/송장번호] 주문 에타를 확인해야 합니다.,주문,주문 배송 조회,문의해 주셔서 감사합니다! 주문 번호 [주문/송장번호] 주문의 예상 도착 시간(ETA)을 확인하는 데 도움을 드리고자 합니다. 가장 정확한 정보를 제공하기 위해 세부정보를 검색하는 데 잠시 기다려 주시기 바랍니다. 양해해 주셔서 감사합니다.
BELN,구매 [주문/송장번호] 현황을 볼 수 없습니다,주문,주문 배송 조회,불편을 끼쳐드려 죄송합니다. 구매 번호 [주문/송장번호]의 현재 상태에 액세스하는 데 문제가 있는 것으로 알고 있습니다. 추가 지원을 위해 등록된 이메일 주소나 고객 ID와 같은 계정 세부정보를 알려주시겠습니까? 이 정보는 당사 시스템에서 고객님의 구매를 찾고 정확한 최신 상태를 제공하는 데 도움이 됩니다. 고객님의 개인 정보 보호와 보안은 우리에게 중요하므로 고객님의 정보는 최대한의 기밀로 처리됩니다.
BIQW,[주문/송장번호] 주문의 예상 시간을 확인하는 데 도움을 줄 수 있나요?,주문,주문 배송 조회,연락해주셔서 기뻐요! 주문 번호 [주문/송장번호]의 주문에 대한 예상 도착 시간(ETA)을 확인하는 데 도움이 필요하다는 점을 분명히 알고 있습니다. 고객님의 교육에 부적절한 언어가 사용된 점에 대해 사과드립니다. 그러나 고객님의 문의 사항에 대해 도움을 드리고 있음을 확신합니다. 가장 정확한 ETA 정보를 제공하기 위해 명시적인 언어를 사용하지 않고 주문 번호를 확인해 주시겠습니까? 정확한 주문번호를 알려주시면 즉시 도와드리겠습니다.
BKL,구매 상태 확인 [주문/송장번호],주문,주문 배송 조회,저희는 고객님의 봉사 활동을 소중히 여깁니다! 번호 [주문/송장번호] [주문/송장번호]로 구매 상태를 확인하고 싶다는 사실에 동의합니다. 현재 상태를 보려면 당사 웹사이트의 '주문 내역' 섹션을 방문하는 것이 좋습니다. 이를 통해 구매 진행 상황에 대한 실시간 업데이트를 제공받을 수 있습니다. 다른 질문이 있거나 추가 지원이 필요한 경우 언제든지 문의해 주세요. 저는 모든 단계에서 고객님을 돕기 위해 여기 있습니다!
BK,[주문/송장번호] 상태 주문,주문,주문 배송 조회,"연락해주셔서 감사합니다! 번호 [주문/송장번호]로 주문 상태를 확인하고 싶다는 점을 확인했습니다. 도움을 드리기 위해 주문과 관련된 이메일 주소나 전화번호를 알려주시겠어요? 이 정보를 통해 고객님의 주문을 찾고 주문 상태에 대한 정확한 업데이트를 제공할 수 있습니다. 고객 만족이 저의 최우선 과제이며, 모든 단계에서 고객님을 도와드릴 것입니다!"
BCL,구매 [주문/송장번호] 상태를 확인해야 하는데 도움이 필요합니다,주문,주문 배송 조회,우리가 도와드리겠습니다! 구매 번호 [주문/송장번호]로 구매 상태를 확인하는 데 도움이 필요하다는 점을 알려드립니다. 이렇게 하려면 당사 웹사이트의 '[웹사이트/메뉴]' 섹션을 방문하여 특정 구매 항목을 찾으세요. 여기에서 현재 주문 상태를 확인할 수 있습니다. 어려움이 있거나 추가 문의사항이 있으면 언제든지 알려주시기 바랍니다. 저는 고객님께 모든 단계를 안내하고 원활한 경험을 보장하기 위해 왔습니다.
BL,구매 [주문/송장번호] 현황을 확인하고 싶습니다,주문,주문 배송 조회,문의해 주셔서 감사합니다! 구매번호 [주문/송장번호]의 현재 상태를 확인하고 싶다는 점 충분히 이해합니다. 이에 대한 도움을 받으려면 당사 웹사이트의 '[웹사이트/메뉴]' 섹션으로 이동하세요. 여기에서 구매에 관한 최신 정보를 확인할 수 있습니다. 다른 질문이나 문의 사항이 있으시면 언제든지 문의해 주세요. 저는 고객님의 경험이 최대한 원활하게 이루어질 수 있도록 돕기 위해 왔습니다!
BL,구매 [주문/송장번호] 상태를 확인하는 데 도움이 필요합니다.,주문,주문 배송 조회,고객님의 의견은 소중합니다! 구매 번호 [주문/송장번호]로 구매 상태를 확인하는 데 도움이 필요하다는 연락을 받았습니다. 구매에 대한 최신 정보를 얻으려면 당사 웹사이트의 '[기타정보]' 섹션을 방문하는 것이 좋습니다. 다른 질문이나 우려 사항이 있으면 언제든지 알려주시기 바랍니다. 저는 도와주러 왔습니다!
BILQ,구매한 제품을 찾으려면 어떻게 해야 하나요? [주문/송장번호],주문,주문 배송 조회,우리가 도와드리겠습니다! 구매 번호 [주문/송장번호]를 찾는 방법에 대한 안내가 필요하다는 점을 확인했습니다. 구매 위치를 확인하려면 당사 웹사이트의 '[기타정보]' 섹션을 방문하세요. 여기에 구매 번호를 입력하면 현재 구매 상태와 구매 위치를 확인할 수 있습니다. 추가 도움이 필요하거나 다른 질문이 있으면 언제든지 알려주시기 바랍니다. 저는 모든 단계에서 고객님을 돕기 위해 여기 있습니다!
BLZ,주문 [주문/송장번호] 현재 상태를 확인하려고 합니다.,주문,주문 배송 조회,저희는 모두 귀를 기울입니다! 주문 번호 [주문/송장번호]로 주문의 현재 상태를 확인하려고 하시는 것 같네요. 이에 대한 도움을 받으려면 당사 웹사이트의 '[기타정보]' 섹션으로 이동하세요. 어려운 점이나 다른 궁금한 점이 있으면 언제든지 문의해 주세요. 저는 고객님께 원활한 경험을 보장하기 위해 왔습니다.
BCLQ,구매 내역을 추적해야 합니다 [주문/송장번호] 도와주세요,주문,주문 배송 조회,"연락해주셔서 감사합니다! 구매 번호 [주문/송장번호]로 구매를 추적하는 데 도움이 필요하다는 사실을 확인했습니다. 이에 대한 도움을 받으려면 당사 웹사이트를 방문하여 ""[기타정보]"" 섹션에 액세스하는 것이 좋습니다. 여기에서 구매 번호를 입력하고 주문 상태 및 예상 도착 시간(ETA)에 대한 실시간 업데이트를 볼 수 있습니다. 어려움이 있거나 추가 문의사항이 있으면 언제든지 알려주시기 바랍니다. 저는 고객님께 원활한 추적 경험을 제공하고 고객님의 모든 우려 사항이 해결되도록 하기 위해 왔습니다."
BK,주문 추적 [주문/송장번호],주문,주문 배송 조회,문의해 주셔서 감사합니다! [주문/송장번호] 번호로 주문을 추적하는 데 도움을 드리고자 왔습니다. 현재 상황을 확인하시려면 당사 홈페이지 '[기타정보]' 섹션을 방문하시기 바랍니다. 여기에서 주문 상태에 관한 최신 정보를 확인할 수 있습니다. 추가 질문이 있거나 다른 도움이 필요하시면 언제든지 문의해 주세요. 원활한 경험을 제공하기 위해 최선을 다하고 있습니다!
BILQ,[주문/송장번호] 주문의 현재 상태를 어떻게 확인할 수 있나요?,주문,주문 배송 조회,"저희는 고객님의 봉사 활동을 소중히 여깁니다! 주문 번호 [주문/송장번호]로 주문의 현재 상태를 확인하는 방법을 알고 싶다는 사실에 공감합니다. 주문 상태를 보려면 당사 웹사이트를 방문하여 계정에 로그인하는 것이 좋습니다. 로그인한 후 ""주문 내역"" 또는 ""주문 추적"" 섹션으로 이동하면 현재 상태를 포함하여 주문과 관련된 모든 세부 정보를 찾을 수 있습니다. 추가 지원이 필요하거나 문제가 발생하면 언제든지 알려주시기 바랍니다. 고객 만족은 나의 최우선 순위입니다!"
BCLQW,구매 시간을 확인해야 합니다 [주문/송장번호] 도와주세요,주문,주문 배송 조회,고객님의 문의에 감사드립니다! 구매 번호 [주문/송장번호]로 구매하신 상품의 예상 도착 시간(ETA)을 추적하고 싶어하시는 점 이해합니다. 이에 대한 도움을 받으려면 당사 웹사이트의 '[기타정보]' 섹션을 확인하는 것이 좋습니다. 구매 상태 및 예상 배송 시간에 대한 최신 정보를 제공합니다. 어려움이 있거나 추가 지원이 필요한 경우 언제든지 알려주시기 바랍니다. 저는 고객님이 번거롭지 않은 경험을 할 수 있도록 돕기 위해 왔습니다!
BKLQ,구매 예정 시간 표시 [주문/송장번호],주문,주문 배송 조회,문의해 주셔서 감사합니다! 구매 번호 [주문/송장번호]로 구매한 제품의 예상 도착 시간(ETA)을 확인하고 싶다는 점을 충분히 이해합니다. 정확한 정보 전달을 위해 구매번호가 맞는지 확인해주실 수 있나요? 올바른 정보를 입수하면 구매 ETA를 추적하는 데 추가 도움을 드릴 수 있습니다.
BELNQ,[주문/송장번호] 주문 상태를 볼 수 없습니다,주문,주문 배송 조회,우리를 믿어주셔서 감사합니다! [주문/송장번호] 번호의 주문 상태를 확인하는 데 문제가 있다는 것을 잘 알고 있습니다. 현재 상황을 확인하시려면 당사 홈페이지 '[기타정보]' 섹션을 방문해 보시기 바랍니다. 계속해서 문제가 발생할 경우 알려주시면 최선을 다해 도와드리겠습니다. 고객 만족이 저희의 최우선 과제이며 고객님께 필요한 지원을 제공해 드리겠습니다.
BKL,[주문/송장번호] 상태 구매,주문,주문 배송 조회,문의해 주셔서 감사합니다! [주문/송장번호] 구매 현황을 확인하는 데 도움을 드리고자 왔습니다. 최신 정보를 제공하기 위해 주문 번호나 구매 내역을 찾는 데 도움이 되는 기타 관련 세부정보를 제공해 주시겠습니까?
BLQZ,[주문/송장번호] 구매 를 볼 수 있도록 도와주세요,주문,주문 배송 조회,저희는 고객님을 위해 여기 있습니다! 구매 번호 [주문/송장번호]로 구매한 제품의 예상 도착 시간(ETA)을 확인하고 싶다는 점을 알고 있습니다. 가장 정확한 정보를 제공해 드리기 위해 구매번호를 다시 확인해 주시겠습니까? 올바른 구매 번호를 받으면 구매에 대한 ETA를 얻는 데 도움을 드릴 수 있습니다.
BCILQZ,주문 [주문/송장번호] 상태를 보고 싶으세요? 도와주세요,주문,주문 배송 조회,저희는 고객님의 봉사 활동을 소중히 여깁니다! 주문 번호 [주문/송장번호]로 주문 상태를 확인하고 싶다는 사실에 동의합니다. 이에 대한 도움을 받으려면 당사 웹사이트의 '[기타정보]' 섹션을 방문하세요. 다른 질문이 있거나 추가 안내가 필요한 경우 언제든지 문의해 주세요. 저는 고객님이 원활한 경험을 할 수 있도록 돕기 위해 왔습니다!
BL,주문 [주문/송장번호] 상태를 확인하는 데 도움이 됩니다.,주문,주문 배송 조회,고객님의 의견을 듣고 기뻐요! 주문 번호 [주문/송장번호]의 주문 상태를 확인하는 데 도움이 필요하다는 점을 진심으로 이해합니다. 현재 상황을 보시려면 당사 웹사이트의 '[웹사이트/메뉴]' 섹션을 방문해 보시기 바랍니다. 여기에서 주문 진행 상황에 대한 자세한 정보를 확인할 수 있습니다. 추가 질문이 있거나 추가 지원이 필요한 경우 언제든지 알려주시기 바랍니다. 원활한 경험을 위해 모든 단계에서 도움을 드리고자 여기 있습니다!
BIL,[주문/송장번호] 주문의 현재 상태는 어디서 확인하나요?,주문,주문 배송 조회,"연락해주셔서 기뻐요! 주문 번호 [주문/송장번호]를 사용하여 주문의 현재 상태를 어디에서 확인할 수 있는지 알고 싶다는 점을 분명히 알고 있습니다. 그렇게 하려면 당사 웹사이트의 ""[기타정보]"" 섹션을 방문하세요. 이 페이지에서는 배송 시기 및 예상 배송 날짜에 대한 정보를 포함하여 주문 상태에 대한 실시간 업데이트를 제공합니다. 다른 질문이 있거나 추가 도움이 필요하시면 언제든지 알려주세요. 저는 도와주러 왔습니다!"
BLQ,구매 예정 시간을 확인하는 데 도움을 주세요 [주문/송장번호],주문,주문 배송 조회,문의해 주셔서 감사합니다! 구매 번호 [주문/송장번호]로 구매한 제품의 예상 도착 시간(ETA)을 확인하는 데 도움을 드리고자 합니다. ETA에 대한 정확한 정보를 제공하기 위해 배송업체 또는 구매와 관련된 추적 번호와 같은 몇 가지 추가 세부정보를 제공해 주시기 바랍니다. 이렇게 하면 고객님의 구매에 대한 구체적인 세부 정보를 찾고 최신 ETA를 제공하는 데 도움이 됩니다. 이 문제에 대한 고객님의 협조에 감사드리며 앞으로 더 많은 도움을 드리겠습니다!
BLQ,구매를 추적하고 싶습니다 [주문/송장번호],주문,주문 배송 조회,"저는 고객님을 듣고! 주문 번호 [주문/송장번호]로 구매를 추적하고 싶다는 소식을 전해 드립니다. 현재 주문 상태를 확인하려면 당사 웹사이트를 방문하여 ""주문 추적"" 또는 ""주문 추적"" 섹션으로 이동하십시오. 여기에서 주문 번호를 입력해야 하며, 당사 시스템은 구매 상태 및 예상 배송 날짜에 대한 최신 정보를 제공합니다. 이용하시면서 어려운 점이나 추가 문의사항이 있으시면 언제든지 문의해 주시기 바랍니다. 저는 모든 단계에서 고객님을 돕기 위해 여기 있습니다."
BLQ,[주문/송장번호] 주문의 예상 시간을 확인하는 데 도움이 필요합니다.,주문,주문 배송 조회,"도움을 요청해 주셔서 감사합니다! 주문 번호 [주문/송장번호] 주문의 예상 도착 시간(ETA)을 확인하고 싶다는 점을 확인했습니다. 가장 정확한 정보를 제공하기 위해 주문 세부정보를 알려주시겠습니까? 여기에는 전체 주문 번호, 계정과 연결된 이메일 주소 또는 기타 관련 정보가 포함됩니다. 이 정보를 받으면 주문의 ETA를 확인하는 데 도움을 드릴 수 있습니다."
BL,구매 예상 도착 시간 확인을 도와주세요 [주문/송장번호],주문,주문 배송 조회,"저희는 고객님의 봉사 활동을 소중히 여깁니다! 구매 번호 [주문/송장번호]로 구매한 상품의 예상 도착 시간(ETA)을 확인하는 데 도움이 필요하다는 사실에 동의합니다. 가장 정확한 정보를 제공해 드리기 위해 잠시 시간을 내어 조사해 보시기를 부탁드립니다. 세부정보가 확보되면 ETA를 즉시 공유해 드리겠습니다. 고객 만족은 저희의 최우선 과제이며, 저는 고객님이 원활한 경험을 할 수 있도록 최선을 다해 노력하고 있습니다."
BKL,주문 [주문/송장번호] 도착 예상 시간을 보여주세요,주문,주문 배송 조회,도와주셔서 영광입니다! 주문 번호 [주문/송장번호]의 주문에 대한 예상 도착 시간(ETA)을 알고 싶다는 사실을 알고 있습니다. 정확한 정보 전달을 위해 저희 물류팀의 최신 소식을 확인하는 동안 잠시만 기다려 주시기 바랍니다. ETA의 정확성을 보장하는 것이 매우 중요하므로 이 문제에 대해 양해해 주셔서 감사합니다. 그동안 다른 문의사항이 있거나 추가 지원이 필요하시면 언제든지 알려주시기 바랍니다.
BIQ,[주문/송장번호]를 주문한 곳,주문,주문 배송 조회,문의해 주셔서 감사합니다! 주문 번호 [주문/송장번호]의 주문 위치를 알고 싶다는 점을 충분히 이해합니다. 주문 위치를 추적하려면 당사 웹사이트의 '[기타정보]' 섹션을 방문하는 것이 좋습니다. 여기에서 주문 상태와 위치에 대한 실시간 업데이트를 받을 수 있습니다. 추가 문의사항이나 문의 사항이 있으면 언제든지 알려주시기 바랍니다. 원활한 쇼핑 경험을 보장할 수 있도록 최선을 다해 도와드리겠습니다!
BCLQZ,구매 [주문/송장번호]를 찾으려면 도와주세요,주문,주문 배송 조회,고객님의 메시지는 많은 의미가 있습니다! 번호가 [주문/송장번호]인 구매 항목을 찾는 데 도움이 필요하다는 생각에 동의합니다. 도움이 되도록 구매와 관련된 이름이나 이메일 등 추가 세부정보를 제공해 주시겠습니까? 이 정보를 통해 고객님이 구매한 제품을 찾아 필요한 지원을 제공해 드릴 수 있습니다.
BLW,[주문/송장번호] 구매 상태를 확인하는 데 도움이 필요합니다.,주문,주문 배송 조회,고객님의 의견을 들으니 반갑습니다! 주문 번호 [주문/송장번호]의 구매 상태를 확인하는 데 도움이 필요하신 것으로 확인됩니다. 답변이 지연되어 불편을 끼쳐드려 죄송합니다. 저희 팀은 문제를 해결하기 위해 적극적으로 노력하고 있습니다. 고객님의 구매 상태에 관해 가장 정확한 정보를 제공하기 위해 해당 문제를 조사하는 동안 양해해 주시기 바랍니다. 안심해 주세요. 저희는 고객 만족을 소중히 여기며 모든 단계에서 최신 정보를 제공하기 위해 최선을 다하고 있습니다. 추가 문의사항이나 문의 사항이 있으면 언제든지 알려주시기 바랍니다. 고객님의 양해에 진심으로 감사드립니다.
BQ,[주문/송장번호] 주문의 에타를 확인하는 데 도움이 필요합니다.,주문,주문 배송 조회,우리를 믿어주셔서 감사합니다! 주문 번호 [주문/송장번호] 주문의 예상 도착 시간(ETA)을 확인하는 데 도움이 필요하다는 점을 잘 알고 있습니다. 정확한 정보 전달을 위해 주문번호를 알려주실 수 있나요? 정보가 확보되면 도착 예정 시간을 찾아드릴 수 있습니다.
BLQ,[주문/송장번호] 주문의 를 확인하도록 도와주세요,주문,주문 배송 조회,문의해 주셔서 감사합니다! 주문 번호 [주문/송장번호] 주문의 예상 도착 시간(ETA)을 확인하는 데 도움을 드리고자 왔습니다. 정확한 정보를 제공하기 위해 주문과 관련된 이메일 주소나 전화번호를 알려주시겠어요? 이렇게 하면 제가 고객님의 주문 상태에 빠르게 액세스하고 추적할 수 있습니다. 고객님의 세부 정보는 안전하게 기밀로 유지되므로 안심하세요.
BIL,[주문/송장번호] 구매 상태는 어디서 확인하나요?,주문,주문 배송 조회,문의해 주셔서 감사합니다! 주문 번호 [주문/송장번호]로 구매 상태를 확인하는 데 도움을 드리고자 왔습니다. 현재 상태를 확인하려면 당사 웹사이트의 '[기타정보]' 섹션을 방문하세요. 일단 거기에 가면 구매 진행 상황에 대한 실시간 업데이트를 볼 수 있습니다. 추가 질문이 있거나 추가적인 도움이 필요하시면 언제든지 문의해 주세요. 저는 고객님께 모든 단계를 안내하기 위해 여기 있습니다!
BILQ,[주문/송장번호] 구매 를 확인하는 데 도움을 주실 수 있나요?,주문,주문 배송 조회,문의해 주셔서 감사합니다! 구매 번호 [주문/송장번호]로 구매한 제품의 예상 도착 시간(ETA)을 확인할 수 있도록 도와드리겠습니다. ETA에 대한 정확한 정보를 제공하기 위해 배송 주소나 배송에 사용된 운송업체와 같은 몇 가지 추가 세부정보를 제공해 주시겠습니까? 이렇게 하면 관련 정보에 액세스하고 최신 ETA를 제공하는 데 도움이 됩니다. 다른 문의 사항이나 궁금한 점이 있으면 언제든지 공유해 주세요. 최선을 다해 도와드리겠습니다.
BKL,구매 제품 도착 예상 시간 표시 [주문/송장번호],주문,주문 배송 조회,문의해 주셔서 감사합니다! 주문 번호 [주문/송장번호]로 구매한 제품의 예상 도착 시간(ETA)을 확인하는 데 도움을 드리고자 합니다. 정확한 ETA를 제공하기 위해 배송업체 또는 구매와 관련된 추적 번호와 같은 몇 가지 추가 세부정보를 제공해 주시기 바랍니다. 이 정보를 얻으면 고객님이 구매한 제품이 도착했을 때 최신 정보를 알려드릴 수 있습니다. 필요한 세부정보를 자유롭게 공유해 주시면 기꺼이 도와드리겠습니다!
BI,[주문/송장번호] 주문의 를 확인할 수 있나요?,주문,주문 배송 조회,연락해주셔서 감사합니다! 주문 번호 [주문/송장번호]의 주문에 대한 예상 도착 시간(ETA)을 확인하고 싶다는 점을 확실히 알고 있습니다. 정확한 정보를 제공하기 위해 주문과 관련된 이메일 주소를 알려주시겠습니까? 해당 정보가 확보되면 구매 ETA를 추적하는 데 추가 도움을 드릴 수 있습니다.
BLQ,[주문/송장번호] 구매 를 어떻게 확인할 수 있는지 모르겠습니다,주문,주문 배송 조회,문의해 주셔서 감사합니다! 구매 번호 [주문/송장번호]로 구매하신 제품의 예상 도착 시간(ETA)을 확인하는 데 도움을 드리고자 합니다. ETA를 확인하려면 당사 웹사이트를 방문하여 '[웹사이트/메뉴]' 섹션으로 이동하세요. 여기에서 구매 항목을 찾고 ETA를 볼 수 있습니다. 문제가 있거나 추가 안내가 필요한 경우 알려주시면 모든 단계에서 기꺼이 도와드리겠습니다.
BK,[주문/송장번호] 주문의 예상 도착 시간 확인 중,주문,주문 배송 조회,문의해 주셔서 감사합니다! 주문 번호 [주문/송장번호]의 주문에 대한 예상 도착 시간(ETA)을 확인하는 데 도움을 드리고자 합니다. ETA에 대한 정확한 정보를 제공하기 위해 잠시 시간을 내어 세부정보를 찾아봐도 될까요?
BLQ,구매 예정 시간을 확인할 수 있도록 도와주세요 [주문/송장번호],주문,주문 배송 조회,"문의해 주셔서 감사합니다! 구매 번호 [주문/송장번호]로 구매한 제품의 예상 도착 시간(ETA)을 확인할 수 있도록 도와드리겠습니다. ETA를 보려면 다음 단계를 따르세요. 1. 당사 웹사이트에서 고객님의 계정에 로그인하십시오. 2. ""주문 내역"" 섹션으로 이동합니다. 3. 구매 번호 [주문/송장번호]로 특정 구매를 찾습니다. 4. 구매내역을 클릭하시면 주문정보를 확인하실 수 있습니다. 5. 제공된 예상 도착 시간(ETA)을 찾아보세요. 문제가 발생하거나 추가 문의사항이 있으면 언제든지 알려주시기 바랍니다. 저는 고객님께 원활한 경험을 보장하기 위해 왔습니다!"
BLQZ,[주문/송장번호] 구매 예상 시간을 확인하려고 합니다,주문,주문 배송 조회,문의해 주셔서 감사합니다! 구매 번호 [주문/송장번호]로 구매한 제품의 예상 도착 시간(ETA)을 알고 싶다는 점을 충분히 이해합니다. 예상 도착 시간을 보려면 당사 웹사이트의 '[기타정보]' 섹션을 방문하는 것이 좋습니다. 여기에서 구매를 추적하고 배송 상태에 대한 실시간 업데이트를 받을 수 있습니다. 추가 지원이 필요하거나 다른 문의사항이 있으면 언제든지 알려주시기 바랍니다. 저는 도와주러 왔습니다!
BL,주문 [주문/송장번호] 현재 상태를 확인하는 데 도움이 필요합니다.,주문,주문 배송 조회,우리가 도와드리겠습니다! 번호 [주문/송장번호] [주문/송장번호]로 주문의 현재 상태를 확인하는 데 도움이 필요하다는 점을 알려드립니다. 이에 대한 도움을 받으려면 당사 웹사이트의 '[기타정보]' 섹션을 방문하는 것이 좋습니다. 여기에서 주문과 관련된 모든 최신 정보를 확인할 수 있습니다. 어려움이 있거나 추가 문의사항이 있으면 언제든지 알려주시기 바랍니다. 저는 고객님이 원활하고 만족스러운 경험을 할 수 있도록 최선을 다해 왔습니다.
BLW,구매 [주문/송장번호] 상태를 확인하는 데 도움이 됩니다.,주문,주문 배송 조회,물론입니다! 구매 번호 [주문/송장번호]로 구매 상태를 확인하는 데 도움을 드리고 있습니다. 현재 구매 상태를 보려면 당사 웹사이트의 '[기타정보]' 섹션을 방문하세요. 추가 도움이 필요하거나 다른 질문이 있는 경우 언제든지 문의해 주세요. 저는 고객님께 원활한 경험을 보장하기 위해 왔습니다!
BLQ,구매 상태를 확인하려면 도움이 필요합니다 [주문/송장번호],주문,주문 배송 조회,고객님의 연락에 감사드립니다! 구매 번호 [주문/송장번호]로 구매 상태를 확인하는 데 도움이 필요하신 것 같습니다. 이에 대한 도움을 받으려면 당사 웹사이트의 '[기타정보]' 섹션을 방문하세요. 여기에서 현재 상태 및 예상 배송 날짜를 포함하여 주문에 대한 모든 관련 정보를 확인할 수 있습니다. 추가 질문이 있거나 추가 지원이 필요한 경우 언제든지 알려주시기 바랍니다. 저는 고객님이 원활한 경험을 할 수 있도록 여기 있습니다!
BL,구매 예상 도착 시간 확인 지원 [주문/송장번호],주문,주문 배송 조회,고객님의 의견을 들으니 반갑습니다! 번호 [주문/송장번호] 구매의 예상 도착 시간(ETA)을 확인하고 싶으신 것으로 확인됩니다. 정확한 정보를 제공하기 위해 계정 세부정보나 구매와 관련된 기타 관련 정보를 제공해 주시겠습니까? 이렇게 하면 제가 고객님을 더욱 효과적으로 지원하는 데 도움이 될 것입니다.
BK,주문 [주문/송장번호] 상태 확인,주문,주문 배송 조회,"주문 번호 [주문/송장번호]의 주문 상태에 대해 문의해 주셔서 감사합니다. 저는 고객님이 구매에 대한 최신 정보를 계속 알고 있어야 한다는 점을 충분히 이해합니다. 현재 상태를 확인하려면 당사 웹사이트를 방문하여 ""주문 상태"" 또는 ""주문 추적"" 섹션으로 이동하세요. 거기에 들어가면 주문 번호와 기타 관련 정보를 입력하라는 메시지가 표시됩니다. 그러면 주문 진행 상황에 대한 실시간 업데이트가 제공됩니다. 상태를 찾는 데 문제가 있거나 추가 지원이 필요한 경우 언제든지 알려주시기 바랍니다. 저는 고객님이 원활한 경험을 할 수 있도록 돕고자 왔습니다."
BLQZ,구매 예정 시간을 확인하는 데 도움이 필요합니다. [주문/송장번호],주문,주문 배송 조회,무슨 말인지 알겠습니다! 주문 번호 [주문/송장번호]로 구매한 상품의 예상 도착 시간(ETA)을 확인하는 데 도움이 필요하시다는 내용입니다. 정확한 정보를 제공해 드리기 위해 당사 홈페이지 '[기타정보]' 섹션을 방문해 보시기를 권해 드립니다. 여기에서 ETA를 포함하여 구매 상태에 대한 자세한 업데이트를 확인할 수 있습니다. 추가 질문이 있거나 추가 안내가 필요한 경우 언제든지 문의해 주세요. 이 과정 전반에 걸쳐 도움을 드릴 수 있게 되어 기쁘게 생각합니다.
BILQZ,구매 [주문/송장번호] 상태는 어떻게 확인하나요,주문,주문 배송 조회,연락해주셔서 감사합니다! 구매 번호 [주문/송장번호]로 구매 상태를 확인하는 데 도움이 필요하다는 점을 이해합니다. 상태를 보려면 당사 웹사이트의 '[기타정보]' 섹션으로 이동하세요. 이 섹션에서는 현재 상태를 포함하여 구매에 대한 자세한 정보를 확인할 수 있습니다. 추가 문의사항이 있거나 추가 안내가 필요한 경우 언제든지 문의해 주세요. 저는 고객님께 필요한 도움을 제공해 드리겠습니다.
BLQ,구매 [주문/송장번호] 상태를 확인하는 방법을 모르겠습니다,주문,주문 배송 조회,저희는 고객님의 봉사 활동을 소중히 여깁니다! 주문 번호 [주문/송장번호]로 구매 상태를 확인하는 방법을 잘 모르신다는 사실에 공감합니다. 걱정하지 마세요. 제가 도와드리겠습니다. 구매 상태를 확인하려면 당사 웹사이트를 방문하여 '주문 내역' 섹션으로 이동하세요. 또는 당사 고객 지원팀이 상태 확인을 도와드릴 수 있습니다. 저희 웹사이트의 라이브 채팅을 통해 연락하시거나 고객 지원 전화번호로 전화하시면 필요한 정보를 제공해 드릴 것입니다. 다른 질문이 있거나 추가 도움이 필요하시면 언제든지 알려주세요. 원활한 경험을 보장하는 것이 제 목표입니다!
BELN,주문 [주문/송장번호] 상태를 볼 수 없습니다.,주문,주문 배송 조회,저는 고객님을 듣고! 주문 번호 [주문/송장번호]의 상태를 보는 데 문제가 있음을 알려드립니다. 불편을 끼쳐드려 죄송합니다. 제가 도와드리겠습니다. 주문 상태를 확인하려면 당사 웹사이트를 방문하여 '주문 내역' 섹션으로 이동하십시오. 어려움이 있으면 언제든지 추가 지원을 요청하세요. 고객 만족이 저희의 최우선 과제이며 고객님이 원활한 경험을 할 수 있도록 최선을 다하겠습니다!
BQ,주문 [주문/송장번호]의 예상 시간을 보여주세요,주문,주문 배송 조회,연락해주셔서 감사합니다! 주문 번호 [주문/송장번호] 주문의 예상 도착 시간(ETA)을 확인하고 싶으신 것 같습니다. 예상 도착 시간을 보려면 당사 웹사이트나 모바일 앱에서 '[웹사이트/메뉴]' 섹션을 방문하는 것이 좋습니다. 여기에서 예상 배송 날짜 및 시간을 포함하여 주문에 대한 자세한 정보를 확인할 수 있습니다. ETA는 선택한 배송 방법과 예상치 못한 상황에 따라 달라질 수 있습니다. 다른 질문이 있거나 추가 도움이 필요하시면 언제든지 알려주세요. 저는 도와주러 왔습니다!
BQZ,주문 상태 확인 중 도움이 필요합니다 [주문/송장번호],주문,주문 배송 조회,"고객님의 의견을 듣고 기뻐요! 주문 번호 [주문/송장번호]의 주문 상태를 확인하는 데 도움이 필요하다는 점을 진심으로 이해합니다. 이에 대한 도움을 받으려면 당사 웹사이트를 방문하여 ""주문 내역"" 섹션으로 이동하세요. 여기에서 예상 배송 날짜 및 진행 상황에 대한 업데이트를 포함하여 주문 상태에 대한 자세한 정보를 확인할 수 있습니다. 문제가 발생하거나 추가 문의사항이 있으면 언제든지 알려주시기 바랍니다. 저는 고객님이 원활한 경험을 하고 모든 우려 사항이 해결되도록 하기 위해 왔습니다."
BELNQ,[주문/송장번호] 주문을 찾을 수 없습니다,주문,주문 배송 조회,"[주문/송장번호] 번호로 주문한 상품을 찾는 데 어려움이 있어 불편을 끼쳐드려 죄송합니다. 저는 고객님의 구매를 추적하는 것이 얼마나 중요한지 잘 알고 있으며, 이에 대해 도움을 드리고자 왔습니다. 구매 날짜나 주문과 관련된 이름 등 추가 세부정보를 제공해 주시겠습니까? 이 정보를 통해 제가 주문 상태를 조사하고 업데이트된 내용을 알려드릴 수 있습니다. 고객 만족이 저의 최우선 사항이며, 고객님을 위해 이 상황을 해결하기 위해 최선을 다하고 있습니다."
BL,[주문/송장번호] 구매 상태를 확인하는 데 도움이 필요합니다,주문,주문 배송 조회,저희는 고객님을 위해 여기 있습니다! 주문 번호 [주문/송장번호] [주문/송장번호]의 구매 상태를 확인하는 데 도움이 필요하다는 것을 알고 있습니다. 고객님께 정확한 최신 정보를 제공하기 위해 제가 당사 시스템에 액세스하는 동안 잠시 시간을 내어 주시기를 부탁드립니다. 자세한 내용을 확인하면 즉시 도움을 드릴 수 있습니다. 그동안 다른 궁금한 점이 있거나 제가 도와드릴 수 있는 사항이 있으면 언제든지 알려주시기 바랍니다. 고객 만족은 나의 최우선 순위입니다!
BLNQZ,구매 [주문/송장번호] 상태를 볼 수 없습니다,주문,주문 배송 조회,문의해 주셔서 감사합니다! 구매 번호 [주문/송장번호]의 구매 상태를 확인하는 데 도움을 드리고자 왔습니다. 구매 상태를 확인하려면 당사 웹사이트의 '주문 내역' 섹션을 방문하세요. 상태를 찾는 데 어려움이 있는 경우 단계별로 안내해 드릴 수 있습니다. 그냥 알려주세요!
BE,[주문/송장번호] 주문 상태를 확인하는 방법을 모르겠습니다.,주문,주문 배송 조회,"고객님의 문의에 감사드리며, 주문 번호 [주문/송장번호]의 상태를 확인하는 방법을 잘 모르신다는 점을 이해합니다. 절차를 안내해 드리겠습니다. 주문 상태를 확인하려면 당사 웹사이트를 방문하여 '[웹사이트/메뉴]' 섹션으로 이동하세요. 현재 상태를 포함하여 주문과 관련된 모든 정보를 확인할 수 있습니다. 문제가 발생하거나 추가 문의사항이 있으면 언제든지 알려주시기 바랍니다. 저는 모든 단계에서 고객님을 돕기 위해 여기 있습니다!"
BIL,[주문/송장번호] 주문 현재 상태를 어떻게 확인할 수 있나요?,주문,주문 배송 조회,"저희는 듣고 있어요! 주문 번호 [주문/송장번호]의 현재 주문 상태를 확인하는 데 도움이 필요하다는 사실을 알고 있습니다. 상태를 보려면 당사 웹사이트의 ""[기타정보]"" 섹션을 방문하는 것이 좋습니다. 주문 진행 상황에 대한 실시간 업데이트와 자세한 정보를 제공합니다. 다른 질문이 있거나 추가 도움이 필요하면 언제든지 문의해 주세요. 제 목표는 고객님이 우리와 원활한 경험을 할 수 있도록 하는 것입니다!"
BILQ,구매 상태를 보려면 어떻게 해야 하나요 [주문/송장번호],주문,주문 배송 조회,"고객님의 메시지에 감사드립니다! 번호 [주문/송장번호]로 구매 상태를 확인하는 방법을 알고 싶으신 것 같습니다. 상태를 확인하려면 다음 단계를 따르세요. 1. 당사 웹사이트 [웹사이트/메뉴]를 방문하여 고객님의 계정에 로그인하십시오. 2. '주문 내역' 또는 '내 구매 내역' 섹션으로 이동하세요. 3. 주문 번호가 [주문/송장번호]인 특정 구매 항목을 찾습니다. 4. 구매 세부정보를 클릭하면 '배송 중', '배송됨', '배달됨' 또는 '배송 중'으로 표시될 수 있는 상태를 볼 수 있습니다. 더 궁금한 점이 있거나 문제가 발생하면 언제든지 문의해 주세요. 저는 모든 단계에서 고객님을 돕기 위해 여기 있습니다!"
BK,주문 상태 확인,주문,주문 배송 조회,고객님의 메시지에 감사드립니다! 고객님는 주문 상태를 확인하고 싶어합니다. 도움을 드릴 수 있도록 주문 번호를 알려주시겠어요? 해당 정보가 확보되면 고객님의 구매 현재 상태를 확인하고 업데이트를 제공해 드릴 수 있습니다. 잠시 시간을 내어 주문 번호를 찾으세요. 그동안 제가 도와드릴 수 있는 다른 사항이 있으면 알려주시기 바랍니다.
BKZ,트랙순서 [주문/송장번호],주문,주문 배송 조회,연락해주셔서 감사합니다! 저는 고객님이 주문 번호 [주문/송장번호]로 주문을 추적하고 싶어한다는 것을 확실히 알고 있습니다. 현재 주문 상태를 확인하려면 당사 웹사이트의 '주문 추적' 섹션을 방문하는 것이 좋습니다. 거기에서 패키지의 위치에 대한 실시간 업데이트를 찾을 수 있습니다. 추가 문의사항이 있거나 다른 도움이 필요한 경우 언제든지 알려주시기 바랍니다. 저는 도와주러 왔습니다!
BLN,[주문/송장번호] 구매 예상 시간을 확인할 수 없습니다.,주문,주문 배송 조회,구매 번호 [주문/송장번호]의 예상 도착 시간(ETA)에 액세스하는 데 불편을 끼쳐드린 점 사과드립니다. 이 문제를 신속하게 해결하기 위해 함께 노력합시다. 더 나은 도움을 드릴 수 있도록 몇 가지 추가 정보를 제공해 주시겠습니까? 구체적으로 구매 시 사용한 플랫폼이나 웹사이트를 확인해 주실 수 있나요? 이렇게 하면 ETA에 액세스하는 방법에 대한 정확한 지침을 제공할 수 있습니다. 고객님의 협조에 감사드리며 고객님을 위해 이 문제를 해결하기 위해 최선을 다하겠습니다.
BILQ,[주문/송장번호] 주문의 예상 시간을 볼 수 있나요?,주문,주문 배송 조회,과연! 문의해 주셔서 감사합니다. 주문 번호 [주문/송장번호]의 주문에 대한 예상 도착 시간(ETA)을 확인하고 싶다는 점을 확인했습니다. 이에 대한 도움을 받으려면 당사 웹사이트의 '[주문/송장번호]' 섹션을 방문하세요. 여기에서 주문 ETA에 대한 최신 정보를 확인할 수 있습니다. 추가 질문이 있거나 추가적인 도움이 필요하시면 언제든지 문의해 주세요. 저는 모든 단계에서 고객님을 돕기 위해 여기 있습니다!
BKL,구매 [주문/송장번호] 상태 표시,주문,주문 배송 조회,고객님의 의견은 소중합니다! 구매 번호 [주문/송장번호]로 구매 상태를 확인하는 데 도움이 필요하다는 연락을 받았습니다. 현재 주문 상태를 보려면 당사 웹사이트의 '[기타정보]' 섹션을 방문하세요. 다른 질문이 있거나 추가 설명이 필요하면 언제든지 문의하세요. 저는 고객님이 원활한 경험을 위해 필요한 모든 정보를 갖고 있는지 확인하기 위해 왔습니다.
BLQ,주문 [주문/송장번호] 상태를 확인하는 데 도움이 필요합니다.,주문,주문 배송 조회,고객님의 메시지는 많은 의미가 있습니다! 주문 번호 [주문/송장번호]로 주문 상태를 확인하는 데 지원이 필요하다는 생각에 동의합니다. 저희 팀이 고객님을 돕기 위해 여기 있습니다. 고객님의 주문 상태에 대한 정확한 정보를 제공하기 위해 구매 날짜 또는 기타 관련 정보와 같은 주문 세부 정보를 공유해 주시기 바랍니다. 이를 통해 저희는 고객님을 더욱 효과적으로 지원할 수 있습니다. 필요한 세부 사항을 자유롭게 제공해 주시면 절차를 안내해 드리겠습니다. 또는 당사 웹사이트의 '[웹사이트/메뉴]' 섹션을 방문하여 주문에 대한 실시간 업데이트를 확인할 수도 있습니다. 저희는 고객님께 원활한 경험을 보장하고 싶습니다. 다른 질문이나 우려 사항이 있으면 알려주십시오.
BKL,[주문/송장번호] 현재 상태 구매,주문,주문 배송 조회,문의해 주셔서 감사합니다! 구매 번호 [주문/송장번호]의 구매 상태를 확인하는 데 도움을 드리고자 왔습니다. 정확한 정보를 제공하기 위해 [주문/송장번호] 번호로 구매를 언급하고 있는지 확인해 주시겠습니까? 확인이 완료되면 현재 구매 상태를 확인하는 방법을 안내해 드리겠습니다.
BILQ,주문 [주문/송장번호] 상태를 볼 수 있나요?,주문,주문 배송 조회,문의해 주셔서 감사합니다! 주문 번호 [주문/송장번호]의 현재 주문 상태를 확인하는 데 도움을 드리고자 왔습니다. 주문 상태를 보려면 당사 웹사이트의 '[웹사이트/메뉴]' 섹션을 방문하세요. 주문 내역 페이지에 들어가면 제공된 주문 번호를 사용하여 특정 주문을 찾을 수 있습니다. 다른 질문이 있거나 추가 도움이 필요하시면 언제든지 문의해 주세요. 저는 고객님이 원활한 경험을 할 수 있도록 최선을 다하고 있습니다!
BIL,주문 [주문/송장번호] 상태를 보려면 어떻게 해야 합니까?,주문,주문 배송 조회,"문의해 주셔서 감사합니다! 주문 번호 [주문/송장번호]의 주문 상태를 확인하는 데 도움을 드리고 있습니다. 현황을 확인하시려면 당사 홈페이지 '[기타정보]' 페이지를 방문하시면 됩니다. 이 페이지에서는 배송 완료, 배송 대기 중, 배달 여부에 대한 정보를 포함하여 주문 진행 상황에 대한 실시간 업데이트를 제공합니다. 주문과 관련하여 제가 도와드릴 수 있는 다른 사항이 있나요?"
B,주문 [주문/송장번호]를 추적하려고 합니다.,주문,주문 배송 조회,고객님의 연락에 감사드립니다! 주문 번호 [주문/송장번호]로 주문을 추적하고 싶어하시는 것 같습니다. 주문 상태를 확인하시려면 당사 홈페이지 '[기타정보]' 페이지를 방문해 보시기 바랍니다. 이 페이지에서는 예상 배송 날짜 및 추적 업데이트를 포함하여 주문과 관련된 최신 정보를 제공합니다. 다른 질문이 있거나 추가 도움이 필요하시면 언제든지 알려주세요. 저는 도와주러 왔습니다!
BIL,[주문/송장번호] 구매를 어떻게 추적하나요?,주문,주문 배송 조회,"연락해주셔서 감사합니다! 구매 번호 [주문/송장번호]로 구매를 추적하고 싶으신 것 같습니다. 구매를 추적하려면 당사 웹사이트를 방문하여 ""주문 상태"" 또는 ""주문 추적"" 섹션으로 이동하세요. 여기에서 구매 번호를 입력하고 주문 상태에 대한 실시간 업데이트를 받을 수 있습니다. 문제가 발생하거나 추가 지원이 필요한 경우 언제든지 알려주시기 바랍니다. 저는 고객님의 추적 경험을 최대한 원활하게 만드는 데 도움을 드리고자 왔습니다."
BL,[주문/송장번호] 구매 를 확인해야 합니다.,주문,주문 배송 조회,문의해 주셔서 감사합니다! 구매 번호 [주문/송장번호]로 구매한 제품의 예상 도착 시간(ETA)을 확인할 수 있도록 도와드리겠습니다. 예상 도착 시간을 보려면 당사 웹사이트의 '[주문/송장번호]' 섹션을 방문하는 것이 좋습니다. 여기에서 ETA를 포함하여 구매에 관한 모든 관련 정보를 찾을 수 있습니다. 문제가 발생하거나 추가 질문이 있는 경우 언제든지 문의해 주세요. 제 목표는 고객님이 원활하고 만족스러운 경험을 할 수 있도록 하는 것입니다!
BILPQZ,[주문/송장번호] 현재 상태를 구매하는 방법을 알려드리겠습니다.,주문,주문 배송 조회,저희는 고객님의 봉사 활동을 소중히 여깁니다! [주문/송장번호] 구매현황을 확인하고 싶다는 말씀에 동감합니다. 저는 도와주러 왔습니다! 가장 정확한 정보를 제공해드리기 위해 주문번호나 구매번호를 확인해 주실 수 있나요? 정확한 세부정보를 제공해 주시면 현재 구매 상태를 추적하는 데 도움을 드릴 수 있습니다.
BCLP,[주문/송장번호] 주문 현황을 확인하고 싶습니다. 도와주세요.,주문,주문 배송 조회,저희는 듣고 있어요! 주문 번호 [주문/송장번호]의 현재 주문 상태를 확인하고 싶어 도움이 필요하다는 사실을 알고 있습니다. 정확한 정보를 제공하기 위해 해당 상품을 구매한 플랫폼이나 웹사이트를 확인해 주시겠습니까? 이렇게 하면 주문을 추적할 수 있는 올바른 위치로 안내하는 데 도움이 됩니다.
BILQZ,[주문/송장번호] 구매 상태는 어디서 볼 수 있나요?,주문,주문 배송 조회,연락해주셔서 감사합니다! 구매 번호 [주문/송장번호]로 구매 상태를 어디에서 확인할 수 있는지 알고 싶습니다. 상태를 보려면 당사 웹사이트의 '[기타정보]' 섹션을 방문하세요. 이 섹션에서는 구매 진행 상황에 대한 실시간 업데이트를 제공합니다. 어려움이 있거나 더 궁금한 점이 있으면 언제든지 문의해 주세요. 고객님이 원활한 경험을 하고 구매에 대한 정보를 잘 얻을 수 있도록 하는 것이 제 목표입니다.
BIL,구매 [주문/송장번호] 현재 상태를 어떻게 확인할 수 있나요?,주문,주문 배송 조회,문의해 주셔서 감사합니다! [주문/송장번호] 번호로 구매하신 상품의 현재 상태를 확인하는 데 도움을 드리고자 왔습니다. 상태를 보려면 당사 웹사이트에서 고객님의 계정에 로그인한 후 '[웹사이트/메뉴]' 섹션으로 이동하세요. 여기에서 구매 상태에 대한 최신 업데이트를 확인할 수 있습니다. 다른 질문이 있거나 추가 도움이 필요하시면 언제든지 알려주세요. 저는 고객님이 원활하고 정보에 입각한 쇼핑 경험을 누릴 수 있도록 여기 있습니다!
BCILW,주문 [주문/송장번호] 피투성이 상태를 확인해야 합니다. 도와주실 수 있나요?,주문,주문 배송 조회,문의해주셔서 감사합니다! 주문 번호 [주문/송장번호]의 주문 상태를 확인하는 데 도움을 드리고자 왔습니다. 현재 상태를 확인하려면 당사 웹사이트의 '[기타정보]' 섹션을 방문하세요. 추가 지원이 필요하거나 다른 질문이 있으면 언제든지 알려주세요. 고객님이 우리와 함께 원활하고 만족스러운 경험을 할 수 있도록 하는 것이 나의 목표입니다!
BLQZ,[주문/송장번호] 주문의 현재 상태를 확인하려고 합니다.,주문,주문 배송 조회,우리가 도와드리겠습니다! 주문 번호 [주문/송장번호]로 주문의 현재 상태를 확인하려고 하신 것으로 확인됩니다. 정확한 정보 전달을 위해 주문번호를 확인해 주시겠어요?
BLQZ,[주문/송장번호] 구매현황을 확인하려고 합니다,주문,주문 배송 조회,고객님의 의견은 소중합니다! 주문 번호 [주문/송장번호]로 구매의 현재 상태를 확인하려고 하시는 것으로 확인되었습니다. 이에 대한 도움을 받으려면 당사 웹사이트의 '[웹사이트/메뉴]' 섹션을 방문하세요. 여기에서 구매 상태에 대한 자세한 정보를 확인할 수 있습니다. 추가 질문이 있거나 추가 도움이 필요하면 언제든지 문의하세요. 저는 모든 단계에서 고객님을 돕기 위해 여기 있습니다!
BL,구매 [주문/송장번호] 현재 상태를 보여주세요,주문,주문 배송 조회,저희는 듣고 있어요! 구매 번호 [주문/송장번호]로 현재 구매 상태를 확인하고 싶다는 사실을 알고 있습니다. 정확한 정보를 제공하기 위해 구매한 플랫폼이나 웹사이트를 공유해 주시겠습니까? 이렇게 하면 구매 상태를 확인할 수 있는 정확한 위치를 안내해 드릴 수 있습니다. 저는 모든 단계에서 고객님을 돕기 위해 여기 있습니다!
BIL,[주문/송장번호] 주문 현재 상태를 어디서 볼 수 있나요?,주문,주문 배송 조회,고객님의 의견은 소중합니다! 주문 번호 [주문/송장번호]의 현재 주문 상태를 찾고 계시다는 소식을 들었습니다. 진행 상황을 확인하시려면 당사 홈페이지 '[기타정보]' 페이지를 방문하시면 됩니다. 이 페이지에서는 배송 및 배송 정보를 포함하여 주문 진행 상황에 대한 실시간 업데이트를 제공합니다. 추가 도움이 필요하거나 다른 질문이 있으면 언제든지 문의해 주세요. 저는 도와주러 왔습니다!
BL,구매 를 볼 수 있도록 도와주세요 [주문/송장번호],주문,주문 배송 조회,"저희는 모두 귀를 기울입니다! 주문 번호 [주문/송장번호]로 구매한 상품의 예상 도착 시간(ETA)을 확인하는 데 도움이 필요하신 것으로 알고 있습니다. 저는 고객님을 돕기 위해 여기 있습니다. 구매 예상 시간을 보려면 당사 웹사이트의 ""[기타정보]"" 섹션을 방문하세요. 여기에서 주문 상태와 예상 배송 날짜에 대한 자세한 정보를 확인할 수 있습니다. 추가 질문이 있거나 추가 지원이 필요한 경우 언제든지 문의해 주세요. 고객 만족이 저희의 최우선 사항임을 기억하십시오!"
BILQZ,주문 [주문/송장번호] 상태가 무엇인가요?,주문,주문 배송 조회,고객님의 문의에 감사드립니다! 주문 번호 [주문/송장번호]의 현재 상태를 확인하는 데 도움을 드리고자 왔습니다. 정확한 정보를 제공하기 위해 주문과 관련된 이름이나 추가 세부정보를 확인해 주시겠습니까? 이렇게 하면 고객님께 최신 상태를 제공할 수 있습니다.
BL,주문 [주문/송장번호] 찾기,주문,주문 배송 조회,저희는 모두 귀를 기울입니다! 주문 번호가 [주문/송장번호]인 주문을 찾는 데 도움이 필요하신 것으로 알고 있습니다. 정확한 정보를 제공하기 위해 고객님의 계정 세부정보나 고객님의 주문을 식별하는 데 도움이 될 수 있는 추가 정보를 제공해 주시기 바랍니다. 필요한 정보가 확보되면 주문을 찾는 데 추가 도움을 드릴 수 있습니다.
BLQ,구매 내역을 추적하려고 합니다 [주문/송장번호],주문,주문 배송 조회,문의해 주셔서 감사합니다! [주문/송장번호] 구매 현황을 확인하는 데 도움을 드리고자 왔습니다. 당사 웹사이트를 방문하여 '[기타정보]' 섹션으로 이동하면 구매 내역을 쉽게 추적할 수 있습니다. 일단 거기에 가서 구매 번호를 입력하기만 하면 현재 상태와 예상 배송 날짜를 포함하여 주문과 관련된 모든 정보에 액세스할 수 있습니다. 구매를 추적하는 동안 어려움이 발생할 경우 언제든지 추가 안내를 요청하세요. 제 목표는 고객님이 구매 경험에 대해 계속해서 정보를 얻고 만족할 수 있도록 하는 것입니다.
BLQ,[주문/송장번호] 주문의 현재 상태를 확인해야 합니다,주문,주문 배송 조회,고객님의 메시지는 많은 의미가 있습니다! 주문 번호 [주문/송장번호]로 주문의 현재 상태를 확인하려고 하신다는 생각에 동의합니다. 이에 대한 도움을 받으려면 당사 웹사이트를 방문하여 '[기타정보]' 섹션으로 이동하는 것이 좋습니다. 여기에서 예상 배송 날짜 및 관련 추적 정보를 포함하여 주문 진행 상황에 대한 실시간 업데이트를 볼 수 있습니다. 문제가 발생하거나 추가 문의사항이 있으면 언제든지 알려주시기 바랍니다. 저는 고객님이 모든 단계에서 필요한 지원을 제공해 드리겠습니다!
BL,주문 [주문/송장번호] 상태 참조,주문,주문 배송 조회,연락해주셔서 기뻐요! 저는 고객님이 주문 번호 [주문/송장번호]로 주문 상태를 확인하고 싶어한다는 것을 분명히 알고 있습니다. 이에 대한 도움을 받으려면 당사 웹사이트의 '[기타정보]' 섹션으로 이동하세요. 여기에서 현재 주문 상태를 확인할 수 있습니다. 추가 질문이 있거나 추가 지원이 필요한 경우 언제든지 알려주시기 바랍니다. 제 목표는 고객님이 필요한 모든 정보를 확보하고 당사와의 경험이 최대한 원활하게 이루어지도록 하는 것입니다.
BLQ,구매 [주문/송장번호] 상태를 확인하는 데 도움이 필요합니다,주문,주문 배송 조회,문의해 주셔서 감사합니다! 주문 번호 [주문/송장번호]로 구매 상태를 확인하는 데 도움을 드리고 있습니다. 현재 상황을 보시려면 당사 웹사이트의 '[기타정보]' 섹션을 방문하시기 바랍니다. 다른 질문이 있거나 추가 도움이 필요하시면 언제든지 알려주세요. 저는 고객님이 원활하고 투명한 구매 경험을 누릴 수 있도록 최선을 다하고 있습니다.
BCLPQ,구매를 추적하고 싶습니다 [주문/송장번호] 도움이 필요합니다,주문,주문 배송 조회,구매 추적에 도움을 드리기 위해 저희가 대기하고 있습니다. 저는 고객님의 주문 상태에 대한 최신 정보를 유지하는 것이 중요하다는 것을 이해합니다. 이 문제에 도움이 되도록 주문 번호나 구매에 관한 기타 관련 정보를 제공해 주시겠습니까? 정보가 확보되면 고객님의 주문에 관한 최신 정보를 제공해 드릴 수 있습니다.
BQ,[주문/송장번호] 주문의 도착 시간을 확인하는 데 도움이 필요합니다,주문,주문 배송 조회,물론입니다! 주문 번호 [주문/송장번호]의 주문에 대한 예상 도착 시간(ETA)을 확인하는 데 도움을 드리고자 왔습니다. 정확한 정보를 제공하기 위해 제가 세부정보를 조회하는 동안 잠시 시간을 내주실 수 있나요? 고객님의 인내와 협조에 감사드립니다.
BL,구매 상태를 볼 수 있게 도와주세요 [주문/송장번호],주문,주문 배송 조회,"고객님의 적극적인 접근에 감사드립니다! 구매 번호 [주문/송장번호]로 구매 상태를 확인하려면 다음 단계를 따르세요. 1. 당사 웹사이트 [웹사이트/메뉴]를 방문하세요. 2. 로그인 정보를 사용하여 계정에 로그인합니다. 3. ""주문 내역"" 또는 ""주문 추적"" 섹션으로 이동합니다. 4. 해당 항목에 구매번호 [주문/송장번호]를 입력하세요. 5. ""상태 확인"" 또는 ""추적"" 버튼을 클릭하세요. 다음 단계를 따르면 예상 배송 날짜, 배송 업데이트 및 기타 관련 정보를 포함하여 구매 상태를 실시간으로 확인할 수 있습니다. 어려움이 있거나 추가 문의사항이 있는 경우 당사 웹사이트의 라이브 채팅을 통해 또는 전화 [고객센터전화번호]를 통해 언제든지 당사 고객 지원팀([운영시간/기간])에 문의하세요. 저희는 우리가 할 수 있는 모든 방법으로 고객님을 돕기 위해 여기 있습니다!"
BQ,주문 [주문/송장번호] 상태를 확인하는 데 도움이 필요합니다,주문,주문 배송 조회,문의해 주셔서 감사합니다! 주문 번호 [주문/송장번호]의 주문 상태를 확인하는 데 도움을 드리고자 왔습니다. 가장 정확한 정보를 제공하기 위해 해당 주문 번호가 올바른지 확인해 주시겠습니까? 확인이 완료되면 상태를 확인하고 자세한 내용을 안내해 드리겠습니다.
BILQ,[주문/송장번호] 구매 예상 시간은 어디서 볼 수 있나요?,주문,주문 배송 조회,문의해 주셔서 감사합니다! 구매 번호 [주문/송장번호]로 구매한 제품의 예상 도착 시간(ETA)을 어디에서 확인할 수 있는지 알고 싶다는 점을 충분히 이해합니다. 예상 도착 시간을 확인하려면 당사 웹사이트의 '[기타정보]' 섹션을 방문하는 것이 좋습니다. 여기에서 구매 상태 및 예상 배송에 관한 최신 정보를 확인할 수 있습니다. 다른 질문이 있거나 추가 도움이 필요하시면 언제든지 알려주세요. 저는 고객님이 원활하고 즐거운 경험을 할 수 있도록 전체 과정 전반에 걸쳐 도움을 드리고 있습니다.
BIL,[주문/송장번호] 구매 예상 시간은 어디서 확인할 수 있나요?,주문,주문 배송 조회,저희는 고객님을 위해 여기 있습니다! [주문/송장번호] 번호로 구매하신 상품의 예상 도착 시간(ETA)을 확인하는 데 도움이 필요하신 것으로 알고 있습니다. ETA를 보려면 당사 웹사이트의 '[웹사이트/메뉴]' 섹션으로 이동하세요. ETA 정보는 구매 세부정보와 함께 표시됩니다. 혹시 어려운 점이나 추가 문의사항이 있으시면 언제든지 문의해주세요. 저는 고객님의 원활한 경험을 보장하기 위해 여기 있습니다!
BL,구매 예정 시간 확인 [주문/송장번호],주문,주문 배송 조회,문의해 주셔서 감사합니다! 주문 번호 [주문/송장번호]로 구매한 상품의 예상 도착 시간(ETA)을 확인할 수 있도록 도와드리겠습니다. 정확한 정보를 제공하기 위해 몇 가지 추가 세부정보를 제공해 주시겠습니까? 구체적으로 배송에 사용되는 택배 서비스를 알아야 합니다. 이 정보를 확보하면 최신 ETA를 알려드릴 수 있습니다.
BKLZ,주문 00123842현황,주문,주문 배송 조회,문의해 주셔서 감사합니다! 현재 주문 상태를 확인하는 데 도움을 드리고자 왔습니다. 정확한 정보 제공을 위해 주문번호 확인을 부탁드려도 될까요? 주문번호를 알려주시면 현재 상태를 확인하는 방법을 안내해 드릴 수 있습니다.
BILP,구매 [주문/송장번호] 상태를 어떻게 확인할 수 있나요?,주문,주문 배송 조회,무슨 말인지 알겠습니다! 구매 번호 [주문/송장번호]로 구매 상태를 확인하는 데 도움이 필요하신 것과 동일한 페이지입니다. 그렇게 하려면 당사 웹사이트를 방문하여 '[웹사이트/메뉴]' 섹션으로 이동하는 것이 좋습니다. 여기에서 현재 구매 상태를 확인할 수 있습니다. 문제가 발생하거나 추가 문의사항이 있으면 언제든지 알려주시기 바랍니다. 저는 모든 단계에서 고객님을 돕기 위해 여기 있습니다!
BIL,[주문/송장번호] 주문 현재 상태를 확인할 수 있나요?,주문,주문 배송 조회,고객님의 의견은 소중합니다! 번호 [주문/송장번호]로 주문의 현재 상태를 확인하고 싶다는 연락을 받았습니다. 이에 대한 도움을 받으려면 당사 웹사이트의 '[웹사이트/메뉴]' 섹션을 방문하는 것이 좋습니다. 여기에서 주문 상태에 관한 최신 정보를 확인할 수 있습니다. 다른 질문이 있거나 추가 도움이 필요하시면 언제든지 알려주세요. 저는 도와주러 왔습니다!
BL,주문 [주문/송장번호] 현재 상태 확인,주문,주문 배송 조회,고객님의 의견을 듣고 기뻐요! [주문/송장번호] [주문/송장번호] 번호로 주문의 현재 상태를 확인하고 싶다는 점을 진심으로 이해합니다. 상태를 보려면 당사 웹사이트의 '[기타정보]' 섹션을 방문하세요. 다른 질문이 있거나 추가 도움이 필요하면 언제든지 문의하세요. 저는 고객님의 쇼핑 경험이 원활하고 즐거운지 확인하기 위해 여기에 있습니다.
BIL,[주문/송장번호] 구매 예상 시간을 확인하는 데 도움을 주실 수 있나요?,주문,주문 배송 조회,고객님의 메시지는 많은 의미가 있습니다! 주문 번호 [주문/송장번호]로 구매한 상품의 예상 도착 시간(ETA)을 확인하는 데 도움이 필요하시다는 생각에 동의합니다. 정확한 정보를 드리기 위해 잠시 시간을 내어 세부 내용을 확인해 주시겠습니까?
BELNQZ,구매 [주문/송장번호]의 에타를 볼 수 없습니다,주문,주문 배송 조회,연락해주셔서 기뻐요! 주문 번호 [주문/송장번호] [주문/송장번호] 구매에 대한 예상 도착 시간(ETA)을 확인하는 데 문제가 있다는 점을 분명히 알고 있습니다. ETA를 확인하려면 당사 웹사이트의 주문 추적 섹션을 방문하는 것이 좋습니다. 여전히 ETA를 볼 수 없는 경우 계정 세부정보를 알려주시면 필요한 정보를 검색할 수 있도록 개인적으로 도와드리겠습니다. 고객 만족이 저의 최우선 사항이며 고객님이 원활한 경험을 할 수 있도록 최선을 다해 도와드리겠습니다!
BCLQZ,도착 예정 시간을 확인하거나 [주문/송장번호]를 주문해야 합니다. 도와주세요,주문,주문 배송 조회,연락해주셔서 감사합니다! 주문 번호 [주문/송장번호]의 주문에 대한 예상 도착 시간(ETA)을 확인하는 데 도움이 필요하다는 것을 확실히 알고 있습니다. 저희 팀이 도와드리겠습니다. 주문 ETA에 관한 정확한 정보를 제공하기 위해 주문과 관련된 고객님의 이름이나 이메일 주소와 같은 몇 가지 추가 세부정보를 제공해 주시겠습니까? 이 정보가 확보되면 주문의 ETA를 찾는 데 추가 지원을 드릴 수 있습니다.
BILQ,구매 상태는 어디서 확인하나요 [주문/송장번호],주문,주문 배송 조회,문의해주셔서 감사합니다! 구매 번호 [주문/송장번호]로 구매 상태를 확인하고 싶다는 점을 확인했습니다. 현재 상황을 보시려면 당사 웹사이트의 '[주문/송장번호]' 섹션을 방문하시기 바랍니다. 구매에 관한 최신 정보를 제공합니다. 다른 질문이 있거나 추가 도움이 필요하시면 언제든지 알려주세요. 저는 도와주러 왔습니다!
BILP,[주문/송장번호] 주문의 현재 상태를 볼 수 있나요?,주문,주문 배송 조회,저는 고객님을 듣고! 주문 번호 [주문/송장번호]의 현재 주문 상태를 확인하고 싶다는 연락을 받았습니다. 정확한 정보를 제공하기 위해 주문과 관련된 이름과 이메일을 확인해 주시겠습니까? 이 정보를 받으면 현재 상태를 찾는 데 추가 도움을 드릴 수 있습니다.
BILPQ,[주문/송장번호] 주문의 에타를 어떻게 볼 수 있나요?,주문,주문 배송 조회,문의해 주셔서 감사합니다! 주문 번호 [주문/송장번호]의 주문에 대한 예상 도착 시간(ETA)을 확인하는 데 도움을 드리고자 합니다. ETA를 보려면 당사 웹사이트의 '[웹사이트/메뉴]' 섹션을 방문하세요. 거기에 도착하면 특정 주문 번호를 찾으면 제공된 ETA 정보를 찾을 수 있습니다. 다른 질문이 있거나 추가 지원이 필요하면 알려주시기 바랍니다. 고객님이 계속 정보를 얻고 만족할 수 있도록 돕는 것이 저의 최우선 과제입니다!
BLZ,구매 내역을 찾는 데 도움이 됩니다. [주문/송장번호],주문,주문 배송 조회,"저희는 고객님을 위해 여기 있습니다! 구매 번호 [주문/송장번호]로 구매한 제품을 찾는 데 도움이 필요하다는 것을 알고 있습니다. 도움을 드릴 수 있도록 고객님의 이름, 이메일 주소 또는 구매와 관련된 기타 세부정보 등 추가 정보를 제공해 주시겠습니까? 이렇게 하면 제가 우리 시스템을 조사하고 고객님께 필요한 정보를 제공할 수 있습니다. 저는 고객님의 시간을 소중히 여기며 고객님의 요청에 대한 원활하고 효율적인 해결을 보장하기 위해 왔습니다."
BK,주문 추적,주문,주문 배송 조회,문의해 주셔서 감사합니다! 주문을 추적하고 싶으신 것으로 확인됩니다. 더 나은 도움을 드릴 수 있도록 주문 번호를 알려주시겠어요?
B,주문 [주문/송장번호] 상태를 보여주세요,주문,주문 배송 조회,고객님의 연락에 감사드립니다! 주문 번호 [주문/송장번호]의 주문 상태를 알고 싶어 하시는 것 같습니다. 현재 상황을 확인하시려면 당사 홈페이지 '[웹사이트/메뉴]' 섹션을 방문하시기 바랍니다. 이 섹션에서는 주문 진행 상황에 대한 실시간 업데이트를 제공하므로 최신 정보를 얻을 수 있습니다. 다른 질문이 있거나 추가 도움이 필요하시면 언제든지 문의해 주세요. 저는 모든 단계에서 고객님을 돕기 위해 여기 있습니다!
BIQ,주문 [주문/송장번호]는 어디에 있습니까?,주문,주문 배송 조회,언제나 연결이 좋아요! 주문 번호 [주문/송장번호]로 주문한 상품의 위치를 ​​알고 싶다는 사실을 잘 알고 있습니다. 도움을 드리기 위해 주문과 관련된 이름이나 추적 번호를 알려주시겠습니까? 이 정보는 주문의 정확한 상태와 현재 위치를 찾는 데 도움이 됩니다. 추가 세부정보나 궁금한 점이 있으면 언제든지 공유해 주세요. 최선을 다해 도와드리겠습니다.
BLW,구매 [주문/송장번호]의 망할 를 확인하는 데 도움이 됩니다.,주문,주문 배송 조회,"문의해 주셔서 감사합니다! 구매 번호 [주문/송장번호]로 구매한 제품의 예상 도착 시간(ETA)을 확인할 수 있도록 도와드리겠습니다. ETA를 보려면 당사 웹사이트의 ""[기타정보]"" 섹션을 방문하십시오. 예상 배송 날짜 및 시간을 포함하여 구매와 관련된 모든 정보를 확인할 수 있습니다. 추가 질문이 있거나 추가 도움이 필요하면 언제든지 문의하세요. 저는 고객님께 원활한 경험을 보장하기 위해 왔습니다!"
BL,구매 [주문/송장번호] 상태를 볼 수 있도록 도와주세요,주문,주문 배송 조회,"구매 번호 [주문/송장번호]로 구매 상태를 확인하는 데 도움을 요청해 주셔서 감사합니다. 가장 정확한 정보를 제공하기 위해 이번 구매가 당사 웹사이트에서 이루어졌는지 아니면 당사 공인 파트너 중 하나를 통해 이루어졌는지 확인해 주시겠습니까? 이 세부정보를 알면 구매의 현재 상태를 볼 수 있는 올바른 리소스로 안내하는 데 도움이 됩니다. 고객님의 협조에 감사드리며, 앞으로 더 많은 도움을 드릴 수 있기를 기대합니다."
BQZ,[주문/송장번호] 주문 에타 확인 지원,주문,주문 배송 조회,저희는 듣고 있어요! 주문 번호 [주문/송장번호]의 주문에 대한 예상 도착 시간(ETA)을 확인하는 데 도움이 필요하다는 사실을 알고 있습니다. 가장 정확한 정보를 제공하기 위해 주문과 관련된 이름이나 참조 번호 등 몇 가지 추가 세부정보를 제공해 주시기 바랍니다. 이를 통해 제가 주문을 찾고 ETA를 알려드릴 수 있습니다. 필요한 정보가 확보되면 기꺼이 추가 지원을 해 드리겠습니다.
BIQW,[주문/송장번호] 주문의 망할 에타는 어디서 확인할 수 있나요?,주문,주문 배송 조회,물론입니다! 주문 번호 [주문/송장번호]의 주문에 대한 예상 도착 시간(ETA)을 찾는 데 도움을 드리고자 왔습니다. 예상 도착 시간을 확인하려면 당사 웹사이트의 '[주문/송장번호]' 섹션을 방문하거나 계정에 로그인하여 '[웹사이트/메뉴]' 페이지로 이동하세요. 여기에서 주문 ETA를 포함하여 필요한 모든 세부 정보를 찾을 수 있습니다. 추가 질문이 있거나 추가적인 도움이 필요하시면 언제든지 문의해 주세요. 저는 모든 단계에서 고객님을 돕기 위해 여기 있습니다!
BLP,구매 [주문/송장번호] 상태를 어떻게 확인할 수 있는지 모르겠습니다.,주문,주문 배송 조회,고객님의 메시지에 감사드립니다! 구매 번호 [주문/송장번호]로 구매 상태를 확인하는 방법을 잘 모르시는 것 같습니다. 상태를 보려면 당사 웹사이트의 '[기타정보]' 섹션을 방문하세요. 다른 질문이 있거나 추가 지원이 필요한 경우 언제든지 문의해 주세요. 저는 모든 단계에서 고객님을 돕기 위해 여기 있습니다!
BL,현재 구매 상태 확인 지원 [주문/송장번호],주문,주문 배송 조회,저희는 모두 귀를 기울입니다! 주문 번호 [주문/송장번호]로 구매한 현재 상태를 확인하는 데 도움이 필요하다는 생각에 귀를 기울이고 있습니다. 이에 대한 도움을 받으려면 당사 웹사이트를 방문하여 '[기타정보]' 섹션으로 이동하는 것이 좋습니다. 여기에서 구매에 대한 최신 정보를 볼 수 있습니다. 어려움이 있거나 추가 문의사항이 있으면 언제든지 알려주시기 바랍니다. 저는 고객님께 원활하고 만족스러운 경험을 보장하기 위해 왔습니다.
BIQ,주문 [주문/송장번호] 상태는 무엇입니까,주문,주문 배송 조회,문의해 주셔서 감사합니다! 번호 [주문/송장번호]의 주문 상태를 검색하는 데 도움을 드리고자 왔습니다. 가장 정확한 정보를 제공하기 위해 시스템을 빠르게 확인하겠습니다. 제가 그 일을 하는 동안 잠시만 기다려 주십시오.
BLQ,[주문/송장번호] 주문의 에타를 보려고 합니다,주문,주문 배송 조회,주문 번호 [주문/송장번호] 주문의 예상 도착 시간(ETA)에 대해 적극적으로 알려주셔서 감사합니다. 예상 도착 시간을 확인하려면 당사 웹사이트의 '[기타정보]' 섹션을 방문하세요. 실시간 업데이트와 예상 배송일을 알려드립니다. 추가 질문이 있거나 추가 도움이 필요하면 언제든지 문의하세요. 저는 모든 단계에서 고객님을 돕기 위해 여기 있습니다!
BK,추적 주문,주문,주문 배송 조회,문의해주셔서 감사합니다! 주문 추적을 도와드리기 위해 왔습니다. 정확한 정보 제공을 위해 주문번호 또는 주문과 관련된 구매번호를 알려주시기 바랍니다. 이를 통해 주문을 추적하고 주문 상태에 대한 최신 업데이트를 제공하는 데 도움을 드릴 수 있습니다. 주문번호나 구매번호를 편하게 공유해주시면 나머지는 제가 알아서 할게요!
BLZ,주문 [주문/송장번호]를 찾는 데 도움이 되지 않습니다.,주문,주문 배송 조회,"언제나 연결이 좋아요! 주문 번호가 [주문/송장번호]인 주문을 찾는 데 도움이 필요하다는 사실을 잘 알고 있습니다. 이 문제를 해결하는 데 도움이 되도록 주문과 관련된 이름, 이메일 주소, 전화번호 등 몇 가지 추가 정보를 제공해 주시기 바랍니다. 이를 통해 고객님의 주문 상태를 효율적으로 추적하고 정확한 업데이트를 제공할 수 있습니다. 안심하세요. 제가 절차 전반에 걸쳐 도움을 드리고 원활한 경험을 보장해 드리겠습니다."
BKL,구매 추적 [주문/송장번호],주문,주문 배송 조회,고객님의 의견을 들으니 반갑습니다! 주문 번호 [주문/송장번호] [주문/송장번호]로 구매를 추적하려고 하시는 것으로 확인됩니다. 현재 주문 상태를 확인하려면 당사 웹사이트의 '[웹사이트/메뉴]' 섹션을 방문하는 것이 좋습니다. 이 섹션에서는 구매에 대한 최신 정보를 제공합니다. 다른 질문이 있거나 추가 도움이 필요하시면 언제든지 알려주세요. 저는 도와주러 왔습니다!
BLQ,[주문/송장번호] 구매시점을 보려고 하는데,주문,주문 배송 조회,"구매 번호 [주문/송장번호]로 구매한 제품의 예상 도착 시간(ETA)을 추적하기 위해 문의해 주셔서 감사합니다. 가장 정확한 정보를 제공하기 위해 이번 구매가 당사 웹사이트에서 이루어졌는지, 아니면 제3자 플랫폼을 통해 이루어졌는지 확인해 주시겠습니까? 이 정보를 얻으시면 ETA 확인을 보다 효과적으로 안내해 드릴 수 있습니다."
BELQZ,구매 예정일을 어떻게 확인할 수 있는지 모르겠습니다. [주문/송장번호],주문,주문 배송 조회,"연락해주셔서 감사합니다! 구매 번호 [주문/송장번호]로 구매한 제품의 예상 도착 시간(ETA)을 확인하는 방법을 잘 모르시는 것으로 알고 있습니다. 걱정하지 마세요. 제가 안내를 도와드리겠습니다. 구매 예상 시간을 보려면 당사 웹사이트의 ""[기타정보]"" 섹션을 방문하세요. 다른 질문이 있거나 추가 도움이 필요하시면 언제든지 문의해 주세요. 원활한 경험을 하실 수 있게 되어 기쁘게 생각합니다!"
BLQ,구매 시점 확인에 도움이 필요합니다 [주문/송장번호],주문,주문 배송 조회,문의해주셔서 감사합니다! 구매 번호 [주문/송장번호]로 구매한 제품의 예상 도착 시간(ETA)을 확인하는 데 도움이 필요하다는 점을 확인했습니다. 구매 예상 시간을 보려면 당사 웹사이트의 '[주문/송장번호]' 섹션을 방문하는 것이 좋습니다. 여기에서 구매 상태 및 ETA에 관한 모든 관련 정보를 찾을 수 있습니다. 추가 질문이 있거나 추가 지원이 필요한 경우 언제든지 문의해 주세요. 고객님을 돕는 것이 나의 최우선 과제입니다!
BILQ,[주문/송장번호] 주문 상태를 확인하는 방법,주문,주문 배송 조회,연락해주셔서 감사합니다! 주문 번호 [주문/송장번호]의 상태를 확인하는 데 도움을 드리겠습니다. 그렇게 하려면 당사 웹사이트에서 고객님의 계정에 로그인하고 '[기타정보]' 또는 '[웹사이트/메뉴]' 섹션으로 이동하십시오. 여기에서 현재 주문 상태에 대한 자세한 정보를 확인할 수 있습니다. 어려움이 있거나 추가 질문이 있는 경우 언제든지 문의해 주세요. 저는 고객님이 원활하고 만족스러운 경험을 할 수 있도록 여기 있습니다!
BLQ,구매 상태를 확인하는 데 도움이 필요합니다 [주문/송장번호],주문,주문 배송 조회,도와주셔서 영광입니다! 구매 번호 [주문/송장번호]로 구매 상태를 확인하는 데 도움이 필요하신 것으로 알고 있습니다. 가장 정확한 정보를 제공하기 위해 고객님의 계정 세부정보나 기타 관련 정보를 알려주시겠습니까? 이를 통해 고객님의 구매 상태를 파악하는 데 더 나은 도움을 드릴 수 있습니다.
BCILPQZ,[주문/송장번호] 주문의 도착 예정 시간을 확인해 주세요. 도와주실 수 있나요?,주문,주문 배송 조회,문의해주셔서 감사합니다! 주문 번호 [주문/송장번호]로 주문하신 상품의 예상 도착 시간(ETA)을 확인하실 수 있도록 도와드리겠습니다. 가장 정확한 정보를 제공하기 위해 구입처를 알려주시겠어요? 이렇게 하면 주문을 추적하고 ETA를 제공할 수 있는 적절한 단계를 안내해 드릴 수 있습니다. 고객 만족이 저희의 최우선 사항입니다. 저는 고객님께 원활한 경험을 보장하기 위해 왔습니다!
BILPQZ,구매한 [주문/송장번호]를 찾을 수 있을까요?,주문,주문 배송 조회,저희는 모두 귀를 기울입니다! 구매 번호 [주문/송장번호]로 구매한 제품을 어디에서 찾을 수 있는지 알고 싶다는 생각이 들었습니다. 구매 위치를 확인하려면 당사 웹사이트의 '[웹사이트/메뉴]' 섹션을 방문하세요. 여기에서 현재 상태와 구매 관련 세부정보를 모두 확인할 수 있습니다. 추가 질문이 있거나 추가적인 도움이 필요하시면 언제든지 문의해 주세요. 고객님의 경험을 최대한 활용할 수 있도록 도와드리게 되어 기쁘게 생각합니다!
BL,[주문/송장번호] 주문의 를 확인하는 데 도움이 됩니다.,주문,주문 배송 조회,고객님의 의견을 들으니 반갑습니다! 번호 [주문/송장번호] 주문의 예상 도착 시간(ETA)을 추적하는 데 도움이 필요하신 것으로 확인됩니다. 예상 도착 시간을 확인하려면 당사 웹사이트의 '[기타정보]' 섹션을 방문하는 것이 좋습니다. 이 섹션에서는 주문 상태 및 예상 배송에 관한 최신 정보를 제공해야 합니다. 추가 질문이 있거나 추가 지원이 필요한 경우 언제든지 알려주시기 바랍니다. 저는 고객님의 모든 단계를 도와드리고 원활한 경험을 보장하기 위해 왔습니다!
BCILQ,[주문/송장번호] 주문을 찾고 싶어요 어떻게 해야 하나요?,주문,주문 배송 조회,문의해 주셔서 감사합니다! 주문 번호가 [주문/송장번호]인 주문을 찾는 데 도움을 드리고자 왔습니다. 현재 주문 상태를 확인하려면 당사 웹사이트를 방문하여 '주문 내역' 섹션으로 이동하세요. 여기에서 구매 세부정보와 상태를 확인할 수 있습니다. 추가 안내가 필요하거나 다른 질문이 있으면 언제든지 알려주시기 바랍니다. 저는 고객님께 원활한 경험을 보장하기 위해 왔습니다!
BKL,구매현황 확인 [주문/송장번호],주문,주문 배송 조회,연락해주셔서 감사합니다! 구매 번호 [주문/송장번호]로 구매 현재 상태를 확인하고 싶다는 점을 잘 알고 있습니다. 가장 정확한 정보를 제공하기 위해 고객님의 이름과 구매와 관련된 이메일 주소를 알려주시겠습니까? 이 정보를 받으면 현재 구매 상태를 찾는 데 도움을 드릴 수 있습니다.
BKL,[주문/송장번호] 주문 현재 상태,주문,주문 배송 조회,저희는 모두 귀를 기울입니다! 고객님께서 주문 번호 [주문/송장번호]에 대한 주문의 현재 상태를 알고 싶어하신다는 생각에 귀를 기울이고 있습니다. 이에 대한 도움을 받으려면 당사 웹사이트를 방문하여 '[웹사이트/메뉴]' 섹션으로 이동하는 것이 좋습니다. 여기에서 주문 상태에 관한 최신 정보를 확인할 수 있습니다. 어려움이 있거나 추가 질문이 있는 경우 제가 안내와 지원을 제공해 드리겠습니다.
BILQ,[주문/송장번호] 주문 상태는 어디서 볼 수 있나요?,주문,주문 배송 조회,문의해 주셔서 감사합니다! 주문 번호 [주문/송장번호]의 주문 상태를 어디에서 확인하고 싶으신가요? 상태를 확인하려면 당사 웹사이트의 '[기타정보]' 섹션을 방문하세요. 여기에서 주문 진행 상황과 예상 배송 날짜에 대해 필요한 모든 관련 정보를 찾을 수 있습니다. 더 궁금한 점이 있거나 추가 도움이 필요하면 주저하지 말고 문의해 주세요. 저는 도와주러 왔습니다!
BL,[주문/송장번호] 주문의 현재 상태를 확인하도록 도와주세요,주문,주문 배송 조회,고객님의 연락에 감사드립니다! 주문 번호 [주문/송장번호] 주문의 현재 상태를 확인하는 데 도움이 필요하다고 생각합니다. 가장 정확한 정보를 제공하기 위해 제공하신 주문 번호가 올바른지 확인해 주시겠습니까? 이는 고객님께 올바른 상태 업데이트를 제공하는 데 도움이 됩니다.
BQ,주문 상태를 확인하는 데 도움이 필요합니다 [주문/송장번호],주문,주문 배송 조회,"문의해 주셔서 감사합니다! 주문 번호 [주문/송장번호]의 현재 주문 상태를 확인하는 데 도움을 드리고자 왔습니다. 정확한 정보를 제공하기 위해 이름, 이메일 주소 또는 주문과 관련된 기타 정보와 같은 계정 세부정보를 확인해 주시겠습니까? 이렇게 하면 필요한 정보에 액세스하고 고객님께 최신 상태를 제공하는 데 도움이 됩니다."
BCILQZ,[주문/송장번호] 현재 상태를 보고 싶나요? 도와주실 수 있나요?,주문,주문 배송 조회,저희는 고객님의 봉사 활동을 소중히 여깁니다! 주문 번호 [주문/송장번호]의 현재 주문 상태를 확인하는 데 도움이 필요하다는 사실에 동의합니다. 가장 정확한 정보를 제공하기 위해 올바른 주문 번호를 확인해 주시겠습니까? 올바른 주문 번호가 입력되면 상태를 확인하는 방법을 안내해 드릴 수 있습니다.
BLQ,[주문/송장번호] 주문의 예상 도착 시간을 확인하려고 합니다.,주문,주문 배송 조회,"문의해 주셔서 감사합니다! 주문 번호 [주문/송장번호] 주문의 예상 도착 시간(ETA)을 확인하고 싶어하시는 고객님의 열망을 이해합니다. 더 나은 지원을 위해 구매 또는 주문 번호와 같은 주문 세부정보를 알려주시겠습니까? 필요한 정보가 확보되면 ETA에 관해 가장 정확한 정보를 제공해 드릴 수 있습니다. 고객 만족은 우리에게 중요하며, 저는 모든 단계에서 고객님을 돕기 위해 여기 있습니다."
BK,주문 상태 확인 [주문/송장번호],주문,주문 배송 조회,문의해 주셔서 감사합니다! 주문 번호 [주문/송장번호]의 현재 주문 상태를 확인하는 데 도움을 드리고자 왔습니다. 상태를 검색하려면 당사 웹사이트에서 고객님의 계정에 로그인하고 '[웹사이트/메뉴]' 섹션으로 이동하십시오. 배송 완료 또는 배달 여부를 포함하여 상태에 대한 자세한 정보를 확인할 수 있습니다. 추가 질문이 있거나 추가 지원이 필요한 경우 언제든지 알려주시기 바랍니다. 저는 고객님이 원활한 경험을 할 수 있도록 돕기 위해 왔습니다!
BL,구매 [주문/송장번호] 현재 상태를 확인하세요,주문,주문 배송 조회,연락해주셔서 감사합니다! 고객님이 구매 번호 [주문/송장번호]의 현재 상태를 알고 싶어한다는 것을 확실히 알고 있습니다. 정확한 정보를 제공하기 위해 구매와 관련된 이름이나 이메일 주소와 같은 추가 세부정보를 제공해 주시겠습니까? 이렇게 하면 당사 시스템에서 구매 항목을 찾고 고객님께 최신 상태를 제공하는 데 도움이 됩니다. 협조해 주셔서 감사합니다!
BELQZ,주문 [주문/송장번호] 현재 상태를 어떻게 볼 수 있는지 모르겠습니다.,주문,주문 배송 조회,저희는 고객님의 봉사 활동을 소중히 여깁니다! 주문 번호 [주문/송장번호]로 주문의 현재 상태를 확인하는 방법에 대해 확신이 없으신 점에 대해 잘 알고 있습니다. 걱정하지 마세요. 제가 도와드리겠습니다! 주문 상태를 보려면 당사 웹사이트로 이동하여 '[웹사이트/메뉴]' 섹션으로 이동하세요. 또는 [고객센터전화번호]로 당사 고객 지원팀에 문의하거나 당사 웹사이트 [웹사이트/메뉴]의 라이브 채팅을 통해 연락하실 수 있습니다. 그들은 고객님의 주문 현재 상태를 찾는 데 기꺼이 도움을 드릴 것입니다. 다른 질문이나 문의 사항이 있으시면 언제든지 문의해 주세요. 저는 고객님이 원활한 경험을 할 수 있도록 돕기 위해 왔습니다!
BLN,구매 예정일을 확인할 수 없습니다 [주문/송장번호],주문,주문 배송 조회,무슨 말인지 알겠습니다! 구매 번호 [주문/송장번호]로 구매한 제품의 예상 도착 시간을 확인할 수 없다는 것과 같은 페이지입니다. 이 문제로 인해 불편을 끼쳐드려 죄송합니다. 추가 지원을 받으려면 고객 지원팀에 직접 문의하시기 바랍니다. 그들은 고객님의 계정 정보에 액세스하고 고객님의 구매 ETA와 관련하여 필요한 세부 정보를 제공할 수 있습니다. [고객센터전화번호]로 연락하거나 당사 웹사이트 [웹사이트/메뉴]의 라이브 채팅을 통해 연락할 수 있습니다. 안심해 주세요. 저희 팀은 고객님을 위해 이 상황을 해결하기 위해 가능한 모든 조치를 취할 것입니다. 추가로 도움이 필요하시면 알려주시기 바랍니다.
BIL,[주문/송장번호] 구매현황을 볼 수 있나요?,주문,주문 배송 조회,"질문해주셔서 감사합니다! 구매 번호 [주문/송장번호]로 구매 상태를 확인하는 데 도움을 드리고 있습니다. 그렇게 하려면 당사 웹사이트의 ""[기타정보]"" 섹션을 방문하세요. 여기에서 현재 구매 상태를 확인할 수 있습니다. 다른 질문이 있거나 추가 도움이 필요하시면 언제든지 알려주세요. 저는 도와주러 왔습니다!"
BCIL,[주문/송장번호] 주문을 찾고 싶습니다. 도움을 받을 수 있나요?,주문,주문 배송 조회,"언제나 연결이 좋아요! 고객님이 주문 번호 [주문/송장번호]로 주문한 것을 찾는 데 도움이 필요하다는 사실을 잘 알고 있습니다. 저는 고객님을 돕기 위해 여기 있습니다. 주문을 찾으려면 당사 웹사이트를 방문하여 ""주문 내역"" 섹션으로 이동하십시오. 여기에서 주문 세부정보와 상태를 확인할 수 있습니다. 찾는 데 문제가 있거나 추가 지원이 필요한 경우 알려주시기 바랍니다. 저는 고객님이 절차 전반에 걸쳐 원활하고 만족스러운 경험을 할 수 있도록 하기 위해 여기에 있습니다."
BIL,[주문/송장번호] 주문의 현재 상태를 확인하는 방법은 무엇입니까?,주문,주문 배송 조회,무슨 말인지 알겠습니다! 주문 번호 [주문/송장번호]로 주문의 현재 상태를 확인하는 데 도움이 필요하신 것과 동일한 페이지에 있습니다. 현재 주문 상태를 확인하려면 당사 웹사이트 '[기타정보]' 페이지를 방문하여 주문 번호를 입력하세요. 그러면 주문 상태에 관한 최신 정보가 제공됩니다. 다른 질문이 있거나 추가 도움이 필요하시면 언제든지 알려주세요. 저는 도와주러 왔습니다!
BKL,주문 [주문/송장번호]의 예상 도착 시간을 보여줍니다.,주문,주문 배송 조회,고객님의 의견을 듣고 기뻐요! 주문 번호 [주문/송장번호]의 주문에 대한 예상 도착 시간을 알고 싶다는 점을 진심으로 이해합니다. 고객님의 주문에 대한 예상 도착 시간은 당사 웹사이트의 '[주문/송장번호]' 섹션에서 확인할 수 있습니다. '[주문/송장번호]' 페이지로 이동하시면 예상 배송일 및 관련 추적 정보를 확인하실 수 있습니다. 추가 지원이 필요하거나 다른 질문이 있으면 언제든지 알려주시기 바랍니다. 저는 도와주러 왔습니다!
BIL,[주문/송장번호] 구매를 어디에서 추적하나요?,주문,주문 배송 조회,저희는 듣고 있어요! 구매 번호 [주문/송장번호]로 구매를 추적하고 싶다는 사실을 알고 있습니다. 구매를 추적하려면 당사 웹사이트의 '[기타정보]' 섹션으로 이동하세요. 구매 상태 및 예상 도착 시간에 대한 실시간 업데이트를 확인할 수 있습니다. 추가 도움이 필요하거나 다른 질문이 있으면 언제든지 알려주시기 바랍니다. 저는 고객님이 원활한 추적 경험을 할 수 있도록 돕기 위해 왔습니다!
BL,[주문/송장번호] 주문을 찾는 데 도움이 필요합니다.,주문,주문 배송 조회,"문의해 주셔서 감사합니다! 주문 번호 [주문/송장번호]의 주문을 찾는 데 도움이 필요하다는 점을 충분히 이해합니다. 이에 대한 도움을 받으려면 당사 웹사이트의 ""[웹사이트/메뉴]"" 섹션으로 이동하십시오. 여기에서 상태, 예상 배송 날짜, 추적 정보 등 주문에 대한 자세한 정보를 확인할 수 있습니다. 추가 문의사항이 있거나 추가 도움이 필요하시면 언제든지 알려주시기 바랍니다. 저는 고객님께 원활한 경험을 보장하기 위해 왔습니다!"
BLQ,구매 에타 보기 [주문/송장번호],주문,주문 배송 조회,문의해 주셔서 감사합니다! 주문 번호 [주문/송장번호]로 구매한 제품의 예상 도착 시간(ETA)을 찾는 데 도움을 드리고자 왔습니다. ETA를 확인하려면 당사 웹사이트의 '[주문/송장번호]' 섹션을 방문하거나 당사가 보낸 주문 확인 이메일을 참조하세요. ETA는 구매한 제품이 지정된 목적지에 도착할 것으로 예상되는 대략적인 날짜를 제공합니다. 추가 문의사항이 있거나 추가 도움이 필요하시면 언제든지 알려주세요. 저는 도와주러 왔습니다!
BI,[주문/송장번호] 주문을 추적하는 데 도움을 주실 수 있나요?,주문,주문 배송 조회,"물론이죠! [주문/송장번호] 번호로 주문을 추적하는 데 도움을 드리고 있습니다. 현재 주문 상태를 확인하려면 당사 웹사이트의 ""[기타정보]"" 섹션을 방문하세요. 구매 진행 상황과 예상 배송일에 대한 실시간 업데이트를 확인할 수 있습니다. 어려움이 있거나 추가 질문이 있는 경우 언제든지 문의해 주세요. 고객 만족이 저희의 최우선 사항입니다!"
BL,구매 [주문/송장번호] 현황을 확인해야 하는데,주문,주문 배송 조회,연락해주셔서 기뻐요! 구매 번호 [주문/송장번호]의 현재 상태를 확인하는 데 도움이 필요하다는 점을 분명히 알고 있습니다. 가장 정확한 정보를 제공하기 위해 구매와 관련된 이름과 이메일을 알려주시겠습니까? 이 정보를 입수하면 추가로 도움을 드릴 수 있습니다.
BLQZ,구매 예정 시간을 확인해야 합니다. [주문/송장번호],주문,주문 배송 조회,저희는 모두 귀를 기울입니다! 구매 번호 [주문/송장번호]로 구매한 제품의 예상 도착 시간(ETA)을 알고 싶다는 생각이 들었습니다. 가장 정확한 정보를 제공하기 위해 배송 주소나 추적 번호와 같은 주문 세부정보를 알려주시겠습니까? 이 정보를 통해 고객님의 주문을 추적하고 ETA를 결정하는 데 도움을 드릴 수 있습니다.
BLN,구매 [주문/송장번호] 상태를 확인할 수 없습니다,주문,주문 배송 조회,이 문제를 알려주셔서 감사합니다. 불편을 끼쳐드려 죄송합니다. 구매 번호 [주문/송장번호]의 구매 상태를 확인하는 데 도움을 받으려면 당사 고객 지원팀에 직접 문의하는 것이 좋습니다. 그들은 고객님의 구매에 관한 정확한 최신 정보를 제공하는 데 필요한 도구와 리소스에 접근할 수 있습니다. [기타정보]를 통해 고객 지원팀에 문의하실 수 있습니다. 이 문제를 해결하고 필요한 정보를 제공하는 데 기꺼이 도움을 드릴 것입니다. 추가로 도움이 필요하시면 알려주시기 바랍니다.
BLQ,구매를 추적해야 합니다 [주문/송장번호],주문,주문 배송 조회,고객님의 의견을 듣고 기뻐요! 구매 번호 [주문/송장번호]로 구매 상태를 추적하는 데 도움이 필요하다는 점을 진심으로 이해합니다. 가장 정확한 정보를 제공하기 위해 현재 위치나 구매와 관련된 배송 주소를 알려주시겠습니까? 이를 통해 고객님의 구매 상태와 예상 배송 시간을 확인할 수 있습니다. 다른 질문이나 문의 사항이 있으면 언제든지 알려주시기 바랍니다. 고객 만족이 나의 우선순위입니다!
BL,구매예정일수를 확인해야해요 [주문/송장번호],주문,주문 배송 조회,언제나 연결이 좋아요! 구매 번호 [주문/송장번호]로 구매하신 상품의 예상 도착 시간(ETA)을 확인하는 데 도움이 필요하다는 사실을 확인했습니다. ETA에 관한 가장 정확한 정보를 제공하기 위해 이 구매와 관련된 운송업체 또는 배송 방법을 알려 주시기 바랍니다. 이 정보가 접수되면 추가 안내를 제공하고 고객님이 찾고 있는 구체적인 세부정보를 제공할 수 있습니다. 제가 도와드리겠습니다. 추가 질문이 있으면 언제든지 문의해 주세요.
BL,구매 위치를 찾는 데 도움이 필요합니다 [주문/송장번호],주문,주문 배송 조회,고객님의 메시지에 감사드립니다! 구매 번호 [주문/송장번호]로 구매한 제품을 찾는 데 도움이 필요하신 것 같습니다. 이 문제를 해결하는 데 도움이 되도록 구매하신 플랫폼이나 웹사이트 등 몇 가지 추가 정보를 제공해 주시겠습니까? 이렇게 하면 구매 항목을 찾는 방법에 대한 정확한 지침을 제공할 수 있습니다.
BLQ,[주문/송장번호] 주문의 를 확인하는 데 도움이 필요합니다.,주문,주문 배송 조회,문의해 주셔서 감사합니다! 주문 번호 [주문/송장번호] 주문의 예상 도착 시간(ETA)을 확인하는 데 도움이 필요하신 것으로 확인됩니다. 저희는 주문 상태에 대한 최신 정보를 유지하는 것이 얼마나 중요한지 잘 알고 있습니다. 가장 정확한 정보를 제공하기 위해 주문 번호를 다시 알려주시겠습니까? 그러면 제가 고객님의 최신 ETA를 확인하고 주문이 제대로 진행되는지 확인할 수 있습니다.
BI,[주문/송장번호] 주문을 추적하려면 어떻게 해야 합니까?,주문,주문 배송 조회,"질문해주셔서 감사합니다! 주문 번호 [주문/송장번호]로 주문 상태를 추적하려면 다음의 간단한 단계를 따르세요. 1. 당사 웹사이트를 방문하여 로그인 정보를 사용하여 계정에 로그인하십시오. 2. 메인 메뉴에서 쉽게 접근할 수 있는 ""주문 내역"" 섹션으로 이동합니다. 3. ""주문 내역"" 페이지에서 추적하려는 특정 주문 번호([주문/송장번호])를 찾으세요. 4. 주문 번호를 클릭하면 자세한 주문 요약 페이지로 이동됩니다. 5. 주문 요약 페이지에서는 배송업체, 추적 번호 등 관련 추적 정보와 함께 현재 주문 상태를 확인할 수 있습니다. 6. 주문을 추적하는 동안 추가 질문이 있거나 문제가 발생하는 경우 주저하지 말고 [운영시간/기간]([고객센터전화번호]) 또는 당사 웹사이트([웹사이트/메뉴])의 라이브 채팅을 통해 고객 지원팀에 문의하세요. 이것이 도움이 되기를 바랍니다! 추가로 도움이 필요하시면 알려주세요."
BLW,주문 [주문/송장번호] 빌어먹을 현재 상태를 참조하세요,주문,주문 배송 조회,도와주셔서 영광입니다! 주문 번호 [주문/송장번호]의 현재 주문 상태를 확인하는 데 도움이 필요하신 것으로 알고 있습니다. 불편을 끼쳐드린 점 사과드립니다. 주문 상태를 보려면 당사 웹사이트의 '[웹사이트/메뉴]' 섹션으로 이동하세요. 다른 궁금한 점이나 우려 사항이 있으면 언제든지 알려주시기 바랍니다. 저는 모든 단계에서 고객님을 돕기 위해 여기 있습니다!
BCQZ,[주문/송장번호] 주문 상태를 확인하고 싶어요 도와주세요,주문,주문 배송 조회,문의해 주셔서 감사합니다! 주문 번호 [주문/송장번호]의 주문 상태를 확인하는 데 도움을 드리고자 왔습니다. 보다 효과적으로 도움을 드릴 수 있도록 주문과 관련된 고객님의 이름이나 이메일과 같은 추가 정보를 제공해 주시겠습니까? 이를 통해 주문 세부정보를 찾고 정확한 상태 정보를 제공할 수 있습니다.
BLQZ,구매를 추적하는 데 도움이 필요합니다00123842,주문,주문 배송 조회,연락해주셔서 기뻐요! [주문/송장번호] [주문/송장번호] 번호로 구매를 추적하는 데 도움이 필요하다는 점을 분명히 알고 있습니다. 구매를 추적하면 구매 위치와 예상 배송 시간에 대한 실시간 업데이트를 얻을 수 있습니다. 구매를 추적하려면 당사 웹사이트의 '[기타정보]' 섹션을 방문하세요. 문제가 발생하거나 추가 지침이 필요한 경우 주저하지 말고 문의하세요. 저는 고객님의 원활한 추적 경험을 보장하기 위해 왔습니다.
BK,주문 상태 [주문/송장번호],주문,주문 배송 조회,언제나 연결이 좋아요! 고객님이 [주문/송장번호] [주문/송장번호] 번호의 주문 상태를 알고 싶다는 사실을 잘 알고 있습니다. 현재 상황을 확인하시려면 당사 홈페이지 '[웹사이트/메뉴]' 섹션을 방문해 보시기를 권해 드립니다. 이 섹션에서는 주문 진행 상황 및 예상 배송에 관한 모든 세부 정보를 제공합니다. 추가 문의사항이 있거나 추가 도움이 필요하시면 언제든지 알려주세요. 저는 도와주러 왔습니다!
BLQ,[주문/송장번호] 주문 상태를 확인하는 데 도움이 필요합니다.,주문,주문 배송 조회,고객님의 의견은 소중합니다! [주문/송장번호] 주문 상태를 확인하는 데 도움이 필요하다는 소식을 들었습니다. 현재 상황을 보시려면 당사 웹사이트의 '[웹사이트/메뉴]' 섹션을 방문해 보시기 바랍니다. 주문 진행 상황에 대한 실시간 업데이트를 제공합니다. 추가 안내가 필요하거나 추가 질문이 있는 경우 언제든지 문의해 주세요. 저는 고객님이 원활하고 정보에 입각한 경험을 할 수 있도록 돕기 위해 왔습니다!
BELZ,[주문/송장번호] 상태를 보려면 어떻게 해야할지 모르겠습니다.,주문,주문 배송 조회,문의해 주셔서 감사합니다! 주문 번호 [주문/송장번호]의 주문 상태를 확인하는 데 도움을 드리고자 왔습니다. 상태를 보려면 당사 웹사이트나 앱의 주문 추적 섹션을 방문하세요. 추적 정보에 액세스하려면 계정에 로그인하거나 주문 세부 정보를 입력해야 할 수도 있습니다. 어려운 점이나 추가 문의사항이 있으시면 언제든지 문의해주세요. 저는 모든 단계에서 고객님을 돕기 위해 여기 있습니다!
BIL,구매 [주문/송장번호] 현재 상태는 무엇입니까?,주문,주문 배송 조회,문의해 주셔서 감사합니다! 구매 번호 [주문/송장번호]의 구매 상태를 확인하는 데 도움을 드리고자 왔습니다. 가장 정확한 정보를 제공하기 위해 계정 세부정보를 확인하거나 구매와 관련된 이메일 주소를 제공해 주시겠습니까? 이렇게 하면 주문 상태에 대한 최신 업데이트를 검색하는 데 도움이 됩니다.
BNQZ,추적 주문이 불가능합니다 [주문/송장번호],주문,주문 배송 조회,"연락해주셔서 감사합니다! 주문 번호 [주문/송장번호]를 추적하는 데 문제가 있는 것 같습니다. 불편을 끼쳐드려 죄송합니다. 제가 도와드리겠습니다. 주문을 추적하는 데 도움이 되도록 주문과 관련된 이름, 이메일 주소 등 몇 가지 추가 정보를 제공해 주시기 바랍니다. 이 정보를 통해 고객님의 주문 상태를 확인하고 업데이트를 제공해 드릴 수 있습니다."
BL,구매 위치 찾기 [주문/송장번호] 도움말,주문,주문 배송 조회,"고객님의 의견은 소중합니다! 주문 번호 [주문/송장번호] [주문/송장번호]로 구매한 항목을 찾는 데 도움이 필요하다는 소식을 들었습니다. 필요한 정보를 찾는 데 도움을 드리고자 왔습니다. 먼저 구매에 대한 자세한 내용을 알려주시겠습니까? 특히, 구매 날짜, 제품이나 서비스 이름, 검색 범위를 좁히는 데 도움이 될 수 있는 기타 세부 정보 등 관련 정보입니다. 이러한 세부정보가 있으면 필요한 정보를 빠르게 찾을 수 있습니다."
BL,구매 [주문/송장번호] 현황 확인,주문,주문 배송 조회,문의해 주셔서 감사합니다! 주문 번호 [주문/송장번호] 구매의 현재 상태를 확인하는 데 도움을 드리고자 왔습니다. 정확한 최신 정보를 제공하려면 당사 웹사이트의 주문 내역 섹션을 방문하는 것이 좋습니다. 이 섹션에 액세스하면 관련 업데이트 또는 추적 세부정보를 포함하여 구매의 현재 상태를 볼 수 있습니다. 추가 문의사항이 있거나 추가 도움이 필요하시면 언제든지 알려주세요. 저는 고객님이 원활한 경험을 할 수 있도록 돕기 위해 왔습니다!
BL,주문 [주문/송장번호] 현재 상태 확인 지원,주문,주문 배송 조회,저는 고객님을 듣고! 주문 번호 [주문/송장번호]의 현재 주문 상태를 확인하는 데 도움이 필요하다는 소식을 전해 드립니다. 이에 대한 도움을 받으려면 당사 웹사이트를 방문하여 '[웹사이트/메뉴]' 섹션으로 이동하는 것이 좋습니다. 여기에서 주문과 관련된 최신 정보를 볼 수 있습니다. 문제가 발생하거나 추가 문의사항이 있으면 언제든지 알려주시기 바랍니다. 저는 고객님께 필요한 지원을 제공하기 위해 여기 있습니다.
BL,구매 [주문/송장번호]의 를 확인하는 데 도움이 필요합니다.,주문,주문 배송 조회,문의해 주셔서 감사합니다! 주문 번호 [주문/송장번호]로 구매한 제품의 예상 도착 시간(ETA)을 확인하는 데 도움을 드리고자 합니다. 정확한 정보를 제공해 드리기 위해 잠시 시간을 내어 조사해 보시기를 부탁드립니다. 세부정보가 확보되면 ETA를 즉시 공유해 드리겠습니다. 제가 이 문제를 조사하는 동안 양해해 주시기 바랍니다.
BQ,주문 [주문/송장번호] 상태를 확인하고 싶습니다.,주문,주문 배송 조회,도와주셔서 영광입니다! 번호 [주문/송장번호] [주문/송장번호]로 주문 상태를 확인하고 싶다는 것을 알았습니다. 이에 대한 도움을 받으려면 당사 웹사이트의 '[기타정보]' 섹션을 방문하세요. 고객님는 고객님의 주문에 관한 모든 관련 정보를 그곳에서 찾을 수 있을 것입니다. 추가 문의사항이 있거나 추가 도움이 필요하시면 언제든지 알려주시기 바랍니다. 저는 도와주러 왔습니다!
BILW,[주문/송장번호] 주문의 빌어먹을 를 어떻게 볼 수 있나요?,주문,주문 배송 조회,문의해 주셔서 감사합니다! 주문 번호 [주문/송장번호]의 주문에 대한 예상 도착 시간(ETA)을 확인하는 방법을 알고 싶다는 점을 충분히 이해합니다. 주문 ETA를 확인하려면 당사 웹사이트나 앱의 '[웹사이트/메뉴]' 섹션을 방문하세요. 이 섹션에서는 ETA를 포함하여 주문에 대한 구체적인 세부 정보를 확인할 수 있습니다. 다른 질문이 있거나 추가 도움이 필요하시면 언제든지 문의해 주세요. 저는 도와주러 왔습니다!
BCILQ,구매 상태를 확인하고 싶습니다 [주문/송장번호] 방법,주문,주문 배송 조회,"문의해 주셔서 감사합니다! 고객님의 구매에 대한 최신 소식을 받아보는 데 적극적인 관심을 보여주셔서 기쁩니다. [주문/송장번호] 구매 상태를 확인하려면 다음 단계를 따르세요. 1. 당사 웹사이트[www.example.com]를 방문하여 계정에 로그인하세요. 2. ""주문 내역"" 또는 ""내 구매"" 섹션으로 이동합니다. 3. 구매 번호 [주문/송장번호]로 특정 구매를 찾습니다. 4. 구매를 클릭하면 주문 세부정보를 볼 수 있습니다. 5. 주문 세부정보 페이지에서 현재 구매 상태를 확인할 수 있습니다. 정보를 찾는 데 문제가 있거나 추가 지원이 필요한 경우 언제든지 알려주시기 바랍니다. 저는 도와주러 왔습니다!"
BL,구매 내역을 추적해야 합니다 [주문/송장번호],주문,주문 배송 조회,연락해주셔서 감사합니다! [주문/송장번호] 번호로 구매를 추적하고 싶다는 점을 확인했습니다. 현재 구매 상태를 확인하려면 당사 웹사이트를 방문하여 '[기타정보]' 섹션으로 이동하는 것이 좋습니다. 여기에서 구매 번호를 입력하고 추적 업데이트를 포함하여 주문에 대한 자세한 정보를 얻을 수 있습니다. 문제가 발생하거나 추가 지원이 필요한 경우 언제든지 알려주시기 바랍니다. 저는 고객님의 원활한 추적 경험을 보장하기 위해 왔습니다!
BIQZ,주문 [주문/송장번호] 상태를 확인하려면 어떻게 해야 하나요?,주문,주문 배송 조회,"고객님의 의견을 들으니 반갑습니다! 주문 번호 [주문/송장번호]로 주문 상태를 확인하는 방법에 대한 안내를 찾고 계신 것으로 보입니다. 그렇게 하려면 당사 웹사이트의 '[기타정보]' 섹션을 방문하세요. 여기에서 처리, 배송 및 예상 배송에 대한 정보를 포함하여 주문의 현재 상태를 볼 수 있습니다. 문제가 발생하거나 추가 문의사항이 있으면 언제든지 알려주시기 바랍니다. 저는 모든 단계에서 고객님을 지원하고 원활한 경험을 보장하기 위해 여기 있습니다!"
BIL,[주문/송장번호] 주문 현재 상태를 볼 수 있나요?,주문,주문 배송 조회,문의해 주셔서 감사합니다! 주문 번호 [주문/송장번호]의 현재 주문 상태를 확인하는 데 도움을 드리고자 왔습니다. 상태를 보려면 당사 웹사이트의 '[기타정보]' 섹션을 방문하세요. 다른 질문이 있거나 추가 도움이 필요하면 언제든지 문의하세요. 제 목표는 고객님께 원활하고 만족스러운 경험을 제공하는 것입니다.
BLQ,구매 [주문/송장번호] 상태를 확인하고 싶습니다.,주문,주문 배송 조회,저는 고객님을 듣고! 구매번호 [주문/송장번호]로 구매상태를 확인하고 싶다고 연락드렸습니다. 도움을 드릴 수 있도록 주문 번호를 알려주시겠어요? 이 정보를 통해 고객님의 구매 위치를 확인하고 가장 정확하고 최신 상태를 제공할 수 있습니다.
BCILPQZ,주문 [주문/송장번호] 현재 상태가 도움이 되는지 보고 싶습니다.,주문,주문 배송 조회,언제나 연결이 좋아요! 주문 번호 [주문/송장번호]로 주문의 현재 상태를 확인하고 싶다는 사실을 잘 알고 있습니다. 이에 대한 도움을 받으려면 당사 웹사이트의 '[기타정보]' 섹션을 방문하는 것이 좋습니다. 여기에서 현재 주문 상태에 대해 필요한 모든 세부 정보를 확인할 수 있습니다. 다른 질문이 있거나 추가 도움이 필요하시면 언제든지 알려주세요. 저는 모든 단계에서 고객님을 돕기 위해 여기 있습니다!
BLQ,[주문/송장번호] 주문을 찾아야 해요,주문,주문 배송 조회,언제나 연결이 좋아요! 주문 번호가 [주문/송장번호]인 주문을 찾는 데 도움이 필요하다는 사실을 잘 알고 있습니다. 이에 대한 도움을 받으려면 당사 웹사이트를 방문하여 '[웹사이트/메뉴]' 섹션으로 이동하세요. 여기에서 주문의 세부정보와 상태를 확인할 수 있습니다. 다른 질문이 있거나 추가 안내가 필요한 경우 언제든지 문의해 주세요. 저는 고객님이 절차 전반에 걸쳐 원활한 경험을 할 수 있도록 여기 있습니다.
BKL,주문 [주문/송장번호] 현재 상태 보기,주문,주문 배송 조회,연락해주셔서 감사합니다! 주문 번호 [주문/송장번호]로 주문의 현재 상태를 확인하고 싶으신 것 같습니다. 가장 정확하고 최신의 정보를 제공하기 위해 당사 홈페이지 '[기타정보]' 섹션을 방문해주시기 바랍니다. 그러면 주문 진행 상황에 대한 실시간 업데이트가 제공됩니다. 다른 질문이 있거나 추가 도움이 필요하시면 언제든지 알려주세요. 저는 도와주러 왔습니다!
BILQ,구매 상태를 보여주세요 [주문/송장번호],주문,주문 배송 조회,문의해 주셔서 감사합니다! 구매 번호 [주문/송장번호]로 구매 상태를 확인하고 싶다는 점을 충분히 이해합니다. 이에 대한 도움을 받으려면 당사 웹사이트의 '[웹사이트/메뉴]' 섹션을 방문하세요. 이 섹션에서는 구매 상태에 관한 최신 정보를 제공합니다. 추가 문의사항이 있거나 추가 안내가 필요한 경우 언제든지 문의해 주세요. 도움을 드릴 수 있어서 기뻐요!
BCILQ,[주문/송장번호] 구매 를 확인해야 합니다. 방법,주문,주문 배송 조회,저희는 고객님을 위해 여기 있습니다! 구매 번호 [주문/송장번호]로 구매한 제품의 예상 도착 시간(ETA)을 확인하고 싶으신 것으로 알고 있습니다. 그렇게 하려면 당사 웹사이트를 방문하여 '[웹사이트/메뉴]' 섹션으로 이동하세요. 여기에서 ETA를 포함하여 구매에 대한 모든 세부정보를 확인할 수 있습니다. 도중에 어려움을 겪거나 추가 질문이 있으면 언제든지 문의하세요. 저는 고객님께 원활한 경험을 보장하기 위해 왔습니다!
BK,추적 주문 [주문/송장번호],주문,주문 배송 조회,"문의해 주셔서 감사합니다! 번호 [주문/송장번호]로 주문을 추적하고 싶으신 것으로 확인됩니다. 도움을 드릴 수 있도록 이메일 주소나 배송 주소, 연락처 등 주문과 관련된 기타 관련 정보를 알려주시기 바랍니다. 이를 통해 필요한 세부 정보에 액세스하고 가장 정확한 추적 정보를 제공할 수 있습니다."
BCILP,내 주문의 를 보고 싶습니다. 도와주실 수 있나요?,주문,주문 배송 조회,문의해주셔서 감사합니다! 고객님의 주문에 대한 예상 도착 시간(ETA)을 확인하고 싶다는 점을 확인했습니다. 이에 대한 도움을 받으려면 당사 웹사이트의 '[기타정보]' 섹션을 방문하는 것이 좋습니다. 여기에서 주문 배송 상태에 관한 최신 정보를 확인할 수 있습니다. 추가 문의사항이 있거나 추가 지원이 필요한 경우 언제든지 알려주시기 바랍니다. 저는 모든 단계에서 고객님을 돕기 위해 여기 있습니다!
BELN,[주문/송장번호] 주문의 현재 상태를 볼 수 없습니다,주문,주문 배송 조회,주문 번호 [주문/송장번호] 주문의 현재 상태에 대해 도움을 요청해 주셔서 감사합니다. 현황을 확인할 수 없어 불편을 드려 죄송합니다. 정확한 정보를 제공할 수 있도록 주문에 대한 몇 가지 추가 세부정보를 제공해 주시기 바랍니다. 주문과 관련된 이름과 이메일 주소를 알려 주시겠습니까? 이를 통해 고객님의 주문 세부정보를 찾고 현재 상태를 확인할 수 있습니다.
BILQ,[주문/송장번호] 주문을 찾는 데 도움을 주실 수 있나요?,주문,주문 배송 조회,저희는 듣고 있어요! 주문 번호가 [주문/송장번호]인 주문을 찾는 데 도움이 필요하다는 사실을 알고 있습니다. 주문 상태를 확인하려면 당사 웹사이트의 '[웹사이트/메뉴]' 섹션을 방문하세요. 다른 질문이 있거나 추가 안내가 필요한 경우 언제든지 문의해 주세요. 저는 고객님이 원활한 경험을 할 수 있도록 돕기 위해 왔습니다!
BILP,[주문/송장번호] 주문 상태를 어떻게 확인할 수 있나요?,주문,주문 배송 조회,"문의해 주셔서 감사합니다! 주문 번호 [주문/송장번호]의 주문 상태를 확인하는 데 도움을 드리고자 왔습니다. 상태에 액세스하려면 당사 웹사이트를 방문하여 '[기타정보]' 섹션으로 이동하세요. 여기에서 배송 정보, 예상 배송 날짜 등 주문 진행 상황에 대한 실시간 업데이트를 확인할 수 있습니다. 다른 질문이 있거나 추가 지원이 필요하면 알려주시기 바랍니다. 저는 도와주러 왔습니다!"
BL,주문 [주문/송장번호] 현재 상태 참조,주문,주문 배송 조회,도와주셔서 영광입니다! 고객님께서 주문 번호 [주문/송장번호]에 대한 주문의 현재 상태를 알고 싶어 하신다는 것을 알고 있습니다. 가장 정확한 정보를 제공하기 위해 주문 상태를 확인하는 동안 잠시 시간을 내어 주시기 바랍니다. 자세한 내용을 확인하는 대로 현재 상태에 대해 신속하게 도움을 드리겠습니다. 양해해 주셔서 감사합니다!
BCL,주문 [주문/송장번호] 상태를 확인하고 싶습니다. 도움이 필요합니다.,주문,주문 배송 조회,"고객님의 의견을 들으니 반갑습니다! 주문 번호 [주문/송장번호]의 주문 상태를 확인하고 싶으신 것으로 확인됩니다. 이에 대한 도움을 받으려면 당사 웹사이트를 방문하여 ""주문 내역"" 섹션에 액세스하는 것이 좋습니다. 여기에서 현재 주문 상태를 확인할 수 있습니다. 문제가 발생하거나 추가 지원이 필요한 경우 알려주시기 바랍니다. 저는 모든 단계에서 고객님을 돕기 위해 여기 있습니다!"
BCIL,구매한 [주문/송장번호]를 찾아야 하는데 어떻게 해야 합니까?,주문,주문 배송 조회,저희는 고객님의 봉사 활동을 소중히 여깁니다! 구매 번호 [주문/송장번호]로 구매한 제품을 찾는 데 도움이 필요하다는 사실에 동의합니다. 이에 대한 도움을 받으려면 당사 웹사이트의 '[기타정보]' 섹션을 방문하세요. 여기에서 구매 세부정보와 상태를 확인할 수 있습니다. 문제가 발생하거나 추가 문의사항이 있으면 언제든지 알려주시기 바랍니다. 저는 고객님이 절차 전반에 걸쳐 원활하고 즐거운 경험을 할 수 있도록 돕기 위해 왔습니다.
BL,[주문/송장번호] 구매 예상 도착 시간 확인을 도와주세요,주문,주문 배송 조회,연락해주셔서 감사합니다! 주문 번호 [주문/송장번호]로 구매한 상품의 예상 도착 시간(ETA)을 확인하는 데 도움이 필요하신 것 같습니다. 정확한 정보를 제공하기 위해 구매와 관련된 이름이나 기타 관련 정보와 같은 추가 세부정보를 제공해 주시겠습니까? 이렇게 하면 시스템에서 구매 항목을 찾고 ETA를 즉시 제공하는 데 도움이 됩니다.
BCLP,[주문/송장번호] 주문을 찾고 싶습니다. 도움이 필요합니다.,주문,주문 배송 조회,"고객님의 메시지는 많은 의미가 있습니다! 주문 번호가 [주문/송장번호]인 주문을 찾는 데 도움이 필요하시다는 생각에 동의합니다. 도움을 드릴 수 있도록 주문과 관련된 고객님의 이름, 이메일 주소 등 몇 가지 추가 정보를 제공해 주시겠습니까? 이를 통해 세부 정보를 정확하게 검색하고 최신 정보를 제공할 수 있습니다."
BI,[주문/송장번호] 주문 상태를 확인하는 데 도움을 주실 수 있나요?,주문,주문 배송 조회,"문의해 주셔서 감사합니다! 주문 번호 [주문/송장번호]의 주문 상태를 확인하는 데 도움을 드리고자 왔습니다. 정확한 정보 전달을 위해 이름, 연락처 등 추가 정보를 제공해 주시기를 부탁드립니다. 이렇게 하면 고객님의 주문을 보다 효율적으로 찾고 최신 상태를 제공하는 데 도움이 됩니다."
BLQ,구매 예정 시간을 확인하려면 도움이 필요합니다. [주문/송장번호],주문,주문 배송 조회,저희는 모두 귀를 기울입니다! 구매 번호 [주문/송장번호]로 구매한 제품의 예상 도착 시간(ETA)을 확인하는 데 도움이 필요하다는 생각이 들었습니다. 가장 정확한 정보를 제공하기 위해 구매 시 이름이나 기타 관련 정보 등 주문 세부정보를 알려주시겠습니까? 이렇게 하면 특정 구매 항목을 찾고 ETA를 제공하는 데 도움이 됩니다.
BK,트랙 주문 [주문/송장번호],주문,주문 배송 조회,문의해 주셔서 감사합니다! 주문 번호 [주문/송장번호]를 추적하는 데 도움을 드리고자 왔습니다. 구매 상태를 확인하려면 당사 웹사이트를 방문하여 '주문 추적' 섹션으로 이동하세요. 여기에서 주문 번호 [주문/송장번호]를 입력하면 현재 상태와 예상 도착 시간(ETA)을 확인할 수 있습니다. 추가 문의사항이 있거나 추가 도움이 필요하시면 언제든지 알려주세요. 고객 만족은 나의 최우선 순위입니다!
BL,[주문/송장번호] 구매 를 확인하는 데 도움이 됩니다.,주문,주문 배송 조회,언제나 연결이 좋아요! 구매 번호 [주문/송장번호]로 구매한 제품의 예상 도착 시간(ETA)을 확인하는 데 도움이 필요하다는 사실을 확인했습니다. ETA에 관한 정확한 정보를 제공하기 위해 추가 지원을 위해 주문 번호를 알려주시기 바랍니다. 주문 번호를 받으면 구매 ETA에 대한 최신 정보를 제공해 드릴 수 있습니다.
BKL,[주문/송장번호] 주문의 를 참조하세요.,주문,주문 배송 조회,고객님의 연락에 감사드립니다! 주문 번호 [주문/송장번호] 주문의 예상 도착 시간(ETA)을 확인하고 싶으신 것 같습니다. ETA에 관한 가장 정확한 정보를 제공하기 위해 당사 고객 지원팀에 문의해 주시기 바랍니다. [운영시간/기간]([고객센터전화번호]) 또는 당사 웹사이트([웹사이트/메뉴])의 라이브 채팅을 통해 이용 가능합니다. 저희의 전담 지원팀은 고객님이 ETA를 취득할 수 있도록 기꺼이 도와드리고 고객님께 필요할 수 있는 추가 지원을 제공할 것입니다.
BILQ,구매 [주문/송장번호] 상태를 확인할 수 있나요?,주문,주문 배송 조회,우리가 도와드리겠습니다! 구매 번호 [주문/송장번호]로 구매 상태를 확인하고 싶으신가요? 도움을 드릴 수 있도록 구매와 관련된 이름과 이메일 주소를 제공해 주시겠습니까? 이를 통해 제가 고객님의 주문 세부정보에 액세스하고 상태에 관해 가장 정확한 정보를 제공할 수 있게 됩니다. 고객님의 개인 정보는 우리에게 중요하며 고객님이 제공하는 모든 정보는 당사의 개인 정보 보호 정책에 따라 안전하게 처리됩니다.
BIL,구매 [주문/송장번호]의 를 볼 수 있나요?,주문,주문 배송 조회,물론이죠! 구매 번호 [주문/송장번호]로 구매하신 제품의 예상 도착 시간(ETA)을 확인하는 데 도움을 드리고자 합니다. 가장 정확한 정보를 제공하기 위해 고객님의 이름이나 주문 번호와 같은 추가 정보를 제공해 주시겠습니까? 이렇게 하면 당사 시스템에서 특정 구매 항목을 찾고 정확한 도착 시간을 알려드리는 데 도움이 됩니다. 감사합니다!
BL,현재 구매상태 확인 [주문/송장번호],주문,주문 배송 조회,"저는 고객님을 듣고! 구매번호 [주문/송장번호]로 구매현황을 확인하고 싶다고 연락드렸습니다. 이에 대한 도움을 받으려면 당사 웹사이트의 ""주문 상태"" 섹션을 방문하십시오. 주문 상태 섹션에서는 현재 상태를 포함하여 구매와 관련된 모든 세부 정보를 볼 수 있습니다. 문제가 발생하거나 추가 문의사항이 있으면 언제든지 알려주시기 바랍니다. 저는 고객님이 원활한 경험을 할 수 있도록 하려고 왔습니다!"
BKL,구매 [주문/송장번호] 상태 확인 중,주문,주문 배송 조회,문의해 주셔서 감사합니다! 구매 번호 [주문/송장번호]로 구매 상태를 확인하는 데 도움을 드리고 있습니다. 현황을 보시려면 당사 홈페이지 '[기타정보]' 페이지를 방문하시기 바랍니다. 다른 질문이 있거나 추가 도움이 필요하면 언제든지 문의하세요. 저는 고객님이 절차 전반에 걸쳐 원활하고 만족스러운 경험을 할 수 있도록 최선을 다하고 있습니다.
BL,[주문/송장번호] 구매는 언제 도착하나요?,주문,주문 배송 조회,문의해주셔서 감사합니다! 구매 번호 [주문/송장번호]로 구매하신 제품의 예상 도착 시간을 확인하는 데 도움을 드리고자 왔습니다. 정확한 정보를 제공해 드리기 위해 잠시 시간을 내어 내용을 확인해주시기를 부탁드립니다. 양해해 주시기 바랍니다.
BLQZ,구매 를 확인하는 데 도움이 됩니다00123842,주문,주문 배송 조회,고객님의 의견은 소중합니다! 구매 번호 [주문/송장번호]로 구매한 항목의 예상 도착 시간(ETA)을 확인하는 데 도움이 필요하다는 사실을 확인했습니다. 예상 도착 시간을 보려면 당사 웹사이트나 앱의 '[기타정보]' 섹션을 방문하세요. ETA를 찾을 수 없거나 다른 질문이 있는 경우 언제든지 문의해 주세요. 저는 고객님이 구매 시 원활한 경험을 할 수 있도록 도와드리기 위해 왔습니다!
BLQ,마지막 배송 예상 시간을 어떻게 확인할 수 있는지 모르겠어요,주문,주문 배송 조회,고객님의 연락에 감사드립니다! 마지막 배송의 예상 도착 시간(ETA)을 확인하는 데 도움이 필요하신 것 같습니다. 가장 정확한 정보를 제공하기 위해 주문 번호나 마지막 배송과 관련된 기타 세부 정보를 알려주시기 바랍니다. 이 정보를 받으면 절차를 단계별로 안내해 드릴 수 있습니다. 고객 만족이 저의 최우선 과제이며 고객님이 원활한 경험을 할 수 있도록 최선을 다해 도와드리겠습니다.
BLNZ,[주문/송장번호] 구매현황을 확인할 수 없어요,주문,주문 배송 조회,구매번호 [주문/송장번호]로 구매상태 확인에 불편을 드려 죄송합니다. 저는 고객님의 주문에 대한 가시성을 확보하는 것이 얼마나 중요한지 이해합니다. 걱정하지 마세요. 제가 도와드리려고 왔습니다. 추가 지원을 위해 몇 가지 추가 세부정보를 제공해 주시겠습니까? 특히 주문을 찾고 최신 상태 업데이트를 제공하려면 구매와 관련된 이메일 주소 또는 기타 관련 정보가 필요합니다. 해당 정보를 입수하면 즉시 도움을 드릴 수 있도록 최선을 다하겠습니다.
BIZ,[주문/송장번호] 주문의 도착 예정 시간을 확인하는 데 도움을 주실 수 있나요?,주문,주문 배송 조회,"고객님의 연락에 감사드립니다! [주문/송장번호] 주문의 예상 도착 시간(ETA)을 확인하는 데 도움이 필요하신 것 같습니다. ETA 요청을 이행하려면 당사 웹사이트의 ""[기타정보]"" 섹션을 방문하는 것이 좋습니다. 여기에서 주문 상태 및 예상 도착 시간에 관한 최신 정보를 확인할 수 있습니다. 어려움이 있거나 추가 안내가 필요한 경우 언제든지 알려주시기 바랍니다. 원활하고 만족스러운 경험을 제공하는 것이 저의 목표입니다!"
BLQZ,[주문/송장번호] 구매 예상 시간을 확인하려면 도움이 필요합니다.,주문,주문 배송 조회,"문의해 주셔서 감사합니다! 구매 번호 [주문/송장번호]로 구매한 제품의 예상 도착 시간(ETA)을 확인할 수 있도록 도와드리겠습니다. ETA를 보려면 당사 웹사이트의 '[주문/송장번호]' 섹션을 방문하세요. 다른 질문이 있거나 추가 안내가 필요한 경우, 주저하지 말고 문의해 주세요. 고객 만족은 나의 최우선 순위입니다!"
BCLQZ,구매 에타를 확인해야 합니다 [주문/송장번호] 도와주세요,주문,주문 배송 조회,도와주셔서 영광입니다! 구매 번호 [주문/송장번호]로 구매한 제품의 예상 도착 시간(ETA)을 확인하고 싶으신 것으로 알고 있습니다. 저는 고객님을 돕기 위해 여기 있습니다. 가장 정확한 정보를 제공하기 위해 몇 가지 추가 세부정보를 제공해 주시겠습니까? 구체적으로 구매하신 플랫폼이나 웹사이트를 알려주실 수 있나요? 이렇게 하면 ETA를 볼 수 있는 적절한 섹션이나 페이지로 안내해 드릴 것입니다.
BCLQ,구매 [주문/송장번호] 상태를 보고 싶어요. 도움이 필요해요,주문,주문 배송 조회,연락해주셔서 감사합니다! [주문/송장번호] 구매 상태를 확인하고 싶다는 느낌이 듭니다. 이에 대한 도움을 받으려면 당사 웹사이트의 '[기타정보]' 섹션을 방문하세요. 구매번호를 입력하시면 최신 업데이트 정보를 받아보실 수 있습니다. 추가 문의사항이 있거나 추가 도움이 필요하시면 언제든지 알려주시기 바랍니다. 저는 도와주러 왔습니다!
BE,주문 [주문/송장번호] 상태를 확인하는 방법을 모르겠습니다,주문,주문 배송 조회,"도움을 요청해주셔서 감사합니다! 주문 번호 [주문/송장번호]로 주문 상태를 확인하는 방법을 안내해 드릴 수 있습니다. 그렇게 하려면 다음 단계를 따라 주세요. 1. 당사 웹사이트에서 고객님의 계정에 로그인하십시오. 2. ""주문 내역"" 섹션으로 이동합니다. 3. 주문 번호가 [주문/송장번호]인 주문을 찾습니다. 4. 세부정보를 보려면 주문을 클릭하세요. 5. 해당 페이지에서 현재 주문 상태를 확인할 수 있습니다. 어려움이 있거나 추가 문의사항이 있으면 언제든지 알려주시기 바랍니다. 저는 고객님이 절차 전반에 걸쳐 원활한 경험을 할 수 있도록 돕기 위해 왔습니다!"
BIQ,[주문/송장번호] 주문 상태는 어디서 확인하나요?,주문,주문 배송 조회,저는 고객님을 듣고! 주문 번호 [주문/송장번호]로 주문 상태를 어디에서 확인할 수 있는지 알고 싶으셔서 연락드립니다. 주문 상태에 액세스하려면 당사 웹사이트의 '[기타정보]' 섹션을 방문하세요. 여기에서 현재 상태와 주문과 관련된 모든 업데이트를 볼 수 있습니다. 다른 질문이 있거나 추가 도움이 필요하면 언제든지 문의하세요. 저는 도와주러 왔습니다!
BIL,구매 [주문/송장번호]의 를 어디서 볼 수 있나요?,주문,주문 배송 조회,저희는 듣고 있어요! 구매 번호 [주문/송장번호]로 구매한 제품의 예상 도착 시간(ETA)을 어디에서 확인하고 싶은지 알고 싶습니다. 구매 예상 시간을 확인하려면 당사 웹사이트의 '[기타정보]' 섹션을 방문하는 것이 좋습니다. 여기에서 구매 예상 시간을 포함한 모든 관련 정보를 찾을 수 있습니다. 추가 지원이 필요하거나 다른 궁금한 점이 있으면 언제든지 문의해 주세요. 저는 모든 단계에서 고객님을 돕기 위해 여기 있습니다!
BLZ,구매 [주문/송장번호] 상태를 보여주세요,주문,주문 배송 조회,문의해 주셔서 감사합니다! 구매 번호 [주문/송장번호]로 구매 상태를 확인하는 데 도움을 드리고 있습니다. 현재 상황을 보시려면 당사 웹사이트의 '[기타정보]' 섹션을 방문하시기 바랍니다. 다른 질문이 있거나 추가 도움이 필요하면 언제든지 문의하세요. 제 목표는 고객님이 원활한 경험을 할 수 있도록 하는 것입니다!
BIQ,[주문/송장번호] 주문은 어디서 추적하나요?,주문,주문 배송 조회,고객님의 의견을 들으니 반갑습니다! 주문 번호 [주문/송장번호]로 주문을 추적하고 싶으신 것으로 확인됩니다. 주문을 추적하려면 당사 웹사이트의 '[기타정보]' 섹션을 방문하세요. 여기에서 주문 번호를 입력하고 주문의 현재 상태와 예상 배송 날짜를 확인할 수 있습니다. 추가 질문이 있거나 주문 추적에 도움이 필요하면 언제든지 문의해 주세요. 저는 도와주러 왔습니다!
BLQ,구매 예정 시간을 확인하도록 도와주세요 [주문/송장번호],주문,주문 배송 조회,저희는 고객님을 위해 여기 있습니다! 구매 번호 [주문/송장번호]로 구매하신 상품의 예상 도착 시간(ETA)을 확인하는 데 도움이 필요하신 것으로 알고 있습니다. 구매 ETA에 대한 가장 정확한 정보를 제공하기 위해 주문 번호나 기타 관련 정보와 같은 추가 세부정보를 제공해 주시겠습니까? 이를 통해 제가 필요한 정보에 신속하게 접근하고 고객님의 구매에 대한 ETA 상태를 알려드릴 수 있습니다.
BLNQ,현재 구매 상태를 볼 수 없습니다 [주문/송장번호],주문,주문 배송 조회,연락해주셔서 감사합니다! 주문 번호 [주문/송장번호]로 구매한 현재 상태를 확인할 수 없다는 점을 잘 알고 있습니다. 제가 도와드리겠습니다. 구매 상태를 확인하려면 당사 웹사이트의 '[웹사이트/메뉴]' 섹션을 방문하세요. 그곳에서 최신 정보를 찾을 수 있어야 합니다. 추가 문제가 발생하거나 추가 질문이 있는 경우 언제든지 알려주시기 바랍니다. 저는 도와주러 왔습니다!
BIL,주문 [주문/송장번호] 현재 상태를 확인하는 방법은 무엇입니까?,주문,주문 배송 조회,주문 번호 [주문/송장번호]로 주문의 현재 상태를 추적하는 데 관심을 가져주셔서 감사합니다. 상태를 보려면 당사 웹사이트를 방문하여 주문 추적 또는 주문 내역 섹션으로 이동하세요. 여기에서 주문 번호를 입력하고 주문에 대한 최신 정보를 검색할 수 있습니다. 추가 지원이 필요하거나 다른 질문이 있으면 언제든지 알려주시기 바랍니다. 저는 도와주러 왔습니다!
BLNQWZ,주문 [주문/송장번호] 빌어먹을 현재 상태를 볼 수 없습니다,주문,주문 배송 조회,우리를 믿어주셔서 감사합니다! [주문/송장번호] 번호의 주문에 대한 현재 상태를 확인하는 데 문제가 있다는 것을 잘 알고 있습니다. 이로 인해 불편을 끼쳐드려 죄송합니다. 현재 상태를 확인하려면 당사 웹사이트의 [웹사이트/메뉴] 섹션을 방문하는 것이 좋습니다. 다른 문제가 발생하거나 다른 문의사항이 있으면 언제든지 알려주시기 바랍니다. 저는 내가 할 수 있는 모든 방법으로 고객님을 돕기 위해 여기 있습니다.
BKL,구매 예정 시간 보여줘 [주문/송장번호],주문,주문 배송 조회,문의해 주셔서 감사합니다! 구매 번호 [주문/송장번호]로 구매한 제품의 예상 도착 시간(ETA)을 찾는 데 도움을 드리겠습니다. 가장 정확한 정보를 제공하기 위해 잠시 시간을 내어 세부정보를 검색해 보시기 바랍니다. 양해해 주시기 바랍니다.
BLZ,구매 00004587345현황을 보려고 합니다,주문,주문 배송 조회,고객님의 의견은 소중합니다! 구매번호 [주문/송장번호]로 구매현황을 확인하려고 하시는 것으로 확인되었습니다. 도움을 받으려면 당사 웹사이트의 '[웹사이트/메뉴]' 섹션을 방문하세요. 여기에서 현재 상태를 포함하여 구매와 관련된 모든 정보를 확인할 수 있습니다. 추가 도움이 필요하거나 다른 질문이 있으면 언제든지 알려주시기 바랍니다. 제 목표는 고객님이 원활한 경험을 할 수 있도록 하는 것입니다!
BL,주문 [주문/송장번호] 현재 상태를 확인하는 데 도움,주문,주문 배송 조회,문의해 주셔서 감사합니다! 저는 고객님의 주문 번호 [주문/송장번호]의 현재 상태를 확인하는 데 도움을 드리고자 왔습니다. 그렇게 하려면 당사 웹사이트의 '[기타정보]' 섹션을 방문하세요. 다른 질문이 있거나 추가 안내가 필요한 경우 언제든지 알려주시기 바랍니다. 저의 최우선 과제는 원활한 경험을 보장하는 것입니다!
BCILQ,[주문/송장번호] 주문을 찾아야 하는데 어떻게 해야 하나요?,주문,주문 배송 조회,저는 고객님을 듣고! 주문 번호 [주문/송장번호]의 주문을 찾는 데 도움이 필요하다는 소식을 전해 드립니다. 이에 대한 도움을 받으려면 당사 웹사이트를 방문하여 '[웹사이트/메뉴]' 섹션으로 이동하세요. 여기에서 주문 상태와 세부정보를 확인할 수 있습니다. 문제가 있거나 추가 안내가 필요하면 언제든지 알려주시기 바랍니다. 저는 고객님이 절차 전반에 걸쳐 원활한 경험을 할 수 있도록 돕기 위해 왔습니다!
BLW,구매 [주문/송장번호] 현재 상태 확인 지원,주문,주문 배송 조회,고객님의 의견은 소중합니다! 구매 번호 [주문/송장번호]의 구매 상태를 확인하는 데 도움이 필요하다는 연락을 받았습니다. 업데이트 지연으로 인해 불편을 끼쳐드려 죄송합니다. 정확한 정보 전달을 위해 잠시 시간을 내어 담당부서에 현황을 확인해 주시길 부탁드립니다. 필요한 세부정보를 수집하는 동안 양해해 주시기 바랍니다. 업데이트 내용을 가지고 최대한 빨리 연락드리겠습니다. 그동안 제가 도와드릴 다른 것이 있나요?
BCILQZ,[주문/송장번호] 주문을 찾아야 합니다. 어떻게 해야 하나요?,주문,주문 배송 조회,연락해주셔서 감사합니다! 주문 번호가 [주문/송장번호]인 주문을 찾는 데 도움이 필요하신 것 같습니다. 그렇게 하려면 다음 단계를 따라 주세요. 1. 당사 웹사이트 [웹사이트/메뉴]를 방문하세요. 2. 로그인 정보를 사용하여 계정에 로그인합니다. 3. '주문 내역' 섹션으로 이동합니다. 4. 주문을 검색하거나 필터링하는 옵션을 찾으세요. 5. 주문 번호(이 경우 [주문/송장번호])를 입력하세요. 6. 검색 버튼을 클릭하세요. 7. 이제 주문 세부정보와 상태가 표시됩니다. 문제가 발생하거나 추가 문의사항이 있으면 언제든지 알려주시기 바랍니다. 저는 모든 단계에서 고객님을 돕기 위해 여기 있습니다!
BL,구매 [주문/송장번호] 상태 확인,주문,주문 배송 조회,"우리가 도와드리겠습니다! 구매 번호 [주문/송장번호]로 구매 상태를 확인하고 싶으신 것으로 알고 있습니다. 이에 대한 도움을 받으려면 당사 웹사이트의 ""[기타정보]"" 섹션을 방문하는 것이 좋습니다. 여기에서 구매 상태에 관한 최신 정보를 확인할 수 있습니다. 추가 질문이 있거나 추가 지원이 필요한 경우 언제든지 문의해 주세요. 저는 도와주러 왔습니다!"
BK,[주문/송장번호] 주문의 를 확인하세요.,주문,주문 배송 조회,문의해 주셔서 감사합니다! 주문 번호 [주문/송장번호]의 주문에 대한 예상 도착 시간(ETA)을 확인하는 데 도움을 드리고자 왔습니다. 최신 정보를 제공하기 위해 당사 웹사이트의 '[기타정보]' 섹션을 방문해 주시기 바랍니다. 여기에서 주문에 대해 업데이트된 ETA를 확인할 수 있습니다. 추가 도움이 필요하거나 다른 질문이 있으면 언제든지 문의해 주세요. 저는 도와주러 왔습니다!
BILQ,[주문/송장번호] 주문 에타를 볼 수 있나요?,주문,주문 배송 조회,문의해 주셔서 감사합니다! 주문 번호 [주문/송장번호] 주문의 예상 도착 시간(ETA)을 확인하는 데 도움을 드리고자 합니다. 가장 정확한 정보를 제공하기 위해 주문 번호를 다시 확인해 주시겠습니까? 올바른 주문 번호를 받으면 ETA를 검색하는 데 신속하게 도움을 드릴 수 있습니다.
BLQZ,주문 [주문/송장번호]를 찾고 싶습니다.,주문,주문 배송 조회,"연락해주셔서 감사합니다! 고객님이 주문 번호 [주문/송장번호]로 주문한 것을 찾는 데 도움이 필요하다는 것을 확실히 알고 있습니다. 불편을 끼쳐드려 죄송하며, 이 문제를 해결하기 위해 최선을 다하겠습니다. 주문 상태를 확인하려면 당사 웹사이트의 ""[웹사이트/메뉴]"" 섹션을 방문하세요. 다른 질문이 있거나 추가 도움이 필요하면 언제든지 문의하세요. 저는 고객님께 원활한 경험을 보장하기 위해 최선을 다하고 있습니다!"
BIL,구매 [주문/송장번호] 상태를 확인하는 데 도움을 주실 수 있나요?,주문,주문 배송 조회,우리가 도와드리겠습니다! 구매 번호 [주문/송장번호]로 구매 상태를 확인하는 데 도움이 필요하다는 점을 알려드립니다. 정확한 정보를 제공하기 위해 구매와 관련된 이름과 이메일 주소를 알려주시겠습니까? 이러한 세부정보가 확보되면 추가로 도움을 드릴 수 있습니다.
BIL,[주문/송장번호] 주문 상태를 볼 수 있나요?,주문,주문 배송 조회,"문의해주셔서 감사합니다! 주문 번호 [주문/송장번호]의 주문 상태를 확인하고 싶다는 점을 확인했습니다. 이에 대한 도움을 받으려면 당사 웹사이트를 방문하여 ""주문 내역"" 섹션으로 이동하는 것이 좋습니다. 여기에서 현재 주문 상태에 대한 자세한 정보를 확인할 수 있습니다. 추가 지원이 필요하거나 다른 문의사항이 있으면 언제든지 알려주시기 바랍니다. 저는 도와주러 왔습니다!"
BKL,주문 [주문/송장번호] 상태 표시,주문,주문 배송 조회,문의해 주셔서 감사합니다! 주문 번호 [주문/송장번호]의 주문 상태를 확인하는 데 도움을 드리고자 왔습니다. 현재 주문 상태를 보려면 당사 웹사이트의 '주문 상태' 섹션을 방문하십시오. 추가 질문이 있거나 추가 도움이 필요하면 언제든지 문의하세요. 저는 모든 단계에서 고객님을 돕기 위해 여기 있습니다!
BLW,[주문/송장번호] 주문의 예상 도착 시간을 보고 싶습니다.,주문,주문 배송 조회,문의해 주셔서 감사합니다! 주문 번호 [주문/송장번호]의 주문에 대한 예상 도착 시간(ETA)을 찾는 데 도움을 드리고자 왔습니다. 예상 도착 시간을 확인하려면 당사 웹사이트의 '[기타정보]' 섹션을 방문하세요. 다른 질문이 있거나 추가 지침이 필요한 경우 언제든지 문의하세요. 저는 고객님이 원활한 경험을 할 수 있도록 최선을 다하고 있습니다!
BCILZ,구매 [주문/송장번호]를 추적해야 합니다. 도움을 받을 수 있나요?,주문,주문 배송 조회,언제나 연결이 좋아요! 구매 번호 [주문/송장번호]로 구매를 추적하는 데 도움이 필요하다는 사실을 확인했습니다. 저는 고객님을 돕기 위해 여기 있습니다. 구매 상태를 확인하려면 당사 웹사이트의 '주문 추적' 섹션으로 이동하십시오. 여기에서 구매 번호를 입력하라는 메시지가 표시되며 배송 상태에 대한 실시간 업데이트를 볼 수 있습니다. 진행하는 동안 어려움을 겪거나 추가 문의사항이 있으면 언제든지 알려주시기 바랍니다. 저는 고객님께 원활하고 정확한 정보를 제공하는 경험을 보장하기 위해 최선을 다하고 있습니다.
BIL,[주문/송장번호] 주문의 는 어디서 확인할 수 있나요?,주문,주문 배송 조회,저희는 듣고 있어요! 주문 번호 [주문/송장번호] [주문/송장번호]에 대한 예상 도착 시간(ETA)을 어디서 찾을 수 있는지 알고 싶다는 사실을 알고 싶습니다. 예상 도착 시간을 보려면 당사 웹사이트의 '[주문/송장번호]' 섹션을 방문하는 것이 좋습니다. 여기에서 예상 도착 시간을 포함하여 주문과 관련된 모든 정보를 찾을 수 있습니다. 추가 문의사항이 있거나 추가 도움이 필요하시면 언제든지 알려주시기 바랍니다. 저는 고객님의 쇼핑 경험을 가능한 한 원활하게 할 수 있도록 돕기 위해 왔습니다!
BEL,[주문/송장번호] 주문 상태를 어떻게 확인할 수 있는지 모르겠습니다.,주문,주문 배송 조회,걱정 마세요. 제가 도와드리겠습니다! 번호 [주문/송장번호]의 주문 상태를 보려면 당사 웹사이트의 '[기타정보]' 섹션으로 이동하여 쉽게 확인할 수 있습니다. 일단 거기에 가면 실시간 업데이트를 확인하고 주문 진행 상황을 추적할 수 있습니다. 추가 질문이 있거나 추가 도움이 필요하면 언제든지 문의하세요. 저는 고객님이 원활하고 즐거운 경험을 할 수 있도록 여기 있습니다!
BIL,[주문/송장번호] 구매 상태를 확인할 수 있나요?,주문,주문 배송 조회,확실히! 주문 번호 [주문/송장번호]로 구매 상태를 확인하실 수 있도록 도와드리겠습니다. 잠시 정보를 검색해 보겠습니다.
BIPQZ,[주문/송장번호] 주문 예상 시간을 알려 주시겠어요?,주문,주문 배송 조회,저희는 고객님을 위해 여기 있습니다! 주문 번호 [주문/송장번호] 주문의 예상 도착 시간(ETA)을 알고 싶습니다. 이 정보를 정확하게 제공하기 위해 고객님의 이메일 주소나 주문과 관련된 기타 식별 정보를 알려주시겠습니까? 이를 통해 고객님의 주문을 찾고 최신 ETA를 제공할 수 있습니다. 협조해 주셔서 감사합니다. 추가 지원을 위해 최선을 다하겠습니다!
BIL,[주문/송장번호] 주문의 현재 상태는 어디서 확인할 수 있나요?,주문,주문 배송 조회,"내가 해낼게! 주문 번호 [주문/송장번호]로 주문의 현재 상태를 확인하는 방법에 대한 지침을 제공해 드리겠습니다. 상태를 확인하려면 당사 웹사이트의 ""[기타정보]"" 섹션으로 이동하세요. 여기에서는 주문이 처리 중인지, 배송 중인지, 배송 중인지 여부에 관계없이 주문 위치에 대한 실시간 업데이트를 확인할 수 있습니다. 추가 문의사항이 있거나 다른 도움이 필요한 경우 언제든지 알려주시기 바랍니다. 고객 만족은 나의 최우선 순위입니다!"
BL,[주문/송장번호] 주문 상태를 보고 싶습니다.,주문,주문 배송 조회,문의해 주셔서 감사합니다! [주문/송장번호] [주문/송장번호] 번호로 주문 상태를 확인하고 싶다는 점을 충분히 이해합니다. 가장 정확한 정보를 제공하기 위해 당사 홈페이지 '[웹사이트/메뉴]' 섹션을 방문해 주시기 바랍니다. 여기에서 현재 주문 상태와 기타 관련 업데이트를 확인할 수 있습니다. 추가 질문이 있거나 웹사이트 탐색에 도움이 필요하면 언제든지 알려주시기 바랍니다. 저는 도와주러 왔습니다!
BEQ,[주문/송장번호] 주문의 에타를 어떻게 확인할 수 있는지 모르겠습니다.,주문,주문 배송 조회,무슨 말인지 알겠습니다! 주문 번호 [주문/송장번호]로 주문의 ETA를 확인하는 방법에 대해 확신이 없는 것과 같은 페이지에 있습니다. 걱정하지 마세요. 제가 도와드리겠습니다. 주문에 대한 예상 도착 시간(ETA)을 보려면 당사 웹사이트의 '[기타정보]' 섹션을 방문하세요. 여기에서 예상 배송 날짜 및 진행 상황에 대한 업데이트를 포함하여 주문 상태에 대한 자세한 정보를 확인할 수 있습니다. 추가 질문이 있거나 추가 안내가 필요한 경우 언제든지 문의해 주세요. 저는 이 과정 전반에 걸쳐 고객님이 원활한 경험을 할 수 있도록 최선을 다하고 있습니다.
BKL,주문 [주문/송장번호] 현재 상태,주문,주문 배송 조회,언제나 연결이 좋아요! 고객님께서 주문 번호 [주문/송장번호]의 현재 주문 상태를 찾고 계시다는 사실을 잘 알고 있습니다. 이에 대한 도움을 받으려면 당사 웹사이트의 '[웹사이트/메뉴]' 섹션을 방문하는 것이 좋습니다. 여기에서 주문 진행 상황에 대한 최신 정보를 확인할 수 있습니다. 다른 질문이 있거나 추가 도움이 필요하시면 언제든지 문의해 주세요. 저는 고객님이 원활한 경험을 할 수 있도록 돕기 위해 왔습니다!
BILQ,[주문/송장번호] 주문의 를 확인하는 방법,주문,주문 배송 조회,저는 고객님을 듣고! 주문 번호 [주문/송장번호] 주문의 예상 도착 시간(ETA)을 확인하는 방법에 대해 알고 싶습니다. ETA를 보려면 당사 웹사이트의 주문 세부정보 페이지를 방문하세요. 여기에서 예상 배송 날짜 및 시간을 포함하여 주문과 관련된 모든 관련 정보를 확인할 수 있습니다. 추가 문의사항이 있거나 제가 도와드릴 수 있는 사항이 있으면 알려주시기 바랍니다. 저는 고객님께 원활한 경험을 제공해 드리겠습니다!
BKQ,주문 에타 [주문/송장번호],주문,주문 배송 조회,문의해주셔서 감사합니다! 주문 번호 [주문/송장번호] 주문의 예상 도착 시간(ETA)을 알고 싶다는 점을 이해합니다. ETA에 대한 정확한 정보를 제공하기 위해 고객 지원팀에 문의해 주시기 바랍니다. 그들은 고객님을 추가로 지원하고 주문 배송 상태에 대한 실시간 업데이트를 제공하는 데 필요한 도구를 갖추고 있습니다. [고객센터전화번호]로 연락하거나 당사 웹사이트 [웹사이트/메뉴]의 라이브 채팅을 통해 연락할 수 있습니다. 그들은 고객님의 특정 주문에 대해 기꺼이 도움을 드리고 최신 정보를 제공할 것입니다. 제가 도와드릴 수 있는 다른 사항이 있으면 알려주세요. 제 목표는 원활한 쇼핑 경험을 보장하는 것입니다!
BIL,[주문/송장번호] 주문 현황을 확인할 수 있나요?,주문,주문 배송 조회,저희는 고객님을 위해 여기 있습니다! 주문 번호 [주문/송장번호]를 사용하여 현재 주문 상태를 확인할 수 있는지 알고 싶습니다. 전적으로! 주문 상태를 추적하려면 당사 웹사이트를 방문하여 '[웹사이트/메뉴]' 섹션으로 이동하세요. 여기에서 현재 상태를 포함하여 주문에 대한 모든 세부정보를 확인할 수 있습니다. 다른 질문이 있거나 추가 도움이 필요하면 언제든지 문의하세요. 저는 도와주러 왔습니다!
BCLQ,[주문/송장번호] 주문 상태를 확인해야 합니다. 도와주세요,주문,주문 배송 조회,주문 번호 [주문/송장번호]의 주문 상태를 확인하는 데 도움이 필요하다는 점을 인정합니다. 걱정하지 마세요. 제가 도와드리겠습니다! 주문 상태를 보려면 다음 단계를 따르세요. 1. 당사 웹사이트 [웹사이트/메뉴]를 방문하세요. 2. 로그인 정보를 사용하여 계정에 로그인합니다. 3. '[웹사이트/메뉴]' 섹션으로 이동합니다. 4. 주문 번호 [주문/송장번호]로 특정 주문을 찾으십시오. 5. 주문을 클릭하면 현재 상태를 포함한 세부정보를 볼 수 있습니다. 주문을 찾는 데 문제가 있거나 추가 지원이 필요한 경우 알려주시기 바랍니다. 저는 고객님께 원활한 경험을 제공하고 필요한 정보를 제공하기 위해 최선을 다하고 있습니다.
BIL,[주문/송장번호] 주문을 찾는 방법은 무엇입니까?,주문,주문 배송 조회,"문의해 주셔서 감사합니다! 번호가 [주문/송장번호]인 주문을 찾는 데 도와드리겠습니다. 주문 상태를 확인하려면 당사 웹사이트를 방문하여 ""주문 내역"" 섹션으로 이동하세요. '주문 내역' 페이지에 들어가면 현재 상태를 포함하여 주문 세부정보를 볼 수 있습니다. 정보를 찾는 데 문제가 있거나 추가 지원이 필요한 경우 언제든지 알려주시기 바랍니다. 저는 모든 단계에서 고객님을 돕기 위해 여기 있습니다!"
BLQ,구매 를 확인하는 데 도움이 필요합니다 [주문/송장번호],주문,주문 배송 조회,저희는 모두 귀를 기울입니다! 주문 번호 [주문/송장번호]로 구매한 상품의 예상 도착 시간(ETA)을 확인하는 데 도움이 필요하신 것으로 알고 있습니다. 배송에 관한 최신 정보를 확보하는 것이 중요합니다. 이에 대해 제가 도와드리겠습니다. 구매 ETA를 확인하려면 당사 웹사이트의 '[기타정보]' 섹션을 방문하세요. 여기에서 주문 상태 및 예상 배송일에 대한 모든 관련 정보를 확인할 수 있습니다. 다른 질문이 있거나 추가 설명이 필요한 경우 언제든지 문의해 주세요. 가능한 모든 방법으로 고객님을 돕는 것이 나의 최우선 과제입니다!
BILQZ,[주문/송장번호] 구매 시간을 볼 수 있나요?,주문,주문 배송 조회,연락해주셔서 감사합니다! 구매 번호 [주문/송장번호]로 구매한 제품의 예상 도착 시간(ETA)을 확인하고 싶다는 점을 확인했습니다. 가장 정확한 정보를 제공하기 위해 당사 홈페이지 '[기타정보]' 섹션을 방문해 주시기 바랍니다. 이 섹션에는 ETA를 포함하여 구매에 대한 최신 업데이트가 표시됩니다. 추가 문의사항이 있거나 다른 도움이 필요한 경우 언제든지 알려주시기 바랍니다. 저는 도와주러 왔습니다!
BL,구매 상태 확인을 도와주세요 [주문/송장번호],주문,주문 배송 조회,저는 고객님을 듣고! [주문/송장번호] 번호로 구매 상태를 확인하는 데 도움이 필요하다는 소식을 전해 드립니다. 가장 정확한 정보를 제공하기 위해 잠시 시간을 내어 이 문제를 살펴보도록 부탁드려도 될까요? 신속한 해결을 위해 최선을 다하겠습니다.
BL,[주문/송장번호] 주문 상태를 볼 수 있게 도와주세요,주문,주문 배송 조회,무슨 말인지 알겠습니다! 주문 번호 [주문/송장번호]의 주문 상태를 확인하는 데 도움이 필요하다는 내용입니다. 이에 대한 도움을 받으려면 당사 웹사이트의 '[기타정보]' 섹션을 방문하세요. 여기에서 주문 상태에 대한 모든 관련 정보를 확인할 수 있습니다. 추가 질문이 있거나 추가 지원이 필요한 경우 언제든지 알려주시기 바랍니다. 저는 도와주러 왔습니다!
BKLQZ,주문 [주문/송장번호]의 도착 시간,주문,주문 배송 조회,우리가 도와드리겠습니다! 주문 번호 [주문/송장번호]의 주문에 대한 예상 도착 시간(ETA)을 알고 싶습니다. 주문 상태를 확인하고 정확한 정보를 제공해 드릴 수 있도록 잠시 기다려 주시기 바랍니다.
BILQW,[주문/송장번호] 주문의 빌어먹을 도착 예정 시간을 볼 수 있게 도와줄 수 있나요?,주문,주문 배송 조회,고객님의 의견은 소중합니다! 주문 번호 [주문/송장번호] 주문의 예상 도착 시간(ETA)을 확인하는 데 도움을 찾고 계신 것으로 확인되었습니다. 불편을 끼쳐드려 죄송합니다. 주문의 ETA를 보려면 당사 웹사이트의 '[기타정보]' 섹션을 방문하십시오. 문제가 발생하거나 추가 문의사항이 있으면 언제든지 알려주시기 바랍니다. 저는 도와주러 왔습니다!
BLQZ,주문자 [주문/송장번호]의 를 확인하려면 도움이 필요합니다.,주문,주문 배송 조회,도와주셔서 영광입니다! 주문 번호 [주문/송장번호] 주문의 예상 도착 시간(ETA)을 확인하는 데 도움이 필요하다는 것을 알았습니다. 예상 시간을 확인하려면 당사 웹사이트의 '[기타정보]' 섹션을 방문하거나 당사 고객 지원팀([고객센터전화번호])에 문의하세요. 그들은 고객님의 주문 ETA에 관한 최신 정보를 제공할 수 있습니다. 다른 질문이나 우려 사항이 있으면 언제든지 알려주시기 바랍니다. 저는 도와주러 왔습니다!
BQ,주문 상태를 확인하고 싶습니다 [주문/송장번호],주문,주문 배송 조회,고객님의 주문에 대해 지속적으로 정보를 제공하는 고객님의 적극적인 접근에 감사드립니다! [주문/송장번호] 주문 상태를 확인하려면 당사 웹사이트의 '[웹사이트/메뉴]' 섹션을 방문하면 쉽게 확인할 수 있습니다. 여기에서 현재 상태를 확인하고 주문 진행 상황을 추적할 수 있습니다. 추가 도움이 필요하거나 다른 질문이 있으면 언제든지 알려주시기 바랍니다. 저는 모든 단계에서 고객님을 돕기 위해 여기 있습니다!
BILQ,[주문/송장번호] 구매 상태를 볼 수 있나요?,주문,주문 배송 조회,물론입니다! 구매 번호 [주문/송장번호]의 상태를 확인하는 데 도움을 드리고자 왔습니다. 현재 상황을 보시려면 당사 웹사이트의 '[주문/송장번호]' 섹션을 방문하시기 바랍니다. 다른 질문이 있거나 추가 지원이 필요하면 언제든지 문의하세요. 저는 고객님의 원활한 경험을 보장하기 위해 여기 있다는 것을 기억하세요!
BKL,구매 [주문/송장번호] 현황을 보니,주문,주문 배송 조회,문의해주셔서 감사합니다! 구매 번호 [주문/송장번호]로 구매한 현재 상태를 알고 싶습니다. 정확한 정보 전달을 위해 주문번호를 알려주실 수 있나요? 해당 정보가 접수되면 추가 지원을 제공하고 구매에 대한 최신 상태를 알려드릴 수 있습니다.
BCIL,[주문/송장번호] 주문의 를 확인해야 하는데 어떻게 해야 하나요?,주문,주문 배송 조회,저희는 고객님의 봉사 활동을 소중히 여깁니다! 고객님께서 주문 번호 [주문/송장번호]를 포함한 주문의 예상 도착 시간(ETA)을 알고 싶다는 사실에 동의합니다. ETA를 보려면 당사 웹사이트의 '[주문/송장번호]' 섹션을 방문하세요. 여기에서 ETA를 포함하여 주문에 관한 모든 관련 정보를 찾을 수 있습니다. 추가적인 도움이 필요하거나 다른 질문이 있으시면 언제든지 도와드리겠습니다.
BKL,현재 구매 상태 표시 [주문/송장번호],주문,주문 배송 조회,도와주셔서 영광입니다! 구매 번호 [주문/송장번호]로 현재 구매 상태를 확인하고 싶어 하시는 것으로 알고 있습니다. 가장 정확한 최신 정보를 제공하기 위해 구매 번호를 확인해 주시겠습니까? 올바른 구매 번호를 알려주시면 구매 상태를 추적하는 데 추가 도움을 드릴 수 있습니다.
BQZ,주문 [주문/송장번호] 상태를 확인하고 싶습니다,주문,주문 배송 조회,저희는 듣고 있어요! 주문 번호 [주문/송장번호]로 주문 상태를 확인하고 싶다는 사실을 알고 있습니다. 정확한 정보를 제공하기 위해 주문과 관련된 이름이나 이메일 주소를 알려주시겠습니까? 이렇게 하면 주문 세부정보를 찾고 현재 상태를 알려드리는 데 도움이 됩니다. 고객님의 협조에 감사드리며 앞으로도 더 많은 도움을 드리겠습니다!
BLZ,[주문/송장번호] 구매를 찾는 데 도움이 필요합니다,주문,주문 배송 조회,"문의해 주셔서 감사합니다! 주문 번호 [주문/송장번호]로 구매한 항목을 찾는 데 도움이 필요하다는 점을 충분히 이해합니다. 저는 고객님을 돕기 위해 여기 있습니다. 주문 상태를 확인하려면 당사 웹사이트의 ""[웹사이트/메뉴]"" 섹션을 방문하세요. 다른 질문이 있거나 추가 안내가 필요한 경우 언제든지 문의해 주세요. 제 목표는 고객님께 원활하고 만족스러운 경험을 제공하는 것입니다."
BCLQ,구매한 제품을 찾아야 합니다 [주문/송장번호] 도와주세요,주문,주문 배송 조회,과연! 구매 번호 [주문/송장번호]로 구매한 제품을 찾는 데 도움이 필요하다는 점을 이해합니다. 도움이 되도록 고객님의 이름이나 구매와 관련된 기타 관련 세부정보 등 추가 정보를 제공해 주시겠습니까? 이 정보가 접수되면 추가 안내를 제공하고 구매하신 제품을 찾는 데 도움을 드릴 수 있습니다.
B,주문 상태 확인 지원 [주문/송장번호],주문,주문 배송 조회,저희는 고객님의 봉사 활동을 소중히 여깁니다! [주문/송장번호] 번호로 주문 상태를 확인하는 데 도움이 필요하다는 사실을 잘 알고 있습니다. 이에 대한 도움을 받으려면 당사 웹사이트의 '[기타정보]' 섹션을 방문하는 것이 좋습니다. 가능한 경우 추적 정보를 포함하여 주문 상태에 대한 실시간 업데이트를 확인할 수 있습니다. 다른 질문이 있거나 추가 지원이 필요한 경우 언제든지 알려주시기 바랍니다. 저는 고객님의 원활한 경험을 보장하기 위해 왔습니다.
BCILPQ,구매를 추적하고 싶어요 [주문/송장번호] 도와주실 수 있나요,주문,주문 배송 조회,"고객님의 메시지에 감사드립니다! 구매 번호 [주문/송장번호]로 구매를 추적하고 싶으신 것 같습니다. 현재 구매 상태를 확인하는 데 도움을 드리고자 왔습니다. 정확한 정보를 제공하기 위해 구매와 관련된 이름, 이메일 주소, 전화번호 등 일부 세부정보를 제공해 주시겠습니까? 이렇게 하면 절차를 신속하게 처리하고 필요한 정보를 즉시 찾는 데 도움이 됩니다."
BL,구매 [주문/송장번호] 현황을 확인하는데 도움이 필요합니다,주문,주문 배송 조회,"저희는 고객님의 봉사 활동을 소중히 여깁니다! 주문 번호 [주문/송장번호] [주문/송장번호] 구매의 현재 상태를 확인하는 데 도움이 필요하다는 사실에 동의합니다. 구매에 대한 최신 정보를 얻으려면 당사 웹사이트의 '[기타정보]' 섹션을 방문하는 것이 좋습니다. 여기에서 현재 상태, 예상 배송 날짜 및 구매와 관련된 추적 정보를 볼 수 있습니다. 다른 질문이나 우려 사항이 있으면 언제든지 알려주시기 바랍니다. 저는 도와주러 왔습니다!"
BEL,[주문/송장번호] 구매 를 보는 방법을 모르겠습니다.,주문,주문 배송 조회,고객님의 의견은 소중합니다! 번호 [주문/송장번호]로 구매한 상품의 예상 도착 시간(ETA)을 확인하는 방법에 대해 잘 모르시겠다는 연락을 받았습니다. 절차를 안내해 드리겠습니다. 주문의 ETA를 보려면 당사 웹사이트의 '[기타정보]' 섹션을 방문하거나 [고객센터전화번호]로 고객 지원팀에 문의하세요. 구매 ETA를 추적하는 데 기꺼이 도움을 드릴 것입니다. 다른 질문이 있거나 추가 지원이 필요한 경우 언제든지 문의해 주세요.
BCILP,[주문/송장번호] 주문을 찾아야 합니다. 도움을 받을 수 있나요?,주문,주문 배송 조회,"문의해 주셔서 감사합니다! 주문 번호가 [주문/송장번호]인 주문을 찾는 데 필요한 도움을 제공해 드리겠습니다. 고객님의 구매에 대한 최신 정보를 얻는 것이 중요하며, 저는 모든 단계에서 고객님을 돕기 위해 최선을 다하고 있습니다. 주문의 현재 상태와 세부 정보를 검색하려면 당사 웹사이트의 '[웹사이트/메뉴]' 섹션을 방문하는 것이 좋습니다. 문제가 발생하거나 추가 질문이 있는 경우 주저하지 말고 문의해 주세요. 저는 고객님께 원활한 경험을 보장하기 위해 왔습니다."
BCQZ,[주문/송장번호] 주문의 를 확인해야 합니다. 도와주세요,주문,주문 배송 조회,"도와주셔서 영광입니다! 주문 번호 [주문/송장번호]의 주문에 대한 예상 도착 시간(ETA)을 확인하는 데 도움이 필요하다는 것을 알았습니다. 저는 고객님을 돕기 위해 여기 있습니다. 주문 ETA를 확인하려면 당사 웹사이트의 ""주문 세부정보"" 페이지를 방문하세요. 해당 페이지에서는 예상 배송 날짜 및 시간을 포함하여 주문과 관련된 모든 정보를 확인할 수 있습니다. 다른 질문이 있거나 추가 도움이 필요하시면 언제든지 문의해 주세요. 저는 고객님이 원활한 경험을 할 수 있도록 돕기 위해 왔습니다!"
BL,[주문/송장번호] 주문의 를 볼 수 있도록 도와주세요,주문,주문 배송 조회,저는 고객님을 듣고! 주문 번호 [주문/송장번호] 주문의 예상 도착 시간(ETA)을 확인하는 데 도움이 필요하다는 소식을 전해 드립니다. 가장 정확한 정보를 제공하기 위해 주문에 대한 최신 업데이트를 검색하는 동안 잠시 기다려 주시기 바랍니다. 그동안 제가 도와드릴 수 있는 다른 사항이 있으면 알려주시기 바랍니다.
BCL,주문 [주문/송장번호] 현재 상태를 확인해야 합니다. 도와주세요.,주문,주문 배송 조회,고객님의 의견을 듣고 기뻐요! 주문 번호 [주문/송장번호]의 현재 주문 상태를 확인하는 데 도움이 필요하다는 점을 진심으로 이해합니다. 정확한 정보 제공을 위해 주문번호를 확인해 주시겠습니까? 올바른 주문 번호를 알려주시면 현재 상태를 찾는 데 도움을 드릴 수 있습니다.
BL,구매예정시간을 확인해 보려고 합니다 [주문/송장번호],주문,주문 배송 조회,저희는 모두 귀를 기울입니다! 구매 번호 [주문/송장번호]로 구매한 제품의 예상 도착 시간(ETA)을 확인하려고 한다는 생각이 들었습니다. 고객님의 주문에 대한 정확한 정보를 제공하기 위해 정확한 구매 번호 또는 주문 번호를 알려 주시기 바랍니다. 정확한 내용을 알려주시면 더욱 정확한 도움을 드릴 수 있습니다.
BLZ,구매 732201349959현황을 보려고 합니다,주문,주문 배송 조회,고객님의 의견을 들으니 반갑습니다! 구매번호 [주문/송장번호]로 구매현황을 확인하려고 하시는 것으로 확인됩니다. 정확한 정보를 제공하기 위해 올바른 구매 번호를 확인해 주시겠습니까? 올바른 구매 번호가 입력되면 현재 상태를 확인하는 데 추가 도움을 드릴 수 있습니다.
BLN,[주문/송장번호] 주문 상태를 볼 수 없습니다.,주문,주문 배송 조회,"주문 번호 [주문/송장번호]의 상태를 확인하는 데 문제가 있다는 소식을 듣고 죄송합니다. 제가 도와드리겠습니다. 상태를 확인하려면 당사 웹사이트에서 고객님의 계정에 로그인한 후 ""주문 내역"" 섹션으로 이동하십시오. 여기에서 현재 상태를 포함하여 주문과 관련된 모든 세부 정보를 확인할 수 있습니다. 추가 문제가 발생하거나 추가 지원이 필요한 경우 언제든지 알려주시기 바랍니다. 저는 고객님이 원활한 경험을 할 수 있도록 돕기 위해 왔습니다!"
BIL,[주문/송장번호] 구매의 를 확인하는 데 도움을 주실 수 있나요?,주문,주문 배송 조회,저희는 고객님의 봉사 활동을 소중히 여깁니다! 주문 번호 [주문/송장번호]로 구매한 제품의 예상 도착 시간(ETA)을 확인하는 데 도움이 필요하다는 사실에 동의합니다. ETA에 관한 가장 정확한 정보를 제공하기 위해 시스템에서 세부 정보를 검색하는 동안 양해해 주시기 바랍니다. 그동안 다른 문의사항이나 문의 사항이 있으면 언제든지 알려주시기 바랍니다. 저는 고객님을 돕고 고객님이 우리와 함께 즐거운 경험을 할 수 있도록 여기 있습니다.
BLQ,구매 [주문/송장번호]를 찾는 데 도움이 필요합니다,주문,주문 배송 조회,"연락해주셔서 기뻐요! 구매하신 [주문/송장번호]를 찾는 데 도움이 필요하다는 점을 잘 알고 있습니다. 기꺼이 도와드리겠습니다. 구매한 항목을 찾으려면 구매한 플랫폼이나 웹사이트, 구매 날짜, 기타 관련 세부정보 등 몇 가지 추가 정보를 제공해 주시기 바랍니다. 이 정보를 통해 고객님이 [주문/송장번호] 구매 위치를 찾는 데 더욱 효과적으로 도움을 드릴 수 있습니다."
BLQ,[주문/송장번호] 주문의 현재 상태를 확인하는 데 도움이 필요합니다.,주문,주문 배송 조회,"연락해주셔서 감사합니다! 주문 번호 [주문/송장번호]의 현재 주문 상태를 확인하는 데 도움이 필요하다는 사실을 확인했습니다. 구매 진행 상황을 지속적으로 파악하는 것이 중요하며, 제가 도와드리겠습니다. 현재 상황을 보시려면 당사 웹사이트의 '[기타정보]' 섹션을 방문하시기 바랍니다. 추가 질문이 있거나 추가 지원이 필요한 경우 언제든지 문의해 주세요. 제 목표는 고객님이 전체적으로 원활하고 만족스러운 경험을 할 수 있도록 하는 것입니다."
BLPQ,구매 [주문/송장번호] 상태를 어떻게 확인할 수 있는지 모르겠습니다,주문,주문 배송 조회,고객님의 문의에 감사드립니다! [주문/송장번호] 구매 상태를 확인하려면 당사 웹사이트의 '[기타정보]' 섹션을 방문하세요. 이는 구매 진행 상황에 대한 최신 정보를 쉽고 편리하게 확인할 수 있는 방법입니다. 다른 질문이 있거나 추가 도움이 필요하시면 언제든지 알려주세요. 저는 모든 단계에서 고객님을 돕기 위해 여기 있습니다.
BELP,주문 [주문/송장번호] 상태를 어떻게 볼 수 있는지 모르겠습니다.,주문,주문 배송 조회,도와주셔서 영광입니다! 주문 번호 [주문/송장번호]로 주문 상태를 확인하는 방법을 잘 모르실 것 같습니다. 걱정하지 마세요. 제가 도와드리겠습니다! 주문 상태를 확인하려면 당사 웹사이트를 방문하여 '주문 내역' 섹션으로 이동하세요. 거기에서 필요한 정보를 찾을 수 있습니다. 다른 질문이 있거나 추가 도움이 필요하시면 언제든지 알려주세요. 고객님이 원활한 경험을 갖고 필요한 모든 정보에 액세스할 수 있도록 하는 것이 저의 최우선 과제입니다.
BILW,[주문/송장번호] 주문의 를 볼 수 있도록 도와주실 수 있나요?,주문,주문 배송 조회,저희는 고객님을 위해 여기 있습니다! 주문 번호 [주문/송장번호]의 주문에 대한 예상 도착 시간(ETA)을 확인하는 데 도움이 필요하다는 것을 알고 있습니다. 주문을 추적하고 배송에 대한 최신 정보를 얻는 것이 중요합니다. 예상 시간을 보려면 당사 웹사이트의 '[기타정보]' 섹션을 방문하거나 당사 고객 지원팀([고객센터전화번호])에 문의하시기 바랍니다. 그들은 고객님의 주문에 관한 최신 정보를 고객님께 제공할 수 있습니다. 다른 궁금한 점이나 우려 사항이 있으면 언제든지 알려주시기 바랍니다. 저는 도와주러 왔습니다!
BIL,구매 [주문/송장번호] 현재 상태를 확인하는 방법은 무엇입니까?,주문,주문 배송 조회,저는 고객님을 듣고! 구매 번호 [주문/송장번호]로 구매 현재 상태를 확인하는 데 도움이 필요하다는 소식을 전해 드립니다. 그렇게 하려면 다음 단계를 따라 주세요. 1. 당사 웹사이트 [웹사이트/메뉴]를 방문하세요. 2. 사용자 이름과 비밀번호를 사용하여 계정에 로그인하세요. 3. 계정의 '[웹사이트/메뉴]' 섹션으로 이동하세요. 4. 구매 번호가 [주문/송장번호]인 주문을 찾습니다. 5. 주문 세부정보를 클릭하면 현재 구매 상태를 확인할 수 있습니다. 어려움이 있거나 추가 안내가 필요한 경우 언제든지 알려주시기 바랍니다. 저는 고객님이 원활한 경험을 할 수 있도록 여기 있습니다!
BIQZ,캠으로 주문을 추적하는 방법 [주문/송장번호],주문,주문 배송 조회,"문의해 주셔서 감사합니다! 주문 번호 [주문/송장번호]로 주문을 추적하고 싶다는 점을 이해합니다. 주문을 추적하는 것은 간단한 과정이며, 제가 그 과정을 안내해 드리겠습니다. 주문을 추적하려면 당사 웹사이트를 방문하여 '[기타정보]' 섹션으로 이동하세요. 여기에서 주문 번호 [주문/송장번호]를 입력하라는 메시지가 표시됩니다. 필수 정보를 입력하시면 주문의 현재 상태와 예상 배송일을 확인할 수 있습니다. 도중에 문제가 발생하거나 추가 질문이 있는 경우 언제든지 문의해 주세요. 저희는 고객님의 주문에 대해 신뢰할 수 있는 최신 정보를 제공하기 위해 최선을 다하고 있습니다."
BL,주문 [주문/송장번호] 현재 상태를 보여주세요,주문,주문 배송 조회,"고객님의 메시지는 많은 의미가 있습니다! 주문 번호 [주문/송장번호]의 현재 주문 상태를 확인하고 싶다는 생각에 동의합니다. 최신 정보를 제공해 드리기 위해 당사 홈페이지 '[기타정보]' 섹션을 방문해 주시기 바랍니다. 이 섹션에는 예상 배송 날짜, 추적 정보, 업데이트 또는 지연을 포함하여 주문 상태에 관한 모든 세부 정보가 포함됩니다. 문제가 발생하거나 추가 문의사항이 있으면 언제든지 알려주시기 바랍니다. 저는 이 과정 전반에 걸쳐 고객님을 돕고 만족스러운 경험을 보장하기 위해 왔습니다."
BL,구매 상태 확인에 도움 [주문/송장번호],주문,주문 배송 조회,연락해주셔서 감사합니다! 구매 번호 [주문/송장번호]로 구매 현황을 확인하는 데 도움이 필요하신 것 같습니다. 정확한 정보를 제공하기 위해 잠시 시간을 내어 당사 시스템에서 세부정보를 검색해 주시기 바랍니다. 그 동안 제가 도와드릴 부분이 더 있으시거나 다른 궁금한 점이 있으시면 알려주시기 바랍니다.
BL,구매 [주문/송장번호] 현재 상태를 확인하는 데 도움이 필요합니다.,주문,주문 배송 조회,고객님의 연락에 감사드립니다! 구매 번호 [주문/송장번호]의 구매 상태를 확인하는 데 도움이 필요하신 것 같습니다. 정확한 정보 전달을 위해 주문번호를 알려주실 수 있나요? 정보가 확보되면 고객님의 구매를 추적하는 데 추가 도움을 드리고 최신 상태를 알려드릴 수 있습니다.
BL,구매 [주문/송장번호] 현황을 보려고 합니다,주문,주문 배송 조회,문의해 주셔서 감사합니다! [주문/송장번호] 구매 현황을 확인하는 데 도움을 드리고자 왔습니다. 정확한 정보 전달을 위해 주문번호를 알려주실 수 있나요? 정보가 확보되면 구매 진행 상황을 추적하는 데 도움을 드릴 수 있습니다.
BLQ,[주문/송장번호] 주문의 에타를 보는 방법을 모르겠습니다,주문,주문 배송 조회,저희는 듣고 있어요! 주문 번호 [주문/송장번호]로 주문한 항목의 예상 도착 시간(ETA)을 확인하는 방법을 잘 모르신다는 점을 알려드립니다. 절차를 안내해 드리겠습니다. 주문 ETA를 확인하려면 당사 웹사이트의 '[주문/송장번호]' 섹션을 방문하세요. 이 섹션에서는 주문의 예상 도착 날짜와 시간을 확인할 수 있습니다. 추가 질문이 있거나 추가 도움이 필요하시면 언제든지 문의해 주세요. 저는 도와주러 왔습니다!
BL,주문 [주문/송장번호]를 찾으려면 어떻게 해야 할지 모르겠습니다.,주문,주문 배송 조회,"주문 번호 [주문/송장번호]로 주문을 찾는 단계에 대해 잘 모르셨다니 감사드립니다. 안심하세요. 제가 절차를 안내해 드리겠습니다! 주문 위치를 찾으려면 당사 웹사이트나 앱의 '[기타정보]' 섹션을 방문하세요. 이 섹션에서는 주문 번호를 입력하고 현재 상태, 예상 도착 시간(ETA) 및 기타 관련 세부 정보를 볼 수 있습니다. 문제가 발생하거나 추가 문의사항이 있으면 언제든지 알려주시기 바랍니다. 저는 고객님의 절차를 최대한 원활하게 진행하기 위해 왔습니다!"
BLQZ,주문 [주문/송장번호]의 를 확인하는 데 도움이 됩니다.,주문,주문 배송 조회,문의해 주셔서 감사합니다! 번호가 [주문/송장번호]인 주문의 예상 도착 시간(ETA)을 확인하는 데 도움을 드리고자 왔습니다. 주문 ETA를 보려면 당사 웹사이트의 '[기타정보]' 섹션을 방문하십시오. ETA를 찾는 데 어려움이 있거나 추가 지원이 필요한 경우 언제든지 알려주시기 바랍니다. 제 목표는 고객님이 우리와 함께 원활하고 긍정적인 경험을 할 수 있도록 하는 것입니다!
BILQZ,구매 [주문/송장번호] 현재 상태를 어떻게 확인하나요?,주문,주문 배송 조회,"문의해 주셔서 감사합니다! 주문 번호 [주문/송장번호]로 구매하신 상품의 현재 상태를 확인하는 데 도움을 드리고자 왔습니다. 그렇게 하려면 당사 웹사이트의 '[기타정보]' 섹션을 편리하게 방문하세요. 여기에서 구매 진행 상황에 관한 모든 세부 정보를 확인할 수 있습니다. 추가 질문이 있거나 추가 안내가 필요한 경우, 주저하지 말고 문의해 주세요. 저는 고객님이 원활한 경험을 할 수 있도록 돕기 위해 왔습니다!"
BKLZ,주문 00004587345현황,주문,주문 배송 조회,고객님의 메시지에 감사드립니다! 고객님는 주문 번호 [주문/송장번호]의 주문 상태를 알고 싶습니다. 정확한 정보 전달을 위해 구매번호를 알려주실 수 있나요? 해당 정보가 확인되면 주문 상태를 추적하는 데 추가 도움을 드릴 수 있습니다.
BILPQ,구매 예정 시간을 알 수 있을까요 [주문/송장번호],주문,주문 배송 조회,"저희는 고객님의 봉사 활동을 소중히 여깁니다! 구매 번호 [주문/송장번호]로 구매한 제품의 예상 도착 시간(ETA)을 확인하고 싶다는 의견에 동의합니다. 정확한 정보 제공을 위해 당사 홈페이지 ""[기타정보]"" 페이지를 방문해 주시기 바랍니다. 여기에서 구매 번호를 입력하고 구매 상태와 ETA를 확인할 수 있습니다. 문제가 발생하거나 추가 문의사항이 있으면 언제든지 알려주시기 바랍니다. 저는 고객님이 원활한 경험을 할 수 있도록 하고 구매에 대한 최신 정보를 얻기 위해 왔습니다!"
BI,주문 [주문/송장번호] 상태는 무엇입니까?,주문,주문 배송 조회,고객님의 의견을 듣고 기뻐요! 고객님이 주문 번호 [주문/송장번호]의 주문 상태를 알고 싶다는 점을 진심으로 이해합니다. 현재 상황을 확인하시려면 당사 홈페이지 '[기타정보]' 섹션을 방문하시기 바랍니다. 추가 도움이 필요하거나 다른 질문이 있는 경우 언제든지 문의해 주세요. 저는 내가 할 수 있는 모든 방법으로 고객님을 돕기 위해 여기 있습니다.
BLZ,주문 [주문/송장번호] 상태를 보려면 어떻게 해야 할지 모르겠습니다.,주문,주문 배송 조회,도와주셔서 영광입니다! 주문 번호 [주문/송장번호]로 주문 상태를 확인하는 방법을 잘 모르시는 것 같습니다. 저는 고객님께 이 과정을 안내하는 데 도움을 드리고자 왔습니다. 주문 상태를 보려면 당사 웹사이트의 '[기타정보]' 섹션을 방문하세요. 이를 통해 구매 진행 상황에 대한 실시간 업데이트를 제공받을 수 있습니다. 추가 질문이 있거나 추가적인 도움이 필요하시면 언제든지 문의해 주세요. 원활한 경험을 보장하는 것이 저의 최우선 과제입니다!
BILQ,주문 [주문/송장번호] 상태를 보려면 어떻게 해야 하나요?,주문,주문 배송 조회,문의해 주셔서 감사합니다! 주문 번호 [주문/송장번호]의 주문 상태를 보려면 다음 단계를 따르세요. 1. 당사 웹사이트 [웹사이트/메뉴]를 방문하여 고객님의 계정에 로그인하십시오. 2. '[웹사이트/메뉴]' 섹션으로 이동합니다. 3. 주문 번호 [주문/송장번호]로 특정 주문을 찾으십시오. 4. 클릭하시면 현황을 포함한 상세정보를 보실 수 있습니다. 어려움이 있거나 추가 도움이 필요하면 언제든지 문의하세요. 저는 모든 단계에서 고객님을 돕기 위해 여기 있습니다.
BIZ,[주문/송장번호] 주문 상태를 확인할 수 있나요?,주문,주문 배송 조회,"저는 고객님을 듣고! 주문 번호 [주문/송장번호]의 주문 상태를 확인하고 싶다는 연락을 받았습니다. 신속한 도움을 받으려면 당사 웹사이트의 ""주문 내역"" 섹션을 방문하는 것이 좋습니다. 여기에서 주문 상태에 관한 최신 정보를 확인할 수 있습니다. 다른 질문이 있거나 추가 안내가 필요한 경우 언제든지 알려주시기 바랍니다. 저는 고객님이 원활하고 만족스러운 경험을 할 수 있도록 최선을 다해 왔습니다."
BQZ,주문 [주문/송장번호]의 에타를 확인하는 데 도움이 필요합니다.,주문,주문 배송 조회,"고객님의 의견을 듣고 기뻐요! 주문 번호 [주문/송장번호] 주문의 예상 도착 시간(ETA)을 확인하는 데 도움이 필요하다는 점을 진심으로 이해합니다. 가장 정확한 정보를 제공하기 위해 고객님의 이름, 연락처 등 몇 가지 세부 정보를 추가로 제공해 주시기를 부탁드립니다. 해당 정보가 확보되면 고객님의 주문을 추적하고 ETA를 제공하는 데 추가 도움을 드릴 수 있습니다."
BILQW,구매 시간 [주문/송장번호]는 어디서 볼 수 있나요?,주문,주문 배송 조회,"연락해주셔서 감사합니다! 구매 번호 [주문/송장번호]로 구매한 제품의 예상 도착 시간(ETA)을 알고 싶어 하시는 것으로 알고 있습니다. ETA를 보려면 당사 웹사이트의 ""[주문/송장번호]"" 페이지를 방문하는 것이 좋습니다. 여기서 ETA를 포함하여 구매에 관한 모든 관련 정보를 찾을 수 있습니다. 어려움이 있거나 추가 지원이 필요한 경우 언제든지 알려주시기 바랍니다. 저는 모든 단계에서 고객님을 돕기 위해 여기 있습니다!"
BL,구매 [주문/송장번호] 현황을 봐야겠네요,주문,주문 배송 조회,문의해주셔서 감사합니다! 구매 번호 [주문/송장번호]의 구매 상태를 확인하고 싶다는 점을 확인했습니다. 이에 대한 도움을 받으려면 당사 웹사이트의 '[기타정보]' 섹션을 방문하세요. 추가 질문이 있거나 추가 지원이 필요한 경우 언제든지 알려주시기 바랍니다. 저는 고객님이 원활한 경험을 할 수 있도록 돕기 위해 왔습니다!
BLQ,[주문/송장번호] 주문의 현재 상태를 보려고 합니다.,주문,주문 배송 조회,연락해주셔서 감사합니다! 주문 번호 [주문/송장번호]의 현재 주문 상태를 확인하려고 하신 것으로 알고 있습니다. 주문 상태를 보려면 당사 웹사이트의 '[기타정보]' 섹션을 방문하세요. 그러면 주문 진행 상황에 대한 실시간 업데이트가 제공됩니다. 다른 질문이 있거나 추가 도움이 필요하시면 언제든지 알려주세요. 저는 모든 단계에서 고객님을 돕기 위해 여기 있습니다!
BIL,[주문/송장번호] 구매현황을 확인할 수 있나요?,주문,주문 배송 조회,연락해주셔서 감사합니다! 주문 번호 [주문/송장번호]로 구매의 현재 상태를 확인하고 싶다는 점을 잘 알고 있습니다. 정확한 정보 제공을 위해 당사 홈페이지 '[기타정보]' 섹션을 방문해 주시기 바랍니다. 여기에서 구매에 대한 최신 상태를 확인할 수 있습니다. 추가 질문이 있거나 추가 도움이 필요하면 언제든지 문의하세요. 고객님이 구매 경험에 대해 최신 정보를 얻고 만족할 수 있도록 도와드리는 것은 언제나 기쁜 일입니다.
BL,[주문/송장번호] 구매 를 어떻게 확인할 수 있는지 모르겠습니다.,주문,주문 배송 조회,연락해주셔서 기뻐요! 고객님이 [주문/송장번호] [주문/송장번호] 번호로 구매한 상품의 예상 도착 시간(ETA)을 찾는 방법을 알고 싶다는 점을 분명히 알고 있습니다. ETA를 찾으려면 당사 웹사이트의 '[웹사이트/메뉴]' 섹션을 방문하세요. 해당 항목을 찾을 수 없거나 추가 지원이 필요한 경우 알려주시기 바랍니다. 저는 고객님께 절차를 안내하고 모든 단계에서 최신 정보를 얻을 수 있도록 돕기 위해 왔습니다.
BIL,[주문/송장번호] 구매 상태를 어떻게 확인할 수 있나요?,주문,주문 배송 조회,문의해주셔서 감사합니다! 구매 번호 [주문/송장번호]로 구매 상태를 확인하고 싶다는 점을 확인했습니다. 그렇게 하려면 당사 웹사이트의 '[웹사이트/메뉴]' 섹션을 방문하세요. 이 섹션에서는 [주문/송장번호] 구매의 현재 상태를 포함하여 구매에 대한 모든 세부 정보를 확인할 수 있습니다. 추가 문의사항이 있거나 추가 지원이 필요한 경우 언제든지 알려주시기 바랍니다. 저는 도와주러 왔습니다!
BIL,구매 [주문/송장번호]를 찾으려면 어떻게 해야 합니까?,주문,주문 배송 조회,무슨 말인지 알겠습니다! 번호 [주문/송장번호]로 구매한 제품을 찾기 위해 어떤 단계를 거쳐야 하는지 알고 싶은 것과 같은 페이지에 있습니다. 구매 위치를 찾으려면 다음 단계를 따르세요. 1. 당사 웹사이트에서 고객님의 계정에 로그인하십시오. 2. '주문 내역' 또는 '내 구매 내역' 섹션으로 이동하세요. 3. 주문을 검색하거나 필터링하는 옵션을 찾으세요. 4. 검색 또는 필터 표시줄에 구매번호 [주문/송장번호]를 입력하세요. 5. '검색' 또는 '필터' 버튼을 클릭하세요. 6. 지정된 번호의 구매가 현재 상태 및 추적 정보와 함께 표시되어야 합니다. 어려움이 있거나 더 궁금한 점이 있으면 언제든지 문의해 주세요. 저는 고객님이 구매한 제품을 찾는 데 원활한 경험을 할 수 있도록 모든 단계에서 도움을 드리고 있습니다.
BILQ,[주문/송장번호] 주문의 현재 상태를 확인할 수 있는 곳,주문,주문 배송 조회,"질문해주셔서 감사합니다! [주문/송장번호] 번호로 주문의 현재 상태를 확인하려면 당사 웹사이트의 ""[기타정보]"" 섹션으로 이동하세요. 이 섹션에서는 예상 배송 날짜, 배송 추적 정보 및 관련 알림을 포함하여 주문 진행 상황에 대한 실시간 업데이트를 제공합니다. 어려움이 있거나 추가 문의사항이 있으면 언제든지 알려주시기 바랍니다. 저는 고객님이 절차 전반에 걸쳐 원활하고 정보에 입각한 경험을 할 수 있도록 하기 위해 왔습니다!"
BI,[주문/송장번호]를 주문하면 언제 받을 수 있나요?,주문,주문 배송 조회,문의해 주셔서 감사합니다! 주문 번호 [주문/송장번호]로 구매한 제품의 예상 도착 시간(ETA)을 확인하는 데 도움을 드리고자 합니다. 가장 정확한 정보를 제공하기 위해 배송 주소나 배송에 사용된 택배 서비스와 같은 몇 가지 추가 세부정보를 공유해 주시겠습니까? 이 정보를 받으면 예상 배송일에 대한 업데이트를 알려드릴 수 있습니다.
BIL,마지막 구매 예상 도착 시간은 어디서 확인하나요?,주문,주문 배송 조회,문의해 주셔서 감사합니다! 마지막 구매에 대한 예상 도착 시간(ETA)을 확인하는 데 도움을 드리고자 왔습니다. 그렇게 하려면 당사 웹사이트의 '[웹사이트/메뉴]' 섹션을 방문하세요. ETA를 포함한 모든 관련 정보를 찾을 수 있습니다. 다른 질문이 있거나 추가 안내가 필요한 경우 언제든지 알려주시기 바랍니다. 저는 도와주러 왔습니다!
BLQ,[주문/송장번호] 구매 를 확인하는 방법을 모르겠습니다,주문,주문 배송 조회,저희는 고객님의 봉사 활동을 소중히 여깁니다! 구매 번호 [주문/송장번호]로 구매한 제품의 예상 도착 시간(ETA)을 확인하는 방법을 잘 모르신다는 사실에 공감합니다. 도움을 드리기 위해 과정을 설명해 드리겠습니다. 당사 웹사이트의 '[기타정보]' 섹션을 방문하면 도착 예정 시간을 확인할 수 있습니다. 예상 도착 시간을 포함하여 구매와 관련된 모든 관련 업데이트를 제공합니다. 혹시 어려운 점이나 추가 문의사항이 있으시면 언제든지 문의해주세요. 저는 모든 단계에서 고객님을 돕기 위해 여기 있습니다!
BILP,[주문/송장번호] 주문 상태를 확인하도록 도와주실 수 있나요?,주문,주문 배송 조회,연락해주셔서 기뻐요! 주문 번호 [주문/송장번호]의 주문 상태를 확인하는 데 도움이 필요하다는 점을 잘 알고 있습니다. 가장 정확한 정보를 제공하기 위해 고객님의 계정 세부정보나 주문과 관련된 기타 관련 정보를 제공해 주시기 바랍니다. 이 정보를 통해 고객님의 주문을 신속하게 찾고 현재 상태를 알려드릴 수 있습니다. 저는 모든 단계에서 고객님을 도와드릴 것입니다. 필요한 세부정보를 제공해 주시면 함께 문제를 해결해 드리겠습니다.
BKL,구매 위치 찾기 [주문/송장번호],주문,주문 배송 조회,우리를 믿어주셔서 감사합니다! 구매 번호 [주문/송장번호]로 구매한 제품을 찾는 데 도움을 찾고 계시다는 점을 잘 알고 있습니다. 이 문제를 해결하는 데 도움이 되도록 구매하신 플랫폼이나 웹사이트 등 몇 가지 추가 정보를 제공해 주시겠습니까? 이렇게 하면 구매 위치를 찾는 데 더 효과적으로 안내할 수 있습니다.
BILQ,현재 구매 상태는 어디서 볼 수 있나요 [주문/송장번호],주문,주문 배송 조회,고객님의 문의에 감사드립니다! [주문/송장번호] 구매 현황을 확인하시려면 당사 홈페이지 '[기타정보]' 섹션을 방문해 주세요. 이 섹션에서는 구매 진행 상황에 대한 실시간 정보를 제공합니다. 다른 질문이 있거나 추가 도움이 필요하시면 언제든지 알려주세요. 저는 고객님께 원활한 경험을 보장하기 위해 왔습니다.
BELNQ,[주문/송장번호] 주문의 예상 시간을 볼 수 없습니다,주문,주문 배송 조회,문의해 주셔서 감사합니다! 주문 번호 [주문/송장번호]로 주문한 항목의 예상 도착 시간(ETA)을 확인할 수 없다는 점을 충분히 이해합니다. 불편을 끼쳐드려 죄송합니다. ETA를 얻는 데 도움을 받으려면 당사 웹사이트의 '[주문/송장번호]' 페이지를 확인하는 것이 좋습니다. 이 페이지는 주문 ETA를 포함하여 모든 관련 정보를 제공합니다. 어려움이 있는 경우 알려주시면 기꺼이 절차를 안내해 드리겠습니다. 우리 서비스에 대한 고객님의 이해와 만족도를 높이는 것이 저의 최우선 과제입니다.
BLQZ,주문 [주문/송장번호] 를 확인하는 데 도움이 필요합니다.,주문,주문 배송 조회,고객님의 의견을 들으니 반갑습니다! 주문 번호 [주문/송장번호]의 주문 상태를 확인하는 데 도움이 필요하신 것으로 확인됩니다. 저는 고객님을 돕기 위해 여기 있습니다. 주문 상태를 보려면 당사 웹사이트의 '[기타정보]' 섹션을 방문하세요. 혹시 어려운 점이나 추가 문의사항이 있으시면 언제든지 문의해주세요. 제 목표는 고객님이 원활하고 만족스러운 경험을 할 수 있도록 하는 것입니다!
BCILQZ,주문 상태를 확인해야 합니다 [주문/송장번호] 안녕하세요?,주문,주문 배송 조회,"내가 처리할게! 문의해 주셔서 감사합니다. 주문 번호 [주문/송장번호]의 주문 상태를 확인하는 데 도움이 필요하다는 점을 이해합니다. 정확한 정보를 제공하기 위해 이름, 이메일 주소 등 계정 세부정보를 확인해 주시겠습니까? 이렇게 하면 고객님의 주문 세부정보에 액세스하고 최신 정보를 제공하는 데 도움이 됩니다."
BQ,주문 [주문/송장번호]를 추적하는 데 도움이 필요합니다.,주문,주문 배송 조회,저희는 고객님의 봉사 활동을 소중히 여깁니다! 주문 번호 [주문/송장번호]로 주문을 추적하는 데 도움이 필요하다는 사실을 잘 알고 있습니다. 주문을 추적하려면 당사 웹사이트의 '[기타정보]' 섹션을 방문하세요. 거기에서 주문 번호를 입력하고 주문 상태 및 예상 배송 날짜에 대한 최신 정보를 얻을 수 있습니다. 추가 질문이 있거나 추가 도움이 필요하면 언제든지 문의하세요. 저는 고객님께 원활한 추적 경험을 제공해 드리겠습니다!
BIQ,[주문/송장번호] 주문 상태를 보여 주시겠어요?,주문,주문 배송 조회,도와주셔서 영광입니다! 고객님께서 주문 번호 [주문/송장번호]의 주문 상태를 알고 싶어 하신다는 사실을 알고 있습니다. 정확한 정보를 제공하기 위해 주문과 관련된 이름과 이메일을 제공해 주시기 바랍니다. 이 정보를 통해 고객님의 주문을 찾고 최신 상태를 알려드릴 수 있습니다. 협조해 주셔서 감사합니다. 추가 지원을 위해 최선을 다하겠습니다.
BKL,주문 [주문/송장번호]의 현재 상태를 확인하세요.,주문,주문 배송 조회,"연락해주셔서 기뻐요! 고객님께서 주문 번호 [주문/송장번호]의 현재 주문 상태를 확인하고 싶어하신다는 점을 잘 알고 있습니다. 불편을 끼쳐드려 죄송합니다. 하지만 이 채팅에서는 구체적인 주문 세부정보를 제공할 수 없습니다. 그러나 당사 웹사이트의 ""[웹사이트/메뉴]"" 섹션을 방문하시기 바랍니다. 주문 내역에서 해당되는 경우 예상 배송 날짜를 포함하여 주문의 최신 상태를 확인할 수 있습니다. 추가 문의사항이 있거나 추가 도움이 필요하시면 언제든지 알려주세요. 저는 도와주러 왔습니다!"
BEL,구매 [주문/송장번호] 상태를 어떻게 볼 수 있는지 모르겠습니다,주문,주문 배송 조회,언제나 연결이 좋아요! 주문 번호 [주문/송장번호]로 구매 상태를 확인하는 방법을 잘 모르신다는 사실을 잘 알고 있습니다. 제가 도와드리겠습니다. 주문 상태를 보려면 당사 웹사이트의 '[기타정보]' 섹션을 방문하세요. 이를 통해 구매 진행 상황에 대한 실시간 업데이트를 제공받을 수 있습니다. 추가 질문이 있거나 추가 안내가 필요한 경우 언제든지 문의해 주세요. 저는 고객님이 원활한 경험을 할 수 있도록 여기 있습니다!
BLQ,구매 [주문/송장번호]를 찾는 데 도움이 필요합니다.,주문,주문 배송 조회,저희는 모두 귀를 기울입니다! 구매 번호 [주문/송장번호]로 구매하신 제품을 찾는 데 도움이 필요하신 것 같습니다. 제가 도와드리겠습니다. 구매 세부정보 및 상태를 확인하려면 당사 웹사이트의 '[기타정보]' 섹션을 방문하세요. 필요한 모든 정보를 제공해야 합니다. 다른 질문이 있거나 추가 도움이 필요하시면 언제든지 문의해 주세요. 저는 도와주러 왔습니다!
BELQZ,구매 [주문/송장번호]의 를 어떻게 확인할 수 있는지 모르겠습니다.,주문,주문 배송 조회,무슨 말인지 알겠습니다! 주문 번호 [주문/송장번호]로 구매한 제품의 예상 도착 시간(ETA)을 확인하는 방법에 대해 잘 모르시는 것과 같은 페이지입니다. 제가 도와드리겠습니다. 구매 예상 시간을 확인하려면 당사 웹사이트의 '[기타정보]' 섹션을 방문하세요. 여기에서 주문의 추적 및 배송 상태에 관한 모든 세부 정보를 확인할 수 있습니다. 더 궁금한 점이 있거나 제가 도와드릴 수 있는 다른 사항이 있으면 언제든지 알려주시기 바랍니다. 저는 고객님의 경험이 원활하고 즐거운지 확인하기 위해 여기에 있습니다!
BLQW,[주문/송장번호] 주문 상태를 보는 데 도움이 필요해요,주문,주문 배송 조회,연락해주셔서 기뻐요! 주문 번호 [주문/송장번호]의 주문 상태를 확인하는 데 도움이 필요하다는 점을 잘 알고 있습니다. 가장 정확한 정보를 제공하기 위해 부적절한 언어를 사용하지 않고 주문 번호를 확인해 주시겠습니까? 올바른 주문 번호를 받으면 주문 상태를 추적하는 데 추가 도움을 드릴 수 있습니다.
BILQZ,[주문/송장번호]의 도착 예정 시간은 어디서 볼 수 있나요?,주문,주문 배송 조회,저희는 고객님을 위해 여기 있습니다! 주문 번호 [주문/송장번호]의 주문에 대한 예상 도착 시간(ETA)을 어디서 확인할 수 있는지 알고 싶습니다. 예상 도착 시간을 확인하려면 당사 웹사이트의 '[주문/송장번호]' 섹션을 방문하는 것이 좋습니다. 여기서 ETA를 포함하여 주문과 관련된 모든 관련 정보를 찾을 수 있습니다. 추가 문의사항이 있거나 다른 도움이 필요한 경우 언제든지 알려주시기 바랍니다. 저는 도와주러 왔습니다!
BLZ,주문 확인 [주문/송장번호],주문,주문 배송 조회,문의해 주셔서 감사합니다! 주문 번호 [주문/송장번호]의 주문을 찾는 데 도움을 드리고자 왔습니다. 이 문제를 해결하는 데 도움이 되도록 고객님의 이름이나 주문과 관련된 기타 관련 정보 등 추가 세부정보를 제공해 주시겠습니까? 이를 통해 당사 시스템에서 신속하게 주문을 찾고 필요한 정보를 제공할 수 있습니다.
BLZ,[주문/송장번호] 구매 예상 시간을 확인하는 데 도움이 됩니다.,주문,주문 배송 조회,"저희는 고객님을 위해 여기 있습니다! 구매 번호 [주문/송장번호]로 구매하신 상품의 예상 도착 시간(ETA)을 확인하는 데 도움이 필요하신 것으로 알고 있습니다. ETA를 보려면 당사 웹사이트의 ""주문 내역"" 섹션을 방문하거나 주문할 때 받은 확인 이메일을 확인하세요. 정보를 찾을 수 없는 경우 절차를 안내해 드리겠습니다. 저에게 알려주시면 구매를 효과적으로 추적하는 데 필요한 모든 세부 정보를 함께 확인할 수 있습니다."
BLQZ,상태를 확인하거나 [주문/송장번호]를 구매하는 데 도움이 필요합니다.,주문,주문 배송 조회,고객님의 메시지에 감사드립니다! 구매 번호 [주문/송장번호]로 구매 상태를 확인하는 데 도움이 필요하다는 것이 확실합니다. 이에 대한 도움을 받으려면 당사 웹사이트의 '[기타정보]' 섹션을 방문하세요. 여기에서 구매 진행 상황과 예상 배송 날짜를 추적할 수 있습니다. 추가 질문이 있거나 추가 지원이 필요한 경우 언제든지 문의해 주세요. 저는 고객님이 원활한 경험을 할 수 있도록 돕기 위해 왔습니다!
BLQZ,구매 상태를 확인하는 방법을 모르겠습니다 [주문/송장번호],주문,주문 배송 조회,고객님의 의견을 듣고 기뻐요! 주문 번호 [주문/송장번호]로 구매 상태를 확인하는 데 도움이 필요하다는 점을 진심으로 이해합니다. 저는 고객님께 이 과정을 안내하는 데 도움을 드리고자 왔습니다. 구매에 대한 최신 업데이트를 받으려면 당사 웹사이트의 '[기타정보]' 섹션을 방문하세요. 추가 문의사항이 있거나 어려운 점이 있으면 언제든지 알려주시기 바랍니다. 고객님을 돕는 것이 나의 최우선 과제입니다!
BLW,구매 [주문/송장번호] 빌어먹을 상태를 참조하세요,주문,주문 배송 조회,문의해 주셔서 감사합니다! 구매 번호 [주문/송장번호]의 상태를 확인하는 데 도움을 드리고자 왔습니다. 정확한 정보를 제공하기 위해 구매와 관련된 주문 번호를 알려주시겠습니까? 해당 정보가 접수되면 구매를 추적하는 방법을 안내해 드릴 수 있습니다.
BL,[주문/송장번호] 구매현황을 보려고 합니다,주문,주문 배송 조회,문의해 주셔서 감사합니다! 구매 번호 [주문/송장번호]를 사용하여 구매의 현재 상태를 추적하는 데 도움을 드리고 있습니다. 상태를 확인하려면 당사 웹사이트나 앱의 '[기타정보]' 섹션을 방문하세요. 다른 질문이 있거나 추가 도움이 필요하면 언제든지 문의하세요. 저는 모든 단계에서 고객님을 돕기 위해 여기 있습니다!
BL,구매현황을 확인해야겠네요 [주문/송장번호],주문,주문 배송 조회,문의해 주셔서 감사합니다! 주문 번호 [주문/송장번호]로 구매 상태를 확인하는 데 도움을 드리고 있습니다. 상태를 확인하려면 당사 웹사이트의 '[웹사이트/메뉴]' 섹션을 방문하세요. 다른 질문이 있거나 추가 도움이 필요하시면 언제든지 알려주세요. 저는 고객님의 경험이 원활하고 효율적이도록 하기 위해 왔습니다.
BL,구매예정일수를 봐야해요 [주문/송장번호],주문,주문 배송 조회,물론이죠! 구매 번호 [주문/송장번호]로 구매한 제품의 예상 도착 시간을 문의해 주셔서 감사합니다. 정확한 정보 제공을 위해 당사 홈페이지 '[기타정보]' 섹션을 방문해 주시기를 부탁드립니다. 거기에서 구매에 대한 ETA를 포함한 모든 세부 정보를 확인할 수 있습니다. 다른 질문이 있거나 추가 도움이 필요하시면 언제든지 문의해 주세요. 저는 고객님이 쇼핑 경험을 최대한 활용할 수 있도록 돕기 위해 왔습니다!
BK,주문 [주문/송장번호]의 예상 도착 시간,주문,주문 배송 조회,고객님의 의견을 들으니 반갑습니다! 주문 번호 [주문/송장번호]의 주문에 대한 예상 도착 시간(ETA)을 알고 싶어 하시는 것으로 확인됩니다. 고객님의 주문 ETA에 관한 정확한 정보를 제공하기 위해 고객 지원팀에 문의해 주시기 바랍니다. 그들은 주문 상태에 대한 최신 정보를 갖고 있으며 고객님께 더 나은 도움을 드릴 수 있습니다. [고객센터전화번호]로 연락하거나 당사 웹사이트 [웹사이트/메뉴]의 라이브 채팅을 통해 연락할 수 있습니다. 추가로 도움이 필요하시면 알려주시기 바랍니다. 도움이 되어 기쁘네요!
BNZ,주문의 를 확인할 수 없습니다 [주문/송장번호],주문,주문 배송 조회,이 문제를 알려주셔서 감사합니다. 불편을 끼쳐드려 죄송합니다. 주문 번호 [주문/송장번호] 주문의 예상 도착 시간(ETA)을 확인하는 데 도움을 드리기 위해 몇 가지 추가 정보를 제공해 주시기 바랍니다. 구매 번호나 주문과 관련된 기타 세부 정보를 확인해 주시겠습니까? 이를 통해 문제를 더 자세히 조사하고 정확한 상태 업데이트를 제공할 수 있습니다. 고객님의 인내와 협조에 감사드립니다.
BLQZ,구매 시기를 확인하는 데 도움이 필요합니다. [주문/송장번호],주문,주문 배송 조회,고객님의 연락에 감사드립니다! 구매 번호 [주문/송장번호]로 구매한 제품의 예상 도착 시간(ETA)을 확인하는 데 도움이 필요하신 것 같습니다. 가장 정확한 정보를 제공하기 위해 당사 홈페이지 '[주문/송장번호]' 섹션을 방문해 주시기 바랍니다. 거기에서 구매에 대한 ETA를 찾을 수 있습니다. 다른 질문이나 우려 사항이 있으면 언제든지 알려주시기 바랍니다. 저는 고객님의 쇼핑 경험을 향상시키는 데 도움을 드리고자 왔습니다!
BELN,[주문/송장번호] 구매현황을 볼 수 없습니다,주문,주문 배송 조회,고객님의 메시지는 많은 의미가 있습니다! [주문/송장번호]의 현재 구매 상태를 보는 데 문제가 있다는 생각에 동의합니다. 걱정하지 마세요. 제가 도와드리려고 왔습니다. 구매 상태를 확인하려면 당사 웹사이트를 방문하여 '[웹사이트/메뉴]' 섹션으로 이동하세요. 구매에 대한 최신 정보를 제공합니다. 여전히 문제가 발생할 경우 알려주시면 기꺼이 도와드리겠습니다. 고객 만족이 저희의 최우선 사항임을 기억하십시오!
BL,구매 [주문/송장번호] 현재 상태 확인 도움말,주문,주문 배송 조회,고객님의 메시지에 감사드립니다! 구매 번호 [주문/송장번호]로 구매의 현재 상태를 확인하는 데 도움이 필요하다는 것이 확실합니다. 이에 대한 도움을 받으려면 당사 웹사이트의 '[기타정보]' 섹션을 방문하세요. 이 섹션에서는 구매 상태에 대한 최신 정보를 제공합니다. 추가 문의사항이 있거나 추가 안내가 필요한 경우 언제든지 문의해 주세요. 모든 단계에서 원활하고 원활한 경험을 보장하는 것이 나의 목표입니다.
BCL,구매 [주문/송장번호]를 추적하고 싶습니다. 도움이 필요합니다.,주문,주문 배송 조회,"문의해 주셔서 감사합니다! 구매 번호 [주문/송장번호]로 구매를 추적하는 데 도움이 필요하다는 점을 충분히 이해합니다. 현재 주문 상태를 확인하려면 당사 웹사이트의 ""[기타정보]"" 섹션을 방문하세요. 다른 질문이 있거나 추가 안내가 필요한 경우, 주저하지 말고 문의해 주세요. 원활한 추적 경험을 보장하는 것이 나의 최우선 과제입니다!"
BCIL,[주문/송장번호] 주문을 찾아야 하는데 도움을 받을 수 있나요?,주문,주문 배송 조회,저희는 고객님의 봉사 활동을 소중히 여깁니다! 주문 번호 [주문/송장번호]를 찾는 데 도움이 필요하다는 사실에 동의합니다. 저는 고객님을 돕기 위해 여기 있습니다. 원하는 정보를 찾으려면 당사 웹사이트의 '[주문/송장번호]' 섹션을 방문하세요. 어려움이 있거나 추가 문의사항이 있으면 언제든지 알려주시기 바랍니다. 제 목표는 고객님께 원활하고 원활한 경험을 제공하는 것입니다.
BIQ,[주문/송장번호] 주문 예상 시간을 보여주실 수 있나요?,주문,주문 배송 조회,고객님의 메시지에 감사드립니다! 고객님는 주문 번호 [주문/송장번호]의 주문에 대한 예상 도착 시간을 알고 싶습니다. ETA에 관한 가장 정확한 정보를 제공하기 위해 잠시 시간을 내어 기록을 확인해 주시기를 부탁드립니다. 자세한 내용을 파악한 후 기꺼이 추가 지원을 해 드리겠습니다. 양해해 주셔서 감사합니다!
BLNQ,구매 예상 시간을 볼 수 없습니다 [주문/송장번호],주문,주문 배송 조회,도와주셔서 영광입니다! 구매 번호 [주문/송장번호]로 구매한 제품의 예상 도착 시간(ETA)을 확인할 수 없다는 사실을 알고 있습니다. 이 문제를 해결하는 데 도움이 되도록 구매에 사용한 플랫폼이나 웹사이트 등 몇 가지 추가 세부정보를 알려주시겠어요? 이 정보는 고객님을 올바른 방향으로 안내하고 구매에 대한 ETA를 보는 방법에 대한 정확한 지침을 제공하는 데 도움이 됩니다.
BILQ,주문 [주문/송장번호] 상태를 확인하는 방법,주문,주문 배송 조회,고객님의 의견은 소중합니다! 주문 번호 [주문/송장번호]로 주문 상태를 확인하는 방법을 알고 싶다는 연락을 받았습니다. 상태를 보려면 당사 웹사이트에서 고객님의 계정에 로그인하고 '주문 내역' 섹션으로 이동하십시오. 여기에서 주문의 세부정보와 현재 상태를 확인할 수 있습니다. 추가 문의사항이 있거나 기타 문의 사항에 대한 도움이 필요하시면 언제든지 문의해 주세요. 저는 원활한 경험을 보장하는 데 필요한 지원을 제공해 드리겠습니다.
BLQWZ,[주문/송장번호] 주문의 도착 예정 시간을 확인하는 데 도움이 필요합니다.,주문,주문 배송 조회,고객님의 메시지는 많은 의미가 있습니다! 주문 번호 [주문/송장번호] 주문의 예상 도착 시간(ETA)을 확인하는 데 도움이 필요하다는 생각에 동의합니다. ETA에 관한 정확한 정보를 제공하기 위해 구매 날짜나 기타 관련 정보 등 주문 세부정보를 알려주시겠습니까? 이렇게 하면 주문을 추적하고 최신 ETA를 제공하는 데 큰 도움이 됩니다.
BCILQZ,[주문/송장번호] 주문의 도착 예정 시간을 확인하고 싶은데 어떻게 해야 하나요?,주문,주문 배송 조회,고객님의 의견을 들으니 반갑습니다! 번호 [주문/송장번호] [주문/송장번호] 주문의 예상 도착 시간(ETA)을 확인하고 싶으신 것으로 확인됩니다. 그렇게 하려면 당사 웹사이트의 '[기타정보]' 섹션을 방문하세요. 이 섹션에서는 주문 상태 및 ETA에 대한 실시간 업데이트를 제공합니다. 추가 문의사항이 있거나 다른 도움이 필요한 경우 언제든지 알려주시기 바랍니다. 저는 도와주러 왔습니다!
BCILQZ,구매 예정 시간을 확인해야 합니다 [주문/송장번호] 도와주세요,주문,주문 배송 조회,"주문 번호 [주문/송장번호]로 구매하신 제품의 예상 도착 시간(ETA)을 확인해 주셔서 감사합니다. 기꺼이 도와드리겠습니다. 1. 먼저, 구매 ETA를 추적하는 것이 매우 쉽다는 점을 알려드립니다! 이 정보는 당사 웹사이트에서 쉽게 찾을 수 있습니다. 2. 당사 웹사이트의 ""주문 내역"" 섹션으로 이동하여 주문 번호 [주문/송장번호]로 구매 내역을 찾으세요. 3. 주문을 찾으면 ETA를 포함하여 배송에 대한 자세한 정보가 표시됩니다. 4. 어려움이 있거나 추가 질문이 있는 경우, 주저하지 말고 문의해 주세요. 저는 모든 단계에서 고객님을 돕기 위해 여기 있습니다! 원활하고 편리한 쇼핑 경험을 위해서는 구매 예상 시간을 추적하는 것이 필수적이라는 점을 기억하십시오. 추가로 도움이 필요하시면 알려주세요!"
BLQ,구매 예정 시간을 확인하는 데 도움이 필요합니다 [주문/송장번호],주문,주문 배송 조회,저희는 고객님의 봉사 활동을 소중히 여깁니다! 구매 번호 [주문/송장번호]로 구매한 상품의 예상 도착 시간(ETA)을 확인하는 데 도움이 필요하다는 사실에 동의합니다. 가장 정확한 정보를 제공하기 위해 당사 웹사이트에서 구매했는지 아니면 다른 플랫폼을 통해 구매했는지 확인해 주시겠습니까? 이렇게 하면 ETA 세부정보를 찾을 수 있는 올바른 위치를 안내하는 데 도움이 됩니다.
BCL,[주문/송장번호] 주문의 를 보고 싶습니다. 도움이 필요합니다.,주문,주문 배송 조회,저희는 고객님을 위해 여기 있습니다! 주문 번호 [주문/송장번호]의 주문에 대한 예상 도착 시간(ETA)을 확인하고 싶다는 점을 알고 있습니다. 이에 대한 도움을 받으려면 당사 웹사이트를 방문하여 '[기타정보]' 섹션으로 이동하세요. 여기에서 ETA를 포함하여 주문 상태에 대한 최신 업데이트를 확인할 수 있습니다. 문제가 발생하거나 추가 문의사항이 있으면 언제든지 알려주시기 바랍니다. 저는 모든 단계에서 고객님을 돕기 위해 여기 있습니다!
BLQ,구매 [주문/송장번호]의 를 볼 수 있도록 도와주세요,주문,주문 배송 조회,고객님의 연락에 감사드립니다! 구매 번호 [주문/송장번호]로 구매하신 상품의 예상 도착 시간(ETA)을 확인하는 데 도움이 필요하신 것 같습니다. 정확한 정보를 제공하기 위해 당사 웹사이트에서 구매했는지 아니면 다른 플랫폼을 통해 구매했는지 확인해 주시겠습니까? 이렇게 하면 주문을 추적할 수 있는 올바른 위치로 안내하는 데 도움이 됩니다.
BKL,주문 [주문/송장번호] 현재 상태 표시,주문,주문 배송 조회,무슨 말인지 알겠습니다! 주문 번호 [주문/송장번호]로 주문의 현재 상태를 확인하고 싶은 것과 동일한 페이지에 있습니다. 이에 대한 도움을 받으려면 당사 웹사이트의 '[기타정보]' 섹션을 방문하는 것이 좋습니다. 여기에서 주문 상태에 관한 최신 정보를 볼 수 있습니다. 다른 질문이 있거나 추가 지원이 필요한 경우 언제든지 알려주시기 바랍니다. 제 목표는 절차 전반에 걸쳐 원활한 경험을 제공하는 것입니다.
BQ,[주문/송장번호] 주문 에타를 확인하는 데 도움이 필요합니다.,주문,주문 배송 조회,연락해주셔서 감사합니다! 주문 번호 [주문/송장번호]의 예상 도착 시간(ETA)을 확인하고 싶다는 점을 확인했습니다. 저는 고객님을 돕기 위해 여기 있습니다. 주문 ETA에 대한 가장 정확한 정보를 제공하기 위해 주문 추적 번호나 특정 배송업체와 같은 추가 세부정보를 제공해 주시기 바랍니다. 이를 통해 정확하고 최신 정보를 제공할 수 있습니다. 필요한 세부 정보를 제공하시면 즉시 주문 추적을 지원하고 ETA를 제공해 드리겠습니다. 다른 질문이나 문의 사항이 있으면 언제든지 알려주시기 바랍니다. 제 목표는 고객님이 주문 추적 절차 전반에 걸쳐 최상의 경험을 누릴 수 있도록 하는 것입니다.
BILQ,주문 [주문/송장번호] 현재 상태를 확인하는 데 도움을 주실 수 있나요?,주문,주문 배송 조회,"문의해 주셔서 감사합니다! 주문 번호 [주문/송장번호]의 현재 주문 상태를 확인하는 데 도움을 드리고자 왔습니다. 정확한 정보를 제공하기 위해 계정 세부정보 및 주문과 관련된 관련 정보를 확인해 주시겠습니까? 이는 제가 고객님께 최신 정보를 제공하는 데 도움이 될 것입니다. 또한, 다른 질문이나 우려 사항이 있으면 언제든지 알려주시기 바랍니다. 제 목표는 고객님께 원활한 경험을 제공하고 고객님의 요구 사항을 효과적으로 해결하는 것입니다."
BCL,구매한 [주문/송장번호]를 찾고 싶습니다. 도와주세요.,주문,주문 배송 조회,확실히! [주문/송장번호] 번호로 구매한 제품을 찾는 방법을 안내해 드리겠습니다. 현재 구매 상태를 확인하려면 당사 웹사이트의 '[웹사이트/메뉴]' 섹션을 방문하세요. 주문과 관련된 최신 정보를 제공합니다. 어려움이 있거나 추가 질문이 있으면 언제든지 문의하세요. 저는 고객님이 절차를 원활하게 진행하고 최고의 만족을 얻을 수 있도록 보장하기 위해 왔습니다.
BLZ,주문 [주문/송장번호] 현재 상태를 확인하세요.,주문,주문 배송 조회,과연! [주문/송장번호] 번호로 주문의 현재 상태를 확인하려면 당사 웹사이트의 '[기타정보]' 섹션으로 이동하세요. 여기에서 예상 배송 날짜 및 사용 가능한 추적 업데이트를 포함하여 구매와 관련된 모든 관련 정보를 찾을 수 있습니다. 다른 질문이 있거나 추가 도움이 필요하시면 언제든지 문의해 주세요. 저는 도와주러 왔습니다!
BILQ,구매 [주문/송장번호]의 를 어떻게 확인할 수 있나요?,주문,주문 배송 조회,연락해주셔서 감사합니다! 구매 번호 [주문/송장번호]를 사용하여 구매 제품의 예상 도착 시간(ETA)을 확인하려고 하신 것으로 확인됩니다. 예상 시간을 보려면 당사 웹사이트의 '[주문/송장번호]' 섹션을 방문하거나 라이브 채팅 기능을 통해 고객 지원팀에 문의하는 것이 좋습니다. 구매에 대한 정확한 ETA를 얻을 수 있도록 기꺼이 도와드릴 것입니다. 주문의 ETA에 대한 정보를 지속적으로 유지하면 일정을 효과적으로 계획하고 원활한 쇼핑 경험을 보장하는 데 도움이 됩니다. 추가 문의사항이 있거나 추가 지원이 필요한 경우 언제든지 알려주시기 바랍니다.
BLQZ,[주문/송장번호] 구매 를 확인하는 데 도움이 필요합니다,주문,주문 배송 조회,우리를 믿어주셔서 감사합니다! 구매 번호 [주문/송장번호]로 구매한 상품의 예상 도착 시간(ETA)을 확인하는 데 도움이 필요하다는 사실을 잘 알고 있습니다. ETA에 관한 정확한 정보를 제공하기 위해 구매에 사용한 플랫폼이나 웹사이트 등 몇 가지 추가 세부정보를 제공해 주시겠습니까? 이렇게 하면 절차를 보다 효과적으로 안내하고 고객님이 최신 정보를 받을 수 있도록 도와줄 것입니다.
BQZ,주문 상태를 확인하려면 어떻게 해야 할지 모르겠습니다. [주문/송장번호],주문,주문 배송 조회,연락해주셔서 감사합니다! 주문 번호 [주문/송장번호] [주문/송장번호]의 상태를 확인하는 방법에 대해 잘 모르시는 것으로 알고 있습니다. 걱정하지 마세요. 제가 도와드리겠습니다! 현재 주문 상태를 확인하려면 당사 웹사이트의 '[기타정보]' 섹션을 방문하세요. 추가 도움이 필요하거나 다른 질문이 있는 경우 언제든지 문의해 주세요. 저는 고객님이 원활한 경험을 할 수 있도록 돕기 위해 왔습니다!
BE,주문 [주문/송장번호]를 추적하는 방법을 모르겠습니다.,주문,주문 배송 조회,"주문 [주문/송장번호] 추적 문제로 인해 불편을 끼쳐드려 죄송합니다. 주문 추적은 구매 과정에서 중요한 부분이므로 제가 도와드리겠습니다. 주문을 추적하려면 당사 웹사이트를 방문하여 ""주문 내역"" 또는 ""주문 추적"" 섹션으로 이동하세요. 주문 번호(이 경우 [주문/송장번호])를 입력하라는 메시지가 나타날 수 있습니다. 어려움이 있거나 추가 안내가 필요한 경우 언제든지 알려주시기 바랍니다. 저는 고객님이 주문을 성공적으로 추적하는 데 필요한 정보를 찾을 수 있도록 최선을 다해 도와드리겠습니다."
BILPQ,[주문/송장번호] 주문 에타는 어디서 볼 수 있나요?,주문,주문 배송 조회,저는 고객님을 듣고! 주문 번호 [주문/송장번호]의 주문에 대한 예상 도착 시간(ETA)을 찾는 데 도움이 필요하다는 소식을 전해 드립니다. 예상 도착 시간을 확인하려면 당사 웹사이트의 '[기타정보]' 섹션을 방문하는 것이 좋습니다. 여기에서 예상 배송일을 포함하여 주문과 관련된 모든 정보를 확인할 수 있습니다. 다른 질문이 있거나 추가 지원이 필요한 경우 언제든지 알려주시기 바랍니다. 제 목표는 고객님이 당사 서비스를 통해 원활하고 만족스러운 경험을 누릴 수 있도록 하는 것입니다.
BCILQ,주문 [주문/송장번호] 현재 상태를 확인해야 합니다. 어떻게 해야 하나요?,주문,주문 배송 조회,"고객님의 문의에 감사드립니다! 주문 번호 [주문/송장번호]의 현재 주문 상태를 확인하려면 당사 웹사이트를 방문하여 ""주문 내역"" 섹션으로 이동하세요. '주문 내역' 페이지에 들어가면 주문 세부정보와 상태를 확인할 수 있습니다. 어려움이 있거나 추가 문의사항이 있으면 언제든지 문의해 주세요. 고객 만족이 저의 최우선 사항이며, 제가 그 과정을 안내해 드리겠습니다."
BLQZ,다른 [주문/송장번호]의 도착 예정 시간을 확인하는 데 도움이 필요합니다.,주문,주문 배송 조회,저희는 듣고 있어요! 주문 번호 [주문/송장번호]의 주문에 대한 예상 도착 시간(ETA)을 확인하는 데 도움이 필요하다는 사실을 알고 있습니다. ETA에 관한 정확한 정보를 제공하기 위해 주문 배송을 담당하는 운송업체를 알려주시겠습니까? 이 정보를 확보하면 적절한 리소스를 안내해 드릴 수 있습니다. 그 외에도 다른 문의사항이나 문의 사항이 있으시면 언제든지 문의해 주시기 바랍니다.
BCLQZ,[주문/송장번호] 주문 시간을 보고 싶어요 도와주세요,주문,주문 배송 조회,연락해주셔서 기뻐요! 주문 번호 [주문/송장번호]의 주문에 대한 예상 도착 시간(ETA)을 확인하고 싶다는 점을 잘 알고 있습니다. 이 문제를 해결하는 데 도움이 되도록 고객님의 이름이나 주문과 관련된 기타 관련 정보 등 추가 세부정보를 제공해 주시겠습니까? 이렇게 하면 고객님께 정확한 최신 정보를 제공하는 데 도움이 될 것입니다.
BILQ,구매 [주문/송장번호] 상태는 어디서 확인할 수 있나요?,주문,주문 배송 조회,고객님의 메시지에 감사드립니다! 구매 번호 [주문/송장번호]로 구매 상태를 확인하고 싶으신 것 같습니다. 상태를 보려면 당사 웹사이트의 '[기타정보]' 섹션을 방문하세요. 거기에서 지정된 필드에 구매 번호를 입력하면 현재 상태가 표시됩니다. 추가 질문이 있거나 도움이 필요하시면 언제든지 알려주시기 바랍니다. 저는 도와주러 왔습니다!
BPQWZ,[주문/송장번호] 주문 상태를 확인하고 싶습니다.,주문,주문 배송 조회,문의해 주셔서 감사합니다! 주문 번호 [주문/송장번호]의 현재 주문 상태를 확인하는 데 도움을 드리고자 왔습니다. 정확한 정보 전달을 위해 입력된 주문번호를 확인해 주시겠습니까? 올바른 주문 번호가 입력되면 상태를 확인하는 데 추가 도움을 드릴 수 있습니다.
BL,현재 구매 상태를 확인하는 데 도움이 됩니다 [주문/송장번호],주문,주문 배송 조회,"문의해 주셔서 감사합니다! 주문 번호 [주문/송장번호]로 구매한 현재 상태를 확인하는 데 도움을 드리고자 왔습니다. 그렇게 하려면 당사 웹사이트를 방문하여 ""주문 내역"" 섹션으로 이동하십시오. 여기에서 구매 상태에 관한 모든 세부정보를 확인할 수 있습니다. 추가 지원이 필요하거나 다른 질문이 있으면 언제든지 알려주시기 바랍니다. 저는 모든 단계에서 고객님을 돕기 위해 여기 있습니다!"
BL,[주문/송장번호] 주문의 현재 상태를 확인하는 데 도움을 주세요.,주문,주문 배송 조회,"저희는 듣고 있어요! 주문 번호 [주문/송장번호]로 주문의 현재 상태를 확인하는 데 도움이 필요하다는 사실을 알고 있습니다. 정확한 정보 제공을 위해, 제공하신 주문번호가 불완전한 것 같으니 다시 한번 확인해 주시기 바랍니다. 올바른 주문 번호를 알려주시면 추가로 도움을 드릴 수 있습니다."
BILQ,주문 [주문/송장번호] 현재 상태를 확인할 수 있나요?,주문,주문 배송 조회,문의해 주셔서 감사합니다! 주문 번호 [주문/송장번호]의 현재 상태를 확인하는 데 도움을 드리고자 왔습니다. 그렇게 하려면 당사 웹사이트의 '[기타정보]' 섹션을 방문하세요. 다른 질문이 있거나 추가 도움이 필요하시면 언제든지 문의해 주세요. 저의 주요 목표는 고객님이 원활하고 만족스러운 경험을 갖도록 하는 것입니다.
BK,주문 [주문/송장번호]의 예상 도착 시간 확인 중,주문,주문 배송 조회,언제나 연결이 좋아요! 주문 번호 [주문/송장번호]의 주문에 대한 예상 도착 시간(ETA)을 확인하고 싶다는 사실을 확인했습니다. 이에 대한 도움을 받으려면 당사 웹사이트의 '[기타정보]' 섹션을 방문하세요. 거기에 가면 주문 ETA에 관한 관련 정보를 찾을 수 있습니다. 추가 문의사항이 있거나 추가 도움이 필요하시면 언제든지 알려주세요. 제 목표는 고객님이 원활한 경험을 하고 절차 전반에 걸쳐 충분한 정보를 얻을 수 있도록 하는 것입니다.
B,[주문/송장번호] 주문의 를 어떻게 확인할 수 있는지 모르겠습니다.,주문,주문 배송 조회,고객님의 연락에 감사드립니다! 번호 [주문/송장번호] [주문/송장번호] 주문의 예상 도착 시간(ETA)을 확인하는 방법에 대해 확신이 없으신 것 같습니다. 이에 대한 도움을 받으려면 당사 웹사이트의 '[웹사이트/메뉴]' 섹션을 방문하세요. 여기에서 ETA를 포함한 주문 세부정보와 상태를 확인할 수 있습니다. 추가 질문이 있거나 추가 안내가 필요한 경우 언제든지 문의해 주세요. 저는 고객님께 원활한 정보 제공 경험을 제공하기 위해 여기 있다는 것을 기억하십시오!
BIQ,주문 [주문/송장번호]를 추적하는 데 도움을 주실 수 있나요?,주문,주문 배송 조회,문의해 주셔서 감사합니다! [주문/송장번호] 번호로 주문의 현재 상태를 추적하는 데 도움을 드리고 있습니다. 정확한 정보를 제공하기 위해 구매하신 플랫폼이나 웹사이트를 확인해 주시겠습니까? 이는 고객님의 주문을 추적하기 위한 구체적인 단계를 안내하는 데 도움이 될 것입니다.
BL,[주문/송장번호] 구매 예정일을 확인하고 싶어요,주문,주문 배송 조회,고객님의 메시지에 감사드립니다! 구매 번호 [주문/송장번호]의 예상 도착 시간(ETA)을 확인하고 싶으신 것 같습니다. 가장 정확한 정보를 제공하기 위해 구매와 관련된 고객님의 이름과 이메일 주소를 알려주시겠습니까? 고객님의 개인 정보 보호는 우리에게 가장 중요하며 고객님의 정보는 완전한 기밀로 처리됩니다.
BL,[주문/송장번호] 구매예정시간을 보려고 합니다,주문,주문 배송 조회,우리를 믿어주셔서 감사합니다! 구매 번호 [주문/송장번호]로 구매한 상품의 예상 도착 시간(ETA)을 확인하려고 하신다는 사실을 잘 알고 있습니다. 이에 대한 도움을 받으려면 당사 웹사이트의 '[웹사이트/메뉴]' 섹션을 방문하세요. 여기에서 구매 상태 및 ETA에 관한 최신 정보를 확인할 수 있습니다. 어려움이 있거나 다른 질문이 있으면 언제든지 문의하세요. 저는 모든 단계에서 고객님을 돕기 위해 여기 있습니다!
BL,구매 [주문/송장번호] 현황을 확인하게 되었습니다,주문,주문 배송 조회,"고객님의 메시지는 많은 의미가 있습니다! [주문/송장번호] [주문/송장번호] 번호로 현재 구매 상태를 확인하고 싶다는 생각에 동의합니다. 구매에 대한 최신 업데이트를 보려면 당사 웹사이트의 '[기타정보]' 섹션을 방문하는 것이 좋습니다. 여기에서 처리, 발송, 배송 중 등 구매 상태에 대한 실시간 정보를 확인할 수 있습니다. 추가 질문이 있거나 다른 도움이 필요한 경우 언제든지 알려주시기 바랍니다. 저는 도와주러 왔습니다!"
BILQZ,주문 [주문/송장번호]의 를 확인할 수 있나요?,주문,주문 배송 조회,"고객님의 메시지에 감사드립니다! 번호가 [주문/송장번호] [주문/송장번호]인 주문에 대한 예상 도착 시간(ETA)을 확인하고 싶으신 것 같습니다. 저는 고객님을 돕기 위해 여기 있습니다. 주문 ETA에 대한 가장 정확한 정보를 제공하기 위해 몇 가지 추가 세부정보를 제공해 주시기 바랍니다. 구체적으로 구매 날짜와 시간, 배송 방법을 알려주실 수 있나요? 이러한 세부정보를 바탕으로 주문하신 상품의 예상 도착 시간에 관한 정확한 정보를 제공해 드릴 수 있습니다."
BCLQZ,구매한 [주문/송장번호]를 찾아야 합니다. 도와주세요,주문,주문 배송 조회,문의해 주셔서 감사합니다! 구매 번호 [주문/송장번호]를 찾는 데 도움을 드리고자 왔습니다. 더 나은 도움을 드리기 위해 [고객이름]에서 구매한 항목을 언급하고 있는지 확인해 주시겠습니까? 이 정보를 얻으면 구매 항목을 찾는 과정을 안내해 드릴 수 있습니다. 추가 질문이 있으시면 언제든지 문의하시거나 보다 효과적으로 도움을 드릴 수 있는 추가 세부정보를 제공해 주시기 바랍니다.
BIL,[주문/송장번호] 구매의 를 어떻게 확인할 수 있나요?,주문,주문 배송 조회,우리를 믿어주셔서 감사합니다! 구매 번호 [주문/송장번호]로 구매한 제품의 예상 도착 시간(ETA)을 확인하고 싶다는 점을 잘 알고 있습니다. 이를 위해 당사 웹사이트의 '[기타정보]' 섹션을 방문하는 것이 좋습니다. 여기에서 구매 번호를 입력하고 업데이트된 상태와 예상 배송 날짜를 확인할 수 있습니다. 추가 지원이 필요하거나 다른 질문이 있으면 언제든지 알려주시기 바랍니다. 저는 도와주러 왔습니다!
BLQ,구매 에타 확인에 도움 [주문/송장번호],주문,주문 배송 조회,무슨 말인지 알겠습니다! 구매 번호 [주문/송장번호]를 사용하여 구매한 항목의 예상 도착 시간(ETA)을 확인하는 데 도움이 필요하다는 내용입니다. 이 문제에 도움이 되도록 등록된 이메일 주소나 주문 번호를 알려주시겠습니까? 이 정보를 통해 세부정보를 신속하게 조회하고 정확한 ETA를 제공할 수 있습니다. 다른 질문이 있거나 추가 지원이 필요하면 알려주시기 바랍니다.
BILW,주문 [주문/송장번호] 빌어먹을 현재 상태를 보는 방법은 무엇입니까?,주문,주문 배송 조회,문의해주셔서 감사합니다! 현재 주문 상태를 확인하는 데 도움을 드리고자 왔습니다. [주문/송장번호] 주문 상태를 보려면 당사 웹사이트의 '[기타정보]' 섹션을 방문하세요. 다른 질문이 있거나 추가 도움이 필요하면 언제든지 문의하세요. 원활한 경험을 제공하기 위해 최선을 다하고 있습니다!
BIL,[주문/송장번호] 구매 예상 시간을 보여 주시겠어요?,주문,주문 배송 조회,"연락해주셔서 기뻐요! 구매 번호 [주문/송장번호]로 구매한 제품의 예상 도착 시간(ETA)을 알고 싶어하신다는 점을 잘 알고 있습니다. 가장 정확한 정보를 제공해 드리기 위해, 상태를 확인하는 동안 잠시 기다려 주시기를 부탁드립니다."
BQ,[주문/송장번호] 주문의 에타를 확인하도록 도와주세요,주문,주문 배송 조회,문의해 주셔서 감사합니다! 주문 번호 [주문/송장번호]의 주문에 대한 예상 도착 시간(ETA)을 확인하는 데 도움을 드리고자 합니다. 정확한 정보를 제공하기 위해 주문 세부정보를 확인해 주시겠습니까? 특히 주문과 관련된 [주문/송장번호] 및 [이메일주소]가 필요합니다. 이 정보를 얻으면 ETA를 확인하고 업데이트를 제공해 드릴 수 있습니다.
BCL,[주문/송장번호] 구매 를 보고 싶습니다. 도움이 필요합니다.,주문,주문 배송 조회,"저는 고객님을 듣고! 주문 번호 [주문/송장번호]로 구매한 제품의 예상 도착 시간(ETA)을 알고 싶다고 연락드립니다. 안심하세요. 제가 도와드리겠습니다. 정확한 정보 전달을 위해, 내용을 확인하는 동안 잠시 시간을 내어 주시기를 부탁드립니다. 그동안 다른 궁금한 점이나 문의 사항이 있으시면 언제든지 알려주시기 바랍니다."
BCI,주문 [주문/송장번호] 상태를 확인해야 합니다. 도와주실 수 있나요?,주문,주문 배송 조회,고객님의 메시지는 많은 의미가 있습니다! 주문 번호 [주문/송장번호]의 현재 주문 상태를 확인하는 데 도움이 필요하다는 생각에 동의합니다. 저는 고객님을 돕기 위해 여기 있습니다. 상태를 보려면 당사 웹사이트의 '[웹사이트/메뉴]' 섹션을 방문하세요. 문제가 발생하거나 추가 문의사항이 있으면 언제든지 알려주시기 바랍니다. 저는 절차 전반에 걸쳐 원활한 경험을 제공하기 위해 최선을 다하고 있습니다.
BCL,구매 [주문/송장번호]의 를 확인해야 합니다. 도와주세요.,주문,주문 배송 조회,"고객님의 메시지에 감사드립니다! 번호 [주문/송장번호]로 구매한 상품의 예상 도착 시간(ETA)을 확인하고 싶으신 것으로 확인됩니다. 이에 대한 도움을 받으려면 당사 웹사이트의 ""[주문/송장번호]"" 섹션을 방문하는 것이 좋습니다. 여기에서 구매 ETA에 관한 관련 정보를 찾을 수 있습니다. 어려움이 있거나 추가 안내가 필요한 경우 언제든지 문의하시기 바랍니다. 저는 고객님이 절차 전반에 걸쳐 원활한 경험을 할 수 있도록 돕기 위해 왔습니다!"
BCLPQ,구매 [주문/송장번호]를 찾고 싶습니다. 도움이 필요합니다.,주문,주문 배송 조회,저희는 모두 귀를 기울입니다! 구매 번호 [주문/송장번호]로 구매한 제품을 찾는 데 도움이 필요하신 것으로 알고 있습니다. 저는 고객님을 돕기 위해 여기 있습니다. 현재 구매 상태를 확인하시려면 당사 홈페이지 '[웹사이트/메뉴]' 섹션을 방문하시기 바랍니다. 다른 질문이 있거나 추가 안내가 필요한 경우 언제든지 문의해 주세요. 고객 만족은 나의 최우선 순위입니다!
BLQ,구매를 추적하는 데 도움이 필요합니다 [주문/송장번호],주문,주문 배송 조회,문의해 주셔서 감사합니다! [주문/송장번호] 번호로 구매를 추적하는 데 도움이 필요하다는 점을 충분히 이해합니다. 저는 고객님을 돕기 위해 여기 있습니다. 구매를 추적하려면 당사 웹사이트의 '[기타정보]' 섹션을 방문하세요. 여기에서 구매 번호를 입력하고 상태 및 예상 배송 시간에 대한 실시간 업데이트를 받을 수 있습니다. 어려움이 있거나 다른 질문이 있으면 언제든지 알려주시기 바랍니다. 저는 고객님이 원활하고 정보에 입각한 추적 경험을 누릴 수 있도록 최선을 다하고 있습니다!
BILQW,[주문/송장번호] 주문 상태를 어떻게 확인하나요?,주문,주문 배송 조회,"고객님의 문의에 감사드립니다! 주문 번호 [주문/송장번호]의 주문 상태를 확인하려면 당사 웹사이트를 방문하여 ""주문 내역"" 섹션으로 이동하시면 됩니다. 여기에서 현재 주문 상태를 포함한 모든 세부정보를 확인할 수 있습니다. 저는 고객님께 모든 단계를 안내하기 위해 여기 있다는 것을 기억하십시오. 다른 질문이 있거나 추가 도움이 필요하시면 언제든지 문의해 주세요."
BCILQ,[주문/송장번호] 구매 상태를 확인해야 합니다. 어떻게 해야 하나요?,주문,주문 배송 조회,"연락해주셔서 기뻐요! 주문 번호 [주문/송장번호]의 구매 상태를 확인하고 싶다는 점을 잘 알고 있습니다. 그렇게 하려면 당사 웹사이트의 '주문 세부정보' 섹션으로 이동하세요. 이 섹션에서는 현재 상태를 포함하여 구매와 관련된 모든 정보를 제공합니다. 추가 질문이 있거나 추가 지원이 필요한 경우, 주저하지 말고 문의해 주세요. 저는 도와주러 왔습니다!"
BELNQ,구매를 추적할 수 없습니다. [주문/송장번호],주문,주문 배송 조회,문의해 주셔서 감사합니다! 구매 번호 [주문/송장번호]로 구매를 추적하는 데 문제가 있다는 소식을 듣고 죄송합니다. 주문 진행 상황을 확인할 수 없어 얼마나 실망스러울 수 있는지 이해합니다. 이 문제를 해결하는 데 도움을 드리겠습니다. 구매에 관한 추가 정보를 제공해 주시겠습니까? 이를 통해 제가 문제를 조사하고 구매 상태에 대한 정확한 업데이트를 제공할 수 있습니다.
BK,주문 상태 확인 중 [주문/송장번호],주문,주문 배송 조회,고객님의 의견은 소중합니다! 주문 번호 [주문/송장번호]의 주문 상태를 확인하고 싶다는 연락을 받았습니다. 정확한 최신 정보를 제공해 드리기 위해 당사 홈페이지 '[기타정보]' 섹션을 방문해 보시기를 권해 드립니다. 여기에서 주문 진행 상황을 추적하고 현재 상태를 확인할 수 있습니다. 다른 질문이 있거나 추가 도움이 필요하시면 언제든지 문의해 주세요. 저는 도와주러 왔습니다!
BKZ,주문 [주문/송장번호] 상태,주문,주문 배송 조회,문의해 주셔서 감사합니다! 주문 번호 [주문/송장번호]의 현재 주문 상태를 확인하는 데 도움을 드리고자 왔습니다. 가장 정확한 최신 정보를 제공하기 위해 잠시 시간을 내어 당사 시스템에 액세스하여 세부 정보를 검색해 주시기 바랍니다. 이 문제를 조사하는 동안 양해해 주셔서 감사합니다.
BILQ,구매 예정일 확인 방법 [주문/송장번호],주문,주문 배송 조회,"문의해 주셔서 감사합니다! 구매 번호 [주문/송장번호]로 구매한 제품의 예상 도착 시간(ETA)을 어디에서 확인할 수 있는지 알고 싶습니다. 구매 ETA를 보려면 당사 웹사이트의 ""주문 세부정보"" 페이지를 방문하는 것이 좋습니다. 계정 설정으로 이동하여 ""주문"" 또는 ""구매 내역"" 섹션을 선택하면 이 페이지를 찾을 수 있습니다. ""주문 세부정보"" 페이지에 들어가면 구매 정보 옆에 ETA가 표시됩니다. 해당 정보를 찾는 데 어려움이 있는 경우 알려주시면 절차를 단계별로 안내해 드리겠습니다."
BIL,구매 [주문/송장번호] 상태를 확인하도록 도와주실 수 있나요?,주문,주문 배송 조회,"우리를 믿어주셔서 감사합니다! 구매 번호 [주문/송장번호]로 구매 상태를 확인하는 데 도움을 찾고 계시다는 점을 잘 알고 있습니다. 저는 도와주러 왔습니다! 현재 구매 상태를 보려면 당사 웹사이트의 '[주문/송장번호]' 섹션을 방문하세요. 예상 배송 날짜, 추적 번호 및 관련 업데이트를 포함하여 구매에 대한 최신 정보를 제공합니다. 추가 질문이 있거나 추가 지원이 필요한 경우 언제든지 문의해 주세요. 저는 고객님이 원활하고 만족스러운 경험을 할 수 있도록 최선을 다하고 있습니다!"
BIL,[주문/송장번호] 주문의 를 어떻게 확인할 수 있나요?,주문,주문 배송 조회,도움을 위해 우리에게 연락해주셔서 기뻐요! 주문 번호 [주문/송장번호] 주문의 예상 도착 시간(ETA)을 확인하고 싶다는 점을 확인했습니다. 주문의 ETA를 보려면 당사 웹사이트의 '[주문/송장번호]' 섹션을 방문하세요. 여기에서 예상 배송 날짜 및 시간을 포함하여 주문과 관련된 모든 정보를 확인할 수 있습니다. 추가 문의사항이 있거나 추가 지원이 필요한 경우 언제든지 알려주시기 바랍니다. 저희는 고객님이 가능한 최고의 경험을 할 수 있도록 최선을 다하고 있으며 모든 단계에서 기꺼이 도움을 드릴 것임을 기억하십시오!
BCL,[주문/송장번호] 주문의 를 확인해야 합니다. 도움이 필요합니다.,주문,주문 배송 조회,언제나 연결이 좋아요! 번호 [주문/송장번호]로 구매한 상품의 예상 도착 시간(ETA)을 확인하려고 하신다는 사실을 확인했습니다. 예상 시간을 보려면 당사 웹사이트를 방문하여 '[기타정보]' 또는 '[기타정보]' 섹션으로 이동하세요. 여기에서 예상 배송 날짜를 포함하여 주문에 대한 자세한 정보를 확인할 수 있습니다. 추가 문의사항이 있거나 다른 도움이 필요한 경우 언제든지 알려주시기 바랍니다. 저는 도와주러 왔습니다!
BLQZ,[주문/송장번호] 구매 시기를 확인하는 데 도움이 필요합니다.,주문,주문 배송 조회,저희는 고객님을 위해 여기 있습니다! 구매 번호 [주문/송장번호]로 구매한 제품의 ETA(예상 도착 시간)를 확인하는 데 도움이 필요하다는 점을 잘 알고 있습니다. 정확한 최신 정보 제공을 위해 구매하신 플랫폼이나 웹사이트 등 자세한 정보를 제공해 주시기 바랍니다. 필요한 정보가 확보되면 구매 ETA를 확인하는 방법을 안내해 드릴 수 있습니다. 다른 궁금한 점이 있거나 제가 도와드릴 수 있는 다른 사항이 있으면 알려주시기 바랍니다.
BIL,구매 [주문/송장번호] 상태는 어디서 확인하나요?,주문,주문 배송 조회,질문해주셔서 감사합니다! 구매 번호 [주문/송장번호]로 구매 상태를 확인하려면 당사 웹사이트의 '[기타정보]' 섹션을 확인하세요. 구매 진행 상황과 예상 배송일에 대한 실시간 업데이트를 제공합니다. 추가 지원이 필요하거나 추가 질문이 있는 경우 언제든지 문의해 주세요. 저는 모든 단계에서 고객 만족을 보장하기 위해 여기에 있습니다!
BQ,주문 [주문/송장번호]의 에타를 확인하세요.,주문,주문 배송 조회,"연락해주셔서 감사합니다! 번호 [주문/송장번호] [주문/송장번호] 주문의 예상 도착 시간(ETA)을 확인하고 싶다는 점을 확인했습니다. 주문의 ETA를 보려면 당사 웹사이트를 방문하여 ""[기타정보]"" 섹션으로 이동하세요. 또는 당사 웹사이트에서 제공되는 라이브 채팅을 통해 또는 [운영시간/기간] 중에 [고객센터전화번호]로 전화하여 고객 지원팀에 문의하실 수도 있습니다. 그들은 주문의 ETA에 대해 추가로 도움을 드릴 것입니다. 제가 도와드릴 수 있는 다른 사항이 있으면 알려주세요!"
BLQ,현재 구매 상태를 확인하는 데 도움이 필요합니다 [주문/송장번호],주문,주문 배송 조회,문의해 주셔서 감사합니다! 구매 번호 [주문/송장번호]의 구매 상태를 확인하는 데 도움을 드리고자 왔습니다. 정확한 정보 전달을 위해 말씀하신 구매번호가 [주문/송장번호]인지 확인해 주실 수 있나요? 이 정보가 접수되면 구매 상태를 추적하는 방법을 안내해 드릴 수 있습니다.
BL,구매현황을 봐야겠네요 [주문/송장번호],주문,주문 배송 조회,저희는 고객님의 봉사 활동을 소중히 여깁니다! 구매번호 [주문/송장번호]로 구매상태를 확인하셔야 한다는 점에 공감합니다. 이에 대한 도움을 받으려면 당사 웹사이트의 '[기타정보]' 섹션을 방문하세요. 여기에서 구매 상태에 관한 최신 정보를 확인할 수 있습니다. 추가 문의사항이 있거나 추가 지원이 필요한 경우 언제든지 알려주시기 바랍니다. 저는 도와주러 왔습니다!
BILQZ,[주문/송장번호] 구매 어떻게 할 수 있어?,주문,주문 배송 조회,"고객님의 연락에 감사드립니다! 구매 번호 [주문/송장번호]로 구매를 추적하고 싶으신 것 같습니다. 구매를 추적하려면 당사 웹사이트의 ""[기타정보]"" 섹션을 방문하세요. 여기에서 구매 번호를 입력하라는 메시지가 표시되며 구매 상태 및 예상 배송 시간에 대한 실시간 업데이트를 확인할 수 있습니다. 추가 지원이 필요하거나 다른 질문이 있으면 언제든지 알려주시기 바랍니다. 저는 모든 단계에서 고객님을 돕기 위해 여기 있습니다!"
BCLQZ,주문 [주문/송장번호] 상태를 확인해야 합니다. 보조가 필요합니다,주문,주문 배송 조회,저는 고객님을 듣고! 주문 번호 [주문/송장번호]의 주문 상태를 확인하는 데 도움이 필요하다는 소식을 전해 드립니다. 저는 고객님을 돕기 위해 여기 있습니다. 현재 주문 상태를 보려면 당사 웹사이트의 '[기타정보]' 섹션을 방문하세요. 문제가 발생하거나 추가 질문이 있는 경우 언제든지 문의해 주세요. 저는 고객님이 우리와 원활한 경험을 할 수 있도록 최선을 다하고 있습니다!
BCILPQ,구매한 제품을 찾고 싶어요 [주문/송장번호] 어떻게 해야 하나요?,주문,주문 배송 조회,고객님의 메시지에 감사드립니다! 구매 번호 [주문/송장번호]로 구매한 제품을 찾는 데 도움이 필요하신 것 같습니다. 구매 위치를 찾으려면 당사 웹사이트의 '[웹사이트/메뉴]' 섹션을 방문하세요. 이 섹션에서는 구매 상태 및 위치에 대한 자세한 정보를 제공합니다. 다른 질문이 있거나 추가 도움이 필요하시면 언제든지 알려주세요. 고객님께 필요한 모든 정보를 제공하고 절차 전반에 걸쳐 원활한 경험을 제공하는 것이 제 목표입니다.
BCLPQZ,구매 [주문/송장번호]의 를 보고 싶습니다. 도와주세요.,주문,주문 배송 조회,저희는 듣고 있어요! 구매 번호 [주문/송장번호]로 구매한 제품의 예상 도착 시간(ETA)을 확인하고 싶다는 사실을 알고 있습니다. 정확한 정보 전달을 위해 구매번호를 확인해 주시겠어요? 해당 정보가 확보되면 추가 지원을 제공하고 구매 ETA를 알려드릴 수 있습니다.
BIQ,[주문/송장번호] 상태 주문을 보여주실 수 있나요?,주문,주문 배송 조회,문의해주셔서 감사합니다! 주문 번호 [주문/송장번호]의 주문 상태를 알고 싶다는 점을 이해합니다. 이에 대한 도움을 받으려면 당사 웹사이트의 [기타정보] 섹션을 방문하세요. 여기에서 주문 상태에 대한 최신 정보를 확인할 수 있습니다. 추가 문의사항이 있거나 추가 도움이 필요하시면 언제든지 알려주세요. 저는 도와주러 왔습니다!
BL,주문 [주문/송장번호]를 찾는 데 도움이 필요합니다.,주문,주문 배송 조회,도와주셔서 영광입니다! 주문 번호 [주문/송장번호]의 주문을 찾는 데 도움이 필요하다는 것을 알았습니다. 저는 고객님을 돕기 위해 여기 있습니다. 주문을 찾으려면 당사 웹사이트의 '[웹사이트/메뉴]' 섹션을 확인하세요. 추가 문의사항이 있거나 추가 지원이 필요한 경우 언제든지 알려주시기 바랍니다.
BKL,주문 도착 예상 시간 확인 [주문/송장번호],주문,주문 배송 조회,저희는 고객님을 위해 여기 있습니다! 주문 번호 [주문/송장번호]의 주문에 대한 예상 도착 시간(ETA)을 확인하고 싶다는 점을 알고 있습니다. 가장 정확한 정보를 제공하기 위해 주문 번호를 다시 확인해 주시겠습니까? 올바른 주문 번호를 받으면 예상 도착 시간을 찾는 데 추가 도움을 드릴 수 있습니다.
BCLW,[주문/송장번호] 주문의 망할 를 확인해야 합니다. 도움이 필요합니다.,주문,주문 배송 조회,"저는 고객님을 듣고! 번호 [주문/송장번호] 주문의 예상 도착 시간(ETA)을 추적하는 데 도움이 필요하다는 소식을 전해 드립니다. ETA를 추적하는 것은 구매 진행 상황에 대한 최신 정보를 유지하는 데 매우 중요하며, 제가 여기에서 절차를 안내해 드리겠습니다. 주문에 대한 ETA를 확인하려면 당사 웹사이트의 '[기타정보]' 섹션을 방문하세요. 다른 질문이나 우려 사항이 있으면 언제든지 알려주시기 바랍니다. 고객님께 원활한 경험을 제공하고 모든 단계에서 지원을 받을 수 있도록 하는 것이 제 목표입니다."
BLQ,구매 [주문/송장번호] 상태를 확인하려면 도움이 필요합니다,주문,주문 배송 조회,언제나 연결이 좋아요! 구매 번호 [주문/송장번호]로 구매 상태를 확인하는 데 도움이 필요하다는 사실을 확인했습니다. 상태를 보려면 당사 웹사이트의 '[주문/송장번호]' 섹션을 방문하는 것이 좋습니다. 어려움이 있거나 추가 문의사항이 있으면 언제든지 알려주시기 바랍니다. 저는 필요한 지침을 제공하고 원활한 경험을 보장하기 위해 왔습니다.
BLQ,[주문/송장번호] 주문의 예상 시간을 어떻게 확인할 수 있는지 모르겠습니다.,주문,주문 배송 조회,"우리를 믿어주셔서 감사합니다! 주문 번호가 [주문/송장번호]인 주문의 예상 도착 시간(ETA)을 확인하는 방법에 대해 잘 모르신다는 점을 잘 알고 있습니다. 주문의 ETA를 보려면 당사 웹사이트의 ""[기타정보]"" 섹션을 방문하거나 당사 고객 지원팀([고객센터전화번호])에 문의하세요. 주문과 관련된 질문이나 문의 사항이 있으면 기꺼이 도와드릴 것입니다. 추가 안내가 필요하시거나 기타 문의사항이 있으시면 언제든지 연락주시기 바랍니다. 제 목표는 고객님이 원활한 경험을 할 수 있도록 하는 것입니다!"
BILP,구매 [주문/송장번호] 현재 상태를 확인하도록 도와주실 수 있나요?,주문,주문 배송 조회,연락해주셔서 감사합니다! 구매번호 [주문/송장번호]로 구매현황을 확인하는데 도움이 필요하신 것으로 파악됩니다. 정확한 정보를 제공하기 위해 구매와 관련된 이름과 이메일 주소를 알려주시겠습니까? 이 정보를 통해 고객님의 구매를 확인하고 현재 상태에 대해 도움을 드릴 수 있습니다.
BIL,[주문/송장번호] 주문의 를 확인하는 방법은 무엇입니까?,주문,주문 배송 조회,"언제나 연결이 좋아요! 주문 번호 [주문/송장번호]의 주문에 대한 예상 도착 시간(ETA)을 확인하려고 하신다는 사실을 확인했습니다. 주문의 ETA를 보려면 당사 웹사이트의 ""주문 세부정보"" 페이지로 이동하세요. 해당 페이지에서는 예상 도착 날짜를 포함하여 주문과 관련된 모든 정보를 확인할 수 있습니다. 다른 질문이 있거나 추가 도움이 필요하시면 언제든지 문의해 주세요. 저는 절차 전반에 걸쳐 고객님을 돕고 원활한 경험을 보장하기 위해 왔습니다!"
BEN,[주문/송장번호] 주문의 를 확인할 수 없습니다.,주문,주문 배송 조회,주문 번호 [주문/송장번호]의 예상 도착 시간(ETA)을 확인하는 데 문제가 있음을 알려주셔서 감사합니다. 이로 인해 불편을 끼쳐드려 죄송합니다. 추가 지원을 위해 주문을 추적하는 데 어떤 플랫폼이나 웹사이트를 사용하고 있는지 물어봐도 될까요? 이 정보를 통해 ETA를 찾을 수 있는 위치에 대한 구체적인 지침을 제공할 수 있습니다.
BLZ,주문 [주문/송장번호] 통계 보기,주문,주문 배송 조회,"연락해주셔서 감사합니다! 주문 번호 [주문/송장번호]의 주문 상태를 확인하고 싶다는 점을 이해합니다. 현재 주문 통계를 확인하려면 당사 웹사이트의 '[기타정보]' 섹션을 방문하는 것이 좋습니다. 여기에서 주문 상태, 예상 배송 날짜, 업데이트 등 주문과 관련된 모든 정보를 확인할 수 있습니다. 다른 질문이 있거나 추가 도움이 필요하시면 언제든지 문의해 주세요."
BIL,[주문/송장번호] 주문 상태를 확인하는 방법은 무엇입니까?,주문,주문 배송 조회,문의해 주셔서 감사합니다! [주문/송장번호] 번호로 주문 상태를 쉽게 확인하는 방법을 안내해 드리겠습니다. 이렇게 하려면 당사 웹사이트에서 고객님의 계정에 로그인하고 '[웹사이트/메뉴]' 섹션으로 이동하세요. 일단 거기에 가면 현재 상태를 포함하여 주문에 대한 자세한 정보를 찾을 수 있습니다. 추가 지원이 필요하거나 어려움이 있으면 언제든지 알려주시기 바랍니다. 저는 모든 단계에서 고객님을 돕기 위해 여기 있습니다!
BLQ,구매 에타 확인 지원 [주문/송장번호],주문,주문 배송 조회,문의해 주셔서 감사합니다! 주문 번호 [주문/송장번호]로 구매하신 제품의 예상 도착 시간(ETA)을 확인하는 데 도움을 드리고자 합니다. 정확한 정보 제공을 위해 몇 가지 추가 정보를 제공해 주시기를 부탁드립니다. 구매 시 사용한 운송업체나 배송 방법을 알려주시겠어요? 이 정보를 받으면 ETA를 추적하는 방법을 안내해 드릴 수 있습니다.
BL,[주문/송장번호] 구매현황을 보려고 하는데,주문,주문 배송 조회,문의해 주셔서 감사합니다! 구매 번호 [주문/송장번호]의 구매 상태를 확인하는 데 도움을 드리고자 왔습니다. 정확한 정보 전달을 위해 구매번호가 맞는지 확인해주실 수 있나요? 확인된 구매 번호가 있으면 신속하게 상태를 조회해 드릴 수 있습니다.
BL,[주문/송장번호] 주문을 찾는 방법을 모르겠습니다.,주문,주문 배송 조회,"전혀 문제 없습니다! 주문 번호 [주문/송장번호]로 주문 상태를 찾는 방법을 단계별로 안내해 드리겠습니다. 시작하려면 당사 웹사이트를 방문하여 고객님의 계정에 로그인하십시오. 로그인하신 후 ""주문 내역"" 또는 ""내 주문"" 섹션으로 이동하세요. 주문 번호 [주문/송장번호]가 포함된 특정 주문을 찾아 클릭하세요. 해당 페이지에 표시된 주문의 현재 상태를 볼 수 있어야 합니다. 어려움이 있거나 추가 지원이 필요한 경우 언제든지 고객 지원팀에 연락해 주시면 기꺼이 도와드리겠습니다. 고객 만족이 저희의 최우선 사항임을 기억하십시오!"
BCIQZ,[주문/송장번호] 주문 상태를 확인하고 싶습니다. 어떻게 해야 하나요?,주문,주문 배송 조회,저희는 듣고 있어요! 고객님이 [주문/송장번호] 주문 상태를 확인하고 다운로드 방법을 배우고 싶다는 사실을 알고 있습니다. 주문 상태를 확인하려면 당사 웹사이트의 '주문 내역' 섹션을 방문하세요. 주문 다운로드는 구매 유형에 따라 다릅니다. 디지털 제품인 경우 주문 세부정보에서 다운로드 링크나 지침을 찾을 수 있습니다. 실제 제품인 경우 다운로드 옵션이 제공되지 않을 수 있습니다. 추가 질문이 있거나 도움이 필요하시면 언제든지 문의해 주세요. 저는 모든 단계에서 고객님을 돕기 위해 여기 있습니다!
BILQ,[주문/송장번호] 주문의 현재 상태는 어디서 볼 수 있나요?,주문,주문 배송 조회,문의해 주셔서 감사합니다! 주문 번호 [주문/송장번호]의 현재 주문 상태를 확인하는 데 도움을 드리고 있습니다. 상태를 보려면 당사 웹사이트의 '[웹사이트/메뉴]' 섹션을 방문하세요. 다른 질문이 있거나 추가 도움이 필요하시면 언제든지 알려주세요. 저는 도와주러 왔습니다!
BIL,[주문/송장번호] 구매를 추적할 수 있나요?,주문,주문 배송 조회,"문의해 주셔서 감사합니다! 물론, 구매 번호 [주문/송장번호]로 구매 추적이 가능합니다. 우리 시스템은 고객님의 구매 현황과 소재지에 대한 실시간 정보를 제공하도록 설계되었습니다. 주문을 추적하려면 당사 웹사이트의 '[기타정보]' 섹션을 방문하는 것이 좋습니다. 여기에서 구매 번호를 입력하여 최신 업데이트에 액세스하고 구매 진행 상황을 추적할 수 있습니다. 추가 지원이 필요하거나 도중에 추가 질문이 있는 경우 언제든지 알려주시기 바랍니다. 저는 고객님이 번거로움 없이 추적 경험을 할 수 있도록 돕기 위해 왔습니다!"
BLW,주문 [주문/송장번호]의 현재 상태 보여줘,주문,주문 배송 조회,문의해 주셔서 감사합니다. 주문 번호 [주문/송장번호]의 현재 주문 상태를 알고 싶다는 점을 이해합니다. 현재 주문 상태를 확인하려면 당사 웹사이트의 '[기타정보]' 섹션을 방문하세요. 추가 질문이 있거나 추가적인 도움이 필요하시면 언제든지 문의해 주세요. 고객님께 원활한 경험을 보장하는 것이 저의 최우선 과제입니다.
BL,[주문/송장번호] 주문의 를 보려고 합니다.,주문,주문 배송 조회,"우리를 믿어주셔서 감사합니다! 주문 번호 [주문/송장번호]의 주문에 대한 예상 도착 시간(ETA)을 확인하는 데 도움이 필요하다는 점을 잘 알고 있습니다. 주문 상태와 ETA를 확인하려면 당사 웹사이트의 ""[기타정보]"" 섹션을 방문하세요. 다른 질문이 있거나 추가 안내가 필요한 경우 언제든지 문의해 주세요. 저는 도와주러 왔습니다!"
BLNQZ,구매 예정 시간을 확인할 수 없습니다. [주문/송장번호],주문,주문 배송 조회,저희는 모두 귀를 기울입니다! 구매 번호 [주문/송장번호]로 구매한 제품의 예상 도착 시간(ETA)에 액세스하는 데 문제가 있다는 소식을 듣고 있습니다. 이로 인해 불편을 끼쳐드려 죄송합니다. 추가 지원을 위해 고객님의 계정 세부정보나 발생할 수 있는 오류 메시지 등 몇 가지 추가 정보를 제공해 주시겠습니까? 이를 통해 문제를 조사하고 고객님께 필요한 지원을 제공할 수 있습니다. 안심하세요. 최대한 빨리 이 문제를 해결해 드리겠습니다.
BIQ,[주문/송장번호] 주문 에타를 확인하는 데 도움을 주실 수 있나요?,주문,주문 배송 조회,저희는 듣고 있어요! 주문 번호 [주문/송장번호] 주문의 예상 도착 시간(ETA)을 확인하는 데 도움이 필요하다는 사실을 알고 있습니다. 가장 정확한 정보를 제공하기 위해 당사 홈페이지 '[기타정보]' 섹션을 방문해주시기 바랍니다. 여기에서 관련 업데이트와 함께 주문 ETA를 확인할 수 있습니다. 더 궁금한 점이 있거나 추가 안내가 필요하시면 언제든지 문의해 주세요. 저는 고객님이 처음부터 끝까지 원활한 경험을 할 수 있도록 돕기 위해 왔습니다!
BIL,[주문/송장번호] 구매 예상 시간은 어디서 확인하나요?,주문,주문 배송 조회,연락해주셔서 감사합니다! 번호 [주문/송장번호]로 구매한 상품의 ETA(예상 도착 시간)를 찾고 계신 것으로 확인됩니다. 예상 도착 시간을 확인하려면 당사 웹사이트의 '[주문/송장번호]' 섹션을 방문하세요. 그곳에서 구매한 제품의 예상 도착 날짜를 확인할 수 있습니다. 추가 문의사항이 있거나 기타 도움이 필요하시면 언제든지 문의해 주세요. 저는 도와주러 왔습니다!
BLQZ,구매 예정 시간을 확인하는 데 도움이 됩니다. [주문/송장번호],주문,주문 배송 조회,연락해주셔서 감사합니다! [주문/송장번호] 번호로 구매한 상품의 예상 도착 시간(ETA)을 확인하는 데 도움이 필요하다는 점을 확실히 알고 있습니다. 구매 예상 시간을 보려면 당사 웹사이트의 '[기타정보]' 섹션을 방문하는 것이 좋습니다. 이 섹션에서는 구매 상태 및 ETA와 관련하여 필요한 모든 정보를 제공합니다. 추가 질문이 있거나 추가 지원이 필요한 경우 언제든지 문의해 주세요. 저는 고객님이 가질 수 있는 모든 우려 사항에 대해 도움을 주기 위해 여기 있습니다.
BL,주문 [주문/송장번호] 현재 상태를 확인하는 데 도움이 됩니다.,주문,주문 배송 조회,문의해 주셔서 감사합니다! 주문 번호 [주문/송장번호]의 현재 주문 상태를 확인하는 데 도움이 필요하다는 점을 충분히 이해합니다. 가장 정확한 정보를 제공하기 위해 계정 세부정보와 주문과 관련된 이메일을 확인해 주시겠습니까? 이 정보를 받으면 주문 상태를 추적하는 데 추가 도움을 드릴 수 있습니다.
BLNW,[주문/송장번호] 주문 상태를 볼 수 없어요,주문,주문 배송 조회,[주문/송장번호] 주문 상태를 확인하는 과정에서 불편을 끼쳐드린 점 사과드립니다. 추가 지원을 위해 몇 가지 추가 세부정보를 제공해 주시겠습니까? 구체적으로 주문을 추적하는 데 사용하는 플랫폼이나 웹사이트를 확인해 주시겠습니까? 이 정보는 문제를 보다 효과적으로 해결하고 필요한 지침을 제공하는 데 도움이 됩니다. 이해와 협조에 감사드립니다.
BILQ,[주문/송장번호] 주문 에타를 어떻게 확인하나요?,주문,주문 배송 조회,문의해 주셔서 감사합니다! [주문/송장번호] 주문의 예상 도착 시간(ETA)을 찾는 데 도움을 드리고자 왔습니다. 예상 도착 시간을 보려면 당사 웹사이트의 '[주문/송장번호]' 섹션을 방문하는 것이 좋습니다. 여기에서 예상 배송 날짜 및 시간을 포함하여 주문과 관련된 모든 관련 정보를 확인할 수 있습니다. 추가 도움이 필요하거나 다른 질문이 있으면 언제든지 알려주시기 바랍니다. 저는 모든 단계에서 고객님을 돕기 위해 여기 있습니다!
BL,구매예정시간을 확인하고 싶어요 [주문/송장번호],주문,주문 배송 조회,저희는 모두 귀를 기울입니다! 주문 번호 [주문/송장번호] [주문/송장번호]로 구매한 제품의 예상 도착 시간(ETA)을 알고 싶다는 생각이 들었습니다. ETA를 확인하려면 당사 웹사이트의 '[기타정보]' 섹션을 방문하세요. ETA는 선택한 배송 방법과 패키지의 현재 위치에 따라 달라집니다. 다른 질문이 있거나 추가 도움이 필요하면 언제든지 문의하세요. 저는 도와주러 왔습니다!
BCIL,[주문/송장번호] 주문의 를 보고 싶습니다. 어떻게 해야 합니까?,주문,주문 배송 조회,문의해 주셔서 감사합니다! 주문 번호 [주문/송장번호] [주문/송장번호]의 예상 도착 시간(ETA)을 확인하고 싶다는 점을 충분히 이해합니다. 주문의 ETA를 보려면 당사 웹사이트를 방문하여 '[기타정보]' 또는 '[기타정보]' 섹션으로 이동하는 것이 좋습니다. 여기에서 주문 상태 및 ETA에 대한 최신 정보를 확인할 수 있습니다. 추가 도움이 필요하거나 다른 질문이 있는 경우 언제든지 문의해 주세요. 저는 모든 단계에서 고객님을 돕기 위해 여기 있습니다!
BZ,주문 732201349959의 를 어떻게 확인할 수 있는지 모르겠습니다.,주문,주문 배송 조회,저희는 고객님의 봉사 활동을 소중히 여깁니다! 번호가 [주문/송장번호]인 주문의 예상 도착 시간(ETA)을 확인하는 방법에 대해 확신이 없으신 점에 대해 잘 알고 있습니다. 이에 대한 도움을 받으려면 당사 웹사이트를 방문하여 '[기타정보]' 또는 '[기타정보]' 섹션으로 이동하여 원하는 정보에 액세스할 수 있습니다. 어려움이 있거나 추가 문의사항이 있으면 언제든지 알려주시기 바랍니다. 저는 고객님이 원활한 경험을 할 수 있도록 하고 고객님의 구매에 대해 완전한 정보를 제공해 드리겠습니다!
BILQZ,[주문/송장번호] 주문의 를 확인했습니다.,주문,주문 배송 조회,주문 번호 [주문/송장번호]로 주문의 ETA(예상 도착 시간)에 대해 문의해 주셔서 감사합니다. 주문 ETA를 추적하려면 당사 웹사이트의 '[기타정보]' 섹션을 방문하세요. 이 섹션에서는 주문 위치와 예상 배송 날짜에 대한 실시간 업데이트를 제공합니다. 다른 질문이 있거나 추가 지원이 필요한 경우 언제든지 문의해 주세요. 저는 고객님이 이 추적 절차를 최대한 원활하게 수행할 수 있도록 돕기 위해 왔습니다.
BLQWZ,빌어먹을 구매 시점 [주문/송장번호]를 보는 데 도움이 필요해요,주문,주문 배송 조회,연락해주셔서 감사합니다! 주문 번호 [주문/송장번호] [주문/송장번호]로 구매하신 상품의 예상 도착 시간(ETA)을 확인하는 데 도움이 필요하신 것 같습니다. 이에 대한 도움을 받으려면 당사 웹사이트를 방문하여 '[기타정보]' 섹션으로 이동하는 것이 좋습니다. 여기에서 주문 번호를 입력하고 구매 ETA를 실시간으로 추적할 수 있습니다. 어려움이 있거나 추가 문의사항이 있으면 언제든지 알려주시기 바랍니다. 저는 고객님이 필요한 모든 지원을 받을 수 있도록 여기 있습니다!
BILQ,주문 [주문/송장번호] 현재 상태를 어떻게 확인하나요?,주문,주문 배송 조회,"언제나 연결이 좋아요! 주문 번호 [주문/송장번호]의 현재 주문 상태를 확인하는 데 도움이 필요하다는 사실을 잘 알고 있습니다. 상태를 보려면 당사 웹사이트를 방문하여 '[기타정보]' 또는 '[기타정보]' 섹션으로 이동하는 것이 좋습니다. 여기에서 주문 진행 상황에 대한 실시간 업데이트를 확인할 수 있습니다. 질문이 있거나 추가 지원이 필요한 경우, 주저하지 말고 문의해 주세요. 저희는 고객님의 쇼핑 경험을 최대한 원활하게 할 수 있도록 돕기 위해 왔습니다!"
BELNQZ,주문 [주문/송장번호] 현재 상태를 볼 수 없습니다.,주문,주문 배송 조회,우리가 도와드리겠습니다! [주문/송장번호] 주문의 현재 상태를 보는 데 어려움을 겪고 계신 것으로 확인됩니다. 제가 도와드리겠습니다. 상태를 확인하시려면 당사 홈페이지 '[웹사이트/메뉴]' 섹션에 접속하시기 바랍니다. 문제가 발생하거나 추가 지침이 필요한 경우 언제든지 문의하세요. 저는 고객님이 원활한 경험을 하고 필요한 정보를 얻을 수 있도록 하기 위해 왔습니다.
BEZ,주문 [주문/송장번호] 상태를 확인하는 방법을 모르겠습니다.,주문,주문 배송 조회,"연락해주셔서 감사합니다! 주문 번호 [주문/송장번호]로 주문 상태를 확인하는 방법에 대해 확신이 없으신 것으로 알고 있습니다. 걱정하지 마세요. 제가 도와드리겠습니다! 주문 상태를 확인하려면 당사 웹사이트를 방문하여 ""주문 내역"" 섹션으로 이동하세요. 또는 [고객센터전화번호]로 연중무휴로 이용 가능한 고객 지원팀에 문의하거나 당사 웹사이트 [웹사이트/메뉴]의 라이브 채팅을 통해 문의하실 수 있습니다. 그들은 고객님의 주문 상태에 대한 최신 업데이트를 기꺼이 제공해 드릴 것입니다. 추가 질문이나 우려 사항이 있으면 언제든지 문의해 주세요. 원활한 경험을 보장하기 위해 최선을 다하고 있습니다!"
BI,[주문/송장번호] 주문을 추적하는 방법은 무엇입니까?,주문,주문 배송 조회,문의해 주셔서 감사합니다! 주문 번호 [주문/송장번호]로 주문 상태를 추적하는 데 도움을 드리고 있습니다. 주문을 추적하려면 당사 웹사이트를 방문하여 '[기타정보]' 또는 '[기타정보]' 섹션으로 이동하세요. 주문 번호를 입력하라는 메시지가 표시되며 필요한 세부 정보를 제공하면 구매 상태 및 예상 배송에 대한 실시간 업데이트를 볼 수 있습니다. 어려움이 있거나 추가 문의사항이 있으면 언제든지 알려주시기 바랍니다. 저는 고객님이 원활한 추적 경험을 할 수 있도록 하기 위해 여기에 있습니다!
BLQWZ,[주문/송장번호] 현재 상태를 보고 싶어요,주문,주문 배송 조회,고객님의 의견을 듣고 기뻐요! [주문/송장번호] 번호로 구매의 현재 상태를 확인하고 싶다는 점을 진심으로 이해합니다. 구매에 대한 최신 정보를 얻으려면 당사 웹사이트의 '[기타정보]' 섹션을 방문하는 것이 좋습니다. 그러면 예상 도착 시간(ETA)을 포함한 모든 관련 세부 정보가 제공됩니다. 추가 문의사항이 있거나 추가 도움이 필요하시면 언제든지 알려주시기 바랍니다. 저는 고객님이 원활하고 정보에 입각한 경험을 할 수 있도록 돕기 위해 왔습니다!
BKLZ,주문 732201349959현황,주문,주문 배송 조회,문의해 주셔서 감사합니다! [주문/송장번호] 번호 주문의 현재 상태를 확인하는 데 도움을 드리고자 왔습니다. 정확한 정보를 제공하기 위해 주문과 관련된 이메일 주소나 전화번호를 알려주시겠습니까? 이렇게 하면 고객님의 주문을 신속하게 찾고 최신 상태를 제공하는 데 도움이 됩니다.
BQZ,주문 [주문/송장번호]의 를 확인하는 데 도움이 필요합니다.,주문,주문 배송 조회,"연락해주셔서 기뻐요! 주문 번호 [주문/송장번호]의 주문에 대한 예상 도착 시간(ETA)을 확인하는 데 도움이 필요하다는 점을 분명히 알고 있습니다. 저는 고객님을 돕기 위해 여기 있습니다. 정확한 정보를 제공하기 위해 몇 가지 세부정보를 확인해 주시겠습니까? 먼저, 주문과 관련된 고객님의 성명과 이메일 주소를 알 수 있습니까? 이 정보를 받으면 주문의 ETA를 추적하는 데 즉시 도움을 드리겠습니다."
BKLQZ,예상 도착 시간 주문 [주문/송장번호] 참조,주문,주문 배송 조회,고객님의 연락에 감사드립니다! 주문 번호 [주문/송장번호] 주문의 예상 도착 시간(ETA)을 확인하고 싶으신 것 같습니다. 가장 정확한 정보를 제공하기 위해 시스템에 접속하는 동안 양해해 주시기 바랍니다. 세부 정보를 검색한 후 즉시 주문 ETA를 안내해 드리겠습니다. 고객님의 구매에 대해 필요한 모든 정보를 고객님이 갖고 있는지 확인하는 것이 저의 최우선 과제입니다.
BLN,구매한 [주문/송장번호]를 찾을 수 없습니다.,주문,주문 배송 조회,우리가 도와드리겠습니다! 구매 번호 [주문/송장번호]로 구매한 제품을 찾는 데 문제가 있는 것으로 확인되었습니다. 불편을 끼쳐드려 죄송합니다. 추가 지원을 위해 구매 날짜나 기타 관련 정보 등 추가 세부정보를 제공해 주시겠습니까? 그러면 제가 문제를 조사하고 고객님의 구매 상태를 확인하는 데 도움이 될 것입니다. 저는 고객님의 원활한 경험을 보장하기 위해 여기에 있습니다. 다른 우려 사항이나 질문이 있으면 언제든지 공유해 주세요.
BLQZ,[주문/송장번호]를 주문해야 해요,주문,주문 배송 조회,고객님의 메시지는 많은 의미가 있습니다! 주문 번호가 [주문/송장번호]인 주문을 찾는 데 도움이 필요하다는 생각에 동의합니다. 도움을 드릴 수 있도록 주문과 관련된 고객님의 이름이나 이메일 주소와 같은 추가 정보를 제공해 주시겠습니까? 이렇게 하면 주문을 더 정확하게 찾고 관련 세부정보를 제공할 수 있습니다.
BCL,[주문/송장번호] 주문 상태를 보고 싶습니다. 도움이 필요합니다.,주문,주문 배송 조회,문의해 주셔서 감사합니다! 주문 번호 [주문/송장번호]의 주문 상태를 확인하는 데 도움을 드리고자 왔습니다. 이 문제를 해결하는 데 도움이 되도록 좀 더 자세한 정보를 제공해 주시겠어요? 구체적으로 주문과 관련된 이메일 주소를 확인해 주시겠습니까? 이를 통해 고객님의 주문 세부정보를 정확하게 찾고 최신 정보를 제공할 수 있습니다. 필요한 세부정보가 확보되면 추가 지원을 제공해 드리겠습니다.
BILQ,현재 구매 상태는 어디서 확인하나요 [주문/송장번호],주문,주문 배송 조회,연락해주셔서 감사합니다! 구매번호 [주문/송장번호]로 구매현황을 확인하고 싶으신 것 같네요. 구매 상태를 보려면 당사 웹사이트의 '[기타정보]' 섹션을 방문하는 것이 좋습니다. 여기에서 구매 진행 상황에 대한 실시간 업데이트를 확인할 수 있습니다. 다른 질문이 있거나 추가 도움이 필요하시면 언제든지 문의해 주세요. 저는 고객님의 원활한 경험을 돕고 보장하기 위해 왔습니다!
BELNW,주문 [주문/송장번호]를 볼 수 없습니다. 젠장 현재 상태,주문,주문 배송 조회,주문 번호 [주문/송장번호]로 주문의 현재 상태에 대해 문의해 주셔서 감사합니다. 불편을 끼쳐드려 죄송합니다. 추가 지원을 위해 고객님의 이름이나 주문과 관련된 대체 식별자 등 몇 가지 추가 정보를 제공해 주시겠습니까? 이를 통해 주문 세부정보를 찾아보고 상태에 대한 정확한 업데이트를 제공할 수 있습니다. 이해해 주셔서 감사합니다. 모든 단계에서 도움을 드릴 수 있도록 도와드리겠습니다.
BELNW,구매 [주문/송장번호] 젠장 현재 상태를 볼 수 없습니다,주문,주문 배송 조회,도와주셔서 영광입니다! 구매 번호 [주문/송장번호]로 구매의 현재 상태를 찾는 데 어려움을 겪고 계신 것으로 알고 있습니다. 이로 인해 불편을 끼쳐드려 죄송합니다. 추가 지원을 위해 고객님의 계정 정보나 발생한 오류 메시지 등 추가 세부정보를 제공해 주시겠습니까? 이 정보를 통해 문제를 보다 효과적으로 조사하고 정확한 구매 상태를 알려드릴 수 있습니다.
BILP,[주문/송장번호] 구매 상태는 어디서 확인할 수 있나요?,주문,주문 배송 조회,고객님의 의견을 들으니 반갑습니다! 구매 번호 [주문/송장번호]로 구매 상태를 어디에서 확인할 수 있는지 알고 싶으신 것 같습니다. 현재 상태를 확인하시려면 당사 홈페이지의 '[웹사이트/메뉴]' 섹션을 방문해 보시기 바랍니다. 여기에서 상태를 포함하여 구매에 대한 자세한 정보를 확인할 수 있습니다. 문제가 발생하거나 추가 문의사항이 있으면 언제든지 알려주시기 바랍니다. 원활하고 만족스러운 경험을 보장하기 위해 모든 단계에서 도움을 드리고 있습니다.
BIL,[주문/송장번호] 주문의 현재 상태를 보여주실 수 있나요?,주문,주문 배송 조회,연락해주셔서 감사합니다! 주문 번호 [주문/송장번호]의 현재 주문 상태를 알고 싶어 하시는 것 같습니다. 고객님께 정확한 최신 정보를 제공하기 위해 고객님의 이메일 주소나 주문과 관련된 이름을 요청해도 될까요? 이를 통해 당사 시스템에서 고객님의 주문을 신속하게 찾고 현재 상태를 알려드릴 수 있습니다.
BIL,[주문/송장번호] 구매현황을 알 수 있나요?,주문,주문 배송 조회,고객님의 메시지는 많은 의미가 있습니다! 구매번호 [주문/송장번호]로 현재 구매상태를 확인하고 싶다는 생각에 공감합니다. 정확한 정보 제공을 위해 당사 홈페이지 '[기타정보]' 섹션을 방문해 주시기 바랍니다. 이 섹션에는 구매에 대한 최신 상태가 표시됩니다. 혹시 어려운 점이나 추가 문의사항이 있으시면 언제든지 문의해주세요. 저는 고객님이 원활한 경험을 할 수 있도록 모든 단계에서 도움을 드리고 있습니다!
BL,[주문/송장번호] 주문 상태를 보려고 합니다.,주문,주문 배송 조회,문의해 주셔서 감사합니다! 주문 번호 [주문/송장번호]의 현재 주문 상태를 확인하는 데 도움을 드리고자 왔습니다. 주문 상태를 보려면 당사 웹사이트의 '[웹사이트/메뉴]' 섹션을 방문하세요. 다른 질문이 있거나 추가 도움이 필요하시면 언제든지 알려주세요. 제 목표는 고객님이 전체적으로 원활한 경험을 할 수 있도록 하는 것입니다.
BL,[주문/송장번호] 주문 상태를 볼 수 있도록 도와주세요,주문,주문 배송 조회,우리를 믿어주셔서 감사합니다! 주문 번호 [주문/송장번호]의 주문 상태를 확인하는 데 도움이 필요하다는 점을 잘 알고 있습니다. 현재 상황을 보시려면 당사 웹사이트의 '[웹사이트/메뉴]' 섹션을 방문하시면 됩니다. 이 섹션에서는 예상 배송 날짜 및 추적 세부 정보를 포함하여 주문에 대한 최신 정보를 제공합니다. 추가 질문이 있거나 추가 지원이 필요한 경우 언제든지 문의해 주세요. 모든 단계에서 도움을 드릴 수 있어서 기쁩니다!
BL,[주문/송장번호] 주문 현황을 확인하려고 합니다.,주문,주문 배송 조회,저는 고객님을 듣고! 주문번호 [주문/송장번호] [주문/송장번호]의 현재 상태를 확인하려 하신다고 연락드립니다. 그렇게 하려면 당사 웹사이트의 '[기타정보]' 섹션을 방문하세요. 이 페이지에서는 주문 진행 상황에 대한 실시간 업데이트를 제공합니다. 문제가 발생하거나 추가 문의사항이 있으면 언제든지 알려주시기 바랍니다. 저는 모든 단계에서 고객님을 돕기 위해 여기 있습니다.
BKLZ,구매 확인 [주문/송장번호] 상태,주문,주문 배송 조회,문의해 주셔서 감사합니다! 주문 번호 [주문/송장번호]로 구매 상태를 확인하는 데 도움을 드리고자 왔습니다. 현재 상태를 보려면 당사 웹사이트를 방문하여 '주문 내역' 섹션으로 이동하십시오. 일단 거기에 가면 주문에 대한 최신 업데이트를 볼 수 있습니다. 다른 질문이 있거나 추가 도움이 필요하시면 언제든지 알려주세요. 저는 도와주러 왔습니다!
BCIL,[주문/송장번호] 구매현황을 확인해야 하는데 어떻게 해야 하나요?,주문,주문 배송 조회,"구매에 대한 최신 정보를 받아볼 수 있도록 적극적으로 접근해 주셔서 감사합니다! [주문/송장번호] 구매 상태를 확인하려면 다음 단계를 따르세요. 1. 당사 웹사이트를 방문하여 고객님의 계정에 로그인하십시오. 2. ""주문 내역"" 섹션으로 이동합니다. 3. 구매 번호 [주문/송장번호]로 특정 구매를 찾습니다. 4. 구매내역을 클릭하시면 현재 상태를 보실 수 있습니다. 어려움이 있거나 추가 문의사항이 있으면 언제든지 문의해 주세요. 저는 고객님께 모든 단계를 안내하기 위해 여기에 있습니다. 고객 만족이 저희의 최우선 사항임을 기억하십시오!"
BCILP,구매 [주문/송장번호]를 추적하고 싶은데 어떻게 해야 합니까?,주문,주문 배송 조회,"문의해 주셔서 감사합니다! 구매 번호 [주문/송장번호]로 구매를 추적하는 데 도움을 드리고 있습니다. 구매 상태를 확인하려면 당사 웹사이트를 방문하여 ""[기타정보]"" 섹션으로 이동하는 것이 좋습니다. 여기에서 구매 번호를 입력하면 당사 시스템에서 주문에 대한 최신 업데이트를 제공합니다. 추가 도움이 필요하거나 다른 질문이 있는 경우 언제든지 문의해 주세요. 저는 모든 단계에서 고객님을 돕기 위해 여기 있습니다!"
BI,[주문/송장번호] 주문 상태는 어디서 확인할 수 있나요?,주문,주문 배송 조회,확실히! 주문 번호 [주문/송장번호]의 현재 주문 상태를 찾는 데 도움을 드리고자 왔습니다. 상태를 확인하려면 당사 웹사이트의 '[기타정보]' 섹션을 방문하세요. 이 섹션으로 이동하면 주문 진행 상황에 관한 최신 정보를 볼 수 있습니다. 문제가 발생하거나 추가 문의사항이 있으면 언제든지 알려주시기 바랍니다. 저는 고객님이 원활하고 정보에 입각한 경험을 할 수 있도록 하기 위해 왔습니다!
BILQZ,퓨어체이스 [주문/송장번호]는 어디에 있나요?,주문,주문 배송 조회,"고객님의 의견은 소중합니다! 구매번호 [주문/송장번호]로 구매하신 제품의 소재지를 알고 싶다고 연락받았습니다. 제가 도와드리겠습니다. 구매 위치를 추적하려면 당사 웹사이트의 ""[기타정보]"" 섹션을 방문하세요. 구매번호만 입력하시면 실시간 상태 및 위치 정보를 안내해 드립니다. 문제가 발생하거나 추가 지원이 필요한 경우 언제든지 문의하세요. 저는 모든 단계에서 고객님을 돕기 위해 여기 있습니다."
BILQ,주문 [주문/송장번호] 상태를 어떻게 볼 수 있나요?,주문,주문 배송 조회,"저희는 고객님을 위해 여기 있습니다! 주문 번호 [주문/송장번호]로 주문 상태를 확인하는 방법을 알고 싶어 하신다는 것을 알고 있습니다. 주문 상태를 보려면 당사 웹사이트를 방문하여 ""주문 내역"" 섹션으로 이동하세요. 여기에서 주문과 관련된 세부정보 및 업데이트를 확인할 수 있습니다. 다른 질문이 있거나 추가 도움이 필요하시면 언제든지 알려주세요. 저는 도와주러 왔습니다!"
BLN,구매현황을 확인할 수 없어요 [주문/송장번호],주문,주문 배송 조회,구매 번호 [주문/송장번호]로 구매 상태를 확인하는 데 문제가 있는 것으로 확인되었습니다. 이로 인해 불편을 끼쳐드려 죄송합니다. 추가 지원을 위해 고객님의 계정 정보나 관련 주문 확인서 등 추가 세부정보를 제공해 주시겠습니까? 해당 정보를 바탕으로 이 문제를 조사하고 필요한 지원을 제공해 드릴 수 있습니다. 고객님의 인내와 협조에 감사드립니다.
BLW,빌어먹을 주문 [주문/송장번호] 현재 상태를 확인해야 해요,주문,주문 배송 조회,문의해 주셔서 감사합니다! 주문 번호 [주문/송장번호]의 현재 주문 상태를 확인하는 데 도움이 필요하다는 점을 충분히 이해합니다. 가장 정확한 정보를 제공하기 위해 당사 웹사이트에서 구매했는지 아니면 제3자 플랫폼을 통해 구매했는지 확인해 주시겠습니까? 이 정보를 받으면 주문을 추적하는 정확한 단계를 안내해 드릴 수 있습니다.
BL,구매 추적 방법을 모르겠습니다. [주문/송장번호],주문,주문 배송 조회,"고객님의 의견을 들으니 반갑습니다! 구매 번호 [주문/송장번호]로 구매를 추적하는 방법을 잘 모르시는 것으로 확인됩니다. 구매를 추적하는 것은 중요합니다. 제가 도와드리겠습니다. 구매를 추적하려면 당사 웹사이트를 방문하여 ""주문 내역"" 섹션으로 이동하세요. 여기에서 구매 상태와 추적 정보를 확인할 수 있습니다. 어려움이 있거나 추가 문의사항이 있으면 언제든지 알려주시기 바랍니다. 저는 고객님의 원활한 추적 경험을 보장하기 위해 왔습니다!"
BIL,[주문/송장번호] 구매 상태를 보려면 어떻게 해야 하나요?,주문,주문 배송 조회,"고객님의 메시지에 감사드립니다! 주문 번호 [주문/송장번호]의 구매 상태를 확인하기 위해 어떤 조치를 취해야 하는지 알고 싶으신 것 같습니다. 구매 상태를 확인하려면 당사 웹사이트를 방문하여 ""주문 내역"" 섹션으로 이동하세요. '주문 내역' 페이지에서 주문 번호로 검색하거나 필터링하여 특정 구매를 찾을 수 있습니다. 구매를 선택하면 현재 상태, 예상 도착 시간(ETA) 및 기타 관련 세부 정보를 볼 수 있습니다. 이 과정에서 어려움이 발생하거나 추가 지원이 필요한 경우 언제든지 알려주시기 바랍니다. 저는 고객님을 안내하고 원활한 경험을 보장하기 위해 왔습니다."
BL,구매 예상 도착 시간 확인에 도움이 필요합니다 [주문/송장번호],주문,주문 배송 조회,문의해 주셔서 감사합니다! 주문 번호 [주문/송장번호]로 구매한 제품의 예상 도착 시간(ETA)을 확인하는 데 도움이 필요하다는 점을 충분히 이해합니다. 가장 정확한 정보를 제공하기 위해 시스템에서 세부정보를 찾는 동안 몇 분만 기다려 주시기 바랍니다. 정보가 확보되면 구매 ETA를 즉시 공유해 드리겠습니다. 이 문제를 해결하는 동안 고객님의 인내심과 이해에 감사드립니다!
BLQ,[주문/송장번호] 구매 에타를 확인하려고 하는데,주문,주문 배송 조회,고객님의 메시지는 많은 의미가 있습니다! 구매 번호 [주문/송장번호]로 구매한 제품의 예상 도착 시간(ETA)을 확인하려고 하신다는 생각에 동의합니다. ETA에 관한 정확한 정보를 제공하기 위해 주문 날짜나 관련 추적 번호와 같은 추가 세부정보를 제공해 주시겠습니까? 이렇게 하면 특정 구매 항목을 찾고 최신 정보를 제공하는 데 도움이 됩니다. 저는 모든 단계에서 고객님을 돕기 위해 여기 있습니다!
BLW,구매 [주문/송장번호] 빌어먹을 상태 확인,주문,주문 배송 조회,연락해주셔서 감사합니다! 주문 번호 [주문/송장번호] [주문/송장번호]로 구매 상태를 확인하고 싶다는 점을 잘 알고 있습니다. 불편을 끼쳐 드려 죄송합니다. 고객님의 구매에 관한 가장 정확하고 최신 정보를 제공하기 위해 당사 웹사이트의 '[기타정보]' 섹션을 방문하시기 바랍니다. 여기에서 현재 주문 상태와 관련 업데이트를 확인할 수 있습니다. 다른 질문이 있거나 추가 도움이 필요하시면 언제든지 알려주세요. 고객님이 우리와 함께 원활하고 만족스러운 경험을 할 수 있도록 하는 것이 저의 최우선 과제입니다.
BIQ,[주문/송장번호] 주문을 어디서 추적할 수 있나요?,주문,주문 배송 조회,주문 번호 [주문/송장번호]로 주문 상태를 추적하기 위해 연락해 주셔서 감사합니다. 주문을 추적하려면 당사 웹사이트를 방문하여 '주문 추적' 섹션으로 이동하십시오. 여기에서 주문 번호를 입력하고 구매의 현재 상태와 예상 배송 날짜를 추적할 수 있습니다. 어려움이 있거나 추가 문의사항이 있으면 언제든지 알려주시기 바랍니다. 저는 모든 단계에서 고객님을 돕기 위해 여기 있습니다!
BI,[주문/송장번호] 주문 상태를 보여주실 수 있나요?,주문,주문 배송 조회,확실히! 주문 번호 [주문/송장번호]의 주문 상태를 확인하는 데 도움을 드리고자 왔습니다. 정확한 정보를 제공하기 위해 잠시 시간을 내어 세부정보를 검색해 보시기 바랍니다. 양해해 주셔서 감사합니다.
BIQ,[주문/송장번호] 주문 에타 확인 가능한가요?,주문,주문 배송 조회,문의해 주셔서 감사합니다! 주문 번호 [주문/송장번호]의 주문에 대한 예상 도착 시간(ETA)을 확인하는 데 도움을 드리고자 합니다. 정확한 정보 전달을 위해 주문번호가 맞는지 확인해주실 수 있나요? 정확한 세부정보가 입력되면 도착 예정 시간을 확인해 드릴 수 있습니다.
BLQ,구매 [주문/송장번호] 현재 상태를 보고 싶습니다.,주문,주문 배송 조회,"문의해 주셔서 감사합니다! 현재 구매 상태를 확인하는 데 도움을 드리고자 왔습니다. 구매 번호 [주문/송장번호]의 상태를 보려면 당사 웹사이트의 ""주문 세부 정보"" 섹션을 방문하십시오. 구매에 대한 최신 정보를 제공합니다. 다른 질문이 있거나 추가 도움이 필요하시면 언제든지 알려주세요. 저는 도와주러 왔습니다!"
BEL,[주문/송장번호] 주문을 찾으려면 어떻게 해야 할지 모르겠습니다.,주문,주문 배송 조회,"문의해 주셔서 감사합니다! 주문 번호 [주문/송장번호]로 주문을 찾는 데 대해 혼란을 겪고 계시다는 점을 충분히 이해합니다. 이에 대한 도움을 받으려면 당사 웹사이트를 방문하여 ""주문 내역"" 섹션으로 이동하는 것이 좋습니다. 여기에서 주문의 현재 상태와 추적 정보를 확인할 수 있습니다. 추가 문의사항이 있거나 추가 도움이 필요하시면 언제든지 알려주시기 바랍니다. 저는 모든 단계에서 고객님을 돕기 위해 여기 있습니다!"
BCL,[주문/송장번호] 주문의 를 확인해야 합니다. 도와주세요.,주문,주문 배송 조회,저희는 고객님을 위해 여기 있습니다! 주문 번호 [주문/송장번호]의 예상 도착 시간(ETA)을 확인하는 데 도움이 필요하다는 것을 알고 있습니다. 가장 정확한 정보를 제공하기 위해 배송 주소나 주문과 관련된 추적 번호 등 몇 가지 추가 세부정보를 제공해 주시겠습니까? 이렇게 하면 주문을 찾고 ETA를 제공하는 데 도움이 됩니다. 저는 모든 단계에서 고객님을 도와드릴 것입니다. 궁금한 점이 있으면 언제든지 문의하거나 추가 관련 세부정보를 제공해 주시기 바랍니다.
BLQ,구매 [주문/송장번호] 상태를 확인해야 합니다.,주문,주문 배송 조회,고객님의 메시지는 많은 의미가 있습니다! 구매 번호 [주문/송장번호]로 구매 상태를 확인해야 한다는 생각에 동의합니다. 현재 상황을 확인하시려면 당사 홈페이지 '[기타정보]' 섹션을 방문하시기 바랍니다. 다른 질문이 있거나 추가 지원이 필요한 경우 언제든지 문의해 주세요. 저는 모든 단계에서 고객님을 돕기 위해 여기 있습니다!
BL,구매예정시간을 보려고 합니다 [주문/송장번호],주문,주문 배송 조회,"문의해 주셔서 감사합니다! 구매 번호 [주문/송장번호]로 구매하신 제품의 예상 도착 시간(ETA)을 확인하실 수 있도록 도와드리겠습니다. 더 나은 도움을 드릴 수 있도록 몇 가지 추가 정보를 제공해 주시겠습니까? 예를 들어, 구매에 사용한 추적 번호나 운송업체를 알려주실 수 있나요? 이렇게 하면 가장 정확하고 최신 ETA를 제공하는 데 도움이 됩니다."
BIL,[주문/송장번호] 주문의 를 어디서 볼 수 있나요?,주문,주문 배송 조회,질문해주셔서 감사합니다! 주문 번호 [주문/송장번호]의 주문에 대한 예상 도착 시간(ETA)을 확인하는 데 도움을 드리고자 합니다. ETA를 보려면 당사 웹사이트의 '[기타정보]' 섹션을 방문하세요. 여기에서 주문 상태 및 예상 배송 시간에 대한 모든 세부정보를 확인할 수 있습니다. 추가 도움이 필요하거나 다른 질문이 있으면 언제든지 알려주시기 바랍니다. 저는 모든 단계에서 고객님을 돕기 위해 여기 있습니다!
BQZ,[주문/송장번호] 주문 에타를 확인하는 데 도움을 주세요.,주문,주문 배송 조회,문의해 주셔서 감사합니다! 주문 번호 [주문/송장번호] 주문의 예상 도착 시간(ETA)을 확인하는 데 도움이 필요하다는 점을 충분히 이해합니다. 가장 정확한 정보를 제공하기 위해 현재 주문 상태를 확인하겠습니다. 세부 사항을 수집하는 데 잠시 시간을 내어 주시기 바랍니다.
BLQ,[주문/송장번호] 구매 에타 확인 방법을 모르겠어요,주문,주문 배송 조회,"우리가 도와드리겠습니다! 번호 [주문/송장번호]로 구매한 상품의 예상 도착 시간(ETA)을 확인하는 방법을 잘 모르신다는 점을 알려드립니다. 절차를 안내해 드리겠습니다. ETA를 확인하려면 당사 웹사이트를 방문하여 ""주문 내역"" 섹션으로 이동하세요. 여기에서 ETA를 포함한 구매 세부정보를 확인할 수 있습니다. 문제가 발생하거나 추가 문의사항이 있으면 언제든지 알려주시기 바랍니다. 저는 모든 단계에서 고객님을 돕기 위해 여기 있습니다!"
BL,주문 [주문/송장번호]를 찾으려고 합니다.,주문,주문 배송 조회,문의해 주셔서 감사합니다! 주문 번호가 [주문/송장번호]인 주문을 찾는 데 도움을 드리고자 왔습니다. 주문 상태와 세부 정보를 확인하려면 당사 웹사이트의 '[웹사이트/메뉴]' 섹션을 방문하세요. 예상 도착 시간(ETA) 및 배송 진행 상황에 관한 업데이트를 포함하여 필요한 모든 정보를 제공합니다. 다른 질문이 있거나 추가 도움이 필요하시면 언제든지 알려주세요.
BLP,구매한 [주문/송장번호]를 찾고 싶습니다.,주문,주문 배송 조회,"문의해주셔서 감사합니다! 구매 번호 [주문/송장번호]로 구매 내역을 확인하고 싶다는 점을 확인했습니다. 도움을 드릴 수 있도록 구매와 관련된 고객님의 이름, 이메일 주소 등 추가 세부정보를 제공해 주시기 바랍니다. 이 정보를 받으면 고객님이 구매한 제품을 찾아 필요한 업데이트를 제공할 수 있습니다. 고객 만족은 우리에게 중요하며 고객님의 우려 사항을 즉시 해결하기 위해 최선을 다하고 있습니다."
BLQZ,주문 [주문/송장번호] 찾기를 원합니다.,주문,주문 배송 조회,고객님의 연락에 감사드립니다! 주문 번호 [주문/송장번호]를 찾는 데 도움이 필요하신 것 같습니다. 저는 고객님을 돕기 위해 여기 있습니다. 고객님의 주문을 찾으려면 고객님의 계정에 액세스하고 관련 세부정보를 제공할 수 있도록 고객님의 이름과 연락처 정보를 알려주시기 바랍니다. 안심하세요. 제가 절차를 안내하고 원활한 경험을 보장해 드리겠습니다.
BILQZ,[주문/송장번호] 주문의 현재 상태를 확인하는 데 도움을 주실 수 있나요?,주문,주문 배송 조회,문의해 주셔서 감사합니다! 주문 번호 [주문/송장번호]의 현재 주문 상태를 확인하는 데 도움을 드리고자 왔습니다. 정확한 정보 전달을 위해 추가 정보를 제공해 주시기를 부탁드립니다. 주문과 관련된 이메일 주소나 기타 관련 정보를 확인해 주시겠습니까? 이는 고객님의 주문을 찾고 최신 상태를 제공하는 데 도움이 될 것입니다. 고객님의 협조에 감사드리며 앞으로도 더 많은 도움을 드리겠습니다!
BLQ,[주문/송장번호] 주문의 를 확인하는 데 도움을 주세요.,주문,주문 배송 조회,문의해 주셔서 감사합니다! 주문 번호 [주문/송장번호]의 주문에 대한 예상 도착 시간(ETA)을 확인하는 데 도움을 드리고자 합니다. 가장 정확한 정보를 제공하기 위해 주문에 대한 몇 가지 추가 세부정보를 제공해 주시기 바랍니다. 구매 날짜나 기타 관련 세부정보를 확인해 주시겠습니까? 이렇게 하면 고객님의 주문을 찾고 현재 ETA를 제공하는 데 도움이 됩니다.
BI,[주문/송장번호] 주문을 추적할 수 있나요?,주문,주문 배송 조회,"물론이죠! 주문 번호 [주문/송장번호]로 주문 진행 상황을 추적하기 위해 연락해 주셔서 감사합니다. 그렇게 하려면 당사 웹사이트를 방문하여 ""주문 추적"" 섹션으로 이동하십시오. 여기에서 주문 번호를 입력하고 패키지 상태와 위치에 대한 실시간 업데이트를 받을 수 있습니다. 어려움이 있거나 추가 지원이 필요한 경우 알려주시기 바랍니다. 저는 모든 단계에서 고객님을 돕기 위해 여기 있습니다!"
BLQ,구매 [주문/송장번호] 현황을 보려고 하는데,주문,주문 배송 조회,문의해 주셔서 감사합니다! 구매 번호 [주문/송장번호]로 구매한 현재 상태를 확인하는 데 도움을 드리고 있습니다. 구매 상태를 보려면 당사 웹사이트의 '[기타정보]' 섹션을 방문하세요. 문제가 발생하거나 추가 질문이 있는 경우 알려주시기 바랍니다. 저는 고객님이 원활한 경험을 하고 필요한 정보를 얻을 수 있도록 여기 있습니다.
BL,구매 [주문/송장번호]를 어떻게 찾을 수 있는지 모르겠습니다.,주문,주문 배송 조회,고객님의 의견은 소중합니다! 구매 번호 [주문/송장번호]로 구매한 제품을 찾는 방법을 잘 모르시는 것으로 확인되었습니다. 걱정하지 마세요. 제가 이 과정을 안내하는 데 도움을 드리고 있습니다. 구매 위치를 찾으려면 당사 웹사이트를 방문하여 '[웹사이트/메뉴]' 섹션으로 이동하세요. 일단 거기에 가면 현재 위치를 포함하여 구매에 대한 모든 세부 정보를 볼 수 있습니다. 추가 질문이 있거나 추가적인 도움이 필요하시면 언제든지 문의해 주세요. 고객 만족은 나의 최우선 순위입니다!
BCILQZ,[주문/송장번호]를 찾고 싶은데 도움을 받을 수 있나요?,주문,주문 배송 조회,도와주셔서 영광입니다! 구매 번호 [주문/송장번호]로 구매한 제품을 찾는 데 도움이 필요하신 것으로 알고 있습니다. 저는 고객님을 돕기 위해 여기 있습니다. 구매 상태를 추적하려면 당사 웹사이트를 방문하여 '주문 내역' 또는 '주문 추적' 섹션으로 이동하세요. 여기에서 구매의 현재 상태와 예상 도착 시간(ETA)을 확인할 수 있습니다. 다른 질문이 있거나 추가 안내가 필요한 경우 언제든지 문의해 주세요. 저는 고객님이 절차 전반에 걸쳐 원활한 경험을 할 수 있도록 최선을 다하고 있습니다.
BLZ,구매예정일까지 확인하는 괴짜 [주문/송장번호],주문,주문 배송 조회,저희는 고객님의 봉사 활동을 소중히 여깁니다! 구매 번호 [주문/송장번호]로 구매한 제품의 예상 도착 시간(ETA)을 확인하고 싶다는 의견에 동의합니다. 정확한 정보를 제공하기 위해 배송업체 이름이나 구매와 관련된 추적 번호를 알려주시겠습니까? 이렇게 하면 구매 ETA를 보다 효과적으로 추적하는 데 도움이 됩니다.
BL,구매 [주문/송장번호] 현재 상태 확인 도와주세요,주문,주문 배송 조회,"연락해주셔서 감사합니다! 구매 번호 [주문/송장번호]로 구매 현황을 확인하는 데 도움이 필요하신 것 같습니다. 가장 정확한 정보를 제공하기 위해 구매와 관련된 고객님의 이름이나 이메일 주소와 같은 추가 세부 정보를 제공해 주시기 바랍니다. 이렇게 하면 당사 시스템에서 고객님의 구매를 찾고 관련 상태 업데이트를 제공하는 데 도움이 됩니다. 불편을 끼쳐드려 죄송하며, 이 문제에 대해 협조해 주셔서 감사합니다."
BCIL,구매 [주문/송장번호]를 추적해야 합니다. 어떻게 해야 합니까?,주문,주문 배송 조회,문의해주셔서 감사합니다! 구매 번호 [주문/송장번호]로 구매를 추적하는 데 도움이 필요하다는 점을 이해합니다. 구매를 추적하는 것은 쉽습니다! 저희 웹사이트를 방문하여 '[웹사이트/메뉴]' 섹션으로 이동하시면 됩니다. 여기에서 상태 및 추적 세부정보를 포함하여 구매와 관련된 모든 정보를 확인할 수 있습니다. 문제가 발생하거나 추가 지침이 필요한 경우 주저하지 말고 문의해 주세요. 원활하고 만족스러운 경험을 보장하기 위해 모든 단계에서 도움을 드리고 있습니다!
BL,구매 예정 시간을 확인하세요 [주문/송장번호],주문,주문 배송 조회,문의해 주셔서 감사합니다! 구매 번호 [주문/송장번호]로 구매하신 제품의 예상 도착 시간(ETA)을 확인하실 수 있도록 도와드리겠습니다. ETA를 보려면 당사 웹사이트의 '[기타정보]' 섹션을 방문하세요. 다른 질문이 있거나 추가 도움이 필요하면 언제든지 문의하세요. 제 목표는 고객님이 원활한 경험을 할 수 있도록 하는 것입니다!
BIQ,주문 [주문/송장번호]의 도착 시간을 확인하는 데 도움을 주실 수 있나요?,주문,주문 배송 조회,우리가 도와드리겠습니다! 주문 번호 [주문/송장번호] 주문의 예상 도착 시간(ETA)을 확인하는 데 도움이 필요하다는 점을 알려드립니다. 저희 팀이 고객님을 돕기 위해 여기 있습니다. 가장 정확한 정보를 제공하기 위해 주문 번호를 다시 알려주시겠습니까? 그 정보가 확보되면 추가로 도움을 드릴 수 있습니다.
BCLQWZ,내 배달 도움의 도착 예정 시간을 확인해야 해,주문,주문 배송 조회,고객님의 의견을 들으니 반갑습니다! 고객님께서는 배송물의 예상 도착 시간(ETA)을 찾고 계시는 것으로 확인됩니다. 도움을 드릴 수 있도록 주문 번호나 기타 관련 세부정보를 제공해 주시겠습니까? 해당 정보를 통해 신속하게 배송 상태를 확인하고 가장 정확한 ETA를 제공할 수 있습니다.
BLW,주문 [주문/송장번호] 빌어먹을 현재 상태를 확인하도록 도와주세요,주문,주문 배송 조회,고객님의 의견은 소중합니다! 주문 번호 [주문/송장번호]의 현재 주문 상태를 확인하는 데 도움이 필요하다는 소식을 들었습니다. 정확한 정보를 제공하기 위해 욕설을 사용하지 않고 올바른 주문 번호를 확인해 주시겠습니까? 올바른 주문 번호를 받으면 주문 상태를 추적하고 최신 업데이트를 제공할 수 있도록 최선을 다해 도와드리겠습니다.
BL,구매 [주문/송장번호] 현재 상태를 확인하는 데 도움이 됩니다.,주문,주문 배송 조회,고객님의 메시지는 많은 의미가 있습니다! 구매 번호 [주문/송장번호]로 구매 현황을 확인하는 데 도움이 필요하다는 생각에 동의합니다. 정확한 정보를 제공하기 위해 구매 날짜나 관련 주문 참조 번호와 같은 추가 세부정보를 제공해 주시겠습니까? 이렇게 하면 당사 시스템에서 고객님의 구매 항목을 찾고 최신 상태를 제공하는 데 도움이 됩니다. 불편을 끼쳐드려 죄송하며 모든 단계에서 도움을 드리겠습니다!
BL,구매 [주문/송장번호] 현황을 확인하려고 합니다,주문,주문 배송 조회,"고객님의 연락에 감사드립니다! 주문 번호 [주문/송장번호]로 구매의 현재 상태를 확인하려고 하시는 것으로 감지됩니다. 이에 대한 도움을 받으려면 당사 웹사이트의 ""주문 내역"" 섹션을 방문하는 것이 좋습니다. 여기에서 구매 상태에 대한 최신 업데이트를 포함하여 구매에 대한 모든 세부정보를 확인할 수 있습니다. 어려움이 있거나 다른 질문이 있으면 언제든지 알려주시기 바랍니다. 저의 주요 목표는 절차 전반에 걸쳐 원활하고 만족스러운 경험을 제공하는 것입니다."
BIL,주문 [주문/송장번호] 현재 상태는 무엇입니까?,주문,주문 배송 조회,문의해 주셔서 감사합니다! [주문/송장번호] 번호 주문의 현재 상태에 대해 도움을 드리고자 왔습니다. 정확한 정보 전달을 위해 본인 확인을 부탁드려도 될까요? 이는 고객님의 이메일 주소이거나 주문에 사용된 결제 방법의 마지막 4자리 숫자일 수 있습니다. 필요한 세부정보가 확보되면 주문 상태를 확인하는 데 추가 도움을 드릴 수 있습니다.
BLZ,다른 [주문/송장번호] 상태를 보는 방법을 모르겠습니다.,주문,주문 배송 조회,문의해 주셔서 감사합니다! 주문 번호 [주문/송장번호]의 상태를 추적하는 데 도움을 드리고자 왔습니다. 상태를 보려면 당사 웹사이트를 방문하여 '[웹사이트/메뉴]' 섹션으로 이동하세요. 여기에서 현재 상태를 포함하여 주문과 관련된 모든 정보를 확인할 수 있습니다. 다른 질문이 있거나 추가 도움이 필요하시면 언제든지 문의해 주세요. 저는 고객님이 원활한 경험을 할 수 있도록 돕기 위해 왔습니다!
BK,[주문/송장번호] 주문의 예상 도착 시간,주문,주문 배송 조회,문의해주셔서 감사합니다! 주문 번호 [주문/송장번호]의 주문에 대한 예상 도착 시간(ETA)을 확인하는 데 도움을 드리고자 합니다. 정확한 정보 제공을 위해 최신 데이터를 검색하는 데 잠시 시간을 내어 주시기를 부탁드립니다. 이 문제를 조사하는 동안 양해해 주셔서 감사합니다.
BILQ,[주문/송장번호] 주문의 예상 도착 시간은 어디서 확인할 수 있나요?,주문,주문 배송 조회,저희는 듣고 있어요! 주문 번호 [주문/송장번호]의 주문에 대한 예상 도착 시간(ETA)을 확인하고 싶다는 사실을 알고 있습니다. 예상 도착 시간을 보려면 당사 웹사이트의 '[주문/송장번호]' 섹션을 방문하는 것이 좋습니다. 여기에서 주문 상태 및 예상 배송일에 관한 최신 정보를 확인할 수 있습니다. 추가 지원이 필요하거나 다른 문의사항이 있으면 언제든지 알려주시기 바랍니다. 저는 모든 단계에서 고객님을 돕기 위해 여기 있습니다!
B,주문 [주문/송장번호]를 추적하려면 어떻게 해야 하는지 모르겠습니다.,주문,주문 배송 조회,"연락해주셔서 감사합니다! 주문 번호 [주문/송장번호]로 주문을 추적하는 단계에 대해 확신이 없으신 것으로 알고 있습니다. 주문을 추적하려면 다음과 같은 간단한 지침을 따라 주세요. 1. 당사 웹사이트를 방문하여 고객님의 계정에 로그인하십시오. 2. ""주문 내역"" 또는 ""내 주문 추적"" 섹션으로 이동합니다. 3. 주문 번호 [주문/송장번호]를 입력하고 ""추적"" 버튼을 클릭하세요. 4. 주문 상태 및 위치에 대한 실시간 업데이트를 제공받게 됩니다. 어려운 점이나 다른 궁금한 점이 있으면 언제든지 문의해 주세요. 저는 이 과정 전반에 걸쳐 고객님을 돕기 위해 여기 있습니다."
BLQ,주문 [주문/송장번호] 현재 상태를 확인하는 데 도움이 필요합니다,주문,주문 배송 조회,문의해 주셔서 감사합니다! [주문/송장번호] 번호 주문의 현재 상태를 확인하는 데 도움을 드리고자 왔습니다. 정확한 정보를 제공하기 위해 당사 웹사이트에서 구매했는지 아니면 다른 플랫폼을 통해 구매했는지 확인해 주시겠습니까? 이 정보를 받으면 주문 상태를 확인하는 과정을 안내하고 최신 세부정보를 제공해 드릴 수 있습니다.
BL,구매 상태 확인 지원 [주문/송장번호],주문,주문 배송 조회,언제나 연결이 좋아요! 구매 번호 [주문/송장번호] [주문/송장번호]의 상태를 확인하는 데 도움이 필요하다는 사실을 확인했습니다. 가장 정확한 정보를 제공하기 위해 구매와 관련된 이메일 주소나 전화번호를 확인해 주시겠습니까? 필요한 사항을 기재해 주시면 신속히 조사하여 현황을 안내해 드리겠습니다.
BCIL,구매 [주문/송장번호] 상태를 확인해야 하는데 어떻게 해야 하나요?,주문,주문 배송 조회,문의해 주셔서 감사합니다! [주문/송장번호] 번호로 구매 상태를 확인하고 싶다는 점을 충분히 이해합니다. 그렇게 하려면 당사 웹사이트의 '[기타정보]' 섹션을 방문하세요. 이를 통해 구매 상태에 관한 최신 정보를 제공받을 수 있습니다. 다른 질문이 있거나 추가 도움이 필요하시면 언제든지 알려주세요. 저는 도와주러 왔습니다!
BLQW,빌어먹을 구매 예정 시간을 확인하는 데 도움이 필요해요 [주문/송장번호],주문,주문 배송 조회,"문의해 주셔서 감사합니다! 구매 번호 [주문/송장번호]로 구매하신 상품의 예상 도착 시간(ETA)을 확인하실 수 있도록 도와드리겠습니다. 불편을 끼쳐드린 점 사과드리며, 이 문제를 해결하도록 최선을 다해 도와드리겠습니다. 구매 ETA에 대한 정확한 정보를 제공하기 위해 구매 번호를 알려주시겠습니까? 정보를 얻으면 세부정보를 빠르게 찾아 예상 도착 시간을 알려드릴 수 있습니다."
BL,구매 추적에 도움이 필요합니다. [주문/송장번호],주문,주문 배송 조회,우리가 도와드리겠습니다! 구매 번호 [주문/송장번호]로 구매를 추적하는 데 도움이 필요하다는 점을 알려드립니다. 저희 팀이 고객님을 돕기 위해 왔습니다. 구매 상태를 추적하려면 당사 웹사이트를 방문하여 '[기타정보]' 또는 '[기타정보]' 섹션으로 이동하세요. 세부정보를 보려면 계정에 로그인해야 할 수도 있습니다. 어려움이 있거나 추가 질문이 있으면 언제든지 문의하세요. 저희는 고객님께 원활하고 원활한 쇼핑 경험을 보장하기 위해 최선을 다하고 있습니다.
B,주문 예상 도착 시간 확인 도움말 [주문/송장번호],주문,주문 배송 조회,연락해주셔서 감사합니다! 주문 번호 [주문/송장번호]의 주문에 대한 예상 도착 시간(ETA)을 확인하는 데 도움이 필요하다는 점을 이해합니다. ETA에 관한 정확한 정보를 제공하기 위해 당사 고객 지원팀에 문의해 주시기 바랍니다. [운영시간/기간]([고객센터전화번호]) 또는 당사 웹사이트([웹사이트/메뉴])의 라이브 채팅을 통해 사용할 수 있습니다. 당사의 전담 지원팀이 고객님의 주문과 관련된 모든 문의사항에 대해 기꺼이 도움을 드릴 것입니다. 다른 질문이나 문의 사항이 있으면 언제든지 문의해 주세요. 우리가 도와드리겠습니다!
BLQ,구매를 추적하려면 어떻게 해야 할지 모르겠습니다. [주문/송장번호],주문,주문 배송 조회,"주문 번호 [주문/송장번호]로 구매를 추적하는 데 도움을 주셔서 감사합니다. 구매를 추적하려면 당사 웹사이트를 방문하여 ""주문 추적"" 섹션으로 이동하세요. 여기에서 주문 번호를 입력하라는 메시지가 표시되고 시스템에 현재 구매 상태가 표시됩니다. 문제가 발생하거나 추가 문의사항이 있으면 언제든지 알려주시기 바랍니다. 저는 고객님을 안내하고 원활한 추적 절차를 보장하기 위해 왔습니다."
BCIL,[주문/송장번호] 구매를 추적해야 하는데 어떻게 해야 합니까?,주문,주문 배송 조회,무슨 말인지 알겠습니다! 구매 번호 [주문/송장번호]로 구매를 추적하려는 동일한 페이지에 있습니다. 구매를 추적하려면 당사 웹사이트를 방문하여 '[기타정보]' 또는 '[기타정보]' 섹션으로 이동하세요. 또는 [고객센터전화번호]로 고객 지원팀에 문의하거나 당사 웹사이트 [웹사이트/메뉴]의 라이브 채팅을 통해 문의하실 수 있습니다. 그들은 고객님의 구매를 추적하는 데 기꺼이 도움을 주며 최신 정보를 제공할 것입니다. 다른 질문이 있거나 추가 도움이 필요하시면 언제든지 알려주세요.
BLQ,구매 예정 시간 확인에 도움이 필요합니다 [주문/송장번호],주문,주문 배송 조회,"저희는 모두 귀를 기울입니다! 구매 번호 [주문/송장번호]의 예상 도착 시간(ETA)을 확인하는 데 도움이 필요하다는 생각이 들었습니다. 해당 정보에 대한 접근이 지연되어 불편을 끼쳐드린 점 사과드립니다. 추가 도움을 드릴 수 있도록 고객님의 이름, 이메일 주소 또는 구매와 관련된 기타 식별 정보를 제공해 주시겠습니까? 이를 통해 당사 시스템에서 구매 항목을 찾을 수 있으며 ETA에 관한 가장 정확하고 최신 정보를 제공할 수 있습니다."
BLQ,[주문/송장번호] 주문의 예상 시간을 확인해야 합니다,주문,주문 배송 조회,저희는 모두 귀를 기울입니다! 주문 번호 [주문/송장번호]로 주문에 대한 예상 도착 시간(ETA)을 확인해야 한다는 생각에 귀를 기울이고 있습니다. 주문 ETA를 확인하려면 당사 웹사이트의 '[웹사이트/메뉴]' 섹션을 방문하세요. 어려움이 있거나 추가 문의사항이 있으면 언제든지 알려주시기 바랍니다. 저는 모든 단계에서 고객님을 돕기 위해 여기 있습니다.
BCILQ,[주문/송장번호] 주문 시간을 보고 싶어요 어떻게 해야 하나요?,주문,주문 배송 조회,저희는 모두 귀를 기울입니다! 번호 [주문/송장번호]로 주문한 항목의 예상 도착 시간(ETA)을 확인하고 싶다는 생각이 들었습니다. ETA를 보려면 당사 웹사이트의 '[기타정보]' 섹션을 방문하세요. 추가 도움이 필요하거나 다른 질문이 있는 경우 언제든지 문의해 주세요. 저는 모든 단계에서 고객님을 돕기 위해 여기 있습니다!
BILQZ,혹시 [주문/송장번호] 구매 예상 시간을 확인하나요?,주문,주문 배송 조회,문의해 주셔서 감사합니다! 구매 번호 [주문/송장번호]로 구매하신 제품의 예상 도착 시간(ETA)을 확인하는 데 도움을 드리고자 합니다. ETA를 보려면 당사 웹사이트의 '[기타정보]' 섹션을 방문하세요. 다른 질문이 있거나 추가 안내가 필요한 경우 언제든지 알려주시기 바랍니다. 저는 고객님이 원활한 경험을 할 수 있도록 돕기 위해 왔습니다!
BKLZ,주문 370795561790현황,주문,주문 배송 조회,"고객님의 메시지에 감사드립니다! 고객님는 [주문/송장번호] 번호의 주문에 대한 현재 상태를 알고 싶어합니다. 주문에 대한 최신 업데이트를 확인하려면 당사 웹사이트의 ""[기타정보]"" 섹션을 방문하는 것이 좋습니다. 이 섹션에서는 주문 진행 상황과 예상 배송 시간에 대한 실시간 정보를 제공합니다. 다른 질문이 있거나 추가 지원이 필요한 경우 언제든지 문의해 주세요. 저는 도와주러 왔습니다!"
BCIQ,[주문/송장번호] 주문 에타를 확인하고 싶습니다. 방법,주문,주문 배송 조회,저희는 고객님을 위해 여기 있습니다! 주문 번호 [주문/송장번호]의 예상 도착 시간(ETA)을 확인하고 싶다는 점을 알고 있습니다. 그렇게 하려면 당사 웹사이트를 방문하여 '[웹사이트/메뉴]' 섹션으로 이동하세요. 이 섹션에서는 ETA를 포함한 주문 세부정보를 확인할 수 있습니다. 문제가 발생하거나 추가 문의사항이 있으면 언제든지 알려주시기 바랍니다. 저는 고객님이 이 과정 전반에 걸쳐 원활한 경험을 할 수 있도록 돕기 위해 왔습니다.
BLZ,구매 관련 도움을 받고 싶습니다. [주문/송장번호],주문,주문 배송 조회,연락해주셔서 감사합니다! 구매 번호 [주문/송장번호]로 구매한 제품을 찾는 데 도움이 필요하신 것 같습니다. 기꺼이 도와드리겠습니다. 현재 구매 상태를 확인하려면 당사 웹사이트의 '[웹사이트/메뉴]' 섹션을 방문하세요. 문제가 발생하거나 추가 질문이 있는 경우 언제든지 알려주시기 바랍니다. 저는 고객님의 경험이 원활하고 필요한 정보를 받을 수 있도록 여기 있습니다.
BILQ,구매 상태를 어떻게 확인하나요 [주문/송장번호],주문,주문 배송 조회,"연락해주셔서 감사합니다! 주문 번호 [주문/송장번호]의 구매 상태를 확인하는 데 도움이 필요하신 것 같습니다. 이에 대한 도움을 받으려면 당사 웹사이트의 ""[기타정보]"" 섹션을 방문하는 것이 좋습니다. 여기에서 구매 상태에 관한 최신 업데이트를 확인할 수 있습니다. 추가 질문이 있거나 추가 안내가 필요한 경우, 주저하지 말고 문의해 주세요. 저는 고객님이 원활하고 정보에 입각한 경험을 할 수 있도록 돕기 위해 왔습니다!"
BKL,주문 [주문/송장번호]의 현재 상태 확인,주문,주문 배송 조회,문의해 주셔서 감사합니다! 주문 번호 [주문/송장번호]로 주문의 현재 상태를 확인하고 싶다는 점을 충분히 이해합니다. 이에 대한 도움을 받으려면 당사 웹사이트의 '[기타정보]' 섹션을 방문하는 것이 좋습니다. 여기에서 주문 진행 상황에 대한 실시간 업데이트를 확인할 수 있습니다. 추가 질문이 있거나 추가 지원이 필요한 경우 언제든지 문의해 주세요. 저는 고객님이 원활하고 정보에 입각한 경험을 할 수 있도록 돕기 위해 왔습니다!
BILQ,구매 [주문/송장번호] 현재 상태를 볼 수 있나요?,주문,주문 배송 조회,고객님의 의견은 소중합니다! 구매번호 [주문/송장번호]로 구매현황을 확인하고 싶다는 연락을 받았습니다. 이에 대한 도움을 받으려면 당사 웹사이트의 '[기타정보]' 섹션을 방문하세요. 여기에서 구매에 대한 업데이트된 상태 정보를 확인할 수 있습니다. 추가 질문이 있거나 추가 지침이 필요하면 언제든지 알려주시기 바랍니다. 저는 고객님께 원활한 경험을 보장하기 위해 왔습니다!
BLQZ,현재 주문 [주문/송장번호]를 확인해야 합니다.,주문,주문 배송 조회,"문의해 주셔서 감사합니다! 주문 번호 [주문/송장번호]로 주문의 현재 상태를 확인하고 싶다는 점을 충분히 이해합니다. 이에 대한 도움을 받으려면 당사 웹사이트의 ""주문 상태"" 또는 ""주문 추적"" 섹션을 방문하는 것이 좋습니다. 여기에서 주문 번호를 입력하고 주문 상태에 대한 실시간 업데이트를 볼 수 있습니다. 어려운 점이 있거나 다른 문의사항이 있으면 언제든지 알려주시기 바랍니다. 저는 모든 단계에서 고객님을 돕기 위해 여기 있습니다!"
BILQZ,주문 [주문/송장번호] 현재 상태를 확인하려고 했습니다.,주문,주문 배송 조회,문의해 주셔서 감사합니다! [주문/송장번호] 번호 주문의 현재 상태를 확인하는 데 도움을 드리고자 왔습니다. 그렇게 하려면 당사 웹사이트의 '[기타정보]' 섹션을 방문하세요. 주문 진행 상황에 대한 실시간 업데이트를 제공합니다. 다른 질문이 있거나 추가 도움이 필요하시면 언제든지 알려주세요. 저는 고객님이 원활하고 만족스러운 경험을 할 수 있도록 여기 있습니다!
BLQ,내 마지막 소포 도착 시간을 확인해 줘,주문,주문 배송 조회,연락해주셔서 감사합니다! 마지막 소포의 예상 도착 시간(ETA)을 확인하는 데 도움이 필요하신 것으로 알고 있습니다. 정확한 정보를 제공하기 위해 배송 추적 번호나 소포의 기타 관련 세부 정보를 알려주시겠어요? 이 정보를 통해 고객님의 상태와 도착 예정 시간을 신속하게 확인할 수 있습니다.
BCL,주문 [주문/송장번호] 상태를 확인해야 합니다. 도움이 필요합니다.,주문,주문 배송 조회,우리를 믿어주셔서 감사합니다! 주문 번호 [주문/송장번호]의 주문 상태를 확인하는 데 도움이 필요하다는 점을 잘 알고 있습니다. 현재 상황을 보시려면 당사 웹사이트의 '[웹사이트/메뉴]' 섹션을 방문해 보시기 바랍니다. 예상 배송 날짜를 포함하여 주문에 대한 모든 세부정보를 여기에서 확인할 수 있습니다. 추가 질문이 있거나 추가 지원이 필요한 경우 언제든지 문의해 주세요. 저는 모든 단계에서 고객님을 돕기 위해 여기 있습니다!
BIL,[주문/송장번호] 주문의 현재 상태를 볼 수 있도록 도와주실 수 있나요?,주문,주문 배송 조회,문의해 주셔서 감사합니다! 주문 번호 [주문/송장번호]의 현재 주문 상태를 확인하는 데 도움을 드리고자 왔습니다. 정확한 정보를 드리기 위해 잠시 시간을 내어 내용을 확인해 주시길 부탁드려도 될까요?
BL,현재 구매 상태를 확인할 수 있도록 도와주세요 [주문/송장번호],주문,주문 배송 조회,"문의해 주셔서 감사합니다! 주문 번호 [주문/송장번호]의 구매 상태를 확인하는 데 도움을 드리고자 왔습니다. 상태를 추적하려면 당사 웹사이트를 방문하여 ""주문 내역"" 섹션으로 이동하십시오. 여기에서 주문 번호를 입력하거나 계정에 로그인하여 구매 세부정보를 볼 수 있습니다. 어려움이 있거나 추가 문의사항이 있으면 언제든지 알려주시기 바랍니다. 저는 고객님이 절차 전반에 걸쳐 원활한 경험을 할 수 있도록 최선을 다하고 있습니다. 다른 도움을 드릴까요?"
BIL,주문 [주문/송장번호] 상태를 어디서 볼 수 있나요?,주문,주문 배송 조회,연락해주셔서 감사합니다! 주문 번호 [주문/송장번호]로 주문 상태를 확인하는 방법에 대한 정보를 찾고 계신 것으로 확인됩니다. 현재 주문 상태를 보려면 당사 웹사이트의 '주문 상태' 섹션을 방문하십시오. 고객님의 계정에 로그인한 후 '주문 내역' 페이지로 이동하여 액세스하실 수 있습니다. 추가 도움이 필요하거나 다른 질문이 있으면 언제든지 문의해 주세요. 저는 고객님의 경험을 가능한 한 원활하게 할 수 있도록 돕기 위해 왔습니다!
BELQ,[주문/송장번호] 주문의 를 보려면 어떻게 해야 할지 모르겠습니다.,주문,주문 배송 조회,고객님의 의견을 듣고 기뻐요! 주문 번호 [주문/송장번호]로 주문한 항목의 예상 도착 시간(ETA)을 확인하는 방법에 대해 확신이 없으신 점을 진심으로 이해합니다. ETA를 보려면 당사 웹사이트나 모바일 앱의 '[웹사이트/메뉴]' 섹션을 방문하세요. 더 자세한 지침이 필요하거나 어려움이 있는 경우 언제든지 알려주시기 바랍니다. 저는 고객님께 모든 단계를 안내하기 위해 여기 있습니다!
BCILQ,[주문/송장번호] 주문의 도착 예정 시간을 확인해야 합니다. 도와주실 수 있나요?,주문,주문 배송 조회,문의해주셔서 감사합니다! 주문 번호 [주문/송장번호] 주문의 예상 도착 시간(ETA)을 확인하는 데 도움이 필요하다는 점을 이해합니다. 정확한 정보를 제공하기 위해 고객님의 이름이나 주문과 관련된 기타 세부정보를 알려주시겠습니까? 이렇게 하면 당사 시스템에서 주문을 찾고 최신 ETA를 제공하는 데 도움이 됩니다.
BLQZ,[주문/송장번호] 상태를 확인하는 데 도움이 필요합니다.,주문,주문 배송 조회,고객님의 의견을 들으니 반갑습니다! 구매 번호 [주문/송장번호]로 구매 상태를 확인하는 데 도움이 필요하신 것으로 확인됩니다. 이에 대한 도움을 받으려면 당사 웹사이트의 '[기타정보]' 섹션을 방문하세요. 여기에서 가능한 경우 예상 도착 시간(ETA)을 포함하여 구매 상태에 대한 자세한 정보를 확인할 수 있습니다. 다른 질문이 있거나 추가 안내가 필요한 경우 언제든지 알려주시기 바랍니다. 저는 고객님이 원활하고 만족스러운 경험을 할 수 있도록 최선을 다해 왔습니다.
BILQZ,여기에서 구매 [주문/송장번호] 현재 상태를 확인하세요.,주문,주문 배송 조회,"문의해 주셔서 감사합니다! 구매 번호 [주문/송장번호]의 구매 상태를 확인하는 데 도움을 드리고자 왔습니다. 상태를 보려면 당사 웹사이트의 ""[기타정보]"" 섹션을 방문하십시오. 다른 질문이 있거나 추가 안내가 필요한 경우 언제든지 알려주시기 바랍니다. 원활한 경험을 보장하기 위해 최선을 다하고 있습니다!"
BIL,[주문/송장번호] 구매 현재 상태를 확인하는 방법은 무엇입니까?,주문,주문 배송 조회,고객님의 메시지는 많은 의미가 있습니다! 구매번호 [주문/송장번호]로 구매현황을 확인하는 방법을 알고 싶다는 생각에 공감합니다. 구매 상태를 확인하려면 당사 웹사이트의 '[웹사이트/메뉴]' 섹션을 방문하여 해당 구매 번호를 찾으세요. 예상 도착 시간(ETA)을 포함하여 현재 구매 상태에 대한 자세한 정보를 확인할 수 있습니다. 추가 지원이 필요하거나 다른 문의사항이 있으면 언제든지 알려주시기 바랍니다. 저는 도와주러 왔습니다!
BCLQZ,주문 732201349959의 예상 도착 시간을 확인해야 합니다. 도움이 필요해요,주문,주문 배송 조회,"연락해주셔서 감사합니다! 주문 번호 [주문/송장번호] [주문/송장번호]의 예상 도착 시간(ETA)을 확인하고 싶다는 점을 잘 알고 있습니다. 최신 ETA 정보를 얻으려면 당사 웹사이트의 ""[기타정보]"" 섹션을 방문하는 것이 좋습니다. 여기서 ETA를 포함하여 주문과 관련된 모든 세부 정보를 확인할 수 있습니다. 다른 질문이 있거나 추가 지원이 필요한 경우 언제든지 문의해 주세요. 저는 도와주러 왔습니다!"
BL,[주문/송장번호] 주문의 현재 상태를 확인해야 합니다.,주문,주문 배송 조회,언제나 연결이 좋아요! [주문/송장번호] [주문/송장번호] 주문의 현재 상태를 확인하고 싶다는 사실을 잘 알고 있습니다. 이에 대한 도움을 받으려면 당사 웹사이트의 '[기타정보]' 섹션을 방문하세요. 여기에서 주문에 대한 최신 정보를 확인할 수 있습니다. 다른 질문이 있거나 추가 지원이 필요한 경우 언제든지 문의해 주세요.
BILQ,구매 [주문/송장번호]의 를 확인하는 데 도움을 주실 수 있나요?,주문,주문 배송 조회,문의해 주셔서 감사합니다! 구매 번호 [주문/송장번호]로 구매하신 제품의 예상 도착 시간(ETA)을 확인하는 데 도움을 드리고자 합니다. 가장 정확한 정보를 제공하기 위해 주문 번호나 구매와 관련된 기타 세부 정보를 알려주시겠습니까? 필요한 정보가 확보되면 도착 예정 시간을 추적해 드릴 수 있습니다. 다른 질문이 있거나 다른 우려 사항이 있으면 언제든지 공유해 주세요. 제 목표는 절차 전반에 걸쳐 원활하고 만족스러운 경험을 제공하는 것입니다.
BL,구매 추적 지원 [주문/송장번호],주문,주문 배송 조회,"고객님의 의견을 듣고 기뻐요! [주문/송장번호] 번호로 구매를 추적하는 데 도움이 필요하다는 점을 진심으로 이해합니다. 이 문제에 도움을 드리기 위해 고객님의 이름과 구매와 관련된 이메일 주소를 알려주시겠습니까? 이 정보를 통해 고객님의 구매 상태를 확인하고 필요한 업데이트를 제공할 수 있습니다. 고객님의 개인정보는 우리에게 중요하며, 공유된 모든 정보는 최대한의 기밀로 처리됩니다."
BILQ,주문 [주문/송장번호] 현재 상태는 무엇입니까,주문,주문 배송 조회,문의해 주셔서 감사합니다! 주문 번호 [주문/송장번호]의 현재 상태를 확인하는 데 도움을 드리고자 왔습니다. 정확한 정보를 제공하기 위해 주문과 관련된 이름이나 이메일 주소와 같은 추가 세부정보를 제공해 주시겠습니까? 이렇게 하면 특정 주문을 찾고 최신 상태를 제공하는 데 도움이 됩니다. 이 정보를 공유하는 것이 불편하시더라도 걱정하지 마세요. 주문 번호만 보고 최선을 다해 도와드리겠습니다.
BKL,구매 [주문/송장번호] 현재 상태를 보여줍니다,주문,주문 배송 조회,문의해주셔서 감사합니다! [주문/송장번호] 구매 현황을 확인하는 데 도움을 드리고자 왔습니다. 구매 상태를 보려면 당사 웹사이트의 '[기타정보]' 섹션을 방문하세요. 다른 질문이 있거나 추가 도움이 필요하면 언제든지 문의하세요. 저희는 고객님께 원활한 경험을 제공하기 위해 최선을 다하고 있습니다!
BL,구매 추적을 시도합니다 [주문/송장번호],주문,주문 배송 조회,고객님의 의견을 들으니 반갑습니다! 주문 번호 [주문/송장번호] [주문/송장번호]로 구매를 추적하려고 하시는 것으로 확인됩니다. 현재 주문 상태를 확인하려면 당사 웹사이트를 방문하여 '[기타정보]' 섹션으로 이동하는 것이 좋습니다. 여기서 고객님는 고객님의 구매에 관한 최신 정보를 볼 수 있습니다. 추가 문의사항이 있거나 추가 도움이 필요하시면 언제든지 알려주세요. 저의 최우선 과제는 원활한 경험을 보장하는 것입니다!
BL,주문 [주문/송장번호] 상태를 보려고 합니다.,주문,주문 배송 조회,저희는 모두 귀를 기울입니다! 주문 번호 [주문/송장번호]로 주문 상태를 확인하려고 하시는 것 같네요. 이에 대한 도움을 받으려면 당사 웹사이트를 방문하여 '[웹사이트/메뉴]' 섹션으로 이동하는 것이 좋습니다. 여기에서 주문 상태에 관한 모든 정보를 확인할 수 있습니다. 어려움이 있거나 추가 문의사항이 있으면 언제든지 알려주시기 바랍니다. 저는 모든 단계에서 고객님을 돕기 위해 여기 있습니다.
BLNQ,[주문/송장번호] 주문의 예상 도착 시간을 볼 수 없습니다.,주문,주문 배송 조회,연락해주셔서 감사합니다! [주문/송장번호] 주문의 예상 도착 시간(ETA)을 확인하는 데 문제가 있는 것 같습니다. 불편을 끼쳐드려 죄송합니다. 이 문제를 해결하는 데 도움이 되도록 고객님의 계정 정보나 주문과 관련된 이메일 주소를 제공해 주시겠습니까? 이를 통해 주문 세부정보를 찾고 정확한 ETA를 제공할 수 있습니다. 고객님의 개인 정보 보호는 우리에게 중요하며 고객님이 제공하는 모든 정보는 엄격한 기밀로 처리될 것임을 확신합니다. 필요한 정보가 확보되면 즉시 문제를 조사하고 필요한 ETA를 제공하겠습니다.
BLN,주문 [주문/송장번호]를 찾을 수 없습니다.,주문,주문 배송 조회,최선을 다하겠습니다! 주문 번호 [주문/송장번호]를 찾는 데 문제가 있어 죄송합니다. 최선을 다해 도와드리겠습니다. 추가 지원을 위해 주문과 관련된 고객님의 이름이나 이메일 주소와 같은 추가 정보를 제공해 주시겠습니까? 이렇게 하면 제가 우리 시스템을 조사하고 필요한 세부정보를 제공할 수 있습니다. 협조해 주셔서 감사합니다!
BL,구매 [주문/송장번호] 상태를 확인하는 데 도움,주문,주문 배송 조회,"저희는 듣고 있어요! 주문 번호 [주문/송장번호] [주문/송장번호]로 구매 상태를 확인하는 데 도움이 필요하다는 사실을 알고 있습니다. 현재 상황을 보시려면 당사 웹사이트의 '[웹사이트/메뉴]' 섹션을 방문하시는 것이 좋습니다. 여기에서 예상 배송 날짜, 추적 정보, 상태 관련 업데이트 등 구매에 대한 자세한 정보를 확인할 수 있습니다. 다른 질문이 있거나 추가 도움이 필요하시면 언제든지 알려주세요. 제 목표는 고객님이 원활한 정보에 입각한 쇼핑 경험을 누릴 수 있도록 하는 것입니다."
BCLQW,주문 [주문/송장번호] 보고 싶어 젠장 현재 상태 도와줘,주문,주문 배송 조회,문의해 주셔서 감사합니다! 주문 번호 [주문/송장번호]로 주문의 현재 상태를 확인하고 싶다는 점을 충분히 이해합니다. 이에 대한 도움을 받으려면 당사 웹사이트의 '[기타정보]' 섹션을 방문하는 것이 좋습니다. 여기에서 주문 상태에 대한 자세한 정보를 확인할 수 있습니다. 다른 질문이 있거나 추가 도움이 필요하시면 언제든지 알려주세요. 저는 모든 단계에서 고객님을 돕기 위해 여기 있습니다!
BLQZ,구매 시점을 확인하는 데 도움이 필요합니다 [주문/송장번호],주문,주문 배송 조회,물론이죠! 구매 번호 [주문/송장번호]로 구매한 제품의 예상 도착 시간(ETA)을 확인할 수 있도록 도와드리겠습니다. 필요한 세부정보를 수집하는 데 잠시 시간을 주세요. 양해해 주셔서 감사합니다!
BIL,[주문/송장번호] 주문의 를 확인하는 데 도움을 주실 수 있나요?,주문,주문 배송 조회,기꺼이 도와드리겠습니다! 주문 번호 [주문/송장번호]의 주문에 대한 예상 도착 시간(ETA)을 찾는 데 도움을 드리고자 왔습니다. 가장 정확한 정보를 제공하기 위해 주문과 관련된 고객님의 이름이나 이메일 주소와 같은 몇 가지 추가 세부정보를 제공해 주시겠습니까? 이렇게 하면 주문을 찾고 ETA를 즉시 제공하는 데 도움이 됩니다. 협조해 주셔서 감사합니다!
BK,주문상태,주문,주문 배송 조회,무슨 말인지 알겠습니다! 저는 고객님이 주문 상태를 알고 싶어하는 것과 같은 페이지에 있습니다. 추가 지원을 위해 주문 번호를 알려주시겠습니까? 주문번호를 알려주시면 상태를 확인하고 관련 정보를 제공해드릴 수 있습니다.
BELNQ,[주문/송장번호] 주문의 에타를 볼 수 없습니다,주문,주문 배송 조회,"주문 번호 [주문/송장번호]의 예상 도착 시간(ETA)을 확인하는 데 불편을 드려 죄송합니다. 제가 도와드리겠습니다. ETA를 확인하려면 당사 웹사이트에서 고객님의 계정에 로그인한 후 ""[웹사이트/메뉴]"" 섹션으로 이동하세요. 여기에서 ETA를 포함한 주문 세부정보를 확인할 수 있습니다. 여전히 정보를 찾을 수 없는 경우 고객 지원팀([고객센터전화번호])에 문의하거나 당사 웹사이트([기타정보])의 라이브 채팅을 통해 문의하시기 바랍니다. 그들은 고객님께 필요한 지원을 제공하고 절차를 안내할 수 있습니다. 추가로 도움이 필요하시면 알려주시기 바랍니다."
BLQW,빌어먹을 구매 예정 시간을 확인해야 해 [주문/송장번호],주문,주문 배송 조회,"고객님의 의견을 들으니 반갑습니다! 구매 번호 [주문/송장번호]로 구매하신 상품의 예상 도착 시간(ETA)을 확인하는 데 도움이 필요하신 것으로 확인됩니다. 가장 정확하고 최신 정보를 제공하기 위해 비속어를 사용하지 않고 구매 번호를 공유해 주시기를 부탁드리며, 주문 이름이나 구매와 관련된 이메일 등 기타 세부 정보를 제공해 주셔도 됩니다. 필요한 정보가 확보되면 ETA를 취득하는 데 추가 도움을 드릴 수 있습니다."
BIL,구매 [주문/송장번호] 상태를 확인하는 방법은 무엇입니까?,주문,주문 배송 조회,"문의해 주셔서 감사합니다! [주문/송장번호] 구매 현황 확인에 도움을 드리고자 왔습니다. 그렇게 하려면 당사 웹사이트를 방문하여 고객님의 계정에 로그인하십시오. 로그인한 후 ""[웹사이트/메뉴]"" 섹션으로 이동합니다. 이 섹션에서는 업데이트나 추적 정보를 포함하여 구매 상태를 볼 수 있습니다. 추가 질문이 있거나 추가 지원이 필요한 경우, 주저하지 말고 문의해 주세요. 제 목표는 고객님이 구매를 원활하게 추적할 수 있도록 하는 것입니다!"
BQ,주문 상태를 확인하려고 합니다 [주문/송장번호],주문,주문 배송 조회,연락해주셔서 감사합니다! 주문 번호 [주문/송장번호]로 주문 상태를 확인하려고 하시는 것 같습니다. 신속한 도움을 받으려면 당사 웹사이트의 '[기타정보]' 섹션을 방문하는 것이 좋습니다. 여기에서 주문 상태에 대한 실시간 업데이트를 확인할 수 있습니다. 추가 질문이 있거나 추가 지원이 필요한 경우 언제든지 알려주시기 바랍니다. 저는 고객님이 절차 전반에 걸쳐 원활한 경험을 할 수 있도록 돕기 위해 왔습니다.
BI,[주문/송장번호] 주문은 어디에 있나요?,주문,주문 배송 조회,저는 고객님을 듣고! 고객님께서 주문 번호 [주문/송장번호]로 주문한 위치를 찾고 계시다는 소식을 전해 드립니다. 이에 대한 도움을 받으려면 당사 웹사이트의 '[주문/송장번호]' 섹션으로 이동하세요. 여기에서 주문의 현재 상태와 위치를 볼 수 있습니다. 추가 문의사항이 있거나 추가 도움이 필요하시면 언제든지 알려주세요. 저는 도와주러 왔습니다!
BIQZ,[주문/송장번호] 주문의 에타를 확인할 수 있는 곳,주문,주문 배송 조회,연락해주셔서 기뻐요! 주문 번호 [주문/송장번호]로 주문한 항목의 예상 도착 시간(ETA)을 어디에서 확인하고 싶어 하는지 잘 알고 있습니다. 주문의 ETA를 보려면 당사 웹사이트의 '[웹사이트/메뉴]' 섹션을 방문하십시오. 추가 질문이 있거나 추가 지원이 필요한 경우 언제든지 문의해 주세요. 저는 고객님이 원활한 경험을 할 수 있도록 돕기 위해 왔습니다!
BILZ,[주문/송장번호] 구매의 를 볼 수 있나요?,주문,주문 배송 조회,무슨 말인지 알겠습니다! 주문 번호 [주문/송장번호] [주문/송장번호]로 구매한 제품의 예상 도착 시간(ETA)을 확인할 수 있는지 알고 싶은 것과 동일한 페이지에 있습니다. 물론입니다! 구매 ETA를 확인하려면 당사 웹사이트의 '[웹사이트/메뉴]' 섹션을 방문하세요. 여기에서 ETA를 포함하여 주문에 대한 모든 관련 세부정보를 확인할 수 있습니다. 추가 문의사항이 있거나 다른 도움이 필요한 경우 언제든지 알려주시기 바랍니다. 저는 도와주러 왔습니다!
BIL,[주문/송장번호] 주문의 현재 상태를 어떻게 확인하나요?,주문,주문 배송 조회,"안녕하세요! 문의해 주셔서 감사합니다. 주문 번호 [주문/송장번호]의 현재 주문 상태를 확인하고 싶다는 점을 확인했습니다. 그렇게 하려면 당사 웹사이트를 방문하여 ""주문 추적"" 또는 ""주문 상태"" 섹션으로 이동하십시오. 또는 고객님의 계정에 로그인하여 ""내 주문"" 또는 ""주문 내역"" 페이지로 이동하여 주문 진행 상황에 대한 관련 정보를 찾을 수 있습니다. 추가 지원이 필요하거나 문제가 발생하면 알려주시기 바랍니다. 저는 모든 단계에서 고객님을 돕기 위해 여기 있습니다!"
BQ,주문 상태를 확인해야 합니다 [주문/송장번호],주문,주문 배송 조회,연락해주셔서 기뻐요! 주문 번호 [주문/송장번호]로 주문 상태를 확인해야 한다는 점을 분명히 알고 있습니다. 이에 대한 도움을 받으려면 당사 웹사이트를 방문하여 '[웹사이트/메뉴]' 섹션으로 이동하세요. 여기에서 주문의 현재 상태를 확인할 수 있습니다. 다른 질문이 있거나 추가 도움이 필요하시면 언제든지 알려주세요. 저는 도와주러 왔습니다!
BLQ,구매 를 확인하려면 도움이 필요합니다. [주문/송장번호],주문,주문 배송 조회,문의해 주셔서 감사합니다! 구매 번호 [주문/송장번호]로 구매하신 제품의 예상 도착 시간(ETA)을 확인하실 수 있도록 도와드리겠습니다. ETA를 보려면 당사 웹사이트의 '[주문/송장번호]' 섹션을 방문하세요. 예상 배송 날짜를 포함하여 구매에 대한 자세한 정보를 확인할 수 있습니다. 다른 질문이 있거나 추가 도움이 필요하시면 언제든지 알려주세요. 고객님이 원활한 경험을 하고 제 시간에 구매를 받을 수 있도록 하는 것이 저의 최우선 과제입니다.
BEL,[주문/송장번호] 구매현황을 어떻게 보는지 모르겠어요,주문,주문 배송 조회,우리가 도와드리겠습니다! 주문 번호 [주문/송장번호]로 구매 상태를 확인하는 방법을 잘 모르시는 점 참고해 드립니다. 걱정하지 마세요. 제가 도와드리겠습니다. 구매 상태를 보려면 당사 웹사이트의 '[웹사이트/메뉴]' 섹션으로 이동하세요. 여기에서 현재 상태를 포함하여 주문과 관련된 모든 정보를 확인할 수 있습니다. 추가 질문이 있거나 다른 도움이 필요하시면 언제든지 문의해 주세요. 원활한 경험을 보장하기 위해 최선을 다하고 있습니다!
BKL,구매 상태 보기 [주문/송장번호],주문,주문 배송 조회,문의해주셔서 감사합니다! 구매 번호 [주문/송장번호]로 구매 상태를 확인하고 싶다는 점을 확인했습니다. 정확한 정보를 제공하기 위해 구매와 관련된 이름이나 이메일 주소와 같은 추가 세부정보를 제공해 주시겠습니까? 이 정보를 받으면 고객님의 구매 상태를 즉시 추적하는 데 도움을 드릴 수 있습니다.
BILQ,구매 예정 시간은 어떻게 확인하나요 [주문/송장번호],주문,주문 배송 조회,고객님의 메시지에 감사드립니다! 구매 번호 [주문/송장번호]로 구매한 제품의 예상 도착 시간(ETA)을 확인하고 싶으신 것 같습니다. 이에 대한 도움을 받으려면 당사 웹사이트의 '[기타정보]' 섹션을 방문하세요. 여기에서 구매 ETA에 관한 최신 정보를 확인할 수 있습니다. 문제가 발생하거나 추가 질문이 있는 경우 언제든지 알려주시기 바랍니다. 제 목표는 고객님이 원활하고 만족스러운 경험을 할 수 있도록 하는 것입니다!
BCLQZ,주문 상태를 보고 싶어요 [주문/송장번호] 도움이 필요해요,주문,주문 배송 조회,도와주셔서 영광입니다! 주문 번호 [주문/송장번호] [주문/송장번호]의 상태를 확인하고 싶으신 것 같습니다. 저는 고객님을 돕기 위해 여기 있습니다. 현재 주문 상태를 보려면 당사 웹사이트의 '[기타정보]' 섹션을 방문하세요. 추가 도움이 필요하거나 다른 질문이 있는 경우 언제든지 문의해 주세요. 저는 고객님이 원활한 경험을 할 수 있도록 돕기 위해 왔습니다!
BLZ,지원 추적 구매 [주문/송장번호],주문,주문 배송 조회,고객님의 의견을 듣고 기뻐요! 구매 [주문/송장번호]를 추적하는 데 도움이 필요하다는 점을 진심으로 이해합니다. 저는 고객님을 돕기 위해 여기 있습니다. 구매를 추적하려면 당사 웹사이트를 방문하여 '[기타정보]' 섹션으로 이동하세요. 여기에서 구매 번호를 입력하고 주문 상태 및 예상 배송 날짜에 대한 실시간 업데이트를 받을 수 있습니다. 다른 질문이 있거나 추가 지침이 필요한 경우 주저하지 말고 문의하세요. 고객 만족은 나의 최우선 순위입니다!
BKLZ,주문 113542617735902현황,주문,주문 배송 조회,고객님의 연락에 감사드립니다! 주문 번호 [주문/송장번호]의 현재 주문 상태를 알고 싶어 하시는 것 같습니다. 정확한 정보를 제공하기 위해 당사 시스템에서 고객님의 주문 상태를 확인하는 동안 잠시 시간을 내주시기 바랍니다. 자세한 내용을 알게 되면 즉시 공유해 드리겠습니다. 고객님의 인내심에 감사드립니다!
BLZ,구매 [주문/송장번호] 현재 상태 확인,주문,주문 배송 조회,우리를 믿어주셔서 감사합니다! 구매 번호 [주문/송장번호]로 구매 현황을 확인하고 싶다는 점 잘 알고 있습니다. 가장 정확한 정보를 제공하기 위해 고객님의 이메일 주소나 전화번호와 같은 연락처 정보를 알려주시기 바랍니다. 그러면 당사 시스템에서 고객님의 구매 항목을 찾아 추가로 도움을 드릴 수 있습니다. 고객님의 개인 정보 보호와 보안은 우리에게 가장 중요하며 고객님의 정보는 가장 엄격한 기밀로 처리될 것임을 약속드립니다. 요청하신 세부정보를 제공해 주시면 현재 구매 상태를 신속하게 알려드리겠습니다.
BIL,주문 [주문/송장번호] 상태를 확인하는 방법은 무엇입니까?,주문,주문 배송 조회,"문의해 주셔서 감사합니다! 주문 번호 [주문/송장번호]의 주문 상태를 확인하려면 다음의 간단한 단계를 따르세요. 1. 당사 웹사이트 [웹사이트/메뉴]를 방문하여 고객님의 계정에 로그인하십시오. 2. 일반적으로 사용자 프로필이나 계정 설정에서 찾을 수 있는 ""주문 내역"" 또는 ""내 주문"" 섹션으로 이동합니다. 3. 주문 번호 [주문/송장번호]가 포함된 특정 주문을 찾아 클릭하세요. 4. 이제 현재 상태, 예상 배송 날짜 및 추적 정보(가능한 경우)를 포함하여 주문에 대한 자세한 정보를 볼 수 있습니다. 어려움이 있거나 추가 질문이 있는 경우 언제든지 고객 지원팀에 문의하세요. [고객센터전화번호] 또는 당사 웹사이트의 라이브 채팅을 통해 [운영시간/기간]와 통화하실 수 있습니다. 저희는 모든 단계에서 고객님을 돕기 위해 여기 있습니다."
BCILZ,[주문/송장번호] 주문 상태를 보고 싶습니다. 어떻게 해야 합니까?,주문,주문 배송 조회,문의해주셔서 감사합니다! 번호 [주문/송장번호]의 주문 상태를 확인하고 싶다는 점을 확인했습니다. 그렇게 하려면 당사 웹사이트를 방문하여 [웹사이트/메뉴] 섹션으로 이동하세요. 여기에서 업데이트된 주문 상태를 확인할 수 있습니다. 문제가 발생하거나 추가 문의사항이 있으면 언제든지 알려주시기 바랍니다. 저는 도와주러 왔습니다!
BILQ,[주문/송장번호] 주문의 에타는 어디서 볼 수 있나요?,주문,주문 배송 조회,문의해 주셔서 감사합니다! 주문 번호 [주문/송장번호] 주문의 예상 도착 시간(ETA)을 확인하고 싶으신 점을 충분히 이해합니다. 예상 도착 시간을 찾으려면 당사 웹사이트의 '[주문/송장번호]' 섹션을 방문하는 것이 좋습니다. 여기에서 ETA를 포함하여 주문에 필요한 모든 정보를 찾을 수 있습니다. 문제가 발생하거나 추가 문의사항이 있으면 언제든지 알려주시기 바랍니다. 저는 모든 단계에서 고객님을 돕기 위해 여기 있습니다.
BILPQWZ,주문 [주문/송장번호] 빌어먹을 현재 상태는 어디서 확인할 수 있나요?,주문,주문 배송 조회,고객님의 연락에 감사드립니다! 주문 번호 [주문/송장번호]의 현재 주문 상태를 찾는 데 문제가 있는 것 같습니다. 불편을 끼쳐드린 점 사과드립니다. 현재 상황을 확인하시려면 당사 홈페이지 '[기타정보]' 섹션을 방문해 보시기를 권해 드립니다. 어려움이 있거나 추가 지원이 필요한 경우 언제든지 알려주시기 바랍니다. 제 목표는 고객님께 원활하고 만족스러운 경험을 제공하는 것입니다.
BILQ,[주문/송장번호] 주문의 예상 도착 시간은 어디서 볼 수 있나요?,주문,주문 배송 조회,"언제나 연결이 좋아요! 주문 번호 [주문/송장번호]를 사용한 주문의 예상 도착 시간(ETA)을 어디에서 확인할 수 있는지 알고 싶다는 사실을 잘 알고 있습니다. ETA를 확인하려면 당사 웹사이트의 ""주문 세부정보"" 섹션을 방문하세요. 여기에서 예상 도착 시간을 포함하여 주문과 관련된 모든 관련 정보를 확인할 수 있습니다. 다른 질문이나 문의 사항이 있으시면 언제든지 문의해 주세요. 저는 모든 단계에서 고객님을 돕기 위해 여기 있습니다!"
BIQ,[주문/송장번호] 주문 에타 확인 방법,주문,주문 배송 조회,"문의해 주셔서 감사합니다! 주문 번호 [주문/송장번호] 주문의 예상 도착 시간(ETA)을 확인하는 방법을 안내해 드리겠습니다. 그렇게 하려면 다음 단계를 따라 주세요. 1. 당사 웹사이트 [웹사이트/메뉴]를 방문하세요. 2. 사용자 이름과 비밀번호를 사용하여 계정에 로그인하세요. 3. ""주문 내역"" 또는 ""주문 추적"" 섹션으로 이동합니다. 4. 주문 번호 [주문/송장번호]로 특정 주문을 찾으십시오. 5. 자세한 내용을 보려면 주문 세부정보 또는 추적 번호를 클릭하세요. 6. 주문의 ETA 또는 예상 배송일을 찾아보세요. 어려움이 있거나 추가 도움이 필요한 경우 언제든지 문의하시기 바랍니다. 저는 고객님의 쇼핑 경험을 가능한 한 원활하게 할 수 있도록 돕기 위해 왔습니다!"
BCIPQZ,[주문/송장번호] 주문 상태를 확인하고 싶으신가요?,주문,주문 배송 조회,도와주셔서 영광입니다! 주문 번호 [주문/송장번호]의 주문 상태를 확인하는 데 도움이 필요하신 것으로 알고 있습니다. 저는 고객님을 돕기 위해 여기 있습니다. 현재 주문 상태를 확인하려면 당사 웹사이트의 '[웹사이트/메뉴]' 섹션을 방문하세요. 다른 질문이 있거나 추가 안내가 필요한 경우 언제든지 문의해 주세요. 제 목표는 고객님이 원활한 경험을 하고 필요한 정보를 찾을 수 있도록 하는 것입니다.
B,주문 [주문/송장번호] 추적을 도와주세요,주문,주문 배송 조회,"언제나 연결이 좋아요! 주문 번호 [주문/송장번호]로 주문을 추적하는 데 도움이 필요하다는 사실을 잘 알고 있습니다. 가장 정확한 최신 정보를 제공하기 위해 주문과 관련된 고객님의 이름, 이메일 주소와 같은 추가 세부 정보를 공유해 주시기 바랍니다. 이러한 세부정보가 확보되면 현재 주문 상태를 알려드릴 수 있습니다. 고객 만족이 저희의 최우선 과제입니다. 저는 모든 단계에서 고객님을 도와드릴 것입니다!"
BIL,[주문/송장번호] 주문 현재 상태를 어떻게 확인하나요?,주문,주문 배송 조회,연락해주셔서 감사합니다! 고객님이 주문 번호 [주문/송장번호]로 주문의 현재 상태를 확인하는 방법을 알고 싶어한다는 것을 확실히 알고 있습니다. 주문 상태를 보려면 당사 웹사이트의 '[기타정보]' 페이지를 방문하세요. 해당 페이지에 접속하면 주문 번호를 입력하고 현재 상태에 대한 최신 정보를 검색할 수 있습니다. 어려움이 있거나 추가 지원이 필요한 경우 언제든지 알려주시기 바랍니다. 제 목표는 고객님께 원활한 경험을 제공하고 주문 진행 상황을 쉽게 추적할 수 있도록 하는 것입니다.
BLW,주문 [주문/송장번호] 혈기왕성한 현재 상황을 보고 싶습니다,주문,주문 배송 조회,고객님의 의견을 들으니 반갑습니다! 주문번호 [주문/송장번호]의 현재 상태를 확인하고 싶으신 것으로 확인됩니다. 이에 대한 도움을 받으려면 당사 웹사이트를 방문하여 '[기타정보]' 섹션으로 이동하세요. 여기에서 주문의 세부 상태를 확인할 수 있습니다. 어려움이 있거나 다른 문의사항이 있으면 언제든지 알려주시기 바랍니다. 저는 고객님이 우리와 함께 원활하고 만족스러운 경험을 할 수 있도록 하기 위해 왔습니다!
BILPQZ,[주문/송장번호] 구매 위치를 찾는 데 도움을 주실 수 있나요?,주문,주문 배송 조회,문의해 주셔서 감사합니다! 구매 번호 [주문/송장번호]로 구매한 제품을 찾는 데 도움이 필요하다는 점을 충분히 이해합니다. 불편을 끼쳐드려 죄송합니다. 이 문제를 해결하는 데 도움이 되도록 구매 날짜나 주문과 관련된 기타 세부정보 등 추가 정보를 제공해 주시겠습니까? 이를 통해 고객님의 구매 위치를 정확하게 파악하고 필요한 정보를 제공할 수 있습니다. 안심해 주세요. 저는 모든 단계에서 고객님을 지원하고 원활한 경험을 보장하기 위해 여기 있습니다.
BILP,[주문/송장번호] 구매현황은 어디서 확인할 수 있나요?,주문,주문 배송 조회,저희는 고객님을 위해 여기 있습니다! 구매번호 [주문/송장번호]로 구매현황을 확인하고 싶으신 것으로 알고 있습니다. 상태를 확인하시려면 당사 홈페이지 '[기타정보]' 페이지를 방문하시길 권해드립니다. 이 페이지에서는 구매 진행 상황에 대한 실시간 업데이트를 제공합니다. 추가 문의사항이 있거나 기타 도움이 필요하시면 언제든지 문의해 주세요. 저는 고객님이 원활한 경험을 할 수 있도록 돕기 위해 왔습니다!
BL,구매 [주문/송장번호] 상태를 보려고 합니다,주문,주문 배송 조회,연락해주셔서 감사합니다! [주문/송장번호] 번호로 구매 상태를 확인하려고 하시는 것 같네요. 정확한 정보를 제공하기 위해 이번 구매가 주문이나 다른 유형의 거래와 관련되어 있는지 확인해 주시겠습니까? 이렇게 하면 상태를 확인할 수 있는 올바른 위치로 안내하는 데 도움이 됩니다.
BELQZ,구매한 제품을 찾으려면 어떻게 해야 할지 모르겠습니다. [주문/송장번호],주문,주문 배송 조회,저희는 모두 귀를 기울입니다! 구매 번호 [주문/송장번호]로 구매한 제품을 찾으려면 어떤 단계를 거쳐야 하는지 잘 모르실 것 같습니다. 저는 고객님을 돕기 위해 여기 있습니다. 구매한 제품을 찾으려면 당사 웹사이트를 방문하여 '[웹사이트/메뉴]' 섹션으로 이동하세요. 여기에서 구매 세부정보와 상태를 확인할 수 있습니다. 추가 지원이 필요하거나 다른 질문이 있으면 언제든지 알려주시기 바랍니다. 제 목표는 고객님이 원활한 경험을 하고 필요한 정보를 찾을 수 있도록 하는 것입니다.
BLQ,구매 예정 시간 [주문/송장번호]을 어떻게 확인할 수 있는지 모르겠습니다,주문,주문 배송 조회,"문의해 주셔서 감사합니다! 구매 번호 [주문/송장번호]로 구매하신 제품의 예상 도착 시간(ETA)을 확인하는 데 도움을 드리고자 합니다. 구매 ETA를 보려면 다음과 같은 간단한 단계를 따르세요. 1. 당사 웹사이트를 방문하여 고객님의 계정에 로그인하십시오. 2. ""주문 내역"" 섹션으로 이동합니다. 3. 구매 번호 [주문/송장번호]로 특정 구매를 찾습니다. 4. 구매를 클릭하시면 자세한 주문정보를 보실 수 있습니다. 5. 주문 세부정보에서 구매 예상 도착 시간(ETA)을 확인할 수 있습니다. 어려움이 있거나 추가 문의사항이 있으면 언제든지 문의해 주세요. 저는 모든 단계에서 고객님을 돕기 위해 여기 있습니다!"
BCL,구매 [주문/송장번호]를 찾아야 하는데 도움이 필요합니다.,주문,주문 배송 조회,고객님의 연락에 감사드립니다! 구매 번호 [주문/송장번호]로 구매한 제품의 위치를 ​​찾고 계시는 것 같습니다. 저는 고객님께 필요한 정보를 찾는 데 도움을 드리고자 왔습니다. 더 나은 도움을 드릴 수 있도록 구매하신 플랫폼이나 웹사이트와 같은 추가 세부정보를 제공해 주시겠습니까? 좀 더 정확하게 안내해드릴 수 있을 것 같습니다.
BL,[주문/송장번호] 주문의 를 확인해야 합니다.,주문,주문 배송 조회,연락해주셔서 감사합니다! 주문 번호 [주문/송장번호]의 주문에 대한 예상 도착 시간(ETA)을 확인하고 싶으신 것 같습니다. 정확한 정보를 제공해 드리기 위해 잠시 시간을 내어 세부 사항을 확인해 주시겠습니까?
BIPQW,[주문/송장번호] 주문의 도착 시간을 확인하는 데 도움을 주실 수 있나요?,주문,주문 배송 조회,저는 고객님을 듣고! 번호 [주문/송장번호] [주문/송장번호] 주문의 예상 도착 시간(ETA)을 확인하고 싶다고 연락드립니다. 이에 대한 도움을 받으려면 당사 웹사이트의 '[주문/송장번호]' 섹션을 방문하는 것이 좋습니다. 여기에서 주문에 대해 업데이트된 ETA를 찾을 수 있습니다. 어려움이 있거나 추가 설명이 필요한 경우 언제든지 알려주시기 바랍니다. 저는 고객님이 원활하고 원활한 경험을 할 수 있도록 하기 위해 왔습니다!
BELQ,[주문/송장번호] 주문의 에타를 보는 방법을 모르겠습니다.,주문,주문 배송 조회,"문의해 주셔서 감사합니다! 주문 번호 [주문/송장번호]의 주문에 대한 예상 도착 시간(ETA)을 확인하는 데 도움을 드리고자 합니다. ETA를 보려면 당사 웹사이트의 ""[웹사이트/메뉴]"" 섹션을 방문하세요. 일단 거기에 도착하면 주문을 찾고 ETA 정보를 찾을 수 있습니다. 문제가 발생하거나 추가 안내가 필요한 경우 언제든지 알려주시기 바랍니다. 제 목표는 고객님이 원활한 경험을 갖고 필요한 정보에 쉽게 액세스할 수 있도록 하는 것입니다."
BILQ,[주문/송장번호] 구매 상태는 어떻게 볼 수 있나요?,주문,주문 배송 조회,무슨 말인지 알겠습니다! 구매 번호 [주문/송장번호]로 구매 상태를 확인하고 싶은 페이지와 동일합니다. 현재 상태를 보려면 당사 웹사이트를 방문하여 고객님의 계정에 로그인하십시오. 로그인한 후 '주문 내역' 또는 '주문 추적' 섹션으로 이동하세요. 여기에서 구매 번호를 입력하고 구매에 대한 최신 업데이트를 받을 수 있습니다. 어려움이 있거나 추가 문의사항이 있으면 언제든지 알려주시기 바랍니다. 저는 모든 단계에서 고객님을 돕기 위해 여기 있습니다!
BL,구매 [주문/송장번호]를 찾고 싶습니다.,주문,주문 배송 조회,고객님의 의견은 소중합니다! 주문 번호 [주문/송장번호]로 구매한 항목을 찾는 데 도움이 필요하다는 연락을 받았습니다. 저는 고객님을 돕기 위해 여기 있습니다. 구매 세부정보를 확인하려면 당사 웹사이트의 '[웹사이트/메뉴]' 섹션을 방문하세요. 다른 질문이 있거나 추가 안내가 필요한 경우 언제든지 문의해 주세요. 우수한 고객 서비스를 제공하는 것이 최우선입니다!
BILPQZ,구매 예정 시간을 확인하는 데 도움을 주실 수 있나요 [주문/송장번호],주문,주문 배송 조회,우리를 믿어주셔서 감사합니다! 구매 번호 [주문/송장번호]로 구매한 제품의 예상 도착 시간(ETA)을 확인하는 데 도움이 필요하다는 점을 잘 알고 있습니다. 가장 정확한 정보를 제공하기 위해 당사 웹사이트에서 이루어진 구매를 언급하고 있는지 확인해 주시겠습니까? 필요한 세부정보가 확보되면 ETA 확인 과정을 안내해 드릴 수 있습니다.
BIL,[주문/송장번호] 주문을 어떻게 찾을 수 있나요?,주문,주문 배송 조회,"문의해 주셔서 감사합니다! [주문/송장번호] 주문을 찾는 데 도움이 필요하다는 점을 충분히 이해합니다. 특정 주문 위치를 찾으려면 당사 웹사이트를 방문하여 계정에 로그인하세요. 로그인하신 후 ""주문 내역"" 섹션으로 이동하시면 주문 세부 정보와 현재 주문 상태를 확인하실 수 있습니다. 어려움이 있거나 추가 문의사항이 있으면 언제든지 알려주시기 바랍니다. 저는 고객님이 원활한 경험을 할 수 있도록 돕기 위해 왔습니다!"
BLQ,[주문/송장번호] 구매현황을 확인하려고 하는데,주문,주문 배송 조회,우리를 믿어주셔서 감사합니다! 구매번호 [주문/송장번호]로 구매상태를 확인하려고 하시는 것으로 잘 알고 있습니다. 정확한 정보를 제공하기 위해 구매와 관련된 고객님의 이름이나 이메일 주소와 같은 추가 세부정보를 제공해 주시겠습니까? 이렇게 하면 더 나은 지원을 제공하는 데 도움이 될 것입니다.
BLZ,구매현황을 보려고 합니다 [주문/송장번호],주문,주문 배송 조회,"고객님의 의견을 들으니 반갑습니다! 구매번호 [주문/송장번호]로 구매상태를 확인하려고 하시는 것으로 확인됩니다. 현재 상태를 보려면 당사 웹사이트의 ""[웹사이트/메뉴]"" 섹션을 방문하는 것이 좋습니다. 여기에서 모든 관련 업데이트와 정보를 찾을 수 있습니다. 다른 질문이 있거나 추가 지원이 필요한 경우 언제든지 문의해 주세요. 저는 모든 단계에서 고객님을 돕기 위해 여기 있습니다!"
BCIQ,주문 [주문/송장번호] 상태를 확인하고 싶으시면 도와주세요,주문,주문 배송 조회,고객님의 의견을 듣고 기뻐요! 주문 번호 [주문/송장번호]로 주문 상태를 확인하고 싶다는 점을 진심으로 이해합니다. 저는 고객님을 돕기 위해 여기 있습니다. 주문 상태를 보려면 당사 웹사이트의 '[기타정보]' 섹션을 방문하세요. 다른 질문이 있거나 추가 도움이 필요하면 언제든지 문의하세요. 저는 고객님께 원활한 경험을 보장하기 위해 최선을 다하고 있습니다.
BCLQ,주문 [주문/송장번호] 현재 상태를 확인해야 합니다. 도움이 필요합니다,주문,주문 배송 조회,문의해 주셔서 감사합니다! 주문 번호 [주문/송장번호]의 현재 주문 상태를 확인하는 데 도움을 드리고자 왔습니다. 상태를 보려면 당사 웹사이트의 '[웹사이트/메뉴]' 섹션을 방문하세요. 다른 우려 사항이 있거나 추가 지원이 필요한 경우 언제든지 알려주시기 바랍니다. 제 목표는 고객님이 우리와 원활한 경험을 할 수 있도록 하는 것입니다!
BILQ,[주문/송장번호] 주문의 예상 도착 시간을 볼 수 있나요?,주문,주문 배송 조회,"고객님의 메시지에 감사드립니다! 주문 번호 [주문/송장번호]의 주문에 대한 예상 도착 시간(ETA)을 확인하고 싶은 것 같습니다. 최신 정보를 제공하기 위해 이름, 이메일 주소 또는 기타 관련 정보와 같은 계정이나 주문 세부정보를 공유해 주시겠습니까? 필요한 세부 정보가 확보되면 주문을 추적하고 ETA를 제공하는 데 추가 도움을 드릴 수 있습니다."
BCQZ,[주문/송장번호] 주문을 트래픽해야 합니다. 도와주세요,주문,주문 배송 조회,우리가 도와드리겠습니다! 주문 번호 [주문/송장번호]로 주문을 추적하는 데 도움이 필요하다는 점을 알려드립니다. 현재 주문 상태를 확인하려면 당사 웹사이트를 방문하여 '[기타정보]' 섹션으로 이동하세요. 어려움이 있거나 다른 문의사항이 있으면 언제든지 알려주시기 바랍니다. 저는 고객님이 절차 전반에 걸쳐 원활하고 원활한 경험을 할 수 있도록 돕기 위해 왔습니다.
BLZ,[주문/송장번호] 주문 상태를 보려고 합니다,주문,주문 배송 조회,고객님의 의견을 들으니 반갑습니다! 주문 번호 [주문/송장번호]로 주문 상태를 확인하려고 하시는 것으로 확인됩니다. 이에 대한 도움을 받으려면 당사 웹사이트의 '[기타정보]' 섹션을 방문하는 것이 좋습니다. 여기에서 현재 주문 상태와 관련 업데이트를 확인할 수 있습니다. 추가 질문이 있거나 추가 지원이 필요한 경우 언제든지 문의해 주세요. 저는 고객님이 원활한 경험을 할 수 있도록 돕기 위해 왔습니다!
BLQ,주문 [주문/송장번호] 상태를 확인해야 합니다,주문,주문 배송 조회,우리를 믿어주셔서 감사합니다! 주문 번호 [주문/송장번호]의 주문 상태를 확인하는 데 도움이 필요하다는 점을 잘 알고 있습니다. 현재 주문 상태를 보려면 당사 웹사이트의 '[웹사이트/메뉴]' 섹션을 방문하는 것이 좋습니다. 이 섹션에서는 상태를 포함하여 주문과 관련하여 필요한 모든 세부 정보를 제공합니다. 다른 질문이 있거나 추가 안내가 필요한 경우 언제든지 문의해 주세요. 저는 고객님을 돕기 위해 여기 있습니다!
BCILQZ,[주문/송장번호] 주문의 예상 도착 시간을 확인해야 합니다. 아 그렇게 할까요?,주문,주문 배송 조회,저는 고객님을 듣고! 주문 번호 [주문/송장번호]의 주문에 대한 예상 도착 시간(ETA)을 확인해야 한다고 알려드립니다. 이에 대한 도움을 받으려면 당사 웹사이트의 '[기타정보]' 섹션을 방문하는 것이 좋습니다. 여기에서 주문 ETA에 관한 최신 정보를 확인할 수 있습니다. 어려움이 있거나 추가 질문이 있는 경우 언제든지 알려주시기 바랍니다. 저는 고객님께 모든 단계를 안내하기 위해 여기 있습니다!
BCLQ,구매 [주문/송장번호]를 찾아야 합니다. 도움이 필요합니다,주문,주문 배송 조회,문의해 주셔서 감사합니다! 구매 번호 [주문/송장번호]로 구매한 제품을 찾는 데 도움이 필요하다는 점을 이해합니다. 저는 고객님을 돕기 위해 여기 있습니다. 더 나은 도움을 드릴 수 있도록 구매하신 플랫폼이나 웹사이트 등 몇 가지 추가 세부정보를 알려주시겠어요? 이 정보를 얻으면 구매한 위치를 찾는 방법을 안내해 드릴 수 있습니다. 다른 질문이나 문의 사항이 있으면 언제든지 알려주시기 바랍니다. 고객 만족은 나의 최우선 순위입니다!
BIQ,[주문/송장번호] 주문의 에타를 어떻게 확인할 수 있나요?,주문,주문 배송 조회,"문의해 주셔서 감사합니다! 번호가 [주문/송장번호]인 주문의 예상 도착 시간(ETA)을 확인하는 데 도움을 드리고자 왔습니다. ETA를 확인하려면 당사 웹사이트로 이동하여 ""[주문/송장번호]"" 페이지로 이동하세요. 이 페이지에서는 예상 배송 날짜와 함께 업데이트된 주문 상태를 확인할 수 있습니다. 다른 질문이 있거나 추가 지원이 필요한 경우 언제든지 문의해 주세요. 고객 만족이 나의 우선순위입니다!"
BILQZ,구매 [주문/송장번호] 상태를 확인하려면 어떻게 해야 하나요?,주문,주문 배송 조회,"고객님의 연락에 감사드립니다! [주문/송장번호] 구매 상태를 확인하는 단계를 알고 싶다고 생각합니다. 구매 상태에 액세스하려면 당사 웹사이트를 방문하여 ""주문 내역"" 또는 ""주문 추적"" 섹션으로 이동하세요. 또는 당사 웹사이트의 라이브 채팅 기능을 사용하거나 [운영시간/기간] 중에 [고객센터전화번호]로 전화하여 고객 지원팀에 문의하실 수 있습니다. 구매 상태를 확인하는 데 기꺼이 도움을 드릴 것입니다. 다른 질문이 있거나 추가 도움이 필요하시면 언제든지 알려주세요."
BCILQ,구매한 제품을 찾고 싶어요 [주문/송장번호] 도움을 받을 수 있나요,주문,주문 배송 조회,도와주셔서 영광입니다! 구매 번호 [주문/송장번호]로 구매 내역을 확인하고 싶어 도움이 필요하다는 것을 알았습니다. 도움을 드릴 수 있도록 고객님의 계정 세부정보나 구매와 관련된 기타 정보를 제공해 주시겠습니까? 이러한 세부정보를 통해 구매 상품을 신속하고 정확하게 찾는 방법을 안내해 드릴 수 있습니다.
BIQZ,주문 00123842의 에타를 어떻게 확인하나요?,주문,주문 배송 조회,문의해 주셔서 감사합니다! 주문 번호 [주문/송장번호]의 주문에 대한 예상 도착 시간(ETA)을 확인하는 데 확실히 도움을 드릴 수 있습니다. ETA를 얻으려면 당사 웹사이트의 '[주문/송장번호]' 섹션을 방문하십시오. 여기에서 예상 배송 날짜를 포함하여 주문과 관련된 모든 정보를 확인할 수 있습니다. 추가 질문이 있거나 추가 지원이 필요한 경우 언제든지 문의해 주세요. 제 목표는 처음부터 끝까지 원활한 경험을 제공하는 것입니다!
BILQ,[주문/송장번호] 주문의 를 볼 수 있는 곳,주문,주문 배송 조회,저희는 모두 귀를 기울입니다! 고객님께서 주문 번호 [주문/송장번호]를 사용하여 주문에 대한 예상 도착 시간(ETA)을 찾고 계시다는 생각에 귀를 기울이고 있습니다. 예상 도착 시간을 확인하려면 당사 웹사이트의 '[기타정보]' 섹션을 방문하세요. 여기에서 주문 상태 및 ETA에 관한 모든 관련 정보를 확인할 수 있습니다. 추가 문의사항이 있거나 다른 도움이 필요한 경우 언제든지 알려주시기 바랍니다. 저는 도와주러 왔습니다!
BCL,주문 [주문/송장번호] 현재 상태를 확인해야 합니다. 도움이 필요합니다.,주문,주문 배송 조회,"문의해 주셔서 감사합니다! 주문 번호 [주문/송장번호]로 주문의 현재 상태를 확인하는 데 도움이 필요하다는 점을 충분히 이해합니다. 저는 고객님을 돕기 위해 여기 있습니다. 현재 주문 상태를 보려면 당사 웹사이트의 ""주문 내역"" 섹션을 방문하십시오. 추가 질문이 있거나 추가 안내가 필요한 경우 언제든지 문의해 주세요. 저는 고객님이 원활하고 원활한 경험을 할 수 있도록 최선을 다하고 있습니다."
BK,주문 상태,주문,주문 배송 조회,고객님의 연락에 감사드립니다! 고객님께서 주문 상태에 대한 정보를 찾고 계신 것 같습니다. 현재 주문 상태를 확인하려면 당사 웹사이트의 '[기타정보]' 섹션을 방문하세요. 여기에서 주문 진행 상황에 대한 실시간 업데이트를 확인할 수 있습니다. 다른 질문이 있거나 추가 도움이 필요하면 언제든지 문의하세요. 저는 도와주러 왔습니다!
BL,주문 [주문/송장번호]를 찾아야 합니다.,주문,주문 배송 조회,우리를 믿어주셔서 감사합니다! 주문 번호 [주문/송장번호]를 찾는 데 도움이 필요하다는 점을 잘 알고 있습니다. 현재 주문 상태를 확인하려면 당사 웹사이트의 '[기타정보]' 섹션을 방문하세요. 어려움이 있거나 추가 문의사항이 있으면 언제든지 알려주시기 바랍니다. 저는 고객님께 필요한 지침을 제공하고 원활한 경험을 보장하기 위해 왔습니다.
BL,주문 [주문/송장번호]의 현재 상태를 확인하는 데 도움,주문,주문 배송 조회,문의해 주셔서 감사합니다! [주문/송장번호] 번호로 주문의 현재 상태를 추적하는 데 도움을 드리고 있습니다. 그렇게 하려면 당사 웹사이트를 방문하여 '[기타정보]' 섹션으로 이동하세요. 여기에서 예상 배송 날짜와 진행 상황에 대한 업데이트를 포함하여 주문에 대한 최신 정보를 확인할 수 있습니다. 문제가 발생하거나 추가 문의사항이 있으면 언제든지 알려주시기 바랍니다. 저는 고객님의 원활한 추적 경험을 보장하기 위해 왔습니다!
BLZ,[주문/송장번호] 상태를 확인하려고 합니다.,주문,주문 배송 조회,고객님의 메시지에 감사드립니다! 구매번호 [주문/송장번호]로 구매상태를 확인하려고 하시는 것으로 확인됩니다. 이 문제를 해결하는 데 도움이 되도록 구매와 관련된 고객님의 이름이나 이메일 주소와 같은 추가 정보를 제공해 주시겠습니까? 이렇게 하면 당사 시스템에서 구매 항목을 찾고 가장 정확한 상태 업데이트를 제공하는 데 도움이 됩니다.
BIL,[주문/송장번호] 주문을 찾으려면 어떻게 해야 합니까?,주문,주문 배송 조회,"우리가 도와드리겠습니다! 고객님는 [주문/송장번호] 번호로 주문을 찾는 방법에 대한 안내를 찾고 계신 것으로 확인됩니다. 주문 상태와 위치를 쉽게 확인하려면 당사 웹사이트를 방문하여 ""[웹사이트/메뉴]"" 섹션으로 이동하세요. 여기에서 주문의 현재 상태, 예상 배송 날짜, 추적 정보를 확인할 수 있습니다. 문제가 있거나 추가 지원이 필요한 경우 언제든지 알려주시기 바랍니다. 저는 절차 전반에 걸쳐 원활하고 원활한 경험을 보장하기 위해 왔습니다."
BLQ,구매 추적에 도움이 필요합니다 [주문/송장번호],주문,주문 배송 조회,연락해주셔서 감사합니다! 구매 번호 [주문/송장번호]로 구매를 추적하는 데 도움이 필요하다는 것을 확실히 알고 있습니다. 주문 추적은 당사 웹사이트를 통해 쉽게 수행할 수 있습니다. 상태를 추적하려면 '[웹사이트/메뉴]' 섹션으로 이동하여 구매 번호를 입력하세요. 구매하신 제품의 현재 위치와 예상 배송일에 대한 자세한 정보를 제공해 드립니다. 문제가 발생하거나 추가 지원이 필요한 경우 언제든지 알려주시기 바랍니다. 저는 모든 단계에서 고객님을 돕기 위해 여기 있습니다!
BILQW,[주문/송장번호] 주문의 망할 를 볼 수 있는 곳,주문,주문 배송 조회,저는 고객님을 듣고! 주문 번호 [주문/송장번호]의 주문에 대한 예상 도착 시간(ETA)을 어디에서 확인할 수 있는지 알고 싶다고 연락드립니다. ETA를 확인하려면 당사 웹사이트의 '주문 세부정보' 페이지를 방문하세요. 거기에서 모든 관련 정보를 찾을 수 있어야 합니다. 다른 질문이 있거나 추가 도움이 필요하시면 언제든지 알려주세요. 저는 도와주러 왔습니다!
BLQ,구매 를 확인하는 데 도움이 필요합니다. [주문/송장번호],주문,주문 배송 조회,문의해 주셔서 감사합니다! 구매 번호 [주문/송장번호]로 구매한 제품의 예상 도착 시간(ETA)을 확인하는 데 도움을 드리고자 합니다. 가장 정확한 정보를 제공하기 위해 몇 가지 추가 세부정보를 제공해 주시겠습니까? 구체적으로 구매 날짜와 시간을 알려주실 수 있나요? 이 정보를 통해 ETA를 추적하고 구매 상태에 대한 최신 정보를 지속적으로 제공하는 데 도움을 드릴 수 있습니다. 필요한 정보를 알려주시면 신속하게 도와드리겠습니다.
BL,구매 [주문/송장번호] 현황을 확인하려고 합니다.,주문,주문 배송 조회,고객님의 의견을 듣고 기뻐요! 주문 번호 [주문/송장번호]로 구매의 현재 상태를 확인하려고 하신 것을 진심으로 이해합니다. 이에 대한 도움을 받으려면 당사 웹사이트의 '주문 세부정보' 섹션을 방문하는 것이 좋습니다. 여기에서 구매 상태에 대한 최신 정보를 확인할 수 있습니다. 문제가 발생하거나 추가 문의사항이 있으면 언제든지 알려주시기 바랍니다. 저는 고객님이 원활한 경험을 할 수 있도록 돕기 위해 왔습니다!
BL,구매상태를 확인하고 싶어요 [주문/송장번호],주문,주문 배송 조회,저희는 듣고 있어요! 구매 번호 [주문/송장번호]로 구매 현재 상태를 확인하는 데 도움이 필요하다는 사실을 알고 있습니다. 정확한 정보 전달을 위해 몇 가지 사항을 확인해 주시길 부탁드려도 될까요? 구매와 관련된 이메일 주소를 알려주시겠습니까? 이 정보를 받으면 구매 상태를 추적하는 데 추가 도움을 드릴 수 있습니다.
BI,[주문/송장번호] 주문의 예상 도착 시간을 보여주실 수 있나요?,주문,주문 배송 조회,최선을 다하겠습니다! 주문 번호 [주문/송장번호] 주문의 예상 도착 시간(ETA)을 알아보기 위해 연락해주셔서 기쁘게 생각합니다. 제가 도와드릴 수 있습니다. 예상 도착 시간을 확인하려면 당사 웹사이트를 방문하여 '[기타정보]' 섹션으로 이동하세요. 여기에서 예상 배송일을 포함하여 주문과 관련된 모든 세부정보를 확인할 수 있습니다. 다른 질문이 있거나 추가 도움이 필요하시면 언제든지 알려주세요. 제 목표는 고객님이 절차 전반에 걸쳐 최신 정보를 얻고 원활한 경험을 갖도록 하는 것입니다.
BILQZ,[주문/송장번호] 주문 위치를 찾는 데 도움을 주실 수 있나요?,주문,주문 배송 조회,"긍정적으로! 주문 번호가 [주문/송장번호]인 주문을 찾는 데 도움을 드리고자 왔습니다. 주문의 현재 상태와 위치를 확인하려면 당사 웹사이트를 방문하여 ""주문 내역"" 섹션으로 이동하십시오. 추가 지원이 필요하거나 다른 질문이 있는 경우 언제든지 알려주시기 바랍니다. 원활한 경험을 제공하기 위해 최선을 다하고 있습니다!"
BQ,[주문/송장번호] 주문 에타 확인에 도움,주문,주문 배송 조회,문의해 주셔서 감사합니다! 주문 번호 [주문/송장번호]의 주문에 대한 예상 도착 시간(ETA)을 확인하는 데 도움을 드리고자 왔습니다. 정확한 정보를 제공하기 위해 이 주문에 사용한 플랫폼이나 웹사이트를 확인해 주시겠습니까? 이렇게 하면 예상 도착 시간을 찾을 수 있는 올바른 섹션으로 안내하는 데 도움이 됩니다.
BLQ,구매 에타를 확인해야 해요 [주문/송장번호],주문,주문 배송 조회,도와주셔서 영광입니다! 주문 번호 [주문/송장번호]로 구매한 제품의 예상 도착 시간(ETA)을 확인하고 싶어 하시는 것으로 알고 있습니다. 보다 정확한 정보를 제공해 드리기 위해 당사 홈페이지 '[주문/송장번호]' 페이지를 방문해주시기를 부탁드립니다. 해당 페이지에 접속하면 구매 예상 시간을 확인할 수 있습니다. 추가 문의사항이 있거나 추가 도움이 필요하시면 언제든지 알려주세요. 저는 도와주러 왔습니다!
BIL,[주문/송장번호] 구매 를 보려면 어떻게 해야 합니까?,주문,주문 배송 조회,"문의해 주셔서 감사합니다! 주문 번호 [주문/송장번호]로 구매한 제품의 예상 도착 시간(ETA)을 확인하는 데 도움을 드리고자 왔습니다. ETA를 보려면 당사 웹사이트를 방문하여 고객님의 계정에 로그인하십시오. 로그인한 후 ""주문 내역"" 또는 ""내 주문"" 섹션으로 이동하세요. 주문 번호 [주문/송장번호]로 구매 내역을 확인하고 거기에서 제공된 ETA를 찾을 수 있습니다. 추가 도움이 필요하거나 다른 질문이 있는 경우 언제든지 문의해 주세요. 저는 고객님이 절차 전반에 걸쳐 원활하고 만족스러운 경험을 할 수 있도록 돕기 위해 왔습니다."
BCLQ,주문 [주문/송장번호] 상태를 보고 싶어요 도와주세요,주문,주문 배송 조회,고객님의 연락에 감사드립니다! 주문 번호 [주문/송장번호]의 주문 상태를 확인하고 싶으신 것 같습니다. 가장 정확한 정보를 제공하기 위해 당사 웹사이트에서 주문했는지 아니면 고객 서비스 담당자를 통해 주문했는지 확인해 주시겠습니까? 이렇게 하면 고객님을 올바른 채널로 안내하고 원활한 경험을 보장하는 데 도움이 됩니다.
BL,현재 구매 상태를 확인하는 데 도움을 주세요 [주문/송장번호],주문,주문 배송 조회,"문의해 주셔서 감사합니다! 구매 번호 [주문/송장번호]의 구매 상태를 확인하는 데 도움을 드리고자 왔습니다. 정확한 정보를 제공하기 위해 구매와 관련된 이름, 이메일 주소 등 추가 세부정보를 제공해 주시겠습니까? 이렇게 하면 고객님의 구매를 찾고 최신 상태를 제공하는 데 도움이 됩니다."
BL,구매상태를 확인하게 되었습니다 [주문/송장번호],주문,주문 배송 조회,우리를 믿어주셔서 감사합니다! 구매 번호 [주문/송장번호]로 구매 상태를 확인해야 한다는 점을 잘 알고 있습니다. 이에 대한 도움을 받으려면 당사 웹사이트의 '[기타정보]' 섹션을 방문하세요. 여기에서 예상 도착 시간(ETA)을 포함하여 현재 구매 상태에 대한 자세한 정보를 확인할 수 있습니다. 추가 문의사항이 있거나 추가 도움이 필요하시면 언제든지 알려주세요. 저는 모든 단계에서 고객님을 돕기 위해 여기 있습니다!
BILQ,구매 예정 시간을 알려주세요 [주문/송장번호],주문,주문 배송 조회,문의해 주셔서 감사합니다! 구매 번호 [주문/송장번호]로 구매하신 제품의 예상 도착 시간(ETA)을 확인하는 데 도움을 드리고자 합니다. 가장 정확한 정보를 제공하기 위해 세부 정보를 수집하고 시스템을 확인하겠습니다. 제가 ETA를 확인하는 동안 잠시만 기다려 주세요.
BILQ,구매 [주문/송장번호] 상태는 무엇입니까,주문,주문 배송 조회,문의해주셔서 감사합니다! 주문 번호 [주문/송장번호] [주문/송장번호]의 구매 상태를 알고 싶다는 점을 이해합니다. 이에 대한 도움을 받으려면 당사 웹사이트의 '[기타정보]' 섹션을 확인하는 것이 좋습니다. 여기에서 구매 상태에 대한 실시간 업데이트를 확인할 수 있습니다. 추가 문의사항이 있거나 추가 도움이 필요하시면 언제든지 알려주세요.
BKLQ,[주문/송장번호] 주문 에타 참조,주문,주문 배송 조회,저희는 모두 귀를 기울입니다! 주문 번호 [주문/송장번호]의 주문에 대한 예상 도착 시간(ETA)을 확인하고 싶다는 생각이 들었습니다. 정확한 정보를 제공하기 위해 몇 가지 세부정보를 더 제공해 주실 수 있나요? 구체적으로 이 주문에 어떤 배송업체를 사용했는지 알려주실 수 있나요? 이 정보를 받으면 구매 ETA를 추적하는 데 추가 도움을 드릴 수 있습니다.
BLZ,구매 를 확인해야 합니다00123842,주문,주문 배송 조회,문의해 주셔서 감사합니다! 구매 번호 [주문/송장번호]로 구매한 제품의 예상 도착 시간(ETA)을 찾는 데 도움을 드리고자 합니다. 가장 정확한 정보를 제공해 드리기 위해 구매번호를 다시 한번 확인해 주실 수 있나요? 정확한 전화번호를 입력하시면 도착 예정 시간을 신속하게 확인해 드릴 수 있습니다.
BQ,주문 [주문/송장번호]를 추적하는 데 도움이 필요합니다,주문,주문 배송 조회,"문의해 주셔서 감사합니다! 주문 번호 [주문/송장번호]로 주문 상태를 추적하는 데 도움을 드리고자 왔습니다. 구매 진행 상황을 이해하면 마음이 편해지며, 기꺼이 과정을 안내해 드리겠습니다. 현재 상황을 확인하시려면 당사 홈페이지 '[웹사이트/메뉴]' 섹션을 방문하시기 바랍니다. 추가 질문이 있거나 추가 지원이 필요한 경우 언제든지 알려주시기 바랍니다. 제 목표는 고객님이 당사 서비스를 통해 원활하고 만족스러운 경험을 누릴 수 있도록 하는 것입니다."
BIL,[주문/송장번호] 구매 상태를 확인하는 방법은 무엇입니까?,주문,주문 배송 조회,문의해 주셔서 감사합니다! 구매 번호 [주문/송장번호]로 구매 상태를 확인하는 데 도움을 드리고 있습니다. 그렇게 하려면 당사 웹사이트를 방문하여 '[웹사이트/메뉴]' 섹션으로 이동하세요. 여기에서 현재 구매 상태를 확인할 수 있습니다. 어려움이 있거나 추가 지원이 필요한 경우 언제든지 알려주시기 바랍니다. 고객님이 원활한 경험을 하고 필요한 모든 정보에 액세스할 수 있도록 하는 것이 저의 최우선 과제입니다.
BL,구매 [주문/송장번호]를 찾는 데 도움을 주세요,주문,주문 배송 조회,도와주셔서 영광입니다! 주문 번호 [주문/송장번호]로 구매한 항목을 찾는 데 도움이 필요하다는 것을 알았습니다. 불편을 끼쳐드려 죄송합니다. 이 문제를 해결하는 데 도움이 되도록 구매와 관련된 이름이나 이메일과 같은 추가 세부정보를 제공해 주시겠습니까? 이 정보를 통해 고객님이 구매한 제품을 찾아 필요한 지원을 제공해 드릴 수 있습니다. 이 과정에서 도움이 될 수 있는 기타 관련 세부정보를 알려주세요. 제 목표는 고객님이 전반적으로 원활하고 원활한 경험을 할 수 있도록 하는 것입니다.
BL,구매 예상 도착 시간 확인 [주문/송장번호],주문,주문 배송 조회,"저는 고객님을 듣고! 주문 번호 [주문/송장번호] [주문/송장번호]로 구매한 제품의 예상 도착 시간(ETA)을 확인하고 싶다는 연락을 받았습니다. 구매 예상 시간을 보려면 당사 웹사이트의 ""[주문/송장번호]"" 섹션을 방문하세요. 여기에서 주문 상태 및 예상 도착 시간에 관한 최신 정보를 확인할 수 있습니다. 다른 질문이 있거나 추가 도움이 필요하시면 언제든지 알려주세요. 저는 도와주러 왔습니다!"
BKQZ,주문 완료 [주문/송장번호],주문,주문 배송 조회,고객님의 의견을 듣고 기뻐요! 주문 번호 [주문/송장번호]의 주문에 대한 예상 도착 시간을 알고 싶다는 점을 진심으로 이해합니다. 주문 ETA에 관한 가장 정확한 정보를 제공하기 위해 배송 주소나 주문과 관련된 추적 번호 등 몇 가지 추가 세부정보를 제공해 주시기 바랍니다. 이 추가 정보를 통해 고객님이 ETA를 결정하는 데 더 나은 도움을 드릴 수 있습니다.
BLQZ,구매 현황을 보려고 합니다 [주문/송장번호],주문,주문 배송 조회,우리가 도와드리겠습니다! [주문/송장번호] 번호로 구매 상태를 확인하려고 하신 것으로 확인됩니다. 이에 대한 도움을 받으려면 당사 웹사이트의 '[웹사이트/메뉴]' 섹션을 방문하는 것이 좋습니다. 여기에서 구매 상태에 관한 최신 정보를 찾을 수 있습니다. 문제가 발생하거나 추가 문의사항이 있으면 언제든지 알려주시기 바랍니다. 제 목표는 절차 전반에 걸쳐 원활하고 만족스러운 경험을 제공하는 것입니다.
BQZ,주문을 추적하는 데 도움이 필요해요 [주문/송장번호],주문,주문 배송 조회,우리가 도와드리겠습니다! 주문 번호 [주문/송장번호]를 추적하는 데 도움이 필요하다는 사실을 확인했습니다. 저는 고객님을 돕기 위해 여기 있습니다. 가장 정확한 정보를 제공하기 위해 계정 세부정보를 확인해 주시겠습니까? 이렇게 하면 제가 올바른 주문 정보에 액세스하고 효과적으로 도움을 드릴 수 있게 됩니다.
