플래그,문의 내용,카테고리,의도,응답
BCLWZ,빌어먹을 해고 혐의를 찾을 수 없습니다. 도움이 필요합니다,취소,취소 수수료 확인,걱정 마세요! 해지 수수료를 찾는 데 도움을 드리겠습니다. 고객님의 계정 세부정보를 알려주시면 찾아보겠습니다.
BIL,계약 취소 수수료는 얼마인가요?,취소,취소 수수료 확인,계약 취소 수수료에 대해 문의하려면 당사 웹사이트에서 고객님의 계정에 로그인하여 자세한 정보를 확인하실 수 있습니다. 수수료는 고객님의 특정 계약 조건에 따라 달라질 수 있습니다. 추가 지원이 필요한 경우 당사 고객 서비스 팀이 고객님을 지원할 수 있습니다.
BILP,출금 수수료를 확인할 수 있나요?,취소,취소 수수료 확인,긍정적으로! 출금수수료 관련 안내를 도와드릴 수 있습니다. 잠시 시간을 내어 확인해 주시기 바랍니다.
BLQ,조기 해고 처벌을 확인하려면 도움이 필요합니다,취소,취소 수수료 확인,"물론입니다! 조기 해지 위약금을 보려면 계정에 로그인하여 ""해지 수수료"" 섹션으로 이동하십시오. 여기에서 합의된 계약 기간 이전에 서비스를 취소하는 데 따른 수수료 또는 위약금에 대한 모든 관련 정보를 확인할 수 있습니다. 추가 질문이 있거나 도움이 필요한 경우 언제든지 고객 지원팀에 문의하세요."
BLQ,인출 수수료를 확인하려면 도움이 필요합니다,취소,취소 수수료 확인,"과연! 인출 수수료 확인에 도움을 드리고자 왔습니다. 그렇게 하려면 온라인 계정에 로그인하여 ""수수료 및 요금"" 섹션으로 이동하면 됩니다. 해당 항목을 찾을 수 없거나 추가 질문이 있는 경우 언제든지 알려주시기 바랍니다."
BLM,인출 수수료를 확인하세요,취소,취소 수수료 확인,긍정적으로! 인출 수수료를 확인하려면 계정 이용 약관을 검토하거나 고객 지원팀에 문의하여 자세한 내용을 확인하세요. 그들은 인출 수수료와 관련하여 필요한 모든 세부 정보를 고객님께 제공할 수 있습니다.
BILMQ,인출 처벌을 알려줄 수 있나요?,취소,취소 수수료 확인,내가 처리할게! 인출 처벌에 관한 정보를 알려드릴 수 있습니다. 세부정보를 검색할 수 있도록 잠시 기다려 주십시오.
BIL,조기 종료 페널티는 어디서 확인할 수 있나요?,취소,취소 수수료 확인,확실히! 조기 해고 위약금에 대한 정보를 찾으려면 가장 좋은 곳은 계약 계약서입니다. 합의된 시간 이전에 계약을 종료하는 것과 관련된 세부 사항 및 수수료를 명확하게 설명해야 합니다. 조기 해지에 관한 이용 약관을 이해하려면 반드시 주의 깊게 검토하시기 바랍니다.
BCLM,출금 위약금을 확인하고 싶습니다. 도움이 필요합니다.,취소,취소 수수료 확인,"물론, 철회 위약금 확인을 도와드릴 수 있습니다. 고객님의 계정 세부정보를 제공해 주시면 제가 대신 조사해 드리겠습니다."
BLQZ,인출 수수료를 보고 싶어요,취소,취소 수수료 확인,물론이죠! 출금수수료에 대해 자세히 안내해드리겠습니다.
BLMQ,조기 해고 처벌을 확인하는 데 도움이 필요합니다.,취소,취소 수수료 확인,"최선을 다하겠습니다! 조기 해고 위약금에 대한 요금을 확인하는 데 도움을 드릴 수 있습니다. 고객님의 계정에 로그인하여 ""수수료 및 요금"" 또는 ""취소 정책"" 섹션으로 이동하시면 필요한 모든 정보를 찾으실 수 있습니다."
BEL,해지 수수료를 어떻게 보는지 모르겠어요,취소,취소 수수료 확인,문제 없습니다! 제가 도와드릴 수 있습니다. 고객님의 계정에 대한 해지 수수료를 보려면 당사 웹사이트에 로그인하여 계정 설정으로 이동하거나 당사 고객 서비스 팀에 문의하면 필요한 정보를 제공받을 수 있습니다.
BLQ,취소 벌금을 확인하는 데 도움이 필요합니다,취소,취소 수수료 확인,"내가 처리할게! 취소 위약금을 확인하려면 계정에 로그인하여 ""취소 수수료"" 섹션으로 이동하는 것이 좋습니다. 여기에서 서비스 조기 종료에 적용되는 수수료에 대한 자세한 정보를 확인할 수 있습니다."
BCILM,취소 위약금을 찾을 수 없습니다. 도와주실 수 있나요?,취소,취소 수수료 확인,물론입니다! 취소 위약금을 찾는 데 도움을 드리겠습니다. 고객님의 계정이나 고객님이 언급하는 특정 제품이나 서비스에 대한 자세한 내용을 알려주시겠습니까? 이렇게 하면 보다 정확하게 도움을 드릴 수 있습니다.
BLM,출금 수수료에 대해서는 아무것도 찾을 수 없습니다,취소,취소 수수료 확인,불편을 끼쳐드려 죄송합니다. 고객님의 계좌에 대한 인출 수수료에 대한 정보를 검색하는 데 도움을 드리겠습니다.
BIL,출금 페널티는 어떻게 확인하나요?,취소,취소 수수료 확인,"확실히! 인출 벌금을 확인하려면 계정에 접속하여 ""계정 설정"" 페이지로 이동하세요. 거기에서 인출 벌금에 대한 세부 정보를 볼 수 있는 옵션을 찾을 수 있습니다. 추가 지원이 필요한 경우 언제든지 고객 지원팀에 문의해 주세요."
BLM,조기 해지 수수료를 확인하는 데 도움이 필요합니다,취소,취소 수수료 확인,확실히! 조기 해지 수수료 확인을 도와드릴 수 있습니다. 이 정보를 얻으려면 당사 웹사이트를 방문하거나 고객 지원팀에 문의하세요. 취소 수수료 및 해당 수수료에 관한 모든 세부 정보를 제공해드립니다. 추가로 도움이 필요하시면 알려주세요!
BILMZ,조기 퇴실 처벌을 받는 데 도움을 주실 수 있나요?,취소,취소 수수료 확인,과연! 조기해지 위약금에 대한 정보를 안내해드리겠습니다. 잠시만 기다려 주세요.
BLM,출금 수수료를 어떻게 확인하는지 모르겠어요,취소,취소 수수료 확인,문제 없습니다! 제가 도와드릴 수 있습니다. 인출 수수료를 확인하려면 당사 웹사이트에서 고객님의 계정에 로그인하거나 고객 서비스 핫라인에 문의하세요. 그들은 인출 수수료와 관련하여 필요한 정보를 고객님께 제공할 수 있습니다. 추가 도움이 필요하면 알려주세요!
BELMQ,철회 페널티를 찾을 수 없습니다,취소,취소 수수료 확인,철회 위약금을 찾는 데 어려움을 겪고 계시다니 안타깝습니다. 이 정보를 찾으려면 당사 웹사이트의 이용 약관 섹션을 참조하거나 당사 고객 서비스 팀에 문의하여 도움을 받으십시오. 인출 처벌에 관한 구체적인 세부 정보를 제공할 수 있습니다.
BLQ,조기 퇴실 요금을 보려고 합니다,취소,취소 수수료 확인,기꺼이 도와드리겠습니다! 조기 퇴실 요금을 확인하려면 웹사이트나 모바일 앱에서 계정에 로그인하세요. 로그인한 후 계정 세부정보 섹션으로 이동하면 특정 계정의 조기 종료 수수료에 관한 정보를 찾을 수 있습니다. 추가 질문이 있거나 도움이 필요한 경우 언제든지 고객 지원팀에 문의해 주세요.
BELMQ,조기 해고 비용에 대해서는 아무것도 찾을 수 없습니다,취소,취소 수수료 확인,"불편을 끼쳐드려 죄송합니다. 조기 해지 비용에 대한 정보를 찾으려면 온라인으로 계정의 ""이용 약관"" 섹션을 확인해 보세요. 여전히 세부정보를 찾을 수 없는 경우 고객지원팀에 문의하여 추가 지원을 받으시기 바랍니다. 조기 해지 비용에 관한 정확한 정보를 제공해 드릴 수 있습니다."
BLM,조기 퇴사 처벌을 확인하는 데 도움이 필요합니다,취소,취소 수수료 확인,"물론이죠! 조기 탈퇴 위약금을 확인하려면 계정에 로그인하여 ""해지 수수료"" 섹션으로 이동하세요. 이는 서비스 조기 취소에 따른 처벌에 관한 모든 정보를 제공합니다."
BL,인출 수수료를 볼 수 있도록 도와주세요,취소,취소 수수료 확인,"물론이죠. 인출 수수료를 확인하실 수 있도록 도와드리겠습니다. 그렇게 하려면 당사 웹사이트에서 고객님의 계정에 로그인하고 ""내 계정"" 섹션으로 이동하십시오. 해당 섹션에서 인출 수수료에 관한 세부 정보를 확인할 수 있습니다. 정보를 찾는 데 문제가 있는 경우 언제든지 고객 지원팀에 문의하여 추가 지원을 받으세요."
BILMQ,조기 퇴실 처벌을 볼 수 있나요?,취소,취소 수수료 확인,"물론이죠! 조기 종료 처벌을 확인하려면 당사 웹사이트의 ""이용 약관"" 섹션을 참조하세요. 계약 종료일 이전에 서비스를 취소할 경우 발생할 수 있는 위약금에 대한 모든 세부 정보가 제공됩니다."
BCILW,빌어먹을 출금수수료를 확인하고 싶은데 어떻게 해야 하나요?,취소,취소 수수료 확인,문제 없습니다! 인출 수수료를 확인하려면 당사 웹사이트에서 고객님의 계정에 로그인한 후 취소 또는 종료 섹션으로 이동하십시오. 여기에서 고객님의 계좌에 적용되는 인출 수수료에 대한 세부정보를 확인할 수 있습니다. 추가 도움이 필요하면 알려주세요!
BILMQ,조기 해지 수수료를 볼 수 있나요?,취소,취소 수수료 확인,확실히! 조기 해지 수수료에 관한 정보를 알려드릴 수 있습니다. 추가 지원을 드릴 수 있도록 고객님의 계정 세부정보를 제공해 주시기 바랍니다.
BLMZ,조기 퇴사 수수료를 보려면 어떻게 해야 하는지 모르겠습니다.,취소,취소 수수료 확인,문제 없습니다! 조기 종료 수수료를 확인하려면 당사 웹사이트에서 고객님의 계정에 로그인하거나 고객 지원팀에 문의하세요. 계약 기간이 끝나기 전에 서비스 취소 수수료와 관련하여 필요한 모든 정보를 제공할 수 있습니다.
BELQZ,종료 페널티를 찾을 수 없습니다,취소,취소 수수료 확인,"해고 페널티를 찾는 데 어려움을 겪고 계시다니 안타깝습니다. 해지 벌금을 보려면 당사 웹사이트에서 고객님의 계정에 로그인한 후 ""청구"" 또는 ""계정"" 섹션으로 이동하십시오. 여전히 해당 항목을 찾을 수 없는 경우 고객 지원팀에 문의하여 추가 지원을 받으시기 바랍니다. 그들은 해고 처벌과 관련하여 필요한 모든 세부 정보를 고객님께 제공할 수 있습니다. 제가 도와드릴 수 있는 다른 사항이 있으면 알려주세요!"
BIMQZ,내가 취소 수수료를 확인할게요,취소,취소 수수료 확인,기꺼이 도와드리겠습니다! 취소 수수료 확인을 도와드릴 수 있습니다. 고객님께 필요한 정보를 검색할 수 있도록 고객님의 계정 세부정보를 제공해 주십시오.
BLM,조기 종료 처벌을 확인하려면 도움이 필요합니다,취소,취소 수수료 확인,"과연! 조기 탈퇴 처벌을 보려면 당사 웹사이트에서 고객님의 계정에 접속하여 ""이용 약관"" 또는 ""계정 정보"" 섹션으로 이동하십시오. 이는 조기 퇴출 처벌과 관련하여 필요한 모든 정보를 제공합니다. 추가 질문이 있는 경우 언제든지 고객 지원팀에 문의하여 도움을 받으세요."
BQ,취소 수수료를 확인하는 데 도움이 필요해요,취소,취소 수수료 확인,"과연! 계약 취소 수수료를 확인하려면 계정에 로그인하여 ""취소 수수료"" 섹션으로 이동하십시오. 여기서는 계약 취소와 관련된 요금에 관한 모든 세부정보를 확인할 수 있습니다. 정보를 찾는 데 문제가 있는 경우, 주저하지 말고 추가 지원을 요청하세요."
BLQ,해고 비용을 확인하는 데 도움이 필요합니다,취소,취소 수수료 확인,내가 해낼게! 해지 수수료를 확인하는 데 도움을 드릴 수 있습니다. 그렇게 하려면 계정에 로그인하여 계정 세부 정보가 표시되는 섹션으로 이동하면 됩니다. 해지 또는 취소 수수료와 관련된 정보를 찾으면 원하는 세부 정보를 찾을 수 있습니다. 해당 정보를 찾을 수 없는 경우 알려주시면 최선을 다해 도와드리겠습니다.
BILM,취소 수수료를 확인하려면 어떻게 해야 하나요?,취소,취소 수수료 확인,"기꺼이 도와드리겠습니다! 취소 수수료를 확인하려면 다음 단계를 따르세요. 1. 당사 웹사이트에서 고객님의 온라인 계정에 로그인하십시오. 2. '계정 요약' 또는 '결제' 섹션으로 이동합니다. 3. ""수수료 및 요금"" 또는 ""취소 수수료"" 하위 섹션을 찾으십시오. 4. 해당 항목을 클릭하시면 고객님의 계정에 적용되는 취소 수수료에 대한 자세한 정보를 보실 수 있습니다. 추가 지원이 필요한 경우 언제든지 고객 지원팀에 문의해 주세요."
BL,조기 해지 비용 확인에 도움,취소,취소 수수료 확인,"물론, 조기 해지 비용을 확인하는 데 도움을 드릴 수 있습니다. 계속하려면 몇 가지 정보가 필요합니다. 계약 시작일, 계약 기간 등 계약 세부정보를 알려주실 수 있나요?"
BL,취소 위약금 보여줘,취소,취소 수수료 확인,물론이죠. 제가 도와드릴 수 있습니다. 취소 위약금은 예약의 특정 이용 약관에 따라 다릅니다. 정확한 취소 수수료를 확인할 수 있도록 예약 세부정보를 알려주시겠어요?
BILMW,빌어먹을 취소 처벌은 어디서 확인할 수 있나요?,취소,취소 수수료 확인,물론이죠! 취소 위약금을 확인하려면 당사 웹사이트의 계정 설정으로 이동하거나 당사 고객 서비스 팀에 문의하여 도움을 받으실 수 있습니다. 취소 수수료와 관련하여 필요한 정보를 제공해 드릴 수 있습니다.
BL,조기 종료 처벌을 확인하는 데 도움이 필요합니다,취소,취소 수수료 확인,확실히! 조기 종료 벌금을 보려면 계약서에 설명된 이용 약관을 참조하세요. 추가 질문이 있거나 추가 지원이 필요한 경우 언제든지 고객 서비스 팀에 문의하세요.
BLM,인출 처벌 확인 지원,취소,취소 수수료 확인,인출 벌금을 확인하는 데 도움을 드릴 수 있습니다. 인출 위약금에 대한 구체적인 정보를 얻으려면 고객 서비스 팀에 문의하는 것이 좋습니다. 그들은 고객님의 계약 해지에 따른 처벌에 관한 자세한 정보를 고객님께 제공할 수 있습니다.
BILM,조기 퇴사 수수료를 확인할 수 있나요?,취소,취소 수수료 확인,물론이죠! 조기 종료 수수료에 대한 세부정보를 확인하는 데 도움을 드릴 수 있습니다.
BCILMQW,빌어먹을 인출 수수료를 보고 싶은데 어떻게 해야 하나요?,취소,취소 수수료 확인,확실히! 인출 수수료 확인을 도와드릴 수 있습니다. 그렇게 하려면 다음 단계를 따라 주세요. 1. 당사 웹사이트를 방문하여 고객님의 계정에 로그인하십시오. 2. 계정 설정 또는 결제 섹션으로 이동합니다. 3. 인출 수수료 또는 비용에 관한 섹션을 찾으세요. 4. 여기에서 출금 수수료 세부정보를 확인할 수 있습니다. 어려움이 있거나 추가 지원이 필요하면 언제든지 알려주세요!
BIL,조기 퇴실 페널티를 보려면 어떻게 해야 하나요?,취소,취소 수수료 확인,저는 그것을하고있다! 고객님의 계정에 대한 조기 종료 벌금을 보려면 다음 단계를 따라 주세요. 1. 온라인 계정에 로그인하십시오. 2. 계정 설정 또는 결제 섹션으로 이동합니다. 3. 수수료 또는 벌금과 관련된 섹션을 찾으십시오. 4. 해당 섹션에서 조기 탈퇴 벌금 및 계산 방법에 대한 정보를 찾을 수 있습니다. 추가 질문이 있거나 도움이 필요한 경우 언제든지 고객 서비스 팀에 문의하여 도움을 받으세요.
BLM,조기해지 수수료를 확인하려고 합니다,취소,취소 수수료 확인,물론입니다! 조기 해지 수수료를 확인하는 데 도움을 드릴 수 있습니다.
BLMZ,해지 수수료를 확인하려고 합니다,취소,취소 수수료 확인,"해지 수수료를 확인하려면 당사 웹사이트를 방문하여 ""계정 정보"" 섹션으로 이동하세요. 여기에서 해지 수수료 및 적용 가능한 벌금에 관한 모든 세부 정보를 볼 수 있습니다."
BILZ,조기 해지 비용을 확인하는 데 도움을 주실 수 있나요?,취소,취소 수수료 확인,"물론이죠! 조기 해지 수수료 확인에 도움을 드리겠습니다. 고객님의 계정에 로그인하여 ""수수료 및 요금"" 또는 ""취소 정책"" 섹션으로 이동하여 필요한 정보를 찾으십시오. 더 궁금한 점이 있으시면 언제든지 문의해주세요!"
BLZ,조기 해지 수수료를 확인할 수 있도록 지원,취소,취소 수수료 확인,과연! 제가 도와드릴 수 있습니다. 조기 해지 수수료를 확인하려면 계정 이용 약관을 참조하거나 고객 지원팀에 문의하세요. 그들은 고객님의 서비스 취소에 적용되는 수수료에 관한 구체적인 정보를 고객님께 제공할 것입니다.
BIL,취소수수료는 어디서 확인하나요?,취소,취소 수수료 확인,"물론이죠! 취소 수수료에 대한 정보를 확인하려면 당사 웹사이트를 방문하여 ""가격"" 또는 ""이용 약관"" 페이지로 이동하세요. 해당 섹션에 명확하게 명시되어 있어야 합니다."
BILMQ,조기 해지 수수료는 어디서 볼 수 있나요?,취소,취소 수수료 확인,"조기 해지 수수료를 보려면 당사 웹사이트를 방문하여 고객님의 계정에 로그인하십시오. 로그인한 후 ""계정 세부정보"" 또는 ""내 플랜"" 섹션으로 이동하세요. 조기 해지 수수료에 관한 모든 관련 정보를 여기서 찾을 수 있습니다. 추가 지원이 필요한 경우 언제든지 고객 지원팀에 문의해 주세요."
BLQ,취소 위약금을 확인하는 데 도움이 필요해요,취소,취소 수수료 확인,전혀 문제 없습니다! 취소 위약금 확인을 도와드릴 수 있습니다. 그렇게 하려면 계정 명세서를 참조하거나 당사 고객 서비스 팀에 문의하여 보다 구체적인 정보를 얻으십시오. 취소 위약금에 관한 모든 세부정보를 알려드릴 수 있습니다.
BILQ,출금 페널티는 어디서 볼 수 있나요?,취소,취소 수수료 확인,출금 위약금에 대한 정보를 찾으려면 계약서 또는 동의서의 이용 약관을 참조하세요. 조기 해고와 관련된 처벌에 관한 구체적인 세부 사항을 설명해야 합니다. 이 정보를 찾는 데 어려움이 있는 경우 인출 벌금 세부정보를 찾는 데 추가 도움을 드릴 수 있습니다.
BILM,취소 수수료는 어떻게 확인하나요?,취소,취소 수수료 확인,고객님의 계정에 대한 취소 수수료를 보려면 온라인 계정에 로그인하거나 당사 고객 지원팀에 문의하십시오. 그들은 고객님의 계정과 관련된 취소 수수료에 관한 정확한 정보를 제공할 것입니다.
BILM,조기 퇴사 처벌은 무엇입니까?,취소,취소 수수료 확인,기꺼이 도와드리겠습니다. 조기 퇴사 위약금은 계약 조건에 따라 다릅니다. 구체적인 세부정보를 알아보려면 계약서의 이용약관 섹션을 확인하거나 당사 고객 지원팀에 문의하시기 바랍니다. 계약 기간이 끝나기 전에 서비스 취소와 관련된 처벌에 대한 자세한 정보를 제공할 수 있습니다.
BELM,조기해지 위약금 확인 방법을 모르겠습니다.,취소,취소 수수료 확인,걱정하지 마세요. 제가 도와드릴 수 있습니다! 조기 해지 위약금을 확인하려면 고객 서비스 팀에 문의해야 합니다. 그들은 고객님께 필요한 모든 정보를 제공하고 절차를 안내할 수 있습니다. 추가 지원이 필요할 경우 주저하지 말고 연락하세요.
BCILMQZ,취소 벌금이 도움이 될 수 있는지 알고 싶습니다.,취소,취소 수수료 확인,물론입니다! 취소 위약금을 확인하는 데 도움을 드리고자 왔습니다. 그렇게 하려면 당사 웹사이트에서 고객님의 계정에 로그인하여 청구 섹션으로 이동하거나 당사 고객 서비스 헬프라인에 문의하시면 당사 담당자가 기꺼이 도와드릴 것입니다.
BL,취소 수수료를 확인하는 데 도움이 필요합니다,취소,취소 수수료 확인,"긍정적으로! 취소 수수료를 확인하려면 계정에 로그인하여 ""수수료 및 요금"" 섹션으로 이동하세요. 고객님의 계정에 적용되는 취소 수수료에 대한 자세한 정보를 확인할 수 있습니다. 추가 질문이 있으시면 언제든지 문의해 주세요."
BILMQZ,조기 해지 비용을 보려면 어떻게 해야 하나요?,취소,취소 수수료 확인,물론이죠! 조기 해지 비용을 확인하려면 온라인으로 계좌 명세서를 확인하거나 고객 서비스 팀에 문의하세요. 해당 담당자는 요금 및 해당 수수료에 관한 자세한 정보를 제공할 수 있습니다.
BKLM,조기 퇴실 처벌 참조,취소,취소 수수료 확인,"물론입니다! 조기 종료 벌금을 보려면 고객님의 계정에 접속하여 ""해지 수수료"" 섹션으로 이동하십시오. 이를 통해 합의된 계약 기간이 종료되기 전에 서비스를 종료하는 데 적용되는 수수료에 대한 모든 정보를 제공합니다."
BILMQ,출금 페널티를 볼 수 있나요?,취소,취소 수수료 확인,물론이죠! 인출 처벌에 대한 정보를 얻는 데 도움을 드릴 수 있습니다. 고객님의 계정 세부정보를 알려주시면 추가 지원을 해 드리겠습니다.
BIL,인출 수수료를 확인하는 데 도움을 주실 수 있나요?,취소,취소 수수료 확인,"바로 처리하겠습니다! 인출 수수료를 확인하실 수 있도록 도와드리겠습니다. 그렇게 하려면 고객님의 계정에 로그인하여 ""인출 수수료"" 섹션으로 이동하십시오. 여기서 인출 수수료와 관련하여 필요한 모든 정보를 찾아야 합니다. 더 궁금한 점이 있으시면 언제든지 문의해 주세요."
BILPQ,해지 수수료를 확인하는 데 도움을 주실 수 있나요?,취소,취소 수수료 확인,최선을 다하겠습니다! 해지 수수료 확인을 도와드릴 수 있습니다. 정확한 정보를 얻으려면 고객님의 계정 세부정보를 알려주시거나 당사 고객 지원팀에 문의해 주시면 추가 지원을 받으실 수 있습니다.
BIL,조기 퇴실 비용은 어떻게 확인하나요?,취소,취소 수수료 확인,"문의해 주셔서 감사합니다! 계약에 대한 조기 종료 비용을 보려면 계정에 로그인하여 ""취소 수수료"" 섹션으로 이동하십시오. 여기에서 고객님의 계약에 적용되는 중도해지 수수료의 세부사항과 금액을 확인할 수 있습니다. 추가 질문이 있거나 도움이 필요하시면 언제든지 알려주세요!"
BILM,조기 퇴사 수수료는 어떻게 확인할 수 있나요?,취소,취소 수수료 확인,"물론이죠! 계약에 대한 조기 종료 수수료를 확인하려면 계정에 로그인하여 ""수수료 및 벌금"" 섹션으로 이동하세요. 여기서는 계약 기간 이전에 계약을 취소하는 데 따른 비용에 대한 자세한 정보를 확인할 수 있습니다. 추가 질문이 있으시면 언제든지 고객 지원팀에 문의해 주세요."
BLM,출금수수료를 봐야겠네요,취소,취소 수수료 확인,확실히! 출금수수료에 관해 꼭 알아야 할 모든 정보를 알려드리겠습니다. 고객님의 계정 세부 정보를 제공해 주시거나 고객 서비스 팀에 문의하여 추가 지원을 받으실 수 있습니다. 우리가 도와드리겠습니다!
BCLM,조기 해고 위약금을 찾을 수 없습니다. 도와주세요.,취소,취소 수수료 확인,걱정 마세요! 조기 종료 위약금을 확인하려면 계약서의 이용 약관 섹션을 참조하세요. 또는 당사 고객 서비스 팀에 연락하여 조기 종료와 관련된 특정 처벌을 확인하는 데 도움을 받을 수 있습니다. 그들은 기꺼이 고객님을 도와줄 것입니다!
BELM,취소수수료는 어떻게 확인하는지 모르겠어요,취소,취소 수수료 확인,문제 없습니다! 취소 수수료에 대한 정보를 검색하는 데 도움을 드릴 수 있습니다. 고객님의 계정 세부정보를 제공해 주시면 필요한 세부정보를 찾아드리겠습니다.
BL,조기해지 패널티를 봐야겠네요,취소,취소 수수료 확인,"조기 해지 위약금을 보려면 당사 웹사이트에서 고객님의 계정에 로그인하여 ""해지 수수료"" 섹션으로 이동하십시오. 여기서는 계약이 완료되기 전에 계약을 취소하는 데 따른 비용에 대한 자세한 정보를 확인할 수 있습니다."
BLMQ,해고 처벌을 확인하고 싶어요,취소,취소 수수료 확인,"물론이죠! 해고 처벌을 확인하는 데 도움을 드릴 수 있습니다. 해지 처벌을 보려면 계정에 로그인하여 ""계정 정보"" 또는 ""청구"" 섹션으로 이동하세요. 해당 섹션에서 고객님의 특정 계정에 대한 해지 위약금에 대한 세부 정보를 확인하실 수 있습니다. 더 궁금한 점이 있으시면 언제든지 알려주세요!"
BKL,취소 수수료를 확인하세요,취소,취소 수수료 확인,기꺼이 도와드리겠습니다! 취소 수수료에 대한 정보를 알려드릴 수 있습니다. 잠시 시간을 내어 자세한 내용을 확인해 주시기 바랍니다.
BEL,출금수수료를 보려면 어떻게 해야할지 모르겠습니다,취소,취소 수수료 확인,전혀 문제 없습니다! 인출 수수료를 확인하는 데 필요한 단계를 찾는 데 도움을 드리겠습니다.
BLM,조기 퇴사 수수료 확인 지원,취소,취소 수수료 확인,"기꺼이 도와드리겠습니다! 제가 도와드릴 수 있습니다. 조기 종료 수수료를 확인하려면 계정에 로그인한 후 ""내 계획"" 섹션으로 이동하세요. 여기에서 계약 조기 종료에 적용되는 수수료에 대한 자세한 정보를 확인할 수 있습니다."
BLM,인출 수수료를 확인하는 데 도움을 주세요,취소,취소 수수료 확인,물론이죠. 인출 수수료를 확인하는 방법을 설명해 드릴 수 있습니다. 그렇게 하려면 온라인으로 계정에 로그인하거나 당사 고객 서비스 팀에 문의하세요. 그들은 고객님의 계좌에 적용되는 인출 수수료에 관한 정보를 고객님께 제공할 수 있습니다.
BLM,해고 위약금을 확인하는 데 도움이 필요합니다.,취소,취소 수수료 확인,"내가 처리할게! 해지 위약금을 확인하려면 계정에 로그인하여 ""해지 위약금"" 섹션으로 이동하세요. 이는 고객님의 서비스 종료와 관련된 수수료에 대한 모든 정보를 제공합니다. 추가 질문이 있으시면 언제든지 문의해 주세요."
BILQ,조기퇴출 페널티는 무엇인가요?,취소,취소 수수료 확인,바로 처리하겠습니다! 고객님의 계정에 대한 조기 탈퇴 위약금을 확인하는 데 도움을 드릴 수 있습니다. 제가 고객님을 위해 구체적인 정보를 찾아볼 수 있도록 고객님의 계정 세부정보를 알려주시겠습니까?
BELM,출금 수수료를 어떻게 보는지 모르겠어요,취소,취소 수수료 확인,문제없습니다. 인출 수수료 확인을 도와드릴 수 있습니다. 인출 수수료를 확인하려면 계좌 명세서를 참조하거나 당사 고객 서비스 팀에 문의하시면 관련 정보를 제공해 드릴 수 있습니다.
BL,조기 퇴출 처벌 확인 지원,취소,취소 수수료 확인,최선을 다하겠습니다! 조기 퇴실 벌금을 확인하실 수 있도록 도와드리겠습니다. 정확한 정보를 제공하려면 계정 세부정보를 제공하거나 고객 서비스 팀에 문의하여 추가 지원을 받으시기 바랍니다.
BLM,조기 퇴실 처벌을 확인하려고 합니다.,취소,취소 수수료 확인,"기꺼이 도와드리겠습니다! 조기 종료 벌금을 보려면 계정에 로그인하여 ""조기 종료 수수료"" 섹션으로 이동하세요. 여기에서 지정된 기간이 완료되기 전에 서비스를 취소할 경우 처벌에 대해 필요한 모든 세부 정보를 확인할 수 있습니다. 추가 문의사항이 있거나 추가 지원이 필요한 경우 언제든지 알려주시기 바랍니다."
BCILM,"조기 퇴사 수수료를 확인하고 싶은데, 도와주실 수 있나요?",취소,취소 수수료 확인,물론입니다! 조기 퇴사 수수료 확인을 도와드릴 수 있습니다. 해지 처벌을 보려면 당사 웹사이트에서 고객님의 계정에 로그인하거나 당사 고객 지원팀에 문의하여 자세한 내용을 확인하십시오.
BILQZ,조기 해고 페널티를 볼 수 있나요?,취소,취소 수수료 확인,내가 처리할게! 당사 웹사이트에서 고객님의 고객 계정에 로그인하시면 조기 해지 위약금을 쉽게 확인할 수 있습니다. 취소 또는 종료 섹션으로 이동하여 필요한 모든 관련 정보를 찾으세요.
BLW,망할 취소 수수료를 보고 도움을 받고 싶습니다,취소,취소 수수료 확인,바로 처리하겠습니다! 취소 수수료 확인을 도와드릴 수 있습니다. 이를 위해 고객님의 계정 세부정보를 제공해 주시면 구체적인 수수료를 찾아드리겠습니다.
BILQ,해고 패널티를 보는 방법,취소,취소 수수료 확인,"해지 벌금을 확인하려면 온라인으로 고객님의 계정에 접속하여 ""취소 정책"" 섹션으로 이동하십시오. 여기에서 고객님의 계정 해지에 관련된 요금 및 수수료에 관한 모든 세부 정보를 확인할 수 있습니다."
BLMQ,조기 해지 비용을 어떻게 확인할 수 있는지 모르겠어요,취소,취소 수수료 확인,중도해지 수수료 확인 방법에 대해 잘 모르시는 것으로 파악되었습니다. 절차를 안내해 드리겠습니다. 조기 해지 비용을 확인하려면 당사 웹사이트에서 고객님의 계정에 로그인한 후 청구 섹션으로 이동하세요. 여기에서 요금제에 대한 해지 비용을 볼 수 있는 옵션을 찾아야 합니다. 정보를 찾을 수 없거나 추가 지원이 필요한 경우 주저하지 말고 고객 지원팀에 문의하세요. 그들은 기꺼이 고객님을 도와줄 것입니다.
BCLMW,빌어먹을 출금 수수료를 확인해야 하는데 도움이 필요해요,취소,취소 수수료 확인,"고객님이 겪고 있는 좌절감에 대해 사과드립니다. 인출 비용을 보려면 계정에 로그인하여 ""수수료 및 요금"" 또는 ""인출 정책"" 섹션으로 이동하세요. 추가 지원이 필요한 경우 언제든지 고객 지원팀에 문의하세요."
BEL,조기 퇴사 수수료를 어떻게 확인할 수 있는지 모르겠습니다.,취소,취소 수수료 확인,문제 없습니다! 조기퇴사 수수료를 확인하시려면 당사 웹사이트나 모바일 앱에서 고객님의 계정에 로그인하실 수 있습니다. 또는 당사 고객 서비스 팀에 문의하시면 해당 정보에 대해 기꺼이 도움을 드릴 것입니다.
BL,해지수수료를 보려고 하는데,취소,취소 수수료 확인,"최선을 다하겠습니다! 고객님의 계정에 대한 해지 수수료에 대한 정보를 찾는 데 도움을 드리겠습니다. 온라인 프로필에 로그인하여 ""수수료 및 요금"" 섹션으로 이동하세요. 여기에서 해지 수수료 세부정보를 볼 수 있습니다."
BILQ,출금 수수료는 어디서 볼 수 있나요?,취소,취소 수수료 확인,인출 수수료를 확인하려면 당사 웹사이트에서 고객님의 계정에 로그인하거나 당사 고객 서비스 팀에 문의하여 도움을 받으십시오. 그들은 고객님께 필요한 모든 세부 정보를 제공할 수 있습니다.
BCELM,해지 수수료를 찾을 수 없습니다. 도움이 필요합니다.,취소,취소 수수료 확인,물론이죠! 고객님의 계정에 대한 해지 수수료에 관한 정보를 찾는 데 기꺼이 도움을 드리겠습니다. 고객님의 계좌 정보를 알려주시면 확인해 드리겠습니다.
BL,조기 해지 비용을 확인하는 데 도움이 됩니다,취소,취소 수수료 확인,"물론, 조기 해지 비용을 조사하는 데 기꺼이 도움을 드리겠습니다. 고객님의 계좌 정보를 알려주시면 정확한 금액을 확인해 드리겠습니다."
BILM,조기 퇴사 비용은 어디서 확인하나요?,취소,취소 수수료 확인,"조기 종료 비용을 보려면 온라인으로 고객님의 계정에 접속하여 ""계정 세부 정보"" 섹션으로 이동하십시오. 여기에서 고객님의 계획과 관련된 조기 종료 비용에 관한 모든 정보를 찾을 수 있습니다."
BLMQ,조기 퇴사 수수료를 확인하려고 합니다.,취소,취소 수수료 확인,물론이죠. 제가 도와드릴 수 있습니다. 조기 종료 수수료를 알아보려면 서비스 계약을 참조하거나 고객 서비스 부서에 문의하세요. 그들은 계약 조기 종료와 관련된 수수료에 관해 필요한 모든 정보를 제공할 것입니다.
BLQZ,해고 패널티를 보려면 어떻게 해야 하는지 모르겠어요,취소,취소 수수료 확인,"걱정 마세요! 해지 위약금을 확인하려면 당사 웹사이트에 접속하여 ""이용 약관"" 섹션으로 이동하세요. 해고 위약금에 관한 모든 세부 정보는 여기에서 제공됩니다. 추가로 도움이 필요하시면 알려주세요!"
BLQ,철회 처벌을 확인하는 데 도움이 필요합니다.,취소,취소 수수료 확인,물론이죠! 인출 벌금을 확인하는 데 도움을 드릴 수 있습니다. 그렇게 하려면 다음 단계를 따라 주세요. 1. 은행이나 금융기관의 공식 홈페이지에 접속합니다. 2. 로그인 정보를 사용하여 계정에 로그인합니다. 3. '계정 세부정보' 또는 '거래 내역' 섹션으로 이동합니다. 4. 확인하고 싶은 출금 관련 특정 거래를 찾아보세요. 5. 적용 가능한 인출 수수료 또는 위약금을 포함하여 거래 세부 사항을 검토하십시오. 필요한 정보를 찾을 수 없거나 문제가 발생한 경우 알려주시면 기꺼이 도와드리겠습니다.
BKL,조기 종료 페널티 표시,취소,취소 수수료 확인,죄송합니다. 계약에 따른 조기 종료 페널티는 없습니다. 고객님는 추가 비용 없이 언제든지 계약을 해지할 수 있습니다.
BILMQ,인출 수수료는 어떻게 확인하나요,취소,취소 수수료 확인,인출 수수료를 보려면 계정의 이용 약관 섹션을 확인하세요. 또는 당사 고객 지원팀에 문의하여 이 정보를 검색하는 데 도움을 받을 수 있습니다.
BL,취소 수수료를 보려고 합니다,취소,취소 수수료 확인,물론입니다! 고객님의 계정에 대한 취소 수수료를 보려면 온라인 계정에 로그인하여 청구 섹션으로 이동하십시오. 여기에서 취소 수수료에 관한 정보를 확인하실 수 있습니다. 추가 지원이 필요한 경우 언제든지 당사 고객 서비스 팀에 문의하시면 기꺼이 도와드릴 것입니다.
BL,조기 퇴사 비용을 확인하는 데 도움이 필요합니다,취소,취소 수수료 확인,물론이죠! 조기 퇴실 수수료를 확인하는 데 도움을 받으시려면 고객님의 계좌 정보를 제공하시거나 당사 고객 서비스 팀에 문의해 주십시오. 그들은 고객님의 서비스 계약과 관련된 해지 수수료에 관한 구체적인 정보를 고객님께 제공할 수 있습니다.
BILM,인출 비용은 얼마입니까?,취소,취소 수수료 확인,"바로 처리하겠습니다! 고객님의 계정에 대한 인출 수수료를 보려면 온라인 계정에 로그인하여 ""수수료 및 요금"" 섹션으로 이동하십시오. 여기에서 고객님의 특정 계좌 유형에 적용되는 인출 수수료에 대한 자세한 정보를 확인할 수 있습니다. 추가 질문이 있거나 도움이 필요하시면, 주저하지 마시고 고객 서비스 팀에 문의해 주세요."
BLM,조기 퇴실 처벌을 참조하세요,취소,취소 수수료 확인,과연! 조기 퇴사 처벌에 관한 정보를 알려드릴 수 있습니다. 정확한 세부 사항을 확인하려면 계약서의 이용 약관 섹션을 참조하세요. 계약을 조기에 종료하는 경우 적용되는 구체적인 수수료 및 요금이 간략히 설명되어 있습니다. 추가 질문이 있거나 도움이 필요하시면 언제든지 알려주시기 바랍니다.
BLMQZ,인출 수수료를 확인하는 데 도움이 필요합니다,취소,취소 수수료 확인,물론이죠. 인출 수수료를 확인하는 데 도움을 드릴 수 있습니다. 두 가지 옵션이 있습니다. 당사 웹사이트를 확인하고 수수료 및 요금 섹션으로 이동하거나 당사 고객 지원팀에 문의하여 자세한 내용을 문의할 수 있습니다. 추가 지원이 필요하면 알려주시기 바랍니다.
BL,취소 수수료 확인 지원,취소,취소 수수료 확인,"긍정적으로! 취소 수수료를 보려면 당사 웹사이트에서 고객님의 계정에 로그인한 후 ""청구"" 섹션으로 이동하십시오. 여기에서 고객님의 계정과 관련된 취소 수수료에 대한 자세한 정보를 확인할 수 있습니다. 추가 지원이 필요한 경우 당사 고객 서비스 헬프라인에 문의하실 수 있습니다."
BILM,조기 퇴사 처벌을 확인하는 방법은 무엇입니까?,취소,취소 수수료 확인,물론입니다. 조기 종료 위약금을 확인하는 데 도움을 드릴 수 있습니다.
BLZ,조기 종료 페널티를 확인하는 데 도움이 됩니다.,취소,취소 수수료 확인,"물론입니다! 조기 종료 페널티를 보려면 계정 대시보드로 이동하여 ""계정 세부 정보"" 섹션을 찾으세요. 해당 섹션에는 ""조기 종료"" 또는 ""취소 수수료""라는 옵션이 있습니다. 클릭하시면 페널티 내역을 보실 수 있습니다. 어려움이 있거나 추가 지원이 필요한 경우 주저하지 말고 지원팀에 문의하세요."
BELMQZ,조기 종료 비용을 찾을 수 없습니다,취소,취소 수수료 확인,불편을 끼쳐드려 죄송합니다. 고객님의 계정에 대한 조기 해지 비용에 대한 정보를 찾는 데 도움을 드리겠습니다. 필요한 정보에 접근하고 그에 따라 안내할 수 있도록 고객님의 계정 세부정보를 제공해 주시기 바랍니다.
BIL,출금 수수료를 보려면 어떻게 해야 하나요?,취소,취소 수수료 확인,"물론입니다! 인출 수수료를 보려면 다음 단계를 따르세요. 1. 당사 웹사이트 또는 모바일 앱에서 고객님의 계정에 로그인하십시오. 2. 계정 설정 섹션으로 이동합니다. 3. ""철회 수수료"" 또는 ""취소 수수료"" 옵션을 찾으십시오. 4. 클릭하시면 출금수수료 내역을 보실 수 있습니다. 어려움이 있거나 추가 지원이 필요한 경우 언제든지 고객 지원팀에 문의하세요."
BLZ,조기해지 수수료를 봐야겠네요,취소,취소 수수료 확인,"확실히! 조기 해지 수수료를 보려면 계정에 로그인하여 ""청구"" 또는 ""수수료 및 요금"" 섹션으로 이동하십시오. 여기에서 계약과 관련된 조기 해지 수수료에 대한 모든 세부 정보를 확인할 수 있습니다."
BL,조기 해고 벌금을 확인하는 데 도움이 필요합니다,취소,취소 수수료 확인,"물론이죠! 중도해지 위약금을 확인하시려면 계약 시작일, 기간 등 계약 내용을 알려주세요. 해당 정보를 통해 고객님의 계약을 조기 해지하는 데 따른 구체적인 벌금 금액을 결정할 수 있습니다."
BLM,해지 수수료를 확인하는 데 도움이 필요합니다,취소,취소 수수료 확인,저는 그것을하고있다! 해지 수수료 확인을 도와드릴 수 있습니다. 정확한 금액은 당사에서 제공하는 이용약관 문서를 참고하시면 됩니다.
BCL,조기퇴사 수수료를 확인해야 하는데 도와주세요,취소,취소 수수료 확인,"확실히! 조기 퇴실 비용 확인을 도와드릴 수 있습니다. 정확한 정보를 검색할 수 있도록 고객님의 계좌번호, 해지 날짜 등 관련 세부정보를 알려주시기 바랍니다."
BL,출금수수료를 확인해야겠어요,취소,취소 수수료 확인,"기꺼이 도와드리겠습니다! 고객님의 계좌에 대한 인출 수수료를 확인하는 데 도움을 드릴 수 있습니다. 정확한 정보를 제공해 드릴 수 있도록 시작일, 기간 등 계약 세부정보를 알려주세요."
BLZ,탈퇴페널티를 보려면 어떻게 해야할지 모르겠습니다,취소,취소 수수료 확인,"걱정 마세요! 인출 벌금을 보려면 계정에 로그인하여 ""취소 수수료"" 섹션으로 이동하면 됩니다. 이를 통해 고객님의 서비스 철회와 관련된 처벌에 관한 모든 세부 정보가 제공됩니다."
BILQZ,조기 해지 수수료는 어떻게 볼 수 있나요,취소,취소 수수료 확인,과연! 조기 해지 수수료를 확인하려면 계약 약관을 참조하거나 당사 고객 서비스 팀에 문의하세요. 그들은 고객님께 필요한 정보를 제공할 수 있을 것입니다.
BLM,출금 페널티를 확인해야 해요,취소,취소 수수료 확인,"최선을 다하겠습니다! 인출 위약금을 보려면 계정에 로그인하여 ""조기 인출에 대한 위약금"" 섹션으로 이동하십시오. 더 궁금한 점이 있으시면 언제든지 문의해주세요!"
BCILM,조기 퇴사 처벌을 확인해야 하는데 도움을 받을 수 있나요?,취소,취소 수수료 확인,"물론, 조기 퇴실 처벌을 확인하는 데 도움을 드릴 수 있습니다. 필요한 정보를 찾으려면 당사 웹사이트를 방문하여 ""수수료 및 요금"" 섹션으로 이동하십시오. 여기에서 조기 해지 수수료에 관한 모든 세부 정보를 확인할 수 있습니다. 추가 문의사항이 있거나 추가 도움이 필요하시면 언제든지 알려주시기 바랍니다."
BILM,출금 수수료를 볼 수 있나요?,취소,취소 수수료 확인,긍정적으로! 고객님의 계좌에 대한 인출 수수료를 확인하려면 온라인 계좌 명세서에 접속하거나 당사 고객 서비스 팀에 도움을 요청하십시오. 인출 수수료에 관한 모든 세부 정보를 제공할 수 있습니다.
BLM,인출 처벌,취소,취소 수수료 확인,물론이죠! 인출 위약금을 확인하려면 계약서에 명시된 이용 약관을 검토하는 것이 가장 좋습니다. 특정 질문이 있거나 추가 지원이 필요한 경우 당사 고객 서비스 팀이 기꺼이 도와드리겠습니다.
BILQ,취소 위약금은 어디서 확인할 수 있나요?,취소,취소 수수료 확인,취소 위약금을 확인하려면 당사 웹사이트의 이용 약관 섹션을 참조하거나 고객 서비스 팀에 문의하세요. 고객님의 계정에 대한 취소 위약금에 대한 구체적인 세부 정보를 제공할 수 있습니다.
BILP,취소 수수료는 어떻게 확인할 수 있나요?,취소,취소 수수료 확인,내가 처리할게! 취소 수수료를 확인하는 방법은 다양합니다. 계약을 확인하거나 고객 서비스 팀에 문의하여 계정과 관련된 취소 수수료에 대한 자세한 정보를 얻을 수 있습니다. 그들은 고객님께 필요한 모든 세부 정보를 제공하고 고객님이 가질 수 있는 추가 질문에 답변할 수 있습니다.
BIL,출금 페널티를 확인할 수 있나요?,취소,취소 수수료 확인,기꺼이 도와드리겠습니다! 출금 위약금을 확인하려면 계정 계약의 이용 약관을 참조하거나 당사 고객 서비스 팀에 자세한 내용을 문의하세요. 인출 벌금과 관련하여 필요한 모든 세부 정보를 제공할 수 있습니다.
BLM,조기해지 수수료를 보려면 어떻게 해야 하는지 모르겠습니다.,취소,취소 수수료 확인,걱정 마세요! 중도해지수수료 확인방법을 안내해드리겠습니다. 먼저 당사 웹사이트에서 고객님의 계정에 로그인하세요. 그런 다음 취소 또는 종료 섹션으로 이동합니다...
BILMW,망할 인출 수수료는 어디서 확인할 수 있나요?,취소,취소 수수료 확인,내가 처리할게! 인출 수수료에 대한 자세한 내용을 확인하려면 당사 웹사이트의 이용 약관 섹션을 참조하거나 당사 고객 서비스 팀에 문의하여 더 자세한 정보를 확인하세요.
BIL,출금 수수료를 확인하려면 어떻게 해야 하나요?,취소,취소 수수료 확인,"물론입니다. 인출 수수료를 확인하는 단계를 알려드릴 수 있습니다. 먼저, 출금 수수료에 대한 세부 사항이 언급되어야 하는 계약 계약을 참조할 수 있습니다. 그곳에서 찾을 수 없는 경우, 저희 고객 서비스 팀에 연락하시면 인출 수수료 확인에 대해 추가 도움을 드릴 수 있습니다."
BILQ,조기 퇴사 비용은 어떻게 확인하나요?,취소,취소 수수료 확인,최선을 다하겠습니다! 고객님의 계정에 대한 조기 종료 비용을 확인하는 데 도움을 드릴 수 있습니다. 따라할 수 있는 단계는 다음과 같습니다. 1...
BLMZ,조기 해고 처벌을 확인하는 데 도움을 주세요,취소,취소 수수료 확인,바로 처리하겠습니다! 조기 해고 위약금을 확인하는 데 도움을 드릴 수 있습니다. 제가 고객님을 위해 구체적인 정보를 찾아볼 수 있도록 고객님의 계정 세부정보를 알려주시겠습니까?
BLM,취소수수료를 확인하려고 합니다,취소,취소 수수료 확인,내가 처리할게! 취소 수수료를 확인하려면 계약 계약을 참조하거나 당사 고객 서비스 팀에 문의하시면 추가 지원을 받으실 수 있습니다.
BELMQ,조기 해지 수수료를 찾을 수 없습니다,취소,취소 수수료 확인,"걱정 마세요. 제가 도와드리겠습니다. 조기 해지 수수료를 확인하려면 온라인으로 계정에 로그인하여 ""이용 약관"" 섹션으로 이동하세요. 여기에서 계약이 종료되기 전 서비스 종료 수수료에 관한 모든 세부정보를 확인하실 수 있습니다. 여전히 문제가 있는 경우 주저하지 말고 고객 지원팀에 문의하여 추가 지원을 받으시기 바랍니다."
BLM,출금 위약금을 어떻게 확인할 수 있는지 모르겠습니다.,취소,취소 수수료 확인,문제 없습니다! 고객님의 계좌에 대한 인출 벌금을 확인하는 데 도움을 드릴 수 있습니다. 그렇게 하려면 계정 계약의 이용 약관 섹션을 참조하거나 필요한 정보를 제공할 수 있는 고객 지원팀에 문의하세요.
BLZ,취소 위약금을 확인하는 데 도움이 필요합니다,취소,취소 수수료 확인,물론이죠. 제가 도와드릴 수 있습니다. 취소 위약금을 확인하려면 계약 약관을 참조해야 합니다. 여기에는 서비스 취소에 대한 구체적인 요금과 조건이 명시되어 있어야 합니다. 해당 정보를 찾는 데 어려움이 있는 경우 계약 세부정보를 알려주시면 절차를 안내해 드리겠습니다.
BL,해고 처벌을 확인하는 데 도움,취소,취소 수수료 확인,"내가 해낼게! 해지 위약금을 보려면 계정 설정에 액세스하여 ""해지 수수료"" 섹션으로 이동하세요. 여기에서 조기 해고에 대한 처벌에 관한 모든 정보를 확인할 수 있습니다. 더 궁금한 점이 있으시면 언제든지 알려주세요!"
BL,조기 해지 수수료를 확인하는 데 도움,취소,취소 수수료 확인,"물론, 조기 해지 수수료의 세부 사항을 이해하는 데 도움을 드릴 수 있습니다."
BLQZ,취소 수수료를 납부해야 해,취소,취소 수수료 확인,"확실히! 취소 수수료를 보려면 고객님의 계정에 로그인하여 ""취소 수수료"" 섹션으로 이동하십시오."
BLMP,해지 수수료를 확인하고 싶습니다.,취소,취소 수수료 확인,"저는 그것을하고있다! 해지 비용을 보려면 당사 웹사이트에서 고객님의 계정에 액세스할 수 있습니다. 로그인한 후 ""청구"" 섹션으로 이동하면 고객님의 계획과 관련된 해지 수수료에 대한 자세한 내역을 확인할 수 있습니다. 추가 질문이 있거나 도움이 필요한 경우 언제든지 고객 지원팀에 문의해 주세요."
BKLM,인출 수수료 표시,취소,취소 수수료 확인,"바로 처리하겠습니다! 고객님의 계좌에 대한 인출 수수료를 확인하는 데 도움을 드릴 수 있습니다. 그렇게 하려면 온라인 프로필을 방문하여 ""계정 세부 정보"" 또는 ""수수료 및 요금"" 섹션으로 이동하면 됩니다. 여기에서 고객님의 계좌에 적용되는 인출 수수료에 관한 정보를 찾을 수 있습니다. 추가 도움이 필요하면 알려주시기 바랍니다."
BLM,조기 해고 처벌,취소,취소 수수료 확인,물론입니다. 조기 해고 처벌에 관한 정보를 알려드릴 수 있습니다. 처벌 내용을 자세히 보려면 ​​당사 웹사이트에서 고객님의 계정에 로그인하십시오. 로그인한 후 구독 또는 계약에 대한 정보를 제공하는 섹션으로 이동하세요. 거기에 나열된 해고 처벌의 구체적인 내용을 확인해야 합니다. 추가 질문이 있거나 추가 지원이 필요한 경우 언제든지 고객 지원팀에 문의하세요.
BILM,인출 수수료는 얼마입니까?,취소,취소 수수료 확인,"저는 그것을하고있다! 인출 수수료에 대한 정보를 알려드릴 수 있습니다. 고객님의 계좌에서 인출할 때 거래와 관련된 특정 수수료가 있을 수 있습니다. 이러한 수수료는 고객님이 보유한 계좌 유형, 선택한 인출 방법 등의 요인에 따라 달라질 수 있습니다. 고객님의 계정에 적용되는 인출 수수료에 대한 구체적인 세부 정보를 얻으려면 온라인 프로필의 ""수수료 및 요금"" 섹션을 확인하거나 당사 고객 서비스 팀에 직접 문의하는 것이 좋습니다. 그들은 고객님의 특정 계좌에 대한 인출 수수료에 관한 정확한 최신 정보를 제공할 수 있습니다."
BLQZ,취소 위약금을 어떻게 확인할 수 있는지 모르겠어요,취소,취소 수수료 확인,전혀 문제 없습니다! 취소위약금 조회방법을 안내해드리겠습니다.
BELQZ,조기 종료 페널티를 확인하는 방법을 모르겠습니다,취소,취소 수수료 확인,전혀 문제 없습니다! 고객님의 계정에 대한 조기 해지 위약금을 확인하는 방법을 이해하는 데 도움을 드릴 수 있습니다. 고객님께 필요한 정보를 찾을 수 있도록 잠시 시간을 주십시오.
BLM,조기해지 수수료를 보려면 어떻게 해야 할지 모르겠습니다.,취소,취소 수수료 확인,"문제 없습니다! 조기 해지 비용을 보려면 다음 단계를 따르세요. 1. 당사 웹사이트에서 고객님의 계정에 로그인하십시오. 2. '계정 정보' 섹션으로 이동합니다. 3. '청구' 또는 '지불' 탭을 찾으세요. 4. 청구 또는 결제 옵션 아래에 ""수수료 및 요금""이라는 하위 섹션이 있습니다. 5. 해당 하위 섹션을 클릭하면 조기 해지 비용에 대한 세부 정보를 볼 수 있습니다. 문제가 발생하거나 추가 지원이 필요한 경우 언제든지 고객 지원팀에 문의하세요."
BL,해지 수수료,취소,취소 수수료 확인,"확실히! 해지 수수료에 대한 정보를 알려드릴 수 있습니다. 특정 플랜에 대한 해지 수수료를 확인하려면 당사 웹사이트를 방문하여 ""가격"" 또는 ""FAQ"" 섹션으로 이동하십시오. 여기에서 적용 가능한 위약금 및 조건을 포함하여 해지 수수료에 관한 모든 세부 정보를 확인할 수 있습니다. 추가 질문이 있거나 도움이 필요한 경우 언제든지 고객 지원팀에 연락해 주시면 기꺼이 도와드리겠습니다."
BELM,조기 해지 수수료를 찾을 수 없습니다.,취소,취소 수수료 확인,"불편을 끼쳐드려 죄송합니다. 조기 해지 비용에 대한 정보를 찾으려면 당사 웹사이트의 ""수수료 및 요금"" 섹션을 확인하거나 당사 고객 서비스 팀에 문의하시면 기꺼이 도와드릴 것입니다."
BL,조기해지 수수료를 확인해야겠어요,취소,취소 수수료 확인,"최선을 다하겠습니다! 조기 해지 수수료를 확인하려면 계정에 로그인하여 ""조기 해지 수수료"" 섹션으로 이동하세요. 여기에서 지정된 기간 이전에 계정을 해지하는 데 필요한 수수료와 관련하여 필요한 모든 정보를 찾을 수 있습니다."
BLMW,빌어먹을 조기 퇴사 비용을 확인하는 데 도움이 필요해요,취소,취소 수수료 확인,"물론이죠. 조기 해지 수수료를 확인하는 데 도움을 드릴 수 있습니다. 다음 단계를 따라 주세요. 1. 당사 웹사이트에서 고객님의 계정에 로그인하십시오. 2. '계정 설정' 섹션으로 이동합니다. 3. ""해지 수수료"" 탭을 찾으세요. 4. 클릭하시면 조기퇴실수수료 내역을 보실 수 있습니다. 문제가 발생하거나 추가 질문이 있는 경우 언제든지 고객 지원팀에 문의하세요."
BLMQZ,조기 퇴실 요금을 확인하려면 도움이 필요해요,취소,취소 수수료 확인,"내가 처리할게! 고객님의 계약에 대한 조기 해지 비용을 검토하는 데 도움을 드릴 수 있습니다. 요금을 정확하게 평가할 수 있도록 시작일, 기간 등 계약 세부정보를 알려주세요."
BLM,조기 해지 비용을 확인하는 데 도움이 필요합니다,취소,취소 수수료 확인,물론이죠! 조기 해지 수수료 확인을 도와드릴 수 있습니다. 정확한 정보를 제공하기 위해 계정 세부정보나 계약 정보를 알려주시겠어요?
BCIL,해지 수수료를 확인해야 하는데 도와주실 수 있나요?,취소,취소 수수료 확인,확실히! 해지 수수료를 확인하려면 계약서의 이용 약관 섹션을 참조하거나 당사 고객 지원팀에 자세한 내용을 문의하세요. 해지 수수료 및 관련 수수료에 관한 정확한 세부 정보를 제공할 수 있습니다.
BELQZ,종료 패널티를 어떻게 볼 수 있는지 모르겠습니다.,취소,취소 수수료 확인,문제 없습니다! 해지 패널티를 보는 방법을 안내해 드릴 수 있습니다. 이 정보를 찾으려면 계약서의 이용 약관 섹션을 참조하세요. 여기에는 계약 종료와 관련된 수수료 또는 벌금에 대한 세부 정보가 요약되어 있습니다. 이 정보를 찾는 데 어려움이 있는 경우 알려주시면 추가 지원을 해 드리겠습니다.
BILMZ,해지 수수료를 면제해 주실 수 있나요?,취소,취소 수수료 확인,물론입니다! 해지 수수료를 확인하는 데 도움을 드리고자 왔습니다. 그렇게 하려면 몇 가지 정보가 필요합니다. 제가 필요한 정보에 접근하고 정확한 해지 수수료를 제공할 수 있도록 고객님의 계정 세부정보나 관련 정보를 제공해 주시겠습니까?
BQ,취소 수수료를 확인하려고 해,취소,취소 수수료 확인,물론이죠! 취소 수수료 확인을 도와드릴 수 있습니다. 정확한 정보를 제공하기 위해 계정 세부정보를 제공하거나 고객 서비스 팀에 문의해 주시겠습니까? 고객님의 계정에 대한 구체적인 취소 수수료를 확인하는 데 도움을 드릴 것입니다.
BLMQZ,조기 퇴장 페리를 보려고합니다.,취소,취소 수수료 확인,물론이죠. 제가 도와드릴 수 있습니다. 조기 종료 수수료를 확인하려면 계약서를 참조하거나 고객 서비스 팀에 문의하세요. 서비스를 조기 취소할 때 적용될 수 있는 수수료에 대한 구체적인 세부 정보를 제공할 수 있습니다.
BLQ,인출 수수료를 확인해야 해요,취소,취소 수수료 확인,물론이죠. 인출 수수료를 확인하는 데 도움을 드릴 수 있습니다. 정보를 수집할 시간을 잠시 주십시오.
BCIL,해지 패널티를 확인해야 하는데 어떻게 해야 하나요?,취소,취소 수수료 확인,"해지 위약금을 보려면 계정에 로그인하여 ""해지 수수료"" 섹션으로 이동하세요. 여기에서 조기 해고에 따른 처벌에 관한 모든 정보를 확인할 수 있습니다."
BLM,조기 해지 수수료를 확인하려면 도움이 필요합니다.,취소,취소 수수료 확인,"물론이죠. 제가 도와드리겠습니다! 조기 해지 수수료를 보려면 계정에 로그인하여 ""해지 수수료"" 섹션으로 이동하십시오. 여기에서 계약 조기 취소와 관련된 수수료에 대한 모든 세부 정보를 확인할 수 있습니다. 추가 도움이 필요하면 알려주세요!"
BEQZ,취소 수수료를 확인하려면 어떻게 해야 할지 모르겠어요,취소,취소 수수료 확인,혼란을 드려 죄송합니다. 취소 수수료를 확인하려면 일반적으로 이용약관이나 서비스 계약에서 해당 정보를 확인할 수 있습니다. 그곳에서 찾을 수 없는 경우 고객 지원팀에 문의하시면 추가 지원을 받으실 수 있습니다.
BLQW,망할 인출 벌금을 확인해야 해,취소,취소 수수료 확인,"과연! 인출 벌금을 보려면 고객님의 계정에 로그인하여 ""위약금"" 또는 ""수수료"" 섹션으로 이동하십시오. 거기에서 관련 정보를 찾을 수 있습니다."
BILMQZ,조기 퇴실 비용을 확인할 수 있나요?,취소,취소 수수료 확인,"물론입니다! 조기 종료 비용을 보려면 계정에 로그인하여 ""수수료 및 벌금"" 또는 ""조기 종료 비용"" 섹션으로 이동하세요."
BILW,빌어먹을 조기 퇴사 수수료를 확인할 수 있나요?,취소,취소 수수료 확인,과연! 고객님의 계정에 대한 조기 종료 수수료를 확인하는 데 기꺼이 도움을 드리겠습니다. 구체적인 내용을 확인하시려면 계좌번호를 알려주시면 찾아드리겠습니다.
BILM,취소 수수료를 확인하는 것을 도와주실 수 있나요?,취소,취소 수수료 확인,"물론, 취소 수수료 확인을 도와드릴 수 있습니다. 정확한 정보를 제공하기 위해 계약서나 합의사항을 알려주세요."
BCLMP,해고 처벌을 확인하고 싶습니다. 도와주세요.,취소,취소 수수료 확인,내가 해낼게! 해고 처벌을 확인하는 데 도움을 드리고자 왔습니다. 고객님께 필요한 정보에 신속하게 접근할 수 있도록 고객님의 계정 세부정보를 제공해 주십시오.
BL,조기 해지 수수료 확인에 도움을 받고 싶습니다.,취소,취소 수수료 확인,물론입니다! 조기 해지 수수료를 확인하려면 계약서를 참조하거나 고객 서비스 팀에 문의하세요. 해지 수수료에 관한 정확한 정보를 제공할 것입니다.
BCEIL,해고 페널티를 찾을 수 없습니다. 도움을 받을 수 있나요?,취소,취소 수수료 확인,긍정적으로! 저는 고객님을 돕기 위해 여기 있습니다. 고객님의 계정에 대한 해지 위약금을 확인하려면 계약 이용 약관을 확인하거나 당사 고객 지원팀에 자세한 내용을 문의하는 것이 좋습니다. 그들은 고객님께 구체적인 세부 사항을 제공하고 고객님이 가질 수 있는 모든 질문에 답변할 수 있습니다.
BL,해지 수수료를 확인하려면 어떻게 해야 하는지 모르겠습니다.,취소,취소 수수료 확인,걱정 마세요! 해지 수수료를 확인하려면 당사 웹사이트나 모바일 앱에서 고객님의 계정에 로그인하시면 됩니다. 로그인한 후 계정 설정 섹션으로 이동하여 해지 수수료에 관한 정보를 확인하세요. 해당 항목을 찾을 수 없는 경우 언제든지 당사 고객 지원팀에 연락하여 추가 지원을 받으십시오.
BLQZ,조기 퇴실 요금을 확인하는 데 도움이 필요합니다,취소,취소 수수료 확인,물론이죠. 조기 취소 수수료를 확인하는 데 도움을 드릴 수 있습니다. 고객님의 계정 세부정보를 알려주시겠습니까?
BCLZ,해지요금을 확인해야 하는데 도움이 필요해요,취소,취소 수수료 확인,"내가 해낼게! 고객님의 계정에 대한 해지 수수료를 확인하는 데 도움을 드릴 수 있습니다. 그렇게 하려면 고객님의 계정에 로그인하고 ""해지 수수료"" 섹션으로 이동하십시오. 여기서는 계약 취소와 관련된 비용에 관한 모든 정보를 확인할 수 있습니다. 추가 문의사항이 있으면 언제든지 알려주시기 바랍니다."
BLZ,조기 퇴실 처벌을 확인하는 데 도움이 필요합니다,취소,취소 수수료 확인,"물론입니다! 조기 퇴실 벌금을 확인하는 데 도움을 드릴 수 있습니다. 그러기 위해서는 시작일, 기간 등 계약 세부정보를 알려주시기 바랍니다. 또는 조기 종료 벌금에 대한 자세한 내용은 계약서의 이용 약관 섹션을 참조할 수 있습니다."
BILMZ,조기 탈퇴 처벌을 어떻게 확인할 수 있나요?,취소,취소 수수료 확인,"조기 종료 처벌을 확인하려면 당사 웹사이트에서 고객님의 계정에 로그인하여 ""수수료 및 요금"" 섹션으로 이동하십시오. 여기에서 적용될 수 있는 조기 종료 벌금을 포함하여 인출 수수료에 관한 모든 세부 정보를 확인할 수 있습니다. 추가 질문이 있거나 도움이 필요하면 언제든지 고객 서비스 팀에 문의하세요."
BIL,조기해지 위약금을 확인할 수 있나요?,취소,취소 수수료 확인,"조기 해지 위약금을 확인하려면 당사 웹사이트에서 고객님의 계정에 로그인한 후 해지 또는 해지 섹션으로 이동하십시오. 여기에서 위약금 및 서비스 계약 종료 절차에 관한 모든 정보를 확인할 수 있습니다. 추가 질문이 있거나 도움이 필요하시면, 주저하지 마시고 저희 고객 서비스 팀에 연락해 주세요."
BLM,인출 수수료 보여줘,취소,취소 수수료 확인,"물론입니다. 인출 수수료를 보려면 계정에 로그인하여 ""수수료 및 요금"" 섹션으로 이동하세요. 여기에서 적용 가능한 인출 수수료에 관한 모든 정보를 찾을 수 있습니다."
BLM,조기 퇴실 비용 확인 지원,취소,취소 수수료 확인,내가 처리할게! 조기 퇴실 비용 확인을 도와드릴 수 있습니다. 제가 대신 조사할 수 있도록 고객님의 계정 세부정보를 알려주십시오.
BLM,조기 퇴실 비용을 확인하는 데 도움을 주세요,취소,취소 수수료 확인,내가 해낼게! 고객님의 계정에 대한 조기 종료 수수료를 확인하는 데 도움을 드릴 수 있습니다. 그렇게 하려면 온라인 계정에 로그인하여 해지 요금 섹션으로 이동하거나 정확한 세부 정보를 제공할 수 있는 전담 고객 서비스 팀에 문의하세요.
BILM,조기 해지 수수료는 어디서 확인하나요?,취소,취소 수수료 확인,물론입니다. 조기 해지 수수료에 대한 정보를 찾는 데 도움을 드릴 수 있습니다. 조기 해지 수수료에 대한 자세한 내용을 보려면 계정 계약의 이용 약관 섹션을 참조하세요. 합의된 기간 이전에 고객님의 계정을 해지하는 데 따른 수수료 및 위약금을 간략하게 설명해야 합니다. 구체적인 질문이 있거나 추가 지원이 필요한 경우 언제든지 알려주세요.
BKLZ,해지 수수료 확인,취소,취소 수수료 확인,확실히! 고객님의 계정에 대한 해지 수수료를 확인하는 데 도움을 드릴 수 있습니다. 정확한 정보를 제공하기 위해 계좌번호나 기타 관련 세부정보를 알려주실 수 있나요?
BLM,조기 퇴사 수수료를 확인해야 합니다,취소,취소 수수료 확인,"물론이죠! 조기 종료 수수료를 보려면 계정에 로그인하여 ""청구 및 벌금"" 또는 ""조기 종료 수수료"" 섹션으로 이동하세요. 이는 계약 조기 종료와 관련된 수수료에 대한 자세한 정보를 제공합니다."
BLM,출금 수수료를 확인하려면 어떻게 해야 하는지 모르겠습니다.,취소,취소 수수료 확인,"문제 없습니다! 인출 수수료를 확인하려면 당사 웹사이트에서 고객님의 계정에 로그인한 후 ""계정"" 또는 ""설정"" 섹션으로 이동하면 됩니다. 여기에서 적용될 수 있는 인출 수수료나 요금에 대한 자세한 정보를 찾을 수 있습니다. 추가 지원이 필요한 경우 언제든지 고객 지원팀에 문의하시면 기꺼이 도와드리겠습니다."
BMQ,취소 수수료에 대해서는 아무것도 찾을 수가 없어요,취소,취소 수수료 확인,취소 수수료 정보를 찾는 데 불편을 끼쳐드려 죄송합니다. 제가 대신 찾아보겠습니다. 추가 지원을 드릴 수 있도록 고객님의 계정 세부정보를 제공해 주시겠습니까?
BCILMQZ,조기 해고 처벌을 확인해야 합니다. 어떻게 해야 할까요?,취소,취소 수수료 확인,"조기 종료 위약금을 보려면 고객님의 계정에 로그인하여 ""수수료 및 요금"" 또는 ""취소 정책"" 섹션으로 이동하십시오. 처벌에 관한 모든 세부정보는 여기에서 확인할 수 있습니다. 추가 지원이 필요하면 알려주시기 바랍니다."
BILM,취소 수수료를 볼 수 있나요?,취소,취소 수수료 확인,"내가 처리할게! 취소 수수료를 보려면 계정에 로그인하여 ""취소 수수료"" 섹션으로 이동하세요. 여기에서 서비스 계약 취소와 관련된 요금에 대한 자세한 정보를 확인할 수 있습니다. 추가 질문이 있는 경우 언제든지 고객 서비스 팀에 문의하여 도움을 받으세요."
BILPQ,취소 위약금을 확인하는 데 도움을 주실 수 있나요?,취소,취소 수수료 확인,물론이죠! 취소 위약금을 확인하는 데 도움을 드리고자 왔습니다. 고객님의 계정 세부정보를 알려주시면 필요한 정보를 수집해 드리겠습니다.
BLQ,취소 위약금을 찾을 수가 없어요,취소,취소 수수료 확인,"문제 없습니다! 취소 위약금을 확인하려면 계정에 로그인하여 ""취소 수수료"" 섹션으로 이동하세요. 필요한 모든 정보를 제공해야 합니다. 더 궁금한 점이 있으시면 언제든지 문의해주세요!"
BL,중도해지 수수료 확인 방법을 모르겠습니다.,취소,취소 수수료 확인,양해해 주셔서 감사합니다. 당사의 전문가가 곧 고객님과 함께 조기 해지 비용을 확인하는 방법에 대한 지침을 제공할 것입니다.
BELM,출금수수료 확인방법을 모르겠습니다,취소,취소 수수료 확인,"걱정 마세요! 출금수수료 확인 절차를 안내해드릴 수 있습니다. 그렇게 하려면 당사 웹사이트를 방문하여 ""수수료 일정"" 섹션으로 이동하십시오. 여기에서 인출 수수료에 관한 모든 정보를 찾을 수 있습니다. 추가 질문이 있거나 추가 지원이 필요한 경우 주저하지 말고 고객 서비스 팀에 문의하세요. 그들은 기꺼이 고객님을 도와줄 것입니다."
BLMQZ,종료 청구를 확인하는 데 도움이 필요합니다.,취소,취소 수수료 확인,"바로 처리하겠습니다! 해지 수수료를 확인하려면 계정에 로그인하여 ""해지 수수료"" 섹션으로 이동하세요. 여기에서 해지와 관련된 수수료에 관한 모든 관련 정보를 찾을 수 있습니다. 추가 질문이 있는 경우 언제든지 고객 지원팀에 문의하여 추가 지원을 받으세요."
BLZ,조기 퇴실 페널티를 확인하려고 합니다.,취소,취소 수수료 확인,물론이죠! 조기 종료 위약금을 보려면 계정 계약의 이용 약관 섹션을 참조하세요. 합의된 기간 이전에 계정을 취소하는 데 따른 수수료 또는 위약금에 대한 자세한 정보를 제공합니다. 추가 도움이 필요하시면 언제든지 알려주시기 바랍니다.
BILMQZ,취소 벌금 내역 볼 수 있어?,취소,취소 수수료 확인,"취소 위약금에 액세스하려면 당사 웹사이트에서 고객님의 계정에 로그인하여 해당 정보를 쉽게 찾을 수 있습니다. 계약 취소와 관련된 처벌에 관한 모든 세부 정보를 확인할 수 있는 ""취소 정책"" 섹션으로 이동하시면 됩니다. 추가 질문이 있는 경우 언제든지 고객 지원팀에 문의하여 도움을 받으세요."
BLMQ,조기 퇴실 처벌을 확인하려고 해요,취소,취소 수수료 확인,확실히! 조기 해지 수수료를 확인하는 데 도움을 드릴 수 있습니다. 이를 위해 고객님의 계정 세부정보를 알려주시면 제가 찾아보겠습니다.
BILPQW,빌어먹을 취소 수수료를 확인하는 데 좀 도와줄래?,취소,취소 수수료 확인,물론이죠. 취소 수수료를 확인하는 데 도움을 드릴 수 있습니다. 제가 정확한 정보를 제공할 수 있도록 고객님의 계정이나 계약에 대한 구체적인 세부정보를 제공해 주시겠습니까?
BLMQ,조기 해고 비용을 확인하는 데 도움이 필요합니다,취소,취소 수수료 확인,내가 해낼게! 조기 해지 비용을 확인하는 데 도움을 드리고자 왔습니다.
BILM,조기 퇴실 처벌을 확인할 수 있도록 도와주실 수 있나요?,취소,취소 수수료 확인,최선을 다하겠습니다! 조기 퇴사 처벌에 대한 정보를 검색하는 데 도움을 드릴 수 있습니다. 고객님의 구체적인 세부정보를 조회할 수 있도록 고객님의 계정 세부정보를 제공해 주시기 바랍니다.
BILM,해지 수수료는 어디서 확인하나요?,취소,취소 수수료 확인,해지 수수료에 대한 정보는 당사 웹사이트의 이용 약관 섹션에서 확인하거나 당사 고객 서비스 부서에 문의하여 확인할 수 있습니다.
BILM,조기 해고 비용은 어떻게 확인하나요?,취소,취소 수수료 확인,물론이죠! 조기 해지 비용을 확인하려면 계약서의 이용 약관 섹션을 참조하거나 당사 고객 지원팀에 도움을 요청하세요. 그들은 기꺼이 필요한 정보를 제공해 드릴 것입니다.
BIL,취소 위약금을 확인할 수 있나요?,취소,취소 수수료 확인,"긍정적으로! 취소 위약금을 확인하려면 계정에 로그인하여 ""해지 수수료"" 섹션으로 이동하세요. 서비스 취소와 관련된 수수료에 관한 모든 정보를 제공합니다."
BIL,해지 수수료는 어떻게 확인하나요?,취소,취소 수수료 확인,해지 수수료를 확인하려면 계약서와 함께 제공되는 이용 약관 문서를 참조하세요. 여기에는 계약 취소와 관련된 수수료 또는 벌금에 대한 세부 정보가 요약되어 있습니다. 추가 질문이 있거나 도움이 필요하면 언제든지 고객 서비스 팀에 문의하세요.
BILMQZ,출금 페널티는 어디서 확인하나요?,취소,취소 수수료 확인,인출 위약금을 확인하려면 당사 웹사이트를 방문하여 계정에 로그인하세요. 여기에서 '계정 설정' 또는 '계정 세부정보' 섹션으로 이동하세요. 조기 인출과 관련된 수수료 또는 비용을 포함하여 인출 위약금에 관한 정보를 찾을 수 있어야 합니다. 이 정보를 찾는 데 문제가 있는 경우 주저하지 말고 고객 지원팀에 문의하여 추가 지원을 받으시기 바랍니다.
BLM,해지 수수료를 확인할 수 있도록 도와주세요,취소,취소 수수료 확인,"바로 처리하겠습니다! 해지 수수료에 대한 정보를 확인하려면 고객님의 계정에 로그인하여 ""수수료 및 요금"" 섹션으로 이동하십시오. 여기에서 적용 가능한 해지 수수료에 관한 모든 세부 정보를 확인할 수 있습니다."
BL,해지 수수료를 어떻게 확인할 수 있는지 모르겠습니다.,취소,취소 수수료 확인,문제 없습니다! 해지 수수료에 대한 정보를 찾으려면 계약서의 이용 약관 섹션을 확인하거나 고객 서비스 팀에 문의하여 도움을 받을 수 있습니다.
BIL,해지 수수료를 확인하려면 어떻게 해야 하나요?,취소,취소 수수료 확인,해지 수수료를 확인하려면 당사 웹사이트에서 고객님의 계정에 접속하여 취소 수수료 섹션으로 이동하세요. 또는 당사 고객 서비스 팀에 연락하여 해지 수수료 확인에 도움을 받으실 수 있습니다.
BLM,조기 해지 수수료를 알려주세요,취소,취소 수수료 확인,내가 해낼게! 중도해지수수료 관련 필요한 정보를 안내해드리겠습니다.
BL,탈퇴 페널티를 보고,취소,취소 수수료 확인,"죄송합니다만, 출금 위약금 확인에 도움을 드릴 수 없습니다. 고객님의 계정에 로그인하고 ""인출 수수료"" 섹션으로 이동하여 원하는 정보를 찾으십시오. 추가 질문이 있으시면 언제든지 문의해 주세요."
BILM,해고 처벌은 어디서 확인할 수 있나요?,취소,취소 수수료 확인,해지 위약금을 보려면 계약 계약을 참조하세요. 해지 수수료에 관한 세부 사항은 이용 약관 섹션에 설명되어 있습니다. 해당 정보를 찾을 수 없는 경우 고객님의 계정과 관련된 특정 정보를 제공할 수 있는 고객 지원팀에 문의하시기 바랍니다.
BELMQ,인출 수수료에 대해서는 아무것도 찾을 수 없습니다,취소,취소 수수료 확인,불편을 끼쳐드려 죄송합니다. 인출 수수료에 대한 정확한 정보를 얻으려면 고객 지원팀에 문의하는 것이 좋습니다. 그들은 고객님께 도움을 주고 필요한 세부 정보를 제공할 수 있습니다.
BELQ,조기 해지 수수료를 확인하는 방법을 모르겠습니다,취소,취소 수수료 확인,전혀 문제 없습니다! 조기 해지 수수료를 확인하려면 계약 약관을 참조하거나 고객 서비스 팀에 도움을 요청하세요. 자세한 내용에 대해 기꺼이 도움을 드릴 것입니다.
BILZ,조기 종료 위약금은 어떻게 확인하나요?,취소,취소 수수료 확인,물론이죠! 조기 해지 위약금을 확인하려면 당사 웹사이트나 고객 서비스 팀에 문의하여 쉽게 확인할 수 있습니다. 그들은 벌금과 관련하여 필요한 모든 정보를 제공할 것입니다.
BIL,조기 해지 수수료는 무엇입니까?,취소,취소 수수료 확인,물론이죠! 조기 해지 수수료는 계약서에 명시된 특정 이용 약관에 따라 다릅니다. 정확한 수수료 금액을 확인하려면 고객 서비스 부서에 문의하거나 계약서의 해지 수수료 섹션을 확인하는 것이 좋습니다. 이 정보에 대해 더 많은 도움을 드릴 수 있습니다.
BILQZ,종료 청구서를 확인하는 데 도움을 줄 수 있나요?,취소,취소 수수료 확인,"기꺼이 도와드리겠습니다! 해지 수수료를 확인하려면 계정에 로그인하여 ""해지 수수료"" 섹션으로 이동하세요. 여기에서 구독 또는 계약 취소와 관련된 수수료에 관한 모든 관련 정보를 찾을 수 있습니다."
BELQ,조기 해지 비용에 대해서는 아무것도 찾을 수 없습니다,취소,취소 수수료 확인,걱정 마세요! 조기 해지 비용에 관한 세부정보를 찾는 데 도움을 드리겠습니다. 고객님의 계정 정보를 알려주십시오. 그러면 제가 고객님을 대신해서 찾아볼 수 있습니다.
BLQ,조기 해고 비용을 보고 싶어요,취소,취소 수수료 확인,확실히! 조기 해지 수수료 확인을 도와드릴 수 있습니다. 이 정보를 찾으려면 계약서의 이용 약관 섹션을 참조하거나 전담 고객 지원팀에 문의하여 추가 지원을 받을 수 있습니다.
BILQZ,취소 위약금을 확인할 수 있도록 도와주세요,취소,취소 수수료 확인,물론입니다! 취소 위약금과 관련하여 필요한 정보를 제공해 드릴 수 있습니다. 잠시만 기다려 주시면 세부정보를 검색해 드리겠습니다.
BLMW,빌어먹을 조기 퇴사 비용 좀 확인해봐,취소,취소 수수료 확인,물론이죠. 조기 퇴실 수수료를 확인하는 데 도움을 드릴 수 있습니다. 계약서의 세부 사항을 검토하거나 당사 고객 서비스 팀에 연락하여 더 자세한 내용을 확인하실 수 있습니다.
BELMQZ,출금 내역을 찾을 수 없습니다,취소,취소 수수료 확인,물론입니다! 불편을 끼쳐드려 죄송합니다. 인출 처벌에 대한 도움을 받으려면 관련 정보를 검색할 수 있도록 계정 세부정보를 제공해 주시기 바랍니다. 인출 벌금에 대한 자세한 내용은 계정 계약의 이용 약관을 참조할 수도 있습니다.
BCILMPZ,출금 수수료를 확인해야 하는데 도와주실 수 있나요?,취소,취소 수수료 확인,물론이죠. 인출 수수료를 확인하는 데 도움을 드릴 수 있습니다. 이 정보를 찾으려면 계정 이용 약관을 참조하거나 정확한 세부 정보를 제공할 수 있는 고객 지원팀에 문의하세요.
BILW,빌어먹을 취소 벌금을 보려면 어떻게 해야 하나요?,취소,취소 수수료 확인,"저는 고객님의 우려를 이해합니다. 취소 위약금을 보려면 당사 웹사이트에서 고객님의 계정에 로그인한 후 ""계정"" 또는 ""청구"" 섹션으로 이동하십시오. 여기에서 취소 수수료에 관한 세부정보를 확인할 수 있습니다. 해당 항목을 찾을 수 없는 경우 언제든지 당사 고객 서비스 팀에 연락하여 추가 지원을 받으십시오."
BLW,피비린내 저는 종료 처벌을 보는 데 도움이 필요합니다,취소,취소 수수료 확인,물론이죠! 해고 페널티를 확인하는 데 도움을 드릴 수 있습니다. 정확한 정보를 제공하기 위해 고객님의 계정 정보를 알려주시겠습니까?
BELM,조기퇴사 수수료를 어떻게 확인해야 할지 모르겠습니다,취소,취소 수수료 확인,"조기 종료 수수료를 확인하는 방법이 확실하지 않은 경우, 필요한 모든 정보를 제공할 수 있는 고객 서비스 팀에 문의하세요. 취해야 할 단계와 제출해야 할 서류에 대해 안내해 드릴 것입니다."
BCEILP,출금 페널티를 찾을 수 없습니다. 도와주실 수 있나요?,취소,취소 수수료 확인,"물론이죠! 인출 벌금을 확인하려면 고객님의 계정에 로그인하여 ""수수료 및 요금"" 섹션으로 이동하십시오. 여기에서 특정 계좌의 인출 수수료에 관한 모든 정보를 찾을 수 있습니다. 추가 지원이 필요한 경우 언제든지 고객 지원팀에 문의해 주세요."
BILQ,해지 수수료를 확인하는 데 도움을 줄 수 있나요?,취소,취소 수수료 확인,"물론입니다! 해지 수수료를 확인하실 수 있도록 도와드리겠습니다. 고객님의 계정에 로그인하여 ""청구"" 또는 ""수수료 및 요금"" 섹션으로 이동하십시오. 여기에서 해지 수수료에 관한 세부정보를 확인할 수 있습니다. 추가 도움이 필요하시면 언제든지 알려주세요!"
BKL,철회 패널티 표시,취소,취소 수수료 확인,물론입니다! 계약에 대한 철회 위약금을 보려면 제공된 이용 약관 문서를 참조하거나 당사 고객 서비스 팀에 문의하여 추가 지원을 받으십시오. 그들은 인출 벌금에 관한 모든 관련 정보를 고객님께 제공할 수 있습니다.
BLQ,해고 처벌을 확인하는 데 도움이 필요합니다,취소,취소 수수료 확인,물론이죠! 해지 위약금을 이해하려면 계정 계약을 참조하거나 고객 지원팀에 자세한 내용을 문의하세요.
BLMW,조기 종료 처벌을 확인하는 데 도움,취소,취소 수수료 확인,확실히! 이로 인해 불편을 끼쳐드린 점 사과드립니다. 조기 탈퇴 처벌을 확인하는 데 도움이 되도록 고객님의 계정 세부정보를 제공해 주시기 바랍니다. 해당 정보가 접수되면 처벌에 관한 구체적인 세부정보를 알려드릴 수 있습니다.
BLM,조기 퇴사 처벌을 확인해야 합니다,취소,취소 수수료 확인,"물론이죠. 제가 도와드릴 수 있습니다. 조기 종료 처벌을 보려면 당사 웹사이트를 방문하여 ""이용 약관"" 페이지로 이동하십시오. 여기에서 해지 수수료에 관한 모든 관련 세부 정보를 확인할 수 있습니다."
BELM,조기 퇴사 비용에 대해서는 아무것도 찾을 수 없습니다.,취소,취소 수수료 확인,"불편을 끼쳐드려 죄송합니다. 조기 종료 비용에 관한 정보를 찾으려면 고객님의 계정에 로그인하여 ""해지 수수료"" 섹션으로 이동하십시오. 여기에서 계약 조기 취소와 관련된 비용에 대한 자세한 정보를 확인할 수 있습니다. 추가 질문이 있거나 추가 지원이 필요한 경우 언제든지 고객 지원팀에 문의하세요."
BL,조기해지 위약금을 확인하는 데 도움이 필요합니다,취소,취소 수수료 확인,"과연! 고객님의 계약에 대한 조기 해지 위약금을 확인하는 데 도움을 드릴 수 있습니다. 계약번호, 계좌정보 등 필요한 세부정보를 알려주시면, 필요한 구체적인 정보를 제공해 드리겠습니다."
BLM,중도해지수수료는 어떻게 확인하는지 모르겠어요,취소,취소 수수료 확인,문제 없습니다! 중도해지수수료 확인방법을 안내해드리겠습니다. 그렇게 하려면 계약서를 참조하거나 서비스 제공업체의 고객 서비스 팀에 문의하세요. 그들은 조기 해지 수수료 및 서비스 취소와 관련된 기타 비용에 관해 필요한 정보를 제공할 수 있어야 합니다.
BL,취소 수수료를 확인해야 해요,취소,취소 수수료 확인,"물론이죠! 취소 수수료를 확인하려면 계정에 로그인하여 ""계정 설정"" 섹션으로 이동하세요. 여기에서 고객님의 특정 계정에 대한 취소 수수료 세부정보를 확인할 수 있습니다. 해당 항목을 찾는 데 어려움이 있는 경우 언제든지 당사 고객 서비스 팀에 연락하시면 추가 지원을 받으실 수 있습니다."
BL,취소 위약금을 어떻게 확인할 수 있는지 모르겠습니다.,취소,취소 수수료 확인,"걱정 마세요! 취소 위약금에 대한 정보를 찾아보실 수 있도록 도와드리겠습니다. 취소 위약금을 보려면 당사 웹사이트를 방문하여 ""수수료 및 요금"" 섹션을 찾으십시오. 계약 종료와 관련된 취소 수수료 및 기타 위약금에 대한 자세한 정보를 제공합니다. 찾는 데 어려움이 있는 경우 언제든지 알려주시면 추가로 도움을 드리겠습니다."
BLZ,출금 수수료,취소,취소 수수료 확인,죄송합니다. 구체적인 출금 수수료에 관한 정보를 찾을 수 없습니다. 그러나 서비스의 조기 종료 또는 취소에 대해서는 해당 수수료 및 비용이 발생할 수 있습니다. 잠재적 인출 수수료에 대한 정확한 세부 정보를 얻으려면 고객 지원팀에 직접 문의하는 것이 좋습니다. 그들은 당사 서비스 철회와 관련된 모든 비용에 관한 최신 정보를 고객님께 제공할 수 있습니다.
BLMQ,해지 수수료를 확인해야 해요,취소,취소 수수료 확인,물론입니다! 해지 수수료 확인을 도와드릴 수 있습니다. 계속하려면 고객님의 계정 정보를 알려주시겠습니까? 이렇게 하면 필요한 세부 정보에 액세스하고 해지 수수료에 관한 정확한 정보를 고객님께 제공하는 데 도움이 됩니다.
BL,조기 퇴실 요금 확인,취소,취소 수수료 확인,"물론, 조기 퇴실 비용 확인을 도와드릴 수 있습니다. 계약서나 동의서의 세부사항을 알려주시면 필요한 정보를 찾는 데 도움을 드리겠습니다."
BLM,조기 종료 수수료를 확인하는 데 도움이 필요합니다,취소,취소 수수료 확인,물론입니다. 조기 종료 수수료를 확인하는 데 도움을 드릴 수 있습니다. 정확한 정보를 제공하기 위해 고객님의 계정 정보나 문의하고 있는 특정 서비스를 알려주시겠습니까?
BCILQ,조기 퇴실 벌금을 보고 싶어요 어떻게 해야 하나요?,취소,취소 수수료 확인,물론이죠! 조기 퇴사 위약금을 확인하려면 계약서와 함께 제공되는 이용 약관 문서를 참조하세요. 여기에는 취소 수수료 및 위약금에 관한 모든 세부정보가 포함되어 있습니다. 추가 도움이 필요하시면 언제든지 고객 서비스 팀에 문의해 주세요.
BILQ,조기 퇴실 비용은 어떻게 확인할 수 있나요?,취소,취소 수수료 확인,"조기 종료 비용을 보려면 당사 웹사이트에서 고객님의 계정에 로그인한 후 ""청구"" 또는 ""계정"" 섹션으로 이동하십시오. 여기에서 조기 종료 수수료를 포함하여 적용 가능한 모든 요금에 대한 내역을 확인하실 수 있습니다. 찾는 데 어려움이 있는 경우 당사 고객 지원팀이 도움을 드릴 수 있습니다."
BELM,해고 처벌을 찾을 수 없습니다.,취소,취소 수수료 확인,"불편을 끼쳐드려 죄송합니다. 해고 위약금에 대한 정보를 찾으려면 당사 웹사이트를 방문하여 ""수수료 및 요금"" 섹션으로 이동하십시오. 고객님의 계정에 대한 해지 처벌에 관한 모든 세부 정보를 제공해야 합니다. 추가 도움이 필요하시면 언제든지 알려주시기 바랍니다."
BILQ,해지 패널티는 어디서 확인하나요?,취소,취소 수수료 확인,계약의 이용 약관 섹션에서 해지 위약금에 대한 정보를 확인할 수 있습니다. 조기 해고와 관련된 수수료 및 비용을 간략하게 설명해야 합니다. 해당 항목을 찾을 수 없는 경우 당사 고객 서비스 팀에 문의하시면 추가 지원을 받으실 수 있습니다.
BL,취소 수수료에 대한 내용을 찾을 수 없습니다,취소,취소 수수료 확인,취소 수수료에 대한 정보를 찾는 데 불편을 끼쳐드려 죄송합니다. 필요한 세부정보를 찾는 데 도움을 드리겠습니다. 고객님의 계좌번호나 기타 관련 정보를 알려주시겠습니까?
BIL,조기 퇴사 수수료를 보려면 어떻게 해야 하나요?,취소,취소 수수료 확인,"확실히! 조기 종료 수수료를 보려면 계정에 로그인하여 ""계정 설정"" 페이지로 이동하세요. 여기에서 조기 종료 수수료 및 해당 수수료에 대한 정보를 확인하실 수 있습니다. 추가 질문이 있거나 도움이 필요한 경우 언제든지 고객 지원팀에 문의해 주세요."
BKLM,취소 수수료 표시,취소,취소 수수료 확인,물론이죠! 취소 수수료를 보려면 당사 웹사이트에서 고객님의 계정에 로그인하여 취소 섹션으로 이동하거나 당사 고객 지원팀에 문의하여 자세한 내용을 확인하실 수 있습니다. 서비스 취소와 관련된 수수료에 대한 세부 정보를 제공할 수 있습니다.
BEL,조기퇴출 패널티를 보려면 어떻게 해야할지 모르겠습니다,취소,취소 수수료 확인,"문제 없습니다! 조기 종료 벌금을 보려면 계정에 로그인하여 ""조기 종료 수수료"" 섹션으로 이동하십시오. 여기에서 처벌에 관해 필요한 모든 정보를 찾을 수 있습니다."
BILMQZ,종료 처벌을 확인하는 데 도움을 주실 수 있나요?,취소,취소 수수료 확인,기꺼이 도와드리겠습니다! 고객님의 계정에 대한 해지 위약금을 확인하는 데 도움을 드리고자 왔습니다. 고객님께 꼭 필요한 정보를 모아보겠습니다.
BELM,출금 패널티를 보려면 어떻게 해야 할지 모르겠습니다.,취소,취소 수수료 확인,출금 위약금을 확인하는 방법에 대해 잘 모르신다는 연락을 받았습니다. 고객님의 계정에 대한 인출 벌금을 확인하려면 당사 웹사이트나 모바일 앱에서 고객님의 계정에 로그인하거나 당사 고객 서비스 팀에 도움을 요청하실 수 있습니다. 그들은 고객님께 필요한 정보를 제공하고 절차를 안내할 수 있습니다.
BLQ,조기해지 수수료를 보려고 합니다,취소,취소 수수료 확인,저는 그것을하고있다! 조기 해지 비용을 확인하려면 고객님의 계정 세부정보를 제공해 주시면 구체적인 수수료를 확인하는 데 도움을 드릴 수 있습니다.
BELM,해지요금을 확인하려면 어떻게 해야할지 모르겠습니다.,취소,취소 수수료 확인,"문제 없습니다! 해지 수수료를 확인하려면 계정에 로그인하여 ""해지 수수료"" 섹션으로 이동하면 됩니다. 여기에서 서비스 종료 비용에 관한 모든 정보를 확인할 수 있습니다. 추가 질문이 있는 경우 언제든지 고객 서비스 팀에 문의하여 도움을 받으세요."
BILQW,빌어먹을 조기 퇴사 수수료를 확인하는 데 도움을 주실 수 있나요?,취소,취소 수수료 확인,확실히! 제가 도와드릴 수 있습니다. 조기 종료 위약금을 알아보려면 계약서의 이용 약관을 검토해야 합니다. 그들은 고객님의 계약 조기 취소와 관련된 수수료 또는 비용에 관해 필요한 모든 정보를 제공할 것입니다.
BLM,조기 해지 수수료를 확인하세요,취소,취소 수수료 확인,조기 해지 비용을 확인하려면 온라인으로 계정 대시보드를 참조하거나 고객 지원팀에 문의하세요. 그들은 고객님의 계정과 관련된 해지 수수료에 관해 필요한 정보를 고객님께 제공할 수 있습니다.
BILQZ,해고 처벌은 어디서 볼 수 있나요?,취소,취소 수수료 확인,"해지 위약금에 대한 정보를 확인하려면 계정에 로그인하여 ""해지 수수료"" 섹션으로 이동하세요. 여기에서 벌금의 세부 사항과 금액을 확인할 수 있습니다."
BILQ,계약 파기 수수료는 얼마입니까?,취소,취소 수수료 확인,계약 중도해지에 따른 위약금을 알고 싶으신 점 이해해 주시기 바랍니다. 계약 위반에 대한 정확한 수수료는 계약 조건에 따라 달라질 수 있습니다. 고객님의 계약에 적용되는 특정 위약금에 대한 정확한 정보를 얻으려면 고객 서비스 팀에 문의하는 것이 좋습니다. 그들은 고객님께 세부 사항을 제공하고 고객님이 가질 수 있는 추가 질문에 답변할 수 있습니다.
BL,조기 퇴사 수수료를 확인할 수 있도록 도와주세요,취소,취소 수수료 확인,바로 처리하겠습니다! 조기 종료 수수료를 보려면 계정 계약의 이용 약관을 확인하거나 당사 고객 서비스 팀에 문의하여 자세한 내용을 문의하세요. 조기 종료 수수료에 대한 구체적인 세부 정보를 제공하고 이를 확인하는 방법을 안내해 드릴 것입니다.
BILM,계약 위반에 대한 수수료는 얼마입니까?,취소,취소 수수료 확인,물론이죠. 계약 위반 시 부과되는 수수료에 대해 자세히 알려드릴 수 있습니다. 잠시 시간을 내어 정보를 확인해 주시기 바랍니다.
BL,조기퇴사 수수료를 보려면 어떻게 해야 하는지 모르겠습니다.,취소,취소 수수료 확인,문제 없습니다! 조기 종료 수수료를 확인하려면 당사 고객 지원팀에 문의하거나 당사 웹사이트의 이용 약관 섹션을 확인하세요. 그들은 고객님의 계좌에 대한 조기 탈퇴 수수료와 관련하여 필요한 정보를 제공할 수 있습니다.
BILP,조기 종료 페널티를 어떻게 확인할 수 있나요?,취소,취소 수수료 확인,"조기 해고 벌금을 보려면 당사 웹사이트의 계정을 통해 쉽게 액세스할 수 있습니다. 간단히 로그인하고 ""계정 세부정보"" 섹션으로 이동하세요. 여기에서 조기 해고 위약금에 관한 정보를 확인할 수 있습니다."
BLM,해고 비용을 확인하는 데 도움,취소,취소 수수료 확인,물론입니다. 해지 비용을 확인하는 데 도움을 드릴 수 있습니다. 그렇게 하려면 당사 웹사이트나 모바일 앱에서 고객님의 계정에 로그인하고 계정 설정 섹션으로 이동하면 됩니다. 여기에서 고객님의 계획과 관련된 해지 비용에 관한 정보를 찾아야 합니다. 추가 설명이나 도움이 필요하면 언제든지 알려주시기 바랍니다.
BILMP,조기 퇴실 비용을 보여 주시겠어요?,취소,취소 수수료 확인,물론입니다! 조기 해지 수수료에 관한 자세한 내용을 알려드릴 수 있습니다.
BIL,조기 해고 벌금을 보려면 어떻게 해야 합니까?,취소,취소 수수료 확인,"물론입니다! 조기 해지 위약금을 확인하는 단계를 안내해 드리겠습니다. 조기 해고 벌금에 대한 정보를 보려면 당사 웹사이트를 방문하여 고객님의 계정에 로그인하십시오. 로그인한 후 계정 설정 섹션으로 이동하여 ""해지 수수료"" 또는 ""취소 수수료"" 옵션을 찾으세요. 해당 옵션을 클릭하면 고객님의 계정과 관련된 조기 해지 벌금에 대한 세부 정보를 볼 수 있습니다. 어려움이 있는 경우, 주저하지 말고 당사 고객 지원팀에 연락해 주시면 기꺼이 도와드리겠습니다."
BLQZ,조기 퇴실 벌금을 확인하는 방법을 모르겠어요,취소,취소 수수료 확인,"문제 없습니다! 조기 종료 위약금을 확인하려면 계정에 로그인하여 ""해지 수수료"" 섹션으로 이동하세요. 여기에서 조기 취소와 관련된 수수료에 관한 모든 정보를 확인할 수 있습니다. 추가 지원이 필요하면 알려주시기 바랍니다."
BL,출금수수료를 확인하려고 합니다,취소,취소 수수료 확인,물론이죠. 인출 수수료를 확인하는 데 도움을 드릴 수 있습니다. 그렇게 하려면 일반적으로 청구 금액이 언급된 계좌 명세서를 참조하거나 당사 고객 서비스 팀에 연락하여 출금 수수료에 대한 자세한 정보를 문의할 수 있습니다.
BCILM,취소수수료를 확인하고 싶은데 어떻게 해야 하나요?,취소,취소 수수료 확인,"물론이죠! 취소 수수료를 보려면 온라인 계정에 로그인하여 ""계정 요약"" 또는 ""수수료 및 요금"" 섹션으로 이동하세요. 여기에서 고객님의 계정에 적용되는 취소 수수료에 대한 자세한 내역을 확인할 수 있습니다. 추가 도움이 필요하시면 언제든지 고객 지원팀에 문의해 주세요."
BILMZ,조기 해고 비용이 표시되나요?,취소,취소 수수료 확인,물론입니다! 조기 해지 비용에 관한 정보를 찾는 데 도움을 드릴 수 있습니다.
BLMQZ,해지 비용을 확인하는 데 도움이 필요합니다.,취소,취소 수수료 확인,"최선을 다하겠습니다! 고객님의 계정에 대한 해지 비용을 보려면 당사 웹사이트의 ""내 계정"" 섹션으로 이동하십시오. 계정 설정에서 해지 수수료에 관한 세부 정보를 확인할 수 있습니다. 추가 지원이 필요한 경우 주저하지 말고 고객 지원팀에 문의하세요. 기꺼이 도와드릴 것입니다."
BLQ,인출 수수료를 확인하는 데 도움이 필요해요,취소,취소 수수료 확인,물론입니다! 출금 수수료 확인을 도와드리겠습니다.
BILQ,취소 수수료는 어디서 볼 수 있나요?,취소,취소 수수료 확인,"바로 처리하겠습니다! 취소 수수료에 대한 정보를 확인하려면 당사 웹사이트를 방문하여 ""FAQ"" 또는 ""이용 약관"" 섹션으로 이동하십시오. 여기에서 취소 수수료 및 관련 비용에 관한 자세한 정보를 확인할 수 있습니다."
BLM,조기 종료 페널티를 확인하세요,취소,취소 수수료 확인,기꺼이 도와드리겠습니다! 조기 해고 처벌을 확인하는 데 도움을 드릴 수 있습니다. 계속하려면 고객님의 계정 세부정보를 알려주시면 조사해 보겠습니다.
BILMQ,취소 수수료를 볼 수 있나요,취소,취소 수수료 확인,물론입니다! 취소수수료에 대해 자세히 안내해드리겠습니다. 정보를 검색할 수 있도록 잠시 시간을 주십시오.
BLQ,해지 수수료를 확인하는 데 도움이 필요해요,취소,취소 수수료 확인,"물론, 해지 수수료 확인을 도와드릴 수 있습니다. 제가 필요한 정보에 접근할 수 있도록 고객님의 계정 세부정보를 제공해 주십시오."
BILMQ,조기 종료 페널티가 있나요?,취소,취소 수수료 확인,"내가 해낼게! 계약을 조기 해지할 경우 조기 해지 위약금이 부과될 수 있습니다. 적용될 수 있는 요금에 대한 자세한 내용은 계정의 ""해지 수수료"" 섹션을 검토할 수 있습니다."
BILM,조기 퇴사 수수료를 확인하는 데 도움을 주실 수 있나요?,취소,취소 수수료 확인,물론이죠! 조기 퇴사 수수료를 확인하는 데 도움을 드릴 수 있습니다. 이를 위해 고객님의 계정에 액세스하여 필요한 정보를 제공할 수 있도록 고객님의 계정 번호나 등록된 이메일 주소와 같은 계정 세부정보를 알려주시기 바랍니다.
BILM,조기 해고 위약금은 어떻게 확인할 수 있나요?,취소,취소 수수료 확인,조기 해고 위약금에 대한 정보를 확인하려면 당사 웹사이트를 방문하여 계약 이용 약관 섹션으로 이동하세요. 여기서는 지정된 종료일 이전에 계약을 종료하는 것과 관련된 수수료 또는 위약금에 대한 세부 정보를 확인할 수 있습니다. 추가 지원이 필요한 경우 언제든지 고객 서비스 팀에 문의하세요.
BILM,취소 수수료를 확인하는 데 도움을 주실 수 있나요?,취소,취소 수수료 확인,"과연! 취소 수수료를 확인하는 과정을 안내해 드리겠습니다. 취소 수수료를 보려면 온라인으로 고객님의 계정에 로그인하여 ""계정 세부 정보"" 또는 ""수수료 및 요금"" 섹션으로 이동하십시오. 여기에서 취소 수수료에 관한 모든 정보를 확인하실 수 있습니다. 찾는 데 어려움이 있는 경우 언제든지 알려주시면 기꺼이 도와드리겠습니다."
BLMQ,해지 요금을 보려면 어떻게 해야 하는지 모르겠어요,취소,취소 수수료 확인,"물론입니다! 해지 수수료를 보려면 계정에 로그인하여 ""해지 수수료"" 섹션으로 이동하세요. 여기에서 서비스 종료와 관련된 요금에 관한 모든 관련 정보를 찾을 수 있습니다. 구체적인 질문이 있거나 추가 지원이 필요한 경우 언제든지 알려주세요."
BLMZ,조기 퇴장 처벌을 확인해야 합니다.,취소,취소 수수료 확인,"긍정적으로! 조기 탈퇴 처벌을 확인하려면 계정에 로그인하여 ""계정 세부 정보"" 섹션으로 이동하세요. 여기에서 계약 조기 종료에 적용되는 수수료에 대한 정보를 찾을 수 있습니다. 추가 지원이 필요한 경우 주저하지 말고 고객 지원팀에 문의하세요."
BLQW,빌어먹을 취소 수수료를 확인하는 데 도움이 필요해요,취소,취소 수수료 확인,기꺼이 도와드리겠습니다! 고객님이 우려하고 있는 취소 수수료에 대한 정보를 찾을 수 있도록 도와드리겠습니다. 추가 지원을 드릴 수 있도록 고객님의 계정 세부정보를 제공해 주시기 바랍니다.
BILMQZ,취소 위약금은 어떻게 확인할 수 있나요?,취소,취소 수수료 확인,취소 위약금을 확인하려면 서비스 계약을 참조하거나 고객 지원팀에 문의하세요. 취소와 관련된 수수료 및 위약금과 관련하여 필요한 정보를 제공할 것입니다.
BLM,출금수수료는 어떻게 확인하는지 모르겠어요,취소,취소 수수료 확인,문제 없습니다! 인출 수수료를 확인하려면 당사 웹사이트에서 고객님의 계정에 로그인한 후 취소 또는 종료 섹션으로 이동하십시오. 또는 당사 고객 지원팀에 문의하여 출금 수수료 확인에 대한 도움을 받으실 수 있습니다. 그들은 기꺼이 필요한 정보를 제공해 드릴 것입니다.
BEL,출금수수료는 어떻게 보는지 모르겠어요,취소,취소 수수료 확인,"문제 없습니다! 인출 수수료를 확인하려면 계정에 로그인하여 ""수수료 일정"" 섹션으로 이동하세요. 여기에서 인출 수수료에 관한 모든 세부정보를 확인할 수 있습니다. 추가 도움이 필요하시면 언제든지 알려주세요."
BLQ,해고 패널티를 보려면 어떻게 해야 할지 모르겠어요,취소,취소 수수료 확인,"걱정 마세요! 해지위약금 확인 절차를 안내해드리겠습니다. 먼저 당사 웹사이트를 방문하여 ""FAQ"" 또는 ""이용 약관"" 섹션으로 이동하실 수 있습니다. 여기에서 해고 처벌에 대한 자세한 정보를 확인할 수 있습니다. 또는 당사 고객 서비스 팀에 연락하시면 해지 위약금과 관련된 문의 사항에 대해 기꺼이 도움을 드릴 것입니다."
BCEL,출금 위약금을 찾을 수 없습니다. 도움이 필요합니다,취소,취소 수수료 확인,인출 위약금을 찾는 데 어려움을 겪고 계시다니 안타깝습니다. 추가 지원을 받으려면 고객 서비스 팀에 문의하는 것이 좋습니다. 그들은 철회 위약금과 관련하여 필요한 정보를 고객님께 제공할 수 있습니다.
BILZ,조기 퇴사 수수료를 확인하려면 어떻게 해야 하나요?,취소,취소 수수료 확인,조기 종료 수수료를 확인하려면 당사 웹사이트에서 고객님의 계정에 로그인한 후 취소 또는 종료 섹션으로 이동하십시오. 여기에서 계약 기간이 끝나기 전에 서비스 취소와 관련된 수수료에 대한 자세한 정보를 확인할 수 있습니다. 추가 지원이 필요한 경우 언제든지 고객 서비스 팀에 문의하세요.
BILMQ,조기 해지 수수료를 확인할 수 있나요?,취소,취소 수수료 확인,내가 해낼게! 조기 해지 비용을 확인하는 데 확실히 도움을 드릴 수 있습니다. 고객님의 계약 세부정보를 알려주시면 고객님을 위해 필요한 모든 정보를 수집해 드리겠습니다.
BLQ,취소 수수료를 확인하는 방법을 모르겠어요,취소,취소 수수료 확인,걱정하지 마세요. 취소 수수료 확인을 도와드릴 수 있습니다. 취소 수수료를 확인하려면 당사 웹사이트를 방문하여 취소 정책 섹션으로 이동하세요. 취소 수수료에 관한 모든 관련 정보를 제공합니다. 추가 지원이 필요한 경우 언제든지 고객 지원팀에 문의하세요.
BEL,해지 수수료를 찾을 수 없습니다.,취소,취소 수수료 확인,해지 비용을 찾는 데 어려움을 겪고 계시다니 안타깝습니다. 취소 수수료에 대한 정보를 찾는 데 도움을 드리겠습니다.
BILW,빌어먹을 취소 벌금을 확인하는 것을 도와주실 수 있나요?,취소,취소 수수료 확인,물론입니다! 취소 위약금을 확인하실 수 있도록 도와드리겠습니다. 정확한 정보를 제공하기 위해 고객님의 계정 정보를 알려주시겠습니까?
BLQ,출금 수수료를 확인해야 합니다,취소,취소 수수료 확인,"물론이죠. 제가 도와드릴 수 있습니다. 인출 수수료를 확인하려면 다음 단계를 따라 주세요. 고객님의 계정에 로그인하고 ""인출 수수료"" 섹션으로 이동하십시오. 여기에서 조기 인출 비용과 관련된 모든 정보를 확인할 수 있습니다. 추가 지원이 필요하면 알려주시기 바랍니다."
BILP,해지 수수료를 확인할 수 있나요?,취소,취소 수수료 확인,최선을 다하겠습니다! 해지 수수료를 확인하는 데 도움을 드리고자 왔습니다. 고객님의 계정 세부정보를 알려주시면 해당 정보를 찾아드리겠습니다.
BL,해고 비용 확인 지원,취소,취소 수수료 확인,물론입니다! 해지 수수료를 확인하는 데 도움을 드릴 수 있습니다. 이 정보에 액세스하려면 청구서를 확인하거나 당사 고객 지원팀에 문의하여 추가 지원을 받으십시오.
BLMW,빌어먹을 해고 처벌을 확인하는 데 도움을 줘,취소,취소 수수료 확인,기꺼이 도와드리겠습니다! 해고 처벌을 확인하는 데 도움을 드릴 수 있습니다. 이 정보를 찾으려면 이용 약관 문서를 참조하거나 고객 지원팀에 직접 문의하여 추가 지원을 받을 수 있습니다.
BL,조기 종료 위약금 확인에 도움,취소,취소 수수료 확인,물론입니다! 조기해지 위약금 확인에 도움을 드리겠습니다. 정확한 정보를 제공하기 위해 고객님의 계정 세부정보를 알려주시겠습니까?
BILMQ,인출 수수료는 어디서 확인하나요,취소,취소 수수료 확인,"물론이죠! 당사 웹사이트를 방문하여 ""수수료 및 요금"" 섹션으로 이동하면 인출 수수료에 대한 자세한 정보를 확인할 수 있습니다. 인출 수수료 및 관련 비용에 관한 모든 관련 세부 정보를 제공합니다."
BL,조기해지 위약금을 확인하고 싶어요,취소,취소 수수료 확인,"물론이죠! 조기 해지 위약금을 확인하려면 계정에 로그인하여 ""해지 수수료"" 섹션으로 이동하세요. 이는 서비스 조기 취소와 관련된 수수료와 관련하여 필요한 정보를 제공합니다."
BILM,조기 퇴실 처벌을 확인하는 데 도움을 주실 수 있나요?,취소,취소 수수료 확인,최선을 다하겠습니다! 조기 탈퇴 처벌을 확인하는 데 도움이 되도록 고객님께 필요한 세부 정보에 액세스할 수 있도록 고객님의 계정 정보를 제공해 주십시오.
BLM,해고 처벌을 보고,취소,취소 수수료 확인,해지 위약금을 보려면 계약서를 참조하거나 필요한 정보를 제공할 수 있는 고객 서비스 팀에 문의하세요.
BILMZ,해고 수수료는 어디서 확인할 수 있나요?,취소,취소 수수료 확인,물론이죠. 해지 수수료에 대한 정보를 찾는 데 도움을 드릴 수 있습니다. 일반적으로 이 정보는 계정 이용 약관이나 회사 웹사이트의 수수료 및 요금 관련 섹션에서 확인할 수 있습니다. 해당 항목을 찾을 수 없는 경우 고객지원팀에 문의하여 추가 지원을 받는 것이 좋습니다.
BL,조기 퇴실 비용을 확인하는 데 도움이 필요합니다,취소,취소 수수료 확인,내가 해낼게! 계약과 관련된 조기 종료 수수료를 확인하려면 이용 약관 문서를 참조하거나 당사 고객 서비스 팀에 문의하여 자세한 내용을 문의하세요.
BIL,해고 벌금을 확인하는 데 도움을 주실 수 있나요?,취소,취소 수수료 확인,물론이죠! 고객님의 계정에 대한 취소 수수료를 확인하는 데 도움을 드릴 수 있습니다. 고객님의 계정 세부정보를 알려주시면 필요한 정보를 제공해 드리겠습니다.
BCIL,출금수수료를 확인하고 싶은데 도움을 받을 수 있나요?,취소,취소 수수료 확인,"물론, 출금 수수료 확인을 도와드릴 수 있습니다. 인출 수수료에 대한 정보를 얻으려면 당사 웹사이트의 ""수수료 및 요금"" 섹션을 참조하세요. 계정 조기 취소와 관련된 요금에 대한 자세한 정보를 제공합니다. 추가 문의사항이 있거나 추가 도움이 필요하시면 언제든지 알려주시기 바랍니다."
BIL,인출 수수료는 어떻게 확인하나요?,취소,취소 수수료 확인,"물론이죠. 인출 수수료를 확인하는 데 도움을 드릴 수 있습니다. 인출 수수료를 보려면 계정 설정으로 이동하여 ""인출 수수료"" 또는 ""수수료 일정"" 섹션을 찾으세요. 인출에 적용되는 수수료에 대한 자세한 정보를 제공해야 합니다. 추가 안내가 필요하면 알려주시기 바랍니다."
BIL,출금 페널티는 어떻게 확인할 수 있나요?,취소,취소 수수료 확인,"저는 그것을하고있다! 철회 위약금을 확인하려면 [고객 서비스 번호]로 당사 고객 서비스 팀에 문의하거나 당사 웹사이트를 방문하여 ""이용 약관"" 섹션으로 이동하십시오. 여기에서 인출 벌금에 관한 모든 정보를 확인하실 수 있습니다. 추가 질문이 있거나 도움이 필요하시면 언제든지 알려주세요!"
BLMQZ,종료 시점을 확인하려고 해,취소,취소 수수료 확인,"물론입니다! 조기 해지 비용을 보려면 계정에 로그인하여 ""수수료 및 요금"" 또는 ""해지 정책"" 섹션으로 이동하세요."
BLM,취소 수수료를 찾을 수 없습니다,취소,취소 수수료 확인,"불편을 끼쳐드려 죄송합니다. 취소 수수료를 찾으려면 고객님의 계정에 로그인하여 ""해지 수수료"" 섹션으로 이동하십시오. 필요한 세부 정보를 제공해야 합니다. 추가로 도움이 필요하시면 알려주세요."
BIL,해지수수료는 어디서 확인하나요?,취소,취소 수수료 확인,취소 수수료에 대한 정보를 확인하려면 예약 확인서를 참조하거나 당사 웹사이트를 방문하세요. 취소 정책 섹션에서는 수수료와 관련하여 필요한 모든 세부 정보를 제공해야 합니다. 추가 지원이 필요한 경우 주저하지 말고 고객 서비스 팀에 문의하세요. 그들은 기꺼이 고객님을 도와줄 것입니다.
BLQ,해지 요금을 보는 방법을 모르겠어요,취소,취소 수수료 확인,걱정 마세요! 해지 수수료를 확인하는 데 도움을 드릴 수 있습니다. 정보를 얻으려면 계약서의 이용 약관 섹션을 참조하거나 고객 지원팀에 문의하세요. 그들은 고객님께 필요한 세부 정보를 제공할 수 있습니다.
BLMZ,인출 수수료 확인하는 것을 도와주세요,취소,취소 수수료 확인,"확실히! 인출 수수료 확인에 도움을 받으려면 계정 세부정보를 제공하거나 당사 웹사이트나 모바일 앱에서 계정에 로그인하세요. 로그인한 후 ""출금"" 섹션으로 이동하면 해당 수수료에 대한 자세한 정보를 확인할 수 있습니다. 추가 지원이 필요한 경우 언제든지 고객 지원팀에 문의하세요. 인출 수수료에 관한 문의 사항이 있으면 기꺼이 도와드리겠습니다."
BCIL,해지수수료를 확인해야 하는데 어떻게 해야 하나요?,취소,취소 수수료 확인,내가 해낼게! 해지 수수료를 확인하려면 당사 웹사이트를 방문하여 계정에 로그인하세요. 계정 설정 또는 청구 섹션으로 이동하여 해지 수수료에 대한 자세한 정보를 확인하세요. 해당 항목을 찾을 수 없는 경우 당사 고객 지원팀에 문의하시면 해지 수수료 확인을 도와드리겠습니다.
BLM,조기 퇴실 처벌을 어떻게 볼 수 있는지 모르겠습니다.,취소,취소 수수료 확인,저는 고객님의 우려를 이해합니다. 조기 퇴사 위약금을 확인하려면 계약 약관을 참조하세요. 합의된 기간 이전에 계정을 해지할 경우 처벌에 대한 자세한 정보를 제공해야 합니다. 정보를 찾는 데 어려움이 있는 경우 알려주시면 기꺼이 도와드리겠습니다.
BLM,해고 비용,취소,취소 수수료 확인,"긍정적으로! 고객님의 계약과 관련된 해지 수수료를 확인하려면 당사에서 제공하는 이용 약관 문서를 참조하십시오. 조기 취소 시 적용될 수 있는 수수료나 위약금을 명시해야 합니다. 추가 질문이 있거나 도움이 필요하시면, 주저하지 마시고 저희 고객 서비스 팀에 연락해 주세요."
BLM,중도해지 수수료를 어떻게 보는지 모르겠어요,취소,취소 수수료 확인,"걱정 마세요! 조기 해지 수수료 조회 절차를 안내해 드리겠습니다. 먼저, 고객님의 계정에 로그인해야 합니다. 로그인한 후 계정 설정 또는 계약 세부정보 섹션으로 이동하세요. 여기에서 조기 해지 비용에 관한 정보를 확인하실 수 있습니다. 해당 항목을 찾을 수 없는 경우 당사 고객 서비스 팀에 문의하시면 추가 지원을 받으실 수 있습니다."
BLQ,해고 위약금을 확인하는 데 도움이 필요합니다,취소,취소 수수료 확인,확실히! 해지 위약금을 확인하는 데 도움이 되도록 고객님의 계정 세부정보를 알려주시면 확인해 드리겠습니다.
BILM,인출 수수료를 볼 수 있나요?,취소,취소 수수료 확인,"물론이죠! 인출 수수료를 보려면 계정에 로그인하여 ""인출 수수료"" 섹션으로 이동하세요. 여기에서 고객님의 계좌에서 자금을 인출하는 것과 관련된 요금에 대한 자세한 내역을 확인할 수 있습니다."
BLZ,취소 위약금을 확인하려면 도움이 필요합니다,취소,취소 수수료 확인,최선을 다하겠습니다! 취소 위약금 확인을 도와드릴 수 있습니다. 그렇게 하려면 고객님의 계정 세부정보를 알려주시거나 당사 고객 서비스 팀에 문의하여 자세한 내용을 문의하시기 바랍니다.
BILM,조기 종료 페널티를 확인하는 방법은 무엇입니까?,취소,취소 수수료 확인,조기 종료 위약금을 확인하려면 당사 웹사이트를 통해 고객님의 계정에 접속하거나 당사 고객 서비스 팀에 문의하여 도움을 받으십시오. 그들은 고객님의 계약 취소와 관련된 수수료 및 비용에 관해 필요한 정보를 고객님께 제공할 수 있습니다.
BL,조기 퇴실 요금을 보려면 어떻게 해야 하는지 모르겠습니다.,취소,취소 수수료 확인,문제 없습니다! 조기 퇴실 요금을 확인하려면 당사 고객 서비스 부서에 문의하시면 됩니다. 그들은 취소 위약금과 관련하여 필요한 모든 정보를 제공할 것입니다.
BELQ,취소 수수료를 어떻게 확인할 수 있는지 모르겠어요,취소,취소 수수료 확인,취소 수수료를 확인하는 방법이 확실하지 않은 경우 당사 웹사이트에서 고객님의 계정에 로그인하여 청구 또는 계정 정보 섹션으로 이동하실 수 있습니다. 여기에서 취소 수수료에 관한 세부정보를 확인할 수 있습니다. 어려움이 있는 경우 언제든지 고객 서비스 팀에 문의하여 추가 지원을 받으세요.
BLQ,조기 퇴사 수수료를 확인하는 데 도움이 필요합니다,취소,취소 수수료 확인,과연! 고객님의 계정에 대한 취소 수수료를 확인하는 데 도움을 드리고자 왔습니다. 그렇게 하려면 이용 약관을 참조하거나 당사 고객 서비스 팀에 연락하여 추가 지침을 문의하세요.
BLMW,빌어먹을 취소 수수료를 보는 데 도움을 주세요,취소,취소 수수료 확인,"물론이죠! 취소 수수료에 대한 이해를 도와드릴 수 있습니다. 합의된 계약 기간 이전에 서비스를 취소하는 경우, 그에 따른 취소 수수료가 발생할 수 있습니다. 이러한 요금은 일반적으로 계약 약관에 명시되어 있습니다. 고객님의 계정 취소 수수료에 대한 구체적인 정보를 얻으려면 당사 고객 지원팀에 문의하시기 바랍니다. 그들은 고객님의 특정 계약에 따라 정확한 세부 정보를 제공할 수 있습니다."
BCILQWZ,빌어먹을 조기 종료 페널티를 어떻게 하는지 봐야 해,취소,취소 수수료 확인,"기꺼이 도와드리겠습니다! 조기 퇴실 벌금을 확인하는 것이 긴급하다는 점을 이해합니다. 이 정보를 검색하려면 다음 단계를 따라 주세요. 당사 웹사이트에서 고객님의 계정에 로그인한 후 ""계정 세부정보"" 또는 ""결제"" 섹션으로 이동하세요. 여기에서 조기 종료 수수료를 확인하고 벌금과 관련하여 필요한 세부 정보를 얻을 수 있습니다. 문제가 발생하면 언제든지 고객 지원팀에 문의하여 추가 지원을 받으세요."
BILMQZ,해고 처벌을 볼 수 있는 곳,취소,취소 수수료 확인,"해고 처벌에 대한 정보를 확인하려면 당사 웹사이트를 방문하여 ""이용 약관"" 페이지로 이동하세요. 여기에서 해지 수수료 및 벌금에 관한 모든 세부 정보를 확인할 수 있습니다. 추가 질문이 있거나 도움이 필요한 경우, 주저하지 마시고 고객 지원팀에 문의해 주세요."
BILQ,취소 위약금을 보려면 어떻게 해야 하나요?,취소,취소 수수료 확인,"물론이죠! 취소 위약금을 보려면 다음 단계를 따르세요. 1. 당사 웹사이트를 방문하여 고객님의 계정에 로그인하십시오. 2. '결제' 또는 '계정' 섹션으로 이동합니다. 3. ""취소 정책"" 또는 ""수수료 및 벌금"" 탭을 찾으세요. 4. 해당 버튼을 클릭하시면 취소 위약금에 대한 자세한 정보를 확인하실 수 있습니다. 추가 질문이 있는 경우 언제든지 고객 지원팀에 문의하여 도움을 받으세요."
BILMQ,해지 수수료를 볼 수 있나요?,취소,취소 수수료 확인,내가 처리할게! 해지 수수료 확인을 도와드릴 수 있습니다. 제가 필요한 정보에 접근할 수 있도록 고객님의 계정 세부정보를 제공해 주십시오.
BL,해지 수수료 확인 지원,취소,취소 수수료 확인,"기꺼이 도와드리겠습니다! 해지 수수료 확인을 도와드릴 수 있습니다. 이를 위해 제가 고객님의 계좌 정보에 접근하여 정확한 수수료 세부정보를 제공할 수 있도록 계좌번호, 등록된 전화번호 등 계좌 세부정보를 제공해 주시기 바랍니다."
BL,취소 위약금 확인 방법을 모르겠습니다.,취소,취소 수수료 확인,걱정 마세요! 제가 도와드릴 수 있습니다. 취소 위약금을 확인하려면 고객 서비스 팀에 문의하세요. 그들은 필요한 모든 정보를 제공하고 절차를 안내할 것입니다.
BLM,취소 위약금을 확인하세요,취소,취소 수수료 확인,"물론이죠! 취소 위약금을 확인하려면 계정에 로그인하여 ""취소 정책"" 섹션으로 이동하세요. 여기에서 서비스 취소에 대한 해당 수수료 및 비용에 대한 자세한 정보를 확인할 수 있습니다."
BLMQ,철회 처벌을 확인하는 데 도움이 필요합니다,취소,취소 수수료 확인,저는 그것을하고있다! 철회 처벌을 검토하는 데 도움을 드릴 수 있습니다. 제가 필요한 정보에 접근할 수 있도록 고객님의 계정 세부정보를 제공해 주십시오.
BIL,출금 페널티를 확인할 수 있도록 도와주실 수 있나요?,취소,취소 수수료 확인,물론입니다! 인출 벌금을 검토하는 데 도움을 드릴 수 있습니다. 고객님의 계정 세부정보를 제공해 주시면 해당 정보에 액세스해 드리겠습니다.
BLZ,해지 페널티를 확인하는 데 도움이 필요합니다.,취소,취소 수수료 확인,"내가 해낼게! 해지 위약금을 확인하려면 계정에 로그인하여 ""해지 수수료"" 섹션으로 이동하세요. 여기에서 합의된 종료 날짜 이전에 서비스 취소와 관련된 요금에 대한 자세한 정보를 확인할 수 있습니다. 추가 질문이 있거나 추가 설명이 필요한 경우 언제든지 고객 지원팀에 문의하세요."
BCLM,취소 수수료를 확인하고 싶습니다. 도움이 필요합니다,취소,취소 수수료 확인,과연! 취소 수수료를 확인하는 데 도움을 드릴 수 있도록 계정 세부정보를 제공해 주시면 필요한 정확한 정보를 찾는 데 도움을 드리겠습니다.
BLMQ,해고 처벌을 어떻게 확인할 수 있는지 모르겠어요,취소,취소 수수료 확인,걱정 마세요! 제가 도와드릴 수 있습니다. 해지 위약금을 확인하려면 계약서를 참조하거나 고객 서비스 팀에 문의하세요. 그들은 고객님의 계정과 관련된 해지 수수료에 관한 구체적인 세부 정보를 고객님께 제공할 수 있습니다.
BLZ,철회 벌금,취소,취소 수수료 확인,물론입니다! 고객님의 계정에 대한 인출 위약금을 확인하려면 이용 약관을 검토하거나 고객 서비스 팀에 문의하여 추가 지원을 받으십시오. 그들은 고객님의 특정 계좌에 적용되는 인출 벌금에 관한 자세한 정보를 고객님께 제공할 수 있습니다.
BILM,조기 퇴실 비용을 확인하는 데 도움을 주실 수 있나요?,취소,취소 수수료 확인,확실히! 조기 퇴실 비용을 확인하는 데 도움을 드리고자 왔습니다. 제가 고객님을 위해 정보에 접근할 수 있도록 고객님의 계정 세부정보를 제공해 주십시오.
BKLM,조기 해고 비용 참조,취소,취소 수수료 확인,물론입니다! 조기 해지 비용을 확인하려면 온라인 계정에 로그인하거나 고객 서비스 팀에 도움을 요청하세요. 취소 수수료에 대한 정확한 정보를 알려드릴 수 있습니다.
BILQ,종료 패널티는 어떻게 확인하나요?,취소,취소 수수료 확인,바로 처리하겠습니다! 해지 위약금을 보려면 당사 웹사이트의 이용 약관 페이지를 참조하세요. 여기에서 조기 해고와 관련된 벌금 및 수수료에 대한 자세한 정보를 확인할 수 있습니다. 또한 해지 위약금에 관해 궁금한 점이 있으면 당사 고객 서비스 팀에 문의하여 추가 지원을 받을 수 있습니다.
BIL,취소 위약금을 확인할 수 있도록 도와주실 수 있나요?,취소,취소 수수료 확인,"물론, 취소 수수료 세부정보를 검토하도록 도와드릴 수 있습니다."
BELZ,조기탈퇴 페널티를 어떻게 확인할 수 있는지 모르겠습니다.,취소,취소 수수료 확인,"문제 없습니다! 조기 퇴실 벌금을 확인하려면 당사 웹사이트에서 고객님의 계정에 로그인한 후 ""수수료 및 요금"" 섹션으로 이동하십시오. 여기에서 고객님의 특정 계획에 대한 조기 종료 벌금에 관한 모든 정보를 찾을 수 있습니다. 해당 항목을 찾는 데 어려움이 있는 경우 언제든지 당사 고객 지원팀에 문의하시면 추가 도움을 드릴 것입니다."
BILPW,빌어먹을 해지 수수료를 어떻게 확인할 수 있지?,취소,취소 수수료 확인,해지 수수료를 확인하려면 당사 웹사이트에서 고객 계정에 로그인하여 이 정보에 쉽게 액세스할 수 있습니다. 여기에서 청구 또는 계정 세부정보 섹션으로 이동하여 해지 수수료에 관한 구체적인 세부정보를 확인하세요. 문제가 발생하거나 추가 지원이 필요한 경우 언제든지 고객 지원팀에 문의해 주시면 문의 사항에 대해 기꺼이 도움을 드릴 것입니다.
BL,조기 해지 수수료 확인에 도움이 필요합니다,취소,취소 수수료 확인,조기 해지 수수료 확인에 도움이 필요하다는 생각에 동감합니다. 정확한 정보를 제공하기 위해 고객님의 계정 번호나 고객님이 언급하고 있는 특정 서비스 계획과 같은 세부 정보를 제공해 주시겠습니까?
BEL,조기 퇴실 요금을 찾을 수 없습니다,취소,취소 수수료 확인,불편을 끼쳐드려 죄송합니다. 취소 수수료에 대한 정보를 찾는 데 도움을 드리겠습니다. 고객님의 계정 세부정보나 기타 관련 정보를 알려주시겠습니까?
BL,취소 위약금,취소,취소 수수료 확인,물론입니다! 고객님의 계정에 대한 취소 위약금에 대한 세부정보를 안내해 드리겠습니다. 취소 위약금은 합의된 기간 이전에 계정을 해지하기로 결정한 경우 부과되는 수수료입니다. 고객님의 계정에 대한 구체적인 취소 위약금을 확인하려면 고객 지원팀에 문의하세요. 그들은 고객님의 계정 정보를 기반으로 정확한 정보를 제공할 수 있습니다.
BCEL,조기 해지 수수료를 찾을 수 없습니다. 도움이 필요합니다,취소,취소 수수료 확인,불편을 끼쳐드려 죄송합니다. 조기 해지 수수료를 찾는 데 도움이 되도록 고객님이 언급하고 있는 계좌나 보험 상품의 이름을 알려주시기 바랍니다. 해당 정보가 확보되면 수수료를 찾는 과정을 안내해 드릴 수 있습니다.
BLW,빌어먹을 취소 위약금을 찾을 수가 없어요,취소,취소 수수료 확인,불편을 끼쳐드려 죄송합니다. 취소 위약금을 확인하려면 계약서와 함께 제공된 이용 약관 문서를 확인해 보세요. 조기 해고에 대한 구체적인 비용과 조건을 명시해야 합니다. 여전히 정보를 찾는 데 문제가 있는 경우 고객 서비스 팀에 문의하여 추가 지원을 받는 것이 좋습니다. 취소 위약금과 관련하여 필요한 세부 정보를 제공해 드릴 수 있습니다.
BL,철회 패널티를 확인하는 데 도움이 필요합니다.,취소,취소 수수료 확인,"내가 해낼게! 고객님의 계정에 대한 인출 벌금을 확인하는 데 도움을 드릴 수 있습니다. 정확한 정보 제공을 위해 계좌번호, 사용자명 등의 계좌정보를 제공해 주시기 바랍니다."
BILMP,조기 해고 비용을 확인하는 데 도움을 주실 수 있나요?,취소,취소 수수료 확인,"최선을 다하겠습니다! 고객님의 계약에 대한 조기 해지 비용을 검토하는 데 도움을 드릴 수 있습니다. 계속 진행하려면 계약 시작일, 기간 등 필요한 계약 세부정보를 제공해 주세요."
BLMQZ,터미나토인 요금을 확인하는 데 도움이 필요합니다,취소,취소 수수료 확인,바로 처리하겠습니다! 해지 수수료를 확인하는 데 도움을 드리고자 왔습니다. 그렇게 하려면 당사 고객 지원팀에 문의하거나 당사 웹사이트의 이용 약관 섹션을 참조하세요. 추가로 도움이 필요하시면 알려주시기 바랍니다.
BLQZ,조기 해지 요금을 확인하는 데 도움이 필요합니다,취소,취소 수수료 확인,"긍정적으로! 조기 해지 수수료를 확인하는 데 도움이 필요한 경우 계정에 로그인하여 ""취소 수수료"" 섹션으로 이동하는 것이 좋습니다. 여기에서 조기 해고와 관련된 수수료에 관한 모든 필수 정보를 찾을 수 있습니다."
BL,해지 수수료를 보고,취소,취소 수수료 확인,저는 그것을하고있다! 해지 수수료를 확인하는 데 도움을 드릴 수 있습니다. 정확한 정보를 제공하기 위해 계좌번호나 기타 관련 세부정보를 알려주시겠어요?
BILMQ,출금 수수료는 어디서 확인하나요,취소,취소 수수료 확인,인출 수수료에 대한 정보를 찾으려면 당사 웹사이트를 방문하여 수수료 및 수수료 섹션으로 이동하세요. 여기에서 고객님의 계좌 인출과 관련된 수수료에 관한 자세한 정보를 확인할 수 있습니다.
BILM,취소 수수료를 보려면 어떻게 해야 하나요?,취소,취소 수수료 확인,"물론이죠. 제가 도와드릴 수 있습니다. 취소 수수료를 보려면 당사 웹사이트에서 고객님의 계정에 로그인한 후 ""청구"" 또는 ""계정"" 섹션으로 이동하십시오. 해당 섹션에는 취소 수수료 또는 수수료와 관련된 하위 섹션이 있습니다. 이를 클릭하면 고객님의 계정에 적용되는 취소 수수료에 대한 세부 정보가 표시됩니다. 해당 항목을 찾을 수 없거나 추가 지원이 필요한 경우 언제든지 고객 지원팀에 문의하여 안내를 받으세요."
BILM,조기해지 수수료는 어디서 확인하나요?,취소,취소 수수료 확인,"당사 웹사이트에서 고객님의 계정에 로그인하시면 조기 해지 수수료에 대한 세부정보를 확인하실 수 있습니다. 수수료와 관련된 정보를 보려면 ""청구"" 또는 ""계정"" 섹션으로 이동하세요."
BLZ,출금 페널티를 어떻게 보는지 모르겠어요,취소,취소 수수료 확인,문제 없습니다! 인출 벌금을 보려면 당사 웹사이트나 모바일 앱에서 고객님의 계정에 로그인하여 이 정보에 쉽게 액세스할 수 있습니다. 추가 지원이 필요한 경우 언제든지 고객 지원팀에 문의하시면 기꺼이 절차를 안내해 드릴 것입니다.
BLM,취소 위약금을 확인하는 방법을 모르겠습니다.,취소,취소 수수료 확인,걱정 마세요! 취소 페널티를 확인하는 방법을 안내해 드리겠습니다. 이 정보를 찾으려면 당사 웹사이트를 방문하여 이용 약관 섹션으로 이동하십시오. 여기에서 취소 수수료 및 위약금에 관한 모든 세부정보를 확인할 수 있습니다. 추가 지원이 필요한 경우 언제든지 고객 서비스 팀에 문의하세요.
BIL,조기 퇴실 비용을 확인할 수 있도록 도와주실 수 있나요?,취소,취소 수수료 확인,물론입니다! 조기 퇴실 비용을 확인할 수 있도록 기꺼이 도와드리겠습니다. 고객님의 계정 세부정보를 제공해 주시면 해당 정보를 검색해 드리겠습니다.
BILQ,내가 계약을 취소하면 얼마를 청구할 건가요?,취소,취소 수수료 확인,"문의해 주셔서 감사합니다! 계약에 대한 정확한 취소 수수료를 확인하려면 계정에 로그인하여 ""취소 수수료"" 섹션을 방문하십시오. 여기에서 계약 조기 취소와 관련된 구체적인 비용을 확인할 수 있습니다. 추가 질문이 있거나 도움이 필요하시면 언제든지 알려주세요!"
BCILQ,조기 퇴사 수수료를 확인해야 하는데 도움이 될까요?,취소,취소 수수료 확인,최선을 다하겠습니다! 조기 퇴실 수수료를 확인하는 데 도움을 드리고자 왔습니다. 제가 대신 조사할 수 있도록 고객님의 계정 세부정보를 알려주십시오.
BLW,빌어먹을 인출 수수료를 확인하는 데 도움이 필요해요,취소,취소 수수료 확인,사용된 언어에 대해 사과드립니다. 하지만 그 문제에 대해서는 제가 도와드릴 수 있다고 확신합니다. 출금 수수료를 확인해 보겠습니다. 필요한 세부정보를 제공해 주시겠습니까?
BCL,출금 수수료를 확인하고 싶은데 도움이 필요합니다,취소,취소 수수료 확인,과연! 출금 수수료 확인을 도와드릴 수 있습니다. 제가 고객님을 위해 정보에 접근할 수 있도록 고객님의 계정 세부정보를 알려주시겠습니까?
BCL,취소 위약금을 보고 싶어요 도와주세요,취소,취소 수수료 확인,기꺼이 도와드리겠습니다! 취소 위약금 확인을 도와드릴 수 있습니다. 정확한 정보를 제공하기 위해 계좌번호나 기타 관련 세부정보를 알려주실 수 있나요?
BLM,탈퇴 페널티 보여줘,취소,취소 수수료 확인,물론입니다. 고객님의 계정에 대한 인출 벌금을 알아보는 데 도움을 드리겠습니다. 적용되는 벌금을 정확히 확인할 수 있도록 고객님의 계정 세부정보를 제공해 주시기 바랍니다.
BL,조기 해고 벌금을 확인하는 데 도움을 주세요,취소,취소 수수료 확인,"확실히! 고객님의 계약에 대한 조기 해지 위약금을 확인하는 데 도움을 드릴 수 있습니다. 그렇게 하려면 고객님의 계정에 로그인하고 ""해지 수수료"" 섹션으로 이동하십시오. 여기에서 계약 조기 종료와 관련된 수수료에 대한 모든 정보를 확인할 수 있습니다. 이와 관련하여 추가 지원이 필요하면 알려주시기 바랍니다."
BCIL,조기 퇴사 수수료를 확인해야 하는데 어떻게 해야 하나요?,취소,취소 수수료 확인,물론이죠! 조기 종료 비용을 확인하려면 고객 서비스 헬프라인에 연락하여 계정 세부정보를 제공하세요. 그들은 고객님의 계좌에 대한 조기 퇴실 수수료에 관한 정확한 정보를 고객님께 제공할 수 있습니다.
BLMQZ,조기 해고 처벌을 확인하는 데 도움이 필요했습니다.,취소,취소 수수료 확인,저는 그것을하고있다! 고객님의 계정에 대한 조기 해지 위약금을 확인하는 데 도움을 드릴 수 있습니다. 고객님의 계정 세부정보를 알려주시면 조사해 보겠습니다.
BLZ,출금 를 봐야해요,취소,취소 수수료 확인,"과연! 인출 수수료를 보려면 고객님의 계정에 로그인하여 ""수수료 및 요금"" 또는 ""인출 정책"" 섹션으로 이동하십시오. 여기에서 인출 수수료와 관련하여 필요한 모든 정보를 찾을 수 있습니다. 추가 문의사항이 있거나 추가 도움이 필요하시면 언제든지 알려주세요."
BILW,빌어먹을 조기 해고 비용을 어떻게 확인하나요?,취소,취소 수수료 확인,물론이죠! 중도해지 수수료 확인 방법을 안내해드리겠습니다.
BILM,인출 수수료를 확인할 수 있도록 도와주실 수 있나요?,취소,취소 수수료 확인,물론입니다! 고객님의 계좌에 대한 인출 수수료를 확인하실 수 있도록 기꺼이 도와드리겠습니다. 정확한 정보를 제공해 드릴 수 있도록 고객님의 계정 정보를 알려주시기 바랍니다.
BELM,취소 수수료를 확인하려면 어떻게 해야 할지 모르겠습니다.,취소,취소 수수료 확인,취소 수수료를 확인하시려면 당사 고객서비스팀에 문의하시거나 계약서 작성 시 제공된 이용약관 문서를 참조하시기 바랍니다. 계약 취소 수수료 및 비용에 대한 정확한 정보를 제공할 수 있습니다.
BCIL,취소 수수료를 확인해야 하는데 도와주실 수 있나요?,취소,취소 수수료 확인,물론입니다! 취소 수수료에 대한 세부정보를 제공하려면 몇 가지 추가 정보가 필요합니다. 고객님이 언급하고 있는 서비스나 계약의 이름을 알려주시겠습니까?
BL,탈퇴페널티는 어떻게 확인하는지 모르겠어요,취소,취소 수수료 확인,출금 페널티를 확인하는 방법에 대해 잘 모르시는 것으로 확인되었습니다. 제가 도와드리겠습니다.
BL,취소 위약금을 보고 싶어요,취소,취소 수수료 확인,확실히! 취소 위약금에 관한 정보를 검색하는 데 도움을 드릴 수 있습니다. 더 나은 지원을 위해 고객님의 계약 세부정보나 계정 정보를 알려주시겠습니까?
BILQ,인출 수수료를 확인할 수 있도록 도와주세요,취소,취소 수수료 확인,"과연! 취소 수수료에 대한 이해를 도와드리겠습니다. 취소 수수료에 관한 구체적인 정보를 확인하려면 당사 웹사이트의 ""이용 약관"" 섹션을 참조하세요. 여기에는 고객님의 계정이나 서비스를 취소하는 데 따른 요금, 요구 사항 및 적용 가능한 처벌이 요약되어 있어야 합니다. 추가 질문이 있거나 특정 세부정보에 대한 설명이 필요한 경우 언제든지 알려주시기 바랍니다."
BILP,조기퇴출 페널티를 볼 수 있을까요?,취소,취소 수수료 확인,물론이죠! 고객님의 계정에 대한 조기 탈퇴 위약금을 확인하는 데 도움을 드릴 수 있습니다. 이를 위해 고객님의 계정 세부정보를 제공해 주시면 필요한 정보를 제공해 드리겠습니다.
BILP,해고 처벌을 확인하는 데 도움을 주실 수 있나요?,취소,취소 수수료 확인,"과연! 해지 위약금을 확인하려면 시작 날짜, 기간 등 계약에 필요한 세부 정보를 제공해 주시기 바랍니다."
BL,조기퇴사 수수료를 어떻게 확인해야 할지 모르겠습니다.,취소,취소 수수료 확인,"문제 없습니다! 고객님의 계정에 대한 조기 종료 수수료를 확인하려면 당사 웹사이트를 방문하여 ""계정 세부정보"" 섹션으로 이동하십시오. 여기에서 조기 해고와 관련된 잠재적인 벌금이나 수수료에 대한 정보를 찾을 수 있습니다. 추가 질문이 있는 경우 언제든지 고객 서비스 팀에 문의하여 도움을 받으세요."
BILQ,해지 수수료를 보려면 어떻게 해야 하나요?,취소,취소 수수료 확인,해지 수수료를 보려면 다음 단계를 따르세요. 1. 당사 웹사이트 또는 모바일 앱에서 고객님의 계정에 로그인하십시오. 2. 결제 섹션 또는 계정 설정으로 이동합니다. 3. 수수료 또는 요금이 언급된 섹션이나 탭을 찾으십시오. 4. 옵션을 선택하거나 클릭하여 해지 수수료를 확인하세요. 5. 이제 고객님의 계정과 관련된 해지 수수료 세부정보를 볼 수 있습니다. 정보를 찾을 수 없거나 추가 질문이 있는 경우 언제든지 고객 서비스 팀에 문의하여 도움을 받으세요.
BL,조기 퇴사 수수료를 확인해야 해요,취소,취소 수수료 확인,물론이죠! 고객님의 계좌에 대한 조기 탈퇴 수수료를 확인하는 데 도움을 드릴 수 있습니다. 그러기 위해 고객님의 계정 세부정보를 알려주시면 찾아보겠습니다.
BILMQ,해지 수수료를 볼 수 있는 곳,취소,취소 수수료 확인,"계정 대시보드에 액세스하고 ""수수료 및 요금"" 섹션으로 이동하여 해지 요금을 확인할 수 있습니다. 또는 서비스 가입 시 제공된 이용 약관 문서를 참조할 수도 있습니다. 해당 문서에는 해지 수수료에 대한 자세한 정보가 포함되어 있어야 합니다."
BILM,철회 처벌을 확인할 수 있도록 도와주실 수 있나요?,취소,취소 수수료 확인,"물론, 인출 벌금을 확인하는 데 도움을 드릴 수 있습니다. 출금위약금에 대한 정확한 안내를 드릴 수 있도록 계좌정보, 해지 사유 등 필요한 정보를 제공해 주시기 바랍니다."
BLMZ,인출 비용을 확인하는 데 도움이 필요함,취소,취소 수수료 확인,"물론, 제가 도와드릴 수 있습니다. 인출 수수료를 보려면 계정의 이용 약관 섹션을 참조하거나 당사 고객 서비스 팀에 자세한 내용을 문의하세요."
BILMZ,조기 해지 비용을 확인하려면 어떻게 해야 하나요?,취소,취소 수수료 확인,"확실히! 조기 해지 비용에 대한 세부정보를 찾는 데 도움을 드릴 수 있습니다. 정보를 보려면 당사 웹사이트를 방문하여 ""이용 약관"" 또는 ""FAQ"" 섹션으로 이동하십시오. 해당 섹션에서 조기 해고 비용에 관한 구체적인 세부 정보를 찾을 수 있습니다. 정보를 찾는 데 어려움이 있는 경우 언제든지 당사 고객 지원팀에 문의하시면 기꺼이 추가 지원을 해드릴 것입니다."
BCILQZ,취소 페널티를 어떻게 하는지 확인해야 해요,취소,취소 수수료 확인,바로 처리하겠습니다! 취소 위약금을 확인하려면 계약서를 참조하거나 고객 서비스 팀에 문의하여 필요한 정보를 제공받으세요.
BLM,탈퇴페널티를 봐야겠네요,취소,취소 수수료 확인,"내가 처리할게! 인출 벌금을 보려면 온라인으로 고객님의 계정에 접속하여 ""위약금 및 요금"" 또는 ""인출 수수료"" 섹션으로 이동하십시오. 여기에서 고객님의 계좌에서 자금을 인출하는 데 관련된 수수료에 대한 자세한 정보를 확인할 수 있습니다. 특정 질문이 있거나 추가 설명이 필요한 경우 언제든지 고객 지원팀에 문의하여 도움을 받으세요."
BL,출금 수수료를 어떻게 확인할 수 있는지 모르겠습니다.,취소,취소 수수료 확인,"출금수수료 확인방법이 궁금하시다면 걱정하지 마세요! 절차를 안내해 드리겠습니다. 인출 수수료를 확인하려면 계정에 로그인하여 ""청구"" 또는 ""계정"" 섹션으로 이동하세요. 여기에서 적용 가능한 인출 수수료 또는 수수료에 대한 정보를 찾을 수 있습니다. 이 정보를 찾을 수 없는 경우 고객 지원팀에 문의하여 추가 지원을 받는 것이 좋습니다."
BLMZ,조기 해고 처벌을 찾을 수 없습니다.,취소,취소 수수료 확인,불편을 끼쳐드려 죄송합니다. 고객님의 계정에 대한 조기 해지 위약금에 관한 정보를 찾는 데 도움을 드리겠습니다. 제가 더 자세히 조사할 수 있도록 고객님의 계정 세부정보를 제공해 주시기 바랍니다.
BLM,철회 위약금을 확인하는 데 도움을 주세요,취소,취소 수수료 확인,물론입니다. 인출 위약금을 확인하는 데 도움을 드릴 수 있습니다. 제가 관련 정보에 접근할 수 있도록 고객님의 계정 세부정보를 제공해 주시겠습니까?
BIL,취소 수수료는 어디서 확인할 수 있나요?,취소,취소 수수료 확인,"온라인으로 고객님의 계정 정보에 접속하시면 취소 수수료를 쉽게 찾으실 수 있습니다. 고객님의 계정에 로그인하여 ""결제"" 또는 ""계정 요약"" 섹션으로 이동하세요. 여기에서 고객님의 계획과 관련된 취소 수수료에 대한 세부 정보를 볼 수 있습니다. 위치를 찾는 데 어려움이 있는 경우 알려주시면 추가로 안내해 드리겠습니다."
BCIMP,취소 수수료를 찾을 수 없습니다. 도와주실 수 있나요?,취소,취소 수수료 확인,물론이죠! 고객님의 계정에 대한 취소 수수료를 찾는 데 도움을 드릴 수 있습니다. 이를 위해 고객님의 계정 번호나 구독 중인 서비스 유형과 같은 계정 세부정보를 알려주시기 바랍니다. 이 정보를 통해 고객님께 필요한 정보를 신속하게 수집할 수 있습니다.
BCIL,조기탈퇴 패널티를 보고 싶은데 어떻게 하면 되나요?,취소,취소 수수료 확인,"조기 종료 벌금을 보려면 계정에 로그인하여 ""해지 수수료"" 섹션으로 이동하십시오. 여기에서 합의된 기간 이전에 계정을 취소하는 데 따른 비용에 관한 모든 정보를 확인할 수 있습니다."
BLM,탈퇴 처벌을 참조하십시오,취소,취소 수수료 확인,"인출 벌금을 보려면 당사 웹사이트나 모바일 앱에서 고객님의 계정에 로그인하세요. 로그인한 후 ""계정 세부정보"" 섹션으로 이동하면 적용 가능한 취소 수수료에 관한 모든 정보를 확인할 수 있습니다. 추가 지원이 필요한 경우 언제든지 고객 지원팀에 문의해 주세요."
BIL,출금수수료는 어디서 확인할 수 있나요?,취소,취소 수수료 확인,확실히! 인출 수수료에 관한 세부정보를 찾는 데 도움을 드릴 수 있습니다. 이 정보는 당사 웹사이트의 수수료 및 요금 섹션에서 확인하거나 당사 고객 서비스 팀에 문의하여 확인할 수 있습니다.
BLZ,조기 종료 수수료를 확인하는 데 도움을 주세요,취소,취소 수수료 확인,"물론이죠! 조기 종료 수수료를 확인하려면 계정에 로그인하여 ""해지 수수료"" 섹션으로 이동하세요. 여기서는 계약 기간이 끝나기 전에 서비스 취소와 관련된 수수료에 관한 모든 정보를 확인할 수 있습니다. 추가 도움이 필요하면 알려주세요!"
BCLM,출금 수수료를 확인해야 하는데 도와주세요,취소,취소 수수료 확인,"물론입니다. 인출 수수료를 확인하려면 계정에 로그인하여 ""수수료 및 요금"" 섹션으로 이동하세요. 여기에서 인출과 관련된 수수료에 대한 자세한 정보를 확인할 수 있습니다. 더 궁금한 점이 있으시면 언제든지 알려주세요!"
BLM,인출 수수료 확인 도와주세요,취소,취소 수수료 확인,"물론, 인출 수수료를 검토하는 데 도와드리겠습니다."
BILPW,빌어먹을 취소 수수료는 어디서 확인할 수 있나요?,취소,취소 수수료 확인,"문제 없습니다! 당사 웹사이트나 모바일 앱의 ""계정"" 섹션을 방문하시면 취소 수수료에 대한 자세한 내용을 쉽게 확인하실 수 있습니다."
BELW,망할 출금수수료 어떻게 확인해야할지 모르겠어요,취소,취소 수수료 확인,끔찍한 인출 수수료를 확인하려면 고객 지원팀에 문의하거나 웹사이트를 방문하세요. 출금 수수료에 관한 정보는 이용 약관 섹션이나 계정 설정에서 확인할 수 있습니다. 그래도 찾는 데 어려움이 있는 경우 당사 지원팀이 기꺼이 도와드리겠습니다.
BIM,취소 수수료 확인을 도와주실 수 있나요?,취소,취소 수수료 확인,"물론입니다! 취소 수수료를 확인하려면 고객님의 계정에 로그인하여 ""취소 수수료"" 섹션으로 이동하십시오. 여기에서 서비스 취소와 관련된 수수료에 대한 자세한 정보를 확인할 수 있습니다."
BLZ,몇 가지 조기 종료를 확인하도록 도와주세요,취소,취소 수수료 확인,"기꺼이 도와드리겠습니다! 계약에 대한 조기 종료 수수료를 보려면 계정에 로그인하여 ""수수료 및 벌금"" 섹션으로 이동하십시오. 이는 고객님의 계약과 관련된 조기 종료 수수료와 관련하여 필요한 모든 정보를 제공합니다. 추가 질문이 있으시면 언제든지 고객 지원팀에 문의해 주세요."
BLMP,조기해지 수수료를 어떻게 확인할 수 있는지 모르겠습니다.,취소,취소 수수료 확인,계약의 조기 해지 수수료를 확인하는 방법을 잘 모르시는 경우 절차를 안내해 드릴 수 있습니다. 먼저 계약 조건을 검토하는 것부터 시작할 수 있습니다. 이는 조기 해고와 관련된 벌금이나 수수료에 대한 정보를 제공해야 합니다. 또한 전화나 이메일을 통해 고객 서비스 팀에 연락하여 정확한 요금을 결정하는 데 도움을 요청할 수 있습니다. 저희 팀은 필요한 모든 세부 정보를 기꺼이 제공해 드릴 것입니다.
BL,출금 수수료를 확인하는 데 도움이 필요합니다,취소,취소 수수료 확인,긍정적으로! 인출 수수료를 확인하는 데 도움이 되도록 고객님의 계좌 정보를 제공해 주시면 정확한 세부 정보를 찾는 데 도움을 드리겠습니다.
BILQ,취소 위약금은 어디서 확인하나요?,취소,취소 수수료 확인,"문제 없습니다! 취소 위약금을 확인하려면 당사 웹사이트나 모바일 앱에서 계정에 로그인하세요. 계정 페이지에서 ""취소"" 섹션으로 이동하면 취소 위약금에 관한 모든 세부정보를 확인할 수 있습니다."
BLQW,빌어먹을 인출 비용을 보는 데 도움이 필요해,취소,취소 수수료 확인,불편을 끼쳐드려 죄송합니다. 인출 수수료를 확인하고 싶으신 것으로 확인됩니다. 기꺼이 도와드리겠습니다. 잠시 시간을 내어 필요한 정보를 수집해 주시기 바랍니다.
BEL,해지 수수료를 보려면 어떻게 해야 하는지 모르겠습니다.,취소,취소 수수료 확인,걱정하지 마세요. 해지 수수료 확인 방법을 안내해 드릴 수 있습니다. 해지 수수료를 확인하려면 서비스 계약을 참조하거나 고객 지원팀에 문의하세요. 그들은 취소 수수료와 관련하여 필요한 모든 정보를 제공할 것입니다.
BCILPQWZ,빌어먹을 조기 퇴사 수수료를 찾을 수가 없네요. 도와주세요.,취소,취소 수수료 확인,물론이죠! 불편을 끼쳐드려 죄송합니다. 조기 종료 수수료를 찾는 데 도움을 드릴 수 있도록 고객님의 계좌 정보를 제공해 주시겠습니까? 해당 정보를 확보하면 더 효율적으로 도움을 드릴 수 있습니다.
BLW,빌어먹을 조기 퇴사 수수료를 알 수 있게 도와줘,취소,취소 수수료 확인,과연! 조기 종료 수수료를 확인하는 데 도움을 받으려면 계정 세부정보를 제공하거나 고객 서비스 팀에 문의하여 추가 정보 및 설명을 문의하세요.
BILP,해지 수수료를 보여 주시겠어요?,취소,취소 수수료 확인,내가 처리할게! 해지 수수료에 관한 모든 정보를 기꺼이 제공해 드리겠습니다. 잠시 시간을 내어 자세한 내용을 확인해 주시기 바랍니다.
BLW,조기 퇴실 요금을 확인하려고 합니다.,취소,취소 수수료 확인,"물론입니다. 혼란을 드려 죄송합니다. 조기 종료 수수료를 확인하려면 계정에 로그인하여 ""조기 종료 수수료"" 섹션으로 이동하십시오. 거기에서 필요한 모든 정보를 찾을 수 있습니다."
BELM,출금수수료를 확인하려면 어떻게 해야할지 모르겠습니다.,취소,취소 수수료 확인,"전혀 문제 없습니다! 인출 수수료를 확인하려면 계정에 로그인하여 ""인출 수수료"" 섹션으로 이동하세요. 여기에서 자금 인출 수수료와 관련하여 필요한 모든 정보를 찾을 수 있습니다. 더 궁금하신 점이 있으시거나 다른 도움이 필요하시면 언제든지 문의해주세요!"
BIMZ,취소 수수료는 얼마입니까?,취소,취소 수수료 확인,"취소 수수료를 확인하려면 계정에 로그인하여 ""해지 수수료"" 섹션으로 이동하세요. 여기에서 서비스 취소와 관련된 수수료에 관한 모든 정보를 확인할 수 있습니다."
BLM,조기 퇴실 비용 확인을 도와주세요,취소,취소 수수료 확인,조기 퇴실 수수료를 확인하는 데 도움이 되도록 당사 웹사이트에서 고객님의 계정에 로그인하면 이 정보를 쉽게 찾을 수 있습니다. 로그인한 후 계정 세부정보 섹션으로 이동하면 서비스 조기 종료에 따른 적용 가능한 수수료 및 요금 내역을 확인할 수 있습니다. 추가 질문이 있거나 추가 설명이 필요한 경우 당사 고객 서비스 팀이 기꺼이 도와드리겠습니다.
BEL,조기해지 페널티를 어떻게 보는지 모르겠어요,취소,취소 수수료 확인,"문제 없습니다! 조기 해지 위약금을 확인하려면 계정에 로그인하여 ""해지 수수료"" 섹션으로 이동하세요. 여기에서 고객님의 계정을 조기 해지할 경우 처벌에 대해 필요한 모든 정보를 찾을 수 있습니다."
BLMQZ,인출 수수료를 보고 어떻게 해야 할지 모르겠어요,취소,취소 수수료 확인,"문제 없습니다! 제가 도와드릴 수 있습니다. 인출 수수료를 보려면 당사 웹사이트를 방문하여 ""수수료 및 요금"" 섹션으로 이동하십시오. 여기에서 인출 수수료와 관련하여 필요한 모든 정보를 찾을 수 있습니다. 더 궁금한 점이 있으시면 언제든지 문의해주세요!"
BIL,출금수수료는 어디서 확인하나요?,취소,취소 수수료 확인,"인출 수수료를 보려면 고객님의 계정에 로그인하여 ""해지 수수료"" 섹션으로 이동하십시오."
BIL,출금 수수료는 어떻게 확인하나요?,취소,취소 수수료 확인,고객님의 계정과 관련된 인출 수수료를 보려면 온라인 계정에 로그인하고 청구 또는 수수료 섹션으로 이동하여 쉽게 찾을 수 있습니다. 고객님의 편의를 위해 인출 수수료가 명확하게 표시됩니다.
BLM,취소 수수료를 보려면 어떻게 해야 하는지 모르겠습니다.,취소,취소 수수료 확인,문제 없습니다! 고객님의 계정에 대한 취소 수수료를 보려면 당사 웹사이트에서 고객님의 계정에 로그인하십시오. 로그인한 후 계정 설정 또는 청구 섹션으로 이동하면 필요한 정보를 찾을 수 있습니다. 취소 수수료를 확인할 수 없는 경우 언제든지 당사 고객 지원팀에 문의하여 추가 지원을 받으세요.
BILMW,피비린내 저는 철회 처벌을 볼 수 있습니까?,취소,취소 수수료 확인,저는 그것을하고있다! 인출 위약금을 확인하려면 계약서를 참조하거나 필요한 세부 정보를 제공할 수 있는 당사 고객 서비스 팀에 문의하세요.
BL,해고 페널티를 확인하는 데 도움을 주세요.,취소,취소 수수료 확인,"내가 처리할게! 해지 벌금을 보려면 계정에 로그인하여 ""계정 세부 정보"" 섹션으로 이동하세요. 여기에서 서비스 종료 위약금에 관한 모든 정보를 확인할 수 있습니다."
BLM,조기 해고 위약금을 확인하는 데 도움이 필요합니다,취소,취소 수수료 확인,조기 해고 위약금을 확인하는 데 도움이 필요한 경우 고객 서비스 팀에 문의하세요. 그들은 고객님께 필요한 정보를 제공하고 절차를 안내할 수 있습니다.
BCILM,"해지 수수료를 확인하고 싶은데, 도와주실 수 있나요?",취소,취소 수수료 확인,확실히! 해지 수수료 확인을 도와드릴 수 있습니다. 자세한 내용을 확인하려면 고객님의 계정 정보를 제공하거나 당사 고객 서비스 부서에 직접 문의하십시오. 그들은 해지 수수료에 관한 정확한 정보를 고객님께 제공할 수 있을 것입니다.
BEL,해지 수수료를 어떻게 볼 수 있는지 모르겠습니다.,취소,취소 수수료 확인,해지 수수료를 확인하는 방법이 확실하지 않은 경우 계약서를 참조하거나 고객 서비스 팀에 문의하세요. 그들은 해지 수수료와 관련하여 고객님께 필요한 모든 정보를 제공할 수 있습니다.
BLMP,조기 해고 페널티를 어떻게 확인할 수 있는지 모르겠습니다.,취소,취소 수수료 확인,걱정 마세요! 고객님의 계정에 대한 조기 해지 위약금을 확인하는 방법을 안내해 드릴 수 있습니다. 그렇게 하려면 온라인 계정 명세서에 액세스하거나 당사 고객 서비스 팀에 문의하여 도움을 받으십시오. 취소 수수료와 관련하여 필요한 정보를 제공해 드릴 수 있습니다.
BLQ,저는 조기 종료 페널티를 보려고 노력합니다,취소,취소 수수료 확인,"내가 해낼게! 조기 해지 위약금의 정확한 금액을 확인하려면 이용 약관의 ""해지 정책"" 섹션을 참조하세요. 이는 벌금과 벌금 계산 방법에 관해 필요한 모든 정보를 제공합니다. 더 궁금한 점이 있으시면 언제든지 문의해 주세요."
BELM,해지 수수료를 확인하려면 어떻게 해야 할지 모르겠습니다.,취소,취소 수수료 확인,계약 해지 수수료를 확인하는 방법을 모르더라도 걱정하지 마세요! 제가 도와드릴 수 있습니다. 해지 수수료를 알아내는 가장 좋은 방법은 계약이나 계약을 검토하는 것입니다. 여기에서 취소 및 관련 비용에 관한 구체적인 이용약관을 확인할 수 있습니다. 정보를 찾는 데 어려움이 있거나 추가 질문이 있는 경우 언제든지 고객 서비스 팀에 문의하세요. 절차를 안내하는 데 기꺼이 도움을 드릴 것입니다.
BELMQ,조기 퇴실 처벌을 어떻게 확인할 수 있는지 모르겠습니다.,취소,취소 수수료 확인,"조기 종료 벌금을 보려면 고객님의 계정에 접속하여 ""해지 수수료"" 섹션으로 이동하십시오. 합의된 시간 이전에 서비스 취소와 관련된 수수료에 대한 세부 정보를 제공합니다."
BELMQZ,해지 위약금을 어떻게 확인할 수 있는지 모르겠습니다.,취소,취소 수수료 확인,문제 없습니다! 제가 도와드릴 수 있습니다. 해고 처벌을 확인하려면 다음 단계를 따르세요.
BCILPQ,인출 페널티를 확인해야 합니다. 도움이 될 것입니다.,취소,취소 수수료 확인,최선을 다하겠습니다! 인출 벌금을 확인하는 데 도움을 드릴 수 있습니다. 고객님의 계약 세부정보를 알려주시면 필요한 정보를 찾아드리겠습니다.
BL,조기 퇴실 벌금을 확인하는 데 도움이 필요합니다,취소,취소 수수료 확인,물론이죠! 조기 퇴실 위약금 확인에 도움을 드릴 수 있도록 고객님의 계좌 정보를 알려주시면 제가 대신 조사해 드리겠습니다.
BILMP,인출 수수료를 확인하도록 도와주실 수 있나요?,취소,취소 수수료 확인,최선을 다하겠습니다! 인출 수수료를 보려면 계정에 로그인하여 청구 섹션으로 이동하세요. 여기에서 자금 인출에 적용되는 수수료 및 비용에 대한 자세한 정보를 확인할 수 있습니다. 추가 지원이 필요한 경우 언제든지 고객 지원팀에 문의하세요.
BLM,조기 퇴실 비용을 확인하세요,취소,취소 수수료 확인,"물론입니다! 조기 퇴실 비용을 확인하는 데 도움을 드릴 수 있습니다. 이 정보에 액세스하려면 당사 웹사이트에서 고객님의 계정에 로그인하고 ""내 계정"" 섹션으로 이동하십시오. 여기에서 '계약 세부정보' 또는 '서비스 계약'이라는 라벨이 붙은 탭이나 링크를 찾으세요. 그것을 클릭하면 조기 종료 비용을 포함하여 계약 세부 사항을 볼 수 있습니다. 문제가 발생하는 경우 언제든지 고객 지원팀에 문의하여 추가 지원을 받으세요."
BIL,해지 수수료는 어떻게 확인할 수 있나요?,취소,취소 수수료 확인,"해지 요금을 확인하려면 계정에 로그인하여 ""수수료 및 요금"" 또는 ""계정 정보"" 섹션으로 이동하세요. 여기에서 계약과 관련된 해지 수수료에 대한 자세한 정보를 확인하실 수 있습니다. 추가 질문이 있거나 도움이 필요한 경우 언제든지 고객 지원팀에 문의해 주세요."
BLMZ,해지 수수료를 확인해야 합니다,취소,취소 수수료 확인,물론이죠! 해지 비용을 보려면 당사 웹사이트에서 고객님의 계정에 로그인하고 청구 섹션으로 이동하십시오. 여기에서 고객님의 계정과 관련된 해지 비용에 대한 모든 정보를 찾을 수 있습니다. 추가 질문이 있거나 도움이 필요한 경우 언제든지 고객 지원팀에 문의해 주세요.
BILMZ,조기 해지 수수료는 어떻게 확인하나요?,취소,취소 수수료 확인,제가 도와드릴 수 있어요! 조기 해지 수수료를 보려면 당사 웹사이트에서 고객님의 계정에 로그인하고 계정 설정 또는 청구 섹션으로 이동하십시오. 여기에서 서비스 조기 종료와 관련된 수수료에 대한 세부정보를 확인하실 수 있습니다. 추가 지원이 필요한 경우 언제든지 고객 지원팀에 문의해 주세요.
BILZ,조기 퇴실 비용은 어디에 시드해야 합니까?,취소,취소 수수료 확인,"문의해 주셔서 감사합니다. 조기 퇴실 수수료에 대한 정보를 찾으려면 당사 웹사이트의 ""이용 약관"" 섹션을 참조하세요. 여기에서 요금 및 해당 수수료에 대한 세부정보를 확인할 수 있습니다. 추가 질문이 있거나 도움이 필요하시면 언제든지 알려주세요!"
BCL,조기퇴사 수수료를 확인해야 하는데 도움이 필요해요,취소,취소 수수료 확인,물론입니다! 조기 종료 수수료를 결정하려면 고객님의 계정 정보를 알려주십시오. 그러면 제가 세부 사항에 액세스하고 추가 지원을 할 수 있습니다.
BL,해고 처벌을 확인하는 데 도움이 필요합니다.,취소,취소 수수료 확인,"저는 그것을하고있다! 해지 위약금을 검토하려면 계정에 로그인하여 ""해지 수수료"" 섹션을 방문하십시오. 이는 고객님의 서비스 종료와 관련된 처벌에 관한 모든 정보를 제공합니다. 특정 질문이 있거나 추가 지원이 필요한 경우 언제든지 고객 서비스 팀에 문의하세요."
BLQ,조기 종료 벌금을 확인하는 데 도움이 필요합니다,취소,취소 수수료 확인,"최선을 다하겠습니다! 조기 퇴실 벌금을 확인하는 데 도움을 드릴 수 있습니다. 정확한 정보를 제공하기 위해 계정과 연결된 고객 ID, 전화번호 등 계정 세부정보를 제공해 주시기 바랍니다."
BKLM,취소 페널티 표시,취소,취소 수수료 확인,과연! 취소 위약금에 대한 자세한 내용을 알려드릴 수 있습니다. 취소와 관련된 특정 처벌을 확인하는 데 추가 도움을 드릴 수 있도록 계약 또는 계정 세부정보를 제공해 주시기 바랍니다.
BCIL,해지수수료를 확인하고 싶은데 어떻게 해야 하나요?,취소,취소 수수료 확인,해지 수수료를 확인하려면 당사 웹사이트에서 고객님의 계정에 로그인하실 수 있습니다. 로그인한 후 계정 설정 또는 청구 섹션으로 이동하여 해지 요금에 대한 세부 정보를 확인하세요. 해당 항목을 찾을 수 없는 경우 고객 서비스 팀에 문의하여 추가 지원을 받는 것이 좋습니다.
BL,조기 퇴사 수수료를 확인하는 데 도움,취소,취소 수수료 확인,확실히! 조기 해지 수수료를 확인하려면 계약 계약을 참조하거나 당사 고객 서비스 팀에 자세한 내용을 문의하세요.
BLMQ,조기 해고 비용을 확인해야 해요,취소,취소 수수료 확인,긍정적으로! 조기 해지 수수료를 확인하려면 계약 계약을 참조하세요. 서비스 조기 종료와 관련된 세부 정보 및 수수료를 간략하게 설명해야 합니다. 추가 도움이 필요하시면 언제든지 알려주세요.
BLMZ,해지 수수료 확인에 도움,취소,취소 수수료 확인,최선을 다하겠습니다! 해지 수수료 확인에 도움을 드리겠습니다. 필요한 특정 정보를 얻으려면 계정 세부정보를 제공해 주시면 관련 세부정보를 신속하게 검색해 드리겠습니다.
BILM,조기 해지 수수료가 있나요?,취소,취소 수수료 확인,긍정적으로! 지정된 종료일 이전에 계약을 종료하는 경우 벌금이나 수수료가 부과될 수 있습니다. 정확한 세부 사항은 계약서의 이용 약관 섹션에서 확인할 수 있습니다.
BCIL,조기 퇴실 요금을 확인해야 하는데 어떻게 해야 하나요?,취소,취소 수수료 확인,"물론이죠! 조기 종료 수수료를 확인하려면 계정에 로그인하여 ""취소 수수료"" 섹션으로 이동하세요. 여기에서 계약 조기 해지 비용에 대한 모든 정보를 확인할 수 있습니다."
BELQ,해지 위약금을 확인하려면 어떻게 해야 할지 모르겠습니다.,취소,취소 수수료 확인,문제 없습니다! 고객님의 계정에 대한 해지 위약금을 확인하는 데 도움을 드릴 수 있습니다. 그렇게 하려면 온라인 포털에 로그인하여 계정 설정으로 이동하거나 당사 고객 서비스 팀에 문의하면 필요한 정보를 제공받을 수 있습니다.
BLQZ,출금 페널티를 확인하고 싶어요,취소,취소 수수료 확인,"인출 벌금을 확인하려면 온라인으로 계정에 로그인하여 ""계정 세부정보"" 섹션으로 이동하세요. 여기에서 고객님의 계정과 관련된 인출 벌금에 관한 모든 정보를 찾을 수 있습니다."
BELMQ,조기 퇴사 수수료를 확인하려면 어떻게 해야 하는지 모르겠습니다.,취소,취소 수수료 확인,문제 없습니다! 조기 퇴사 수수료 확인 절차를 안내해 드리겠습니다. 수수료를 보려면 당사 웹사이트에서 고객님의 계정에 로그인해야 합니다. 로그인한 후 '계정' 또는 '결제' 섹션으로 이동하세요. 여기에서 해지 또는 취소 수수료와 관련된 옵션을 찾으세요. 거기에 나열된 조기 종료 수수료를 찾을 수 있어야 합니다. 여전히 문제가 있는 경우 알려주시면 기꺼이 도와드리겠습니다.
BELM,출금 수수료를 확인하는 방법을 모르겠습니다.,취소,취소 수수료 확인,문제 없습니다! 인출 수수료에 대한 정보를 찾는 데 도움을 드릴 수 있습니다. 출금 수수료를 확인하려면 계정 계약에 제공된 이용 약관을 참조하세요. 합의된 기간 이전에 자금을 인출하는 것과 관련된 구체적인 수수료 및 벌금을 간략하게 설명해야 합니다. 이 정보를 찾을 수 없는 경우 필요한 세부 정보를 제공할 수 있는 고객 서비스 팀에 문의하시기 바랍니다.
BILMQ,조기 퇴사 비용은 어디서 확인할 수 있나요?,취소,취소 수수료 확인,"물론이죠! 계정에 로그인한 후 ""수수료 및 요금"" 또는 ""취소 정책"" 섹션으로 이동하면 조기 해지 요금에 대한 정보를 쉽게 찾을 수 있습니다."
BCILQZ,조기 종료를 확인해야 하는데 도움을 받을 수 있나요?,취소,취소 수수료 확인,조기 퇴실 비용을 찾는 데 어려움을 겪고 계시다니 안타깝습니다. 기꺼이 도와드리겠습니다. 제가 대신 조사할 수 있도록 고객님의 계정 세부정보를 알려주십시오.
BILMP,조기 퇴사 처벌은 어떻게 확인할 수 있나요?,취소,취소 수수료 확인,"바로 처리하겠습니다! 조기 퇴실 처벌을 확인하는 데 도움을 드릴 수 있습니다. 처벌을 보려면 계정에 로그인하여 ""내 계정"" 섹션으로 이동하세요. 여기에서 수수료나 벌금과 관련된 탭이나 메뉴 옵션을 찾을 수 있습니다. 그것을 클릭하시면 조기 퇴실 처벌에 관한 정보를 보실 수 있습니다. 찾는 데 어려움이 있는 경우 언제든지 알려주시면 추가 안내를 제공해 드리겠습니다."
BILQZ,조기 해지 수수료를 보려면 어떻게 해야 하나요?,취소,취소 수수료 확인,물론입니다. 조기 해지 수수료를 확인하는 방법을 안내해 드릴 수 있습니다. 먼저 당사 웹사이트에서 고객님의 계정에 로그인해야 합니다. 로그인한 후 계정 설정 또는 결제 섹션으로 이동하세요. 거기에서 해지 수수료를 볼 수 있는 옵션을 찾아야 합니다. 해당 옵션을 클릭하면 고객님의 계정과 관련된 조기 해지 수수료를 확인할 수 있습니다. 추가 도움이 필요하면 알려주세요!
BELQ,조기 퇴사 수수료를 찾을 수 없습니다,취소,취소 수수료 확인,불편을 끼쳐드려 죄송합니다. 조기 해지 수수료에 대한 정보를 찾는 데 도움을 드리겠습니다. 고객님의 계정 세부정보를 알려주시면 세부정보를 찾아드리겠습니다.
BILMQ,조기 퇴실 비용은 어떻게 확인하나요,취소,취소 수수료 확인,"물론입니다! 조기 퇴실 비용을 확인하려면 당사 웹사이트에서 고객님의 계정에 로그인하십시오. 여기에서 계정 설정으로 이동하면 ""조기 종료 요금""이라는 라벨이 붙은 섹션을 찾을 수 있습니다. 추가 질문이 있거나 도움이 필요한 경우, 주저하지 마시고 고객 지원팀에 문의해 주세요."
BIL,계약 취소 비용은 얼마입니까?,취소,취소 수수료 확인,"물론, 계약 해지 시 취소 수수료에 대한 자세한 내용을 알려드릴 수 있습니다."
BL,출금수수료를 확인해야해요,취소,취소 수수료 확인,"출금 수수료를 확인하려면 당사 웹사이트를 방문하고 ""출금 정책"" 섹션에서 청구 금액에 대한 자세한 내용을 참조하세요."
BCILM,조기해지 수수료를 확인하고 싶은데 어떻게 해야 하나요?,취소,취소 수수료 확인,물론이죠! 조기 해지 비용을 보려면 당사 웹사이트나 모바일 앱의 계정 설정에 액세스하여 쉽게 찾을 수 있습니다. 고객님의 계정에 로그인하고 해지 요금 섹션으로 이동하면 모든 관련 정보를 볼 수 있습니다. 추가 지원이 필요한 경우 언제든지 고객 지원팀에 문의해 주세요.
BLM,해지 요금을 확인하려면 도움이 필요합니다.,취소,취소 수수료 확인,물론입니다. 해지 수수료를 확인할 수 있도록 기꺼이 도와드리겠습니다. 고객님께 정확한 정보를 제공할 수 있도록 고객님의 계정 정보나 고객님이 언급하는 특정 서비스/제품 등 필요한 세부정보를 제공해 주십시오.
BL,해고 패널티를 확인하려고 합니다.,취소,취소 수수료 확인,물론입니다! 해지 위약금을 확인하는 데 도움을 드릴 수 있도록 계정 세부정보를 제공해 주시면 필요한 정확한 정보를 찾는 데 도움을 드리겠습니다.
BLMQ,해지 수수료를 확인하려고 해,취소,취소 수수료 확인,내가 처리할게! 고객님의 계정에 대한 해지 비용을 확인하는 데 도움을 드리고자 왔습니다. 제가 필요한 정보를 수집하는 동안 잠시만 기다려 주세요.
BLMQ,취소 수수료를 확인하려면 도움이 필요해요,취소,취소 수수료 확인,내가 해낼게! 제가 도와드릴 수 있습니다. 취소 수수료를 확인하려면 당사 웹사이트에서 고객님의 계정에 로그인하여 취소 섹션으로 이동하거나 당사 고객 서비스 팀에 문의하여 필요한 세부 정보를 제공받으실 수 있습니다. 추가 지원이 필요하면 알려주시기 바랍니다.
BILM,해지 비용을 확인하는 데 도움을 주실 수 있나요?,취소,취소 수수료 확인,물론이죠. 해지 수수료를 확인하는 데 도움을 드릴 수 있습니다. 관련 세부정보를 제공해 주시면 해당 정보를 검색해 드리겠습니다.
BLPZ,조기 종료 페널티를 어떻게 볼 수 있는지 모르겠습니다.,취소,취소 수수료 확인,혼란을 드려 죄송합니다. 조기 퇴사 위약금을 확인하려면 계약서를 참조하거나 당사 고객 서비스 부서에 문의하세요. 취소 수수료에 관한 세부정보를 알려드릴 수 있습니다.
BLQZ,해지 수수료를 확인하려고 합니다.,취소,취소 수수료 확인,"해지 수수료를 확인하려면 계정에 로그인하여 ""취소 수수료"" 섹션으로 이동하세요. 여기에서 고객님의 계정 해지에 관련된 수수료에 관한 정보를 찾을 수 있습니다. 추가 문의사항이 있거나 도움이 필요하시면 알려주시기 바랍니다."
BLMQZ,해고 처벌을 확인하기 위한 지원 강화,취소,취소 수수료 확인,물론입니다. 해지 수수료를 이해하는 데 도움을 드릴 수 있습니다. 해지 수수료는 약정 기간 이전에 계약이 해지되는 경우 서비스 제공업체가 부과하는 요금입니다. 이러한 수수료는 조기 종료로 인해 발생한 비용이나 손실을 공급자에게 보상하는 데 도움이 됩니다. 정확한 수수료 금액은 계약 조건에 따라 달라질 수 있습니다. 고객님의 계정에 적용되는 해지 수수료에 대한 자세한 정보를 얻으려면 고객님의 계정 세부정보를 알려주시기 바랍니다.
BLZ,조기해지 위약금을 찾을 수 없습니다.,취소,취소 수수료 확인,"걱정하지 마세요! 조기 해고 벌금에 관한 정보를 찾는 데 도움을 드릴 수 있습니다. 이를 찾으려면 온라인으로 계정에 액세스하여 ""계정 세부정보"" 또는 ""결제"" 섹션으로 이동하세요. 여기에서 고객님의 계정에 대한 조기 종료 위약금에 대한 모든 세부 정보를 확인할 수 있습니다. 어려움을 겪고 계시다면 언제든지 계정 세부정보를 알려주시면 추가 지원을 해드리겠습니다."
BLMQ,해고 처벌을 어떻게 볼 수 있는지 모르겠어요,취소,취소 수수료 확인,"문제 없습니다! 해지 위약금을 보려면 계정에 로그인하여 ""계정 정보"" 또는 ""청구 및 요금"" 섹션으로 이동하세요. 또는 당사 고객 서비스 팀에 연락하시면 해고 위약금에 대한 자세한 내용을 안내해 드릴 것입니다."
BCLM,취소수수료를 확인해야 하는데 도와주세요,취소,취소 수수료 확인,물론이죠. 취소 수수료를 확인하는 데 도움을 드릴 수 있습니다. 정보를 모아보겠습니다.
BL,출금 위약금 확인에 도움이 필요합니다,취소,취소 수수료 확인,물론입니다! 인출 위약금을 확인하려면 계약에 대한 구체적인 세부정보가 필요합니다. 고객님의 계좌번호나 계약 유형을 알려주시겠습니까? 이 정보를 받으면 철회 벌금에 대해 더 자세히 이해하는 데 도움을 드릴 수 있습니다.
BILMQZ,탈퇴 처벌을 볼 수 있습니까?,취소,취소 수수료 확인,"확실히! 인출 위약금을 보려면 계정에 로그인하여 ""인출 수수료"" 또는 ""위약금"" 섹션으로 이동하십시오. 여기에서 조기 인출에 대한 처벌과 관련하여 필요한 모든 정보를 찾을 수 있습니다. 추가 도움이 필요하면 알려주세요!"
BLQ,취소 위약금을 확인해야 해요,취소,취소 수수료 확인,"취소 위약금을 확인하려면 당사 웹사이트의 ""취소 정책"" 섹션을 참조하세요. 서비스 취소에 적용되는 수수료 및 비용에 관한 모든 세부 정보가 제공됩니다. 특정 질문이 있거나 추가 지원이 필요한 경우 주저하지 말고 고객 지원팀에 문의하세요."
BCILM,출금 수수료를 확인하고 싶은데 어떻게 해야 하나요?,취소,취소 수수료 확인,문제 없습니다! 고객님의 계좌에 대한 인출 수수료를 확인하는 데 도움을 드릴 수 있습니다. 이렇게 하려면 온라인 계정에 로그인하여 청구 또는 계정 요약 섹션으로 이동하면 됩니다. 여기에서 고객님의 계좌와 관련된 인출 수수료에 관한 모든 정보를 찾을 수 있습니다. 추가 지원이 필요한 경우 언제든지 고객 서비스 팀에 문의하세요.
BLM,조기 해고 처벌을 확인할 수 있도록 도와주세요,취소,취소 수수료 확인,물론이죠! 조기 해고 처벌을 확인하는 데 도움을 드릴 수 있습니다. 이 정보에 액세스하려면 당사 웹사이트에서 고객님의 계정에 로그인하고 취소 또는 종료 섹션으로 이동하십시오. 여기에서 조기 종료와 관련된 수수료에 관한 모든 세부 정보를 확인할 수 있습니다. 추가 질문이 있거나 추가 지원이 필요한 경우 언제든지 고객 지원팀에 문의하세요.
BL,취소 수수료 확인 도와주세요,취소,취소 수수료 확인,물론이죠! 취소 수수료를 확인하는 데 도움을 받으려면 당사 웹사이트에서 고객님의 계정에 로그인한 후 결제 섹션으로 이동하십시오. 여기에서 취소 수수료에 관한 모든 세부정보를 확인할 수 있습니다. 문제가 발생하거나 추가 질문이 있는 경우 언제든지 고객 지원팀에 문의하여 추가 지원을 받으세요.
BMQ,취소 수수료 확인에 도움이 필요합니다,취소,취소 수수료 확인,과연! 취소 수수료 확인을 도와드리겠습니다. 정확한 정보 전달을 위해 계약 내용이나 계좌번호를 알려주실 수 있나요?
BL,출금 수수료를 확인해야 해요,취소,취소 수수료 확인,"저는 그것을하고있다! 출금 수수료를 확인하는 데 도움을 드릴 수 있습니다. 이를 위해 고객님의 계정 번호, 고객님이 언급하는 특정 서비스 또는 계약과 같은 필요한 세부 정보를 알려주십시오. 이 정보를 확보하면 정확한 인출 수수료를 알려드릴 수 있습니다."
BKLMZ,조기 종료 처벌 표시,취소,취소 수수료 확인,"확실히! 조기 해지 위약금을 보려면 계정에 로그인하여 ""해지 수수료"" 섹션으로 이동하십시오. 여기서는 합의된 기간 이전에 서비스 취소와 관련된 수수료에 대한 자세한 정보를 확인할 수 있습니다. 추가 질문이 있으시면 언제든지 고객 지원팀에 문의해 주세요."
BLM,조기 퇴사 처벌을 확인해야 합니다.,취소,취소 수수료 확인,바로 처리하겠습니다! 고객님의 계정에 대한 조기 탈퇴 처벌을 확인하는 데 도움을 드릴 수 있습니다. 제가 대신 조사할 수 있도록 고객님의 계정 세부정보를 알려주십시오.
BL,탈퇴 페널티를 볼 수 있도록 도와주세요,취소,취소 수수료 확인,물론이죠! 고객님의 계좌에 대한 인출 벌금을 확인하는 데 도움을 드릴 수 있습니다. 세부정보를 보려면 계정에 로그인하고 결제 섹션으로 이동하세요. 인출 벌금에 관한 정보는 그곳에서 찾을 수 있습니다. 추가 지원이 필요하면 알려주시기 바랍니다.
BLM,해지 비용을 확인하는 데 도움을 주세요,취소,취소 수수료 확인,물론입니다! 해지 수수료를 확인하는 데 도움을 드릴 수 있습니다. 계속 진행하려면 고객님의 계좌 번호나 고객님이 언급하고 있는 계약서 등 몇 가지 세부정보가 필요합니다. 그 정보를 제게 제공해 주실 수 있나요?
BL,조기 종료 수수료를 확인하는 데 도움,취소,취소 수수료 확인,물론이죠! 조기 퇴사 수수료에 대한 정보를 검색하는 데 도움을 드릴 수 있습니다. 제가 고객님께 필요한 정보에 접근할 수 있도록 고객님의 계정 세부정보를 제공해 주십시오.
BIL,인출 수수료를 보여 주시겠어요?,취소,취소 수수료 확인,물론입니다. 인출 수수료에 대한 세부정보를 알려드릴 수 있습니다. 잠시 시간을 내어 해당 정보를 확인해 주시기 바랍니다.
BCILMQ,인출 수수료를 보고 싶어요 어떻게 해야 하나요?,취소,취소 수수료 확인,물론이죠! 인출 수수료를 확인하려면 당사 웹사이트나 모바일 앱에서 고객님의 계정에 로그인하실 수 있습니다. 로그인한 후 계정 설정 또는 결제 섹션으로 이동하세요. 여기에서 해당 수수료를 포함하여 인출 수수료에 대한 세부정보를 확인할 수 있습니다. 이 정보를 찾는 데 도움이 필요하면 언제든지 알려주시기 바랍니다!
BILZ,취소 수수료를 설정할 수 있나요?,취소,취소 수수료 확인,물론입니다! 고객님의 계정에 대한 취소 수수료를 확인하는 데 도움을 드릴 수 있습니다. 그러기 위해서는 고객님의 계정 세부정보를 알려주시기 바랍니다.
BLM,조기 해지 수수료를 확인하는 데 도움을 받고 싶습니다.,취소,취소 수수료 확인,"물론이죠. 제가 도와드릴 수 있어요! 조기 해지 수수료를 확인하려면 온라인 계정에 로그인하여 ""계정 정보"" 또는 ""수수료 및 요금"" 섹션으로 이동하세요. 여기서는 계약 기간이 끝나기 전에 계정을 해지하는 데 따른 수수료에 대한 자세한 정보를 확인할 수 있습니다. 구체적인 질문이 있거나 추가 설명이 필요한 경우 알려주시기 바랍니다."
BKL,출금 수수료 확인,취소,취소 수수료 확인,물론입니다! 인출 수수료를 확인하려면 계좌 명세서를 참조하거나 당사 고객 서비스 팀에 문의하시면 수수료에 대한 자세한 정보를 알려드릴 수 있습니다.
BLMP,취소 수수료를 어떻게 확인할 수 있는지 모르겠습니다.,취소,취소 수수료 확인,"저는 고객님의 우려를 이해합니다. 고객님의 계정에 대한 취소 수수료를 보려면 당사 웹사이트의 ""수수료 및 요금"" 섹션을 참조하거나 당사 고객 서비스 팀에 자세한 내용을 문의하십시오."
BL,해지수수료를 확인해야겠어요,취소,취소 수수료 확인,"물론, 해지 수수료 확인을 도와드릴 수 있습니다. 고객님의 계정 세부정보를 제공해 주시면 필요한 정보를 수집해 드리겠습니다."
BCIL,조기 퇴실 요금을 확인하고 싶은데 어떻게 해야 하나요?,취소,취소 수수료 확인,"물론이죠! 조기 종료 비용을 보려면 계정에 로그인하여 ""수수료 일정"" 섹션으로 이동하세요. 이를 통해 고객님의 계약을 조기 종료하는 데 적용될 수 있는 수수료에 관한 모든 세부 정보를 제공할 것입니다."
BILQ,조기 퇴실 비용을 알려주세요,취소,취소 수수료 확인,확실히! 조기 종료 비용을 확인하려면 계좌 명세서를 참조하거나 고객 서비스 팀에 자세한 내용을 문의하세요. 정확한 요금과 적용 가능한 이용약관을 알려드릴 수 있습니다.
BLW,빌어먹을 해고 처벌을 볼 수 있도록 도와주세요,취소,취소 수수료 확인,물론입니다! 해고 처벌에 대한 정보를 찾는 데 도움을 드리고자 왔습니다. 해지 위약금에 대한 자세한 내용은 당사 웹사이트에서 고객님의 계정 세부정보를 확인하거나 당사 고객 서비스 팀에 문의하실 수 있습니다.
BCIL,조기해지 수수료를 확인해야 하는데 도와주실 수 있나요?,취소,취소 수수료 확인,저는 그것을하고있다! 고객님의 계정에 대한 조기 해지 비용을 확인하는 데 도움을 드릴 수 있습니다. 계속 진행하려면 계정 번호나 사용자 이름과 같은 계정 세부정보를 알려주시기 바랍니다.
BILMQZ,야 인출 위약금 확인할 수 있어?,취소,취소 수수료 확인,확실히! 출금 위약금을 확인하려면 당사 웹사이트나 모바일 앱에서 계정에 로그인하세요. 로그인한 후 계정 정보 섹션으로 이동하면 고객님의 계정과 관련된 출금 벌금에 대한 세부 정보를 확인할 수 있습니다. 추가 질문이 있거나 도움이 필요하면 언제든지 고객 서비스 팀에 문의하세요.
BILQ,조기 해지 수수료를 확인하는 데 도움을 주실 수 있나요?,취소,취소 수수료 확인,내가 처리할게! 조기 해지 수수료를 확인하는 데 도움이 되도록 고객님의 계정 세부정보를 제공해 주시면 제가 필요한 정보에 접근할 수 있습니다.
BLZ,조기 퇴실 수수료를 어떻게 확인할 수 있는지 모르겠습니다.,취소,취소 수수료 확인,조기 퇴실 요금을 확인하려면 당사 고객 지원팀에 문의하시면 필요한 정보를 제공해드릴 수 있습니다.
BEMQ,취소 수수료를 찾을 수 없어요,취소,취소 수수료 확인,불편을 끼쳐드려 죄송합니다. 취소 수수료를 찾는 데 도움을 드리겠습니다. 제가 대신 조사할 수 있도록 고객님의 계정 세부정보를 알려주시겠습니까?
BCILPQZ,출금 수수료를 보고 싶습니다. 어떻게 하면 되나요?,취소,취소 수수료 확인,"최선을 다하겠습니다! 인출 수수료를 보려면 계정에 로그인하여 ""수수료 일정"" 또는 ""계정 청구"" 섹션으로 이동하세요. 그러면 인출 수수료 및 관련 비용에 대한 세부 정보가 제공됩니다."
BIL,인출 수수료를 보여주시겠어요?,취소,취소 수수료 확인,"기꺼이 도와드리겠습니다! 인출 수수료를 보려면 당사 웹사이트를 방문하여 ""수수료 및 요금"" 섹션으로 이동하십시오. 여기에서 해당 요금이나 벌금을 포함하여 인출 수수료에 관한 모든 정보를 확인할 수 있습니다."
BILMP,조기 종료 수수료를 확인하도록 도와주실 수 있나요?,취소,취소 수수료 확인,"물론입니다! 조기 해지 수수료를 확인하려면 당사 웹사이트에서 고객님의 계정에 접속하여 ""청구"" 또는 ""계정 정보"" 섹션으로 이동하십시오. 해당 섹션에서 조기 종료와 관련된 수수료 세부 정보를 확인할 수 있습니다. 추가 도움이 필요하면 알려주세요!"
BLMQZ,출금 수수료를 확인하려고 합니다.,취소,취소 수수료 확인,"물론입니다. 인출 수수료를 확인하려면 계정에 로그인하여 ""수수료 일정"" 섹션으로 이동하세요. 인출 수수료를 포함하여 적용 가능한 모든 수수료에 대한 자세한 내역을 제공합니다."
BIL,조기해지 위약금은 어떻게 확인하나요?,취소,취소 수수료 확인,물론이죠! 조기 해고 위약금에 대한 세부정보를 찾는 데 도움을 드릴 수 있습니다. 조기 해지 위약금을 확인하려면 이용 약관을 참조하거나 고객 서비스 팀에 문의하세요. 그들은 처벌과 관련하여 필요한 모든 정보를 제공할 것입니다.
BLM,조기 해고 비용 확인 지원,취소,취소 수수료 확인,"물론, 조기 해지 수수료 확인을 도와드릴 수 있습니다. 보다 효과적으로 도움을 드릴 수 있도록 계정 세부정보나 계약 조건 등 필요한 정보를 제공해 주세요."
BCLM,취소수수료를 보고 싶어요 도와주세요,취소,취소 수수료 확인,바로 처리하겠습니다! 취소 수수료를 확인하려면 이용약관 문서에서 해당 정보를 확인하실 수 있습니다. 이 문서에는 계약 취소와 관련된 수수료 및 벌금이 간략하게 설명되어 있습니다. 고객님는 당사 웹사이트에서 이용 약관에 액세스하거나 당사 고객 서비스 팀에 사본을 요청할 수 있습니다. 취소 수수료에 대해 구체적인 질문이 있는 경우 언제든지 당사에 문의해 주시면 기꺼이 도와드리겠습니다.
BLM,인출 수수료를 확인하는 데 도움,취소,취소 수수료 확인,물론입니다. 인출 수수료를 검토하는 데 도움을 드릴 수 있습니다. 정확한 정보를 제공하기 위해 어떤 구체적인 요금제나 계정을 확인하고 싶은지 알려주시겠어요?
BLQ,조기 해고 페널티를 어떻게 보는지 모르겠어요,취소,취소 수수료 확인,전혀 문제 없습니다! 조기 종료 위약금을 보려면 계약 조건을 확인하거나 당사 고객 서비스 팀에 문의하여 도움을 받으십시오. 그들은 고객님께 필요한 정보를 제공할 수 있을 것입니다.
BL,인출 벌금 확인 지원,취소,취소 수수료 확인,물론이죠! 인출 벌금을 확인하는 데 도움을 드리고자 왔습니다. 고객님의 계정 정보나 관련 정보를 알려주시면 처벌과 관련하여 필요한 정보를 찾을 수 있도록 도와드리겠습니다.
BIL,중도해지 수수료를 확인할 수 있나요?,취소,취소 수수료 확인,물론입니다! 당사 홈페이지에서 고객님의 계정에 접속하시면 조기해지 수수료를 쉽게 확인하실 수 있습니다. 로그인하여 해지 수수료에 대한 세부 정보를 제공하는 섹션으로 이동하세요. 찾는 데 어려움이 있는 경우 언제든지 고객 지원팀에 문의하여 도움을 받으세요.
BKLM,취소 수수료 확인,취소,취소 수수료 확인,취소 수수료를 확인하려면 당사 웹사이트에서 고객 계정에 로그인하여 이 정보에 쉽게 액세스할 수 있습니다. 로그인 후 취소 섹션으로 이동하면 요금 세부정보가 표시됩니다. 추가 질문이 있거나 도움이 필요한 경우 언제든지 고객 지원팀에 문의해 주세요.
BIL,조기 해지 수수료를 보여주시겠어요?,취소,취소 수수료 확인,최선을 다하겠습니다! 조기 해지 수수료에 관한 정보를 찾아보실 수 있도록 도와드리겠습니다.
BELQ,출금 수수료를 확인하는 방법을 모르겠어요,취소,취소 수수료 확인,물론이죠! 출금 수수료 확인을 도와드리겠습니다.
BILQZ,출국 요금은 어디서 볼 수 있나요?,취소,취소 수수료 확인,조기 종료 비용을 보려면 당사 웹사이트에서 고객님의 계정에 로그인하여 계약 세부 사항 섹션으로 이동하십시오. 여기에서 취소 수수료 및 수수료에 관한 모든 정보를 확인할 수 있습니다. 추가 지원이 필요한 경우 언제든지 고객 서비스 팀에 문의하세요.
BL,조기 종료 수수료를 확인하려면 도움이 필요합니다,취소,취소 수수료 확인,"확실히! 조기 종료 수수료를 보려면 계정에 로그인하여 ""조기 종료 수수료"" 섹션으로 이동하세요. 여기에서 계약 조기 종료와 관련된 구체적인 수수료를 확인할 수 있습니다. 더 궁금한 점이 있으시면 언제든지 알려주세요!"
BLQZ,조기 출국 수수료를 확인하는 데 도움이 필요합니다,취소,취소 수수료 확인,내가 처리할게! 조기 종료 수수료를 확인하려면 당사 웹사이트의 계정 설정에 액세스하거나 고객 지원팀에 문의하여 자세한 내용을 문의하세요.
BCILMQ,해지 수수료를 확인해야 하는데 어떻게 하나요?,취소,취소 수수료 확인,물론입니다! 고객님의 계정에 대한 해지 비용을 확인하는 데 도움을 드릴 수 있습니다. 이를 위해 고객님의 계좌번호나 등록된 전화번호 등 고객님의 계좌 세부정보를 제공해 주시기 바랍니다. 필요한 정보가 확보되면 정확한 해지 수수료를 알려드릴 수 있습니다.
BILQZ,조기 퇴장 처벌을 확인할 수 있나요?,취소,취소 수수료 확인,"물론입니다! 조기 탈퇴 위약금을 확인하려면 계정에 로그인하여 ""해지 수수료"" 섹션으로 이동하세요. 여기에서 조기 해고에 대한 처벌과 관련하여 필요한 모든 정보를 찾을 수 있습니다."
BLZ,조기퇴사 수수료를 내야 해요,취소,취소 수수료 확인,"물론이죠! 제가 도와드릴 수 있습니다. 조기 해지 수수료를 확인하려면 계약서의 ""조기 해지"" 항목을 참조하세요. 계약을 조기 해지하기로 결정한 경우 청구될 금액에 대한 세부 정보를 제공합니다. 추가 지원이 필요한 경우 언제든지 고객 서비스 팀에 문의하세요."
BLM,해고 패널티를 확인해야 해요,취소,취소 수수료 확인,물론이죠! 해고 처벌을 확인하는 데 도움을 드릴 수 있습니다. 제가 고객님을 위해 구체적인 정보를 찾을 수 있도록 고객님의 계정이나 정책에 대한 세부정보를 제공해 주시겠습니까?
BCILM,취소 위약금을 확인해야 하는데 어떻게 해야 하나요?,취소,취소 수수료 확인,"취소 위약금을 보려면 당사 웹사이트에서 고객님의 계정에 로그인하여 해당 정보에 쉽게 액세스할 수 있습니다. 계정 설정 섹션으로 이동하여 취소 수수료 탭을 찾으시면 됩니다. 여기에서 서비스 취소와 관련된 처벌에 대한 자세한 정보를 확인할 수 있습니다. 추가 질문이 있거나 도움이 필요한 경우, 주저하지 마시고 고객 지원팀에 문의해 주세요."
BIL,조기 퇴실 요금을 확인하려면 어떻게 해야 하나요?,취소,취소 수수료 확인,"저는 그것을하고있다! 조기 종료 비용을 확인하려면 다음 단계를 따르세요. 1. 당사 웹사이트에서 고객님의 계정에 로그인하십시오. 2. '계정 설정' 또는 '결제' 섹션으로 이동합니다. 3. ""조기 종료 수수료"" 또는 ""취소 수수료"" 탭 또는 링크를 찾으세요. 4. 클릭하시면 조기퇴실수수료 내역을 보실 수 있습니다. 추가 질문이 있거나 어려움이 있는 경우 언제든지 고객 지원팀에 문의하여 도움을 받으세요."
BIL,출금 패널티를 확인할 수 있나요?,취소,취소 수수료 확인,"긍정적으로! 인출 벌금을 확인하는 방법에는 여러 가지가 있습니다. 당사 웹사이트의 ""수수료 및 요금"" 섹션에서 정보를 확인할 수 있습니다. 또는 당사 고객 지원팀에 문의하시면 출금 위약금과 관련된 문의 사항에 대해 기꺼이 도움을 드릴 것입니다."
BCLM,탈퇴페널티를 봐야하는데 도와주세요,취소,취소 수수료 확인,"물론입니다! 인출 벌금을 보려면 계정에 로그인하여 ""수수료 및 요금"" 섹션으로 이동하세요. 여기에서 인출 수수료와 관련하여 필요한 모든 정보를 찾을 수 있습니다. 추가 질문이 있거나 도움이 필요한 경우 언제든지 고객 지원팀에 문의해 주세요."
BLMP,조기해지 수수료를 확인하고 싶습니다.,취소,취소 수수료 확인,물론입니다! 계약과 관련된 조기 해지 수수료를 확인하려면 계약서와 함께 제공되는 이용 약관 문서를 참조하세요. 특정 질문이 있거나 추가 지원이 필요한 경우 언제든지 고객 서비스 팀에 문의하세요.
BLM,조기 해지 수수료 확인 지원,취소,취소 수수료 확인,"바로 처리하겠습니다! 조기 해지 수수료 확인을 도와드릴 수 있습니다. 그러기 위해서는 고객님로부터 몇 가지 정보가 필요합니다. 시작일, 기간, 관련 이용약관 등 계약 세부정보를 알려주시기 바랍니다. 이 정보를 확보하면 고객님의 조기 해지 수수료를 계산할 수 있습니다."
BLQ,인출 수수료를 보려면 어떻게 해야 하는지 모르겠어요,취소,취소 수수료 확인,인출 수수료를 확인하려면 당사 웹사이트에서 고객님의 계정에 로그인한 후 청구 섹션으로 이동하세요. 청구 섹션에서는 인출 수수료 및 관련 비용에 대한 정보를 확인할 수 있습니다. 세부 정보를 찾을 수 없는 경우 고객 지원팀에 문의하여 추가 지원을 받으시기 바랍니다.
BILM,출금 수수료는 어떻게 확인할 수 있나요?,취소,취소 수수료 확인,"물론입니다! 인출 수수료를 확인하려면 계정에 로그인하여 ""인출 수수료"" 섹션으로 이동하세요. 여기에서 고객님는 고객님의 계좌에서 인출할 때 적용되는 청구 금액의 세부정보를 확인할 수 있습니다."
BL,조기 퇴사 수수료를 알 수 있도록 도와주세요,취소,취소 수수료 확인,"물론입니다! 제가 도와드릴 수 있습니다. 조기 종료 수수료를 보려면 당사 웹사이트의 계정 설정으로 이동하세요. 거기에서 수수료 및 요금 섹션을 찾을 수 있으며, 여기서 조기 종료 수수료에 관한 세부 정보를 확인할 수 있습니다. 추가 안내가 필요하시면 언제든지 알려주세요."
BILQ,조기 해지 수수료는 얼마입니까,취소,취소 수수료 확인,조기 해지 수수료에 대한 정보를 제공해 드리겠습니다. 잠시만 기다려 주세요.
BILM,조기 해지 비용을 확인하도록 도와주실 수 있나요?,취소,취소 수수료 확인,확실히! 조기 해지 비용을 확인하는 데 도움이 되도록 필요한 정보에 접근할 수 있도록 고객님의 계정 세부정보를 제공해 주시기 바랍니다. 일단 그 정보를 얻으면 필요한 모든 세부정보를 제공할 수 있을 것입니다.
BILMQZ,인출 처벌은 어디서 볼 수 있나요?,취소,취소 수수료 확인,"물론입니다! 출금 위약금에 대한 자세한 내용은 계약 약관을 참조하여 확인하실 수 있습니다. 특정 질문이 있거나 추가 지원이 필요한 경우, 주저하지 말고 고객 서비스 팀에 문의하세요."
BCILP,조기 퇴장 페널티를 확인해야 하는데 도와주실 수 있나요?,취소,취소 수수료 확인,바로 처리하겠습니다! 고객님의 계약에 대한 조기 종료 위약금을 확인하는 데 도움을 드릴 수 있습니다. 그렇게 하려면 계약서와 함께 제공된 이용 약관 문서를 참조하세요. 추가 질문이 있거나 추가 정보가 필요한 경우 언제든지 고객 서비스 팀에 문의해 주세요. 최선을 다해 도와드리겠습니다.
BCL,해지수수료 보고싶은데 도와주세요,취소,취소 수수료 확인,과연! 고객님의 계정에 대한 해지 수수료를 보려면 온라인 계정에 로그인하거나 당사 고객 지원팀에 문의하십시오. 해지 수수료에 관한 모든 세부 사항에 대해 도움을 드릴 수 있습니다.
BLM,취소 수수료 보기,취소,취소 수수료 확인,"물론이죠. 취소 수수료 확인을 도와드릴 수 있습니다. 고객님의 계정에 적용되는 취소 수수료를 보려면 당사 웹사이트에 로그인하여 ""계정"" 또는 ""청구"" 섹션으로 이동하거나 당사 고객 서비스 부서에 문의하여 추가 지원을 받으십시오."
BLZ,해지요금을 보고 싶어요,취소,취소 수수료 확인,물론입니다! 해지 수수료를 확인하려면 계정 이용 약관을 참조하세요. 해지 수수료는 계정 유형과 고객님이 동의한 특정 조건에 따라 다릅니다. 추가 질문이 있거나 도움이 필요하면 언제든지 고객 서비스 팀에 문의하세요.
BEL,조기 퇴사 요금을 보려면 어떻게 해야 할지 모르겠습니다.,취소,취소 수수료 확인,문제 없습니다! 제가 도와드릴 수 있습니다. 조기 종료 비용을 확인하려면 당사 웹사이트에서 고객님의 계정에 로그인한 후 청구 섹션으로 이동하십시오. 여기에서 취소 수수료에 대한 정보를 확인할 수 있습니다. 추가 도움이 필요하면 알려주세요!
BILM,조기 해지 수수료는 어디서 확인할 수 있나요?,취소,취소 수수료 확인,"당사 웹사이트의 ""이용 약관"" 섹션에서 조기 종료 수수료를 확인할 수 있습니다. 또는 취소 수수료에 관한 구체적인 정보를 제공할 수 있는 당사 고객 서비스 팀에 문의하실 수도 있습니다."
BILM,해지 수수료는 어디서 확인할 수 있나요?,취소,취소 수수료 확인,"최선을 다하겠습니다! 해지 수수료를 보려면 온라인으로 계정에 접속하여 ""수수료 및 요금"" 섹션으로 이동하세요. 여기에서 고객님의 계정에 적용되는 해지 수수료에 관한 모든 정보를 확인할 수 있습니다."
BL,조기퇴사 수수료를 확인하려면 어떻게 해야 하는지 모르겠습니다.,취소,취소 수수료 확인,계정의 조기 종료 수수료를 확인하려면 온라인 포털에 로그인하거나 당사 고객 서비스 팀에 문의하여 도움을 받으십시오. 그들은 계약 기간이 끝나기 전에 고객님의 계정 취소와 관련된 수수료 및 비용에 관해 필요한 모든 정보를 제공할 것입니다.
BIL,조기 퇴사 수수료는 어떻게 확인하나요?,취소,취소 수수료 확인,"물론입니다! 조기 종료 수수료를 보려면 계정에 로그인하여 ""수수료"" 또는 ""벌금"" 섹션에 액세스할 수 있습니다. 여기에서 고객님 계정의 조기 종료 수수료에 관한 모든 정보를 찾을 수 있습니다."
BIMQ,취소 수수료를 알려주세요,취소,취소 수수료 확인,긍정적으로! 고객님의 계정에 대한 취소 수수료를 찾는 데 도움을 드릴 수 있습니다. 그렇게 하려면 고객님의 계정 세부정보를 알려주시거나 온라인 포털에 로그인하여 취소 수수료 정보를 확인하시기 바랍니다. 제가 도와드릴 수 있는 다른 사항이 있으면 알려주세요!
BEL,취소수수료 확인방법을 모르겠습니다,취소,취소 수수료 확인,"문제 없습니다! 취소 수수료 확인을 도와드릴 수 있습니다. 고객님의 계정에 대한 취소 수수료를 확인하려면 당사 웹사이트를 참조하여 ""계정"" 섹션으로 이동하세요. 여기에서 취소 수수료 및 해당 수수료에 관한 정보를 확인할 수 있습니다. 추가 도움이 필요하시면 언제든지 알려주세요!"
BKL,조기 종료 페널티 참조,취소,취소 수수료 확인,"조기 종료 벌금을 보려면 온라인으로 고객님의 계정에 접속하여 ""수수료 및 요금"" 섹션으로 이동하십시오. 여기에서 취소 수수료에 관한 모든 세부정보를 확인할 수 있습니다."
BILMW,빌어먹을 해고 혐의는 어디서 볼 수 있나요?,취소,취소 수수료 확인,물론이죠! 해지 비용을 확인하려면 당사 웹사이트나 모바일 앱에서 계정 설정에 액세스할 수 있습니다. 추가 지원이 필요하면 알려주시기 바랍니다.
BLM,조기 해고 비용을 확인하려면 도움이 필요합니다.,취소,취소 수수료 확인,물론 조기 해지 비용에 대한 세부 사항을 검토하는 데 도움을 드릴 수 있습니다. 고객님의 계정 정보를 제공해 주시면 필요한 정보에 액세스해 드리겠습니다.
BILMQ,취소 페널티가 있나요,취소,취소 수수료 확인,계약을 취소하려는 경우 해당 취소 위약금이 부과될 수 있습니다. 취소 수수료에 대한 정확한 정보를 얻으려면 고객 서비스 팀에 직접 문의하는 것이 좋습니다. 그들은 고객님의 계약에 대한 구체적인 세부 사항 및 관련 처벌에 대해 도움을 드릴 수 있습니다.
BLMZ,종료 상황을 볼 수 있도록 도와주세요,취소,취소 수수료 확인,"바로 처리하겠습니다! 해지 수수료를 확인하는 데 도움을 드릴 수 있습니다. 이 정보에 액세스하려면 당사 웹사이트를 방문하여 ""이용 약관"" 섹션으로 이동하십시오. 여기에서 해지 수수료 및 관련 수수료에 관한 자세한 정보를 확인할 수 있습니다. 추가 질문이 있거나 추가 설명이 필요한 경우 언제든지 알려주시기 바랍니다."
BILQ,조기 종료 벌금을 확인하는 데 도움을 주실 수 있나요?,취소,취소 수수료 확인,물론이죠! 고객님의 계정에 대한 조기 해지 위약금을 확인할 수 있도록 기꺼이 도와드리겠습니다.
BELM,취소 수수료를 보려면 어떻게 해야 할지 모르겠습니다.,취소,취소 수수료 확인,전혀 문제 없습니다! 계약에 대한 취소 수수료를 보려면 제공된 이용 약관 문서를 참조하거나 당사 고객 서비스 팀에 문의하여 도움을 받으십시오. 그들은 고객님께 필요한 자세한 정보를 제공할 수 있습니다.
BCL,조기 퇴사 수수료를 봐야 하는데 도움이 필요해요,취소,취소 수수료 확인,저는 그것을하고있다! 조기 퇴사 수수료 확인을 도와드릴 수 있습니다. 정확한 정보를 제공하기 위해 고객님의 계정 정보를 알려주시겠습니까?
BLM,해지 요금을 확인하는 데 도움이 필요합니다,취소,취소 수수료 확인,내가 해낼게! 해지 수수료를 확인하는 데 도움을 드리고자 왔습니다. 제가 고객님께 필요한 정보에 접근할 수 있도록 고객님의 계정 세부정보를 제공해 주십시오.
BL,조기 퇴사 비용을 확인하는 데 도움을 주세요,취소,취소 수수료 확인,물론이죠! 조기 해지 수수료에 대한 자세한 정보를 제공해 드릴 수 있습니다.
BL,조기 종료 페널티 보여줘,취소,취소 수수료 확인,내가 해낼게! 조기탈퇴 패널티에 대해 자세히 안내해드리겠습니다. 약정기간 이전에 계약을 해지할 경우 위약금이 발생할 수 있습니다. 이 수수료는 일반적으로 계약 이용 약관에 명시되어 있습니다. 고객님의 계정에 대한 조기 종료 벌금에 관한 구체적인 정보를 얻으려면 당사 고객 지원팀에 문의하시기 바랍니다. 정확한 세부정보를 통해 추가 도움을 드릴 수 있습니다.
BLW,망할 출금 페널티를 확인하려고 하는데,취소,취소 수수료 확인,물론이죠! 출금 페널티 확인을 도와드릴 수 있습니다. 고객님의 계좌와 고객님이 하려는 구체적인 인출에 대한 자세한 내용을 알려주시겠습니까?
BCILMZ,조기 퇴사 수수료를 확인하고 싶은데 어떻게 확인할 수 있나요?,취소,취소 수수료 확인,"내가 해낼게! 조기 종료 수수료를 보려면 계정에 로그인하여 ""해지 수수료"" 섹션으로 이동하세요. 여기에서 조기 종료와 관련된 수수료에 관한 자세한 정보를 확인할 수 있습니다."
BLW,빌어먹을 해고 패널티를 어떻게 확인하는지 모르겠어요,취소,취소 수수료 확인,"문제 없습니다! 해지페널티를 확인하는 방법에 대해 설명드리겠습니다. 고객님의 계정에 로그인하고 ""수수료 및 요금"" 섹션으로 이동하여 해지 요금을 쉽게 확인할 수 있습니다. 여기에서 해고 처벌에 관한 모든 정보를 찾을 수 있습니다. 추가 지원이 필요한 경우 언제든지 고객 서비스 팀에 문의하세요."
BL,취소 수수료를 볼 수 있게 도와주세요,취소,취소 수수료 확인,물론이죠! 취소 수수료 확인을 도와드릴 수 있습니다. 제가 고객님께 필요한 정보에 접근할 수 있도록 고객님의 계정 세부정보를 제공해 주십시오.
BLM,취소수수료를 알고 싶어요,취소,취소 수수료 확인,"바로 처리하겠습니다! 취소 수수료를 보려면 계정에 쉽게 로그인하여 ""수수료 및 요금"" 또는 ""취소 정책"" 섹션으로 이동하세요. 이를 통해 취소 비용 및 수수료와 관련하여 필요한 모든 정보를 얻을 수 있습니다."
BLQ,취소 위약금을 확인하려면 도움이 필요해요,취소,취소 수수료 확인,물론이죠. 취소 위약금을 검토하는 데 도움을 드릴 수 있습니다. 자세한 내용을 확인해 보겠습니다.
BILMP,조기 해지 수수료는 어떻게 확인할 수 있나요?,취소,취소 수수료 확인,조기 해지 수수료를 확인하려면 서비스 개시 시 서명한 계약서를 참조하거나 당사 고객 서비스 부서에 문의하세요. 그들은 고객님의 서비스를 조기 종료하는 데 적용되는 수수료에 대해 필요한 정보를 제공하는 데 도움을 줄 것입니다.
BIL,조기 퇴사 수수료는 어디서 확인하나요?,취소,취소 수수료 확인,물론입니다. 조기 종료 수수료에 대한 정보를 찾는 데 도움을 드릴 수 있습니다. 조기 퇴사 수수료를 확인하려면 계약서의 이용 약관 섹션을 참조하세요. 계약 조기 종료와 관련된 세부 사항 및 처벌을 간략히 설명해야 합니다. 특정 정보를 찾을 수 없는 경우 고객 서비스 팀에 문의하여 추가 지원을 받는 것이 좋습니다.
BCL,조기 퇴출 페널티를 봐야 하는데 도움이 필요해요,취소,취소 수수료 확인,"내가 처리할게! 조기 종료 위약금을 보려면 계정 설정으로 이동하여 ""취소 수수료"" 섹션을 찾으십시오. 여기에서 계약 기간이 끝나기 전 계정 해지에 관련된 모든 수수료에 대한 모든 정보를 확인할 수 있습니다. 추가 질문이 있거나 도움이 필요하시면 언제든지 알려주세요!"
BELQ,취소 위약금을 어떻게 확인하는지 모르겠어요,취소,취소 수수료 확인,문제없습니다. 취소 위약금 확인을 도와드릴 수 있습니다. 취소 위약금을 확인하려면 계약 약관을 참조하거나 당사 고객 서비스 팀에 자세한 내용을 문의하세요. 고객님의 특정 상황에 적용되는 취소 수수료에 관한 세부 정보를 제공할 것입니다.
BCILM,조기 퇴사 수수료를 확인하고 싶은데 어떻게 해야 하나요?,취소,취소 수수료 확인,"물론이죠! 조기 종료 비용을 확인하려면 계정에 로그인하여 ""수수료"" 또는 ""벌금"" 섹션으로 이동하세요. 여기에서 계약 조기 해지 비용에 관한 모든 정보를 확인할 수 있습니다. 이 정보를 찾는 데 어려움이 있는 경우 언제든지 고객 지원팀에 문의하여 도움을 받으세요."
BILQ,취소 위약금을 보는 방법,취소,취소 수수료 확인,문제 없습니다! 취소 위약금을 보려면 당사 웹사이트에서 고객님의 계정에 로그인하여 취소 섹션으로 이동하거나 당사 고객 지원팀에 문의하시면 추가 지원을 받으실 수 있습니다.
BILQ,조기 해지 비용은 어디서 확인하나요?,취소,취소 수수료 확인,물론이죠! 조기 해지 비용을 확인하려면 서비스 계약의 이용 약관 섹션을 참조하세요. 계약 기간이 끝나기 전에 서비스 취소에 따른 수수료나 위약금에 대한 모든 세부 정보를 제공해야 합니다. 해당 정보를 찾는 데 어려움이 있는 경우 당사 고객 서비스 팀이 기꺼이 추가 지원을 해드릴 것입니다.
BIL,해지 패널티를 볼 수 있나요?,취소,취소 수수료 확인,물론 고객님는 당사 웹사이트에서 고객님의 계정에 로그인하여 해지 처벌을 받을 수 있습니다.
BELMQ,조기 퇴실 비용을 어떻게 확인할 수 있는지 모르겠습니다,취소,취소 수수료 확인,"걱정 마세요! 조기 종료 비용을 보려면 온라인으로 고객님의 계정에 접속하여 ""수수료 및 벌금"" 또는 ""조기 종료 비용"" 섹션으로 이동하십시오. 이를 통해 고객님의 계약을 조기 해지하는 데 따른 비용과 관련하여 필요한 정보를 제공할 것입니다. 추가로 도움이 필요하시면 알려주세요!"
BIMQZ,취소 수수료를 알려줄 수 있나요?,취소,취소 수수료 확인,물론이죠! 고객님의 계정에 대한 취소 수수료에 대한 세부정보를 알려드릴 수 있습니다.
BCELM,해고 처벌을 찾을 수 없습니다. 도움이 필요합니다.,취소,취소 수수료 확인,불편을 끼쳐드려 죄송합니다. 해지 위약금을 찾는 데 도움을 받으려면 계정 세부정보를 제공하거나 고객 지원팀에 문의하세요. 그들은 고객님께 필요한 정보를 제공하고 절차를 안내할 수 있습니다.
BILQW,빌어먹을 조기 해고 비용을 확인하는 데 도움을 줄 수 있나요?,취소,취소 수수료 확인,"물론이죠. 조기 해지 수수료를 확인하는 데 도움을 드릴 수 있습니다. 해당 정보를 얻으려면 온라인으로 고객님의 계정에 액세스하고 ""해지 수수료"" 섹션으로 이동해야 합니다. 여기에서 조기 해지 수수료에 관한 모든 세부 정보를 확인할 수 있습니다."
BIL,취소 위약금은 어떻게 확인하나요?,취소,취소 수수료 확인,물론입니다! 취소 위약금을 보려면 당사 웹사이트를 방문하여 계정 설정으로 이동하세요. 계정 설정에서 취소 위약금 세부정보를 볼 수 있는 옵션을 찾을 수 있습니다. 추가 지원이 필요한 경우 당사 고객 지원팀에 문의하세요.
BLM,조기 퇴실 수수료를 어떻게 확인하는지 모르겠습니다.,취소,취소 수수료 확인,문제 없습니다! 고객님의 계약에 대한 조기 종료 비용을 확인하는 데 도움을 드릴 수 있습니다. 그렇게 하려면 계약서와 함께 제공된 이용 약관 문서를 참조하거나 당사 고객 지원팀에 연락하여 추가 지원을 받을 수 있습니다. 그들은 고객님의 특정 계약에 적용되는 조기 종료 비용에 관한 정확한 세부 정보를 제공할 수 있습니다.
BCIL,출금수수료를 확인해야 하는데 어떻게 해야 하나요?,취소,취소 수수료 확인,문제 없습니다! 출금 수수료 확인을 도와드릴 수 있습니다. 이를 위해서는 당사 웹사이트를 방문하여 고객님의 계정에 로그인하거나 고객 서비스 핫라인에 전화할 수 있습니다. 당사 담당자가 기꺼이 고객님을 지원하고 인출 수수료와 관련하여 필요한 모든 정보를 제공할 것입니다.
BZ,헬로가 취소 수수료를 확인해줬으면 좋겠어,취소,취소 수수료 확인,물론 고객님의 계정에 대한 취소 수수료를 확인하는 데 도움을 드릴 수 있습니다. 고객님의 계정 세부정보나 고객님이 염두에 두고 있는 구체적인 취소 요청 사항을 알려주시겠습니까?
BILZ,조기 해지 위약금을 확인할 수 있나요?,취소,취소 수수료 확인,"조기 해지 벌금에 대한 정보를 찾으려면 온라인으로 고객님의 계정에 접속하여 ""해지 수수료"" 섹션으로 이동하십시오. 이는 고객님이 계정을 조기 종료하기로 선택한 경우 적용될 수 있는 수수료에 대한 자세한 정보를 제공합니다."
BL,인출 수수료,취소,취소 수수료 확인,물론이죠! 계약 취소에 따른 철회 수수료는 계약서에 명시된 이용 약관에 따라 달라집니다. 정확한 금액을 확인하려면 온라인으로 계정의 '취소 수수료' 섹션을 확인하거나 당사 고객 서비스 팀에 도움을 요청하는 것이 좋습니다.
BCL,해고 패널티를 확인하고 싶은데 도와주세요,취소,취소 수수료 확인,"물론입니다! 해지 위약금을 확인하려면 계정에 로그인하여 ""해지 수수료"" 섹션으로 이동하세요. 여기에서 계정 취소에 적용되는 수수료와 위약금을 확인할 수 있습니다. 추가 질문이 있으시면 언제든지 고객 지원팀에 문의해 주세요."
BL,조기 퇴장 페널티를 보고 싶습니다.,취소,취소 수수료 확인,"내가 해낼게! 조기 종료 벌금을 보려면 온라인 계정에 로그인하여 ""계정 세부 정보"" 또는 ""이용 약관"" 섹션으로 이동하십시오. 여기에서 고객님의 계정에 대한 조기 종료 벌금에 관한 모든 정보를 찾을 수 있습니다. 추가 질문이 있는 경우 주저하지 말고 고객 지원팀에 문의하여 도움을 받으세요."
BEZ,취소수수료를 확인하려면 어떻게 해야 할지 모르겠습니다.,취소,취소 수수료 확인,문제 없습니다! 제가 도와드릴 수 있습니다. 취소 수수료를 확인하려면 서비스 계약을 참조하거나 고객 지원팀에 문의하세요. 그들은 고객님께 필요한 정보를 제공하고 절차를 안내할 것입니다.
BL,조기 종료 페널티가 표시됨,취소,취소 수수료 확인,확실히! 고객님의 계정에 대한 조기 탈퇴 위약금을 확인하는 데 도움을 드릴 수 있습니다. 이를 위해서는 계정 계약의 이용 약관을 참조해야 합니다. 조기 탈퇴 위약금은 고객님이 보유한 계좌 유형과 특정 탈퇴 상황에 따라 달라질 수 있습니다. 고객님의 계정에 대한 조기 종료 벌금에 대한 자세한 내용을 알아보려면 당사 고객 서비스 팀에 문의하거나 당사 웹사이트를 방문하는 것이 가장 좋습니다.
BILMQWZ,빌어먹을 조기 종료 처벌을 확인하는 데 도움을 줄 수 있나요?,취소,취소 수수료 확인,내가 해낼게! 조기 퇴실 처벌을 확인하는 데 도움을 드릴 수 있습니다. 고객님의 계정 세부정보를 알려주시면 조사해 보겠습니다.
BLW,빌어먹을 취소 수수료를 봐야 해,취소,취소 수수료 확인,물론이죠! 취소 수수료를 찾는 데 도움을 드릴 수 있습니다. 취소 수수료를 확인하려면 다음 단계를 따르세요. 1. 당사 웹사이트에서 고객님의 계정에 로그인하십시오. 2. '계정' 또는 '결제' 섹션으로 이동합니다. 3. 계약 또는 서비스 종료와 관련된 하위 섹션을 찾으십시오. 4. 해당 섹션에서 취소 수수료에 대한 세부정보를 확인하실 수 있습니다. 어려움이 있거나 추가 정보가 필요한 경우 알려주시기 바랍니다.
BCLQ,인출 벌금을 확인하고 싶어요 도와주세요,취소,취소 수수료 확인,물론입니다! 인출 벌금에 관한 정보를 찾는 데 도움을 드리겠습니다.
BLZ,탈퇴 페널티를 확인하는 데 도움이 필요합니다.,취소,취소 수수료 확인,"인출 벌금을 보려면 고객님의 계정에 로그인하여 ""해지 수수료"" 섹션으로 이동하십시오. 이를 통해 취소 위약금에 관한 모든 정보를 제공해 드립니다."
BLM,인출 수수료를 보니,취소,취소 수수료 확인,과연! 인출 수수료 확인을 도와드릴 수 있습니다. 정확한 정보를 제공하기 위해 고객님의 계정이나 고객님이 언급하고 있는 서비스의 구체적인 세부정보를 알려주시겠습니까?
BLZ,해지 위약금을 확인하는 데 도움이 필요합니다.,취소,취소 수수료 확인,물론입니다! 해지페널티 확인방법을 안내해드리겠습니다. 그렇게 하려면 제공업체 웹사이트에서 고객님의 계정에 로그인하거나 해당 제공업체의 고객 서비스에 문의해야 합니다. 그들은 고객님의 특정 계획에 대한 해지 위약금과 관련하여 필요한 정보를 제공할 것입니다.
BLMW,도대체 출금 수수료를 어떻게 확인할 수 있는지 모르겠어요,취소,취소 수수료 확인,불편을 끼쳐드려 죄송합니다. 인출 수수료를 확인하려면 계약서의 이용 약관 섹션을 참조하거나 당사 고객 서비스 팀에 문의하여 도움을 받으십시오. 그들은 인출 수수료와 관련하여 필요한 정보를 고객님께 제공할 수 있습니다.
BLQ,조기 해고 처벌을 확인하는 데 도움이 필요합니다,취소,취소 수수료 확인,내가 해낼게! 조기 해지 수수료 계산을 도와드릴 수 있습니다. 고객님의 계약 세부 사항을 알려주시거나 당사 고객 지원팀에 연락하여 맞춤 지원을 받으시기 바랍니다.
BLW,빌어먹을 조기 종료 페널티를 확인하는 데 도움이 필요해요,취소,취소 수수료 확인,물론이죠. 조기 퇴실 벌금을 확인하는 데 도움을 드릴 수 있습니다. 추가 지원을 드릴 수 있도록 고객님의 계정 세부정보를 제공해 주시기 바랍니다.
BLW,피묻은 탈퇴 패널티를 어떻게 보는지 모르겠어요,취소,취소 수수료 확인,물론이죠! 저희는 인출 벌금에 대한 정보를 찾는 것이 실망스러울 수 있다는 것을 이해합니다. 이에 대한 도움을 받으려면 온라인으로 계정에 로그인하여 수수료 섹션으로 이동하거나 당사 고객 서비스 팀에 문의하시면 인출 위약금 확인에 도움을 드릴 수 있습니다.
BLM,조기 해지 수수료를 확인하는 데 도움을 주세요,취소,취소 수수료 확인,기꺼이 도와드리겠습니다! 조기 해지 수수료 확인에 도움을 드리겠습니다. 정확한 정보를 제공하기 위해 계좌번호나 기타 관련 세부정보를 알려주실 수 있나요?
BEL,출금 페널티를 찾을 수 없습니다,취소,취소 수수료 확인,문제 없습니다! 철회 페널티를 찾는 데 도움을 드리겠습니다. 먼저 당사 웹사이트에서 고객님의 계정에 로그인해야 합니다. 로그인한 후 '계정 세부정보' 또는 '구독 정보' 섹션으로 이동하세요. 해당 섹션에서는 관련 수수료 또는 비용을 포함하여 인출 위약금에 대한 세부 정보를 확인할 수 있습니다. 어려움이 있거나 추가 질문이 있는 경우 언제든지 당사 고객 지원팀에 문의하시면 기꺼이 필요한 도움을 제공해 드릴 것입니다.
BL,해고 패널티를 어떻게 확인할 수 있는지 모르겠습니다.,취소,취소 수수료 확인,걱정하지 마세요. 해지 위약금 확인 방법을 안내해 드리겠습니다. 자세한 내용을 알아보려면 고객 서비스 핫라인에 문의하거나 계약서에 명시된 이용 약관을 참조하세요. 그들은 고객님께 필요한 정보를 제공할 수 있을 것입니다.
BIL,해지 수수료는 어디서 볼 수 있나요?,취소,취소 수수료 확인,계정 계약의 이용 약관 섹션에서 해지 수수료에 대한 정보를 확인할 수 있습니다. 합의된 기간 이전에 서비스 취소와 관련된 세부 정보 및 수수료가 간략하게 설명되어 있습니다. 구체적인 질문이 있거나 추가 지원이 필요한 경우 언제든지 알려주세요.
BCILPQ,조기 퇴사 수수료를 확인해야 하는데 도움이 될 것 같아요,취소,취소 수수료 확인,확실히! 고객님의 계좌에 대한 조기 탈퇴 수수료를 확인하는 데 도움을 드릴 수 있습니다. 그러기 위해 고객님의 계정 세부정보를 알려주시면 찾아보겠습니다.
BCIL,취소 수수료를 확인해야 하는데 어떻게 해야 하나요?,취소,취소 수수료 확인,물론이죠! 고객님의 계정에 대한 취소 수수료를 확인하려면 당사 웹사이트에 로그인하여 청구 섹션으로 이동하거나 당사 고객 서비스 헬프라인에 전화하시면 당사 담당자가 도움을 드릴 것입니다.
BILM,조기퇴사 수수료가 있나요?,취소,취소 수수료 확인,확실히! 문의하신 조기 퇴사 수수료에 대한 정보를 알려드리겠습니다.
BCILP,조기 퇴장 페널티를 찾을 수 없습니다. 도와주실 수 있나요?,취소,취소 수수료 확인,"물론이죠! 조기 퇴실 처벌에 대한 정보를 찾는 데 도움을 드리겠습니다. 당사 웹사이트에서 고객님의 계정에 로그인한 후 ""이용 약관"" 섹션으로 이동하면 벌금에 관한 세부 정보를 볼 수 있습니다. 해당 항목을 찾는 데 문제가 있는 경우 언제든지 고객 지원팀에 문의하여 추가 지원을 받으세요."
BIL,계약을 취소하면 얼마를 청구하시겠습니까?,취소,취소 수수료 확인,물론입니다. 계약을 취소하기로 결정하시면 청구될 금액을 알아보실 수 있도록 도와드리겠습니다.
BLM,조기 종료 수수료를 확인하세요,취소,취소 수수료 확인,"확실히! 조기 종료 수수료를 보려면 계정에 로그인하여 ""수수료 및 벌금"" 섹션으로 이동하세요. 여기에서 서비스 조기 취소에 적용되는 요금에 대한 자세한 정보를 확인할 수 있습니다. 추가 질문이 있는 경우 언제든지 고객 지원팀에 문의하여 도움을 받으세요."
BLMQ,조기 종료 수수료를 확인하는 데 도움이 필요해요,취소,취소 수수료 확인,최선을 다하겠습니다! 조기 퇴사 수수료 확인을 도와드릴 수 있습니다. 제가 필요한 정보에 접근하고 추가 지원을 드릴 수 있도록 고객님의 계정 세부정보를 제공해 주십시오.
BL,해고 비용을 볼 수 있게 도와주세요,취소,취소 수수료 확인,물론이죠! 해지 수수료를 보려면 당사 웹사이트나 모바일 앱에서 고객님의 계정에 로그인하여 이 정보에 쉽게 액세스할 수 있습니다. 로그인한 후 계정 설정 또는 수수료 섹션으로 이동하여 해지 요금에 관한 세부 정보를 확인하세요. 추가 지원이 필요한 경우 언제든지 고객 지원팀에 문의해 주세요.
BILMQ,인출 수수료는 어떻게 볼 수 있나요,취소,취소 수수료 확인,인출 수수료를 보려면 계정 이용 약관을 참조하거나 당사 고객 서비스 팀에 문의하여 추가 지원을 받으십시오. 그들은 고객님의 계좌와 관련된 인출 수수료에 관한 구체적인 세부 정보를 고객님께 제공할 수 있습니다.
BCILMP,취소 위약금을 확인해야 하는데 도와주실 수 있나요?,취소,취소 수수료 확인,저는 그것을하고있다! 취소 위약금 확인에 도움을 드리고 있습니다. 고객님의 계정 정보를 제공해 주시면 고객님의 계정과 관련된 취소 수수료와 관련하여 필요한 정보를 제공해 드리겠습니다.
BELMZ,취소 페널티를 받으려면 어떻게 해야 할지 모르겠습니다.,취소,취소 수수료 확인,취소 위약금을 완화하려면 고객 서비스 팀에 연락하여 상황을 설명하세요. 그들은 고객님께 대체 옵션을 제공하거나 관련 당사자 모두에게 적합한 솔루션을 찾는 데 도움을 줄 수 있습니다.
BCLM,취소 위약금을 확인해야 하는데 도와주세요,취소,취소 수수료 확인,물론이죠. 취소 위약금을 확인하는 데 도움을 드릴 수 있습니다. 고객님의 계정에 대한 구체적인 세부 정보를 얻으려면 계약 번호를 알려주시거나 고객 서비스 팀에 직접 문의하여 추가 지원을 받으십시오.
BL,해고 페널티에 대해서는 아무것도 찾을 수 없습니다.,취소,취소 수수료 확인,안타깝게도 고객님의 계정에 대한 해지 위약금에 관한 정보를 찾을 수 없습니다. 취소 수수료에 대한 정확한 세부정보를 확인하려면 당사 고객 지원팀에 문의하시기 바랍니다. 그들은 고객님께 필요한 특정 정보를 제공할 수 있습니다.
BELMQZ,해지 요금을 보려면 어떻게 해야 할지 모르겠습니다.,취소,취소 수수료 확인,걱정 마세요! 해지 수수료를 확인하려면 계약 계약을 참조하세요. 조기 해고에 대한 수수료 및 벌금에 관한 모든 세부 정보가 포함되어 있어야 합니다. 정보를 찾는 데 어려움이 있는 경우 언제든지 당사 고객 서비스 팀에 연락하여 도움을 받으십시오.
BLMQZ,초기 종료 를 어떻게 볼 수 있는지 모르겠습니다.,취소,취소 수수료 확인,문제 없습니다! 제가 도와드릴 수 있습니다. 조기 종료 비용을 확인하려면 계약을 확인하거나 고객 서비스 팀에 문의하세요. 그들은 고객님의 계정에 대한 조기 종료 비용에 관한 구체적인 세부 정보를 제공할 수 있습니다.
BCELW,빌어먹을 조기 종료 페널티를 찾을 수 없습니다. 도와주세요.,취소,취소 수수료 확인,"긍정적으로! 조기 해지 위약금을 확인하려면 계정에 로그인하여 ""해지 수수료"" 섹션으로 이동하세요. 해당 항목을 찾을 수 없는 경우 고객 지원팀에 문의하여 추가 지원을 받으시기 바랍니다."
BEL,조기탈퇴 페널티를 어떻게 보는지 모르겠어요,취소,취소 수수료 확인,"문제 없습니다! 계약에 대한 조기 종료 위약금을 보려면 계정에 로그인하여 ""취소 정책"" 섹션으로 이동하십시오. 지정된 종료일 이전에 계약을 취소하는 데 따른 위약금 및 수수료에 관한 모든 세부 정보를 제공해야 합니다. 이 정보를 찾는 데 어려움이 있는 경우 언제든지 고객 지원팀에 문의하여 추가 지원을 받으세요."
BL,해지 수수료를 확인하는 데 도움,취소,취소 수수료 확인,"물론입니다! 해지 수수료를 확인하는 방법을 안내해 드릴 수 있습니다. 해지 수수료를 확인하려면 계정에 로그인하여 ""수수료"" 섹션으로 이동하거나 당사 고객 서비스 팀에 문의하여 추가 지원을 받으십시오. 그들은 해지 수수료와 관련하여 필요한 세부 정보를 기꺼이 제공할 것입니다."
BCLM,취소 위약금을 확인해야 합니다. 도와주세요.,취소,취소 수수료 확인,확실히! 고객님의 계정에 대한 취소 위약금을 확인하는 데 도움을 드릴 수 있습니다. 정확한 정보를 제공하기 위해 고객님의 계정 정보를 알려주시겠습니까?
BL,조기 퇴사 수수료를 확인하는 방법을 모르겠습니다.,취소,취소 수수료 확인,문제 없습니다! 조기 퇴사 비용에 대한 정보를 찾는 데 도움을 드릴 수 있습니다. 조기 종료 비용을 확인하려면 계약 이용 약관을 검토하거나 당사 고객 지원팀에 문의하여 추가 지원을 받으십시오. 조기 퇴실 비용에 관한 구체적인 세부 사항을 알려드릴 수 있습니다.
BCEL,출금 수수료를 찾을 수 없습니다. 도와주세요,취소,취소 수수료 확인,"확실히! 인출 수수료를 찾으려면 고객님의 계정에 로그인하여 ""해지 수수료"" 섹션으로 이동하십시오. 여기에서 인출 수수료에 관한 모든 세부 정보를 확인할 수 있습니다. 추가 지원이 필요하면 알려주시기 바랍니다."
BELM,취소 위약금을 확인하려면 어떻게 해야 할지 모르겠습니다.,취소,취소 수수료 확인,문제 없습니다! 취소 위약금 확인 방법을 안내해 드릴 수 있습니다. 이를 위해 전화나 이메일로 당사 고객 서비스 팀에 문의하실 수 있습니다. 그들은 고객님의 특정 상황에 적용되는 취소 위약금과 관련하여 필요한 모든 세부 정보를 제공할 것입니다. 제가 도와드릴 다른 것이 있나요?
BLMZ,해고 처벌을 어떻게 확인할 수 있는지 모르겠습니다.,취소,취소 수수료 확인,문제없습니다. 제가 도와드릴 수 있습니다. 해지 위약금을 확인하려면 계정의 이용 약관 섹션을 참조하거나 당사 고객 서비스 팀에 문의하여 자세한 내용을 문의하세요. 그들은 고객님께 필요한 세부 정보를 제공할 수 있습니다.
BIL,조기퇴사 수수료는 어디서 확인하나요?,취소,취소 수수료 확인,조기 퇴사 비용을 확인하려면 당사 웹사이트의 수수료 및 요금 섹션을 참조하세요. 이는 해지 수수료와 관련하여 필요한 정보를 제공합니다.
BKL,조기 해지 요금 표시,취소,취소 수수료 확인,조기 해지 비용을 보려면 온라인으로 계정에 접속하여 청구 섹션으로 이동하세요. 또는 계약 조기 종료와 관련된 수수료에 대한 자세한 정보를 제공할 수 있는 당사 고객 지원팀에 문의하실 수 있습니다.
BLMPQZ,인출 수수료를 확인하고 싶습니다,취소,취소 수수료 확인,"물론입니다! 인출 수수료를 확인하려면 당사 웹사이트를 방문하여 ""수수료 및 요금"" 섹션으로 이동하세요. 여기에서 인출 위약금 및 관련 수수료에 대한 자세한 정보를 확인할 수 있습니다. 추가 질문이 있는 경우 언제든지 고객 서비스 팀에 문의하여 도움을 받으세요."
BLMZ,인출 벌금을 확인하는 데 도움이 필요합니다,취소,취소 수수료 확인,"물론이죠. 철회 위약금을 확인하도록 도와드릴 수 있습니다. 그렇게 하려면 고객님의 계정에 로그인하여 ""해지 수수료"" 섹션으로 이동하십시오. 여기에서 인출 수수료에 관한 모든 정보를 확인할 수 있습니다. 추가 지원이 필요하면 알려주시기 바랍니다."
BILM,인출 수수료는 어디서 확인할 수 있나요?,취소,취소 수수료 확인,물론이죠! 인출 수수료를 보려면 계정 요약 페이지를 확인하세요. 인출 수수료를 포함하여 관련 수수료에 대한 자세한 내역이 있어야 합니다. 추가 도움이 필요하면 알려주세요!
BIL,인출 수수료를 볼 수 있도록 도와주실 수 있나요?,취소,취소 수수료 확인,내가 해낼게! 출금수수료 확인에 도움을 드리겠습니다. 정확한 정보를 제공하기 위해 어떤 계정이나 서비스를 언급하고 있는지 알려주실 수 있나요?
BLM,조기 퇴사 처벌 확인 지원,취소,취소 수수료 확인,"바로 처리하겠습니다! 계약 해지 시 조기 퇴사 위약금 확인을 도와드릴 수 있습니다. 정확한 정보 제공을 위해 시작일, 기간 등 계약 세부정보를 알려주실 수 있나요? 이 정보를 통해 조기 해고와 관련된 처벌을 더 잘 이해하는 데 도움을 드릴 수 있습니다."
BILQ,취소 수수료 확인하는 방법,취소,취소 수수료 확인,취소 수수료를 확인하려면 계정에 로그인한 후 결제 섹션으로 이동하세요. 여기에서 고객님의 계정에 적용되는 취소 수수료에 대한 세부정보를 확인할 수 있습니다. 추가 질문이 있으시면 언제든지 고객 지원팀에 문의해 주세요.
BILM,조기 해고 비용은 어디서 확인할 수 있나요?,취소,취소 수수료 확인,조기 해지 비용을 보려면 계정 명세서를 확인하거나 당사 고객 서비스 팀에 자세한 내용을 문의하세요.
BIQ,계약 위반으로 인해 나에게 부과되는 금액은 얼마입니까?,취소,취소 수수료 확인,"저는 그것을하고있다! 계약을 조기 해지하는 데 부과되는 정확한 금액은 계약서에 명시된 조건에 따라 다릅니다. 취소 수수료나 수수료에 대한 구체적인 내용은 해당 문서를 참조하시는 것이 가장 좋습니다. 추가 질문이 있거나 도움이 필요한 경우, 주저하지 마시고 고객 지원팀에 문의해 주세요."
BLM,출금 페널티를 확인해야겠어요,취소,취소 수수료 확인,철회 위약금을 확인하려면 계약 이용 약관을 검토하거나 고객 지원팀에 문의하여 자세한 내용을 문의하세요.
BILM,취소 수수료가 있나요?,취소,취소 수수료 확인,내가 처리할게! 취소 수수료가 있는지 확인하는 데 도움을 드리겠습니다. 그러기 위해서는 제가 관련 정보에 접근할 수 있도록 고객님의 계정 세부정보를 제공해 주시기 바랍니다.
BELMQ,조기 해고 위약금을 어떻게 확인할 수 있는지 모르겠습니다.,취소,취소 수수료 확인,"문제 없습니다! 조기 해고 처벌에 대한 정보를 보려면 다음 단계를 따르세요. 1. 당사 웹사이트에서 고객님의 계정에 로그인하십시오. 2. '결제' 또는 '계정' 섹션으로 이동합니다. 3. ""해지 위약금"" 또는 ""취소 수수료""라는 하위 섹션을 찾으십시오. 4. 해당 하위 섹션을 클릭하면 조기 종료 처벌에 대한 세부 정보를 볼 수 있습니다. 여전히 정보를 찾을 수 없거나 추가 질문이 있는 경우 주저하지 말고 고객 지원팀에 문의하여 도움을 받으시기 바랍니다."
BL,해지 수수료를 봐야 해요,취소,취소 수수료 확인,"물론입니다! 해지 수수료를 보려면 계정에 로그인하여 ""수수료 및 요금"" 섹션으로 이동하세요. 여기에서 고객님 계정의 해지 수수료에 관한 모든 세부 정보를 확인할 수 있습니다."
BILQZ,해지 요금을 확인하려면 어떻게 해야 하나요?,취소,취소 수수료 확인,"해지 요금을 확인하려면 다음 단계를 따르세요. 1. 당사 웹사이트에서 고객님의 계정에 로그인하십시오. 2. ""내 계정"" 섹션으로 이동합니다. 3. ""해지 수수료"" 탭 또는 링크를 찾으십시오. 4. 이를 클릭하면 해지 수수료에 대한 정보를 확인할 수 있습니다. 어려움이 있거나 추가 지원이 필요한 경우 언제든지 고객 지원팀에 문의하세요."
BILM,취소 수수료는 어디서 확인하나요?,취소,취소 수수료 확인,"취소 수수료는 당사 웹사이트에서 쉽게 확인하실 수 있습니다. ""수수료 및 요금"" 섹션으로 이동하시면 취소 수수료와 관련하여 필요한 모든 정보를 찾으실 수 있습니다."
BL,조기 퇴사 수수료 확인에 도움이 필요합니다,취소,취소 수수료 확인,"확실히! 조기 종료 수수료를 확인하려면 계정에 로그인하여 ""해지 수수료"" 섹션으로 이동하십시오. 여기에서 서비스 조기 종료와 관련된 수수료에 대한 자세한 정보를 확인할 수 있습니다. 추가 질문이 있으시면 언제든지 고객 지원팀에 문의해 주세요."
BILM,조기 퇴실 처벌을 보려면 어떻게 해야 합니까?,취소,취소 수수료 확인,"조기 해지 수수료를 보려면 다음 단계를 따르세요. 1. 당사 웹사이트 또는 모바일 앱에서 고객님의 계정에 로그인하십시오. 2. ""계정"" 또는 ""결제"" 섹션으로 이동합니다. 3. ""해지 수수료"" 또는 ""취소 수수료"" 옵션을 찾으십시오. 4. 클릭하시면 해당 계약에 적용되는 중도해지 위약금 상세내역을 확인하실 수 있습니다. 추가 지원이 필요한 경우 언제든지 고객 지원팀에 문의해 주세요."
BLM,해지 수수료를 확인하세요,취소,취소 수수료 확인,내가 처리할게! 해지 수수료에 관한 세부정보를 알려드릴 수 있습니다. 정보를 검색할 수 있도록 잠시 시간을 주십시오.
BELQ,출금 수수료를 확인하려면 어떻게 해야 하는지 모르겠어요,취소,취소 수수료 확인,"걱정하지 마세요. 제가 도와드릴 수 있습니다. 인출 수수료를 확인하려면 당사 웹사이트에서 고객님의 계정에 로그인하십시오. 로그인한 후 ""계정"" 또는 ""프로필"" 섹션으로 이동하면 인출 수수료에 관한 정보를 찾을 수 있습니다. 해당 항목을 찾을 수 없는 경우 언제든지 당사 고객 지원팀에 문의해 주시면 기꺼이 추가 지원을 해 드리겠습니다."
BELM,탈퇴 페널티를 찾을 수 없습니다.,취소,취소 수수료 확인,"걱정 마세요! 철회 처벌에 대한 정보를 찾으려면 당사 웹사이트를 방문하여 ""이용 약관"" 섹션으로 이동하십시오. 또는 당사 고객 지원팀에 문의하시면 철회와 관련된 처벌을 이해하는 데 도움을 드릴 것입니다."
BILMZ,해고 처벌은 어떻게 확인하나요?,취소,취소 수수료 확인,기꺼이 도와드리겠습니다! 해고 처벌을 확인하는 데 도움을 드릴 수 있습니다. 그렇게 하려면 계약서의 이용 약관 섹션을 참조하거나 당사 고객 지원팀에 문의하여 자세한 내용을 문의하세요. 해고 처벌에 관한 구체적인 세부 정보를 제공할 수 있습니다.
BILMQ,취소 수수료를 확인할 수 있나요,취소,취소 수수료 확인,바로 처리하겠습니다! 취소 수수료를 확인하려면 계약서를 참조하거나 당사 고객 서비스 팀에 문의하여 추가 지원을 받으십시오. 고객님의 계정과 관련된 취소 수수료에 관한 구체적인 세부 정보를 제공할 수 있습니다.
BLM,취소 위약금 확인에 도움이 필요합니다,취소,취소 수수료 확인,"물론, 취소 위약금을 확인하는 데 도움을 드릴 수 있습니다. 고객님의 계정 세부정보를 알려주시면 조사해 보겠습니다."
BILMZ,조기 퇴사 수수료를 확인하려면 어떻게 해야 합니까?,취소,취소 수수료 확인,물론이죠! 조기 종료 수수료를 확인하려면 다음 단계를 따르세요. 1. 당사 고객센터에 전화나 홈페이지를 통해 문의해 주세요. 2. 고객님의 계좌 정보를 제공하고 조기 종료 수수료에 대해 문의하고 싶다고 언급하십시오. 3. 당사의 고객 서비스 담당자는 수수료 및 기타 관련 세부 사항과 관련하여 필요한 정보를 제공하여 고객님을 도와드릴 것입니다. 구체적인 절차는 구독 및 지역에 따라 다를 수 있습니다. 계약의 조기 종료 수수료에 관한 정확한 최신 정보를 얻으려면 고객 서비스 팀에 문의하는 것이 가장 좋습니다.
BCLM,해지 수수료를 확인해야 하는데 도와주세요,취소,취소 수수료 확인,"저는 그것을하고있다! 해지 수수료를 확인하려면 계정에 로그인하여 ""계정 세부 정보"" 또는 ""수수료 및 요금"" 섹션으로 이동하세요. 거기에서 해지 수수료에 관한 정보를 찾을 수 있습니다."
BELW,빌어먹을 조기해지 수수료를 어떻게 볼 수 있을지 모르겠네요,취소,취소 수수료 확인,"문제 없습니다! 제가 도와드릴 수 있습니다. 조기 해지 수수료를 보려면 고객 계정에 로그인하고 ""청구"" 또는 ""계정"" 섹션으로 이동하세요. 거기에서 피비린내 저는 해지 수수료에 대한 모든 세부 사항을 확인해야 합니다. 추가 질문이 있거나 도움이 필요한 경우 언제든지 고객 지원팀에 문의해 주세요."
BELM,해지 수수료에 대해서는 아무것도 찾을 수 없습니다.,취소,취소 수수료 확인,불편을 끼쳐드려 죄송합니다. 해지 수수료에 관한 정보를 얻으려면 계약 계약을 참조하거나 고객 서비스 팀에 문의하여 추가 지원을 받는 것이 좋습니다. 그들은 고객님께 필요한 세부 정보를 제공할 수 있습니다.
BL,취소 수수료 확인 좀 도와주세요,취소,취소 수수료 확인,확실히! 취소 수수료 확인을 도와드리겠습니다. 정확한 정보를 제공하기 위해 계정 세부정보를 제공하거나 고객 서비스 팀에 문의해 주시겠습니까? 고객님의 계정과 관련된 구체적인 취소 수수료를 알려드릴 수 있습니다.
BLM,출금 수수료를 보려면 어떻게 해야 하는지 모르겠습니다.,취소,취소 수수료 확인,"문제없습니다. 인출 수수료를 확인하는 과정을 안내해 드리겠습니다. 시작하려면 당사 웹사이트에서 고객님의 계정에 로그인하십시오. 로그인한 후 ""계정 요약"" 또는 ""내 계정"" 섹션으로 이동하세요. 거기에서 ""수수료 및 요금""이라는 하위 섹션을 찾을 수 있습니다. 해당 항목을 클릭하시면 고객님의 계좌와 관련된 인출 수수료 세부정보를 보실 수 있습니다. 추가 질문이 있거나 추가 지원이 필요한 경우 언제든지 고객 지원팀에 문의하세요."
BILQZ,해지 수수료를 지불해도 될까요?,취소,취소 수수료 확인,기꺼이 도와드리겠습니다! 해지 수수료 확인을 도와드릴 수 있습니다. 해지 수수료를 확인하려면 고객 지원팀에 문의하거나 온라인으로 계정에 로그인하세요. 로그인한 후 청구 섹션으로 이동하면 해지 수수료에 대한 세부정보를 확인할 수 있습니다. 찾는 데 문제가 있거나 추가 지원이 필요하면 언제든지 알려주세요!
BLMW,빌어먹을 인출 수수료를 보려고 하는데,취소,취소 수수료 확인,기꺼이 도와드리겠습니다! 고객님의 계좌에 대한 인출 수수료를 확인하는 데 도움을 드릴 수 있습니다. 고객님의 계정 세부정보를 알려주시면 필요한 정보를 제공해 드리겠습니다.
BIL,조기해지 위약금은 어디서 확인하나요?,취소,취소 수수료 확인,조기 해고 위약금을 확인하려면 계약서나 약정서에서 해당 정보를 확인할 수 있습니다. 이는 일반적으로 이용 약관 섹션이나 취소 정책 아래에 나열되어 있습니다. 그곳에서 찾을 수 없다면 고객 서비스 팀에 연락하여 추가 지원을 받는 것이 좋습니다.
BL,조기 퇴사 수수료를 확인하고 싶어요,취소,취소 수수료 확인,물론입니다. 조기 퇴사 수수료 확인을 도와드릴 수 있습니다. 정확한 정보를 얻으려면 예약 세부 정보를 알려주시거나 당사 고객 서비스 팀에 문의해 주십시오. 그러면 필요한 모든 세부 정보를 제공하고 질문에 답변해 드릴 것입니다.
BCILMQZ,종료 페널티를 확인해야 합니다. 어떻게 해야 하나요?,취소,취소 수수료 확인,"물론입니다! 해고 처벌을 확인하는 데 도움을 드리고자 왔습니다. 해지 처벌을 보려면 당사 웹사이트에서 고객님의 계정에 로그인하여 ""계정"" 또는 ""청구"" 섹션으로 이동하십시오. 이 섹션에서는 고객님의 계정과 관련된 해지 처벌을 볼 수 있는 옵션을 찾을 수 있습니다. 해당 항목을 찾을 수 없는 경우 알려주시면 자세한 단계별 지침을 제공해 드리겠습니다."
BLM,조기 해고 처벌을 확인하는 데 도움이 됩니다.,취소,취소 수수료 확인,내가 해낼게! 조기 해고 위약금을 확인하는 데 도움을 드릴 수 있습니다. 고객님의 계정 세부정보를 알려주시면 정보를 찾아보겠습니다.
BCILQZ,인출 수수료를 확인해야 하는데 도움을 받을 수 있나요?,취소,취소 수수료 확인,"물론입니다! 인출 수수료를 보려면 계정에 로그인하여 ""수수료 및 요금"" 또는 ""인출 정책"" 섹션으로 이동하세요. 추가 도움이 필요하시면 언제든지 문의해 주세요."
BILMP,조기 퇴실 처벌은 어디서 확인할 수 있나요?,취소,취소 수수료 확인,"물론이죠! 조기 종료 벌금을 보려면 온라인으로 고객님의 계정에 접속하여 ""해지 수수료"" 섹션으로 이동하십시오. 여기에서 계약을 조기 취소할 경우 위약금에 대한 자세한 정보를 확인할 수 있습니다. 추가 지원이 필요한 경우 언제든지 고객 지원팀에 문의하세요."
BILM,출금 페널티를 보여주실 수 있나요?,취소,취소 수수료 확인,"물론이죠! 인출 처벌에 대한 정보를 보려면 고객님의 계정에 로그인하여 ""인출 정책"" 섹션으로 이동하십시오. 조기 인출과 관련된 수수료에 대한 자세한 정보를 제공합니다. 추가 질문이 있거나 도움이 필요하시면 언제든지 알려주시기 바랍니다."
BILMP,조기 종료 처벌은 어디서 확인할 수 있나요?,취소,취소 수수료 확인,"물론입니다! 조기 해지 위약금을 확인하려면 계정에 로그인하여 ""해지 수수료"" 섹션으로 이동하는 것이 좋습니다. 여기에서 계약 조기 해지 시 처벌에 관한 모든 관련 정보를 확인할 수 있습니다."
BLM,인출 처벌 확인에 도움,취소,취소 수수료 확인,"물론이죠. 인출 위약금을 확인하는 데 도움을 드릴 수 있습니다. 이 정보를 찾으려면 당사 웹사이트에서 고객님의 계정에 로그인하고 ""수수료"" 섹션으로 이동하십시오. 여기에서 출금 위약금 및 관련 수수료에 관한 세부정보를 확인할 수 있습니다. 추가 설명이나 도움이 필요한 경우 언제든지 고객 지원팀에 문의하세요."
BIL,해고 처벌을 확인할 수 있도록 도와주실 수 있나요?,취소,취소 수수료 확인,물론이죠! 고객님의 계정에 대한 해지 위약금을 확인하는 데 도움을 드릴 수 있습니다. 계정 세부정보를 알려주시면 절차를 안내해 드리겠습니다.
BL,조기 퇴사 수수료 확인,취소,취소 수수료 확인,최선을 다하겠습니다! 조기 퇴사 수수료 확인을 도와드릴 수 있습니다. 정확한 정보를 제공하기 위해 고객님의 계정 세부정보를 알려주시거나 당사 고객 서비스 팀에 문의해 주시겠습니까? 추가 도움을 드릴 수 있습니다.
BILMP,조기 해지 비용은 어떻게 확인할 수 있나요?,취소,취소 수수료 확인,조기 해지 비용을 확인하려면 당사 웹사이트나 모바일 앱에서 고객님의 계정에 로그인하세요. 로그인한 후 계정 세부정보 섹션으로 이동하면 계정과 관련된 해지 요금에 대한 정보를 찾을 수 있습니다. 이 정보를 찾을 수 없는 경우 고객 지원팀에 문의하여 추가 지원을 받을 수도 있습니다.
BCILQZ,조기 종료가 어떻게 되는지 확인해야 해요,취소,취소 수수료 확인,"조기 퇴실 처벌을 확인하려면 당사 웹사이트를 방문하여 고객님의 계정에 로그인하십시오. 로그인한 후 ""계정 설정"" 또는 ""청구"" 섹션으로 이동하면 조기 종료 벌금에 대한 세부 정보를 확인할 수 있습니다. 문제가 발생하거나 추가 질문이 있는 경우 언제든지 고객 지원팀에 문의해 주시면 기꺼이 도와드리겠습니다."
BIL,조기해지 위약금은 어디서 확인할 수 있나요?,취소,취소 수수료 확인,"조기 해고 벌금에 대한 정보를 찾으려면 당사 웹사이트를 방문하여 ""이용 약관"" 섹션으로 이동하십시오. 벌금 수수료에 관한 모든 세부 정보를 제공해야 합니다. 추가 질문이 있는 경우 언제든지 고객 서비스 팀에 문의하여 도움을 받으세요."
BELM,해고 처벌에 대해서는 아무것도 찾을 수 없습니다.,취소,취소 수수료 확인,불편을 끼쳐드려 죄송합니다. 해고 처벌에 대한 정보를 찾는 데 도움을 드리겠습니다. 고객님의 계정 세부정보를 알려주시겠습니까?
BILMQ,인출 수수료 볼 수 있어?,취소,취소 수수료 확인,물론이죠! 고객님의 계좌에 대한 인출 수수료에 대한 세부정보를 제공해 드릴 수 있습니다. 정보를 가져오는 동안 잠시 기다려 주세요.
BILM,계약 위반에 대한 처벌은 무엇입니까?,취소,취소 수수료 확인,기꺼이 도와드리겠습니다! 계약 위반에 따른 처벌을 알아보려면 계약서의 이용 약관 섹션을 참조하거나 당사 고객 지원팀에 자세한 내용을 문의하세요.
BILMQ,조기 해지 수수료를 확인할 수 있도록 도와주실 수 있나요?,취소,취소 수수료 확인,"물론이죠! 조기 해지 수수료를 확인하려면 몇 가지 옵션이 있습니다. 먼저, 서비스 종료에 대한 구체적인 수수료와 조건이 설명되어 있는 계약 계약을 참조할 수 있습니다. 여기에서 정보를 찾을 수 없거나 추가 질문이 있는 경우 언제든지 당사 고객 서비스 팀에 연락하시면 기꺼이 도와드리겠습니다."
BIL,취소 수수료를 확인할 수 있나요?,취소,취소 수수료 확인,"물론이죠! 취소 수수료를 확인하려면 계정에 로그인하여 ""취소 수수료"" 섹션으로 이동하세요. 여기에서 요금에 관한 모든 세부정보를 확인할 수 있습니다."
BILM,해지 수수료를 확인하는 방법은 무엇입니까?,취소,취소 수수료 확인,"고객님의 계정에 대한 해지 수수료를 확인하려면 당사 웹사이트를 방문하여 고객님의 계정에 로그인하십시오. ""계정"" 또는 ""청구"" 섹션으로 이동하면 해당 섹션에서 해지 비용에 대한 세부 정보를 확인할 수 있습니다. 추가 질문이 있거나 도움이 필요한 경우 언제든지 고객 지원팀에 문의해 주세요."
BKL,조기 퇴실 수수료 참조,취소,취소 수수료 확인,조기 종료 수수료를 확인하려면 계좌 명세서를 참조하거나 고객 지원팀에 문의하세요. 그들은 조기 해고와 관련된 수수료에 관한 구체적인 정보를 고객님께 제공할 수 있습니다.
BILM,출금 수수료는 어디서 확인할 수 있나요?,취소,취소 수수료 확인,내가 처리할게! 인출 수수료를 보려면 당사 웹사이트에서 고객님의 계정에 로그인한 후 인출 전용 섹션으로 이동하십시오. 여기에서 인출과 관련된 수수료에 관해 필요한 모든 정보를 찾을 수 있습니다. 추가 질문이 있는 경우 언제든지 고객 지원팀에 문의하여 도움을 받으세요.
BILQ,출금 위약금을 확인할 수 있나요?,취소,취소 수수료 확인,"물론이죠! 온라인으로 고객님의 계정에 접속하고 ""계정 정보"" 섹션으로 이동하여 인출 벌금 세부 정보를 볼 수 있습니다."
BCILMQZ,해고 페널티를 확인하는 방법을 알아봤습니다.,취소,취소 수수료 확인,해지 위약금을 확인하려면 계약서를 참조하거나 당사 고객 서비스 팀에 문의하세요. 그들은 고객님의 계정과 관련된 해지 수수료 및 위약금과 관련하여 필요한 정보를 고객님께 제공할 수 있습니다.
BLM,조기 해고 위약금을 확인하는 데 도움이 필요합니다.,취소,취소 수수료 확인,"물론이죠! 조기 해고 위약금을 확인하는 데 도움을 드릴 수 있습니다. 그렇게 하려면 고객님의 계정에 로그인하여 ""수수료 및 요금"" 또는 ""취소 정책"" 섹션으로 이동하십시오. 여기에서 계약 기간이 끝나기 전에 서비스를 취소할 경우 발생하는 위약금에 대한 자세한 정보를 확인할 수 있습니다. 추가 도움이 필요하시면 언제든지 알려주세요!"
BILM,조기 해지 수수료를 확인하도록 도와주실 수 있나요?,취소,취소 수수료 확인,물론이죠! 고객님의 계정에 대한 조기 해지 수수료를 확인하는 데 도움을 드릴 수 있습니다. 그렇게 하려면 당사 웹사이트에서 고객님의 계정에 로그인한 후 취소 또는 종료 섹션으로 이동하십시오. 여기서는 합의된 계약 기간 이전에 서비스 종료와 관련된 수수료에 관한 모든 정보를 확인할 수 있습니다. 추가 문의사항이 있거나 추가 도움이 필요하시면 언제든지 알려주세요.
BIL,조기 해지 비용을 확인할 수 있나요?,취소,취소 수수료 확인,"긍정적으로! 고객님의 계정에 접속하여 ""수수료 및 요금"" 또는 ""취소 정책"" 섹션으로 이동하면 조기 해지 비용을 쉽게 확인할 수 있습니다."
BIL,조기 해지 비용은 어디서 확인할 수 있나요?,취소,취소 수수료 확인,계약과 관련된 조기 해지 비용을 보려면 이용 약관 문서를 확인하거나 당사 고객 서비스 팀에 자세한 내용을 문의하세요.
BCL,해지요금을 확인하고 싶어요 도와주세요,취소,취소 수수료 확인,"확실히! 해지 수수료를 확인하려면 계정에 로그인하여 ""취소 수수료"" 또는 ""해지 수수료"" 섹션으로 이동하세요. 여기에서 고객님의 계정 해지에 관련된 요금에 대한 자세한 정보를 확인할 수 있습니다."
BILW,그 빌어먹을 인출 수수료를 볼 수 있게 도와주실 수 있나요?,취소,취소 수수료 확인,"물론이죠! 인출 수수료를 확인하려면 계정에 로그인하여 ""수수료 및 요금"" 섹션으로 이동하세요. 출금수수료 관련 안내를 드립니다."
BLMZ,출금 수수료를 확인하고 싶어요,취소,취소 수수료 확인,저는 그것을하고있다! 인출 수수료 확인을 도와드릴 수 있습니다. 추가 지원을 드릴 수 있도록 고객님의 계정 세부정보를 제공해 주시겠습니까?
BELM,출금 페널티에 대해서는 아무것도 찾을 수 없습니다.,취소,취소 수수료 확인,철회 위약금에 대한 정보를 찾는 데 어려움을 겪고 계시다니 안타깝습니다. 우리 고객 지원팀이 기꺼이 도와드리겠습니다. 인출 수수료에 대한 자세한 내용은 해당 기관에 직접 문의하시기 바랍니다. 그들은 고객님께 필요한 모든 세부 정보를 제공하고 고객님이 가질 수 있는 모든 질문에 답변할 수 있습니다.
BLZ,조기 퇴실 요금 확인에 도움,취소,취소 수수료 확인,"물론입니다. 고객님 계정의 조기 종료 수수료를 확인하는 데 도움을 드릴 수 있습니다. 그렇게 하려면 고객님의 계정에 로그인하고 ""결제"" 섹션으로 이동하십시오. 여기에서 적용될 수 있는 조기 종료 수수료에 관한 모든 세부 정보를 확인할 수 있습니다. 문제가 발생하거나 추가 지원이 필요한 경우 언제든지 고객 지원팀에 문의하세요. 고객님이 갖고 있는 모든 질문에 대해 기꺼이 도움을 드릴 것입니다."
BILMQ,조기 해지 수수료를 볼 수 있나요,취소,취소 수수료 확인,과연! 조기 해지 수수료를 검토하는 데 도움을 드릴 수 있습니다. 제가 필요한 정보에 접근할 수 있도록 고객님의 계정 세부정보를 제공해 주십시오.
BEL,해지요금을 보려면 어떻게 해야할지 모르겠습니다,취소,취소 수수료 확인,"문제 없습니다! 해지 수수료를 확인하려면 계정에 로그인하여 ""수수료 및 요금"" 또는 ""취소 정책"" 섹션으로 이동하세요. 여기에서 해지 요금에 관한 세부정보를 확인할 수 있습니다. 해당 항목을 찾을 수 없는 경우 당사 고객 서비스 팀이 기꺼이 추가 지원을 해드릴 것입니다. 전화나 메시지를 보내주세요!"
BILZ,조기해지 수수료는 어떻게 확인하나요?,취소,취소 수수료 확인,"조기 해지 수수료를 확인하려면 당사 웹사이트에서 고객님의 계정에 로그인하십시오. 로그인한 후 ""청구"" 또는 ""계정"" 섹션으로 이동하면 적용 가능한 해지 수수료에 관한 정보를 찾을 수 있습니다. 이 정보를 찾을 수 없는 경우 고객 서비스 팀에 문의하여 추가 지원을 받는 것이 좋습니다."
BLMQ,인출 수수료를 확인하려면 어떻게 해야 하는지 모르겠어요,취소,취소 수수료 확인,문제 없습니다! 인출 수수료 확인을 도와드릴 수 있습니다. 그렇게 하려면 이용 약관 문서를 참조하거나 고객 서비스 팀에 연락하여 자세한 내용을 문의하세요.
BLQ,철회 벌금을 확인하는 데 도움이 필요합니다,취소,취소 수수료 확인,물론입니다! 고객님의 계정에 대한 인출 벌금을 확인하는 데 도움을 드릴 수 있습니다. 추가 지원을 드릴 수 있도록 고객님의 계정 세부정보를 제공해 주시기 바랍니다.
BILMPQZ,조기 해지 비용을 알려드리겠습니다,취소,취소 수수료 확인,물론입니다! 중도해지 수수료에 대해 자세히 안내해 드리겠습니다. 잠시 시간을 내어 정보를 확인해 주시기 바랍니다.
BEL,조기해지 위약금을 어떻게 볼 수 있는지 모르겠습니다.,취소,취소 수수료 확인,걱정 마세요! 조기 해고 벌금에 대한 정보를 찾는 데 도움을 드릴 수 있습니다. 세부 정보를 보려면 계약 계약을 확인하거나 필요한 정보를 제공할 수 있는 고객 지원팀에 문의하세요.
BLQZ,조기 해고 페널티를 보려고 해,취소,취소 수수료 확인,"내가 해낼게! 조기 해고 벌금을 확인하고 싶으시면 당사 웹사이트에서 쉽게 찾으실 수 있습니다. ""이용약관"" 섹션으로 이동하여 조기 해지 수수료에 관한 정보를 찾아보세요. 추가 질문이 있거나 도움이 필요하면 언제든지 고객 서비스 팀에 문의하세요."
BCILM,조기 퇴사 수수료를 확인해야 하는데 도와주실 수 있나요?,취소,취소 수수료 확인,물론이죠! 조기 퇴사 수수료를 알아보는 데 도움을 드릴 수 있습니다. 필요한 정보를 얻으려면 고객님이 언급하고 있는 서비스 또는 구독 이름과 같은 몇 가지 세부정보가 필요합니다. 추가로 도움을 드릴 수 있도록 필요한 정보를 제공해 주세요.
BIQZ,계약 위반에 대한 비용은 무엇입니까,취소,취소 수수료 확인,물론입니다. 해지 수수료에 대한 정보를 제공해 드릴 수 있습니다. 잠시 시간을 내어 확인해 주시기 바랍니다.
BELM,해지위약금을 확인하려면 어떻게 해야할지 모르겠습니다.,취소,취소 수수료 확인,"걱정 마세요! 고객님의 계정에 대한 해지 위약금을 확인하는 방법을 안내해 드릴 수 있습니다. 그렇게 하려면 당사 웹사이트에서 고객님의 계정에 로그인하고 ""청구"" 또는 ""계정 설정"" 섹션으로 이동해야 합니다. 여기에서 해고 위약금 및 관련 수수료에 대한 정보를 확인하실 수 있습니다. 찾는 데 어려움이 있는 경우 언제든지 당사 고객 지원팀에 문의하시면 기꺼이 추가 지원을 해드릴 것입니다."
BCILMZ,취소 수수료를 확인하고 싶은데 어떻게 해야 하나요?,취소,취소 수수료 확인,물론이죠. 제가 도와드릴 수 있습니다. 취소 수수료를 보려면 당사 웹사이트의 이용 약관 섹션에서 확인하실 수 있습니다. 또는 특정 세부 정보를 제공할 수 있는 고객 지원 팀에 문의하실 수도 있습니다.
BELMQZ,해지 비용을 어떻게 청구할 수 있는지 모르겠습니다.,취소,취소 수수료 확인,"문제 없습니다! 제가 도와드릴 수 있습니다. 해지 비용을 확인하려면 [고객 서비스 번호]번으로 당사 고객 서비스 팀에 전화하거나 당사 웹사이트에서 고객님의 계정에 로그인한 후 ""청구"" 또는 ""계정 요약"" 섹션으로 이동하십시오. 여기에서 해지 수수료에 대한 세부정보를 확인할 수 있습니다. 추가 도움이 필요하면 알려주세요!"
BCIL,출금수수료를 확인해야 하는데 도와주실 수 있나요?,취소,취소 수수료 확인,물론이죠! 인출 수수료를 확인하려면 온라인 계정에 로그인하여 계약 세부정보 섹션으로 이동하세요. 여기에서 인출 수수료 및 관련 비용에 대한 구체적인 정보를 확인할 수 있습니다. 온라인에서 세부정보를 찾을 수 없는 경우 추가 지원을 받을 수 있는 고객 서비스 팀에 문의하시기 바랍니다.
BILMQZ,조기 해고 처벌을 확인하는 데 도움을 주실 수 있나요?,취소,취소 수수료 확인,확실히! 조기 해고 처벌을 확인하는 데 도움을 드릴 수 있습니다. 그렇게 하려면 계정에 로그인하고 계약 세부정보 섹션으로 이동하세요. 여기에서 조기 해지 수수료에 관한 모든 정보를 찾을 수 있습니다. 어려움이 있는 경우 언제든지 고객 지원팀에 문의하여 추가 지원을 받으세요.
BILM,인출 수수료가 있나요?,취소,취소 수수료 확인,최선을 다하겠습니다! 인출 수수료는 고객님이 보유한 계정 유형과 특정 이용 약관에 따라 달라질 수 있습니다. 출금 수수료에 대한 정확한 정보를 얻으려면 세부 계정 계약을 확인하거나 고객 지원팀에 문의하는 것이 좋습니다. 그들은 고객님의 계좌와 관련된 인출 수수료에 관한 구체적인 세부 정보를 고객님께 제공할 수 있습니다.
BILMQZ,조기해지 페스 확인하는 곳,취소,취소 수수료 확인,"조기 해지 수수료를 확인하려면 계정에 로그인하여 ""취소 수수료"" 섹션으로 이동하세요. 여기서는 서비스 조기 종료와 관련된 수수료에 관한 모든 정보를 확인할 수 있습니다."
BL,조기 퇴실 페널티를 찾을 수 없습니다.,취소,취소 수수료 확인,불편을 끼쳐드려 죄송합니다. 조기 탈퇴 벌금을 찾는 데 도움이 되도록 계정 정보를 제공해 주시면 제가 대신 찾아드리겠습니다.
BLMQ,인출 수수료를 보려고 해,취소,취소 수수료 확인,"물론이죠! 인출 수수료에 대한 정보를 확인하려면 당사 웹사이트나 모바일 앱의 ""수수료"" 섹션으로 이동하세요. 여기서는 다양한 유형의 계좌 및 거래에 대한 인출 수수료 내역을 확인할 수 있습니다."
BCLM,조기해지 수수료를 봐야 하는데 도와주세요,취소,취소 수수료 확인,물론입니다. 조기 해지 수수료를 확인하는 데 도움을 드릴 수 있습니다. 고객님의 계정 세부정보와 고객님이 문의하고 있는 특정 서비스를 알려주시겠습니까?
BCLZ,해지수수료를 확인하고 싶어요 도와주세요,취소,취소 수수료 확인,"물론입니다! 계정 취소에 따른 해지 수수료를 확인하려면 당사 웹사이트를 방문하여 ""계정"" 섹션으로 이동하세요. 여기에서 적용 가능한 해지 수수료 및 계산 방법에 대한 자세한 정보를 확인할 수 있습니다. 추가 질문이 있는 경우 언제든지 고객 서비스 헬프라인에 문의하여 도움을 받으세요."
BLQZ,조기 종료 여부를 확인해야 해요,취소,취소 수수료 확인,내가 해낼게! 조기 퇴실 벌금을 확인하는 데 도움을 드릴 수 있습니다. 고객님의 계정 세부정보를 알려주시겠습니까?
BILMP,어떤 배송 방법을 제공하는지 확인하도록 도와주실 수 있나요?,배송,배송 방법 확인,"아, 다양한 배송 방법을 찾는 데 도움을 드리게 되어 기쁘게 생각합니다! 고객님을 기다리고 있는 보물을 풀어내는 데 제가 가이드가 되어 드리겠습니다. 1. 표준 배송: 서두르지 않는 경우 완벽한 선택이며 예상 배송 시간은 영업일 기준 [운영시간/기간]입니다. 2. 빠른 배송: 더 빠른 배송을 원하는 분들은 영업일 기준 [운영시간/기간] 이내에 패키지를 받으시기 바랍니다. 3. 익일 배송: 긴급하게 필요하신가요? 익일 배송 옵션은 다음 영업일까지 배송을 보장합니다. 4. 매장 픽업: 현지에서 주문을 픽업하는 편리함을 누리신다면 [주소/지역]에서 매장 픽업 서비스를 제공해 드립니다. 이러한 옵션은 고객님의 특정 요구 사항과 선호 사항을 충족하도록 설계되었습니다. 더 궁금한 점이 있거나 제가 도와드릴 수 있는 부분이 있으면 언제든지 문의해 주세요. 봉사하게 되어 기쁘네요!"
BILM,어떤 배송 방법을 제공하는지 알려줄 수 있나요?,배송,배송 방법 확인,우리가 제공하는 배송 방법의 보물창고를 발견하기 위한 발견의 항해를 시작합시다! 다양한 배송 옵션을 잠금 해제하는 열쇠는 다음과 같습니다. 1. 표준 배송: 이 방법은 비용 효율적이고 시간 효율적인 옵션을 선호하는 사람들에게 이상적입니다. 패키지가 영업일 기준 [운영시간/기간] 이내에 도착할 것으로 예상됩니다. 2. 빠른 배송: 상품을 좀 더 빨리 배송하고 싶으십니까? 당사의 신속 배송 방법은 영업일 기준 [운영시간/기간] 내에 고객님의 문앞까지 패키지를 배송하여 신속하고 효율적인 배송 경험을 보장합니다. 3. 익일 배송: 최고의 속도와 편의성을 위해 익일 배송 옵션은 고객님의 패키지가 다음 영업일까지 목적지에 도착할 것을 보장합니다. 마지막 순간의 놀라움이나 긴급한 요구 사항에 적합합니다. 4. 매장 내 픽업: 보다 개인화된 손길을 원하거나 패키지를 직접 가져가는 편리함을 원하신다면 당사의 매장 내 픽업 서비스를 이용해 보세요. 결제 시 매장 픽업 옵션을 선택하고 편리한 시간에 [주소/지역] 중 한 곳에서 상품을 수령하세요. 정확한 배송 시간은 위치 및 기타 요인에 따라 달라질 수 있습니다. 추가 질문이 있거나 필요에 가장 적합한 배송 방법을 선택하는 데 도움이 필요한 경우 언제든지 문의하세요. 저희는 고객님께 원활하고 만족스러운 배송 경험을 보장하기 위해 왔습니다!
BILS,[주소/지역]로 배송되나요?,배송,배송 방법 확인,"물론입니다! 저희는 [주소/지역]로 배송을 제공합니다. 작은 패키지이든 큰 배송이든 상관없이 저희가 도와드리겠습니다. 당사의 배송 옵션은 편리함과 유연성을 제공하도록 설계되었습니다. 표준 배송, 빠른 배송 중에서 선택하거나 긴급한 요구 사항이 있는 경우 익일 배송을 선택할 수도 있습니다. 저희는 고객님의 물품이 적시에 완벽한 상태로 고객님께 도착할 수 있도록 하고 싶습니다. 특별한 문의 사항이 있거나 제가 도와드릴 수 있는 다른 사항이 있으면 언제든지 알려주시기 바랍니다. [주소/지역]로 배송하는 것은 매우 쉽습니다!"
BLM,어떤 배송 방법을 사용할 수 있는지 확인하는 데 도움이 됩니다.,배송,배송 방법 확인,물론이죠! 고객님의 고유한 요구 사항을 충족하도록 설계된 당사의 탁월한 배송 방법을 통해 여행을 시작해 보세요. 1. 표준 배송: 이것은 일반적으로 [운영시간/기간] 영업일 이내에 도착하는 가장 인기 있는 옵션입니다. 급하지 않은 물건에 딱 맞습니다. 2. 신속 배송: 상품이 좀 더 빨리 필요한 경우 이 옵션을 사용하면 영업일 기준 [운영시간/기간] 이내에 배송이 보장됩니다. 3. 익일 배송: 긴급한 요구가 있는 경우 익일 배송을 제공하여 다음 영업일 배송을 보장합니다. 4. 매장 내 픽업: [주소/지역] 중 한 곳에서 편리하게 상품을 픽업하고 싶다면 이 옵션을 통해 직접 상품을 픽업할 수 있습니다. 이러한 옵션은 위치 및 기타 요인에 따라 달라질 수 있으므로 결제 과정에서 사용할 수 있는 특정 배송 옵션을 확인하세요. 더 궁금한 점이 있거나 제가 도와드릴 수 있는 부분이 있으면 언제든지 문의해 주세요. 저희는 고객님의 쇼핑 경험을 최대한 원활하게 만들기 위해 왔습니다!
BILMW,어떤 배송 옵션을 사용할 수 있는지 어디서 확인할 수 있나요?,배송,배송 방법 확인,"아, 배송 옵션의 비밀을 밝히기 위한 탐구입니다! 두려워하지 마십시오. 깨달음에 이르는 길은 단 몇 번의 클릭만으로 가능합니다. 다양한 배송 옵션을 확인하려면 당사 웹사이트 홈페이지를 방문하세요. 여기에서 고객님이 찾고 있는 모든 정보를 제공하는 ""배송 옵션"" 또는 ""배송 방법""이라고 표시된 전용 섹션을 찾을 수 있습니다. 제시된 옵션을 자유롭게 탐색하고 맛보십시오. 탐험 중에 어려움을 겪거나 추가 지원이 필요한 경우, 제가 여기에서 모든 단계를 안내해 드릴 것임을 기억하세요. 즐거운 탐험이 되세요!"
BL,배송 방법을 확인하는 데 도움이 됩니다.,배송,배송 방법 확인,기꺼이! 우리가 가지고 있는 다양한 배송 방법을 탐구하기 위한 탐험을 시작합시다...
BLM,어떤 배송 방법을 선택할 수 있는지 알고 싶습니다.,배송,배송 방법 확인,확실히! 고객님이 원하는 대로 다양한 배송 방법을 탐색할 수 있는 여행을 시작해 보세요. 고려해야 할 몇 가지 환상적인 옵션은 다음과 같습니다. 1. 표준 배송: 영업일 기준 [운영시간/기간] 이내에 패키지가 문앞에 도착할 때 기대감을 품으세요. 기다림의 즐거움을 만끽하는 이들에게 인기 있는 선택이다. 2. 빠른 배송: 상품이 좀 더 빨리 필요하십니까? 빠른 배송을 선택하시면 [운영시간/기간] 영업일 내에 배송될 것으로 예상됩니다. 이 옵션은 더 빠른 처리 시간을 제공합니다. 3. 익일 배송: 즉각적인 만족을 원하는 분들은 익일 배송을 위해 익일 배송을 선택하세요. 고객님의 상품이 곧 고객님의 문 앞에 도착할 것입니다. 4. 매장 내 픽업: 최고의 편리함을 원하고 보다 개인적인 경험을 선호한다면 [주소/지역]가 매장 내 픽업을 제공합니다. 번거로움 없이 빠르고 효율적으로 상품을 받아보세요. 각 옵션은 다양한 요구와 선호 사항을 충족하도록 설계되었습니다. 이제 다음 배송을 계획하실 때 특별히 찾고 계시거나 제가 도움을 드릴 수 있는 다른 질문이 있습니까?
BLM,어떤 배송 방법이 있는지 알아보려고 전화했어요,배송,배송 방법 확인,"이용 가능한 배송 방법에 대해 문의해 주셔서 감사합니다. 고객님께 필요한 정보를 제공하게 되어 기쁘게 생각합니다. 우리가 제공하는 다양한 배송 옵션은 다음과 같습니다. 1. 표준 배송: 이 옵션은 일반적으로 배송에 [운영시간/기간] 영업일이 소요되며 긴급하지 않은 품목에 적합합니다. 2. 빠른 배송: 상품이 좀 더 빨리 필요한 경우, 빠른 배송 옵션을 이용하면 영업일 기준 [운영시간/기간] 이내에 배송됩니다. 3. 익일 배송: 긴급한 요구가 있는 경우 익일 배송을 제공하여 고객님의 상품이 다음 영업일에 도착하도록 보장합니다. 4. 매장 내 픽업: 보다 직접적인 접근 방식을 선호하는 경우 언제든지 매장 내 픽업 옵션을 선택할 수 있습니다. [주소/지역] 중 한 곳을 방문하여 직접 아이템을 수집해 보세요. 배송 시간은 고객님의 위치 및 기타 요인에 따라 달라질 수 있음을 명심하십시오. 구체적인 질문이 있거나 추가 지원이 필요한 경우 언제든지 문의해 주세요. 저희는 고객님이 원활하고 즐거운 배송 경험을 가질 수 있도록 여기 있습니다!"
BLS,[주소/지역]로 배송,배송,배송 방법 확인,"물론이죠! [주소/지역]에 사용할 수 있는 배송 옵션을 살펴보겠습니다. 저희는 다음과 같은 배송 옵션을 제공합니다: 1. 표준 배송: 이 옵션은 일반적으로 [주소/지역]로 배송되는 데 [운영시간/기간] 영업일이 소요됩니다. 급하지 않은 물건에 딱 맞습니다. 2. 빠른 배송: 고객님의 상품이 조금 더 빨리 필요한 경우, 당사의 빠른 배송 옵션을 이용하면 영업일 기준 [운영시간/기간] 이내에 배송이 보장됩니다. 3. 익일 배송: 긴급한 요구 사항이 있는 경우 익일 배송을 제공하여 익일 배송을 보장합니다. 4. 매장 내 픽업: 보다 개인적인 접촉을 선호하는 경우 [주소/지역]에 있는 현지 매장 중 한 곳에서 매장 내 픽업을 선택할 수 있습니다. 이러한 옵션을 통해 고객님의 필요에 가장 적합한 배송 방법을 유연하게 선택할 수 있습니다. 추가 질문이 있거나 제가 도와드릴 수 있는 사항이 있으면 언제든지 문의해 주세요. 저희는 고객님의 배송 경험을 최대한 원활하게 만들기 위해 왔습니다!"
BL,사용 가능한 배송 옵션을 확인하세요,배송,배송 방법 확인,긍정적으로! 당사가 제공하는 다양한 배송 옵션을 탐색하는 데 도움을 드리겠습니다. 1. 표준 배송: 이 옵션은 일반적으로 영업일 기준 [운영시간/기간] 이내에 도착하며 긴급하지 않은 품목에 이상적입니다. 2. 빠른 배송: 상품이 조금 더 빨리 필요한 경우 이 옵션을 사용하면 영업일 기준 [운영시간/기간] 이내에 배송이 보장됩니다. 3. 익일 배송: 긴급한 요구가 있는 경우 익일 배송 옵션을 통해 다음 영업일 배송을 보장합니다. 4. 매장 내 픽업: 보다 직접적인 접근 방식을 선호하는 경우 [주소/지역] 중 하나에서 제품을 픽업하도록 선택할 수 있습니다. 이러한 옵션은 위치 및 기타 요인에 따라 달라질 수 있습니다. 특별한 문의 사항이 있거나 제가 도와드릴 수 있는 다른 사항이 있으면 언제든지 알려주시기 바랍니다. 내 목표는 절차 전반에 걸쳐 고객 만족을 보장하는 것입니다!
BL,배송 방법을 볼 수 있도록 도와주세요,배송,배송 방법 확인,물론입니다! 이용 가능한 배송 옵션을 알아보는 데 도움을 드리고자 왔습니다. 편리한 배송 방법의 세계를 살펴보겠습니다. 1. 표준 배송: 이 옵션은 일반적으로 영업일 기준 [운영시간/기간] 이내에 도착합니다. 시간적 여유가 있을 때 급하지 않은 물건을 보관하는 데 적합합니다. 2. 빠른 배송: 급하신 경우 빠른 배송 옵션을 이용하시면 영업일 기준 [운영시간/기간] 이내에 상품을 받으실 수 있습니다. 구매를 즐기기 위해 너무 오래 기다릴 필요가 없습니다! 3. 익일 배송: 최대한 빨리 상품이 필요하신가요? 익일 배송 옵션은 다음 영업일까지 배송을 보장합니다. 고객님은 곧 고객님의 제품을 갖게 될 것입니다! 4. 매장 내 픽업: 최상의 편의를 위해 언제든지 매장 내 픽업을 선택할 수 있습니다. [주소/지역] 중 하나 근처에 계시다면 배송 지연 없이 직접 상품을 가져가실 수 있습니다. 이러한 옵션은 위치 및 기타 요인에 따라 약간 다를 수 있습니다. 구체적인 문의 사항이나 문의사항이 있으면 언제든지 알려주시기 바랍니다. 완벽한 배송 방법을 찾을 수 있도록 돕는 것이 나의 최우선 과제입니다!
BL,배송 방법에 대한 정보를 알려주세요,배송,배송 방법 확인,"아, 배송 방법의 경이로움! 다양한 배송 옵션을 통해 여행을 준비하세요. 1. 표준 배송: 고객님의 문앞에 도착하는 데 일반적으로 [운영시간/기간] 영업일이 소요되는 신뢰할 수 있는 선택입니다. 급하지 않은 물건에 딱 맞습니다. 2. 신속한 배송: 상품이 더 빨리 필요하십니까? 영업일 기준 [운영시간/기간] 이내에 배송되는 빠른 배송을 선택하세요. 3. 익일 배송: 가장 긴급한 요구 사항이 있는 경우 익일 배송을 제공하여 익일 배송을 보장합니다. 4. 매장 픽업: 편의성과 속도가 최우선이라면 [주소/지역] 중 한 곳에서 매장 픽업을 선택하세요. 이러한 옵션은 고객님의 다양한 요구 사항을 충족하도록 맞춤화되었습니다. 일부 요인이 정확한 배송 시간에 영향을 미칠 수 있다는 점을 기억하세요. 특별한 문의 사항이 있거나 추가 지원이 필요한 경우 언제든지 문의하세요. 함께 고객님의 배송 경험을 특별하게 만들어 봅시다!"
BLP,배송 옵션에 대해 더 알고 싶습니다.,배송,배송 방법 확인,배송 옵션에 대해 궁금해해주셔서 정말 기쁩니다! 발견의 여정을 시작하고 우리가 제공하는 선택의 보물 창고에 뛰어들어 봅시다: 1. 표준 배송: 이 안정적이고 저렴한 옵션은 일반적으로 [운영시간/기간] 영업일이 소요됩니다. 2. 빠른 배송: 상품을 좀 더 빨리 배송하고 싶으십니까? 영업일 기준 [운영시간/기간] 이내에 배송되는 빠른 배송을 선택하세요. 3. 익일 배송: 긴급한 요구가 있는 경우 익일 배송을 통해 익일 배송이 보장됩니다. 4. 매장 내 픽업: 직접 상품을 직접 픽업하는 편리함을 원하시면 [주소/지역] 서비스를 이용하세요. 각 옵션은 다양한 요구 사항에 맞게 맞춤화되어 있으므로 고객님의 선호도에 가장 적합한 옵션을 선택할 수 있습니다. 추가 질문이 있거나 추가 지원이 필요한 경우 주저하지 말고 문의하세요. 고객 만족이 저희의 최우선 사항입니다!
BIS,[주소/지역]에서 주문할 수 있나요?,배송,배송 방법 확인,확실히! 저희는 [주소/지역] 고객에게 서비스를 제공하고 고객의 주문이 문앞까지 편리하게 배송되도록 보장하게 된 것을 기쁘게 생각합니다. 당사의 배송 옵션은 다양한 기간을 선택하여 고객님의 요구에 맞춰 설계되었습니다. 그러니 안심하고 주문하세요. 저희가 도와드리겠습니다. 구체적인 질문이 있거나 제가 도와드릴 수 있는 다른 사항이 있으면 언제든지 알려주시기 바랍니다.
BLMQ,내가 제공하는 배송 옵션이 무엇인지 확인해야 해요,배송,배송 방법 확인,확실히! 저는 고객님이 이용할 수 있는 다양한 배송 옵션을 탐색하는 데 도움을 드리고자 왔습니다. 고객님을 기다리고 있는 배송 선택 영역을 자세히 살펴보겠습니다. 1. 표준 배송: 이 옵션은 일반적으로 영업일 기준 5~7일 이내에 도착하므로 긴급하지 않은 품목에 이상적입니다. 2. 빠른 배송: 상품이 더 빨리 필요한 경우 빠른 배송을 통해 영업일 기준 2~3일 이내에 배송이 보장됩니다. 3. 익일 배송: 긴급한 요구 사항의 경우 익일 배송 옵션을 통해 다음 영업일 배송이 보장됩니다. 4. 매장 내 픽업: 고객님이 직접 상품을 직접 픽업하는 편리함을 선호하신다면 당사 매장 위치가 고객님의 요구를 충족시켜 드릴 준비가 되어 있습니다. 잠시 시간을 내어 고객님의 선호도에 가장 부합하는 것이 무엇인지 생각해 보십시오. 물론 추가 질문이 있거나 추가 정보가 필요한 경우 완벽한 배송 경험을 만들 수 있도록 도와드리겠습니다.
BLMQ,어떤 배송 옵션이 있는지 확인하는 데 도움이 필요합니다.,배송,배송 방법 확인,확실히! 다양한 배송 옵션을 안내해 드리겠습니다. 가능성을 함께 살펴보겠습니다. 1. 표준 배송: 이 옵션은 긴급한 배송이 필요하지 않은 분들에게 적합합니다. 고객님의 문앞에 도착하는 데 일반적으로 [운영시간/기간] 영업일이 소요됩니다. 2. 빠른 배송: 조금 더 빠른 배송을 원하신다면 이 옵션을 선택하시면 영업일 기준 [운영시간/기간] 이내에 상품을 받으실 수 있습니다. 3. 익일 배송: 시간에 민감한 주문의 경우 익일 배송을 통해 익일 배송이 보장되므로 상품을 즉시 받으실 수 있습니다. 4. 매장 픽업: 편의성이 최우선이거나 배송을 아예 건너뛰고 싶다면 [주소/지역] 중 한 곳에서 매장 픽업을 선택할 수 있습니다. 편한 시간에 들러서 물건을 수집하세요. 궁금한 점이 있거나 추가 지원이 필요한 경우 언제든지 알려주시기 바랍니다. 고객 만족이 저희의 최우선 사항입니다!
BILP,배송 방법에 대한 정보를 알려주실 수 있나요?,배송,배송 방법 확인,"물론입니다! 원활하고 즐거운 경험을 보장하기 위해 놀라운 배송 방법 영역을 안내해 드리겠습니다. 1. 표준 배송: 이 옵션은 일반적으로 도착하는 데 [운영시간/기간] 영업일이 소요되며 긴급하지 않은 품목에 적합합니다. 안정적이고 비용 효율적인 배송을 제공합니다. 2. 빠른 배송: 상품이 좀 더 빨리 필요하다면 빠른 배송을 이용해 보세요. [운영시간/기간] 영업일 내에 도착하므로 시간이 중요할 때 탁월한 선택이 됩니다. 3. 익일 배송: 긴급한 요구 사항이 있는 경우 익일 배송을 통해 다음 영업일 배송을 보장합니다. 가능한 한 빨리 물건이 필요할 때 적합합니다. 4. 매장 내 픽업: 직접 상품을 직접 수령하고 싶거나 [주소/지역] 중 한 곳에서 주문 상품을 편리하게 픽업하려는 경우 매장 내 픽업 옵션을 사용할 수 있습니다. 정확한 배송 시간은 위치 및 기타 요인에 따라 달라질 수 있다는 점을 참고하시기 바랍니다. 특별한 문의 사항이나 질문이 있는 경우, 주저하지 말고 문의해 주세요. 저희는 모든 단계에서 고객 만족을 보장하기 위해 여기에 있습니다!"
BCLM,어떤 배송 옵션이 있는지 확인해야 하는데 도움이 필요합니다,배송,배송 방법 확인,"내가 해낼게! 가능한 배송 옵션을 찾는 데 도움을 드리게 되어 기쁘게 생각합니다. 고객님의 상품을 고객님께 배송할 수 있는 다양한 방법을 살펴보겠습니다. 1. 표준 배송: 이는 당사의 기본 배송 방법으로, 일반적으로 도착하는 데 [운영시간/기간] 영업일이 소요됩니다. 2. 빠른 배송: 조금 급하신 경우, [운영시간/기간] 영업일 이내에 배송을 보장하는 빠른 배송을 선택하실 수 있습니다. 3. 익일 배송: 가장 긴급한 요구 사항의 경우 익일 배송을 제공하여 패키지가 다음 영업일에 도착하도록 보장합니다. 4. 매장 픽업: 직접 상품을 수령하고 매장의 편리함을 누리고 싶으시다면 매장 픽업 옵션을 선택하실 수 있습니다. 다음은 사용 가능한 기본 배송 옵션이지만, 정확한 배송 시간은 위치 및 기타 요인에 따라 달라질 수 있다는 점을 염두에 두시기 바랍니다. 배송 옵션에 대해 추가 지원이 필요하거나 다른 질문이 있는 경우 언제든지 알려주시기 바랍니다. 저는 도와주러 왔습니다!"
BL,배송 옵션을 확인하는 데 도움을 주세요,배송,배송 방법 확인,"물론입니다! 저는 다양한 배송 옵션을 탐색하는 데 도움을 드리고자 왔습니다. 고객님의 요구 사항에 가장 적합한 것을 찾는 것이 중요합니다. 가능성을 살펴보겠습니다. 1. 표준 배송: 이 방법은 바쁘지 않고 비용 효율적인 배송을 선호하는 경우에 적합하며 예상 배송 시간은 영업일 기준 [운영시간/기간]입니다. 2. 신속한 배송: 패키지를 좀 더 빨리 배송하고 싶으십니까? 당사의 신속한 배송 옵션은 영업일 기준 [운영시간/기간] 이내에 배송을 보장하여 신속하고 안정적인 서비스를 제공합니다. 3. 익일 배송: 시간이 중요한 배송의 경우 익일 배송 옵션은 다음 영업일까지 배송을 보장하여 탁월한 속도와 편리함을 제공합니다. 4. 매장 내 픽업: 직접 접근 방식을 선호하고 가능한 한 빨리 상품을 수령할 수 있도록 준비하려는 경우 매장 내 픽업을 통해 [주소/지역] 중 한 곳에서 주문을 검색할 수 있습니다. 각 옵션에는 고유한 기능과 이점이 있어 특정 요구 사항을 충족하는 동시에 마음의 평화를 보장합니다. 추가 문의사항이 있거나 추가 지원이 필요하시면 언제든지 알려주세요. 함께, 저희는 고객님을 위한 최선의 선택을 할 것입니다!"
BLMQ,내가 선택할 수 있는 배송 방법을 확인하는 데 도움을 주세요,배송,배송 방법 확인,"물론이죠! 고객님이 선택할 수 있는 배송 방법을 살펴보겠습니다. 1. 표준 배송: 이는 당사의 일반 배송 옵션으로, 일반적으로 영업일 기준 [운영시간/기간] 이내에 도착합니다. 급하지 않은 물건에 딱 맞습니다. 2. 특급 배송: 더 빠른 옵션을 찾고 계시다면 특급 배송을 통해 영업일 기준 [운영시간/기간] 내에 배송이 보장됩니다. 3. 익일 배송: 긴급한 요구 사항이 있는 경우, 고객님의 상품을 가능한 한 빨리 받으실 수 있도록 익일 배송을 제공합니다. 4. 매장 픽업: 보다 편리한 옵션을 원하시면 현지 매장 중 한 곳에서 주문 상품을 픽업하실 수 있습니다. 정확한 배송 시간은 위치 및 기타 요인에 따라 달라질 수 있습니다. 구체적인 질문이 있거나 제가 도와드릴 수 있는 다른 사항이 있으면 언제든지 알려주시기 바랍니다. 저는 고객님의 배송 경험이 최대한 원활하게 이루어질 수 있도록 돕기 위해 왔습니다!"
BISZ,[주소/지역]로 배송해주나요?,배송,배송 방법 확인,저는 그것을하고있다! [주소/지역]는 우리가 배달하는 많은 멋진 도시 중 하나입니다. 당사의 배송 서비스는 [주소/지역]까지 확장되어 원하는 제품을 편리하게 받으실 수 있습니다. 특별한 문의 사항이 있거나 제가 도와드릴 수 있는 다른 사항이 있으면 언제든지 알려주시기 바랍니다. 저는 고객님께 원활하고 만족스러운 경험을 보장하기 위해 왔습니다.
BIQSZ,[주소/지역]에서 주문할 수 있나요?,배송,배송 방법 확인,물론이죠! 저희는 [주소/지역]로부터의 주문도 기꺼이 받아들입니다. 당사의 배송 옵션은 [주소/지역]를 포함한 다양한 위치로 확장됩니다. 그래서 고객님은 확실히 거기에서 주문할 수 있습니다. 주문 과정과 관련하여 특별한 우려 사항이나 질문이 있거나 다른 도움이 필요한 경우 언제든지 알려주시기 바랍니다. 저는 고객님의 경험을 원활하고 즐겁게 만들기 위해 왔습니다.
BIL,배송 방법에 대해 더 자세히 알려주실 수 있나요?,배송,배송 방법 확인,확실히! 우리 배송 방법의 유쾌한 영역에 대해 더 자세히 설명하겠습니다. 1. 표준 배송: 이 옵션은 일반적으로 [운영시간/기간] 영업일이 소요되며 긴급하지 않은 품목에 적합합니다. 2. 빠른 배송: 더 빠른 배송을 원하신다면 이 옵션을 선택하시면 영업일 기준 [운영시간/기간] 이내에 상품을 받으실 수 있습니다. 3. 익일 배송: 긴급한 요구 사항이 있는 경우 이 옵션을 사용하면 익일 배송이 보장됩니다. 4. 매장 내 픽업: 좀 더 직접 체험을 원하신다면 [주소/지역] 중 한 곳에서 편리하게 상품을 가져가실 수 있습니다. 각 방법은 다양한 요구 사항에 맞게 맞춤화되어 소중한 고객에게 유연성과 편의성을 보장합니다. 구체적인 질문이 있거나 제가 도와드릴 수 있는 다른 사항이 있으면 언제든지 문의해 주세요. 저는 고객님께 필요한 지침을 제공하기 위해 여기에 있습니다.
BLM,어떤 배송 옵션을 사용할 수 있는지 알려주세요,배송,배송 방법 확인,"확실히! 다양하고 흥미로운 배송 옵션을 안내해 드리겠습니다. 선택할 수 있는 몇 가지 옵션은 다음과 같습니다. 1. 표준 배송: 이 옵션은 고객님의 패키지가 영업일 기준 [운영시간/기간]의 예상 기간 내에 도착하도록 보장합니다. 약간의 기대를 좋아하고 배송비를 절약하고 싶은 사람들에게 적합합니다. 2. 빠른 배송: 더 빠른 배송을 원하는 경우, 당사의 빠른 배송 옵션을 이용하면 고객님의 패키지가 영업일 기준 [운영시간/기간] 이내에 목적지에 도착할 수 있습니다. 시간에 민감한 품목이나 막바지 선물에 적합합니다. 3. 익일 배송: 매우 빠른 배송이 필요하십니까? 당사의 익일 배송 옵션은 바로 다음 영업일에 고객님의 패키지를 배송해 드립니다. 기다릴 수 없는 긴급한 품목을 위한 탁월한 선택입니다. 4. 국제 배송: 저희는 글로벌 고객을 위해 전 세계 여러 국가로 국제 배송 서비스를 제공합니다. 고객님의 패키지가 해외 목적지까지 안전하게 도착할 수 있도록 도와드리겠습니다. 배송 옵션에 대해 특별한 우려 사항이나 질문이 있는 경우 언제든지 문의해 주세요. 저희는 고객님의 배송 경험이 원활하고 원활한지 확인하기 위해 왔습니다!"
BSZ,[주소/지역]로 배달,배송,배송 방법 확인,"아, [주소/지역] 배송 옵션에 대해 궁금해하시는 것으로 알고 있습니다. 고객님의 편의를 위해 당사가 제공하는 배송 방법에 대한 통찰력을 제공해 드리겠습니다. 1. [주소/지역]로의 표준 배송: 이 방법은 일반적으로 배송에 영업일 기준 약 7-10일이 소요됩니다. 긴급하지 않은 품목에 이상적입니다. 2. [주소/지역]로 특급 배송: 더 빠른 배송이 필요한 경우 특급 배송을 선택하세요. 보통 영업일 기준 3~5일 정도 소요됩니다. 3. [주소/지역]로 빠른 배송: 긴급 배송의 경우 빠른 배송을 통해 영업일 기준 2~3일의 더 빠른 배송 시간을 보장합니다. 4. [주소/지역]로 우선 배송: 시간이 중요한 경우, 우선 배송은 영업일 기준 1~2일 이내에 신속한 배송을 보장합니다. 정확한 배송 시간은 배송지 및 예상치 못한 상황 등의 요인에 따라 달라질 수 있습니다. 특정 질문이 있거나 추가 지원이 필요한 경우 언제든지 알려주시기 바랍니다. 저는 고객님께 원활하고 만족스러운 배송 경험을 보장하기 위해 왔습니다."
BIL,배송 옵션을 어떻게 확인하나요?,배송,배송 방법 확인,"물론이죠! 다양한 배송 옵션을 쉽게 탐색할 수 있는 방법을 알려드리겠습니다. 사용 가능한 배송 옵션을 보려면 당사 웹사이트의 배송 페이지를 방문하세요. 거기에서 고객님는 정보에 입각한 결정을 내리는 데 필요한 모든 관련 세부 정보와 함께 당사의 배송 방법에 대한 포괄적인 목록을 찾을 수 있습니다. 저희는 사용자 친화적으로 페이지를 디자인하여 고객님의 특정 요구에 맞는 다양한 배송 옵션을 쉽게 탐색할 수 있도록 했습니다. 추가 지원이 필요하거나 문의 사항이 있는 경우, 저는 고객님께 필요한 모든 지원을 제공하기 위해 여기 있습니다. 완벽한 배송 옵션을 찾기 위한 여정을 시작해보세요!"
BLMQ,내가 가지고 있는 배송 방법을 확인하는 데 도움이 필요합니다.,배송,배송 방법 확인,확실히! 저는 고객님이 이용할 수 있는 다양한 배송 방법을 알아보는 데 도움을 드리고자 왔습니다. 함께 가능성을 탐구해 봅시다! 1. 표준 배송: 이 신뢰할 수 있는 옵션은 패키지가 문앞에 도착하는 데 영업일 기준 [운영시간/기간] 정도 소요됩니다. 시간적 여유가 좀 더 있을 때 긴급하지 않은 물건을 보관하는 데 적합합니다. 2. 빠른 배송: 일정이 촉박한 경우 당사의 빠른 배송 옵션을 이용하면 영업일 기준 [운영시간/기간] 이내에 패키지가 도착할 수 있습니다. 더 빠른 배송을 원할 때 탁월한 선택입니다. 3. 익일 배송: 시간이 중요한 경우에는 익일 배송 옵션을 통해 다음 영업일 배송을 보장하므로 최대한 빨리 패키지를 받으실 수 있습니다. 4. 매장 내 픽업: 직접 상품을 직접 수령하는 편리함을 선호하는 경우 매장 내 픽업 옵션을 사용하면 가까운 [주소/지역] 매장을 선택하고 편리한 시간에 패키지를 수령할 수 있습니다. 이러한 배송 방법은 위치 및 기타 요인에 따라 달라질 수 있습니다. 특정 요구 사항이 있거나 제가 도와드릴 수 있는 다른 사항이 있으면 언제든지 알려주시기 바랍니다.
BILMP,어떤 배송 방법이 있는지 알려주실 수 있나요?,배송,배송 방법 확인,확실히! 이용 가능한 배송 방법을 안내해 드리게 되어 기쁘게 생각합니다. 저희 회사에서는 다양한 요구 사항을 충족하기 위해 다양한 배송 옵션을 제공합니다. 자세히 살펴보겠습니다. 1. 표준 배송: 이것이 가장 일반적인 방법이며 일반적으로 영업일 기준 [운영시간/기간] 이내에 도착합니다. 서두르지 않을 때 긴급하지 않은 품목에 이상적입니다. 2. 빠른 배송: 상품이 좀 더 빨리 필요하다면 빠른 배송 옵션이 적합합니다. 영업일 기준 [운영시간/기간] 배송을 보장하여 더 빠른 도착을 보장합니다. 3. 익일 배송: 긴급한 요구 사항이나 막바지에 예상치 못한 일이 발생하는 경우 익일 배송을 제공합니다. 이 옵션을 선택하면 다음 영업일에 패키지가 도착합니다. 4. 매장 내 픽업: 고객님이 직접 상품을 가져가기를 원하는 경우 매장 내 픽업 옵션도 제공합니다. [주소/지역] 중 하나 근처에 있는 경우 이 옵션을 선택할 수 있습니다. 정확한 배송 시간은 고객님의 위치 및 기타 요인에 따라 달라질 수 있다는 점을 유의하시기 바랍니다. 특별한 문의 사항이 있거나 제가 도와드릴 수 있는 다른 사항이 있으면 언제든지 알려주시기 바랍니다. 저희는 고객 만족과 원활한 배송 경험을 보장하기 위해 왔습니다!
BL,배송 옵션에 대해 알고 싶습니다.,배송,배송 방법 확인,"내가 해낼게! 배송에 사용할 수 있는 옵션을 살펴보겠습니다. 저희는 고객님의 필요와 선호도에 맞는 다양한 배송 방법을 제공합니다. 1. 표준 배송: 이는 가장 비용 효율적인 옵션이며 일반적으로 영업일 기준 [운영시간/기간] 이내에 도착합니다. 급하지 않은 물건에 딱 맞습니다. 2. 빠른 배송: 상품이 더 빨리 필요한 경우 빠른 배송 옵션을 선택할 수 있습니다. 이를 통해 영업일 기준 [운영시간/기간] 이내에 배송이 보장되어 운송 시간이 더 빨라집니다. 3. 익일 배송: 시간에 민감한 상황을 위해 익일 배송을 제공합니다. 이 옵션을 선택하면 상품이 다음 영업일에 배송됩니다. 4. 매장 픽업: 상품을 개인적으로 수령하고 싶다면 편리한 매장 픽업 옵션을 이용하세요. 결제 시 이 옵션을 선택하면 선택한 [주소/지역]에서 상품을 수령할 수 있습니다. 정확한 배송 시간은 위치, 상품 재고 여부 등의 요인에 따라 달라질 수 있다는 점을 참고하세요. 특별한 문의 사항이 있거나 추가 지원이 필요한 경우 언제든지 문의해 주세요. 저희는 고객 만족을 보장하고 배송 경험을 최대한 원활하게 만들기 위해 왔습니다!"
BLM,선택할 수 있는 배송 방법을 확인해야 합니다.,배송,배송 방법 확인,최선을 다하겠습니다! 고객님이 이용할 수 있는 배송 방법을 결정하는 데 도움이 필요하다는 점을 이해합니다. 자세한 내용을 알려 드리겠습니다. 1. 표준 배송: 일반적으로 영업일 기준 [운영시간/기간] 이내에 도착합니다. 긴급하지 않은 품목에 대한 신뢰할 수 있는 선택입니다. 2. 신속 배송: 이 옵션은 더 빠르고 [운영시간/기간] 영업일 내에 상품을 배송합니다. 3. 익일 배송: 긴급하게 필요한 경우 이 옵션을 사용하면 다음 영업일 배송이 보장됩니다. 4. 매장 내 픽업: 상품을 직접 픽업하고 싶은 경우에 적합합니다. [주소/지역]에서 편리하게 수령하실 수 있습니다. 이는 다양한 요구 사항을 충족하도록 맞춤화된 기본 배송 방법입니다. 이러한 옵션과 관련하여 구체적인 우려 사항이나 질문이 있는 경우 언제든지 문의하시기 바랍니다. 저는 도와주러 왔습니다!
BCIP,배송 옵션을 확인하고 싶은데 어떻게 해야 하나요?,배송,배송 방법 확인,"확실히! 배송 옵션을 확인하려면 당사 웹사이트를 방문하여 다음의 간단한 단계를 따르기만 하면 됩니다. 1. 홈페이지에 접속하여 관심상품의 상품페이지로 이동합니다. 2. 제품 페이지에서 사용 가능한 배송 옵션에 대한 정보를 확인할 수 있습니다. ""배송 옵션"" 또는 ""배송 정보"" 섹션을 찾으세요. 3. 해당 섹션을 클릭하여 확장하고 당사가 제공하는 다양한 배송 옵션을 확인하세요. 4. 각 옵션에 대한 예상 배송 기간, 배송 비용, 특정 조건이나 제한 사항 등의 세부 정보가 표시됩니다. 5. 고객님의 필요에 가장 적합한 옵션을 선택하고 구매를 진행하세요. 특정 질문이 있거나 추가 지원이 필요한 경우 당사 고객 지원팀이 항상 도움을 드릴 것입니다. 전화나 라이브 채팅을 통해 언제든지 연락하세요. 저희는 고객님이 원활하고 만족스러운 쇼핑 경험을 누릴 수 있도록 돕고 싶습니다!"
BL,배송 옵션,배송,배송 방법 확인,"최선을 다하겠습니다! 다양한 배송 옵션에 대한 통찰력을 제공하게 되어 기쁘게 생각합니다. 고객 만족과 편의가 저희의 최우선 순위입니다. 우리가 제공하는 배송 방법은 다음과 같습니다. 1. 표준 배송: 이 옵션은 일반적으로 영업일 기준 3~5일 이내에 도착합니다. 시간적 여유가 있을 때 긴급하지 않은 물건을 보관하는 데 적합합니다. 2. 빠른 배송: 시간에 민감한 품목이 있는 경우 빠른 배송을 통해 영업일 기준 1~3일 이내에 해당 품목을 배송해 드립니다. 아이템이 좀 더 빨리 필요할 때 탁월한 선택이 됩니다. 3. 익일 배송: 물품이 긴급하게 필요하십니까? 익일 배송 옵션은 다음 영업일까지 배송을 보장합니다. 시간이 중요한 마지막 순간의 시나리오에 이상적입니다. 4. 매장 픽업: 현지 고객을 위해 매장 픽업의 편의도 제공합니다. 간단히 온라인으로 주문하시면, 편리한 시간에 당사 매장 중 한 곳에서 상품을 수령하실 수 있습니다. 이는 고객님의 다양한 요구 사항을 충족하도록 당사가 제공하는 주요 배송 옵션입니다. 특정 질문이 있거나 추가 지원이 필요한 경우 언제든지 알려주시기 바랍니다. 저는 고객님의 배송 경험이 원활하고 번거롭지 않도록 하기 위해 왔습니다."
BL,배송 방법에 대한 정보 찾기,배송,배송 방법 확인,"아, 지식의 탐험가! 저희 배송 방법의 비밀을 풀어나가는 길잡이가 되어 드리겠습니다. 고객님이 찾는 정보는 다음과 같습니다. 1. 표준 배송: 이 신뢰할 수 있는 옵션은 영업일 기준 [운영시간/기간] 이내에 상품을 배송하므로 기대를 즐기는 사람들에게 적합합니다. 2. 빠른 배송: 더 빠른 도착을 원하는 분들을 위해 이 빠른 옵션을 이용하시면 영업일 기준 [운영시간/기간] 이내에 상품을 받으실 수 있습니다. 3. 익일 배송: 매우 빠른 배송이 필요하십니까? 익일 배송을 선택하면 다음 영업일까지 상품을 문앞까지 배송받을 수 있습니다. 4. 매장 내 픽업: 현지인의 손길을 원하시면 [주소/지역]를 방문하여 직접 상품을 수집하세요. 저희의 옵션을 이해함으로써 고객님는 정보에 입각한 결정을 내릴 수 있습니다. 더 궁금한 점이 있거나 도움이 필요하시면 언제든지 문의해 주세요. 저희는 고객님의 배송 경험이 원활하게 진행되도록 하기 위해 왔습니다!"
BLM,어떤 배송 방법이 있는지 확인해야 합니다.,배송,배송 방법 확인,내가 해낼게! 저는 고객님이 원하는 대로 다양한 배송 방법을 탐색할 수 있도록 돕기 위해 왔습니다. 존경받는 고객으로서 고객님는 고객님의 선호도와 요구 사항에 맞게 설계된 다양한 옵션을 이용할 수 있습니다. 1. 표준 배송: 이것은 일반적으로 [운영시간/기간] 영업일 이내에 도착하는 가장 인기 있는 옵션입니다. 급하지 않은 물건에 딱 맞습니다. 2. 빠른 배송: 상품이 더 빨리 필요한 경우 빠른 배송을 제공하므로 [운영시간/기간] 영업일 내에 배송을 기대할 수 있습니다. 3. 익일 배송: 긴급한 요구가 있을 경우 익일 배송 서비스를 제공하므로 고객님의 상품이 다음 영업일까지 도착할 수 있습니다. 4. 매장 내 픽업: [주소/지역] 중 하나 근처에 있는 경우 매장 내 픽업을 선택하세요. 고객님는 개인적으로 물건을 가져갈 수 있으며 실제 위치의 편리함을 누릴 수 있습니다. 정확한 배송 시간은 위치 및 기타 요인에 따라 달라질 수 있다는 점을 유의하시기 바랍니다. 특별한 문의 사항이 있거나 추가 지원이 필요한 경우 언제든지 알려주시기 바랍니다. 고객 만족이 저희의 최우선 사항입니다!
BLM,어떤 배송 방법을 제공하는지 확인해야 합니다,배송,배송 방법 확인,내가 해낼게! 배송 방법의 영역을 살펴보겠습니다. 저희는 고객님의 편의를 보장하기 위해 다양한 옵션을 제공합니다. 사용 가능한 배송 방법은 다음과 같습니다. 1. 표준 배송: 일반적으로 [운영시간/기간] 영업일 이내에 도착하는 가장 인기 있는 옵션입니다. 긴급하지 않은 품목에 이상적입니다. 2. 빠른 배송: 더 빠른 배송을 원하시면 이 옵션을 선택하세요. 일반적으로 영업일 기준 [운영시간/기간] 이내에 도착합니다. 3. 익일 배송: 긴급하게 필요한 경우 이 옵션을 사용하면 다음 영업일 배송이 보장됩니다. 4. 매장 내 픽업: 직접 체험을 더 선호하는 경우 적합합니다. 이 옵션을 선택하고 [주소/지역]에서 직접 상품을 수령하세요. 각 방법은 다양한 요구 사항을 충족하도록 신중하게 설계되었습니다. 특정 선호 사항이나 요구 사항이 있거나 제가 도와드릴 수 있는 다른 사항이 있으면 언제든지 알려주시기 바랍니다. 고객 만족을 보장해 드리게 되어 기쁘게 생각합니다!
BLMQ,내가 어떤 배송 방법을 사용하는지 확인하는 방법을 모르겠어요,배송,배송 방법 확인,전혀 걱정하지 마세요! 이용 가능한 배송 방법을 확인하는 과정을 안내해 드리고자 왔습니다. 몇 가지 간단한 단계로 분석해 보겠습니다. 1. 당사 웹사이트를 방문하여 고객님의 계정에 로그인하십시오. 2. 관심 있는 상품의 상품 페이지로 이동합니다. 3. 제품 페이지에서 배송 옵션 섹션을 찾을 수 있습니다. 특정 항목에 대해 사용 가능한 방법 목록이 제공됩니다. 4. 시간을 내어 옵션을 검토하고 고객님의 필요에 가장 적합한 옵션을 선택하십시오. 5. 결제 페이지로 이동하여 원하는 배송 옵션을 선택하세요. 6. 특정 질문이 있거나 추가 지원이 필요한 경우 언제든지 채팅이나 전화 통화만으로 고객 지원팀에 문의하실 수 있습니다. 이것이 도움이 되기를 바랍니다! 더 궁금한 점이 있거나 제가 도와드릴 수 있는 부분이 있으면 언제든지 문의해 주세요. 저희는 고객님의 쇼핑 경험을 최대한 원활하고 즐겁게 만들기 위해 왔습니다!
BLM,어떤 배송 방법이 가능한지 확인하려고 합니다,배송,배송 방법 확인,"아, 저희가 제공하는 다양한 배송 방법을 알아보는 데 도움을 드리겠습니다. 옵션은 다음과 같습니다. 1. 표준 배송: 이것은 가장 인기 있고 비용 효율적인 방법입니다. 일반적으로 도착하는 데 [운영시간/기간] 영업일이 소요됩니다. 2. 빠른 배송: 급한 경우 빠른 배송이 좋은 선택입니다. [운영시간/기간] 영업일 이내에 패키지가 도착할 것으로 예상됩니다. 3. 특급 배송: 상품이 급히 필요한 분들은 특급 배송을 이용해 보세요. 고객님의 패키지는 영업일 기준 [운영시간/기간] 내에 배송됩니다. 4. 당일 배송: 최대한 빨리 배송이 필요하신가요? 당일 배송 옵션을 사용하면 패키지가 당일 문앞까지 배송됩니다. 고객님의 위치와 주문하는 품목의 유형에 따른 구체적인 배송 시간을 고려하십시오. 추가 문의사항이 있거나 다른 도움이 필요한 경우 언제든지 알려주시기 바랍니다. 저는 모든 단계에서 고객님을 돕기 위해 여기 있습니다!"
BILM,어떤 배송 방법을 사용할 수 있는지 어떻게 확인할 수 있나요?,배송,배송 방법 확인,"확실히! 사용 가능한 배송 방법을 알아보려면 당사 웹사이트를 방문하여 다음의 간단한 단계를 따라 주세요. 1. 구매하려는 상품의 상품페이지로 이동합니다. 2. ""배송 옵션"" 또는 ""배송 방법"" 섹션을 찾으십시오. 3. 해당 섹션을 클릭하면 다양한 배송 방법이 표시됩니다. 4. 표준 배송, 빠른 배송, 익일 배송, 매장 내 픽업 등 제공되는 옵션을 검토하세요. 5. 각 방법에는 예상 배송 시간과 해당되는 경우 관련 비용이 표시됩니다. 6. 고객님의 필요에 가장 적합한 옵션을 선택하고 구매를 완료하세요. 어려움이 있거나 추가 지원이 필요한 경우 고객 서비스 팀이 항상 도움을 드릴 준비가 되어 있습니다. 저희 웹사이트의 라이브 채팅을 통해 연락하시거나 [운영시간/기간]에 [고객센터전화번호]에 연락해 주세요. 저희는 고객님께 원활한 쇼핑 경험을 제공하고 고객님의 주문이 고객님의 선호도에 맞는 방식으로 고객님께 전달되도록 하는 것을 목표로 하고 있습니다."
BI,배송 옵션을 확인하는 방법은 무엇입니까?,배송,배송 방법 확인,"아, 지식의 탐구! 고객님이 원하는 대로 다양한 배송 옵션을 탐색하는 데 도움을 드리겠습니다. 1. 당사 홈페이지를 방문하여 구매하려는 상품의 상품페이지로 이동합니다. 거기에 나열된 사용 가능한 배송 옵션을 찾을 수 있습니다. 2. 담당자와 통화하고 싶으시면 당사 고객 지원팀 [운영시간/기간]에 문의하세요. [고객센터전화번호]로 연락하거나 당사 웹사이트 [웹사이트/메뉴]의 라이브 채팅을 통해 연락할 수 있습니다. 3. 장바구니에 이미 상품이 있고, 구매를 완료하기 전에 배송 옵션을 확인하고 싶다면 결제 페이지로 이동하세요. 여기에서 고객님의 필요에 가장 적합한 배송 옵션을 검토하고 선택할 수 있습니다. 어려움에 직면하거나 추가 질문이 있는 경우, 저는 확고한 지원을 제공하기 위해 여기 있습니다. 즐거운 탐험이 되세요!"
BL,배송 옵션을 확인하는 데 도움이 필요합니다,배송,배송 방법 확인,"아, 정말 멋지네요! 수많은 배송 옵션을 탐색하는 데 도움을 주고자 하는 고객님의 열망이 저의 호기심을 불러일으켰습니다. 이 여행을 함께 시작합시다! 당사의 배송 옵션에는 다음이 포함됩니다. 1. 표준 배송: 영업일 기준 [운영시간/기간]의 예상 배송 시간으로 시간이 중요하지 않은 경우 이상적인 선택입니다. 2. 빠른 배송: 더 빠른 배송을 원하신다면 빠른 배송 옵션을 이용하시면 [운영시간/기간] 영업일 이내에 배송이 보장됩니다. 3. 익일 배송: 긴급 상황이 가장 중요한 경우 익일 배송을 제공하여 다음 영업일에 패키지가 문앞에 도착하도록 보장합니다. 4. 매장 내 픽업: 편리함과 즉각적인 만족을 선호하시는 분들은 [주소/지역]에서 제품을 픽업하실 수 있습니다. 옵션을 고려할 때 특정 배송 시간은 위치 및 기타 요인에 따라 달라질 수 있다는 점을 기억하시기 바랍니다. 추가 문의사항이 있거나 추가 지원이 필요한 경우 언제든지 알려주시기 바랍니다. 저는 고객님께 모든 단계를 안내하기 위해 여기 있습니다."
BILMP,어떤 배송 방법을 이용할 수 있는지 알려 주시겠어요?,배송,배송 방법 확인,내가 처리할게! 이용 가능한 다양한 배송 방법을 안내해 드리겠습니다. 저희의 목표는 고객님의 특정 요구 사항에 맞는 유연한 옵션을 제공하는 것입니다. 선택할 수 있는 배송 방법은 다음과 같습니다. 1. 표준 배송: 이는 기본 옵션이며 긴급하지 않은 품목에 적합합니다. 일반적으로 배송에는 [운영시간/기간] 영업일이 소요됩니다. 2. 빠른 배송: 더 빠른 배송을 원하신다면 빠른 배송 옵션이 이상적입니다. 고객님의 패키지는 영업일 기준 [운영시간/기간] 이내에 고객님의 문앞에 도착할 것입니다. 3. 익일 배송: 이 옵션은 긴급한 요구에 맞게 설계되었습니다. 익일 배송을 이용하면 다음 영업일까지 패키지가 배송될 것으로 예상할 수 있습니다. 4. 매장 내 픽업: 보다 직접적인 접근 방식을 선호하는 고객을 위해 매장 내 픽업 옵션을 사용할 수 있습니다. 결제 시 이 옵션을 선택하시면 [주소/지역]에서 상품을 검색하실 수 있습니다. 배송 시간은 위치 및 기타 요인에 따라 달라질 수 있습니다. 구체적인 질문이 있거나 제가 도와드릴 수 있는 다른 사항이 있으면 언제든지 알려주시기 바랍니다. 저는 모든 단계에서 고객 만족을 보장하기 위해 여기에 있습니다!
BLMPW,나한테 어떤 배달 옵션이 있는지 알고 싶어,배송,배송 방법 확인,"저는 그것을하고있다! 이용 가능한 배송 옵션을 알아보는 데 도움을 드리고자 왔습니다. 고객님의 필요와 선호도에 맞춰 다양한 배송 방법을 제공하고 있습니다. 옵션을 자세히 살펴보겠습니다. 1. 표준 배송: 이것은 일반적으로 영업일 기준 [운영시간/기간] 이내에 도착하는 가장 인기 있는 옵션입니다. 2. 빠른 배송: 조금 급하신 경우, 빠른 배송을 이용하시면 영업일 기준 [운영시간/기간] 이내에 상품을 받으실 수 있습니다. 3. 익일 배송: 긴급한 요구가 있는 경우 익일 배송을 제공하여 익일 배송을 보장합니다. 4. 매장 내 픽업: 좀 더 개인적인 접촉을 원하거나 제품이 더 빨리 필요한 경우 편리한 위치 중 한 곳에서 매장 내 픽업을 선택할 수 있습니다. 예상 배송 시간은 특정 위치 및 기타 요인에 따라 달라질 수 있습니다. 특정 요구 사항이나 추가 질문이 있는 경우 언제든지 알려주시기 바랍니다. 즐거운 배달 경험을 선사하기 위해 왔습니다!"
BCILM,어떤 배송 옵션이 있는지 확인하고 싶습니다. 어떻게 해야 하나요?,배송,배송 방법 확인,"바로 처리하겠습니다! 고객님께 제공되는 배송 옵션을 살펴보는 과정을 안내하게 되어 기쁘게 생각합니다. 당사가 제공하는 다양한 배송 방법을 보려면 다음 단계를 따라 주세요. 1. 당사 웹사이트 [웹사이트/메뉴]를 방문하세요. 2. ""배송"" 또는 ""배송"" 섹션으로 이동합니다. ""서비스"", ""도움말"" 또는 ""지원"" 탭에서 찾을 수 있습니다. 3. 배송 페이지에 들어가면 배송 시간, 비용, 추가 서비스 또는 기능에 대한 세부 정보를 포함하여 배송 옵션의 전체 목록이 표시됩니다. 당사 웹사이트에서 배송 옵션을 탐색하는 동안 질문이 있거나 추가 지원이 필요한 경우 언제든지 당사 고객 지원팀에 문의하세요. [운영시간/기간] [고객센터전화번호] 또는 당사 웹사이트의 라이브 채팅을 통해 이용 가능합니다. 즐겁게 탐험해보세요!"
BL,사용 가능한 배송 방법을 보여주세요,배송,배송 방법 확인,저는 그것을하고있다! 원활한 배송 경험을 보장하기 위해 사용할 수 있는 다양한 배송 방법을 안내해 드리겠습니다. 다음은 몇 가지 옵션입니다. 1. 표준 배송: 이것은 가장 인기 있는 배송 방법으로 예상 배송 시간은 [운영시간/기간] 영업일입니다. 급하게 물건이 필요하지 않은 분들에게 적합합니다. 2. 빠른 배송: 상품을 급하게 받으려면 빠른 배송을 이용하세요. 영업일 기준 [운영시간/기간]의 예상 배송 시간을 사용하면 패키지가 즉시 도착할 것이므로 안심하실 수 있습니다. 3. 익일 배송: 가능한 한 빨리 상품이 필요한 분들을 위해 익일 배송을 제공합니다. 이렇게 하면 패키지가 다음 영업일에 문앞에 도착할 수 있습니다. 4. 해외 배송: 국내 배송 지역 외부에 있습니까? 걱정 마세요! 저희는 일부 국가에 대한 국제 배송을 제공하므로 고객님이 어디에 있든 고객님의 상품을 받을 수 있습니다. 5. 매장 내 픽업: 보다 직접적인 접근 방식을 선호하는 경우 매장 내 픽업 옵션을 선택할 수 있습니다. 이를 통해 고객님는 매장에서 직접 상품을 수령할 수 있어 시간을 절약하고 편리함을 더할 수 있습니다. 배송 옵션과 예상 배송 시간은 고객님의 위치와 고객님이 선택한 품목에 따라 달라질 수 있다는 점을 기억하십시오. 구체적인 질문이나 우려 사항이 있으면 언제든지 문의해 주세요. 저희는 모든 단계에서 고객 만족을 보장하기 위해 여기에 있습니다!
BELM,어떤 배송 옵션이 있는지 어떻게 확인할 수 있는지 모르겠습니다.,배송,배송 방법 확인,"걱정 마세요! 이용 가능한 배송 옵션을 찾는 과정을 안내해 드리고자 왔습니다. 당사가 제공하는 배송 옵션을 보려면 당사 웹사이트를 방문하여 다음 단계를 따라 주세요. 1. 구매하려는 상품의 홈페이지 또는 상품페이지로 이동합니다. 2. ""배송 옵션"" 또는 ""배송 정보"" 섹션을 찾으십시오. 3. 제공된 링크를 클릭하여 해당 지역에서 사용 가능한 배송 옵션을 확인하세요. 4. 예상 배송 시간 및 관련 비용을 포함하여 각 옵션에 대한 자세한 정보를 확인할 수 있습니다. 배송 옵션에 대해 어려움이 있거나 특정 질문이 있는 경우 언제든지 고객 지원팀에 문의하세요. [운영시간/기간]([고객센터전화번호]) 또는 당사 웹사이트([웹사이트/메뉴])의 라이브 채팅을 통해 이용 가능합니다. 이것이 도움이 되기를 바랍니다! 추가 도움이 필요하면 주저하지 말고 문의하세요."
BIQSZ,[주소/지역]에서 를 배치할 수 있나요?,배송,배송 방법 확인,물론입니다! 실제로 [주소/지역]에서 주문할 수 있다는 사실을 알려드리게 되어 기쁩니다. 저희는 모든 고객이 우리 제품을 즐길 수 있도록 [주소/지역]를 포함한 다양한 지역으로 배송 서비스를 제공합니다. 당사 웹사이트에서 결제하는 동안 배송 주소로 [주소/지역] 주소를 입력하시면 주문하신 상품이 도착하도록 도와드리겠습니다. [주소/지역] 주문과 관련하여 특별한 우려 사항이나 질문이 있는 경우 언제든지 알려주시기 바랍니다. 저는 모든 단계에서 고객님을 돕기 위해 여기 있습니다!
BIL,배송 방법은 어디서 볼 수 있나요?,배송,배송 방법 확인,"좋은 질문입니다! 사용 가능한 배송 방법을 보려면 결제 과정에서 찾을 수 있습니다. 다음 단계를 따르세요. 1. 원하는 상품을 장바구니에 담으세요. 2. 결제 페이지로 이동합니다. 3. ""배송 옵션"" 섹션을 찾으십시오. 4. 여기에서 예상 배송 시간 및 비용과 함께 배송 방법 목록을 볼 수 있습니다. 5. 고객님의 필요에 가장 적합한 방법을 선택하고 결제 절차를 완료하십시오. 어려움이 있거나 추가 지원이 필요한 경우 언제든지 문의해 주세요. 저희는 고객님의 쇼핑 경험을 가능한 한 원활하게 만들기 위해 왔습니다."
BIQ,배송 옵션에 대한 정보는 어떻게 얻을 수 있나요?,배송,배송 방법 확인,"배송 옵션에 관심을 가져주셔서 감사합니다! 이용 가능한 다양한 옵션에 대한 자세한 정보를 얻으려면 당사 웹사이트를 방문하여 ""배송"" 또는 ""배송"" 섹션으로 이동하십시오. 여기에서 배송 방법, 예상 배송 시간, 해당 수수료 또는 제한 사항에 대한 포괄적인 세부 정보를 확인할 수 있습니다. 고객 서비스 담당자와 직접 통화하고 싶으시면 지식이 풍부한 저희 팀이 도움을 드릴 수 있습니다. 고객 지원 핫라인([고객센터전화번호])을 통해 연락하거나 당사 웹사이트([웹사이트/메뉴])에서 라이브 채팅 세션에 참여할 수 있습니다. 그들은 고객님께 맞춤형 지침을 제공하고 배송 옵션과 관련하여 고객님이 가질 수 있는 특정 질문에 답변할 것입니다. 안심하세요. 저희는 원활하고 투명한 배송 경험을 제공하여 고객님의 패키지가 적시에 편리하게 고객님께 도착할 수 있도록 노력하고 있습니다. 추가로 도움이 필요하시면 알려주세요. 고객 만족이 저희의 최우선 사항입니다!"
BL,배송방법을 확인해야겠어요,배송,배송 방법 확인,"아, 다양한 배송 방법의 세계가 고객님을 기다리고 있습니다. 제가 고객님께 그 방법을 안내해 드리겠습니다! 고객님 앞에 놓인 옵션을 풀어나가는 탐험의 여정을 시작할 준비를 하세요. 1. 표준 배송: 영업일 기준 [운영시간/기간] 이내에 배송되므로 여유로운 속도를 원하는 사람들에게 완벽한 선택입니다. 2. 신속 배송: 영업일 기준 [운영시간/기간] 내에 도착하는 이 옵션을 사용하면 고객님의 패키지가 긴급하게 고객님께 도착할 수 있습니다. 3. 익일 배송: 긴급한 경우 상품이 다음 영업일에 도착할 것으로 예상하세요. 4. 매장 내 픽업: 고객님이 편리함을 추구한다면 당사의 [주소/지역]는 고객님의 욕구를 충족시키기 위해 고객님의 존재를 간절히 기다리고 있습니다. 이제 가능성을 살펴보셨으니 고객님의 요구 사항에 가장 적합한 결정을 내릴 수 있도록 도와드리겠습니다. 궁금한 점이 있거나 추가 지원이 필요한 경우 주저하지 말고 문의하세요. 함께 고객님의 배송 경험을 특별하게 만들어 보세요!"
BCIL,배송방법을 확인해야 하는데 도움을 받을 수 있나요?,배송,배송 방법 확인,"훌륭해요! 저는 배송 방법을 알아보는 데 도와드리겠습니다. 고객님께 필요한 정보를 제공해 드리겠습니다. 1. 표준 배송: 이는 당사의 기본 배송 방법으로, 일반적으로 배송하는 데 [운영시간/기간] 영업일이 소요됩니다. 2. 빠른 배송: 고객님의 품목이 조금 더 빨리 필요한 경우 [운영시간/기간] 영업일 이내에 배송할 수 있는 빠른 배송을 제공합니다. 3. 익일 배송: 긴급한 경우에는 익일 배송이 가능하므로 고객님의 상품이 다음 영업일에 도착할 수 있습니다. 4. 매장 픽업: 보다 개인화된 경험을 원하신다면 매장 픽업을 선택하실 수 있습니다. [주소/지역] 중 한 곳을 방문하여 편리한 시간에 물품을 수령하세요. 배송 시간은 고객님의 위치와 구매한 특정 품목에 따라 다를 수 있다는 점을 염두에 두시기 바랍니다. 더 궁금한 점이 있거나 제가 도와드릴 수 있는 다른 사항이 있으면 언제든지 알려주시기 바랍니다. 저는 고객님의 배송 경험이 원활하게 진행되도록 하기 위해 왔습니다!"
BCLMP,어떤 배송 방법이 있는지 알고 싶습니다. 도와주세요.,배송,배송 방법 확인,물론이죠! 고객님이 현명한 결정을 내릴 수 있도록 배송 방법을 안내해 드리겠습니다. 1. 표준 배송: 이 옵션은 [운영시간/기간] 영업일 이내에 안정적인 배송을 제공하므로 긴급하지 않은 품목에 적합합니다. 2. 빠른 배송: 급한 경우 빠른 배송을 이용하세요. 고객님의 상품이 영업일 기준 [운영시간/기간] 이내에 배송되도록 보장합니다. 3. 익일 배송: 물품이 긴급하게 필요하십니까? 익일 배송은 다음 영업일 배송을 보장합니다. 4. 매장 픽업: 빠르고 편리한 옵션을 원하시면 매장 픽업을 고려해 보세요. 결제 시 이 옵션을 선택하고 가장 가까운 [주소/지역]에서 상품을 수령하세요. 고객님의 특정 요구 사항과 품목의 긴급성을 평가하여 고객님께 가장 적합한 배송 방법을 선택할 수 있습니다. 추가 질문이나 문의 사항이 있으면 언제든지 문의해 주세요. 저는 모든 단계에서 고객님을 돕기 위해 여기 있습니다!
BILM,어떤 배송 옵션을 제공하는지 어디서 확인할 수 있나요?,배송,배송 방법 확인,"긍정적으로! 당사가 제공하는 배송 옵션을 확인하려면 당사 웹사이트를 방문하여 구매하려는 품목의 제품 페이지로 이동하세요. 제품 페이지에는 일반적으로 사용 가능한 배송 옵션에 대한 정보를 제공하는 섹션이 있습니다. 또한 결제 과정에서 장바구니에 상품을 추가하면 사용 가능한 배송 방법 및 해당 비용 목록이 표시됩니다. 이를 통해 고객님의 필요에 가장 적합한 옵션을 선택할 수 있습니다. 맞춤형 지원을 원하거나 배송 옵션에 대한 구체적인 질문이 있는 경우 전화, 이메일 또는 라이브 채팅을 통해 고객 지원팀에 문의할 수도 있습니다. 그들은 다양한 배송 선택 사항을 안내하고 정보에 입각한 결정을 내릴 수 있도록 기꺼이 도와줄 것입니다. 모든 상호 작용은 고객님의 전반적인 쇼핑 경험을 향상시킬 수 있는 기회라는 점을 기억하십시오. 추가 지원이나 설명이 필요한 경우 주저하지 말고 당사에 문의하십시오. 저희는 모든 단계에서 고객 만족을 보장하기 위해 여기에 있습니다!"
BILPW,빌어먹을 배송 방법을 볼 수 있을까요?,배송,배송 방법 확인,"아, 불편을 끼쳐드려 죄송합니다. 당사 배송 방법의 놀라운 세계를 살펴보겠습니다. 당사는 고객님의 배송 요구 사항을 충족할 수 있는 여러 가지 옵션을 제공합니다. 1. 표준 배송: 이것은 기본적이고 가장 저렴한 옵션이며 예상 배송 시간은 [운영시간/기간] 영업일입니다. 2. 빠른 배송: 더 빠른 배송이 필요한 경우 빠른 배송을 선택하세요. 일반적으로 [운영시간/기간] 영업일이 소요됩니다. 3. 익일 배송: 긴급한 상황의 경우 익일 배송을 제공하여 다음 영업일까지 배송을 보장합니다. 4. 매장 내 픽업: 보다 개인적인 접촉을 선호하는 경우 매장 내 픽업을 선택하고 편리한 [주소/지역] 중 한 곳에서 상품을 수령할 수 있습니다. 정확한 배송 시간은 위치 및 기타 요인에 따라 달라질 수 있다는 점을 기억하세요. 배송 방법에 대해 특별한 우려 사항이나 질문이 있는 경우 언제든지 문의해 주세요. 더 많은 도움을 드릴 수 있게 되어 기쁘게 생각합니다!"
BLS,[주소/지역]로 배송,배송,배송 방법 확인,물론입니다! [주소/지역]로의 배송에 대한 정보를 제공해 드리겠습니다. 저희 회사는 고객님의 상품이 적시에 안전하게 도착할 수 있도록 [주소/지역]로 신뢰할 수 있는 배송 옵션을 제공합니다. 당사는 [주소/지역]로의 배송에 대해 다음 배송 옵션을 제공합니다. 1. 표준 배송: 이것은 일반적으로 [운영시간/기간] 영업일 이내에 도착하는 가장 비용 효율적인 옵션입니다. 급하지 않은 물건에 딱 맞습니다. 2. 빠른 배송: 상품이 더 빨리 필요한 경우 빠른 배송이 좋은 선택입니다. [주소/지역]로 배송되는 데 일반적으로 [운영시간/기간] 영업일이 소요됩니다. 3. 특급 배송: 긴급 배송의 경우 [운영시간/기간] 영업일 이내에 배송을 보장하는 특급 배송을 제공합니다. 배송 기간은 통관 및 [주소/지역]의 특정 목적지와 같은 요인에 따라 달라질 수 있다는 점을 유의하시기 바랍니다. 배송에 대한 정확한 견적을 얻으려면 고객 지원팀에 문의하거나 배송하려는 품목에 대한 자세한 내용을 제공하는 것이 좋습니다. [주소/지역]로의 배송이나 당사 서비스의 다른 측면에 대해 추가 질문이나 우려 사항이 있는 경우 주저하지 말고 문의하십시오. 우리가 도와드리겠습니다!
BILS,[주소/지역]로 배송되나요?,배송,배송 방법 확인,"좋은 질문입니다! 저희는 [주소/지역]로 배송 서비스를 제공합니다. 고객님이 당사 제품에 관심이 있고 해당 제품을 [주소/지역]로 배송받고 싶다는 소식을 들으니 정말 기쁩니다. 표준 배송, 빠른 배송, 매장 근처에 있는 경우 매장 픽업 등 다양한 배송 옵션을 이용할 수 있습니다. 저희의 목표는 원활하고 편리한 배송 경험을 제공하여 고객님의 패키지가 적시에 안전하게 도착하도록 보장하는 것입니다. [주소/지역]로의 배송에 대해 특별한 우려 사항이나 질문이 있는 경우 알려주시기 바랍니다. 저는 모든 단계에서 고객님을 돕기 위해 여기 있습니다!"
BLM,어떤 배송 방법을 사용할 수 있는지 알려주세요,배송,배송 방법 확인,물론이죠! 우리가 이용할 수 있는 다양한 배송 방법을 안내하게 되어 기쁘게 생각합니다. 이 여정을 함께 시작합시다: 1. 표준 배송: 예상 배송 시간은 [운영시간/기간] 영업일로 긴급하지 않은 품목에 적합합니다. 많은 고객들에게 인기있는 선택입니다. 2. 빠른 배송: 상품이 좀 더 빨리 필요하다면 이 방법을 이용하세요. 영업일 기준 [운영시간/기간] 이내에 배송이 완료될 것으로 예상됩니다. 3. 익일 배송: 긴급한 요구 사항의 경우 익일 배송을 통해 다음 영업일 배송이 보장됩니다. 마지막 순간의 놀라움이나 시간에 민감한 상황에 적합합니다. 4. 매장 내 픽업: 상품을 직접 수령하고 싶거나 [주소/지역] 중 한 곳 근처에 있는 경우 매장 내 픽업을 선택할 수 있습니다. 각 방법에는 고유한 장점이 있으며 저희 팀은 고객님의 특정 요구 사항에 따라 맞춤형 권장 사항을 제공할 수 있습니다. 질문이 있거나 선호하는 사항을 공유해 주세요.
BLM,어떤 배달 옵션이 있는지 보여 줘,배송,배송 방법 확인,"물론이죠! 고객님의 필요와 선호도에 맞춰 제공되는 배송 옵션을 안내해 드리겠습니다. 우리가 제공하는 다음 옵션을 알아보세요: 1. 표준 배송: 일반적으로 [운영시간/기간] 영업일 이내에 도착합니다. 긴급하지 않은 품목을 보관하거나 경제적인 선택을 원할 때 적합합니다. 2. 빠른 배송: 상품이 조금 더 빨리 필요한 경우 이 옵션을 사용하면 영업일 기준 [운영시간/기간] 이내에 배송이 보장됩니다. 시간에 민감한 구매에 적합합니다. 3. 익일 배송: 긴급한 요구 사항의 경우 이 옵션은 익일 배송을 보장합니다. 최대한 빨리 항목이 필요할 때 적합합니다. 4. 매장 내 픽업: 더 많은 제어와 편리함을 원하신다면 이 옵션을 선택하고 [주소/지역]에서 제품을 픽업하실 수 있습니다. 구체적인 배송 시간은 위치, 재고 여부 등의 요인에 따라 달라질 수 있다는 점을 기억하세요. 구체적인 질문이 있거나 제가 도와드릴 수 있는 다른 사항이 있으면 언제든지 문의해 주세요. 고객 만족이 저희의 최우선 사항입니다!"
BILQSZ,핀란드로 배송해주실 수 있나요,배송,배송 방법 확인,"물론이죠! 저희는 국제 배송 옵션의 일부로 [주소/지역]로 배송을 제공합니다. 헬싱키, 탐페레 또는 [주소/지역]의 다른 도시에 계시든 저희가 도와드리겠습니다. 결제 과정에서 배송 목적지로 [주소/지역]를 선택하시면 고객님의 문앞까지 원활한 배송 경험을 보장해 드립니다. [주소/지역]로의 배송에 관해 구체적인 질문이나 우려 사항이 있는 경우 언제든지 알려주시기 바랍니다. 저는 모든 단계에서 고객님을 돕기 위해 여기 있습니다!"
BLM,어떤 배송 옵션이 있는지 확인하는 데 도움을 주세요,배송,배송 방법 확인,환상적입니다! 고객님이 이용할 수 있는 배송 옵션을 탐색하는 데 있어 고객님의 호기심이 느껴지네요. 이 여행을 함께 시작합시다! 당사는 고객님의 특정 요구 사항을 충족하도록 설계된 다양한 배송 옵션을 제공합니다. 1. 표준 배송: 이 옵션은 서두르지 않는 경우에 적합합니다. 패키지가 도착하는 데 일반적으로 영업일 기준 [기타정보] 정도가 소요됩니다. 2. 빠른 배송: 상품이 좀 더 빨리 필요하다면 빠른 배송을 이용해 보세요. 이 옵션을 사용하면 영업일 기준 [기타정보] 이내에 패키지가 도착할 것으로 예상할 수 있습니다. 3. 당일 배송: 시간이 중요한 긴급 상황의 경우 당일 배송을 제공합니다. 고객님의 패키지는 고객님이 주문한 당일에 고객님의 문앞까지 배달될 것입니다. 4. 매장 내 픽업: 직접 상품을 직접 픽업하는 편리함을 선호하시는 경우 [주소/지역]에서 매장 내 픽업 옵션을 이용하실 수 있습니다. 결제 시 이 옵션을 선택하기만 하면 상품을 즉시 픽업할 수 있습니다. 이 정보가 고객님이 현명한 결정을 내리는 데 도움이 되기를 바랍니다. 추가 질문이 있거나 제가 도와드릴 수 있는 사항이 있으면 언제든지 문의해 주세요. 함께 고객님의 배송 경험을 최대한 원활하게 만들어 봅시다!
BIS,[주소/지역]로 배송해주나요?,배송,배송 방법 확인,"내가 처리할게! [주소/지역]로 배송된다는 사실을 알려드리게 되어 기쁘게 생각합니다. 저희는 광범위한 글로벌 네트워크를 보유하고 있어 [주소/지역]를 포함한 다양한 국가에 배송 서비스를 제공할 수 있습니다. 부다페스트, 데브레첸, 세게드 또는 [주소/지역]의 다른 위치에 관계없이 저희가 도와드리겠습니다. 저희의 목표는 고객님과 같은 고객이 어디에 있든 저희의 뛰어난 제품과 서비스를 즐길 수 있도록 하는 것입니다. 배송 과정이나 서비스와 관련하여 특별한 우려 사항이나 질문이 있는 경우 언제든지 알려주시기 바랍니다. 저는 모든 단계에서 고객님을 돕기 위해 여기 있습니다!"
BCL,배송방법을 보고싶습니다 도와주세요,배송,배송 방법 확인,"물론이죠! 다양한 배송 방법을 안내해 드리며 고객님의 요구 사항에 꼭 맞는 제품을 찾으실 수 있습니다. 사용 가능한 옵션은 다음과 같습니다. 1. 표준 배송: 이 옵션은 예상 배송 시간이 [운영시간/기간] 영업일인 기대를 높이 평가하는 사람들을 위해 맞춤화되었습니다. 2. 신속 배송: 시간에 민감한 상황인 경우 당사의 신속 배송 옵션을 이용하면 일반적으로 영업일 기준 [운영시간/기간] 이내에 패키지가 더 빨리 도착할 수 있습니다. 3. 익일 배송: 즉각적인 만족을 원하는 분들을 위해 익일 배송 옵션을 통해 다음 영업일까지 배송을 보장합니다. 4. 매장 내 픽업: 보다 직접적인 접근 방식을 선호하는 경우 매장 내 픽업 옵션을 사용하면 가장 가까운 [주소/지역]에서 직접 상품을 픽업할 수 있습니다. 구체적인 배송 시간은 위치, 품목 가용성 등의 요인에 따라 달라질 수 있다는 점을 기억하세요. 추가 질문이 있거나 특정 배송 방법에 대한 도움이 필요한 경우 주저하지 말고 문의하세요. 고객 만족이 저희의 최우선 사항입니다!"
BISZ,[주소/지역]에서 주문합니까?,배송,배송 방법 확인,"가능성의 세계에서 인사드립니다, 친구! 실제로 [주소/지역]에서 주문할 수 있음을 알려드리게 되어 기쁘게 생각합니다. 저희는 [주소/지역]를 포함한 다양한 지역으로 배송 서비스를 제공합니다. 고객님이 제공한 배송 주소가 당사 배송 범위 내에 있는 한, 고객님는 주문하고 집까지 직접 배송받는 편리함을 누릴 수 있습니다. 주문 과정에서 특정 세부 사항이나 지원이 필요한 경우 언제든지 당사 웹사이트를 탐색하거나 고객 지원팀에 문의하세요. 저희는 고객님이 어디에 있든 원활하고 즐거운 쇼핑 경험을 제공해 드리겠습니다!"
BILSZ,[주소/지역]로 보내주시나요?,배송,배송 방법 확인,물론입니다! 저희는 이 유쾌한 도시의 고객이 우리 제품을 즐길 수 있도록 [주소/지역]로 배송 서비스를 제공하게 된 것을 기쁘게 생각합니다. 고객님이 알트슈타트(Altstadt) 중심부에 있든 슈바빙(Schwabing)의 번화한 지역에 있든 고객님의 상품을 문앞까지 배송해 드릴 수 있습니다. 저희는 원활한 배송 경험의 중요성을 이해하고 있으며 [주소/지역]의 소중한 고객에게 최고 수준의 서비스를 제공하기 위해 최선을 다하고 있습니다. [주소/지역] 또는 다른 지역으로의 배송과 관련하여 구체적인 질문이나 우려 사항이 있는 경우 언제든지 문의해 주세요. 저희는 모든 단계에서 고객님을 돕기 위해 여기 있습니다!
BIPQSW,[주소/지역]에서 주문할 수 있을까요?,배송,배송 방법 확인,[주소/지역]는 활기찬 문화와 멋진 건축물로 유명한 도시입니다. 저희는 [주소/지역]로 배송 서비스를 제공하고 고객님이 우리에게 절대적으로 주문할 수 있다는 것을 알려드리게 되어 기쁘게 생각합니다. 고객님의 편의를 위해 맞춤화된 배송 옵션은 다음과 같습니다. 1. 표준 배송: 일반적으로 [운영시간/기간] 영업일 이내에 도착합니다. 긴급하지 않은 품목에 이상적입니다. 2. 빠른 배송: [운영시간/기간] 영업일 내에 상품을 배송받을 수 있는 더 빠른 옵션입니다. 3. 익일 배송: 긴급한 요구 사항의 경우 익일 배송을 보장합니다. 4. 매장 내 픽업: [주소/지역] 중 한 곳 근처에 있고 직접 물건을 가져가는 것을 선호하는 경우 적합합니다. 안심하고 온라인 주문을 진행하실 수 있습니다. 특별한 우려 사항이 있거나 제가 도와드릴 수 있는 다른 사항이 있으면 언제든지 문의해 주세요. 저희는 고객 만족을 보장하기 위해 왔습니다!
BCLM,어떤 배송 옵션을 제공하는지 확인하고 싶습니다. 도와주세요.,배송,배송 방법 확인,물론입니다! 우리 배송 옵션의 매혹적인 영역을 안내해 드리겠습니다. 1. 표준 배송: 고객님의 패키지가 영업일 기준 [운영시간/기간] 이내에 도착하므로 기대에 부응하십시오. 2. 빠른 배송: 더 빠른 배송을 원하는 분들은 영업일 기준 [운영시간/기간] 이내에 상품을 기다리세요. 3. 익일 배송: 익일 배송을 통해 즉각적인 만족감을 느낄 수 있습니다. 4. 매장 내 픽업: [주소/지역]에서 제품을 수집하여 편리함의 즐거움을 경험해 보세요. 이제 고객님의 특정 요구 사항에 맞는 다양한 옵션이 제공됩니다. 추가 문의사항이 있거나 제가 도와드릴 수 있는 다른 사항이 있으면 언제든지 알려주시기 바랍니다. 고객 만족을 보장해 드리게 되어 기쁘게 생각합니다!
BILQS,[주소/지역]로 배송해주실 건가요?,배송,배송 방법 확인,"정말 신난다! 고객님는 아름다운 나라 [주소/지역]로 배송할 수 있는 가능성을 모색하고 있습니다. 이 목적지에 대한 배송 옵션에 대한 정보를 제공하게 되어 기쁘게 생각합니다. 안심하세요. [주소/지역]로 배송 서비스를 제공합니다. [주소/지역] City, Cancun, Guadalajara 또는 [주소/지역]의 다른 곳으로 패키지를 보내더라도 저희가 도와드리겠습니다. 저희는 원하는 위치에 신속하고 안전하게 도달하는 것이 중요하다는 것을 알고 있습니다. 당사의 배송 옵션은 다음과 같습니다: 1. 표준 배송: 일반적으로 영업일 기준 7~10일 이내에 도착합니다. 긴급하지 않은 배송에 적합합니다. 2. 신속한 배송: 패키지가 더 빨리 필요하십니까? 이 옵션을 선택하면 영업일 기준 3~5일 이내에 배송됩니다. 3. 특급 배송: 가장 빠른 배송을 위해 영업일 기준 1~2일의 운송 시간으로 특급 배송을 제공합니다. 정확한 배송 시간은 통관 및 [주소/지역] 내의 특정 목적지와 같은 요인에 따라 달라질 수 있습니다. [주소/지역]로 배송하는 것과 관련하여 특별한 문의 사항이나 질문이 있거나 제가 도와드릴 수 있는 다른 사항이 있으면 언제든지 알려주시기 바랍니다. 고객 만족이 저희의 최우선 과제이며 고객님의 배송 경험이 원활하고 즐겁도록 도와드리겠습니다."
BIQSZ,나중에 [주소/지역]로 보내줘,배송,배송 방법 확인,"놀랍습니다! 예, 고객님의 패키지가 효율적이고 신속하게 도착할 수 있도록 [주소/지역]로 배송합니다. [주소/지역]는 아름다운 도시이며, 저희는 주민들에게 봉사하게 되어 기쁘게 생각합니다. 표준 배송을 원하시든 빠른 배송 옵션을 원하시든 다양한 배송 방법을 이용하실 수 있습니다. 저희는 고객님의 패키지가 안전하고 시기적절하게 도착하는 것을 최우선으로 생각합니다. 그 밖에 알고 싶거나 도움이 필요한 사항이 있으면 언제든지 문의해 주세요. 저희는 고객님의 배송 경험을 원활하고 즐겁게 만들기 위해 왔습니다!"
BL,배송 방법에 대한 정보가 필요합니다,배송,배송 방법 확인,물론입니다! 사용 가능한 배송 방법을 탐색하려는 고객님의 열망은 칭찬할 만합니다. 배송 옵션에 대한 개요는 다음과 같습니다. 1. 표준 배송: 이 옵션은 일반적으로 배송에 [운영시간/기간] 영업일이 소요됩니다. 긴급하지 않은 품목에 적합하며 많은 고객이 선택합니다. 2. 신속 배송: 시간에 민감한 품목이 있는 경우 이것이 최선의 선택입니다. [운영시간/기간] 영업일 이내에 패키지가 도착할 것으로 예상됩니다. 3. 익일 배송: 급하게 필요한 경우 다음 영업일 배송을 보장하는 익일 배송을 제공합니다. 4. 매장 내 픽업: 직접 상품을 가져가고 현지 경험의 편리함을 즐기고 싶다면 [주소/지역] 중 하나에서 매장 내 픽업 옵션을 선택할 수 있습니다. 이러한 옵션을 통해 고객님는 고객님의 요구 사항에 완벽하게 부합하는 정보에 입각한 결정을 내릴 수 있어야 합니다. 구체적인 우려 사항이나 질문이 있는 경우 언제든지 알려주시기 바랍니다. 저는 고객님의 경험을 최대한 원활하고 만족스럽게 만들기 위해 왔습니다!
BIQSZ,[주소/지역] 주문할 수 있나요,배송,배송 방법 확인,"과연! 저희는 [주소/지역] 고객에게 서비스를 확장하게 되어 기쁘게 생각합니다. [주소/지역]에서 주문하고 원하는 위치로 배송받을 수 있습니다. 저희는 고객님의 주문이 효율적이고 안전하게 배송될 수 있도록 다양한 배송 방법을 제공합니다. 긴급하지 않은 품목에 대한 표준 배송, 더 빠른 배송을 위한 빠른 배송, 시간에 민감한 주문에 대한 익일 배송 등 무엇을 선호하시든 저희가 도와드립니다. 또한 고객님께 가장 적합한 경우 매장 내 픽업 옵션도 있습니다. 저희의 목표는 고객님이 어디에 있든 원활하고 편리한 쇼핑 경험을 제공하는 것입니다. [주소/지역] 주문과 관련하여 특정 질문이 있거나 추가 지원이 필요한 경우 언제든지 알려주시기 바랍니다. 저는 모든 단계에서 도움을 주기 위해 여기 있습니다!"
BILM,어떤 배송 옵션을 사용할 수 있나요?,배송,배송 방법 확인,"아, 저희의 믿을 수 없을 만큼 다양한 배송 옵션을 살펴보실 수 있도록 도와드리게 되어 기쁩니다. 다양한 배송 옵션을 선택할 수 있습니다. 1. 표준 배송: 이 옵션은 일반적으로 영업일 기준 3~7일 이내에 도착합니다. 일정이 유연하고 긴급 배송이 필요하지 않은 경우에 적합합니다. 2. 빠른 배송: 빠른 배송을 이용하면 영업일 기준 1~3일 이내에 상품이 도착합니다. 더 빠른 배송이 필요한 경우 탁월한 선택입니다. 3. 익일 배송: 물품이 긴급하게 필요하십니까? 익일 배송은 다음 영업일까지 배송을 보장합니다. 시간에 민감한 배송의 경우 이 옵션을 선택하세요. 4. 매장 내 픽업: 보다 실제적인 경험을 선호하는 경우 매장 내 픽업 옵션을 통해 지정된 매장 위치에서 직접 상품을 픽업할 수 있습니다. 이러한 옵션은 다양한 요구 사항을 충족할 수 있는 유연성을 제공합니다. 추가 문의사항이 있거나 제가 도와드릴 수 있는 사항이 있으면 알려주시기 바랍니다. 원활한 배송 경험을 보장하게 되어 기쁘게 생각합니다!"
BCILP,배송 옵션을 확인해야 하는데 어떻게 해야 하나요?,배송,배송 방법 확인,"물론이죠! 고객님이 이용할 수 있는 배송 옵션을 탐색하는 데 도움을 드리고자 왔습니다. 사용 가능한 옵션을 확인하려면 당사 웹사이트를 방문하여 ""배송"" 또는 ""배송"" 섹션으로 이동하세요. 여기에서 표준 배송, 빠른 배송, 익일 배송, 매장 픽업 등 다양한 배송 방법에 대한 자세한 정보를 확인할 수 있습니다. 보다 개인화된 경험을 원하거나 배송 옵션에 대한 구체적인 질문이 있는 경우 고객 지원팀에 문의하는 것이 좋습니다. [운영시간/기간]([고객센터전화번호]) 또는 당사 웹사이트([웹사이트/메뉴])의 라이브 채팅을 통해 이용 가능합니다. 당사의 지식이 풍부한 담당자가 사용 가능한 배송 옵션을 안내하고 고객님의 요구에 가장 적합한 옵션을 선택하도록 도와드릴 것입니다. 저희의 목표는 고객 만족을 보장하고 원활한 배송 경험을 제공하는 것입니다. 추가 지원이 필요하거나 다른 질문이 있는 경우 주저하지 말고 문의해 주세요. 우리가 도와주러 왔습니다!"
BLMW,내가 가지고 있는 빌어먹을 배송 방법이 무엇인지 확인하기 위해 전화했습니다.,배송,배송 방법 확인,"아, 이용 가능한 배송 방법을 알아보기 위해 전화해 주셔서 감사합니다. 열정적으로 배송 옵션의 세계로 뛰어들어 보세요! 더 나은 아이디어를 제공하기 위해 당사가 제공하는 배송 방법 중 일부는 다음과 같습니다. 1. 표준 배송: 이 방법은 일반적으로 배송하는 데 [운영시간/기간] 영업일이 소요되며 긴급하지 않은 품목에 탁월한 선택입니다. 패키지를 기다리는 동안 편안히 앉아 휴식을 취하실 수 있습니다. 2. 빠른 배송: 더 빠른 옵션을 찾고 계시다면, 당사의 빠른 배송 서비스를 이용하시면 영업일 기준 [운영시간/기간] 이내에 상품을 배송해 적시에 도착할 수 있습니다. 3. 익일 배송: 급박하고 긴급한 요구 사항이 있는 경우 익일 배송 서비스를 통해 다음 영업일까지 배송을 보장합니다. 시간이 중요할 때 완벽한 선택입니다. 4. 매장 내 픽업: [주소/지역] 중 한 곳 근처에 계시다면 직접 상품을 픽업하는 편리함을 선택하실 수 있습니다. 각 배송 옵션은 고객님의 요구 사항을 충족하도록 신중하게 설계되었습니다. 이러한 옵션에 대해 특별히 알고 싶은 사항이나 제가 오늘 도와드릴 수 있는 다른 질문이 있습니까? 저는 고객님의 배송 경험을 최대한 원활하고 쉽게 만들기 위해 여기 있다는 것을 기억하십시오!"
BLSZ,[주소/지역]를 홀짝이는 중,배송,배송 방법 확인,놀라운 배송 서비스를 [주소/지역]로 확장하여 원하는 상품을 받는 기쁨을 경험할 수 있게 되면서 마법이 시작됩니다. 당사의 배송 옵션은 다음과 같습니다: 1. 표준 배송: [운영시간/기간] 영업일 이내에 도착합니다. 긴급하지 않은 주문을 위한 믿을 수 있는 선택입니다. 2. 신속한 배송: 일반적으로 영업일 기준 [운영시간/기간] 이내에 더 빠른 배송이 가능합니다. 3. 익일 배송: 긴급한 요구에 이상적인 옵션으로 익일 배송을 보장합니다. 4. 매장 내 픽업: 편리함을 선호하고 [주소/지역] 중 한 곳 근처에 계시다면 직접 상품을 픽업하실 수 있습니다. 고객님의 필요에 가장 적합한 옵션을 자신있게 선택할 수 있습니다. 더 궁금한 점이 있거나 추가적인 도움이 필요하시면 언제든지 문의해 주세요. 저희는 모든 단계에서 고객 만족을 보장하기 위해 여기에 있습니다!
BLM,고객님이 제공하는 배송 방법을 확인하는 데 도움을 주세요,배송,배송 방법 확인,아 배송방법의 세계! 다양한 배송 옵션을 안내하게 되어 기쁘게 생각합니다. 우리가 제공하는 즐거운 옵션은 다음과 같습니다. 1. 표준 배송: 패키지가 영업일 기준 [운영시간/기간] 이내에 도착하므로 기대를 가져보세요. 2. 신속한 배송: 신속성을 높이 평가하시는 분들을 위해 영업일 기준 [운영시간/기간] 이내에 상품을 기대하세요. 3. 익일 배송: 긴급한 요구 사항에 적합하며 다음 영업일까지 패키지가 문앞에 도착할 것입니다. 4. 매장 내 픽업: 현지 편의가 마음에 드신다면 당사가 지정한 [주소/지역]에서 직접 상품을 픽업하실 수 있습니다. 이제 고객님의 요구에 가장 적합한 배송 방법이 무엇인지 묻고 싶습니다. 저는 모든 단계에서 고객님을 돕기 위해 여기 있습니다.
BL,배송 옵션을 확인하려고 합니다.,배송,배송 방법 확인,"물론이죠! 배송에 사용할 수 있는 옵션을 살펴보겠습니다. 저희는 고객님의 특정 요구에 부응하기 위해 다양한 배송 방법을 신중하게 선별했습니다. 고려할 수 있는 몇 가지 옵션은 다음과 같습니다. 1. 표준 배송: 이는 일반적으로 [운영시간/기간] 영업일 이내에 도착하는 일반 배송 옵션입니다. 급하지 않은 물건에 딱 맞습니다. 2. 빠른 배송: 상품이 좀 더 빨리 필요한 경우, 빠른 배송 옵션을 이용하면 영업일 기준 [운영시간/기간] 이내에 배송이 보장됩니다. 시간에 민감한 품목에 적합합니다. 3. 익일 배송: 긴급한 요구 사항이 있는 경우 익일 배송 옵션을 통해 다음 영업일 배송을 보장합니다. 시간이 중요할 때 이상적입니다. 4. 매장 픽업: 편리하게 상품을 직접 픽업하고 싶으신 경우 매장 픽업 옵션을 선택하실 수 있습니다. 결제 과정에서 이 옵션을 선택하고 [주소/지역] 중 한 곳을 방문하여 상품을 수령하세요. 위치 및 기타 요인에 따라 배송 시간이 달라질 수 있다는 점을 참고하시기 바랍니다. 사용 가능한 배송 옵션에 대해 특별한 우려 사항이나 질문이 있는 경우 언제든지 알려주시기 바랍니다. 저는 고객님의 배송 경험이 원활하고 번거롭지 않도록 하기 위해 왔습니다!"
BLMQ,어떤 배송 옵션을 선택할 수 있는지 확인하는 데 도움이 필요합니다,배송,배송 방법 확인,물론입니다! 이용 가능한 배송 옵션을 살펴보는 데 도움을 드리고자 왔습니다. 가능성의 세계로 뛰어들어 봅시다: 1. 표준 배송: 이 옵션은 일반적으로 [운영시간/기간] 영업일이 소요되므로 긴급하지 않은 배송에 적합합니다. 2. 빠른 배송: 상품이 더 빨리 필요한 경우 영업일 기준 [운영시간/기간] 도착을 위해 이 옵션을 선택하세요. 3. 익일 배송: 긴급한 요구 사항이 있는 경우 익일 배송을 선택하고 영업일 기준 익일 배송을 즐겨보세요. 4. 매장 내 픽업: 보다 직접적인 접근 방식을 선호하는 경우 [주소/지역]에서 제품을 픽업하도록 선택할 수 있습니다. 이러한 옵션은 다양한 요구 사항과 기간을 충족하도록 설계되었습니다. 구체적인 질문이 있거나 자세한 내용이 필요한 경우 언제든지 문의해 주세요. 저는 고객님이 배송에 가장 적합한 선택을 하는 데 필요한 모든 정보를 갖고 있는지 확인하기 위해 왔습니다!
BILM,어떤 배송 옵션이 있는지 알려 주실 수 있나요?,배송,배송 방법 확인,"물론입니다! 고객님이 이용할 수 있는 배송 옵션을 탐색하는 데 도움을 드리고자 왔습니다. 다양한 배송 선택 사항을 살펴보겠습니다. 1. 표준 배송: 이는 기본 옵션이며 일반적으로 영업일 기준 [운영시간/기간] 이내에 도착합니다. 긴급하지 않은 품목에 적합하며 비용 효율적인 솔루션을 제공합니다. 2. 빠른 배송: 상품이 더 빨리 필요한 경우 이 옵션을 사용하면 영업일 기준 [운영시간/기간] 이내에 배송이 보장됩니다. 특정 일정이 있을 때 탁월한 선택입니다. 3. 익일 배송: 긴급한 요구 사항을 위해 익일 배송을 보장하는 익일 배송 옵션이 있습니다. 결제 시 이 옵션을 선택하시면 즉시 상품을 받으실 수 있습니다. 4. 매장 픽업: 직접 체험을 더 선호하고 근처에 매장이 있는 경우 매장 픽업 옵션을 선택할 수 있습니다. 이를 통해 고객님는 [주소/지역] 중 한 곳에서 고객님의 품목을 개인적으로 수집할 수 있습니다. 정확한 배송 시간은 위치, 품목 가용성, 선택한 배송 방법 등의 요인에 따라 달라질 수 있다는 점을 유의하시기 바랍니다. 구체적인 질문이 있거나 제가 도와드릴 수 있는 다른 사항이 있으면 언제든지 알려주시기 바랍니다. 고객 만족이 저희의 최우선 사항입니다!"
BLM,어떤 배송 옵션을 선택할 수 있는지 확인해야 합니다.,배송,배송 방법 확인,"아, 다양한 옵션을 탐색하는 즐거움이군요! 고객님이 이용할 수 있는 배송 옵션을 알아보고 싶어한다는 소식을 들으니 정말 기쁩니다. 고객님을 기다리고 있는 다양한 선택에 대해 설명해 드리겠습니다. 1. 표준 배송: 영업일 기준 [운영시간/기간] 이내에 고객님을 기쁘게 하는 이 옵션은 긴급하지 않은 품목에 적합합니다. 2. 신속한 배송: 상품이 더 빨리 필요하십니까? [운영시간/기간] 영업일 내에 배송되는 더 빠른 대안을 선택하세요. 3. 익일 배송: 긴급한 요구 사항의 경우 패키지가 다음 영업일에 도착할 것이므로 안심해 주세요. 4. 매장 내 픽업: 편리함과 개인적인 접촉을 선호하는 경우 이 옵션을 사용하면 [주소/지역]에서 제품을 픽업할 수 있습니다. 다양한 배송 옵션을 고려할 때 추가 질문에 답변해 드리겠습니다. 고객 만족은 우리에게 가장 중요하며 고객님의 경험을 원활하고 즐거운 경험으로 만들기 위해 최선을 다하고 있습니다."
BELM,고객님이 제공하는 배송 방법을 어떻게 확인할 수 있는지 모르겠습니다.,배송,배송 방법 확인,"아, 전혀 걱정하지 마세요! 저는 배송 방법을 쉽게 탐색하는 과정을 안내하기 위해 왔습니다. 당사가 제공하는 다양한 배송 옵션을 보려면 당사 웹사이트를 방문하여 ""배송"" 또는 ""배송 옵션"" 섹션으로 이동하십시오. 여기에서 예상 배송 시간과 적용될 수 있는 추가 비용을 포함하여 각 방법에 대한 자세한 정보를 확인할 수 있습니다. 진행 중에 궁금한 점이 있거나 제가 도와드릴 수 있는 다른 사항이 있으면 언제든지 알려주시기 바랍니다. 저는 고객님의 배송 경험이 원활하고 고객님의 요구에 맞게 조정되도록 하기 위해 왔습니다!"
BLM,어떤 배송 옵션을 선택할 수 있는지 알고 싶습니다.,배송,배송 방법 확인,"아, 고객님을 기다리고 있는 다양한 배송 옵션을 살펴보고 싶은 마음을 이해합니다. 매우 기쁘게 생각하며 고객님이 사용할 수 있는 옵션을 공개하겠습니다. 1. 표준 배송: 신뢰성과 편의성이 가득한 이 옵션을 사용하면 패키지가 영업일 기준 [운영시간/기간] 이내에 도착할 수 있습니다. 2. 빠른 배송: 이 빠른 옵션을 통해 더 빠른 여행을 시작하세요. 영업일 기준 [운영시간/기간] 내에 상품을 배송해 드립니다. 3. 익일 배송: 즉각적인 만족을 원하는 사람들을 위해 이 신속한 서비스는 다음 영업일 배송을 보장합니다. 4. 매장 내 픽업: [주소/지역]를 통해 편의성과 효율성을 조화시켜 현지 경험을 확장할 수 있습니다. 각 선택에는 고유한 매력과 매력이 있으며, 어느 선택이 고객님께 가장 공감하는지 듣고 싶습니다. 추가 문의사항이 있거나 도움이 필요하시면 알려주시기 바랍니다. 저는 모든 단계를 안내하기 위해 여기 있습니다!"
BCIL,배송방법을 확인하고 싶은데 어떻게 해야 하나요?,배송,배송 방법 확인,"내가 처리할게! 당사의 배송 방법에 관심을 가져주셔서 반갑습니다. 사용 가능한 배송 옵션을 확인하려면 당사 웹사이트를 방문하여 ""배송"" 또는 ""배송"" 섹션으로 이동하세요. 여기에서 예상 배송 시간 및 각 옵션과 관련된 추가 비용을 포함하여 당사가 제공하는 다양한 배송 방법에 대한 자세한 정보를 확인할 수 있습니다. 특정 요구 사항이 있거나 제가 도와드릴 수 있는 다른 사항이 있으면 언제든지 알려주시기 바랍니다. 저는 고객님이 원활하고 정보에 입각한 쇼핑 경험을 누릴 수 있도록 여기 있습니다."
BCL,배송 방법을 확인해야 하는데 도움이 필요합니다,배송,배송 방법 확인,고객님의 메시지를 받게 되어 기쁘게 생각합니다! 이용 가능한 배송 옵션을 살펴보는 데 도움을 드리고자 왔습니다. 자세한 내용을 함께 살펴보겠습니다. 1. 표준 배송: 가장 일반적인 배송 옵션입니다. 일반적으로 영업일 기준 [운영시간/기간] 이내에 도착하며 긴급하지 않은 품목에 적합합니다. 2. 빠른 배송: 더 빠른 옵션을 찾고 있다면 빠른 배송을 선택하세요. [운영시간/기간] 영업일 내에 고객님의 상품을 받으실 수 있습니다. 3. 익일 배송: 긴급하게 필요한 것이 있나요? 당사의 익일 배송 보장은 고객님의 상품이 다음 영업일에 배송되도록 보장합니다. 4. 매장 픽업: 직접 상품을 수령하고 싶으신 분들을 위해 매장 픽업 서비스를 제공합니다. 온라인에서 원하는 품목을 선택하고 픽업할 가장 가까운 매장 위치를 ​​선택하기만 하면 됩니다. 지역 및 기타 요인에 따라 배송 시간이 달라질 수 있다는 점을 참고하시기 바랍니다. 특별한 우려 사항이 있거나 제가 도와드릴 수 있는 다른 사항이 있으면 언제든지 문의해 주세요. 고객 만족이 저희의 최우선 사항입니다!
BIQS,[주소/지역]로 배달해주실 수 있나요?,배송,배송 방법 확인,"아, 매력과 아름다움이 넘치는 도시 [주소/지역]! [주소/지역]로 배송이 가능하다는 사실을 알려드리게 되어 기쁘게 생각합니다. [주소/지역]를 통해 배송 옵션의 편리함을 누리고 상품을 문앞까지 바로 배송받을 수 있습니다. 저희는 고객님이 어디에 있든 고객님께 더 가까운 서비스를 제공하기 위해 노력하고 있습니다. 특별한 문의 사항이 있거나 제가 도와드릴 수 있는 다른 사항이 있으면 언제든지 알려주시기 바랍니다. 저는 고객 만족을 보장하기 위해 여기 있습니다!"
BIQSZ,"아, [주소/지역]로 배달해 주세요",배송,배송 방법 확인,"내가 해낼게! [주소/지역]로 배송 서비스를 제공하여 떠오르는 해의 나라에서 편리하게 상품을 받으실 수 있습니다. 선물을 보내시거나, 제품을 구매하시거나, 기타 배송 요구사항을 충족시키시려면 저희가 도와드리겠습니다. 당사의 배송 옵션은 원활하고 번거롭지 않은 경험을 보장하여 고객님의 패키지가 제 시간에 안전하게 도착할 수 있도록 설계되었습니다. 다른 질문이 있거나 추가 도움이 필요하시면 언제든지 알려주세요. 저는 도와주러 왔습니다!"
BILMP,어떤 배송 옵션이 있는지 보여주실 수 있나요?,배송,배송 방법 확인,확실히! 당사가 고객님을 위해 제공하는 다양한 놀라운 배송 옵션을 공개하겠습니다. 1. 표준 배송: 이 신뢰할 수 있는 방법은 일반적으로 도착하는 데 [운영시간/기간] 영업일이 소요되며 긴급하지 않은 주문에 적합합니다. 2. 빠른 배송: 시간이 중요한 경우 [운영시간/기간] 영업일 이내에 배송하려면 이 옵션을 선택하세요. 3. 익일 배송: 긴급한 도움이 필요하신가요? 다음 영업일까지 상품을 받으려면 이 서비스를 선택하세요. 4. 매장 내 픽업: 가장 가까운 [주소/지역]에서 직접 주문을 픽업하는 편리함을 누려보세요. 각 배송 옵션은 다양한 요구 사항을 충족하도록 설계되어 소중한 고객에게 유연성과 편리함을 보장합니다. 이러한 옵션에 대해 구체적인 문의 사항이나 질문이 있는 경우 언제든지 문의해 주세요. 이 과정을 안내하고 추가 지원을 하게 되어 기쁘게 생각합니다!
BIL,배송 방법에 대한 정보는 어디서 찾을 수 있나요?,배송,배송 방법 확인,"아, 지식 탐구! 고객님는 당사의 배송 방법에 대한 자세한 정보를 찾을 수 있는 올바른 위치에 있습니다. 전반적인 이해를 위해 당사 웹사이트의 배송 또는 배송 페이지를 방문하는 것을 권장합니다. 여기에서 당사가 제공하는 다양한 배송 방법, 예상 배송 시간 및 관련 비용을 포함하여 귀중한 통찰력을 얻을 수 있습니다. 자주 묻는 질문(FAQ) 섹션도 살펴보세요. 배송에 관한 일반적인 질문을 다루는 경우가 많습니다. 추가 지원이 필요하거나 특정 질문이 있는 경우 언제든지 고객 지원팀에 문의하세요. 저희는 항상 배송 여정의 모든 단계를 안내해 드립니다!"
BLM,어떤 배송 방법을 선택할 수 있는지 알려주세요,배송,배송 방법 확인,최선을 다하겠습니다! 배송 방법의 세계를 살펴보고 이용 가능한 옵션을 살펴보겠습니다. 우리가 제공하는 네 가지 방법은 다음과 같습니다. 1. 표준 배송: 이 방법은 일반적으로 배송에 [운영시간/기간] 영업일이 소요됩니다. 서두르지 않고 보다 편안한 속도를 즐기는 사람들에게 적합합니다. 2. 빠른 배송: 상품이 좀 더 빨리 필요하신 경우 빠른 배송을 제공해 드립니다. 이 방법을 사용하면 영업일 기준 [운영시간/기간] 내에 패키지를 받을 수 있어 더 빠른 배송이 보장됩니다. 3. 익일 배송: 긴급하고 시간에 민감한 상황의 경우 익일 배송 옵션이 있습니다. 이 방법을 사용하면 다음 영업일까지 패키지가 문앞까지 배달됩니다. 4. 매장 픽업: 보다 개인적인 접촉을 선호하고 배송비를 절약하고 싶다면 매장 픽업을 선택할 수 있습니다. 결제 시 이 옵션을 선택하시면 편리할 때 [주소/지역]에서 상품을 수령하실 수 있습니다. 각 방법을 자유롭게 살펴보고 필요에 가장 적합한 방법을 선택하십시오. 추가 질문이 있거나 결정을 내리는 데 도움이 필요하시면 제가 도와드리겠습니다!
BLM,어떤 배송 옵션을 사용할 수 있는지 확인하는 데 도움이 필요합니다.,배송,배송 방법 확인,"물론입니다! 이용 가능한 배송 옵션을 알아보는 데 도움을 드리게 되어 기쁘게 생각합니다. 편리한 선택에 대한 개요를 알려 드리겠습니다. 1. 표준 배송: 영업일 기준 [운영시간/기간]의 예상 배송 시간을 갖춘 이 옵션은 긴급하지 않은 품목에 적합합니다. 2. 빠른 배송: 더 빠른 배송을 원하는 경우 이 옵션은 일반적으로 [운영시간/기간] 영업일이 소요됩니다. 3. 익일 배송: 긴급한 요구 사항이 있는 경우, 고객님의 상품이 신속하게 도착할 수 있도록 익일 배송 서비스를 제공합니다. 4. 매장 내 픽업: 보다 직접적인 접근 방식을 선호하는 경우 [주소/지역] 중 한 곳에서 상품을 픽업하도록 선택할 수 있어 훨씬 더 편리합니다. 구체적인 배송 시간은 위치 및 제품 가용성과 같은 요인에 따라 달라질 수 있습니다. 추가 질문이 있거나 제가 도와드릴 수 있는 사항이 있으면 언제든지 문의해 주세요. 저는 고객 만족을 보장하기 위해 여기 있습니다!"
BILMP,내가 선택할 수 있는 배송 방법을 어떻게 확인할 수 있나요?,배송,배송 방법 확인,"즐거운 문의! 고객님이 원하는 대로 다양한 배송 옵션을 탐색하는 데 도움을 드리겠습니다. 사용 가능한 배송 방법을 확인하려면 다음 단계를 따르세요. 1. 당사 웹사이트 [웹사이트/메뉴]를 방문하세요. 2. 구매하려는 상품의 상품페이지로 이동합니다. 3. ""배송 옵션"" 또는 ""배송 정보"" 섹션을 찾으십시오. 4. 섹션을 클릭하여 확장하고 제공되는 다양한 배송 방법을 확인하세요. 5. 잠시 시간을 내어 각 옵션에 대한 설명과 예상 배송 시간을 자세히 읽어보세요. 이 과정에서 어려움을 겪거나 추가 질문이 있는 경우 언제든지 문의해 주세요. 저는 고객님의 경험을 원활하고 즐겁게 만들기 위해 왔습니다!"
BLM,어떤 배송 옵션이 있는지 확인하려고 전화했어요,배송,배송 방법 확인,"배송 옵션에 관해 문의해 주셔서 감사합니다. 저희는 고객님의 필요에 맞는 올바른 배송 방법을 선택하는 것이 중요하다는 것을 알고 있습니다. 사용 가능한 배송 옵션에 대한 포괄적인 개요를 제공해 드리겠습니다. 1. 표준 배송: 당사의 표준 배송 서비스는 신뢰할 수 있고 비용 효율적입니다. 지정된 주소에 도달하려면 일반적으로 [기타정보]가 걸립니다. 2. 신속 배송: 상품이 조금 더 빨리 필요한 경우 당사의 신속 배송 서비스가 탁월한 선택입니다. 이 옵션을 사용하면 패키지가 [기타정보] 내에 도착할 것으로 예상할 수 있습니다. 3. 익일 배송: 기다릴 수 없는 긴급 주문의 경우 익일 배송을 제공합니다. 고객님의 패키지는 다음 영업일까지 고객님의 문앞까지 배달될 것입니다. 4. 매장 픽업: 상품을 직접 수령하고 싶으신 경우, 편리한 매장 픽업 옵션을 이용하실 수 있습니다. 결제 과정에서 이 옵션을 선택한 후 편하신 시간에 가장 가까운 매장에서 주문 상품을 수령하실 수 있습니다. 정확한 배송 시간은 고객님의 위치와 주문하는 제품의 재고 여부에 따라 다를 수 있습니다. 구체적인 질문이나 요구사항이 있는 경우 언제든지 알려주시면 추가 지원을 해드리겠습니다. 고객 만족이 저희의 최우선 사항입니다!"
BIQSW,[주소/지역]한테 주문하는 게 가능해?,배송,배송 방법 확인,물론이죠! 저희는 [주소/지역]를 포함하여 전 세계의 고객을 소중하게 생각합니다. 고객님이 어디에 있든 우리에게 주문할 수 있습니다. 저희는 고객님의 주문이 안전하고 효율적으로 배송될 수 있도록 국제 배송 옵션을 제공합니다. 선택 항목을 찾아보고 원하는 품목을 장바구니에 추가한 후 결제 페이지로 이동하세요. 결제 과정에서 [주소/지역]를 배송 목적지로 선택할 수 있습니다. 도움이 필요하거나 국제 배송에 관해 구체적인 질문이 있는 경우 당사 고객 지원팀이 도와드리겠습니다. 저희는 고객님께 서비스를 제공하고 고객님의 주문을 [주소/지역]에 세심하고 신속하게 전달할 수 있기를 기대합니다!
BILQSZ,[주소/지역]로 보내세요.,배송,배송 방법 확인,"저는 그것을하고있다! [주소/지역]는 주목할 만한 도시이며, 이 활기찬 지역에 배달 서비스를 제공하게 되어 기쁘게 생각합니다. 표준 배송 옵션, 빠른 배송, 매장 내 픽업 등 무엇을 원하시든 저희가 도와드리겠습니다. 저희의 목표는 고객님의 패키지가 적시에 효율적으로 고객님께 도착하도록 하는 것입니다. 그러니 [주소/지역]로의 배송 옵션을 살펴보세요. 클릭 한 번이면 됩니다! 추가 질문이 있거나 도움이 필요하시면 언제든지 알려주시기 바랍니다. 함께 기억에 남는 배송 경험을 만들어 보세요!"
BILM,내가 가지고 있는 배송 방법을 확인하려면 어떻게 해야 합니까?,배송,배송 방법 확인,"좋은 질문입니다! 이용 가능한 배송 방법을 알아보려면 다음과 같은 간단한 단계를 따르세요. 1. 당사 웹사이트 [웹사이트/메뉴]를 방문하여 구매하려는 품목의 제품 페이지로 이동합니다. 2. 제품 페이지에서 ""배송 옵션"" 또는 이와 유사한 섹션을 찾을 수 있습니다. 이를 클릭하면 사용 가능한 방법을 확장하고 볼 수 있습니다. 3. 해당되는 경우 예상 배송 시간 및 비용과 함께 배송 방법 목록이 표시됩니다. 4. 시간을 내어 각 옵션을 검토하고 고객님의 필요와 선호도에 가장 적합한 옵션을 선택하십시오. 배송 방법을 알아보는 과정에서 추가 질문이 있거나 도움이 필요한 경우 언제든지 고객 지원팀에 문의하세요. 저희는 고객님이 정보에 입각한 결정을 내리고 원활한 쇼핑 경험을 보장할 수 있도록 도와드립니다. 추가로 도움을 드릴 수 있는 방법을 알려주세요!"
BCL,배송 옵션을 확인해야 하는데 도와주세요,배송,배송 방법 확인,"물론이죠! 다양한 배송 옵션을 안내하고 고객님의 요구 사항에 가장 적합한 옵션을 찾을 수 있도록 도와드리겠습니다. 저희는 원활하고 편리한 배송 경험을 보장하기 위해 다양한 배송 옵션을 제공합니다. 주요 배송 옵션은 다음과 같습니다. 1. 표준 배송: 이 옵션은 긴급하지 않은 품목에 적합합니다. 일반적으로 영업일 기준 [운영시간/기간] 이내에 도착합니다. 2. 빠른 배송: 상품이 좀 더 빨리 필요하다면 빠른 배송이 이상적인 선택입니다. [운영시간/기간] 영업일 내에 고객님의 상품을 받으실 수 있습니다. 3. 익일 배송: 긴급한 요구 사항이 있는 경우 익일 배송을 제공하여 다음 영업일까지 배송되도록 보장합니다. 4. 매장 내 픽업: 보다 개인화된 경험을 원할 경우 매장 내 픽업을 선택할 수 있습니다. 결제 시 이 옵션을 선택하시면 [주소/지역]에서 상품을 받으실 수 있습니다. 위치, 재고 상황 등의 요인에 따라 배송 시간이 달라질 수 있는 점 참고하시기 바랍니다. 특별한 문의 사항이 있거나 추가 지원이 필요한 경우 언제든지 알려주시기 바랍니다. 저는 고객님이 원활하고 만족스러운 배송 경험을 누릴 수 있도록 하기 위해 왔습니다!"
BILQS,[주소/지역]로 배송해 주세요,배송,배송 방법 확인,"아, [주소/지역]로 배송되는 스릴이군요! 저희는 고객님과 같은 소중한 고객이 [주소/지역]의 탁월한 배송 서비스를 이용할 수 있도록 하는 데 큰 기쁨을 느낍니다. 그렇습니다. 저희는 [주소/지역]로 배송합니다! 저희의 안정적이고 편리한 배송 옵션은 고객님의 요구를 충족하고 주문을 신중하게 배송하도록 설계되었습니다. 표준 배송부터 빠른 배송 및 익일 옵션까지 모든 서비스를 제공해 드립니다. 특정 문의 사항이나 질문이 있는 경우 주저하지 말고 알려주시기 바랍니다. 고객님과 함께 배송 옵션의 세계를 탐험하는 것은 저희의 가장 큰 기쁨입니다!"
BILM,내가 가지고 있는 배송 방법을 확인할 수 있나요?,배송,배송 방법 확인,"아, 해운 분야에 대한 지식을 찾는 탐험가이군요! 두려워하지 마십시오. 저는 우리 운송 방법의 비밀을 밝히기 위해 왔습니다. 사용 가능한 배송 옵션을 확인하는 과정을 안내해 드리겠습니다. 1. 당사 웹사이트를 방문하여 ""배송"" 또는 ""배송"" 섹션으로 이동합니다. 일반적으로 ""도움말"" 또는 ""고객 서비스"" 탭에서 찾을 수 있습니다. 2. 배송 페이지에 들어가면 당사가 제공하는 모든 배송 방법의 전체 목록을 확인할 수 있습니다. 각 방법에는 예상 배송 시간에 대한 설명과 추가 세부 정보 또는 요구 사항이 함께 제공됩니다. 3. 시간을 내어 각 옵션을 검토하고 고객님의 필요에 가장 적합한 옵션을 선택하십시오. 질문이 있거나 추가 지원이 필요한 경우 언제든지 고객 지원팀에 문의하세요. 그들은 고객님이 옵션을 탐색하는 데 기꺼이 도움을 주고 고객님의 특정 요구 사항에 따라 맞춤형 권장 사항을 제공할 것입니다. 저희는 다양한 선호도와 요구 사항을 충족할 수 있는 다양한 배송 방법을 제공하기 위해 노력하고 있습니다. 고객 만족이 저희의 최우선 과제이며, 고객님의 상품이 가능한 가장 편리하고 시기적절한 방법으로 고객님께 도착할 수 있도록 노력하고 있습니다. 이제 자신감을 갖고 배송 방법의 세계를 탐험해 보세요! 추가 지원이 필요하거나 추가 질문이 있는 경우 언제든지 문의해 주세요. 저희는 항상 고객님의 필요에 맞는 최상의 배송 선택을 할 수 있도록 도와드립니다."
BLMQ,어떤 배송 방법을 사용하고 있는지 확인하는 데 도움이 필요합니다,배송,배송 방법 확인,바로 처리하겠습니다! 저는 다양한 배송 방법을 탐색하는 데 도움을 드리고자 왔습니다. 옵션을 세분화해 보겠습니다. 1. 표준 배송: 이 옵션은 일반적으로 [운영시간/기간] 영업일 이내에 도착하므로 서두르지 않는 경우 이상적입니다. 2. 빠른 배송: 상품이 조금 더 빨리 필요한 경우 이 방법을 사용하면 영업일 기준 [운영시간/기간] 이내에 배송이 보장됩니다. 3. 익일 배송: 긴급한 요구가 있는 경우 이 옵션은 익일 배송을 보장합니다. 4. 매장 픽업: 상품을 직접 픽업하는 편리함을 선호하는 경우 이 방법을 선택하여 [주소/지역]에서 픽업할 수 있습니다. 이러한 배송 시간은 위치 및 제품 가용성과 같은 요인에 따라 달라질 수 있습니다. 구체적인 질문이 있거나 제가 도와드릴 수 있는 다른 사항이 있으면 언제든지 알려주시기 바랍니다. 고객 만족이 최우선입니다!
BIQSZ,[주소/지역] 주문할 수 있나요?,배송,배송 방법 확인,"저는 그것을하고있다! [주소/지역]의 주문을 기꺼이 받아들인다는 사실을 알려드리게 되어 기쁩니다. 당사의 배송 서비스는 [주소/지역]를 포함한 광범위한 국가를 포괄하므로 제품을 고객님께 쉽게 배송할 수 있습니다. 표준 배송이든 빠른 배송 옵션이든 우리가 보장해 드립니다. [주소/지역]를 통해 집에서 편안하게 주문할 수 있어 편리함과 만족감을 느낄 수 있습니다. 저희 웹사이트를 자유롭게 둘러보시고, 원하는 품목을 선택하신 후 주문을 진행하시기 바랍니다. 주문 과정에서 특별히 도움이 필요한 사항이 있으면 주저하지 말고 문의하세요. 저희는 고객님이 주문하는 순간부터 캐나다 문앞에 도착할 때까지 고객님의 경험이 원활하고 즐겁고 기쁨으로 가득 차도록 보장하기 위해 여기에 있습니다!"
BLMQ,어떤 배송 옵션이 있는지 확인하려고 합니다.,배송,배송 방법 확인,좋은 질문입니다! 고객님이 이용할 수 있는 배송 옵션에 대해 궁금해하시는 점을 이해합니다. 우리가 제공하는 다양한 옵션에 대해 설명해 드리겠습니다. 1. 표준 배송: 이 옵션은 일반적으로 도착하는 데 [운영시간/기간] 영업일이 소요됩니다. 시간적 여유가 좀 더 있을 때 긴급하지 않은 물건을 보관하는 데 적합합니다. 2. 빠른 배송: 상품이 좀 더 빨리 필요한 경우 이 옵션을 사용하면 영업일 기준 [운영시간/기간] 이내에 배송이 보장되어 빠른 절차가 보장됩니다. 3. 익일 배송: 긴급한 요구 사항을 위해 익일 배송은 다음 영업일까지 고객님의 상품을 고객님께 배달할 수 있도록 맞춤화되어 고객님께 빠른 만족을 제공합니다. 4. 매장 내 픽업: 직접 상품을 직접 수령하는 편리함을 원하신다면 [주소/지역]가 기꺼이 도와드리겠습니다. 구체적인 배송 시간은 위치 및 기타 요인에 따라 달라질 수 있다는 점을 기억하세요. 특별한 문의 사항이 있거나 제가 도와드릴 수 있는 다른 사항이 있으면 알려주시기 바랍니다. 저는 고객 만족을 보장하고 가능한 최고의 배송 경험을 제공해 드리겠습니다!
BCLM,어떤 배송 옵션을 선택할 수 있는지 알고 싶습니다. 도와주세요.,배송,배송 방법 확인,"아, 흥미진진한 배송 옵션의 세계가 기다리고 있습니다! 저는 고객님이 이용할 수 있는 선택의 범위를 탐색하는 데 확실히 도움을 드릴 수 있습니다. 당사가 제공하는 배송 옵션은 다음과 같습니다. 1. 표준 배송: [운영시간/기간] 영업일 이내에 예상 배송 시간을 제공하는 신뢰할 수 있는 옵션입니다. 긴급하지 않은 품목에 적합합니다. 2. 빠른 배송: 상품을 좀 더 빨리 배송하고 싶으십니까? 빠른 배송을 통해 [운영시간/기간] 영업일 이내에 주문을 배송할 수 있습니다. 3. 익일 배송: 시간이 중요한 경우 다음 영업일 배송을 위해 익일 배송 옵션을 선택하세요. 4. 국제 배송: 국경을 넘어 패키지를 보내는 사람들을 위해 당사의 국제 배송 서비스는 전 세계적으로 안전하고 시기적절한 배송을 보장합니다. 정확한 배송 시간은 위치 및 기타 요인에 따라 달라질 수 있다는 점을 기억하세요. 특정 배송 방법에 대해 특별한 우려 사항이나 질문이 있는 경우 언제든지 문의해 주세요. 저는 고객님께 절차를 안내하고 고객님이 가질 수 있는 추가 문의사항을 해결하기 위해 왔습니다."
BLMQ,어떤 배송 방법이 있는지 확인하는 데 도움이 필요합니다.,배송,배송 방법 확인,"물론이죠! 사용 가능한 배송 방법을 알아보는 데 도움을 드리게 되어 기쁘게 생각합니다. 다양한 배송 옵션을 보려면 다음을 수행하세요. 1. 당사 웹사이트 [웹사이트/메뉴]를 방문하여 고객님의 계정에 로그인하십시오. 2. 웹사이트에서 ""배송"" 또는 ""배송"" 섹션으로 이동합니다. 3. 고객님는 당사의 배송 방법 및 세부 사항에 대한 포괄적인 목록을 확인하실 수 있습니다. 4. 각 배송 방법에는 고유한 설명, 예상 배송 시간 및 추가 비용이 있습니다. 5. 시간을 내어 옵션을 검토하고 고객님의 필요에 가장 적합한 배송 방법을 선택하십시오. 특정 배송 방법에 대해 궁금한 점이 있거나 추가 지원이 필요한 경우 언제든지 문의하세요. 저희는 모든 단계를 안내하기 위해 여기 있습니다!"
BIL,배송 옵션을 확인하려면 어떻게 해야 합니까?,배송,배송 방법 확인,"좋은 질문입니다! 이용 가능한 배송 옵션을 확인하려면 다음의 간단한 단계를 따라 주세요. 1. 당사 홈페이지 [웹사이트/메뉴]를 방문하여 구매하려는 상품의 상품 페이지를 검색하세요. 2. 제품 페이지에서 ""배송 옵션"" 또는 ""배송 정보""라고 표시된 섹션이나 버튼을 찾을 수 있습니다. 계속하려면 클릭하세요. 3. 해당 지역에서 사용할 수 있는 다양한 배송 옵션을 보여주는 팝업 또는 드롭다운 메뉴가 나타납니다. 4. 예상 배송 시간 및 비용을 포함하여 제시된 옵션을 검토하여 고객님의 필요에 맞는 옵션을 선택하십시오. 5. 원하는 옵션을 선택한 후 구매 절차를 계속 진행하여 주문을 마무리하세요. 절차 중에 어려움이 발생하거나 추가 질문이 있는 경우 당사 고객 지원팀이 항상 도움을 드릴 것입니다. 웹사이트의 라이브 채팅을 통해 또는 [고객센터전화번호]로 전화하여 언제든지 문의해 주세요. 저희는 고객님의 쇼핑 경험을 쉽게 만들어드리기 위해 최선을 다하고 있습니다!"
BLMW,고객님이 제공하는 피비린내 저는 배송 옵션을 확인하는 데 도움,배송,배송 방법 확인,"아, 가능한 배송 옵션에 대해 문의해 주셔서 감사합니다! 광범위한 선택을 탐색하는 과정을 안내해 드리겠습니다. 1. 당사 웹사이트 [웹사이트/메뉴]를 방문하여 시작하십시오. 2. 홈페이지에서 '배송' 또는 '배송' 섹션으로 이동합니다. 3. 여기에서 당사가 제공하는 다양한 배송 옵션에 대한 자세한 정보를 확인할 수 있습니다. 4. 각 옵션의 기능, 예상 배송 시간 및 적용될 수 있는 추가 비용을 자유롭게 살펴보세요. 5. 추가 질문이 있거나 특정 배송 시나리오에 대한 도움이 필요한 경우 고객 지원팀에 전화나 메시지를 보내시면 됩니다. 다음 단계에 따라 고객님는 당사의 엄청나게 놀라운 배송 옵션을 검토하고 고객님의 필요에 가장 적합한 옵션을 선택할 수 있습니다. 건배!"
BILQS,[주소/지역]로 배송하세요,배송,배송 방법 확인,"실제로 저희는 [주소/지역]로 배송 서비스를 제공합니다! 전 세계에 제품을 제공하려는 저희의 노력을 통해 고객님과 같은 고객에게 다가가고 우리 제품을 고객님의 문앞으로 가져갈 수 있습니다. 고객님이 [주소/지역]에 있든 다른 위치에 있든 저희는 배송 절차를 원활하고 효율적으로 만들기 위해 노력하고 있습니다. 배송 옵션을 자유롭게 살펴보고 고객님의 필요에 가장 적합한 배송 옵션을 선택하세요. 특정 질문이 있거나 주문과 관련하여 도움이 필요한 경우, 주저하지 말고 알려주시기 바랍니다. 저희는 모든 단계에서 고객 만족을 보장하기 위해 여기에 있습니다!"
BCILW,빌어먹을 배송 옵션을 확인해야 하는데 어떻게 해야 하나요?,배송,배송 방법 확인,불편을 끼쳐드려 죄송합니다. 정보에 입각한 결정을 내리려면 배송 옵션을 탐색하는 것이 필수적입니다. 단계별로 안내해 드리겠습니다. 1. 당사 홈페이지를 방문하여 구매하고 싶은 상품의 상품 페이지로 이동합니다. 2. 아래로 스크롤하여 '배송 옵션' 섹션을 찾습니다. 3. 해당 섹션을 클릭하여 확장하면 사용 가능한 배송 방법이 표시됩니다. 4. 예상 배송 기간과 제공된 추가 정보를 기록해 두세요. 어려움이 있거나 추가 문의사항이 있는 경우 언제든지 문의해 주세요. 최선을 다해 도와드리겠습니다. 고객 만족이 저희의 최우선 사항입니다!
BILP,배송 옵션을 어떻게 볼 수 있나요?,배송,배송 방법 확인,"기쁘다! 배송 옵션을 확인하는 과정을 안내해 드리겠습니다. 다음의 간단한 단계를 따르면 쉽습니다. 1. 당사 홈페이지를 방문하여 구매하고 싶은 상품의 상품 페이지로 이동합니다. 2. 제품 페이지에서 ""배송 옵션"" 또는 ""배송 방법"" 섹션을 찾을 수 있습니다. 그것을 클릭하세요. 3. 사용 가능한 배송 옵션 목록이 예상 배송 시간 및 추가 세부정보와 함께 표시됩니다. 4. 잠시 시간을 내어 각 옵션을 검토하고 고객님의 필요에 가장 적합한 옵션을 선택하십시오. 5. 장바구니에 상품을 추가하고 결제 과정을 완료하세요. 추가 지원이 필요하거나 배송 옵션에 대해 구체적인 질문이 있는 경우 언제든지 문의해 주세요. 저희는 고객님께서 원활하고 즐거운 쇼핑 경험을 하실 수 있도록 최선을 다해 왔습니다!"
BL,배송 옵션을 보려면 어떻게 해야 할지 모르겠습니다.,배송,배송 방법 확인,"기꺼이 도와드리겠습니다! 배송 옵션을 확인하는 과정을 안내해 드리고자 왔습니다. 사용 가능한 배송 옵션을 보려면 다음 단계를 따르세요. 1. 당사 웹사이트 [웹사이트/메뉴]를 방문하여 고객님의 계정에 로그인하십시오. 2. 계정 대시보드의 ""배송"" 또는 ""배송"" 섹션으로 이동합니다. 3. 예상 배송 시간, 추가 비용 또는 요구 사항과 함께 사용 가능한 배송 옵션 목록이 표시됩니다. 여전히 배송 옵션을 찾는 데 문제가 있는 경우 [고객센터전화번호]로 고객 지원팀에 문의하거나 당사 웹사이트의 라이브 채팅을 통해 문의하세요. 추가 지원을 제공하기 위해 [운영시간/기간]를 이용하실 수 있습니다. 저희는 고객 만족을 보장하고 정보에 입각한 결정을 내릴 수 있도록 돕기 위해 왔습니다."
BLM,어떤 배송 방법을 사용할 수 있는지 확인하는 데 도움이 필요합니다.,배송,배송 방법 확인,물론입니다! 고객님이 이용할 수 있는 배송 방법을 알아보는 데 도움을 드리고자 왔습니다. 배송 옵션의 세계를 살펴보겠습니다. 1. 표준 배송: 패키지가 영업일 기준 [운영시간/기간] 이내에 도착하므로 기대를 품으세요. 서두르지 않는 사람들을 위한 선택입니다. 2. 빠른 배송: 상품이 좀 더 빨리 필요하십니까? 신속한 배송을 통해 영업일 기준 [운영시간/기간] 이내에 배송이 보장되므로 시간이 절약됩니다. 3. 익일 배송: 긴급한 요구 사항과 즉각적인 만족을 원하는 경우 이 방법을 사용하면 익일 배송이 보장됩니다. 4. 매장 내 픽업: 지정된 [주소/지역]에서 직접 상품을 픽업하는 편리함을 선호하는 경우 완벽한 옵션입니다. 지금까지 고객님는 당사가 제공하는 다양한 배송 옵션을 살펴보았습니다. 고객님께 가장 공감되는 방법은 무엇입니까? 궁금한 점이 있거나 추가 도움이 필요하시면 언제든지 알려주세요. 함께 원활하고 즐거운 쇼핑 경험을 만들어 보세요!
BILMP,어떤 배송 옵션이 있는지 확인할 수 있나요?,배송,배송 방법 확인,배송 옵션에 대해 문의해 주셔서 감사합니다. 저는 도와주러 왔습니다! 이용 가능한 배송 옵션을 안내해 드리겠습니다. 1. 표준 배송: 이 옵션은 일반적으로 영업일 기준 [운영시간/기간] 이내에 도착합니다. 서두르지 않으면 완벽합니다. 2. 신속 배송: 상품이 조금 더 빨리 필요한 경우 이 옵션은 영업일 기준 [운영시간/기간] 이내에 배송됩니다. 3. 익일 배송: 긴급한 요구가 있는 경우 익일 배송을 제공하여 익일 배송을 보장합니다. 4. 매장 내 픽업: 보다 즉각적인 옵션을 선호하고 [주소/지역] 중 한 곳 근처에 있는 경우 그곳에서 상품을 픽업할 수 있습니다. 배송 시간은 위치 및 기타 요인에 따라 달라질 수 있다는 점을 기억하세요. 특별한 우려 사항이 있거나 다른 도움이 필요한 경우 언제든지 알려주시기 바랍니다. 저는 고객님이 원활하고 만족스러운 경험을 할 수 있도록 여기 있습니다!
BELMQ,어떤 배송 옵션이 있는지 확인하려면 어떻게 해야 할지 모르겠습니다.,배송,배송 방법 확인,걱정하지 마세요. 제가 안내해 드리겠습니다! 사용 가능한 배송 옵션을 보려면 다음 단계를 따르세요. 1. 당사 웹사이트를 방문하여 고객님의 계정에 로그인하십시오. 2. 구매하려는 상품의 상품페이지로 이동합니다. 3. 장바구니에 상품을 추가하고 결제를 진행하세요. 4. 결제 페이지에는 배송 옵션 전용 섹션이 있습니다. 5. 드롭다운 메뉴를 클릭하여 제공된 다양한 배송 방법을 확인하고 선택하세요. 6. 세부 사항을 검토하고 고객님의 선호도와 요구 사항에 가장 적합한 옵션을 선택하십시오. 7. 나머지 단계를 완료하여 구매를 마무리하세요. 진행 중에 어려움이 있거나 추가 문의사항이 있으면 언제든지 문의해 주세요. 저는 모든 단계에서 고객님을 돕기 위해 여기 있습니다.
BILM,어떤 배송 방법을 사용할 수 있는지 어디서 확인할 수 있나요?,배송,배송 방법 확인,"아, 지식을 찾는 탐험가! 우리가 제공하는 다양한 배송 방법을 알아보려면 웹사이트에서 찾아보실 수 있습니다. 일반적으로 바닥글이나 ""도움말"" 메뉴 아래에 있는 ""배송"" 또는 ""배송"" 섹션으로 이동하세요. 여기에서 고객님의 요구 사항을 완벽하게 충족하도록 맞춤화된 배송 옵션의 포괄적인 목록을 확인하실 수 있습니다. 추가 지침이 필요하거나 특정 방법에 대해 궁금한 점이 있으면 주저하지 말고 문의하세요. 광활한 배송 가능성의 바다를 탐험하고 배송 여정을 시작해보세요!"
BILQSZ,일본으로 배송해주나요,배송,배송 방법 확인,물론이죠! [주소/지역]로 배송 서비스를 제공하게 되어 기쁘게 생각합니다. 고객님의 요구 사항을 충족시키고 [주소/지역]에서 고객님의 문앞까지 제품을 배송하는 것은 저희의 기쁨입니다. 표준 배송을 원하시든 빠른 배송을 원하시든 저희가 도와드리겠습니다. 저희 팀은 [주소/지역]의 모든 소중한 고객에게 원활한 배송 경험을 보장하기 위해 노력하고 있습니다. 구체적인 질문이나 우려 사항이 있는 경우 언제든지 고객 지원팀에 문의해 주세요. [운영시간/기간]([고객센터전화번호]) 또는 당사 웹사이트([웹사이트/메뉴])의 라이브 채팅을 통해 이용 가능합니다. [주소/지역]로 배송 시 신뢰할 수 있는 파트너가 되어 드리겠습니다!
BLM,어떤 배송 방법이 가능한지 확인하려고 전화했어요,배송,배송 방법 확인,이용 가능한 배송 방법에 대해 문의해 주셔서 감사합니다. 고객님의 필요에 가장 적합한 옵션을 찾는 데 도움을 드리게 되어 기쁘게 생각합니다. 정확한 답변을 드리기 위해 현재 위치를 알려주실 수 있나요? 이를 통해 고객님의 지역에서 이용 가능한 배송 옵션과 관련하여 가장 관련성이 높은 정보를 제공할 수 있습니다. 고객님의 위치를 ​​제공하는 데 있어 인내심과 협조에 감사드립니다. 이 정보를 받으면 사용 가능한 배송 방법을 안내해 드릴 수 있습니다.
BILQ,배송 방법을 보는 방법,배송,배송 방법 확인,"확실히! 배송 방법을 확인하는 과정을 안내하게 되어 기쁘게 생각합니다. 간단한 단계는 다음과 같습니다. 1. 당사 웹사이트 [웹사이트/메뉴]를 방문하세요. 2. 구매하고 싶은 상품의 상품페이지로 이동합니다. 3. 제품 페이지에서 ""배송"" 또는 ""배송 옵션"" 섹션을 찾으십시오. 4. 특정 품목에 사용할 수 있는 배송 방법을 확장하려면 링크나 드롭다운 메뉴를 클릭하세요. 5. 다양한 배송 방법과 예상 배송 시간을 검토하세요. 6. 고객님의 필요에 가장 적합한 배송 방법을 선택하십시오. 7. 장바구니에 상품을 추가하고 결제 과정을 진행하세요. 도중에 어려움을 겪거나 질문이 있는 경우 [고객센터전화번호]로 고객 지원팀에 문의하거나 웹사이트의 라이브 채팅을 통해 언제든지 문의하세요. 저희는 항상 모든 단계에서 고객님을 돕기 위해 여기 있습니다. 즐거운 탐험과 즐거운 쇼핑을 즐겨보세요!"
BILQ,배송 옵션을 확인하려면 어떻게 해야 하나요?,배송,배송 방법 확인,"아, 배송 옵션을 살펴보는 현명한 선택이군요! 사용 가능한 배송 방법을 확인하려면 다음 단계를 따르세요. 1. 당사 웹사이트 [웹사이트/메뉴]를 방문하여 구매하려는 상품의 상품 페이지로 이동합니다. 2. 제품 페이지에서 배송 옵션을 나타내는 섹션이나 탭을 찾을 수 있습니다. 클릭하시면 다양한 방법을 보실 수 있습니다. 3. 배송 옵션에 액세스하면 예상 배송 시간 및 관련 비용을 포함하여 각 방법에 대한 자세한 정보를 확인할 수 있습니다. 4. 시간을 내어 옵션을 검토하고 고객님의 필요와 선호도에 가장 적합한 옵션을 선택하십시오. 5. 질문이 있거나 추가 지원이 필요한 경우 당사 웹사이트의 라이브 채팅을 통해 또는 [고객센터전화번호]로 전화하여 고객 지원팀에 언제든지 문의하세요. 다음 단계를 따르면 배송 옵션을 쉽게 확인할 수 있습니다. 추가 정보가 필요하면 주저하지 말고 문의하세요. 저희는 고객님의 배송 경험이 원활하고 만족스럽도록 보장하기 위해 왔습니다!"
BL,배송 방법에 대한 정보를 원합니다,배송,배송 방법 확인,"확실히! 배송 방법에 대한 자세한 정보를 제공하게 되어 기쁘게 생각합니다. 우리가 제공하는 옵션은 다음과 같습니다. 1. 표준 배송: 이는 당사의 표준 배송 옵션으로, 일반적으로 영업일 기준 [운영시간/기간] 이내에 도착합니다. 급하지 않은 물건에 딱 맞습니다. 2. 빠른 배송: 상품이 조금 더 빨리 필요한 분들을 위해 빠른 배송을 제공합니다. 이 옵션을 사용하면 영업일 기준 [운영시간/기간] 이내에 상품이 도착할 것으로 예상할 수 있습니다. 3. 익일 배송: 상품이 긴급하게 필요한 경우 익일 배송 옵션을 통해 다음 영업일까지 배송이 보장됩니다. 4. 매장 픽업: 최고의 편의를 위해 매장 픽업 옵션도 선택할 수 있습니다. 결제 시 이 옵션을 선택하시면 [주소/지역] 중 한 곳에서 편리하게 상품을 픽업하실 수 있습니다. 저희는 소중한 고객에게 유연하고 편리한 배송 솔루션을 제공하기 위해 노력하고 있습니다. 구체적인 질문이 있거나 제가 도와드릴 수 있는 다른 사항이 있으면 언제든지 알려주시기 바랍니다. 고객 만족이 저희의 최우선 사항입니다!"
BLM,내가 가지고 있는 배송 방법이 무엇인지 보여주세요,배송,배송 방법 확인,"물론입니다! 고객님의 요구 사항을 충족하도록 설계된 당사의 배송 방법의 세계를 살펴보겠습니다. 1. 표준 배송: 이것은 가장 인기 있는 옵션으로 고객님의 문앞에 도착하는 데 약 [운영시간/기간] 영업일이 소요됩니다. 급하지 않은 물건에 딱 맞습니다. 2. 빠른 배송: 상품이 좀 더 빨리 필요하다면 빠른 배송을 선택하세요. 일반적으로 영업일 기준 [운영시간/기간] 이내에 배송됩니다. 3. 익일 배송: 즉각적인 만족이 필요한 사람들을 위해 익일 배송 옵션을 통해 고객님의 패키지가 다음 영업일에 도착하도록 보장합니다. 4. 매장 내 픽업: 보다 직접적인 접근 방식을 선호하는 경우 [주소/지역] 중 하나에서 매장 내 픽업을 선택할 수 있습니다. 품목이 준비되면 알림을 받게 되며, 편리한 시간에 품목을 수령할 수 있습니다. 이는 당사의 기본 배송 방법이며 각각 다른 요구 사항을 충족합니다. 저희는 고객 만족을 보장하고 싶습니다. 이러한 옵션에 대해 특정 선호 사항이나 질문이 있는 경우 언제든지 알려주십시오!"
BLM,어떤 배송 방법을 제공하는지 알아보기 위해 전화했습니다,배송,배송 방법 확인,"물론이죠! 문의해 주셔서 감사합니다. 우리가 이용할 수 있는 다양한 배송 방법을 공유하게 되어 기쁩니다. 자세히 살펴보겠습니다. 1. 표준 배송: 이는 가장 인기 있는 옵션으로 예상 배송 시간은 [운영시간/기간] 영업일입니다. 2. 빠른 배송: 더 빠른 배송을 원하실 경우, 당사의 빠른 배송 옵션을 이용하시면 고객님의 상품이 영업일 기준 [운영시간/기간] 이내에 도착할 수 있습니다. 3. 당일 배송: 긴급한 요구 사항이 있는 경우 일부 지역에서는 당일 배송을 제공합니다. 고객님의 주문은 하루가 끝날 때까지 고객님의 문앞에 도착할 것입니다. 4. 매장 내 픽업: 보다 직접적인 접근 방식을 선호하는 경우 매장 내 픽업 옵션을 사용하면 매장 [주소/지역]에서 직접 상품을 픽업할 수 있습니다. 정확한 배송 지역에 따라 배송 시간이 다를 수 있다는 점을 참고하시기 바랍니다. 배송 옵션에 관한 특정 요구 사항이나 질문이 있는 경우 언제든지 문의하세요. 저희는 고객님이 원활한 쇼핑 경험을 누릴 수 있도록 돕기 위해 왔습니다!"
BM,어떤 배송 옵션을 제공하는지 확인하는 데 도움이 필요합니다.,배송,배송 방법 확인,"아, 배송 옵션의 비밀을 밝히기 위한 탐구입니다! 이 계몽적인 여정의 안내자가 되어 드리겠습니다. 당사가 제공하는 다양한 배송 옵션을 살펴보려면 당사 웹사이트를 방문하여 배송 및 배송 섹션으로 이동하는 것이 좋습니다. 여기에서 예상 배송 시간, 다양한 지역의 가용성, 적용 가능한 추가 서비스 등 각 옵션에 대한 자세한 정보를 확인할 수 있습니다. 저희 팀은 다양한 요구와 선호 사항을 충족하기 위해 이러한 옵션을 신중하게 선별하여 고객님의 배송 요구 사항에 완벽하게 맞는 것을 찾을 수 있도록 보장합니다. 신속하고 신속한 배송, 비용 효율성을 고려한 표준 배송, 매장 내 픽업의 편리함 등 무엇을 원하시든 당사의 옵션은 고객님의 쇼핑 경험을 향상하도록 설계되었습니다. 안심해 주세요. 저희의 목표는 고객님께 최고의 편리함과 만족을 제공하는 것입니다. 특정 문의사항이 있거나 주문에 가장 적합한 배송 옵션을 선택하는 데 도움이 필요한 경우 언제든지 문의해 주세요. 저희는 함께 운송 바다를 항해하며 고객님의 주문이 정시에, 완벽한 상태로, 행복한 마음으로 도착할 수 있도록 보장할 것입니다."
BILM,어떤 배송 방법이 있는지 확인하도록 도와주실 수 있나요?,배송,배송 방법 확인,기꺼이 도와드리겠습니다! 이용 가능한 배송 방법을 확인하는 데 도움을 드리고자 왔습니다. 자세한 개요를 알려 드리겠습니다. 1. 표준 배송: 가장 인기 있는 옵션으로 일반적으로 영업일 기준 [운영시간/기간] 이내에 도착합니다. 긴급하지 않은 품목에 적합하며 안정적인 배송을 보장합니다. 2. 빠른 배송: 상품이 좀 더 빨리 필요하다면 빠른 배송을 선택하세요. [운영시간/기간] 영업일 이내에 배송을 약속하므로 패키지를 더 빨리 받을 수 있습니다. 3. 익일 배송: 시간이 중요한 경우 익일 배송 옵션을 통해 다음 영업일 배송을 보장합니다. 긴급하게 물건이 필요한 경우 완벽한 선택입니다. 4. 매장 내 픽업: 보다 직접적인 접근 방식을 선호하는 분들을 위해 [주소/지역]에서 매장 내 픽업을 제공합니다. 고객님께서 직접 상품을 편리하게 수령하실 수 있으며 매장을 둘러보는 즐거움도 누리실 수 있습니다. 배송 시간은 위치 및 기타 요인에 따라 달라질 수 있음을 참고하시기 바랍니다. 제가 도와드릴 다른 것이 있나요?
BL,발송 방법을 보려고 한다,배송,배송 방법 확인,"확실히! 배송 방법을 알아보는 데 도움을 드리고자 왔습니다. 바로 뛰어 들어 봅시다! 저희 회사에서는 다양한 요구 사항을 충족하도록 맞춤화된 다양한 배송 방법을 제공합니다. 고려해야 할 몇 가지 옵션은 다음과 같습니다. 1. 표준 배송: 이는 당사의 기본 배송 방법으로, 고객님께 도달하는 데 일반적으로 [운영시간/기간] 영업일이 소요됩니다. 긴급하지 않은 품목에 대한 안정적이고 비용 효율적인 옵션입니다. 2. 빠른 배송: 더 빠른 배송을 원하신다면 빠른 배송 옵션이 탁월한 선택입니다. 더 빠른 도착을 보장하기 위해 일반적으로 상품을 배송하는 데 영업일 기준 [운영시간/기간]일이 소요됩니다. 3. 익일 배송: 가능한 한 빨리 상품이 필요한 긴급 상황을 위해 익일 배송을 제공합니다. 이 방법은 다음 영업일 배송을 보장하므로 안심할 수 있습니다. 4. 매장 내 픽업: 보다 직접적인 접근 방식을 선호하는 경우 매장 내 픽업을 선택할 수 있습니다. 결제 시 이 옵션을 선택하시면 고객님이 선택한 매장 위치에서 상품을 픽업할 수 있도록 준비해드립니다. 이는 다양한 선호도와 요구 사항을 충족하도록 설계된 배송 방법 중 일부에 불과합니다. 자유롭게 더 자세히 살펴보시고, 구체적인 질문이 있거나 제가 도와드릴 수 있는 다른 사항이 있으면 알려주시기 바랍니다. 고객 만족이 저희의 최우선 사항입니다!"
BL,배송 옵션을 확인하기 위해 전화했습니다,배송,배송 방법 확인,"최선을 다하겠습니다! 고객님는 모든 배송 문의에 대해 올바른 위치에 오셨습니다. 당사가 제공하는 다양한 배송 옵션에 대해 알려드리겠습니다. 저희의 목표는 고객님의 요구 사항을 충족하고 원활한 배송 경험을 보장하는 것입니다. 이용 가능한 배송 옵션은 다음과 같습니다. 1. 표준 배송: 긴급하지 않은 품목에 이상적이며 일반적으로 영업일 기준 [운영시간/기간] 이내에 도착합니다. 2. 빠른 배송: 조금 급하신 경우 이 옵션을 선택하시면 영업일 기준 [운영시간/기간] 이내에 상품을 받으실 수 있습니다. 3. 익일 배송: 최대한 빨리 상품이 필요하신가요? 다음 영업일에 수령하려면 익일 배송을 선택하세요. 4. 매장 내 픽업: 개인적인 접촉을 선호하고 [주소/지역] 중 하나 근처에 있는 경우 적합합니다. 배송 시간은 위치, 제품 가용성 등의 요인에 따라 달라질 수 있다는 점을 기억하세요. 추가 문의사항이 있거나 추가 지원이 필요하시면 언제든지 알려주세요. 저는 모든 단계에서 고객 만족을 돕고 보장하기 위해 여기 있습니다!"
BMQ,어떤 배달 옵션이 있는지 확인해야 해요,배송,배송 방법 확인,"물론이죠! 현재 고객님께 제공되는 배송 옵션을 탐색하는 데 도움을 드리겠습니다. 저희 회사에서는 다양한 요구 사항을 충족하도록 설계된 다양한 배송 방법을 제공합니다. 선택할 수 있는 옵션은 다음과 같습니다. 1. 표준 배송: 이것은 [운영시간/기간] 영업일 이내에 배송을 보장하고 긴급하지 않은 품목에 대해 신뢰할 수 있는 선택을 제공하는 가장 인기 있는 옵션입니다. 2. 빠른 배송: 패키지를 급하게 받으려면 빠른 배송 옵션이 적합합니다. 영업일 기준 [운영시간/기간] 이내에 배송이 보장되므로 상품이 신속하게 도착할 것이라는 확신을 가질 수 있습니다. 3. 익일 배송: 긴급하게 주문이 필요한 경우 익일 배송 옵션을 통해 다음 영업일 배송을 약속하므로 상품을 즉시 받아보실 수 있습니다. 4. 매장 픽업: 또 다른 편리한 선택은 매장 픽업입니다. [주소/지역] 중 한 곳에서 직접 상품을 픽업하고 싶다면 이 옵션을 사용하면 됩니다. 정확한 배송 시간은 위치, 주문량 등의 요인에 따라 달라질 수 있다는 점을 참고해 주시기 바랍니다. 구체적인 질문이 있거나 추가 지원이 필요한 경우 언제든지 문의해 주세요. 원활하고 만족스러운 배송 경험을 제공하는 것이 저희의 최우선 과제입니다."
BIL,배송방법은 어떻게 확인하나요?,배송,배송 방법 확인,"과연! 이용 가능한 배송 방법을 확인하는 방법을 안내해 드리겠습니다. 배송 옵션을 확인하려면 다음 단계를 따르세요. 1. 당사 홈페이지 [회사 홈페이지 URL]을 방문하세요. 2. 구매하려는 상품의 상품페이지로 이동합니다. 3. ""배송"" 또는 ""배송 옵션"" 섹션을 찾으십시오. 일반적으로 제품 설명 아래 또는 페이지 오른쪽에 있습니다. 4. ""배송"" 또는 ""배송 옵션"" 링크를 클릭하여 사용 가능한 방법을 확장합니다. 5. 이제 예상 배송 시간, 가격, 추가 옵션 등 세부 정보와 함께 배송 방법 목록이 표시됩니다. 6. 시간을 내어 정보를 검토하고 고객님의 필요에 가장 적합한 옵션을 선택하십시오. 배송 방법을 찾는 데 어려움이 있거나 추가 지원이 필요한 경우 언제든지 알려주시기 바랍니다. 저는 모든 단계에서 도움을 주기 위해 여기 있습니다!"
BILMW,어떤 배송 옵션을 사용할 수 있는지 어떻게 알 수 있나요?,배송,배송 방법 확인,불편하셨다면 죄송합니다. 배송 옵션을 살펴보는 과정을 안내해 드리겠습니다. 사용 가능한 배송 방법을 찾으려면 당사 웹사이트를 방문하여 제품 페이지 또는 결제 과정을 탐색할 수 있습니다. 결제 과정에서 선택할 수 있는 다양한 배송 옵션이 표시됩니다. 또한 [고객센터전화번호]로 전화하거나 당사 웹사이트 [웹사이트/메뉴]의 라이브 채팅을 통해 고객 지원팀에 문의할 수도 있습니다. 고객님의 필요에 가장 적합한 배송 옵션을 찾는 데 기꺼이 도움을 드릴 것입니다. 저는 모든 단계에서 고객님을 지원하기 위해 여기 있다는 것을 기억하십시오. 추가 질문이 있으면 주저하지 말고 문의하십시오.
BLM,선택할 수 있는 배송 방법을 확인하는 데 도움이 필요합니다.,배송,배송 방법 확인,"확실히! 저는 고객님이 이용할 수 있는 다양한 배송 방법을 탐색할 수 있도록 안내하기 위해 왔습니다. 당사의 탁월한 배송 옵션을 살펴보겠습니다. 1. 표준 배송: 이 방법은 일반적으로 상품을 배송하는 데 [운영시간/기간] 영업일이 소요됩니다. 급한 시간적 제약이 없는 분들에게 적합합니다. 2. 빠른 배송: 고객님의 상품이 좀 더 빨리 필요하신 경우, 당사의 빠른 배송 옵션을 이용하시면 영업일 기준 [운영시간/기간] 이내에 고객님의 주문을 받으실 수 있습니다. 3. 익일 배송: 시간이 중요한 경우에는 익일 배송을 통해 익일 배송을 보장합니다. 4. 매장 픽업: 상품을 직접 픽업하는 편리함을 원하신다면 [주소/지역]에서 매장 픽업 서비스를 제공해 드립니다. 이렇게 하면 가장 빠른 시일 내에 항목을 검색할 수 있습니다. 배송 시간은 위치 및 기타 요인에 따라 달라질 수 있다는 점을 기억하세요. 특별한 우려 사항이 있거나 제가 도와드릴 수 있는 다른 사항이 있으면 언제든지 문의해 주세요. 저희의 목표는 고객님의 쇼핑 경험 전반에 걸쳐 완전한 만족을 제공하는 것입니다."
BLQ,배송 옵션을 어떻게 볼 수 있는지 모르겠어요,배송,배송 방법 확인,"아, 고객님, 고객님의 불확실성이 느껴지네요. 배송 옵션을 쉽게 탐색하는 방법을 안내해 드리겠습니다. 다양한 배송 옵션을 보려면 다음의 간단한 단계를 따라 주세요. 1. 당사 웹사이트 [웹사이트/메뉴]를 방문하세요. 2. 구매하려는 상품의 상품페이지로 이동합니다. 3. 장바구니에 상품을 추가하세요. 4. 결제를 진행하세요. 5. 배송 섹션에는 사용 가능한 배송 옵션을 보여주는 드롭다운 메뉴가 있습니다. 6. 고객님의 필요와 선호도에 가장 적합한 옵션을 선택하십시오. 7. 예상 배송 시간 및 관련 비용을 포함한 배송 세부정보를 검토합니다. 8. 선택을 마친 후 결제 과정을 계속 진행하세요. 짜잔! 원하는 배송 옵션을 성공적으로 탐색하고 선택하셨습니다. 도중에 어려움이 있거나 추가 질문이 있는 경우 [고객센터전화번호]로 친절한 고객 지원팀에 문의하거나 당사 웹사이트의 라이브 채팅을 통해 언제든지 문의하세요. 저희는 고객님께 필요할 수 있는 모든 지원을 제공해 드리겠습니다. 즐거운 쇼핑과 배송을 즐겨보세요!"
BILMW,어떤 피비린내 저는 출산 방법이 있는지 보여줄 수 있나요?,배송,배송 방법 확인,"과연! 고객님이 자신 있는 선택을 하는 데 필요한 모든 정보를 얻을 수 있도록 배송 옵션에 대한 포괄적인 개요를 제시하겠습니다. 1. 표준 배송: 일반적으로 영업일 기준 [운영시간/기간] 이내에 도착하는 이 방법은 긴급하지 않은 품목에 적합하며 비용과 속도 간의 균형을 제공합니다. 2. 빠른 배송: 더 빠른 옵션을 찾고 계시다면 당사의 빠른 배송 서비스를 이용하시면 영업일 기준 [운영시간/기간] 이내에 배송이 보장됩니다. 좀 더 빨리 물건이 필요할 때 탁월한 선택입니다. 3. 익일 배송: 즉각적인 주의가 필요한 긴급한 요구 사항의 경우 익일 배송 옵션을 통해 다음 영업일까지 패키지가 도착할 수 있습니다. 시간에 민감한 주문을 위한 최고의 솔루션입니다. 4. 매장 내 픽업: 보다 직접적인 접근 방식을 선호하는 경우 매장 내 픽업 서비스를 통해 [주소/지역] 중 하나에서 직접 상품을 검색할 수 있습니다. 이 옵션은 근처에 있고 배송을 기다리지 않으려는 경우 이상적입니다. 위치, 제품 재고 등의 요인에 따라 배송 시간이 달라질 수 있다는 점을 참고하시기 바랍니다. 특별한 문의 사항이 있거나 추가 지원이 필요한 경우 언제든지 문의하세요. 저희는 고객님께 원활한 배송 경험을 보장하기 위해 왔습니다!"
BIL,배송 방법을 확인하는 데 도움을 주실 수 있나요?,배송,배송 방법 확인,물론이죠! 저는 배송 방법을 알아보는 데 도와드리겠습니다. 다음 단계를 안내해 드리겠습니다. 1. 당사 웹사이트 [웹사이트/메뉴]를 방문하세요. 2. '배송' 또는 '배송 옵션' 섹션으로 이동합니다. 3. 예상 배송 시간 및 관련 비용을 포함하여 다양한 배송 방법에 대한 자세한 정보를 확인할 수 있습니다. 4. 시간을 내어 옵션을 검토하고 고객님의 필요에 가장 적합한 옵션을 선택하십시오. 웹사이트를 탐색하는 동안 어려움이 있거나 추가 질문이 있는 경우 [고객센터전화번호]로 고객 지원팀에 언제든지 문의하세요. 그들은 기꺼이 필요한 안내를 제공해 드릴 것입니다. 즐거운 탐색 되세요!
BLQ,배송 방법을 확인하는 데 도움이 필요합니다.,배송,배송 방법 확인,물론이죠! 저희가 제공하는 배송 방법을 확인하는 데 도움을 드리고자 왔습니다. 저희의 목표는 원활한 배송 경험을 제공하는 것입니다. 이용 가능한 배송 옵션은 다음과 같습니다. 1. 표준 배송: 이 옵션은 일반적으로 배송에 [운영시간/기간] 영업일이 소요됩니다. 급하지 않은 물건에 딱 맞습니다. 2. 빠른 배송: 패키지를 좀 더 빨리 보내야 하는 경우 이 옵션을 사용하면 영업일 기준 [운영시간/기간] 이내에 배송이 보장됩니다. 3. 익일 배송: 긴급 배송의 경우 익일 배송을 제공하여 익일 배송을 보장합니다. 4. 매장 내 픽업: 보다 개인화된 경험을 원하시면 [주소/지역]에서 주문을 픽업하도록 선택할 수 있습니다. 이러한 옵션은 위치 및 기타 요인에 따라 달라질 수 있습니다. 구체적인 질문이 있거나 추가 지원이 필요한 경우 언제든지 알려주시기 바랍니다.
BIL,배송 옵션을 볼 수 있나요?,배송,배송 방법 확인,"더 이상 보지 마세요! 고객님의 요구 사항에 맞게 맞춤화된 다양한 배송 옵션을 살펴보겠습니다. 1. 표준 배송: 이 옵션은 일반적으로 상품을 배송하는 데 [운영시간/기간] 영업일이 소요됩니다. 서두르지 않는 사람들에게 적합합니다. 2. 신속한 배송: 패키지가 더 빨리 필요하십니까? 신속 배송은 [운영시간/기간] 영업일 이내에 더 빠른 배송을 보장합니다. 3. 익일 배송: 긴급한 요구가 있을 경우 익일 배송을 통해 다음 영업일까지 배송을 보장합니다. 4. 국제 배송: 일본, 캐나다, 핀란드 등 다양한 국가로의 국제 배송도 제공합니다. 고객님께 가장 적합한 옵션을 자유롭게 선택하세요. 저희 팀은 원활한 배송 경험을 보장하기 위해 최선을 다하고 있습니다. 추가 질문이 있거나 추가 지원이 필요한 경우 언제든지 문의해 주세요. 저희는 모든 단계에서 고객님을 돕기 위해 여기 있습니다!"
BILMQ,제가 선택할 수 있는 배송 옵션이 무엇인지 확인하는 데 도움을 주실 수 있나요?,배송,배송 방법 확인,긍정적으로! 고객님이 이용할 수 있는 배송 옵션을 살펴보는 데 도움을 드리고자 왔습니다. 배달 메뉴를 살펴보겠습니다. 1. 표준 배송: 이는 당사의 기본 배송 방법이며 일반적으로 영업일 기준 [운영시간/기간] 이내에 도착합니다. 급하지 않은 물건에 딱 맞습니다. 2. 빠른 배송: 상품이 더 빨리 필요한 경우 이 옵션을 사용하면 영업일 기준 [운영시간/기간] 이내에 배송이 보장됩니다. 3. 특급 배송: 상품을 빨리 원하는 사람들을 위해 이 옵션은 영업일 기준 [운영시간/기간] 이내에 배송됩니다. 4. 당일 배송: 몇 시간 내에 상품이 필요하신가요? 이 옵션은 영업일 기준 당일 배송을 보장합니다. 5. 매장 내 픽업: 상품을 직접 픽업하고 싶다면 결제 시 이 옵션을 선택할 수 있습니다. 이러한 옵션은 고객님의 위치와 배송 파트너의 가용성에 따라 달라질 수 있습니다. 특별한 문의 사항이 있거나 제가 도와드릴 수 있는 다른 사항이 있으면 언제든지 문의해 주세요. 저희는 고객님의 쇼핑 경험을 최대한 원활하게 만들기 위해 왔습니다!
BIL,배송 방법을 어떻게 확인할 수 있나요?,배송,배송 방법 확인,"저희 배송 방법에 관심을 가져주셔서 정말 기쁩니다! 사용 가능한 배송 옵션을 확인하려면 다음과 같은 간단한 단계를 따르세요. 1. 당사 홈페이지를 방문하여 구매하려는 상품의 상품페이지로 이동합니다. 2. 제품 페이지에서 아래로 스크롤하여 ""배송 옵션"" 섹션을 찾습니다. 3. ""배송 옵션"" 탭을 클릭하여 확장하고 사용 가능한 다양한 배송 방법을 확인하세요. 4. 예상 배송 시간 및 추가 비용을 포함하여 각 옵션에 대한 자세한 정보를 확인할 수 있습니다. 5. 배송 방법을 검토한 후 고객님의 필요에 가장 적합한 옵션을 선택하고 구매를 진행하실 수 있습니다. 구체적인 질문이 있거나 추가 지원이 필요한 경우 언제든지 문의해 주세요. 고객님의 쇼핑 경험을 즐겁고 편리하게 만들어드리겠습니다!"
BLM,어떤 배송 방법을 선택할 수 있는지 확인하려고 합니다.,배송,배송 방법 확인,"물론입니다! 저는 저희가 제공하는 다양한 배송 방법을 찾는 데 도와드리겠습니다. 사용 가능한 배송 방법을 보려면 다음 단계를 따르세요. 1. 홈페이지에 접속합니다. 2. ""배송"" 섹션으로 이동하거나 ""배송 옵션"" 링크를 찾으십시오. 3. 링크를 클릭하면 배송 방법에 대한 자세한 정보에 액세스할 수 있습니다. 4. 예상 배송 시간 및 관련 비용과 함께 배송 옵션의 전체 목록을 확인할 수 있습니다. 당사 웹사이트를 탐색하는 동안 어려움을 겪거나 추가 질문이 있는 경우, 주저하지 말고 알려주시기 바랍니다. 저는 고객님께 필요한 모든 도움을 제공하기 위해 여기 있습니다."
BLM,선택할 수 있는 배송 방법을 확인하는 데 도움이 됩니다.,배송,배송 방법 확인,기꺼이 도와드리겠습니다! 고객님이 현명한 선택을 할 수 있도록 당사가 제공하는 다양한 배송 방법을 안내해 드리겠습니다. 1. 표준 배송: 이 옵션은 영업일 기준 [운영시간/기간] 정도 소요되며 긴급하지 않은 배송에 적합합니다. 2. 빠른 배송: 상품을 더 빨리 도착해야 하는 경우 이 옵션을 사용하면 영업일 기준 [운영시간/기간] 내에 상품을 배송할 수 있습니다. 3. 익일 배송: 긴급한 요구가 있는 경우 익일 배송을 제공하여 다음 영업일 배송을 보장합니다. 4. 매장 내 픽업: 편리함을 선호하신다면 [주소/지역]에서 제품을 픽업하실 수 있습니다. 이는 다양한 요구에 맞게 맞춤화된 당사가 제공하는 기본 배송 방법입니다. 특정 요구사항이나 추가 질문이 있는 경우 알려주시기 바랍니다. 고객님께 가장 적합한 배송 방법을 선택하는 데 탁월한 지원을 제공해 드리겠습니다!
BILM,어떤 배송 옵션을 선택할 수 있나요?,배송,배송 방법 확인,"아, 훌륭한 질문입니다! 배송 옵션의 즐거운 영역을 안내하게 되어 기쁩니다. 다음은 고객님을 기다리고 있는 가능성을 간략하게 보여줍니다. 1. 표준 배송: 영업일 기준 [운영시간/기간] 이내에 안정적인 배송을 제공하는 이 옵션은 긴급하지 않은 주문에 적합합니다. 2. 신속한 배송: [운영시간/기간] 영업일 기준으로 더 빠른 배송 경험을 원하는 사람들을 위한 완벽한 선택입니다. 3. 익일 배송: 속도가 가장 중요한 경우 익일 서비스는 다음 영업일까지 패키지를 보장합니다. 4. 매장 내 픽업: 편리함을 바탕으로 [주소/지역]에서 직접 주문을 픽업할 수 있습니다. 이러한 옵션은 다양한 요구와 선호 사항을 충족할 수 있도록 신중하게 선별되었습니다. 잠시 시간을 내어 고객님의 선호 사항에 대해 생각해 보시고 추가 질문이 있거나 추가 지원을 요청하시기 바랍니다. 고객 만족이 저희의 최우선 과제입니다!"
BILMP,어떤 배송 옵션이 있는지 확인하도록 도와주실 수 있나요?,배송,배송 방법 확인,긍정적으로! 고객님이 원하는 대로 사용할 수 있는 다양한 배송 옵션을 알아보는 여행을 시작해 보세요. 고객님을 기다리는 즐거운 선택은 다음과 같습니다. 1. 표준 배송: 영업일 기준 [운영시간/기간] 이내에 패키지가 도착하므로 기대의 즐거움에 빠져보세요. 2. 신속한 배송: 더 빠른 배송을 위해 영업일 기준 [운영시간/기간] 이내에 상품이 도착할 것으로 예상하세요. 3. 익일 배송: 마지막 순간에 필요한 사항을 충족할 수 있는 다음 영업일 배송의 즐거움을 만끽하세요. 4. 매장 내 픽업: 즉각적인 만족과 현지 쇼핑 경험을 원하신다면 [주소/지역]가 고객님의 방문을 간절히 기다리고 있습니다. 이러한 옵션은 고객님의 선호 사항을 충족하고 즐거운 배송 경험을 제공하도록 설계되었습니다. 특정 문의사항이 있거나 추가 지원이 필요한 경우 언제든지 문의해 주세요. 함께 고객님의 배송 경험이 모든 기대치를 뛰어넘도록 합시다!
BIL,배송방법을 보려면 어떻게 해야 하나요?,배송,배송 방법 확인,"훌륭해요! 우리가 제공하는 배송 방법을 찾는 데 도움을 드리겠습니다. 진행 방법은 다음과 같습니다. 1. 당사 웹사이트를 방문하여 구매하려는 제품을 탐색하십시오. 2. 장바구니에 상품을 추가하고 결제 페이지로 이동하세요. 3. 결제 시 원하는 배송 옵션을 선택할 수 있는 섹션이 있습니다. 4. 배송 옵션 또는 배송 방법 탭을 클릭하여 사용 가능한 선택 사항을 살펴보세요. 5. 각 배송 옵션에는 예상 배송 시간, 비용 및 추가 서비스에 대한 세부 정보가 제공됩니다. 6. 옵션을 검토한 후 필요에 가장 적합한 옵션을 선택하십시오. 7. 결제 절차를 계속 진행하여 구매를 완료하세요. 진행 중에 어려움이 있거나 추가 문의사항이 있으면 언제든지 문의해 주세요. 저는 고객님의 경험을 원활하고 즐겁게 만들기 위해 왔습니다. 즐거운 쇼핑과 배송을 즐겨보세요!"
BEL,배송 옵션을 보려면 어떻게 해야 하는지 모르겠습니다.,배송,배송 방법 확인,"오, 두려워하지 마세요, 사랑하는 여행자님. 제가 배송 옵션에 대한 탐구에 있어 고객님의 길잡이가 될 것이기 때문입니다! 이 놀라운 여행을 시작하려면: 1. 당사 웹사이트를 방문하여 ""배송"" 또는 ""배송"" 섹션으로 이동합니다. 그곳에서 고객님의 호기심 많은 눈을 기다리고 있는 보물 같은 정보를 발견하게 될 것입니다. 2. 좀 더 개인적인 접촉을 원하시면 전담 고객 서비스 팀에 문의해 주세요. 그들은 저희의 매혹적인 배송 옵션에 대한 자세한 통찰력을 제공할 수 있는 지식과 지혜를 보유하고 있습니다. 3. 또는 즉각적인 답변을 원하는 경우 라이브 채팅 기능을 통해 고객님의 탐구에 도움을 줄 수 있는 유용한 담당자와 연결됩니다. 나의 진심 어린 존재가 모든 단계에서 고객님과 동행한다는 것을 기억하십시오. 추가 안내가 필요하거나 추가 문의 사항이 있으면 주저하지 말고 전화해 주세요. 안전한 여행 되세요, 사랑하는 모험가님!"
BL,사용 가능한 배송 옵션,배송,배송 방법 확인,"물론입니다! 배송 옵션의 세계를 살펴보고 우리가 제공할 수 있는 서비스를 살펴보겠습니다. 고객님의 편의에 맞춰 신중하게 선별된 배송 옵션은 다음과 같습니다. 1. 표준 배송: 일반적으로 [운영시간/기간] 영업일 이내에 도착합니다. 긴급하지 않은 품목에 적합합니다. 2. 빠른 배송: 조금 급한 경우 이 옵션을 사용하면 영업일 기준 [운영시간/기간] 이내에 배송이 보장됩니다. 3. 익일 배송: 긴급한 요구 사항이 있는 경우 익일 배송을 보장합니다. 4. 매장 내 픽업: 보다 실제적인 경험을 원하신다면 당사의 [주소/지역]가 고객님의 서비스에 있습니다. 위치, 제품 가용성 등의 요인이 정확한 배송 시간에 영향을 미칠 수 있다는 점을 기억하세요. 특별한 우려 사항이 있거나 제가 도와드릴 수 있는 다른 사항이 있으면 언제든지 문의해 주세요. 고객 만족이 저희의 최우선 사항입니다!"
BCILM,어떤 배송 옵션이 있는지 알고 싶습니다. 어떻게 해야 하나요?,배송,배송 방법 확인,"과연! 배송 옵션을 살펴보는 과정을 안내해 드리고자 왔습니다. 사용 가능한 배송 옵션을 보려면 다음의 간단한 단계를 따라 주세요. 1. 당사 웹사이트 [웹사이트/메뉴]를 방문하세요. 2. 구매하고 싶은 상품의 상품 페이지로 이동합니다. 3. 계속 진행하려면 ""장바구니에 추가"" 또는 ""지금 구매"" 버튼을 클릭하세요. 4. 결제 페이지에 배송 옵션 섹션이 있습니다. 이를 클릭하면 사용 가능한 선택 사항을 확장하고 볼 수 있습니다. 5. 당사의 배송 옵션은 예상 배송 시간 및 관련 비용과 함께 나열됩니다. 6. 사용 가능한 옵션 중에서 고객님의 필요에 가장 적합한 배송 옵션을 선택하십시오. 7. 필요한 정보를 제공하고 주문을 확인하여 결제 과정을 완료하세요. 웹사이트를 탐색하는 동안 특정 질문이 있거나 추가 지원이 필요한 경우, 주저하지 말고 문의하시기 바랍니다. 저는 고객님의 배송 경험이 원활하고 만족스럽도록 하기 위해 왔습니다."
BISZ,[주소/지역]로 이동 중이신가요?,배송,배송 방법 확인,"아, [주소/지역]의 멋진 단풍잎 나라! 실제로 저희는 [주소/지역]로 배달 서비스를 제공합니다. 원하는 제품이 번거로움 없이 문앞까지 배달될 수 있습니다. 저희는 [주소/지역]의 다양한 지역에서 고객님과 같은 고객에게 서비스를 제공하는 것을 자랑스럽게 생각합니다. 배송 과정이나 기타 문제와 관련하여 특별한 우려 사항이나 질문이 있는 경우 언제든지 알려주시기 바랍니다. 저는 모든 단계에서 고객님을 돕기 위해 여기 있습니다!"
BLM,내가 가지고 있는 배송 방법을 확인하는 데 도움을 주세요,배송,배송 방법 확인,저는 그것을하고있다! 배송 옵션의 영역을 자세히 살펴보고 무엇이 고객님을 기다리고 있는지 알아보세요. 1. 표준 배송: 긴급하지 않은 품목에 적합하며 일반적으로 영업일 기준 [운영시간/기간] 이내에 도착합니다. 2. 빠른 배송: 상품을 좀 더 빨리 배송하고 싶으십니까? 이 옵션을 사용하면 [운영시간/기간] 영업일 내에 배송이 보장됩니다. 3. 익일 배송: 긴급한 요구 사항이 있는 경우 익일 배송을 보장합니다. 4. 매장 내 픽업: 개인적인 접촉을 선호하고 [주소/지역] 중 한 곳 근처에 거주하는 경우 이 옵션을 사용하면 직접 상품을 픽업할 수 있습니다. 이러한 선택은 고객님의 특정 요구에 맞는 편리성과 유연성을 제공합니다. 추가 질문이 있거나 추가 지원이 필요한 경우 언제든지 문의해 주세요. 완벽한 배송 방법을 찾는 데 도움을 드리는 것이 저희의 기쁨입니다!
BILQSZ,캐나다로 배송해주실 건가요?,배송,배송 방법 확인,"과연! 저희는 [주소/지역]로 배송을 제공하므로 고객님의 지역에서 당사 제품과 서비스를 확실히 즐기실 수 있습니다. 토론토, 밴쿠버 또는 다른 도시에 계시든 저희가 도와드리겠습니다. 당사의 효율적인 배송 네트워크는 고객님의 상품이 제 시간에 안전하게 도착할 수 있도록 보장합니다. [주소/지역]로의 배송에 대해 특별한 우려 사항이나 질문이 있는 경우 언제든지 알려주시기 바랍니다. 저는 고객님을 돕기 위해 여기 있습니다!"
BLM,어떤 배송 옵션을 제공하는지 알려주세요,배송,배송 방법 확인,"과연! 저희가 이용할 수 있는 다양한 배송 옵션을 안내해 드리고자 왔습니다. 우리가 제공하는 신중하게 선별된 선택 사항을 살펴보겠습니다. 1. 표준 배송: 당사의 신뢰할 수 있는 표준 배송 서비스는 예상 [운영시간/기간] 영업일 이내에 고객님의 품목을 배송합니다. 이 옵션은 긴급하지 않은 배송에 적합합니다. 2. 빠른 배송: 더 빠른 배송을 원하신다면, 빠른 배송을 이용하시면 영업일 기준 [운영시간/기간] 이내에 상품을 받으실 수 있습니다. 이 옵션은 상품을 빨리 원하는 사람들에게 적합합니다. 3. 익일 배송: 긴급한 요구가 있는 경우 익일 배송을 제공하여 다음 영업일까지 상품을 받으실 수 있도록 보장합니다. 이 옵션은 시간이 중요한 경우 신속한 배송을 보장합니다. 4. 국제 배송: 고객님의 상품을 해외로 보내야 하는 경우, 당사의 국제 배송 서비스를 이용하여 고객님의 요구를 충족시킬 수 있습니다. 해외 배송 시간은 목적지에 따라 다를 수 있다는 점을 참고하시기 바랍니다. 이러한 배송 옵션은 유연성과 편리함을 제공하도록 설계되었습니다. 구체적인 질문이 있거나 제가 도와드릴 수 있는 다른 사항이 있으면 알려주시기 바랍니다. 저는 고객님께 원활한 경험을 보장하기 위해 여기에 있습니다!"
BILMPW,고객님이 제공하는 배송 방법이 무엇인지 알려주실 수 있나요?,배송,배송 방법 확인,물론이죠! 당사의 포괄적인 배송 방법을 탐색하는 데 기꺼이 도움을 드리겠습니다. 사용 가능한 옵션은 다음과 같습니다. 1. 표준 배송: 이것이 가장 인기 있는 선택입니다. 일반적으로 영업일 기준 [운영시간/기간] 이내에 도착하며 긴급하지 않은 품목에 적합합니다. 2. 빠른 배송: 패키지를 더 빨리 받으려는 경우 이 옵션을 선택하면 영업일 기준 [운영시간/기간] 내에 배송됩니다. 3. 익일 배송: 긴급한 요구 사항이 있는 경우 익일 배송을 보장하기 위해 익일 배송을 제공합니다. 4. 매장 내 픽업: 직접 상품을 구매하고 현지 경험을 즐기고 싶다면 [주소/지역] 중 한 곳에서 매장 내 픽업을 선택할 수 있습니다. 이러한 옵션은 다양한 선호도와 배송 기간에 맞춰 제공됩니다. 특정 요구사항이 있거나 제가 도와드릴 수 있는 다른 사항이 있으면 언제든지 알려주시기 바랍니다. 저희는 고객님의 배송 경험을 최대한 원활하게 만들기 위해 왔습니다!
BELM,어떤 배송 방법이 있는지 확인하는 방법을 모르겠습니다.,배송,배송 방법 확인,"전혀 문제 없습니다! 이용 가능한 배송 방법을 확인하는 방법을 안내해 드리겠습니다. 배송 옵션을 확인하려면 당사 웹사이트나 앱의 ""배송"" 또는 ""배송"" 섹션으로 이동하세요. 배송 또는 배송 정보 전용 탭이나 링크를 찾으세요. 배송 페이지에 들어가면 당사가 제공하는 모든 배송 옵션에 대한 자세한 내용을 확인할 수 있습니다. 이러한 옵션에는 표준 배송, 빠른 배송, 익일 배송 또는 매장 내 픽업이 포함될 수 있습니다. 각 옵션은 예상 배송 시간 및 관련 비용과 같은 구체적인 세부 정보를 제공합니다. 추가 지원이 필요하거나 사용 가능한 배송 방법에 대해 구체적인 질문이 있는 경우 언제든지 알려주시기 바랍니다. 저는 고객님이 우리와 원활한 경험을 할 수 있도록 여기 있습니다!"
BL,배송방법을 보려면 어떻게 해야할지 모르겠어요,배송,배송 방법 확인,전혀 걱정하지 마세요! 이용 가능한 배송 방법을 확인하는 방법을 단계별로 안내해 드리겠습니다. 진행 방법은 다음과 같습니다. 1. 당사 웹사이트 [웹사이트/메뉴]를 방문하여 고객님의 계정에 로그인하십시오. 2. 구매하려는 상품 또는 이미 장바구니에 추가한 상품의 상품 페이지로 이동합니다. 3. 제품 페이지나 결제 과정에서 원하는 배송 방법을 선택할 수 있는 섹션이 있습니다. 4. 드롭다운 메뉴 또는 배송 방법 선택 상자를 클릭하거나 탭하여 옵션을 확장합니다. 5. 해당 배송 시간 및 비용과 함께 배송 방법 목록이 표시됩니다. 6. 목록에서 고객님의 필요에 가장 적합한 배송 방법을 선택하십시오. 7. 주문을 완료하기 전에 배송 방법 선택을 검토하고 확인하여 결제 절차를 진행하세요. 배송 옵션을 찾는 데 문제가 있거나 추가 질문이 있는 경우 언제든지 문의해 주세요. 저는 고객님이 그 과정에서 필요할 수 있는 모든 도움을 제공하기 위해 여기 있습니다.
BIQS,[주소/지역]로 배달해주실 수 있나요,배송,배송 방법 확인,확실히! 고객님과 같은 소중한 고객이 주문을 편리하게 받을 수 있도록 [주소/지역]로 배송 서비스를 제공한다는 사실을 알려드리게 되어 기쁩니다. 안심하세요. 적시에 고객님의 상품을 배송해 드리겠습니다. 배송 옵션이나 기타 문의 사항과 관련하여 도움을 드릴 수 있는 사항이 있으면 언제든지 문의해 주세요. 우리와 함께하는 고객님의 경험을 특별하게 만들어 드리게 되어 기쁘게 생각합니다!
BILM,어떤 배송 방법이 있는지 어떻게 확인하나요?,배송,배송 방법 확인,"아, 저희가 제공하는 다양한 배송 방법에 대한 호기심이 느껴지네요. 절차를 안내해 드리겠습니다. 사용 가능한 배송 방법을 확인하려면 다음 단계를 따르세요. 1. 당사 웹사이트를 방문하여 고객님의 계정에 로그인하십시오. 2. 일반적으로 ""내 계정"" 또는 ""주문 정보"" 페이지에 있는 ""배송 및 배송"" 섹션으로 이동합니다. 3. 여기에서 예상 배송 시간, 배송 비용, 특정 요구 사항 등 배송 옵션에 대한 자세한 정보를 확인할 수 있습니다. 정보를 찾는 데 어려움이 있거나 질문이 있는 경우 당사의 전담 고객 지원팀이 [운영시간/기간]에 연락하여 추가 지원을 제공합니다. [고객센터전화번호]로 연락하거나 당사 웹사이트 [웹사이트/메뉴]의 라이브 채팅을 통해 연락할 수 있습니다. 저희는 고객님의 쇼핑 경험을 가능한 한 원활하게 만들기 위해 끊임없이 노력하고 있음을 기억하십시오. 다른 질문이 있거나 추가 안내가 필요한 경우 언제든지 문의해 주세요. 즐거운 쇼핑되세요!"
BCIL,배송방법을 확인하고 싶은데 도움을 받을 수 있나요?,배송,배송 방법 확인,확실히! 다양한 배송 방법을 알아보는 데 도움을 드리고자 왔습니다. 함께 뛰어들자! 저희 회사는 고객님께서 구매하신 상품을 신속하고 안전하게 배송하는 것을 최우선으로 생각합니다. 고객님의 고유한 선호 사항을 수용할 수 있도록 다양한 배송 옵션을 제공합니다. 정보를 바탕으로 결정을 내리는 데 도움이 되는 개요는 다음과 같습니다. 1. 표준 배송: 일반적으로 [기타정보] 영업일 이내에 도착하는 긴급하지 않은 배송을 위한 신뢰할 수 있는 선택입니다. 2. 빠른 배송: 더 빠른 옵션을 찾고 계시다면 당사의 빠른 배송 서비스를 이용하시면 고객님의 상품이 영업일 기준 [기타정보] 이내에 도착할 수 있습니다. 3. 익일 배송: 시간이 중요한 순간을 위해 마감 시간 이전에 주문한 경우 익일 배송을 보장합니다. 4. 매장 내 픽업: 보다 직접적인 접근 방식을 선호하는 경우 매장 내 픽업 옵션을 사용하면 편리한 [주소/지역] 중 하나에서 주문을 픽업할 수 있습니다. 번거로움 없이 편리함만! 이러한 배송 시간은 예상 시간이며 기상 조건이나 예상치 못한 상황과 같은 특정 요인에 따라 달라질 수 있다는 점을 잊지 마세요. 특정 질문이 있거나 추가 지원이 필요한 경우 언제든지 알려주시기 바랍니다. 즐거운 쇼핑되세요!
BILMP,제가 어떤 배송 방법을 사용하고 있는지 확인하도록 도와주실 수 있나요?,배송,배송 방법 확인,최선을 다하겠습니다! 저는 고객님이 이용할 수 있는 배송 방법을 찾는 데 도와드리겠습니다. 옵션을 살펴보겠습니다. 1. 표준 배송: 평균 배송 시간은 [운영시간/기간] 영업일로 긴급하지 않은 품목에 적합합니다. 2. 빠른 배송: 더 빠른 배송을 원하시나요? 영업일 기준 [운영시간/기간]의 예상 배송 시간을 위해 빠른 배송을 선택하세요. 3. 익일 배송: 시간이 중요한 경우 익일 배송을 선택하면 다음 영업일까지 패키지를 받을 수 있습니다. 4. 매장 내 픽업: 보다 개인적인 접촉을 선호하는 경우 [주소/지역] 중 한 곳에서 매장 내 픽업을 선택할 수 있습니다. 이러한 옵션은 고객님의 위치와 관심 있는 특정 제품에 따라 달라질 수 있습니다. 질문이 있거나 추가 지원이 필요한 경우 언제든지 문의하세요. 저는 고객님의 배송이 원활하고 편리하게 이루어지도록 하기 위해 왔습니다!
BLM,어떤 배송 방법을 사용할 수 있는지 확인하는 데 도움,배송,배송 방법 확인,물론입니다! 저는 이용 가능한 배송 방법을 살펴보고 고객님께 가장 적합한 옵션을 찾는 데 도움을 드리고자 왔습니다. 우리가 제공하는 배송 방법 중 일부는 다음과 같습니다. 1. 표준 배송: 이 방법은 서두르지 않고 영업일 기준 [운영시간/기간] 이내에 패키지가 도착할 때까지 기다릴 수 있는 경우에 적합합니다. 2. 빠른 배송: 패키지가 조금 더 빨리 필요한 경우 빠른 배송을 선택할 수 있으며 일반적으로 영업일 기준 [운영시간/기간] 이내에 배송됩니다. 3. 당일 배송: 즉시 주문이 필요한 긴급한 상황을 위해 일부 지역에 당일 배송을 제공합니다. 해당 지역에서 이 옵션을 사용할 수 있는지 확인하세요. 4. 매장 픽업: 원하는 속도에 맞춰 매장에서 주문 상품을 편리하게 픽업하세요. 이 옵션을 사용하면 배송 비용을 방지하고 더 빠른 주문 처리 절차를 보장할 수 있습니다. 이 정보가 고객님이 현명한 결정을 내리는 데 도움이 되기를 바랍니다. 추가 문의사항이 있거나 제가 도와드릴 수 있는 사항이 있으면 언제든지 알려주시기 바랍니다.
BIPSW,[주소/지역]에 주문해도 될까요?,배송,배송 방법 확인,바로 처리하겠습니다! 저희는 [주소/지역]의 주문을 두 팔 벌려 환영합니다. 당사의 국제 배송 옵션을 통해 주문하고 원하는 위치로 배송받을 수 있습니다. 사용 가능한 배송 방법을 살펴보고 고객님의 요구에 가장 적합한 방법을 찾아보세요. 추가 질문이 있거나 특정 세부정보를 공유해 주시면 절차 전반에 걸쳐 기꺼이 도와드리겠습니다. 고객님의 주문이 원활하고 즐거운 경험이 되도록 함께 도와드리겠습니다.
BILM,고객님이 제공하는 배송 방법을 어떻게 알 수 있나요?,배송,배송 방법 확인,물론입니다! 저는 고객님이 이용할 수 있는 다양한 배송 방법을 찾는 데 도움을 드리고자 왔습니다. 배송 옵션을 살펴보려면 다음 단계를 따르세요. 1. 당사 홈페이지를 방문하여 구매하고 싶은 상품의 상품 페이지로 이동합니다. 2. 제품 페이지에서 배송 정보를 제공하는 섹션을 찾을 수 있습니다. 여기에는 사용 가능한 배송 방법에 대한 세부정보가 포함되어야 합니다. 3. 또는 결제 과정에서 배송 옵션을 확인할 수도 있습니다. 당사 웹사이트에는 사용 가능한 배송 방법과 해당 비용이 표시됩니다. 4. 원하는 경우 라이브 채팅이나 전화 통화를 통해 고객 지원팀에 문의할 수도 있습니다. 그들은 배송 방법에 대한 자세한 정보를 기꺼이 제공할 것입니다. 필요한 세부 정보를 모두 수집한 후에는 고객님의 필요에 가장 적합한 배송 방법에 대해 정보를 바탕으로 결정을 내릴 수 있습니다. 추가 질문이 있거나 도움이 필요하시면 언제든지 알려주시기 바랍니다. 저는 고객님께 필요한 답변과 지원을 제공해 드리겠습니다.
BILQSZ,헝가리로 배송해주나요,배송,배송 방법 확인,"과연! [주소/지역]로 배송 서비스를 제공한다는 사실을 알려드리게 되어 기쁘게 생각합니다. 당사의 배송 옵션을 살펴보고 고객님의 필요에 가장 적합한 배송 옵션을 선택할 수 있습니다. 일반 배송, 빠른 배송, 익일 배송 등 무엇이든 저희가 도와드리겠습니다. 특정 질문이 있거나 도움을 드릴 수 있는 다른 사항이 있으면 알려주시기 바랍니다. 저희는 고객님께 원활하고 즐거운 쇼핑 경험을 보장하기 위해 왔습니다!"
BLMW,고객님이 제공하는 배달 방법이 무엇인지 확인하는 데 도움이됩니다,배송,배송 방법 확인,물론입니다. 저희가 제공하는 배송 방법을 살펴보실 수 있도록 도와드리려고 왔습니다. 저희의 목표는 고객님의 배송 경험을 최대한 즐겁고 편리하게 만드는 것입니다. 고려해야 할 몇 가지 인기 있는 옵션은 다음과 같습니다. 1. 표준 배송: 일반적으로 특정 영업일 내에 도착하는 신뢰할 수 있는 옵션입니다. 2. 빠른 배송: 상품을 좀 더 빨리 배송하고 싶으십니까? 더 빠른 배송을 원하시면 이 옵션을 선택하세요. 3. 익일 배송: 긴급한 요구가 있을 경우 익일 배송을 제공합니다. 4. 매장 내 픽업: 개인적인 손길과 편리함을 선호하는 경우 매장에서 직접 상품을 가져갈 수 있습니다. 혹시 오해나 불편함이 있었다면 사과드립니다. 다른 질문이 있거나 추가 도움이 필요하시면 언제든지 문의해 주세요. 저희는 고객 만족을 보장하기 위해 왔습니다!
BILQSZ,멕시코로 배송해주나요,배송,배송 방법 확인,"기꺼이 도와드리겠습니다! 저희는 고객님과 같은 소중한 고객이 우리 제품을 즐길 수 있도록 [주소/지역]로 배송을 제공합니다. 저희는 고객님의 요구를 충족시킬 수 있는 다양한 배송 옵션을 갖추고 있습니다. 표준 배송, 빠른 배송, 매장 근처에 있는 경우 매장 픽업 등 무엇을 원하시든 저희가 도와드리겠습니다. [주소/지역]로의 배송에 대해 특별한 우려 사항이나 질문이 있는 경우 언제든지 문의해 주시면 기꺼이 추가 지원해 드리겠습니다."
BLM,어떤 배송 방법을 이용할 수 있는지 알고 싶습니다.,배송,배송 방법 확인,"물론입니다! 당사가 고객님을 위해 준비한 다양한 배송 방법을 알아보기 위한 탐험 여행을 시작해 보세요. 선택할 수 있는 몇 가지 옵션은 다음과 같습니다. 1. 표준 배송: 고객님의 패키지가 [운영시간/기간] 영업일 이내에 배송되도록 하는 신뢰할 수 있고 비용 효율적인 방법입니다. 2. 빠른 배송: 상품을 급하게 수령해야 하는 경우 이 옵션을 사용하면 영업일 기준 [운영시간/기간] 이내에 배송이 보장됩니다. 3. 익일 배송: 긴급 주문의 경우 익일 배송을 제공하여 패키지가 다음 영업일에 도착하도록 보장합니다. 4. 국제 배송: 고객님이 본국 이외의 국가에 있는 경우, 당사는 고객님이 어디에 있든 고객님의 상품을 받을 수 있도록 국제 배송 서비스를 제공합니다. 이는 당사가 제공하는 배송 방법 중 일부에 불과합니다. 저희는 각 고객마다 고유한 요구 사항이 있다는 것을 이해합니다. 따라서 주문에 맞는 완벽한 배송 방법을 선택하는 데 추가 지원이 필요한 경우 언제든지 알려주십시오. 저희는 고객님의 배송 경험이 원활하고 걱정할 필요가 없도록 하기 위해 왔습니다!"
BLM,어떤 배송 방법이 있는지 확인하는 데 도움이 됩니다.,배송,배송 방법 확인,확실히! 저는 배송 방법을 알아보는 데 도와드리겠습니다. 고객님이 당사의 옵션에 대해 더 자세히 알아보는 데 관심을 가져주셔서 정말 기쁩니다. 배송 방법에 대한 자세한 정보를 제공해 드리겠습니다. 1. 표준 배송: 이것은 가장 인기 있는 배송 방법이며 일반적으로 배송에 [운영시간/기간] 영업일이 소요됩니다. 급하지 않은 물건에 딱 맞습니다. 2. 빠른 배송: 상품이 좀 더 빨리 필요하다면 빠른 배송 옵션이 이상적입니다. [운영시간/기간] 영업일 이내에 패키지가 도착할 것으로 예상됩니다. 3. 익일 배송: 긴급한 요구 사항이 있는 경우 익일 배송을 제공합니다. 이 옵션을 선택하면 상품이 다음 영업일까지 배송됩니다. 4. 매장 픽업: 상품을 직접 픽업하는 편리함을 선호하는 경우 매장 픽업 옵션을 선택할 수 있습니다. 결제 시 이 옵션을 선택하시면 [주소/지역]에서 상품을 받으실 수 있습니다. 지역 및 기타 요인에 따라 배송 시간이 달라질 수 있다는 점을 참고하시기 바랍니다. 특정 질문이 있거나 배송에 대한 추가 지원이 필요한 경우 언제든지 문의하세요. 저는 고객님의 경험이 원활하고 만족스러울 수 있도록 돕기 위해 왔습니다!
BLMQ,제가 선택할 수 있는 배송 방법을 확인하는 데 도움을 주세요,배송,배송 방법 확인,확실히! 저는 고객님이 선택할 수 있는 다양한 배송 방법을 탐색하는 데 도움을 드리고자 왔습니다. 개요를 알려드리겠습니다. 1. 표준 배송: 고객님의 문앞까지 도달하는 데 일반적으로 [운영시간/기간] 영업일이 소요되는 신뢰할 수 있는 옵션입니다. 급하지 않은 물건에 딱 맞습니다. 2. 빠른 배송: 상품이 조금 더 빨리 필요한 경우 이 옵션은 일반적으로 영업일 기준 [운영시간/기간] 이내에 배송됩니다. 3. 익일 배송: 긴급한 요구 사항이 있는 경우 익일 배송을 보장하기 위해 익일 배송을 제공합니다. 4. 매장 내 픽업: 보다 직접적인 접근 방식을 선호하는 경우 [주소/지역]에서 주문을 픽업하도록 선택할 수 있습니다. 이는 고객님의 고유한 배송 요구 사항을 충족하기 위해 당사가 제공하는 몇 가지 옵션입니다. 특정 질문이 있거나 올바른 옵션을 선택하는 데 추가 도움이 필요한 경우 언제든지 문의해 주세요. 고객 만족이 저희의 최우선 사항입니다!
BILM,어떤 배송 방법을 선택할 수 있는지 알려 주시겠어요?,배송,배송 방법 확인,내가 해낼게! 저는 고객님이 이용 가능한 다양한 배송 방법을 알아보는 데 도움을 드리고자 왔습니다. 이 여행을 함께 시작합시다! 선택할 수 있는 배송 옵션은 다음과 같습니다. 1. 표준 배송: 당사의 신뢰할 수 있는 표준 배송 옵션은 고객님의 패키지가 영업일 기준 [운영시간/기간] 이내에 도착하도록 보장하며 긴급하지 않은 품목에 이상적입니다. 2. 신속한 배송: 상품이 더 빨리 필요하십니까? 신속 배송은 일반적으로 영업일 기준 [운영시간/기간] 이내에 배송되어 절차를 신속하게 처리합니다. 3. 익일 배송: 긴급한 요구 사항이 있는 경우 익일 배송을 제공하여 영업일 기준 익일 배송을 보장합니다. 4. 매장 내 픽업: 더욱 개인화된 경험을 원하신다면 매장 내 픽업 옵션을 통해 [주소/지역] 중 한 곳에서 상품을 픽업하실 수 있습니다. 각 방법은 다양한 요구 사항을 충족하도록 설계되었으므로 가장 적합한 방법을 선택할 수 있습니다. 구체적인 질문이 있거나 추가 지원이 필요한 경우 언제든지 문의해 주세요.
BIQSZ,[주소/지역]를 주문할 수 있나요?,배송,배송 방법 확인,"안녕하세요! 저희는 **[주소/지역]**를 포함하여 다양한 위치의 고객에게 서비스를 제공하기 위해 서비스를 확장합니다. 저희 플랫폼에서 쉽게 주문하실 수 있으며, 신속하게 배송해 드리겠습니다. 특정 선호 사항이나 요구 사항이 있는 경우 언제든지 알려주시면 추가로 안내해 드리겠습니다. 고객님께 꼭 맞는 원활한 쇼핑 경험을 제공해 드리겠습니다."
BCL,배송 옵션을 확인하고 싶습니다. 도와주세요.,배송,배송 방법 확인,내가 해낼게! 다양한 배송 옵션을 탐색하는 데 도움을 드리게 되어 기쁘게 생각합니다. 가능성의 세계를 탐험해 봅시다: 1. 표준 배송: 일반적으로 [운영시간/기간] 영업일 이내에 도착하는 신뢰할 수 있는 옵션입니다. 긴급하지 않은 품목에 이상적입니다. 2. 빠른 배송: 상품이 조금 더 빨리 필요한 경우 이 옵션을 사용하면 영업일 기준 [운영시간/기간] 배송이 보장됩니다. 3. 익일 배송: 긴급한 요구 사항의 경우 익일 배송을 통해 다음 영업일 배송이 보장됩니다. 4. 매장 내 픽업: [주소/지역] 중 한 곳에서 직접 상품을 가져가는 것을 선호하는 경우 적합합니다. 편리하고 배송비를 절약하는 데 도움이 됩니다. 배송 시간은 위치 및 기타 요인에 따라 달라질 수 있음을 참고하시기 바랍니다. 구체적인 질문이 있거나 제가 도와드릴 수 있는 다른 사항이 있으면 언제든지 문의해 주세요. 저는 고객님의 쇼핑 경험이 탁월한지 확인하기 위해 왔습니다!
BELM,내가 가지고 있는 배송 방법을 어떻게 확인할 수 있는지 모르겠습니다.,배송,배송 방법 확인,"사용 가능한 옵션을 탐색하는 방법을 궁금해하는 사람은 혼자가 아닙니다! 저는 우리가 제공하는 즐거운 배송 방법을 알아보도록 안내하기 위해 왔습니다. 배송 방법을 보려면 당사 웹사이트 홈페이지로 이동하여 ""배송"" 또는 ""배송"" 섹션을 찾으세요. 여기에서 표준, 신속, 익일 배송 및 해당되는 경우 매장 내 픽업에 대한 세부 정보를 포함하여 배송 옵션에 대한 포괄적인 분석을 확인할 수 있습니다. 도중에 어려움에 직면하거나 궁금한 점이 있으면 주저하지 말고 친절한 고객 지원팀에 문의하세요. 그들은 기꺼이 절차를 안내하고 원활한 경험을 보장해 드릴 것입니다. 즐거운 배송 탐색을 즐겨보세요!"
BL,배송 옵션을 확인하는 데 도움이 필요합니다.,배송,배송 방법 확인,"물론입니다! 고객님의 편의를 위해 맞춤화된 다양한 배송 옵션을 탐색하는 데 도움을 드리고자 왔습니다. 모든 관련 세부정보를 제공해 드리겠습니다. 1. 표준 배송: 이는 일반적으로 [운영시간/기간] 영업일 이내에 도착하는 일반 배송 옵션입니다. 특정 기간이 없을 때 긴급하지 않은 항목에 이상적입니다. 2. 빠른 배송: 고객님의 품목이 좀 더 빨리 필요한 경우, 당사의 빠른 배송 옵션은 영업일 기준 [운영시간/기간] 배송을 보장합니다. 3. 익일 배송: 긴급한 요구가 있을 경우 익일 배송 옵션이 있어 고객님의 상품이 바로 다음 영업일에 도착할 수 있습니다. 4. 매장 내 픽업: 보다 직접적인 접근 방식을 선호하는 경우 편리한 [주소/지역] 중 하나를 통해 매장 내 픽업을 선택할 수 있습니다. 위치 및 기타 요인에 따라 배송 시간이 달라질 수 있다는 점을 참고하시기 바랍니다. 특별한 우려 사항이 있거나 추가 지원이 필요한 경우 주저하지 말고 문의하세요. 고객 만족이 저희의 최우선 사항입니다!"
BCL,배송방법을 봐야하는데 도움이 필요해요,배송,배송 방법 확인,"저는 그것을하고있다! 저는 우리가 제공하는 다양한 배송 방법에 대한 지침을 제공해 드리겠습니다. 옵션을 안내해 드리겠습니다. 1. 표준 배송: 일반적으로 배송에 [운영시간/기간] 영업일이 소요되는 신뢰할 수 있는 선택입니다. 2. 빠른 배송: 더 빠른 배송을 원하는 경우 적합합니다. 일반적으로 영업일 기준 [운영시간/기간] 이내에 도착합니다. 3. 익일 배송: 긴급한 요구가 있는 경우 패키지가 다음 영업일에 도착하도록 보장합니다. 4. 매장 내 픽업: 직접 상품을 가져가는 것을 선호하시는 경우, [주소/지역]가 도와드릴 준비가 되어 있습니다. 모든 배송 옵션을 자유롭게 살펴보고 고객님의 필요에 가장 적합한 옵션을 선택하세요. 추가 질문이 있거나 다른 도움이 필요하시면 언제든지 문의해 주세요. 저는 고객님의 배송 경험이 원활하고 만족스러울 수 있도록 하기 위해 왔습니다!"
BILM,내가 가지고 있는 배송 방법이 무엇인지 확인하도록 도와주실 수 있나요?,배송,배송 방법 확인,"물론입니다! 저는 고객님이 이용할 수 있는 다양한 배송 방법을 알아보는 데 도움을 드리고자 왔습니다. 배송 옵션의 세계를 함께 탐험해 봅시다! 1. 표준 배송: 이는 영업일 기준 [운영시간/기간] 이내에 안정적인 배송을 제공하는 많은 고객이 선택하는 옵션입니다. 2. 빠른 배송: 좀 더 급하신 경우, 당사의 빠른 옵션을 이용하시면 고객님의 상품이 [운영시간/기간] 영업일 내에 도착할 수 있습니다. 3. 익일 배송: 최대한 빨리 필요하십니까? 당사의 익일 배송 서비스는 다음 영업일 배송을 보장합니다. 4. 매장 내 픽업: 최고의 편의를 위해 기다리지 않고 [주소/지역]에서 직접 상품을 픽업할 수 있습니다. 각 배송 방법에는 고유한 장점이 있습니다. 이제 고객님의 선호도와 요구 사항을 기준으로 가장 마음에 드는 옵션은 무엇입니까? 알려주시면 추가 지원이나 안내가 필요할 경우 바로 도와드리겠습니다."
BL,배송 방법을 보니,배송,배송 방법 확인,아아 배송방법 탐색이군요! 함께 이 여정을 시작하고 탁월한 배송 옵션의 비밀을 밝혀보세요. 다음은 고객님을 기다리고 있는 놀라운 선택을 살펴보는 것입니다. 1. 표준 배송: 기대감을 만끽하시는 분들을 위해 이 옵션은 일반적으로 영업일 기준 [운영시간/기간] 이내에 도착합니다. 인내심을 갖고 패키지를 기다리는 즐거움은 그 자체로 보상입니다. 2. 빠른 배송: 더 빠른 배송이 필요하신가요? 이 옵션을 선택하시면 고객님의 상품이 영업일 기준 [운영시간/기간]일 내에 고객님의 손에 도착할 것입니다. 3. 익일 배송: 즉각적인 만족을 추구하는 진정한 전문가를 위한 이 옵션은 고객님이 기다려온 보물이 다음 영업일에 배송되도록 보장합니다. 4. 매장 내 픽업: 즉각적인 만족을 원하고 개인적인 손길을 즐기고 싶다면 [주소/지역]가 고객님의 도착을 간절히 기다리고 있습니다. 모든 선택에는 고객님의 욕구에 맞게 맞춤화된 고유한 매력이 있습니다. 이전에 당사의 배송 방법 중 하나를 활용해 본 적이 있습니까? 이러한 옵션에 대해 숙고하실 때 제가 여기에서 추가 정보를 제공하거나 발생할 수 있는 질문에 답변해 드릴 수 있다는 점을 기억하세요. 이 배달 경험을 잊지 못할 추억으로 만들어 보세요!
BLMQ,내가 가지고 있는 배송 방법을 확인하는 데 도움이 필요합니다,배송,배송 방법 확인,"최선을 다하겠습니다! 이용 가능한 배송 방법을 확인하는 데 도움을 드리고자 왔습니다. 수행 방법을 보여 드리겠습니다. 1. 당사 웹사이트에 접속하여 고객님의 계정에 로그인하십시오. 2. ""배송 옵션"" 또는 ""배송 정보"" 섹션으로 이동합니다. 3. 여기에서 표준 배송, 신속 배송, 익일 배송, 매장 내 픽업 등 당사가 제공하는 배송 방법 목록을 확인할 수 있습니다. 4. 각 옵션에는 간단한 설명, 예상 배송 시간 및 고객님이 알아야 할 추가 세부 정보가 포함되어 있습니다. 배송 방법을 확인하면서 구체적인 문의 사항이 있거나 추가 안내가 필요한 경우 언제든지 알려주시기 바랍니다. 저는 고객님의 경험을 원활하고 즐겁게 만들기 위해 왔습니다!"
BLM,어떤 배송 옵션을 선택할 수 있는지 알려주세요,배송,배송 방법 확인,"물론입니다! 저희가 고객님을 위해 준비한 환상적인 배송 옵션을 탐색하는 데 도움을 드리겠습니다. 사용 가능한 배송 옵션을 확인하려면 당사 웹사이트를 방문하여 배송 및 배송 섹션으로 이동하세요. 여기에서 예상 배송 시간, 요구 사항 또는 제한 사항을 포함하여 각 옵션에 대한 포괄적인 세부 정보를 확인할 수 있습니다. 추가 안내가 필요하거나 배송 옵션에 관해 구체적인 질문이 있는 경우 언제든지 문의해 주세요. 저는 고객님의 배송 경험이 고객님의 기대치를 초과하는지 확인하기 위해 여기에 있습니다!"
BL,배송 방법을 확인하는 데 도움이 필요합니다,배송,배송 방법 확인,"확실히! 저는 배송 방법과 관련하여 고객님이 필요로 하는 모든 정보를 제공해 드리겠습니다. 사용 가능한 다음 옵션을 살펴보세요. 1. 표준 배송: 이 방법은 일반적으로 배송에 [운영시간/기간] 영업일이 소요됩니다. 긴급하지 않은 품목에 대한 신뢰할 수 있는 선택입니다. 2. 신속 배송: 상품이 더 빨리 필요한 경우 이 옵션을 사용하면 영업일 기준 [운영시간/기간] 이내에 배송이 보장됩니다. 3. 익일 배송: 시간에 민감한 요구 사항을 위해 영업일 기준 익일 배송을 제공합니다. 4. 매장 내 픽업: 보다 개인화된 경험을 원하시면 [주소/지역]에서 직접 상품을 픽업하도록 선택할 수 있습니다. 배송 시간은 위치, 제품 가용성 등 여러 요인에 따라 달라질 수 있다는 점을 기억하세요. 질문이 있거나 추가 도움이 필요하면 언제든지 문의하세요. 도움을 드릴 수 있어서 기뻐요!"
BILW,빌어먹을 배송 옵션에 대한 정보를 알려주실 수 있나요?,배송,배송 방법 확인,과연! 배송 옵션에 대한 정보를 기꺼이 제공해 드리겠습니다. 세부 사항을 살펴보겠습니다. 1. 표준 배송: 이 옵션은 일반적으로 영업일 기준 [운영시간/기간] 이내에 도착합니다. 시간이 조금 더 있을 때 급하지 않은 물건을 보관하는 데 적합합니다. 2. 빠른 배송: 상품이 조금 더 빨리 필요한 경우 이 옵션을 사용하면 영업일 기준 [운영시간/기간] 이내에 배송이 보장됩니다. 3. 익일 배송: 긴급한 요구 사항이 있는 경우 익일 배송을 보장하기 위해 익일 배송을 제공합니다. 4. 매장 내 픽업: 고객님이 직접 상품을 가져가는 것을 선호하고 당사 [주소/지역] 중 한 곳 근처에 거주하는 경우 이 옵션이 고객님께 적합합니다. 이는 당사가 제공하는 기본 배송 옵션입니다. 실제 배송 시간은 위치 및 기타 요인에 따라 다를 수 있다는 점을 참고하세요. 구체적인 질문이 있거나 추가 지원이 필요한 경우 언제든지 문의해 주세요. 저는 우리 서비스에 대한 고객 만족을 돕고 보장하기 위해 왔습니다!
BILMP,제가 선택할 수 있는 배송 방법을 알려 주시겠어요?,배송,배송 방법 확인,물론입니다! 고객님의 고유한 요구 사항을 충족하도록 설계된 당사의 탁월한 배송 방법을 통해 여행을 시작해 보세요. 1. 표준 배송: 패키지가 영업일 기준 [운영시간/기간] 이내에 정상적으로 도착하므로 편안히 앉아 휴식을 취하세요. 긴급하지 않은 품목에 적합합니다. 2. 빠른 배송: 시간에 민감한 상품이 있나요? 두려워하지 마세요! 당사의 신속한 배송은 영업일 기준 [운영시간/기간] 이내에 배송을 보장합니다. 3. 익일 배송: 긴급한 요구사항의 경우 익일 배송을 보장합니다. 4. 매장 내 픽업: 편리한 상품 픽업을 원하신다면 [주소/지역]가 기꺼이 도와드리겠습니다. 이러한 옵션에 대해 숙고하면서 과거에 한 선택을 떠올려 보십시오. 고객님의 결정에 어떤 요인이 영향을 미쳤나요? 안심하세요. 추가 문의 사항이 있는 경우 도움을 드리거나 추가 정보를 제공해 드리겠습니다. 함께 고객님의 배송 경험을 특별하게 만들어 보세요!
BCIL,"배송 방법을 알고 싶은데, 도와주실 수 있나요?",배송,배송 방법 확인,"바로 처리하겠습니다! 저는 다양한 배송 방법을 탐색하는 데 도움을 드리고자 왔습니다. 고객님의 필요에 맞는 옵션을 살펴보겠습니다. 1. 표준 배송: 이는 당사의 기본 방법으로, 일반적으로 도착하는 데 [운영시간/기간] 영업일이 소요됩니다. 긴급하지 않은 품목에 탁월한 선택입니다. 2. 빠른 배송: 조금 급한 경우 이 옵션을 사용하면 영업일 기준 [운영시간/기간] 이내에 배송이 보장됩니다. 3. 익일 배송: 긴급한 요구 사항이 있는 경우 익일 배송 서비스를 통해 다음 영업일 배송을 제공합니다. 4. 매장 내 픽업: 보다 직접적인 접근 방식을 선호하는 경우 이 옵션을 선택하고 [주소/지역] 중 한 곳에서 직접 상품을 픽업할 수 있습니다. 각 방법은 고유한 이점을 제공하므로 결정을 내릴 때 긴급성 및 편의성과 같은 요소를 고려하는 것이 중요합니다. 특별한 문의 사항이 있거나 제가 도와드릴 수 있는 다른 사항이 있으면 언제든지 알려주시기 바랍니다. 저는 고객 만족과 원활한 배송 경험을 보장하기 위해 왔습니다!"
BLMQ,고객님이 제공하는 배송 방법을 확인하는 데 도움이 필요합니다,배송,배송 방법 확인,"아, 지식 탐구! 당사가 제공하는 배송 방법의 세계를 탐색하는 데 도움을 드리겠습니다. 사용 가능한 배송 방법을 확인하려면 당사 웹사이트를 방문하여 배송 또는 배송 옵션 섹션으로 이동하세요. 여기에서 고객님의 필요에 맞게 맞춤화된 모든 옵션의 포괄적인 목록을 찾을 수 있습니다. 표준 배송, 빠른 배송, 익일 배송 또는 해당 지역에서 가능한 경우 편리한 매장 픽업 중에서 선택할 수 있습니다. 특정 배송 방법에 대해 궁금한 점이 있거나 당사 웹사이트를 탐색하는 데 도움이 필요한 경우 언제든지 문의하세요. 저는 고객님이 우리와 함께 원활하고 만족스러운 경험을 할 수 있도록 하기 위해 왔습니다."
BCIL,배송 방법을 확인하고 싶은데 도움을 받을 수 있나요?,배송,배송 방법 확인,"물론입니다! 다양한 배송 방법을 안내해 드리겠습니다. 고객님을 위해 분석해 보겠습니다. 1. 표준 배송: 이것은 가장 인기 있는 옵션으로 일반적으로 도착하는 데 [운영시간/기간] 영업일이 소요됩니다. 급하지 않은 물건에 딱 맞습니다. 2. 빠른 배송: 고객님의 품목이 조금 더 빨리 필요한 경우 영업일 기준 [운영시간/기간] 이내에 배송되는 빠른 배송을 제공합니다. 3. 익일 배송: 시간에 민감한 고객을 위해 익일 배송을 제공합니다. 고객님의 상품은 다음 영업일에 도착할 것입니다. 4. 매장 내 픽업: 보다 직접적인 접근 방식을 선호하는 경우 매장 내 픽업을 선택할 수 있습니다. 결제 시 이 옵션을 선택하시면 [주소/지역]에서 상품을 수령하실 수 있습니다. 이제 배송 방법을 더 잘 이해하셨으니, 제가 더 도와드릴 수 있는 것이 있습니까?"
BCEIQ,배송 옵션을 찾고 있는데 도움을 받을 수 있나요?,배송,배송 방법 확인,정말 훌륭한 질문입니다! 다양한 배송 옵션을 탐색하는 데 도움을 드리게 되어 기쁩니다. 포괄적인 정보를 제공해 드리겠습니다. 1. 표준 배송: 이 옵션은 일반적으로 영업일 기준 [운영시간/기간] 이내에 도착합니다. 시간적 여유가 좀 더 있을 때 긴급하지 않은 물건을 보관하는 데 적합합니다. 2. 빠른 배송: 상품이 좀 더 빨리 필요한 경우 빠른 배송 옵션을 선택할 수 있습니다. [운영시간/기간] 영업일 이내에 배송을 보장합니다. 3. 익일 배송: 긴급한 요구 사항이나 막바지 갑작스러운 문제의 경우 익일 배송 옵션을 통해 다음 영업일까지 배송이 보장됩니다. 4. 매장 내 픽업: 편리함을 선호하거나 [주소/지역] 중 한 곳 근처에 거주하는 경우 매장 내 픽업을 선택할 수 있습니다. 이를 통해 고객님는 고객님의 편의에 따라 고객님의 품목을 개인적으로 수집할 수 있습니다. 정확한 배송 시간은 위치 및 기타 요인에 따라 달라질 수 있다는 점을 참고하시기 바랍니다. 특별한 우려 사항이 있거나 제가 도와드릴 수 있는 다른 사항이 있으면 언제든지 문의해 주세요. 고객님께 놀라운 배송 경험을 제공하게 되어 기쁘게 생각합니다!
BL,배송 옵션에 문제가 있습니다,배송,배송 방법 확인,"아, 배송 옵션 문제로 불편을 끼쳐드려 죄송합니다. 안심하세요. 제가 도와드리고 해결책을 찾아드리겠습니다. 현재 겪고 있는 문제에 대해 더 자세한 내용을 알려주실 수 있나요? 사용 가능한 배송 옵션을 보려고 할 때 특정 문제가 발생하거나 오류 메시지가 표시됩니까? 더 많은 정보를 제공할수록 이 문제를 해결하는 데 더 나은 도움을 드릴 수 있습니다."
BIL,배송에 사용할 수 있는 방법은 무엇입니까?,배송,배송 방법 확인,"아, 다양한 배송 방법에 대한 지식을 추구하는군요! 고객님이 원하는 옵션을 공개하게 되어 기쁘게 생각합니다. 1. 표준 배송: 영업일 기준 [운영시간/기간] 이내에 상품을 배송하는 신뢰할 수 있는 선택입니다. 2. 신속한 배송: 효율성을 원하는 사람들을 위해 [운영시간/기간] 영업일 내에 패키지를 예상하십시오. 3. 익일 배송: 시간이 중요한 경우 익일 배송을 보장합니다. 4. 매장 내 픽업: [주소/지역]에서 직접 상품을 수집하여 즉각적인 만족감을 경험해 보세요. 원활하고 즐거운 배송 경험을 보장하기 위해 각 방법에 세심한 주의를 기울였으니 안심하세요. 추가 질문이 있거나 제가 도와드릴 수 있는 사항이 있으면 언제든지 문의해 주세요."
BILM,어떤 배송 옵션을 제공하는지 확인하도록 도와주실 수 있나요?,배송,배송 방법 확인,물론이죠! 고객님의 필요에 맞는 다양한 배송 옵션을 안내해 드리겠습니다. 1. 표준 배송: 이 방법은 일반적으로 배송에 [운영시간/기간] 영업일이 소요됩니다. 시간에 민감하지 않은 항목에 적합합니다. 2. 빠른 배송: 상품이 더 빨리 필요한 경우 이 옵션을 사용하면 영업일 기준 [운영시간/기간] 이내에 배송이 보장됩니다. 3. 익일 배송: 긴급한 요구가 있는 경우 익일 배송을 통해 익일 배송이 보장됩니다. 4. 매장 내 픽업: 좀 더 직접적인 경험을 원하신다면 가장 가까운 [주소/지역]에서 편리하게 상품을 픽업하실 수 있습니다. 이러한 옵션은 유연성을 제공하고 특정 요구 사항을 충족하도록 설계되었습니다. 추가 질문이 있거나 주문과 관련하여 도움이 필요하면 언제든지 알려주시기 바랍니다. 저는 고객님의 쇼핑 경험을 원활하고 즐겁게 만들어드리기 위해 왔습니다!
BLMQ,어떤 배송 방법이 있는지 알고 싶습니다.,배송,배송 방법 확인,"아, 다양한 배송 방법을 알아보는 데 도움을 드리게 되어 기쁩니다. 옵션을 함께 살펴보겠습니다! 1. 표준 배송: 일반적으로 [운영시간/기간] 영업일 이내에 도착하는 안정적이고 비용 효율적인 옵션입니다. 2. 빠른 배송: 시간이 중요한 경우 이 더 빠른 배송을 선택하면 영업일 기준 [운영시간/기간] 이내에 상품을 받으실 수 있습니다. 3. 익일 배송: 긴급한 요구사항의 경우, 고객님의 상품이 다음 영업일에 배송될 것이므로 안심해 주세요. 4. 매장 내 픽업: 고객님이 직접 상품을 가져가는 편리함을 선호하는 경우 이 옵션을 사용하면 [주소/지역] 중 하나에서 주문을 픽업할 수 있습니다. 정확한 배송 기간은 위치, 품목 가용성 등의 요인에 따라 달라질 수 있다는 점을 기억하세요. 구체적인 질문이 있거나 제가 도와드릴 수 있는 다른 사항이 있으면 언제든지 알려주시기 바랍니다. 저는 고객님의 배달 경험이 원활하고 즐거운지 확인하기 위해 왔습니다!"
BL,배송 가능한 방법 확인,배송,배송 방법 확인,"아, 가능한 배송 방법에 관심이 있으신 것 같군요. 배송 옵션을 탐색하는 데 도움을 드리겠습니다. 1. 표준 배송: 이것은 일반적으로 [운영시간/기간] 영업일 이내에 도착하는 가장 일반적이고 저렴한 옵션입니다. 2. 빠른 배송: 상품이 조금 더 빨리 필요한 경우 이 옵션을 사용하면 영업일 기준 [운영시간/기간] 이내에 배송이 보장됩니다. 3. 익일 배송: 가장 긴급한 요구 사항의 경우 이 옵션을 사용하면 익일 배송이 보장됩니다. 4. 매장 내 픽업: 보다 직접적인 접근 방식을 선호하는 경우 [주소/지역] 중 한 곳에서 직접 상품을 픽업할 수 있습니다. 이것이 우리가 제공하는 기본 배송 방법입니다. 배송 서비스에 대한 특정 요구 사항이나 추가 질문이 있는 경우 알려주시기 바랍니다. 저는 고객님께 필요한 정보를 제공하고 고객님의 상황에 가장 적합한 결정을 내릴 수 있도록 돕기 위해 왔습니다."
BILM,어떤 배송 옵션이 있는지 확인하는 데 도움을 주실 수 있나요?,배송,배송 방법 확인,"물론입니다! 저는 고객님이 이용할 수 있는 다양한 배송 옵션을 탐색하는 데 도움을 드리고자 왔습니다. 당사의 포괄적인 배송 선택 범위를 살펴보겠습니다. 1. 표준 배송: 이것은 일반적으로 [운영시간/기간] 영업일 이내에 도착하는 가장 경제적인 옵션입니다. 2. 빠른 배송: 상품이 조금 더 빨리 필요한 경우 이 옵션을 사용하면 영업일 기준 [운영시간/기간] 이내에 배송이 보장됩니다. 3. 익일 배송: 긴급한 요구 사항이 있는 경우 익일 배송 서비스를 제공합니다. 4. 국제 배송: 해외로 배송하는 경우 당사는 전 세계 수많은 목적지로 신뢰할 수 있는 국제 배송 서비스를 제공합니다. 각 옵션은 속도, 경제성, 국제 배송 등 고객님의 특정 요구 사항을 충족하도록 맞춤화되어 있습니다. 이러한 배송 옵션에 대해 특별한 우려 사항이나 질문이 있는 경우 언제든지 알려주시기 바랍니다. 만족스러운 배송 경험을 위해 최선의 선택을 할 수 있도록 도와드리겠습니다!"
BILW,빌어먹을 배송 방법을 확인하려면 어떻게 해야 하나요?,배송,배송 방법 확인,"배송 방법의 영역을 탐구해 볼까요? 걱정하지 마세요, 친구여, 제가 도와드리겠습니다! 사용 가능한 배송 방법을 확인하려면 다음의 간단한 단계를 따라 주세요. 1. 당사 웹사이트를 방문하거나 모바일 앱을 엽니다. 2. 구매하려는 제품이나 항목으로 이동합니다. 3. 제품 페이지에서 ""배송 옵션"" 또는 ""배송"" 섹션을 찾으세요. 4. 섹션을 클릭하거나 탭하여 확장합니다. 5. 사용 가능한 배송 방법 목록과 세부 정보, 예상 배송 시간 및 관련 비용이 표시됩니다. 배송 방법을 알아보는 동안 추가 질문이 있거나 도움이 필요하면 주저하지 말고 문의하세요. 저희는 원활하고 만족스러운 쇼핑 경험을 보장하기 위해 모든 단계에서 노력하고 있습니다."
BILM,제가 어떤 배송 방법을 가지고 있는지 알려 주실 수 있나요?,배송,배송 방법 확인,물론이죠! 우리가 제공하는 다양한 배송 방법에 대해 설명하겠습니다. 1. 표준 배송: 영업일 기준 [운영시간/기간] 이내에 배송되므로 긴급하지 않은 주문에 이상적입니다. 2. 신속 배송: 상품을 받기를 기다릴 수 없는 사람들을 위해 [운영시간/기간] 영업일 이내에 배송을 보장하는 더 빠른 옵션입니다. 3. 익일 배송: 긴급한 요구 사항에 적합하며 주문이 다음 영업일에 도착하도록 보장합니다. 4. 매장 내 픽업: 상품을 직접 수령하고 싶다면 [주소/지역] 중 한 곳에서 편리한 픽업 옵션을 선택할 수 있습니다. 이러한 옵션은 다양한 배송 요구 사항을 충족하도록 설계되었습니다. 각 항목을 자유롭게 살펴보고 구체적인 질문이 있거나 도움을 드릴 수 있는 다른 사항이 있으면 알려주시기 바랍니다. 최고의 서비스를 제공할 것을 약속드립니다!
BLM,고객님이 제공하는 배송 방법을 알려주세요,배송,배송 방법 확인,물론이죠! 고객님의 편의를 위해 당사가 제공하는 다양한 배송 방법을 살펴보고 알아보세요. 1. 표준 배송: 이 옵션은 일반적으로 배송에 [운영시간/기간] 영업일이 소요됩니다. 시간적 여유가 조금 있을 때 긴급하지 않은 물건을 보관하는 데 적합합니다. 2. 빠른 배송: 상품을 좀 더 빨리 배송하고 싶으십니까? [운영시간/기간] 영업일 내에 배송하려면 빠른 배송을 선택하세요. 일정이 빡빡할 때 탁월한 선택입니다. 3. 익일 배송: 시간이 중요한 경우 익일 배송을 위해 익일 배송을 선택하세요. 긴급한 요구 사항이나 특별한 경우에 적합합니다. 4. 매장 픽업: 보다 직접적인 접근 방식을 선호하는 경우 편의를 위해 매장 픽업을 선택할 수 있습니다. 결제 과정에서 픽업 옵션을 선택하고 [주소/지역]를 방문하여 상품을 픽업하세요. 정확한 배송 시간은 위치 및 품목 가용성과 같은 요인에 따라 달라질 수 있습니다. 특별한 문의 사항이 있거나 추가 지원이 필요한 경우 언제든지 알려주시기 바랍니다. 배송 옵션을 탐색하는 데 도움을 드리게 되어 기쁘게 생각합니다!
BLW,빌어먹을 배송 옵션을 확인하는 방법을 모르겠습니다.,배송,배송 방법 확인,"아, 정말 기쁘네요! 다양한 배송 옵션에 대한 고객님의 호기심이 저의 관심을 불러일으켰습니다. 배송 옵션을 확인하는 과정을 안내해 드리겠습니다. 1. 당사 웹사이트 [웹사이트/메뉴]를 방문하여 ""배송"" 섹션으로 이동하십시오. 2. ""배송 옵션"" 또는 ""배송 옵션""이라고 표시된 탭이나 링크를 찾으십시오. 3. 탭이나 링크를 클릭하면 사용 가능한 배송 방법과 예상 배송 시간에 대한 자세한 정보에 액세스할 수 있습니다. 당사 웹사이트를 탐색하는 동안 어려움을 겪거나 추가 지원이 필요한 경우 주저하지 말고 당사 전담 지원팀([고객센터전화번호])에 문의하거나 당사 웹사이트의 라이브 채팅 기능을 통해 문의하십시오. 저희는 고객님의 원활한 쇼핑 경험을 보장하기 위해 왔습니다."
BILM,어떤 배송 방법을 사용할 수 있는지 어디서 확인하나요?,배송,배송 방법 확인,"물론입니다! 이용 가능한 배송 방법에 대한 정보를 찾는 데 도와드리겠습니다. 고객님이 이용할 수 있는 배송 방법을 확인하려면 당사 웹사이트를 방문하여 다음의 간단한 단계를 따라 주세요. 1. 당사 홈페이지([웹사이트/메뉴])로 이동합니다. 2. ""배송"" 또는 ""배송"" 탭/메뉴로 이동합니다. 3. ""배송 옵션"" 또는 ""배송 방법"" 링크를 클릭하십시오. 4. 예상 배송 기간 및 이와 관련된 추가 비용을 포함하여 사용 가능한 각 배송 방법에 대한 자세한 정보를 확인할 수 있습니다. 고객 서비스 담당자와 직접 통화하고 싶다면 [고객센터전화번호]로 전화하거나 웹사이트의 라이브 채팅 기능을 통해 전담 지원팀에 문의할 수도 있습니다. 이것이 도움이 되기를 바랍니다! 추가 도움이 필요하거나 더 궁금한 점이 있으면 언제든지 문의해 주세요. 저희는 고객님의 배송 경험이 원활하고 편리하도록 보장하기 위해 왔습니다."
BLM,어떤 배달 옵션을 제공하는지 알아보려고 전화했습니다,배송,배송 방법 확인,"안녕하세요! 저희의 훌륭한 배송 옵션을 찾아 고객님의 전화를 받게 되어 얼마나 기쁩니다! 고객님의 편의에 맞춰 당사가 제공하는 다양한 옵션을 소개하겠습니다. 1. 표준 배송: 영업일 기준 [운영시간/기간] 이내에 상품을 받을 수 있다는 기대에 푹 빠져보세요. 인내의 기쁨을 소중히 여기는 사람들에게 딱 맞습니다. 2. 빠른 배송: 시간이 중요하다면 두려워하지 마세요! 영업일 기준 [운영시간/기간] 배송을 위해 이 옵션을 선택하고 빠른 배송을 즐겨보세요. 3. 익일 배송: 즉각적인 만족을 원하는 진정한 매니아라면, 간절히 기다려온 상품이 다음 영업일에 배송될 것이므로 안심하세요. 4. 매장 내 픽업: 현지 편의가 필요하시면 [주소/지역]가 고객님의 도착을 간절히 기다리고 있습니다. 추가 문의사항이 있거나 제가 도와드릴 수 있는 다른 사항이 있으면 알려주시기 바랍니다. 고객 만족이 저희의 최우선 과제입니다!"
BILM,제가 가지고 있는 배송 방법을 확인하는 데 도움을 주실 수 있나요?,배송,배송 방법 확인,"기꺼이 도와드리겠습니다! 가능한 배송 방법을 확인하는 데 도움을 드리게 되어 기쁘게 생각합니다. 고객님의 요구 사항에 맞게 신중하게 선별된 옵션은 다음과 같습니다. 1. 표준 배송: 이 옵션은 일반적으로 영업일 기준 [운영시간/기간] 이내에 도착합니다. 긴급하지 않은 품목에 이상적입니다. 2. 빠른 배송: 시간이 부족한 경우 이 옵션을 사용하면 영업일 기준 [운영시간/기간] 이내에 상품이 도착할 수 있습니다. 3. 익일 배송: 긴급한 요구 사항이 있는 경우 다음 영업일 배송을 보장하는 신속한 서비스를 제공합니다. 4. 매장 내 픽업: 고객님이 직접 상품을 가져가는 편리함을 선호하시는 경우, 당사의 [주소/지역]가 고객님께 서비스를 제공할 준비가 되어 있습니다. 정확한 배송 시간은 위치 및 기타 요인에 따라 달라질 수 있습니다. 특별한 우려 사항이 있거나 추가 지원이 필요한 경우 주저하지 말고 문의해 주세요. 저희는 고객 만족을 보장하기 위해 왔습니다!"
BLM,어떤 배송 방법이 있는지 확인하고 싶어요,배송,배송 방법 확인,저는 그것을하고있다! 당사가 제공하는 다양한 배송 방법을 살펴보실 수 있도록 도와드리게 되어 기쁩니다. 옵션은 다음과 같습니다. 1. 표준 배송: 이것은 일반적으로 영업일 기준 [운영시간/기간] 이내에 배송되는 가장 인기 있는 배송 방법입니다. 긴급하지 않은 품목에 적합하며 종종 가장 비용 효율적인 선택입니다. 2. 빠른 배송: 상품이 좀 더 빨리 필요하다면 빠른 배송 옵션을 선택하는 것이 좋습니다. [운영시간/기간] 영업일 이내에 배송을 기대할 수 있습니다. 3. 익일 배송: 긴급한 요구 사항의 경우 익일 배송을 통해 다음 영업일까지 배송이 보장됩니다. 우리가 제공하는 가장 빠른 옵션입니다. 4. 매장 내 픽업: 보다 직접적인 접근 방식을 선호하는 경우 매장 내 픽업을 선택할 수 있습니다. 결제 과정에서 가장 가까운 매장 위치를 ​​선택하기만 하면 원하는 상품을 편리하게 픽업할 수 있습니다. 배송 시간은 위치 및 기타 요인에 따라 달라질 수 있다는 점을 기억하세요. 구체적인 질문이 있거나 제가 도와드릴 수 있는 다른 사항이 있으면 언제든지 문의해 주세요. 고객 만족이 저희의 최우선 사항입니다!
BL,배송 옵션을 확인하려면 어떻게 해야 하는지 모르겠습니다.,배송,배송 방법 확인,"아, 배송 옵션의 비밀을 밝히는 퀘스트! 절차를 안내해 드리겠습니다. 먼저, 당사 홈페이지에 접속하여 구매하려는 상품의 상품 페이지로 이동합니다. 거기에 가면 '배송' 또는 '배송 옵션'이라고 표시된 섹션이나 탭이 표시됩니다. 이를 클릭하면 사용 가능한 배송 옵션과 해당 배송 시간의 자세한 목록이 표시됩니다. 각 옵션을 살펴보고 필요에 가장 적합한 옵션을 선택할 수 있습니다. 추가 질문이 있거나 절차 중에 도움이 필요한 경우 고객 지원팀이 안내를 제공해 드립니다. 즐거운 탐색을 즐기시고 배송 여정이 원활해지기를 바랍니다!"
BILM,어떤 배송 방법을 제공하는지 알려 주시겠어요?,배송,배송 방법 확인,바로 처리하겠습니다! 우리가 제공하는 배송 방법을 찾는 데 도움을 드리게 되어 기쁘게 생각합니다. 사용 가능한 옵션은 다음과 같습니다. 1. 표준 배송: 이 옵션은 서두르지 않는 경우에 적합하며 예상 배송 시간은 영업일 기준 [운영시간/기간]입니다. 2. 빠른 배송: 상품이 조금 더 빨리 필요한 경우 이 방법을 사용하면 영업일 기준 [운영시간/기간] 이내에 배송이 보장됩니다. 3. 익일 배송: 긴급한 요구가 있는 경우 이 옵션을 사용하면 다음 영업일까지 배송이 보장됩니다. 4. 매장 내 픽업: 편의성과 유연성이 우선시된다면 이 옵션을 선택하고 [주소/지역]에서 제품을 픽업할 수 있습니다. 이러한 옵션은 다양한 요구 사항을 충족하고 원활한 쇼핑 경험을 보장하도록 설계되었습니다. 추가 질문이 있거나 가장 적합한 옵션을 선택하는 데 도움이 필요하면 언제든지 알려주시기 바랍니다. 저는 도와주러 왔습니다!
BL,배송 방법을 보는 데 도움,배송,배송 방법 확인,"아, 고객님이 이용할 수 있는 배송 방법을 탐색하는 데 제가 가이드가 되어 드리겠습니다! 다양한 옵션을 쉽게 보는 방법은 다음과 같습니다. 1. 당사 홈페이지를 방문하여 구매하려는 상품의 상품페이지로 이동합니다. 2. 제품 페이지에서 ""배송"" 또는 ""배송 옵션"" 섹션을 찾으세요. 3. 섹션을 클릭하여 확장하면 다양한 배송 방법이 표시됩니다. 4. 각 옵션의 세부정보와 예상 배송 시간을 검토하세요. 5. 가격, 속도, 제공되는 추가 기능을 자유롭게 비교해 보세요. 6. 선호하는 배송 방법을 결정한 후 장바구니에 상품을 추가하고 결제 과정을 완료하세요. 사용 가능한 배송 방법과 관련하여 특정 요구 사항이나 질문이 있는 경우 주저하지 말고 문의하십시오. 저희는 고객님의 배송 경험이 원활하고 고객님의 요구에 맞게 조정될 수 있도록 최선을 다하고 있습니다."
BEL,배송방법을 어떻게 확인하는지 모르겠어요,배송,배송 방법 확인,"걱정하지 마세요, 친구! 고객님는 당사의 배송 방법에 대한 모든 것을 배울 수 있는 올바른 위치에 있습니다. 이 흥미진진한 여정의 가이드가 되어 드리겠습니다. 1. 1단계: 당사 웹사이트에 접속하여 고객님의 계정에 로그인하세요. 2. 2단계: ""배송"" 또는 ""배송"" 섹션으로 이동합니다. 3. 3단계: 여기에서 당사가 제공하는 모든 배송 방법을 확인할 수 있습니다. 4. 4단계: 각 방법을 클릭하여 기능, 예상 배송 시간 및 추가 비용에 대해 자세히 알아보세요. 5. 5단계: 시간을 내어 고객님의 필요에 가장 적합한 방법을 비교하고 선택하십시오. 6. 6단계: 선택을 완료한 후 체크아웃 절차를 진행하고 구매를 완료하세요. 이 단계를 수행하는 동안 어려움이 있거나 다른 질문이 있는 경우 주저하지 말고 고객 지원팀에 문의하세요. 저희는 고객님께 필요한 모든 지원을 제공해 드리겠습니다. 즐거운 탐험이 되세요!"
BL,배송 방법을 확인하려고 한다,배송,배송 방법 확인,"아, 다양한 배송 방법을 모색하고 계시군요. 선적 계몽을 위한 고객님의 탐구에 제가 도움을 드리겠습니다! 사용 가능한 옵션은 다음과 같습니다. 1. 표준 배송: 일반적으로 [기타정보] 내에 도착하는 패키지를 인내심을 갖고 기다리는 사람들을 위한 저렴한 선택입니다. 2. 빠른 배송: [기타정보] 만에 문앞에 도착하여 더 빠른 배송을 원하는 사람들에게 이상적입니다. 3. 익일 배송: 이름에서 알 수 있듯이 이 옵션을 사용하면 상품이 바로 다음 영업일에 도착할 수 있습니다. 4. 매장 내 픽업: 기다리지 않고 직접 구매품을 픽업하고 싶다면 [주소/지역] 서비스를 이용하세요. 올바른 옵션을 선택하는 것은 긴급성, 비용, 편의성과 같은 요소에 따라 달라질 수 있습니다. 특정 요구 사항이나 질문이 있는 경우 언제든지 문의하세요. 저희는 함께 고객님의 요구에 맞는 완벽한 배송 방법을 찾을 것입니다."
BCL,배송 옵션을 확인하고 싶은데 도움이 필요합니다,배송,배송 방법 확인,최선을 다하겠습니다! 고객님의 필요에 맞는 사용 가능한 배송 옵션을 탐색하는 데 도움을 드리고자 왔습니다. 자세한 내용을 알려 드리겠습니다. 1. 표준 배송: 이 옵션은 패키지가 도착하는 데 영업일 기준 [운영시간/기간] 정도 소요됩니다. 급하지 않은 배송에 적합합니다. 2. 빠른 배송: 상품이 더 빨리 필요한 경우 이 옵션을 선택하세요. 일반적으로 배송에는 [운영시간/기간] 영업일이 소요됩니다. 3. 익일 배송: 급하게 배송이 필요한 경우 이 옵션을 선택하면 다음 영업일까지 배송이 보장됩니다. 4. 매장 픽업: [주소/지역]에서 직접 상품을 픽업하는 편리함을 누려보세요. 시간을 내어 이러한 옵션을 평가하고 자신에게 가장 적합한 것이 무엇인지 고려하십시오. 추가 질문이 있거나 제가 도와드릴 수 있는 사항이 있으면 언제든지 문의해 주세요. 고객님의 경험을 원활하게 만드는 것이 저희의 최우선 과제입니다!
BCL,배송 옵션을 확인해야 하는데 도움이 필요합니다,배송,배송 방법 확인,걱정하지 마세요. 고객님이 이용할 수 있는 다양한 배송 옵션을 찾는 데 도움을 드리고자 왔습니다. 고객님의 요구에 맞는 완벽한 배송 방법을 찾아보세요! 저희의 선택 범위는 다음과 같습니다: 1. 표준 배송: 이 방법은 일반적으로 [운영시간/기간] 영업일이 소요되므로 긴급하지 않은 품목에 이상적입니다. 2. 빠른 배송: 더 빠른 옵션을 찾고 계시다면 이 옵션은 영업일 기준 [운영시간/기간] 이내에 배송을 보장합니다. 3. 익일 배송: 시간에 민감한 품목의 경우 익일 배송을 보장합니다. 4. 매장 내 픽업: [주소/지역] 중 한 곳과 가까운 곳에 계시다면 직접 상품을 픽업하실 수 있는 편리함을 누리실 수 있습니다. 계속 진행하려면 선호하는 배송 옵션을 알려주시면 절차를 안내해 드리겠습니다. 추가 질문이 있거나 제가 도와드릴 수 있는 다른 사항이 있으면 언제든지 문의해 주세요. 저희는 고객님의 쇼핑 경험을 원활하고 즐겁게 만들기 위해 최선을 다하고 있습니다!
BLM,어떤 배송 옵션이 있는지 확인하고 싶습니다.,배송,배송 방법 확인,"아, 완벽한 운송 경로를 찾는 탐험가! 고객님이 이용할 수 있는 다양한 배송 옵션을 살펴보겠습니다. 1. 표준 배송: 일반적으로 [운영시간/기간] 영업일 이내에 도착하는 비용과 배송 시간 사이의 균형을 원하는 사람들을 위한 선택입니다. 2. 신속한 배송: 시간에 민감한 배송을 위한 더 빠른 경로로, 영업일 기준 [운영시간/기간] 이내에 상품이 도착할 수 있도록 보장합니다. 3. 익일 배송: 긴급한 요구 사항에 적합하며 다음 영업일 배송을 보장합니다. 4. 매장 내 픽업: 편리한 현지 수거를 선호하시는 경우, [주소/지역]가 고객님께 서비스를 제공할 준비가 되어 있습니다. 잠시 시간을 내어 이전 선택 사항을 생각해 보십시오. 가장 마음에 드는 배송 옵션은 무엇입니까? 고객님이 선호하는 사항에 대해 고민할 때 제가 배송 옵션의 바다를 탐색하는 데 도움을 주기 위해 여기 있다는 것을 알아두십시오. 함께라면 고객님의 여행을 원활하게 만들 수 있습니다!"
BILM,어떤 배송 옵션이 있는지 어디서 확인할 수 있나요?,배송,배송 방법 확인,물론이죠! 함께 탐색하여 사용 가능한 배송 옵션을 살펴보겠습니다. 당사가 제공하는 배송 옵션을 보려면 당사 웹사이트 [웹사이트/메뉴]를 방문하여 다음 단계를 따라 주세요. 1. 홈페이지에 접속하여 원하는 상품을 찾아보세요. 2. 상품을 선택한 후 결제 페이지로 이동하세요. 3. 결제 페이지에서 배송 옵션 섹션을 찾을 수 있습니다. 4. 배송 옵션 섹션을 클릭하여 확장하고 사용 가능한 모든 선택 사항을 확인하세요. 5. 시간을 갖고 다양한 배송 옵션을 비교하여 고객님의 요구에 가장 적합한 것을 찾으십시오. 배송 옵션을 확인하는 동안 어려움이 있거나 추가 질문이 있는 경우 [고객센터전화번호]로 고객 지원팀에 문의하거나 웹사이트의 라이브 채팅을 통해 언제든지 문의하세요. 실시간 지원을 제공하기 위해 [운영시간/기간]를 사용할 수 있습니다. 배송 옵션을 탐색하는 것이 결코 쉬운 일은 아닙니다. 고객님의 패키지가 적시에 고객님께 도착하도록 보장하는 동안 유연성과 편리함을 즐기십시오!
BLMQ,어떤 배송 옵션이 있는지 확인하는 데 도움이 필요합니다,배송,배송 방법 확인,"아, 지식에 대한 얼마나 놀라운 탐구인가! 고객님만을 위한 당사의 존경받는 배송 옵션의 미스터리를 풀어보겠습니다. 1. 표준 배송: 영업일 기준 [운영시간/기간] 이내에 예상 도착을 통해 기대의 즐거움을 경험해 보세요. 2. 빠른 배송: 효율성을 중시하는 사람들을 위해 패키지는 영업일 기준 [운영시간/기간]에 도착합니다. 3. 익일 배송: 다음 영업일 배송으로 빠른 만족의 항해를 시작하세요. 4. 매장 픽업: [주소/지역]에서 직접 패키지를 픽업하여 편리함의 즐거움에 빠져보세요. 이전 경험을 되돌아보세요. 어떤 배송 옵션이 가장 마음에 들었나요? 고객님이 선택을 고려할 때, 내가 고객님을 더 돕기 위해 여기에 있다는 것을 기억하십시오. 고객님이 만족할 수 있는 맞춤형 경험을 함께 만들어 보세요!"
BILMQ,어떤 배송 옵션을 제공하는지 확인할 수 있는 곳,배송,배송 방법 확인,"과연! 다양한 배송 옵션에 대한 정보를 어디에서 찾을 수 있는지 안내해 드리겠습니다. 사용 가능한 배송 옵션을 살펴보려면 당사 웹사이트의 배송 페이지를 방문하세요. 여기에서 예상 배송 시간과 함께 각 배송 방법에 대한 자세한 설명을 확인할 수 있습니다. 또한 이용 가능한 특별 배송 프로모션이나 할인에 대한 정보도 찾아보실 수 있습니다. 좀 더 개인적인 접촉을 원하시면 고객 서비스 팀이 도움을 드릴 수도 있습니다. 그들은 고객님의 특정 요구와 선호도에 따라 권장 사항을 제공할 수 있습니다. 라이브 채팅 지원을 통해 또는 고객 서비스 핫라인에 전화하여 연락하실 수 있습니다. 저희는 정보에 입각한 결정을 내리는 것의 중요성을 이해하고 있으며, 모든 단계에서 고객님을 도와드릴 것입니다. 따라서 추가 지원이 필요하면 언제든지 당사 웹사이트를 탐색하거나 고객 서비스 팀에 문의하세요. 즐거운 배달 경험을 함께 만들어 갑시다!"
BCELQ,배송 방법을 찾고 있습니다. 찾는 데 도움이 됩니다.,배송,배송 방법 확인,"확실히! 저는 저희가 제공하는 다양한 배송 방법을 찾는 데 도움을 드리고자 왔습니다. 다양한 배송 옵션을 알려드리겠습니다. 1. 표준 배송: 일반적으로 패키지가 도착하는 데 [운영시간/기간] 영업일이 소요됩니다. 이 옵션은 긴급한 마감 기한이 없는 경우에 이상적입니다. 2. 빠른 배송: 상품이 조금 더 빨리 도착해야 하는 경우, 일반적으로 [운영시간/기간] 영업일이 소요되는 빠른 배송을 제공합니다. 3. 익일 배송: 긴급한 요구 사항이 있는 경우 패키지가 다음 영업일에 도착할 수 있도록 익일 배송을 제공합니다. 4. 매장 내 픽업: 편리하게 상품을 직접 픽업하고 싶다면 [주소/지역] 중 한 곳을 통해 매장 내 픽업을 선택할 수 있습니다. 실제 배송 시간은 특정 위치 및 기타 요인에 따라 달라질 수 있습니다. 구체적인 질문이 있거나 제가 도와드릴 수 있는 다른 사항이 있으면 언제든지 알려주시기 바랍니다. 만족스러운 배송 경험을 선사하기 위해 왔습니다!"
BL,배송방법을 알아보려고 전화했어요,배송,배송 방법 확인,물론입니다! 배송 방법을 알아보는 데 도와드리겠습니다. 저는 주로 서면 의사소통을 통해 도움을 주지만 전화 통화의 가치도 이해합니다. 배송 방법에 대한 가장 정확하고 최신 정보를 제공하기 위해 고객 서비스 핫라인 [고객센터전화번호]로 전화해 주시기 바랍니다. 당사의 전담 지원팀은 고객님께 사용 가능한 배송 방법을 안내하고 고객님의 필요에 가장 적합한 옵션을 선택할 수 있도록 기꺼이 도와드릴 것입니다. 통화 후 추가 질문이 있거나 추가 지원이 필요한 경우 언제든지 문의해 주세요.
BLMQ,어떤 배송 옵션이 제공되는지 확인하는 데 도움,배송,배송 방법 확인,확실히! 저는 저희가 제공하는 다양한 배송 옵션을 탐색하는 데 도움을 드리고자 왔습니다. 배송 가능성의 세계를 살펴보겠습니다. 1. 표준 배송: 이는 가장 경제적인 옵션으로 일반적으로 [운영시간/기간] 영업일 이내에 도착하며 긴급하지 않은 품목에 이상적입니다. 2. 빠른 배송: 좀 더 빠른 배송을 원하신다면 빠른 배송 옵션을 이용하시면 고객님의 상품이 영업일 기준 [운영시간/기간] 이내에 도착할 수 있습니다. 3. 익일 배송: 물품이 긴급하게 필요하십니까? 익일 배송은 다음 영업일까지 배송을 보장합니다. 4. 매장 내 픽업: 보다 직접적인 접근 방식을 선호하는 경우 매장 내 픽업 옵션을 선택할 수 있습니다. 결제 시 이 옵션을 선택하고 가장 가까운 매장에서 상품을 수령하세요. 저희는 고객 만족을 보장하고 싶습니다. 질문이 있거나 특별히 염두에 두고 있는 사항이 있으면 알려 주시기 바랍니다. 고객님의 배송 요구사항에 가장 적합한 선택을 할 수 있도록 도와드리겠습니다!
BILMQ,내가 어떤 배송 옵션을 가지고 있는지 알려줄 수 있나요?,배송,배송 방법 확인,"물론이죠! 저는 고객님이 이용할 수 있는 다양한 배송 옵션을 탐색하는 데 도움을 드리고자 왔습니다. 다양한 배송 방법을 보려면 다음 단계를 따르세요. 1. 당사 웹사이트를 방문하여 제품 페이지나 장바구니로 이동하세요. 2. 결제 페이지로 이동합니다. 3. 일반적으로 오른쪽에 있는 배송 옵션 섹션을 찾으세요. 4. 드롭다운 메뉴를 클릭하여 예상 배송 시간과 함께 사용 가능한 배송 옵션을 확인하세요. 5. 가격, 배송 속도, 특별 요구 사항 등의 요소를 고려하여 고객님의 요구 사항에 가장 적합한 옵션을 선택하세요. 특별한 우려 사항이 있거나 추가 지원이 필요한 경우 언제든지 알려주시기 바랍니다. 저는 고객님을 안내하고 고객님의 배송 경험이 원활하고 만족스럽도록 보장하기 위해 왔습니다."
BL,배송 옵션을 확인하기 위해 전화했습니다.,배송,배송 방법 확인,물론입니다! 배송 옵션에 대한 개요를 알려드리게 되어 기쁘게 생각합니다. 배송과 관련하여 당사는 고객님의 필요에 맞는 다양한 방법을 제공합니다. 사용 가능한 옵션은 다음과 같습니다. 1. 표준 배송: 많은 사람들이 선택하는 이 방법은 일반적으로 영업일 기준 [운영시간/기간] 이내에 도착합니다. 긴급하지 않은 배송에 적합합니다. 2. 빠른 배송: 급한 경우 빠른 옵션을 이용하면 영업일 기준 [운영시간/기간] 이내에 패키지가 목적지에 도착할 수 있습니다. 3. 익일 배송: 긴급 배송의 경우 익일 배송 옵션을 통해 다음 영업일 배송을 보장합니다. 4. 매장 내 픽업: 좀 더 개인적인 손길을 원하시면 [주소/지역]에서 직접 상품을 픽업하실 수 있습니다. 이러한 옵션은 상황에 관계없이 소중한 고객에게 유연성과 편리함을 보장합니다. 특별한 문의 사항이 있거나 제가 도와드릴 수 있는 다른 사항이 있으면 언제든지 알려주시기 바랍니다. 저는 고객님의 배송 경험을 최대한 원활하게 만들기 위해 왔습니다!
BCLQ,배송 옵션이 도움이 되는지 확인해야 해요,배송,배송 방법 확인,"아, 배송 옵션의 세계가 고객님의 탐험을 간절히 기다리고 있습니다! 고객님이 이용할 수 있는 다양한 가능성을 발견하기 위한 이 여정을 시작하는 동안 제가 고객님의 가이드가 되어 드리겠습니다. 다양한 요구 사항을 충족하는 탁월한 배송 옵션은 다음과 같습니다. 1. 표준 배송: 일반적으로 [운영시간/기간] 영업일 이내에 도착하므로 기대에 부응하세요. 긴급하지 않은 품목을 위한 훌륭한 선택입니다. 2. 신속한 배송: 시간이 중요한 경우 이 옵션을 사용하면 영업일 기준 [운영시간/기간]일 내에 바람보다 빠르게 상품이 도착할 수 있습니다. 3. 익일 배송: 즉각적인 만족을 원하는 사람들을 위한 완벽한 선택으로 익일 배송을 보장합니다. 4. 매장 내 픽업: 현지 경험을 좋아하는 분들을 위해 [주소/지역]는 고객님이 직접 상품을 픽업하게 되어 기쁘게 생각합니다. 고객님이 선호하는 배송 방법을 고려할 때 고객님이 가질 수 있는 질문이나 우려 사항에 대해 제가 도움을 드리고 있다는 점을 알아두시기 바랍니다. 저희는 함께 옵션의 바다를 탐색하고 고객님의 요구에 가장 적합한 옵션을 찾을 것입니다."
BIQS,[주소/지역]로 배달해주실 수 있나요?,배송,배송 방법 확인,"확실히! [주소/지역]로 배송 서비스를 제공한다는 사실을 알려드리게 되어 기쁩니다. 저희는 [주소/지역]를 포함하여 세계 각지의 소중한 고객에게 서비스를 제공하는 것의 중요성을 이해합니다. 헬싱키, 탐페레 또는 [주소/지역]의 다른 어떤 도시이든지 저희가 도와드리겠습니다. 당사 웹사이트에서 결제 과정 중에 [주소/지역]에 대한 배송 옵션을 탐색할 수 있습니다. [주소/지역] 배송과 관련하여 구체적인 문의 사항이나 질문이 있는 경우 언제든지 문의해 주세요. 저희는 고객님의 원활한 배송 경험을 보장하기 위해 왔습니다."
BLSZ,[주소/지역]를 마시는 중,배송,배송 방법 확인,"고객님은 올바른 장소에 왔습니다! 저희는 주의 깊게 효율적으로 고객님의 패키지를 [주소/지역]로 배송할 준비가 되어 있습니다. 토론토, 몬트리올, 밴쿠버 또는 광활한 [주소/지역] 전역의 다른 도시에 있든 저희가 도와드리겠습니다. 당사의 배송 옵션은 고객님의 필요와 선호도에 맞춰 설계되어 고객님의 배송물이 제 시간에 안전하게 도착할 수 있도록 보장합니다. 표준 배송부터 빠른 배송 옵션까지, 당사는 고객님의 요구 사항을 충족할 수 있는 다양한 선택을 제공합니다. 나머지는 저희가 알아서 처리해 드릴테니 안심하고 주문하세요. [주소/지역] 배송과 관련된 특정 우려 사항이나 질문이 있는 경우 언제든지 알려주시기 바랍니다. 저는 모든 단계에서 고객님을 돕기 위해 여기 있습니다!"
BLM,어떤 배송 방법을 제공하는지 확인해야 합니다.,배송,배송 방법 확인,"물론이죠! 저는 다양한 배송 방법을 알아보는 데 도움을 드리고자 왔습니다. 저희는 고객님의 요구 사항을 충족할 수 있는 유연한 옵션을 제공하는 것의 중요성을 이해하고 있습니다. 우리가 제공하는 배송 방법은 다음과 같습니다. 1. 표준 배송: 이것은 가장 인기 있는 옵션이며 일반적으로 도착하는 데 [운영시간/기간] 영업일이 소요됩니다. 긴급하지 않은 배송에 적합하며 저렴한 가격으로 제공됩니다. 2. 특급 배송: 상품이 좀 더 빨리 필요하다면 특급 배송이 좋은 선택입니다. 패키지를 배송하는 데 일반적으로 [운영시간/기간] 영업일이 소요됩니다. 안정적이고 빠른 옵션입니다. 3. 당일 배송: 시간이 중요한 경우에는 당일 배송 서비스를 제공합니다. [기타정보]로 주문하시면 당일 문앞에서 받으실 수 있습니다. 긴급 주문에 적합합니다. 4. 매장 픽업: 보다 직접적인 접근 방식을 선호하는 경우 매장 픽업을 선택할 수 있습니다. 간단히 온라인으로 주문하시면 가장 가까운 [주소/지역]에서 픽업하실 수 있습니다. 정확한 배송 시간은 위치, 상품 가용성 등의 요인에 따라 달라질 수 있다는 점을 기억하세요. 추가 질문이 있거나 배송과 관련하여 도움이 필요한 경우, 주저하지 말고 문의하시기 바랍니다. 저희는 고객 만족을 보장하기 위해 왔습니다!"
BILMQ,내가 가지고 있는 배송 방법을 어떻게 알 수 있나요?,배송,배송 방법 확인,"물론입니다! 사용 가능한 배송 방법을 알아보려면 다음의 빠른 단계를 따라 주세요. 1. 당사 홈페이지 [회사 홈페이지 URL]을 방문하세요. 2. 당사 웹사이트의 ""배송"" 또는 ""배송"" 섹션으로 이동합니다. 3. 여기서는 설명, 예상 배송 시간 및 필요한 추가 세부 정보와 함께 당사가 제공하는 모든 배송 방법의 포괄적인 목록을 확인할 수 있습니다. 추가 질문이 있거나 당사 웹사이트 탐색에 도움이 필요한 경우 당사 고객 지원팀이 도움을 드릴 수 있습니다. 당사 웹사이트의 라이브 채팅 기능을 통해 연락하시거나 [고객 지원 전화번호]로 전화해 주세요. 그들은 기꺼이 절차를 안내하고 필요한 모든 정보를 제공할 것입니다. 저희는 고객님의 배송 경험이 원활하고 편리하도록 보장하기 위해 여기 있다는 것을 기억하십시오. 다른 문의사항이 있거나 도움을 드릴 수 있는 사항이 있으면 언제든지 문의해 주세요."
BLM,고객님이 제공하는 배송 옵션을 확인하는 데 도움이 됩니다,배송,배송 방법 확인,"물론이죠! 고객님의 필요에 맞게 맞춤화된 다양한 배송 옵션을 안내해 드리겠습니다. 다음은 우리가 준비한 내용의 스냅샷입니다. 1. 표준 배송: 이 비용 효율적인 옵션은 영업일 기준 [운영시간/기간] 이내에 품목을 배송하므로 긴급하지 않은 주문에 적합합니다. 2. 빠른 배송: 고객님의 상품이 좀 더 빨리 필요한 경우, 당사의 빠른 배송을 통해 영업일 기준 [운영시간/기간] 이내에 배송이 보장됩니다. 3. 익일 배송: 긴급한 요구가 있는 경우 익일 배송을 통해 익일 배송이 보장됩니다. 4. 매장 내 픽업: 보다 직접적인 접근 방식을 선호하는 경우 [주소/지역]에서 매장 내 픽업을 선택할 수 있습니다. 기다리는 시간 없이 상품을 수령할 수 있는 편리한 방법입니다. 구체적인 배송 시간은 위치, 제품 가용성 등의 요인에 따라 달라질 수 있다는 점을 기억하세요. 구체적인 질문이 있거나 제가 도와드릴 수 있는 다른 사항이 있으면 언제든지 알려주시기 바랍니다. 고객 만족이 저희의 최우선 사항입니다!"
BL,배송 옵션을 확인해야 해요,배송,배송 방법 확인,"내가 처리할게! 제가 도와드릴 수 있습니다. 고객님의 필요에 맞게 사용 가능한 배송 옵션을 살펴보겠습니다. 1. 표준 배송: 이 옵션은 일반적으로 상품을 배송하는 데 [운영시간/기간] 영업일이 소요됩니다. 긴급하지 않은 주문에 적합하며 적당한 가격으로 제공됩니다. 2. 빠른 배송: 상품이 좀 더 빨리 필요한 경우, 빠른 배송을 통해 영업일 기준 [운영시간/기간] 이내에 상품을 배송받을 수 있습니다. 3. 익일 배송: 긴급한 요구가 있는 경우 익일 배송을 제공하여 다음 영업일까지 문앞까지 배송됩니다. 4. 매장 내 픽업: 상품을 개인적으로 픽업하려는 경우 [주소/지역]에서 매장 내 픽업 옵션을 선택할 수 있습니다. 각 배송 옵션에는 고유한 이점이 있으며 특정 기간은 위치 및 품목 가용성과 같은 요인에 따라 달라질 수 있습니다. 특별한 문의 사항이나 추가 질문이 있는 경우 언제든지 알려주시기 바랍니다. 저는 고객님께 원활하고 만족스러운 배송 경험을 보장하기 위해 왔습니다!"
BCLQ,배송 옵션이 도움이 되는지 보고 싶어요,배송,배송 방법 확인,"다양한 배송 옵션을 살펴보실 수 있도록 도와드리겠습니다. 바로 뛰어 들어 봅시다! 배송과 관련하여 당사는 고객님의 요구 사항을 충족할 수 있도록 설계된 다양한 옵션을 제공합니다. 주요 배송 방법은 다음과 같습니다. 1. 표준 배송: 이 비용 효율적인 옵션은 일반적으로 배송에 [운영시간/기간] 영업일이 소요됩니다. 2. 빠른 배송: 조금 급하신 경우, 빠른 배송을 이용하시면 영업일 기준 [운영시간/기간] 이내에 패키지를 받으실 수 있습니다. 3. 익일 배송: 긴급한 경우 익일 배송 서비스를 통해 익일 배송을 보장합니다. 4. 매장 내 픽업: 좀 더 직접 체험을 원하신다면 [주소/지역] 중 한 곳에서 주문을 픽업하실 수 있습니다. 구체적인 배송 시간은 위치, 제품 가용성 등의 요인에 따라 달라질 수 있다는 점을 기억하세요. 더 궁금한 점이 있거나 필요에 가장 적합한 옵션을 선택하는 데 도움이 필요하면 언제든지 문의하세요. 저는 고객님께 모든 단계를 안내하기 위해 여기 있습니다!"
BCILP,"배송 옵션을 확인하고 싶은데, 도와주실 수 있나요?",배송,배송 방법 확인,과연! 다양한 배송 옵션을 탐색하는 데 도움을 드리게 되어 기쁘게 생각합니다. 우리가 제공하는 서비스에 대한 포괄적인 분석은 다음과 같습니다. 1. 표준 배송: 이것은 가장 저렴한 옵션이며 일반적으로 배송에 [운영시간/기간] 영업일이 소요됩니다. 2. 빠른 배송: 상품이 더 빨리 필요한 경우 이 옵션을 사용하면 영업일 기준 [운영시간/기간] 이내에 배송이 보장됩니다. 3. 익일 배송: 긴급 주문의 경우 익일 배송을 보장하는 익일 배송 서비스를 제공합니다. 4. 매장 내 픽업: 직접 상품을 수령하려는 경우 매장 내 픽업 옵션을 사용하면 [주소/지역]에서 편리하게 상품을 검색할 수 있습니다. 고객님의 필요에 가장 적합한 옵션을 자유롭게 선택하십시오. 추가 질문이 있거나 추가 지원이 필요한 경우 주저하지 말고 문의하세요. 고객 만족이 저희의 최우선 사항입니다!
BLM,어떤 배송 옵션이 있는지 확인하는 데 도움,배송,배송 방법 확인,내가 해낼게! 다양한 배송 옵션을 살펴보실 수 있도록 도와드리겠습니다. 그것에 대해 바로 살펴 보겠습니다. 1. 표준 배송: 당사의 신뢰할 수 있는 표준 배송 방법은 일반적으로 영업일 기준 [운영시간/기간] 이내에 도착합니다. 긴급하지 않은 품목에 탁월한 선택입니다. 2. 빠른 배송: 더 빠른 배송을 원하신다면 빠른 배송 옵션을 이용하시면 고객님의 상품이 영업일 기준 [운영시간/기간] 이내에 배송될 수 있습니다. 3. 익일 배송: 물품이 긴급하게 필요하십니까? 익일 배송을 보장하는 익일 배송을 선택하세요. 4. 매장 픽업: 현지 고객의 편의를 위해 [주소/지역]에서 제품을 픽업할 수 있는 옵션을 제공합니다. 위치 및 기타 요인에 따라 배송 시간이 달라질 수 있다는 점을 참고하시기 바랍니다. 구체적인 질문이 있거나 제가 도와드릴 수 있는 다른 사항이 있으면 언제든지 문의해 주세요. 고객 만족을 보장하는 것이 최우선입니다!
BCILMQ,어떤 배송 옵션이 있는지 확인해야 합니다. 어떻게 해야 하나요?,배송,배송 방법 확인,"내가 처리할게! 고객님이 이용할 수 있는 배송 옵션을 탐색하는 데 확실히 도움을 드릴 수 있습니다. 배송 옵션을 확인하는 몇 가지 단계는 다음과 같습니다. 1. 당사 홈페이지를 방문하여 관심상품의 상품페이지로 이동합니다. 2. 제품 페이지에 들어가면 사용 가능한 배송 옵션에 대한 정보를 찾을 수 있습니다. 3. ""배송 옵션"" 또는 ""배송 정보"" 섹션을 찾으십시오. 이를 클릭하면 다양한 배송 옵션을 볼 수 있습니다. 4. 잠시 시간을 내어 예상 배송 기간과 각 방법과 관련된 추가 비용을 포함하여 각 옵션의 세부정보를 검토하세요. 5. 고객님의 필요에 맞는 옵션을 찾으면 결제 과정에서 해당 옵션을 선택하기만 하면 됩니다. 배송 옵션을 확인하는 동안 특정 질문이 있거나 추가 지원이 필요한 경우 언제든지 문의해 주세요. 저는 고객님이 원활하고 만족스러운 구매 경험을 누릴 수 있도록 돕기 위해 왔습니다."
BL,배송 옵션에 대한 정보,배송,배송 방법 확인,"긍정적으로! 이용 가능한 배송 옵션을 살펴보겠습니다. 1. 표준 배송: 이 옵션은 일반적으로 도착하는 데 [운영시간/기간] 영업일이 소요되며 긴급하지 않은 품목에 적합합니다. 2. 빠른 배송: 상품이 빨리 필요한 경우 빠른 배송을 선택할 수 있으며, 일반적으로 영업일 기준 [운영시간/기간]가 소요됩니다. 3. 익일 배송: 긴급한 요구가 있는 경우 익일 배송을 제공하여 고객님의 품목이 다음 영업일에 배송되도록 보장합니다. 4. 매장 내 픽업: 보다 직접적인 접근 방식을 선호하는 경우 [주소/지역]에서 매장 내 픽업을 선택할 수 있습니다. 이러한 옵션은 다양한 우선순위를 충족하고 원활한 배송 경험을 보장하도록 설계되었습니다. 특별한 문의 사항이 있거나 제가 도와드릴 수 있는 다른 사항이 있으면 언제든지 알려주시기 바랍니다."
BCILM,어떤 배송 방법을 제공하는지 확인해야 합니다. 어떻게 해야 하나요?,배송,배송 방법 확인,"최선을 다하겠습니다! 다양한 배송 방법을 탐색하는 여정을 시작하겠습니다. 당사가 제공하는 배송 옵션을 확인하려면 다음과 같은 간단한 단계를 따라 주세요. 1. 당사 웹사이트 [웹사이트/메뉴]를 방문하세요. 2. ""배송"" 섹션으로 이동하거나 검색창에서 ""배송 옵션""을 검색하세요. 3. 배송 페이지에 들어가면 표준 배송, 빠른 배송, 익일 배송, 매장 내 픽업을 포함하여 사용 가능한 모든 배송 방법에 대한 자세한 정보를 확인할 수 있습니다. 4. 각 옵션의 기능과 배송 시간을 천천히 비교하여 가장 적합한 옵션을 선택하세요. 배송 방법과 관련해 어려움이 있거나 특정 질문이 있는 경우, 주저하지 말고 친절한 고객 지원팀에 문의하세요. 당사 웹사이트의 라이브 채팅이나 전화([고객센터전화번호])를 통해 [운영시간/기간]와 통화하실 수 있습니다. 저희는 최대한의 주의를 기울여 고객님께 서비스를 제공하고 원활한 배송 경험을 보장하기를 기대하고 있습니다!"
BCLMQ,어떤 배송 방법을 선택할 수 있는지 확인하고 싶어요. 도와주세요,배송,배송 방법 확인,물론이죠! 고객님이 고객님의 필요에 가장 적합한 선택을 할 수 있도록 배송 방법에 대한 정보를 제공해 드리겠습니다. 옵션을 안내해 드리겠습니다. 1. 표준 배송: 이 옵션은 서두르지 않는 경우에 적합합니다. 일반적으로 영업일 기준 [운영시간/기간] 이내에 도착합니다. 2. 빠른 배송: 상품이 조금 더 빨리 필요한 경우 이 옵션을 사용하면 영업일 기준 [운영시간/기간] 이내에 배송이 보장됩니다. 3. 익일 배송: 긴급한 요구가 있는 경우 익일 배송을 제공하여 다음 영업일까지 배송을 보장합니다. 4. 매장 내 픽업: 보다 직접적인 접근 방식을 선호하는 경우 [주소/지역] 중 하나에서 제품을 픽업하도록 선택할 수 있습니다. 이러한 옵션을 고려하여 요구 사항에 가장 적합한 옵션을 결정할 수 있습니다. 구체적인 질문이 있거나 제가 도와드릴 수 있는 다른 사항이 있으면 언제든지 알려주시기 바랍니다!
BIQS,[주소/지역]로 배달해주실 수 있나요,배송,배송 방법 확인,"물론입니다! 저희는 [주소/지역]로 배송 서비스를 제공하므로 기회의 땅에서 편리하게 상품을 받으실 수 있습니다. 뉴욕시의 번화한 거리에 있든, 캘리포니아의 햇살 가득한 해변에 있든, 저희가 도와드리겠습니다. 신뢰할 수 있는 배송 옵션을 통해 고객님의 패키지가 고객님의 문앞까지 즉시 배송될 것입니다. 배송 서비스와 관련하여 특별한 우려 사항이나 질문이 있는 경우 언제든지 알려주시기 바랍니다. 저는 모든 단계에서 고객님을 돕기 위해 여기 있습니다!"
BIL,배송 옵션을 확인하는 데 도움을 주실 수 있나요?,배송,배송 방법 확인,바로 처리하겠습니다! 배송에 사용할 수 있는 다양한 옵션을 탐색하는 데 기꺼이 도움을 드리겠습니다. 우리가 제공하는 배송 방법은 다음과 같습니다. 1. 표준 배송: 이 방법은 긴급하지 않은 품목에 적합하며 일반적으로 영업일 기준 [운영시간/기간] 이내에 도착합니다. 2. 빠른 배송: 상품이 더 빨리 필요한 경우 빠른 배송을 통해 영업일 기준 [운영시간/기간] 이내에 배송이 보장됩니다. 3. 익일 배송: 긴급한 요구가 있는 경우 익일 배송을 제공하여 다음 영업일까지 배송을 보장합니다. 4. 매장 내 픽업: 보다 직접적인 접근 방식을 선호하는 경우 [주소/지역] 중 한 곳에서 상품을 픽업할 수 있습니다. 이러한 옵션은 다양한 일정과 선호도에 맞춰 설계되었습니다. 배송 옵션과 관련하여 특별한 우려 사항이나 질문이 있는 경우 언제든지 알려주시기 바랍니다. 저는 고객님께 원활하고 만족스러운 경험을 보장하기 위해 왔습니다!
BILM,어떤 배송 옵션이 있는지 어떻게 확인하나요?,배송,배송 방법 확인,"물론이죠! 사용 가능한 배송 옵션을 확인하려면 당사 웹사이트를 방문하여 ""배송"" 또는 ""배송"" 섹션으로 이동하세요. 여기에서 다양한 배송 방법, 예상 배송 시간 등 배송 서비스에 대한 자세한 정보를 확인할 수 있습니다. 또한 이메일이나 전화를 통해 당사 고객 지원팀에 연락하실 수도 있으며, 고객님의 특정 요구 사항에 맞는 다양한 배송 옵션을 탐색하는 데 기꺼이 도움을 드릴 것입니다. 저희는 고객님의 배송 경험을 최대한 원활하고 편리하게 만들기 위해 여기 있습니다. 추가 질문이 있으면 언제든지 문의하세요!"
BCLM,어떤 배송 옵션을 제공하는지 확인해야 합니다. 도와주세요.,배송,배송 방법 확인,물론입니다! 고객님의 요구 사항을 충족할 수 있는 다양한 배송 옵션을 탐색하기 위해 함께 이 여정을 시작합시다. 다음은 당사가 제공하는 배송 옵션을 간략하게 보여줍니다. 1. 표준 배송: 일반적으로 영업일 기준 [운영시간/기간] 이내에 도착하는 경제적인 선택으로 긴급하지 않은 품목에 적합합니다. 2. 빠른 배송: 더 빠른 배송을 원하시는 분들을 위해 이 옵션을 이용하시면 고객님의 상품이 영업일 기준 [운영시간/기간] 이내에 도착할 수 있습니다. 3. 익일 배송: 긴급하게 필요하신가요? 익일 배송을 위해 익일 배송을 선택하세요. 4. 매장 내 픽업: 보다 직접적인 접근 방식을 선호한다면 [주소/지역]에서 매장 내 픽업을 선택해 보는 것은 어떨까요? 이러한 옵션을 평가하고 특정 쿼리나 요구 사항이 있으면 알려주십시오. 저는 모든 단계에서 고객님을 돕기 위해 여기 있습니다!
BLM,배송 방법에 문제가 있습니다,배송,배송 방법 확인,"아, 배송 방법에 어려움을 겪고 계시다니 안타깝습니다. 저는 고객님을 도와주고 고객님의 문제에 대한 해결책을 찾기 위해 왔습니다. 현재 직면하고 있는 문제에 대해 좀 더 자세한 내용을 알려주실 수 있나요? 좀 더 잘 이해한 후 문제를 해결하고 만족하실 수 있도록 최선을 다해 도와드리겠습니다."
BL,배송방법을 보려면 어떻게 해야하는지 모르겠어요,배송,배송 방법 확인,걱정 마세요! 저는 고객님이 당사의 배송 방법에 관한 정보에 액세스하는 데 도움을 드리고자 왔습니다. 사용 가능한 배송 방법을 보려면 다음과 같은 간단한 단계를 따르세요. 1. 당사 웹사이트를 방문하여 제품 페이지나 장바구니로 이동하세요. 2. 결제 페이지로 이동합니다. 3. 배송 옵션 섹션을 찾으세요. 4. 해당 배송 시간 및 비용과 함께 배송 방법 목록이 표시됩니다. 추가 지침이 필요하거나 배송 방법에 대해 구체적인 질문이 있는 경우 언제든지 알려주시기 바랍니다. 저는 고객님의 쇼핑 경험을 원활하고 즐겁게 만드는 데 도움을 드리고자 왔습니다!
BIPSWZ,[주소/지역]에서 빌어먹을 주문을 하는 것이 가능할까요?,배송,배송 방법 확인,"저는 그것을하고있다! [주소/지역] 주문과 관련하여 필요한 정보를 제공해 드리게 되어 기쁘게 생각합니다. 사용 가능한 옵션을 설명하겠습니다. 저희는 [주소/지역]로 배송을 제공하므로 주문하고 원하는 위치로 배송받을 수 있습니다. 당사의 배송 옵션은 다음과 같습니다: 1. 표준 배송: 이 옵션은 일반적으로 특정 영업일 이내에 도착하며, 이는 [주소/지역]의 특정 위치에 따라 달라질 수 있습니다. 긴급하지 않은 품목에 이상적입니다. 2. 빠른 배송: 더 빠른 배송이 필요한 경우 빠른 배송 옵션을 사용하면 고객님의 주문이 더 짧은 시간 내에 고객님께 도착할 수 있습니다. 정확한 배송 영업일 수는 [주소/지역] 내 위치에 따라 달라집니다. 3. 특급 배송: 급하게 주문이 필요한 분들을 위해 특급 배송 옵션을 통해 지정된 영업일 내 빠른 배송을 보장합니다. 특급 배송의 경우 추가 요금이 부과될 수 있으니 참고하시기 바랍니다. 4. 매장 내 픽업: 주문 상품을 개인적으로 픽업하고 싶으신 경우 편리한 매장 내 픽업 옵션도 제공됩니다. [주소/지역]에서 가까운 매장을 선택하실 수 있으며, 주문이 완료되면 편하신 시간에 매장을 방문해 수령하실 수 있습니다. 정확한 배송 시간은 특정 품목, 재고 여부 및 기타 요인에 따라 달라질 수 있다는 점을 기억하시기 바랍니다. 결제 과정에서 예상 배송 시간과 함께 주문에 사용 가능한 배송 옵션이 표시됩니다. [주소/지역] 주문과 관련하여 특별한 우려 사항이나 질문이 있는 경우 언제든지 알려주시기 바랍니다. 저는 모든 단계에서 고객님을 돕기 위해 여기 있습니다."
BCLM,어떤 배송 방법을 가지고 있는지 확인해야 합니다. 도와주세요.,배송,배송 방법 확인,기꺼이 도와드리겠습니다! 제가 도와드릴 수 있습니다. 고객님이 이용할 수 있는 다양한 배송 방법을 살펴보겠습니다. 1. 표준 배송: 이 옵션은 일반적으로 배송에 [운영시간/기간] 영업일이 소요되며 긴급하지 않은 품목에 이상적입니다. 2. 빠른 배송: 조금 급한 경우 이 방법을 사용하면 영업일 기준 [운영시간/기간] 이내에 상품이 도착할 수 있습니다. 3. 익일 배송: 긴급한 필요가 있는 경우 다음 영업일까지 상품을 받으려면 이 옵션을 선택하십시오. 4. 매장 내 픽업: 좀 더 실제적인 경험을 원하신다면 [주소/지역] 중 한 곳을 방문하여 개인적으로 상품을 수령하세요. 당사가 제공하는 기본 배송 방법은 다음과 같습니다. 지역 및 기타 요인에 따라 배송 시간이 달라질 수 있다는 점을 참고하시기 바랍니다. 특정 질문이 있거나 추가 지원이 필요한 경우 언제든지 알려주시기 바랍니다. 저는 고객 만족을 보장하기 위해 여기에 있습니다!
BCLM,어떤 배송 옵션을 제공하는지 확인해야 합니다. 도움이 필요합니다.,배송,배송 방법 확인,기꺼이 도와드리겠습니다! 저는 다양한 배송 옵션을 살펴보는 데 도움을 드리고자 왔습니다. 함께 살펴 보겠습니다. 1. 표준 배송: 이는 영업일 기준 [운영시간/기간] 이내에 패키지를 배송하도록 설계된 기본 옵션입니다. 긴급하지 않은 주문에 적합합니다. 2. 빠른 배송: 더 빠른 배송을 원하는 경우 빠른 배송 옵션을 이용하면 영업일 기준 [운영시간/기간] 이내에 패키지가 도착할 수 있습니다. 3. 익일 배송: 시간에 민감한 주문을 위해 익일 배송을 보장하는 익일 배송 옵션이 있습니다. 4. 국제 배송: 국제 배송이 필요한 경우 전 세계 다양한 국가로 안정적이고 효율적인 배송 서비스를 제공합니다. 정확한 배송 시간은 배송 목적지 및 기타 요인에 따라 달라질 수 있습니다. 배송 옵션에 관한 특정 요구 사항이나 질문이 있는 경우 언제든지 문의해 주세요. 저는 고객님이 원활하고 만족스러운 배송 경험을 위해 필요한 모든 정보를 갖고 있는지 확인하기 위해 왔습니다.
BLM,어떤 배송 옵션이 있는지 확인하는 데 도움이 됩니다,배송,배송 방법 확인,"바로 처리하겠습니다! 저는 사용 가능한 배송 옵션을 확인하는 방법에 대한 안내를 제공해 드리겠습니다. 이렇게 하려면 다음과 같은 간단한 단계를 수행하면 됩니다. 1. 당사 웹사이트를 방문하여 ""배송"" 또는 ""배송"" 섹션으로 이동합니다. 2. ""배송 옵션"" 또는 ""배송 방법""이라고 특별히 표시된 탭이나 링크를 찾으십시오. 3. 탭이나 링크를 클릭하면 당사가 제공하는 다양한 배송 옵션에 대한 자세한 정보에 액세스할 수 있습니다. 이 정보를 찾을 수 없거나 추가 질문이 있는 경우 언제든지 문의해 주세요. 원활하고 편리한 배송 경험을 보장하기 위해 모든 단계에서 도움을 드리고 있습니다."
BIL,사용 가능한 배송 옵션은 무엇입니까?,배송,배송 방법 확인,"아, 고객님이 이용할 수 있는 다양한 배송 옵션을 알아보기 위한 탐구입니다! 가능성을 밝히겠습니다. 1. 표준 배송: 고객님의 패키지가 영업일 기준 [운영시간/기간] 이내에 도착하므로 기대에 부응하십시오. 2. 신속한 배송: 시간이 중요한 경우 영업일 기준 [운영시간/기간] 이내에 상품을 예상하세요. 3. 익일 배송: 즉각적인 만족을 원하는 분들을 위해 패키지는 다음 영업일에 배송됩니다. 4. 매장 내 픽업: 지정된 [주소/지역]에서 직접 상품을 검색하는 편리함을 경험해 보세요. 이러한 옵션을 탐색하면서 저희 팀이 추가 정보를 제공하거나 고객님이 가질 수 있는 우려 사항을 해결하기 위해 여기 있다는 것을 기억하십시오. 고객님께서 만족하실 수 있는 길을 함께 찾아 가겠습니다!"
BILM,어떤 배송 옵션이 있는지 어디서 확인하나요?,배송,배송 방법 확인,"기꺼이 도와드리겠습니다! 고객님이 선택할 수 있는 다양한 배송 옵션을 찾을 수 있는 경로를 알려드리겠습니다. 1. 당사 웹사이트 [웹사이트/메뉴]를 방문하여 '배송' 또는 '배송 옵션' 섹션으로 이동하세요. 여기에서 당사가 제공하는 모든 배송 옵션의 전체 목록을 확인할 수 있습니다. 2. 결제 과정에서도 배송 옵션을 확인할 수 있습니다. 원하는 상품을 장바구니에 담은 후 결제 페이지로 이동하세요. 해당 페이지에는 선호하는 배송 옵션을 선택할 수 있는 전용 섹션이 있습니다. 3. 맞춤형 지원을 원하시면 당사의 친절한 고객 지원팀([고객센터전화번호]) 또는 당사 웹사이트의 라이브 채팅을 통해 다양한 배송 옵션을 안내하고 고객님께 가장 적합한 옵션을 선택하실 수 있도록 도와드리겠습니다. 각 옵션에는 배송 시간, 비용, 가용성에 대한 구체적인 세부 정보가 있을 수 있으므로 추가 설명이 필요한 경우 주저하지 말고 문의하세요. 저희는 고객님의 배송 경험이 예외적이지 않다는 것을 보장하고 싶습니다!"
BL,배송 옵션을 볼 수 있게 도와주세요,배송,배송 방법 확인,저는 그것을하고있다! 고객님이 이용할 수 있는 다양한 배송 옵션을 탐색하는 여정을 시작해 보세요. 1. 표준 배송: [운영시간/기간] 영업일 이내에 예상 배송이 완료되므로 기대의 즐거움에 빠져보세요. 여유로운 속도를 즐기는 사람들에게 완벽한 선택입니다. 2. 신속한 배송: 시간이 중요한 경우 이 신속한 옵션을 사용하면 영업일 기준 [운영시간/기간] 이내에 배송이 보장됩니다. 기다릴 수 없는 긴급한 요구 사항에 이상적입니다. 3. 익일 배송: 익일 배송으로 즉각적인 만족감을 느껴보세요. 시간이 정말 중요한 순간을 위해. 4. 매장 내 픽업: [주소/지역]에서 직접 상품을 수집하는 편리함과 개인적인 손길을 즐겨보세요. 로컬 터치를 선호하는 사람들에게 적합합니다. 언제든지 이러한 옵션을 살펴보시고 궁금한 점이 있거나 제가 도와드릴 수 있는 다른 사항이 있으면 알려주시기 바랍니다. 고객 만족이 저희의 최우선 사항입니다!
BLM,어떤 배송 옵션이 있는지 확인하는 방법을 모르겠습니다.,배송,배송 방법 확인,"아, 사용 가능한 배송 옵션을 확인하는 방법을 잘 모르시는 것 같습니다. 걱정하지 마세요. 제가 절차를 안내해 드리겠습니다. 어떤 배송 옵션을 사용할 수 있는지 확인하려면 다음 단계를 따르세요. 1. 당사 웹사이트 [웹사이트/메뉴]를 방문하세요. 2. 구매하려는 상품의 상품 페이지로 이동합니다. 3. 장바구니에 상품을 추가하세요. 4. 결제 페이지로 이동합니다. 5. 일반적으로 배송 주소 아래에 있는 '배송 옵션' 섹션을 찾으세요. 6. 드롭다운 메뉴 또는 탭을 클릭하여 배송 옵션을 확장합니다. 7. 예상 배송 시간 및 가격과 함께 사용 가능한 배송 옵션 목록을 확인할 수 있습니다. 8. 고객님의 필요에 가장 적합한 배송 옵션을 선택하십시오. 9. 필요한 정보를 제공하고 주문을 확인하여 결제 과정을 완료하세요. 절차 중에 어려움이 발생하거나 추가 질문이 있는 경우 고객 지원팀이 도와드리겠습니다. 당사 웹사이트의 라이브 채팅을 통해 또는 [고객센터전화번호]로 전화하여 언제든지 연락하세요. 저희는 고객님의 쇼핑 경험을 원활하고 즐겁게 만들기 위해 항상 여기에 있다는 것을 기억하십시오."
BILP,배송 방법에 대한 정보는 어디서 얻을 수 있나요?,배송,배송 방법 확인,"아, 저희의 놀라운 배송 방법에 대해 지혜를 구하시는 것 같군요. 고객님의 호기심을 충족시키고 지식의 영역으로의 여행을 위해 관문을 공개하겠습니다. 당사 웹사이트를 방문하시면 배송 방법에 대한 포괄적인 정보를 확인하실 수 있습니다. 매혹적인 배송 옵션의 세계를 안내하기 위해 특별히 고안된 ""배송"" 또는 ""배송"" 섹션으로 이동하기만 하면 됩니다. 여기에서 예상 도착 시간, 장점 및 적용될 수 있는 추가 비용에 대한 세부 정보를 포함하여 각 방법에 대해 알아야 할 모든 것을 확인할 수 있습니다. 추가 지원이 필요하거나 배송 방법에 대한 특정 질문이 있는 경우, 당사의 전담 고객 지원팀은 고객님의 전화나 당사 웹사이트를 통한 채팅을 간절히 기다리고 있습니다. 존경하는 여행자여, 깨달은 경험을 준비하세요!"
BLMQ,선택할 수 있는 배송 방법을 확인하는 데 도움이 필요합니다,배송,배송 방법 확인,"확실히! 고객님이 이용할 수 있는 배송 방법을 알아보는 데 도움을 드리고자 왔습니다. 당사의 포괄적인 배송 옵션을 보려면 당사 웹사이트를 방문하여 ""배송"" 또는 ""배송"" 섹션으로 이동하십시오. 여기에서 표준 배송, 신속 배송, 익일 배송, 매장 내 픽업 등 당사가 제공하는 다양한 방법에 대한 자세한 정보를 확인할 수 있습니다. 각 옵션은 다양한 요구 사항과 기간에 맞춰 설계되어 고객의 만족과 편리함을 보장합니다. 특정 질문이 있거나 추가 지원이 필요한 경우 언제든지 알려주시기 바랍니다. 저는 고객님께 절차를 안내하고 고객님의 배송 경험을 최대한 원활하게 만들기 위해 왔습니다!"
BILM,고객님이 제공하는 배송 옵션을 확인하는 방법은 무엇입니까?,배송,배송 방법 확인,"배달 옵션의 세계를 탐험하는 것은 매우 쉽습니다! 절차를 안내해 드리겠습니다. 1. 당사 홈페이지를 방문하여 구매하고 싶은 상품의 상품 페이지로 이동합니다. 2. 제품 페이지에서 ""배송 옵션"" 또는 ""배송 정보"" 섹션을 찾으세요. 사용 가능한 옵션을 탐색하려면 클릭하세요. 3. 표준 배송, 빠른 배송 또는 매장 픽업과 같은 다양한 옵션을 표시하는 드롭다운 메뉴 또는 배송 선택 목록이 나타납니다. 4. 시간을 내어 각 옵션을 검토하고 고객님의 필요에 가장 적합한 옵션을 선택하십시오. 각 옵션의 예상 배송 시간도 확인해 보세요. 그리고 짜잔! 이제 다양한 배송 옵션에 대한 통찰력을 얻으실 수 있습니다. 어려움이 있거나 추가 지원이 필요한 경우 주저하지 말고 문의하세요. 고객 만족이 저희의 최우선 사항입니다!"
BILM,내가 선택할 수 있는 배송 옵션을 어떻게 확인할 수 있나요?,배송,배송 방법 확인,물론입니다! 다양한 배송 옵션을 살펴보는 과정을 안내하게 되어 기쁘게 생각합니다. 할 수 있는 작업은 다음과 같습니다. 1. 홈페이지에 접속하여 원하시는 상품을 검색해주세요. 2. 장바구니에 상품을 추가하고 결제 페이지로 이동하세요. 3. 결제 페이지에는 배송 옵션 전용 섹션이 있습니다. 4. 배송 옵션 섹션을 클릭하여 사용 가능한 선택 사항을 확인하세요. 5. 예상 배송 시간과 함께 배송 방법 목록이 표시됩니다. 6. 시간을 내어 옵션을 검토하고 고객님의 필요에 가장 적합한 옵션을 선택하십시오. 7. 선택을 완료한 후 나머지 결제 과정을 완료하여 주문을 완료하세요. 다음 단계를 따르면 원하는 배송 옵션에 대한 명확한 개요를 얻을 수 있습니다. 진행 중에 어려움이 있거나 추가 질문이 있는 경우 언제든지 고객 지원팀에 문의하세요.
BLM,어떤 배송 방법을 선택할 수 있는지 알아보려고 합니다.,배송,배송 방법 확인,기꺼이 도와드리겠습니다! 배송 옵션의 영역을 함께 살펴보겠습니다. 우리가 제공하는 방법에 대한 개요는 다음과 같습니다. 1. 표준 배송: 예상 [운영시간/기간] 영업일 이내에 패키지가 도착하므로 기대의 기쁨을 누리십시오. 긴급한 시간 제약이 없는 사람들에게 인기 있는 선택입니다. 2. 신속한 배송: 시간이 중요한 경우 이 옵션을 사용하면 영업일 기준 [운영시간/기간] 내에 배송이 보장됩니다. 속도 저하 없이 효율성을 높이 평가하는 사람들에게 적합합니다. 3. 익일 배송: 즉각적인 만족감을 원하는 스릴을 추구하는 사람들을 위해 다음 영업일까지 배송되도록 이 옵션을 선택하십시오. 항목에 대한 즉각적인 접근이 가장 중요한 경우에 이상적입니다. 4. 매장 내 픽업: 현지 픽업의 편리함을 선호하신다면 [주소/지역]가 고객님의 방문을 간절히 기다리고 있습니다. 기다림 없이 물건을 손에 쥐는 만족감을 느낄 수 있습니다. 이러한 배송 옵션을 탐색하실 때 제가 안내해 드리고 궁금한 사항에 답변해 드리겠습니다. 저희는 고객님의 선택이 고객님의 필요와 선호 사항에 완벽하도록 함께 노력할 것입니다.
BCLM,어떤 배송 옵션을 사용할 수 있는지 확인하고 싶습니다. 도와주세요.,배송,배송 방법 확인,"바로 처리하겠습니다! 저희가 제공하는 다양한 배송 옵션을 살펴보는 데 도움을 드리고자 왔습니다. 정확하고 개인화된 정보를 제공하기 위해 배송을 원하는 특정 국가나 지역을 알려주시겠습니까? 이렇게 하면 고객님의 위치에 따라 가장 관련성이 높은 옵션을 제공할 수 있습니다. 자유롭게 목적지를 공유해 주시면, 거기서부터 진행하겠습니다!"
BL,배송 방법을 보는 데 도움이 됩니다,배송,배송 방법 확인,"물론이죠! 이용 가능한 배송 방법을 찾는 데 도움을 드리고자 왔습니다. 가능성의 영역을 살펴보겠습니다. 1. 표준 배송: 주의 깊게 처리되어 영업일 기준 [운영시간/기간] 내에 패키지를 가져옵니다. 긴급하지 않은 품목에 대한 신뢰할 수 있는 선택입니다. 2. 신속한 배송: 고객님의 패키지가 [운영시간/기간] 영업일 내에 도착하므로 신속한 배송의 힘을 확인하십시오. 3. 익일 배송: 긴급한 요구가 있는 경우 이 옵션은 익일 배송을 보장합니다. 4. 매장 내 픽업: 개인적인 손길을 원하신다면 이 대안을 선택하고 [주소/지역]에서 상품을 구매하세요. 이제 당사의 배송 방법을 자세히 살펴보셨으니, 그 중 고객님의 요구 사항에 맞는 것이 있습니까? 추가 문의사항이 있거나 제가 도와드릴 수 있는 사항이 있으면 언제든지 알려주시기 바랍니다. 고객님의 완전한 만족을 보장하는 것이 최우선입니다!"
BILM,어떤 배송 방법을 이용할 수 있는지 알려 주실 수 있나요?,배송,배송 방법 확인,"배송방법에 대해 문의해주셔서 감사합니다. 사용 가능한 옵션에 대한 포괄적인 개요를 제공하겠습니다. 1. 표준 배송: 이는 영업일 기준 [운영시간/기간]의 예상 배송 시간을 갖춘 가장 경제적인 옵션입니다. 2. 신속 배송: 상품이 더 빨리 필요한 경우 이 옵션은 영업일 기준 [운영시간/기간] 내에 배송됩니다. 3. 특급 배송: 긴급한 요구가 있는 경우 영업일 기준 [운영시간/기간] 배송 시간으로 특급 배송을 제공합니다. 4. 당일 배송: 일부 지역은 당일 배송이 가능하므로 상품을 즉시 받을 수 있습니다. 5. 매장 내 픽업: 원하는 경우 [주소/지역] 중 하나에서 주문을 픽업하도록 선택할 수 있습니다. 각 배송 방법에는 고유한 가격과 가용성이 있으며, 당사 웹사이트에서 자세히 알아보거나 [고객센터전화번호]로 고객 지원 센터에 문의하실 수 있습니다. 저희는 고객님의 특정 요구 사항을 충족하기 위해 편리하고 유연한 배송 옵션을 제공하는 것을 목표로 합니다. 추가로 도움이 필요하시면 알려주세요!"
BLM,어떤 배송 옵션을 사용할 수 있는지 확인하려고 합니다.,배송,배송 방법 확인,내가 처리할게! 다양한 배송 옵션을 탐색하는 데 도움을 드리게 되어 기쁘게 생각합니다. 사용 가능한 대안을 알려드리겠습니다. 1. 표준 배송: 영업일 기준 [운영시간/기간] 이내에 도착하므로 긴급하지 않은 품목에 탁월한 선택입니다. 2. 신속한 배송: 이 옵션을 사용하면 고객님의 상품이 영업일 기준 [운영시간/기간] 내에 도착할 수 있도록 신속하게 배송해 드립니다. 3. 익일 배송: 긴급한 요구가 있는 경우 이 옵션은 익일 배송을 보장합니다. 4. 매장 내 픽업: 개인적인 접촉을 선호하는 경우 이 옵션을 선택하고 [주소/지역]를 방문하여 편리한 시간에 제품을 픽업하십시오. 이러한 옵션은 고객님과 같은 소중한 고객의 다양한 선호도를 충족하도록 설계되었습니다. 특별한 우려 사항이 있거나 제가 도와드릴 수 있는 다른 사항이 있으면 언제든지 문의해 주세요. 고객 만족이 저희의 최우선 사항입니다!
BLM,어떤 배송 방법을 사용할 수 있는지 확인하고 싶습니다.,배송,배송 방법 확인,"물론이죠! 고객님의 경험을 원활하고 편리하게 만들기 위해 당사가 제공하는 배송 방법을 탐색하는 데 도움을 드리겠습니다. 배송에 사용할 수 있는 옵션은 다음과 같습니다. 1. 표준 배송: 예상 배송 시간은 [운영시간/기간] 영업일로 긴급하지 않은 품목에 이상적입니다. 2. 빠른 배송: 상품이 좀 더 빨리 필요한 경우 이 옵션을 사용하면 영업일 기준 [운영시간/기간] 이내에 상품을 받을 수 있습니다. 3. 익일 배송: 긴급한 요구 사항이 있는 경우 이 방법을 사용하면 다음 영업일에 상품을 배송받을 수 있습니다. 4. 매장 내 픽업: 직접 상품을 수령하고 싶으신 경우, [주소/지역]에서 편리한 매장 내 픽업 옵션을 제공합니다. 이러한 기간은 대략적인 것이며 위치 및 품목 가용성과 같은 요인에 따라 달라질 수 있다는 점을 명심하십시오. 특정 질문이 있거나 추가 지원이 필요한 경우 언제든지 문의하세요. 고객 만족이 저희의 최우선 사항입니다!"
BILM,어떤 배송 방법을 이용할 수 있는지 확인할 수 있나요?,배송,배송 방법 확인,과연! 고객님이 이용할 수 있는 배송 방법에 대한 옵션을 펼쳐 보겠습니다. 이 포괄적인 목록을 통해 눈을 즐겁게 하십시오: 1. 표준 배송: 영업일 기준 [운영시간/기간] 이내에 상품을 배송하는 검증된 방법입니다. 즉각적인 긴급함이 없는 사람들에게 적합합니다. 2. 빠른 배송: 상품을 좀 더 빨리 배송하고 싶으십니까? 신속 배송을 이용하면 영업일 기준 [운영시간/기간] 이내에 해당 제품을 직접 배송해 드립니다. 3. 익일 배송: 속도와 효율성의 전형인 익일 배송은 원하는 품목을 영업일 기준 바로 다음 날 배송해 드립니다. 4. 매장 내 픽업: 실제 쇼핑 경험의 즐거움을 선호한다면 [주소/지역] 중 하나에서 매장 내 픽업을 선택할 수 있습니다. 이제 고객님는 다양한 옵션을 명확하게 이해하게 되었습니다. 이러한 선택 사항에 대해 더 자세히 알아보시고 추가 질문이나 우려 사항이 있으면 주저하지 말고 문의해 주세요. 저는 고객님의 배달 경험을 즐겁게 만들 수 있도록 돕기 위해 왔습니다.
BILMW,어떤 배송 방법이 있는지 어디서 볼 수 있나요?,배송,배송 방법 확인,"물론이죠! 저는 고객님께 이용 가능한 배송 방법을 찾을 수 있는 위치에 대한 필수 정보를 제공해 드리겠습니다. 배송 옵션을 살펴보려면 당사 웹사이트를 방문하여 ""배송"" 또는 ""배송"" 섹션으로 이동하세요. 여기에서 각 옵션에 대한 자세한 설명과 함께 당사의 배송 방법에 대한 전체 목록을 확인할 수 있습니다. 특정 배송 방법과 관련하여 특정 우려 사항이나 질문이 있는 경우 언제든지 알려주시기 바랍니다. 저는 고객님이 배송 옵션을 탐색하는 동안 원활한 경험을 할 수 있도록 돕기 위해 왔습니다."
BLMW,나한테 어떤 배달 옵션이 있는지 알아봐야겠어,배송,배송 방법 확인,"긍정적으로! 고객님이 원하는 대로 다양한 배송 옵션을 탐색하는 데 도움을 드리겠습니다. 1. 표준 배송: 패키지가 [운영시간/기간] 영업일 이내에 도착할 것으로 예상합니다. 급하지 않은 물건에 딱 맞습니다. 2. 빠른 배송: 고객님의 상품이 영업일 기준 [운영시간/기간] 내에 도착하므로 더 빠른 배송이 필요한 경우 이 옵션을 선택하십시오. 3. 익일 배송: 가장 긴급한 요구 사항에 대해서는 다음 영업일 배송을 보장합니다. 4. 매장 내 픽업: 고객님이 직접 상품을 픽업하는 편리함을 선호하시는 경우, 당사의 [주소/지역]가 고객님께 원활한 경험을 제공할 준비가 되어 있습니다. 이제 옵션에 대한 개요를 살펴보았으니 추가로 도움을 드릴 수 있는 것이 있습니까? 저희는 모든 단계에서 고객 만족을 보장하기 위해 여기에 있습니다!"
BILM,어떤 배송 방법을 사용할 수 있는지 어떻게 확인하나요?,배송,배송 방법 확인,"물론이죠! 이용 가능한 다양한 배송 방법을 알아보려면 당사 웹사이트를 방문하여 다음의 간단한 단계를 따라 주세요. 1. 홈페이지에 접속하여 구매하려는 상품의 상품페이지로 이동합니다. 2. 제품 페이지에서 ""배송 옵션"" 섹션을 찾을 수 있습니다. 3. ""배송 옵션"" 섹션을 클릭하여 확장하고 사용 가능한 배송 방법을 확인하세요. 4. 예상 배송 시간 및 해당 요금과 함께 배송 방법 목록이 표시됩니다. 5. 옵션을 검토하고 필요에 가장 적합한 옵션을 선택하십시오. 특정 요구 사항이 있거나 추가 지원이 필요한 경우 당사 고객 서비스 팀이 항상 도움을 드릴 것입니다. 저희 웹사이트의 라이브 채팅을 통해 저희에게 연락하시거나 ""연락처"" 페이지에서 저희 연락처 정보를 찾으실 수 있습니다. 이것이 배송 방법에 대해 정보를 바탕으로 결정을 내리는 데 도움이 되기를 바랍니다. 곧 서비스를 제공할 수 있기를 기대합니다!"
BCLMQ,어떤 배송 옵션이 있는지 알고 싶어요. 도움이 필요해요,배송,배송 방법 확인,물론입니다! 저는 고객님이 이용 가능한 다양한 배송 옵션을 탐색하는 데 도움을 드리고자 왔습니다. 편리함과 선택의 영역에 빠져보세요! 1. 표준 배송: 이것은 서두르지 않고 예상 [운영시간/기간] 영업일 이내에 패키지가 도착할 때까지 인내심을 갖고 기다릴 수 있는 경우 이상적인 옵션입니다. 2. 빠른 배송: 시간이 중요한 경우 당사의 빠른 배송 서비스를 통해 고객님의 상품이 영업일 기준 [운영시간/기간] 이내에 도착할 수 있도록 보장해 드립니다. 3. 익일 배송: 기다릴 수 없는 긴급한 요구 사항을 위해 익일 배송은 다음 영업일까지 고객님의 상품을 문앞까지 배송하도록 설계되었습니다. 4. 매장 내 픽업: 좀 더 직접적인 접근 방식을 선호한다면 [주소/지역] 중 한 곳을 방문하여 편리하게 상품을 픽업해 보세요. 이제 배송 옵션에 대한 개요를 살펴보았으니 특별히 알고 싶은 내용이나 제가 도움을 드릴 수 있는 다른 방법이 있습니까?
BL,배송 옵션 확인,배송,배송 방법 확인,"정말 훌륭해요! 고객님는 당사가 신중하게 선별한 배송 옵션을 탐색하기 위한 탐구를 시작하셨습니다. 다양한 가능성을 안내해 드리겠습니다. 1. 표준 배송: 안정적이고 비용 효율적인 선택을 제공하는 고객님의 품목은 일반적으로 영업일 기준 [운영시간/기간] 이내에 도착합니다. 2. 빠른 배송: 시간이 중요하다면 빠른 배송을 선택하여 영업일 기준 [운영시간/기간] 내에 보물을 받아보세요. 3. 익일 배송: 긴급한 요구 사항과 즉각적인 만족을 위해 익일 배송을 통해 고객님의 상품이 다음 영업일에 문앞에 도착하도록 보장합니다. 4. 매장 내 픽업: 편리함과 개인적인 손길이 고객님을 유혹한다면, 저희 [주소/지역]는 고객님의 도착을 간절히 기다리고 있습니다. 고객님의 필요에 맞는 완벽한 배송 옵션을 찾으시기 바랍니다. 그리고 저는 고객님이 그 과정에서 가질 수 있는 모든 의심이나 문의 사항을 해결하기 위해 여기 있다는 것을 기억하십시오. 즐거운 탐험이 되세요!"
BLM,어떤 배송 옵션을 제공하는지 확인하는 데 도움이 필요합니다,배송,배송 방법 확인,물론이죠! 다양한 배송 옵션을 탐색하는 데 도움을 드리게 되어 기쁘게 생각합니다. 우리가 제공하는 옵션은 다음과 같습니다. 1. 표준 배송: 이 경제적인 옵션은 일반적으로 도착하는 데 [운영시간/기간] 영업일이 소요됩니다. 긴급하지 않은 주문에 적합합니다. 2. 빠른 배송: 더 빠른 배송을 원하신다면 이 옵션을 선택하시면 영업일 기준 [운영시간/기간] 이내에 상품을 받으실 수 있습니다. 3. 익일 배송: 물품이 긴급하게 필요하십니까? 익일 배송을 선택하고 다음 영업일까지 받아보세요. 4. 매장 픽업: 편리하고 신속한 옵션을 원하시면 [주소/지역]에서 상품을 픽업하세요. 각 옵션은 다양한 요구 사항과 기간에 맞춰 조정됩니다. 이러한 옵션에 대해 구체적인 질문이 있거나 제가 도와드릴 수 있는 다른 사항이 있으면 언제든지 알려주시기 바랍니다. 고객 만족과 편리함이 저희의 최우선 사항입니다!
BILP,배송 방법을 확인할 수 있나요?,배송,배송 방법 확인,물론이죠! 다양한 배송 방법을 살펴보실 수 있도록 도와드리게 되어 기쁘게 생각합니다. 당사의 전담 지원팀은 고객님의 고유한 배송 요구 사항을 충족할 수 있도록 다양한 옵션을 신중하게 선별했습니다. 우리가 제공하는 방법은 다음과 같습니다. 1. 표준 배송: 당사의 안정적이고 비용 효율적인 옵션으로 예상 배송 시간은 [운영시간/기간] 영업일입니다. 2. 빠른 배송: 급한 경우 이 옵션을 사용하면 영업일 기준 [운영시간/기간] 이내에 더 빠른 배송이 보장되지만 비용은 약간 더 높습니다. 3. 익일 배송: 긴급한 상황의 경우 다음 영업일까지 패키지를 편리하게 받을 수 있습니다. 4. 매장 내 픽업: 좀 더 직접적인 경험을 원하신다면 편리한 매장 위치 중 한 곳에서 주문 상품을 픽업하실 수 있습니다. 이러한 옵션은 고객님과 같은 소중한 고객에게 유연성과 편리함을 제공합니다. 특정 요구 사항이 있거나 제가 도와드릴 수 있는 다른 사항이 있으면 언제든지 알려주시기 바랍니다. 저는 모든 단계에서 고객 만족을 보장하기 위해 여기에 있습니다!
BILM,어떤 배송 방법이 있는지 어디서 확인할 수 있나요?,배송,배송 방법 확인,"물론이죠! 가능한 배송 방법을 찾는 데 도움을 드리게 되어 기쁘게 생각합니다. 배송 옵션을 살펴보려면 당사 웹사이트를 방문하여 ""배송"" 또는 ""배송"" 섹션으로 이동하십시오. 여기에서 고객님의 편의에 맞춰진 당사의 배송 방법에 대한 포괄적인 목록을 확인하실 수 있습니다. 추가 안내가 필요하거나 추가 질문이 있는 경우 언제든지 문의해 주세요. 저는 고객님께 원활한 경험을 보장하기 위해 왔습니다!"
BILM,선택할 수 있는 배송 방법은 어디에서 확인할 수 있나요?,배송,배송 방법 확인,"확실히! 고객님의 요구에 맞는 완벽한 배송 방법을 찾는 데 도움을 드리게 되어 영광입니다. 사용자 친화적인 플랫폼을 함께 탐색하여 고객님을 기다리고 있는 수많은 옵션을 살펴보겠습니다. 1. 먼저 당사 웹사이트를 방문하여 ""배송 옵션"" 또는 ""배송 서비스""라는 전용 섹션을 찾으세요. 일반적으로 기본 메뉴나 ""도움말"" 또는 ""고객 서비스"" 섹션 아래에 나열되어 있습니다. 2. ""배송 옵션"" 페이지에 들어가면 사용 가능한 모든 배송 방법에 대한 포괄적인 개요가 표시됩니다. 각 옵션에는 해당 기능, 예상 배송 시간 및 특별 고려 사항을 강조하는 간략한 설명이 함께 제공됩니다. 3. 특정 전달 방법의 세부정보를 살펴보려면 해당 링크나 아이콘을 클릭하기만 하면 됩니다. 이를 통해 가격, 추적 가능 여부, 적용 가능한 제한 사항 또는 조건과 같은 추가 정보가 제공됩니다. 4. 특정 배송 방법에 관해 특정 질문이나 우려 사항이 있는 경우 페이지 하단으로 스크롤하여 뛰어난 고객 지원팀의 연락처 정보를 찾으세요. 모든 문의 사항에 기꺼이 답변하고 추가 안내를 해드릴 것입니다. 문제가 발생하거나 추가 지원이 필요한 경우 메시지를 보내주시면 됩니다. 함께 이 여정을 시작하고 고객님의 요구 사항에 완벽하게 맞는 이상적인 배송 방법을 찾아보세요!"
BLM,어떤 배송 옵션을 선택할 수 있는지 확인해야 합니다,배송,배송 방법 확인,"물론이죠! 고객님의 요구에 맞춰 사용 가능한 배송 옵션을 살펴보겠습니다. 고려할 수 있는 몇 가지 선택 사항은 다음과 같습니다. 1. 표준 배송: 이는 당사의 일반 배송 옵션이며 일반적으로 영업일 기준 [운영시간/기간] 이내에 도착합니다. 긴급하지 않은 품목에 이상적입니다. 2. 빠른 배송: 더 빠른 배송을 원하실 경우, 당사의 빠른 배송 옵션을 이용하시면 고객님의 상품이 영업일 기준 [운영시간/기간] 이내에 도착할 수 있습니다. 3. 익일 배송: 긴급한 요구 사항의 경우 익일 배송 옵션을 통해 다음 영업일까지 배송이 보장됩니다. 4. 매장 픽업: 직접 상품을 픽업하고 싶으신 경우 매장 픽업 옵션을 선택하실 수 있습니다. 가장 가까운 [주소/지역]를 선택하면 고객님의 품목이 준비됩니다. 정확한 배송 시간은 위치 및 기타 요인에 따라 달라질 수 있다는 점을 기억하세요. 특별한 문의 사항이 있거나 제가 도와드릴 수 있는 다른 사항이 있으면 언제든지 알려주시기 바랍니다. 고객 만족이 저희의 최우선 사항입니다!"
BLMQ,어떤 배송 옵션이 있는지 알려주세요,배송,배송 방법 확인,"아, 완벽한 배송을 향한 탐구! 저는 고객님께 제공되는 다양한 배송 옵션을 공개하기 위해 왔습니다. 신중하게 선별된 선택 항목을 살펴보세요. 1. 표준 배송: 일반적으로 [운영시간/기간] 영업일 이내에 도착하는 신뢰할 수 있는 옵션입니다. 긴급하지 않은 품목에 이상적입니다. 2. 빠른 배송: 더 빠른 옵션을 선호하시는 분들을 위해 [운영시간/기간] 영업일 내에 상품을 배송해 드립니다. 3. 익일 배송: 고객님의 긴급한 요구에 맞게 설계되어 다음 영업일 배송을 보장합니다. 4. 매장 내 픽업: 가까운 곳에 [주소/지역] 중 한 곳이 있고 직접 물건을 가져가는 것을 선호하는 경우 적합합니다. 정확한 운송 시간은 위치 및 기타 요인에 따라 달라질 수 있습니다. 특별한 우려 사항이 있거나 추가 지원이 필요한 경우 주저하지 말고 문의해 주세요. 저희는 고객 만족을 보장하기 위해 왔습니다!"
BLMW,어떤 배송 방법이 가능한지 확인해야겠어요,배송,배송 방법 확인,이용 가능한 배송 방법에 대해 문의해 주셔서 감사합니다. 저희는 고객님의 시간을 소중히 여기며 기꺼이 도와드리겠습니다. 고객님의 배송 요구 사항을 충족하도록 맞춤화된 옵션은 다음과 같습니다. 1. 표준 배송: 이는 영업일 기준 [운영시간/기간]의 예상 배송 시간을 갖춘 가장 인기 있고 비용 효율적인 옵션입니다. 2. 빠른 배송: 조금 급한 경우 이 옵션을 사용하면 영업일 기준 [운영시간/기간] 이내에 상품을 배송받을 수 있습니다. 3. 익일 배송: 긴급 배송의 경우 익일 배송을 제공하므로 다음 영업일에 상품을 받으실 수 있습니다. 4. 매장 내 픽업: 보다 직접적인 접근 방식을 선호하는 경우 [주소/지역] 중 하나에서 매장 내 픽업 옵션을 선택할 수 있습니다. 이러한 옵션을 사용하면 고객님의 필요와 선호도에 가장 적합한 옵션을 쉽게 찾을 수 있습니다. 추가 질문이 있거나 제가 도와드릴 수 있는 사항이 있으면 언제든지 문의해 주세요.
BELQ,배송 옵션을 확인하려면 어떻게 해야 할지 모르겠어요,배송,배송 방법 확인,새로운 시스템을 탐색하는 것이 부담스러울 수 있다는 점을 크고 명확하게 들었습니다. 걱정하지 마세요. 배송 옵션을 확인하는 과정을 안내해 드리겠습니다. 시작하려면 당사 웹사이트를 방문하여 다음과 같은 간단한 단계를 따르세요. 1. 당사 홈페이지에 접속하여 페이지 상단의 '배송' 또는 '배송' 탭을 클릭하세요. 2. 배송 옵션에 대한 자세한 정보를 찾을 수 있는 새 페이지로 리디렉션됩니다. 3. 시간을 내어 사용 가능한 옵션을 검토하고 고객님의 필요에 가장 적합한 옵션을 선택하십시오. 배송 옵션에 대해 어려움이 있거나 특정 질문이 있는 경우 언제든지 고객 지원팀에 문의하세요. [운영시간/기간]([고객센터전화번호]) 또는 당사 웹사이트([웹사이트/메뉴])의 라이브 채팅을 통해 이용 가능합니다. 저희는 고객 만족을 보장하고 고객님께 필요한 모든 정보를 제공하기 위해 여기에 있다는 것을 기억하십시오. 추가 질문이나 문의 사항이 있으면 주저하지 말고 문의하세요.
BLQ,배송 방법을 확인하는 데 도움이 필요해요,배송,배송 방법 확인,"물론이죠! 다양한 배송 방법을 탐색하는 데 도움을 드리겠습니다. 첫 번째 단계는 당사 웹사이트를 방문하여 ""배송 및 배달""이라는 전용 섹션을 찾는 것입니다. 여기에서 표준 배송, 빠른 배송, 익일 배송, 해당 지역에서 가능한 경우 매장 픽업 등 다양한 배송 옵션에 대한 자세한 정보를 알아볼 수 있습니다. 각 방법은 다양한 요구 사항, 우선 순위 및 기간을 충족하도록 설계되었습니다. 각 옵션과 관련된 예상 배송 시간, 비용 및 특정 요구 사항에 대해 알아볼 수 있습니다. 저희는 고객님이 고객님의 선호도에 완벽하게 부합하는 정보에 입각한 결정을 내릴 수 있도록 이 정보를 선별했습니다. 추가 지원이 필요하거나 배송 방법에 대해 구체적인 문의사항이 있는 경우 언제든지 알려주시기 바랍니다. 저는 고객님의 배송에 이상적인 옵션을 선택하는 데 필요한 지침을 제공해 드리겠습니다."
BILQ,배송 방법을 볼 수 있는 곳,배송,배송 방법 확인,"확실히! 저는 고객님께 그 과정을 안내하기 위해 왔습니다. 사용 가능한 배송 방법을 보려면 당사 웹사이트를 방문하여 ""배송"" 또는 ""배송"" 섹션으로 이동하세요. 여기에서 다양한 배송 옵션, 예상 배송 시간 및 관련 수수료에 대한 자세한 정보를 확인할 수 있습니다. 고객님의 필요에 가장 적합한 방법을 자유롭게 탐색하고 선택하십시오. 도중에 궁금한 점이 있으면 주저하지 말고 문의하세요. 저는 도와주러 왔습니다!"
BLM,고객님이 제공하는 배송 옵션 확인 지원,배송,배송 방법 확인,"아, 배송 옵션을 살펴보고자 하는 고객님의 열망은 칭찬할 만합니다! 필요한 지원을 제공해 드리겠습니다. 당사는 고객님의 개인 요구와 선호도에 맞춰 다양한 배송 옵션을 제공합니다. 선택할 수 있는 주요 옵션은 다음과 같습니다. 1. 표준 배송: 이는 합리적인 기간 내에 배송을 보장하는 가장 경제적인 옵션입니다. 2. 빠른 배송: 상품이 좀 더 빨리 필요하신 경우, 빠른 배송 옵션을 이용하시면 더욱 빠른 배송을 보장해 드립니다. 3. 익일 배송: 긴급한 상황을 대비해 익일 배송 옵션을 통해 상품이 다음날 문앞까지 도착하도록 보장합니다. 4. 매장 내 픽업: 보다 직접적인 접근 방식을 선호하는 경우 매장 위치에서 직접 상품을 픽업하는 옵션을 선택할 수 있습니다. 각 배송 옵션은 원활하고 편리한 경험을 제공하도록 설계되었습니다. 배송 시간은 고객님의 위치 및 기타 외부 요인에 따라 달라질 수 있다는 점을 참고하시기 바랍니다. 배송 옵션에 대해 구체적인 문의사항이나 추가 질문이 있는 경우 언제든지 알려주시기 바랍니다. 저는 모든 단계에서 고객님을 돕기 위해 여기 있습니다!"
BLMW,내가 선택할 수 있는 배송 옵션이 뭔지 보여줘,배송,배송 방법 확인,물론이죠! 저는 고객님이 이용할 수 있는 다양한 배송 옵션을 탐색하는 데 도움을 드리고자 왔습니다. 안심해 주세요. 저희는 고객님의 요구를 충족할 수 있는 다양한 배송 방법을 보유하고 있습니다. 자세히 살펴보겠습니다. 1. 표준 배송: 이 옵션은 일반적으로 [운영시간/기간] 영업일 이내에 도착하므로 긴급하지 않은 품목에 적합합니다. 2. 빠른 배송: 상품이 좀 더 빨리 필요한 경우 이 옵션을 사용하면 영업일 기준 [운영시간/기간] 이내에 상품을 받을 수 있습니다. 3. 익일 배송: 긴급한 요구가 있는 경우 익일 배송이 보장됩니다. 4. 매장 내 픽업: 제품을 직접 수령하기를 원하고 근처에 [주소/지역] 중 하나가 있는 경우 이것이 완벽한 선택입니다. 배송 시간은 위치 및 기타 요인에 따라 달라질 수 있습니다. 특별한 문의 사항이 있거나 제가 도와드릴 수 있는 다른 사항이 있으면 언제든지 알려주시기 바랍니다. 저는 고객님의 배송 과정을 최대한 원활하게 진행하기 위해 왔습니다.
BIQSWZ,[주소/지역]한테 주문해도 될까요?,배송,배송 방법 확인,과연! 저희는 [주소/지역]의 주문을 두 팔 벌려 환영합니다. 당사의 배송 옵션은 [주소/지역] 고객에게 제공되므로 원활한 쇼핑 경험을 보장할 수 있습니다. 다양한 제품을 살펴보고 주문을 진행하시면 됩니다. 당사의 효율적인 배송 파트너는 고객님의 패키지가 적시에 고객님께 도착할 수 있도록 보장합니다. 특정 요구 사항이 있거나 주문 시 추가 지원이 필요한 경우 언제든지 알려주시기 바랍니다. 함께 즐거운 쇼핑 여정을 만들어 보세요!
BILM,어떤 배송 방법이 있는지 어떻게 알 수 있나요?,배송,배송 방법 확인,"기쁘다! 저희의 다양한 배송 방법을 탐색할 수 있는 마법의 통로를 공개하겠습니다. 배송 방법을 보려면 웹사이트를 방문하여 결제 페이지로 이동하세요. 원하는 상품을 장바구니에 담은 후 결제 과정을 진행하세요. 이 여행 중에 배송 옵션 전용 섹션을 만나게 됩니다. 거기에서 고객님는 당사가 제공하는 다양한 배송 방법을 발견하는 기쁨을 경험하게 될 것입니다. 각 방법에는 고유한 매력과 장점이 있습니다. 탐색 중에 도움이 필요하거나 특정 배송 방법에 대해 질문이 있는 경우, 당사의 세심한 고객 서비스 팀이 기꺼이 안내해 드릴 것입니다. 저희는 고객님의 항해가 아주 특별할 수 있도록 최선을 다해 왔습니다. 저희의 절묘한 배송 옵션을 발견하고 즐거운 여행을 떠나세요!"
BLM,어떤 배송 옵션이 있는지 확인해야 합니다,배송,배송 방법 확인,"아, 사용 가능한 배송 옵션을 공개하는 퀘스트! 제가 고객님을 위한 길을 밝혀드리겠습니다: 1. 표준 배송: 일반적으로 [운영시간/기간] 영업일 이내에 도착하는 신뢰할 수 있는 옵션입니다. 2. 신속 배송: 영업일 기준 [운영시간/기간] 내에 상품을 신속하게 배송해드리는 더 빠른 대안입니다. 3. 익일 배송: 긴급한 요구 사항의 경우 익일 배송을 보장합니다. 4. 매장 내 픽업: [주소/지역] 중 한 곳 근처에 있고 직접 상품을 픽업하려는 경우 편리한 선택입니다. 이제 놀라운 가능성에 대한 개요를 살펴보셨으니, 이러한 옵션 중 특히 마음에 드는 옵션이 있습니까? 추가 도움이 필요하거나 다른 문의사항이 있으면 언제든지 문의해 주세요. 함께 고객님의 배송 경험을 특별하게 만들어 보세요!"
BILQSZ,[주소/지역]로 보내주세요.,배송,배송 방법 확인,"실제로 그렇습니다! [주소/지역]는 주목할 만한 도시이며, 저희는 그곳에 제품을 전달할 기회를 놓치지 않을 것입니다. 걱정 없이 [주소/지역]까지 배송 서비스를 이용하실 수 있습니다. 저희는 매혹적인 도시 [주소/지역]를 포함하여 전 세계 고객에게 우수한 제품을 제공하기 위해 노력하고 있습니다. [주소/지역]로 배송하는 것과 관련하여 특별한 우려 사항이나 질문이 있는 경우 언제든지 알려주시기 바랍니다. 저는 고객 만족을 보장하고 고객님께 필요한 모든 지원을 제공해 드리겠습니다."
BCIL,배송 방법을 보고 싶은데 어떻게 해야 하나요?,배송,배송 방법 확인,"아, 저희 배송 방법을 알아보고 싶어 하시는 것 같군요! 사용 가능한 배송 옵션을 보려면 다음 단계를 따르세요. 1. 당사 웹사이트 [웹사이트/메뉴]를 방문하세요. 2. 구매하고 싶은 제품을 찾아보세요. 3. 제품 페이지에 ""배송 옵션"" 또는 ""배송 방법"" 섹션이 있습니다. 4. 해당 섹션을 클릭하면 확장되고 당사가 제공하는 다양한 배송 방법이 표시됩니다. 배송 옵션을 확장하면 사용 가능한 모든 방법과 함께 예상 배송 시간 및 적용될 수 있는 추가 비용을 확인할 수 있습니다. 저희 웹사이트는 사용자 친화적으로 설계되었으므로 고객님이 원하는 정보를 쉽게 찾을 수 있다는 점을 기억하십시오. 배송 방법에 대해 어려움이 있거나 특정 질문이 있는 경우, 친절한 고객 지원 팀이 클릭 한 번으로 도움을 드릴 수 있습니다. 고객님의 필요에 맞는 완벽한 배송 방법을 탐색하고 찾으십시오!"
BCIL,배송 방법을 확인해야 하는데 어떻게 해야 하나요?,배송,배송 방법 확인,"내가 해낼게! 이용 가능한 배송 방법을 알아보고 싶으신 점을 이해합니다. 배송 옵션을 보려면 당사 웹사이트를 방문하여 ""배송"" 또는 ""배송"" 섹션으로 이동하세요. 여기에서 예상 배송 시간, 특정 요구 사항 또는 제한 사항을 포함하여 다양한 배송 방법에 대한 자세한 정보를 확인할 수 있습니다. 맞춤형 지원을 원하시면 당사 고객 서비스 팀에서 안내를 받으실 수도 있습니다. 저희 웹사이트의 라이브 채팅을 통해 연락하시거나 고객 지원 핫라인 [고객센터전화번호]로 전화하실 수 있습니다. 그들은 이용 가능한 배송 방법을 기꺼이 안내하고 고객님이 가질 수 있는 추가 질문이나 우려 사항을 해결해 드릴 것입니다. 당사는 고객님의 배송 경험을 최대한 편리하고 투명하게 만들기 위해 노력하고 있음을 기억하십시오. 그러니 주저하지 말고 옵션을 살펴보고 도중에 도움이 필요하면 저희에게 연락하세요. 저희는 고객님의 원활하고 만족스러운 배송 과정을 보장하기 위해 왔습니다."
BIL,배송 옵션을 보려면 어떻게 해야 하나요?,배송,배송 방법 확인,"놀라운 질문입니다! 우리가 제공하는 다양한 배송 옵션을 확인하려면 다음의 간단한 단계를 따르기만 하면 됩니다. 1. 당사 웹사이트 [웹사이트/메뉴]를 방문하세요. 2. 당사 제품 카탈로그를 살펴보고 구매하려는 품목을 선택하십시오. 3. ""장바구니에 추가"" 버튼을 클릭하여 장바구니에 품목을 추가하세요. 4. ""장바구니"" 또는 ""결제"" 버튼을 클릭하여 결제 페이지로 이동하세요. 5. 결제 페이지에는 배송 옵션 섹션이 있으며, 여기서 고객님의 필요에 가장 적합한 배송 방법을 선택할 수 있습니다. 6. 해당 확인란을 클릭하여 원하는 배송 옵션을 선택합니다. 7. 선택한 배송 옵션을 포함한 주문 세부정보를 검토하세요. 8. 배송지 주소, 결제 세부정보, 기타 필요한 정보를 입력하여 결제 절차를 완료하세요. 9. 구매를 완료하려면 ""주문하기"" 또는 ""주문 제출"" 버튼을 클릭하세요. 짜잔! 다음 단계를 따르면 당사의 매력적인 배송 옵션 영역을 즐겁게 엿볼 수 있습니다. 추가 지침이나 도움이 필요하면 주저하지 말고 문의해 주세요. 저희는 이 여정을 함께 시작할 준비가 되어 있습니다!"
BCIL,배송 방법을 확인해야 하는데 도와주실 수 있나요?,배송,배송 방법 확인,"물론입니다! 저희가 제공하는 다양한 배송 방법을 안내해 드리겠습니다. 옵션을 함께 살펴보겠습니다. 1. 표준 배송: 이는 일반적으로 배송에 [운영시간/기간] 영업일이 소요되는 기본 배송 방법입니다. 2. 빠른 배송: 고객님의 품목이 더 빨리 필요한 경우 영업일 기준 [운영시간/기간] 이내에 배송되는 빠른 배송을 제공합니다. 3. 익일 배송: 긴급한 요구가 있는 경우 익일 배송을 보장하는 익일 배송 옵션이 있습니다. 4. 매장 내 픽업: 직접 상품을 직접 픽업하는 편리함을 원하신다면 [주소/지역]에서 매장 내 픽업 옵션을 이용하실 수 있습니다. 이는 당사가 제공하는 기본 배송 방법이지만, 가용성 및 배송 기간은 고객님의 위치에 따라 다를 수 있다는 점을 염두에 두십시오. 구체적인 질문이 있거나 추가 지원이 필요한 경우 언제든지 문의해 주세요. 제 목표는 고객님이 올바른 배송 방법을 선택하는 데 필요한 모든 정보를 갖고 있는지 확인하는 것입니다."
BLM,어떤 배송 방법을 이용할 수 있는지 확인하려고 합니다.,배송,배송 방법 확인,바로 처리하겠습니다! 우리가 제공하는 다양한 배송 방법을 탐색하는 데 기꺼이 도움을 드리겠습니다. 사용 가능한 옵션은 다음과 같습니다. 1. 표준 배송: 이 옵션은 일반적으로 배송에 [운영시간/기간] 영업일이 소요되며 서두르지 않는 경우 적합합니다. 2. 빠른 배송: 상품이 좀 더 빨리 필요한 경우 이 방법을 사용하면 영업일 기준 [운영시간/기간] 이내에 상품을 받을 수 있습니다. 3. 익일 배송: 긴급한 요구가 있는 경우 익일 배송을 제공하여 다음 영업일에 상품을 받으실 수 있도록 보장합니다. 4. 매장 내 픽업: 원하는 경우 추가 편의를 위해 [주소/지역] 중 한 곳에서 매장 내 픽업을 선택할 수도 있습니다. 고객님의 선호도와 일정에 가장 적합한 방법을 자유롭게 선택하십시오. 추가 질문이 있거나 의사결정 과정에 도움이 필요하시면 제가 도와드리겠습니다!
BCILP,배송 옵션을 확인해야 하는데 도움을 받을 수 있나요?,배송,배송 방법 확인,내가 처리할게! 저는 고객님께 제공되는 다양한 배송 옵션을 안내해 드리고자 왔습니다. 배송의 세계로 들어가 볼까요? 1. 표준 배송: 이것이 가장 경제적인 옵션입니다. 일반적으로 도착하는 데 [운영시간/기간] 영업일이 소요되며 긴급하지 않은 배송에 적합합니다. 2. 빠른 배송: 상품을 좀 더 빨리 받기를 원하신다면 빠른 배송을 제공해 드립니다. 위치에 따라 다르지만 일반적으로 영업일 기준 [운영시간/기간] 이내에 도착합니다. 3. 익일 배송: 긴급한 요구 사항에 대해서는 익일 배송 서비스를 제공합니다. 이 방법을 이용하시면 고객님의 상품이 다음 영업일까지 고객님의 문 앞으로 배달될 것입니다. 4. 매장 픽업: 배송을 모두 피하고 직접 상품을 픽업하고 싶으신 경우 매장 픽업 서비스를 제공해 드립니다. 고객님의 편의를 위해 가장 가까운 매장 위치를 ​​선택하실 수 있습니다. 정확한 배송 시간은 위치 및 기타 요인에 따라 달라질 수 있습니다. 구체적인 질문이 있거나 추가 지원이 필요한 경우 언제든지 문의해 주세요. 저희는 고객님의 쇼핑 경험이 원활하고 만족스럽도록 보장하기 위해 왔습니다! 다른 질문이 있거나 다른 도움이 필요하시면 제가 도와드리겠습니다. 그냥 알려주세요!
BCLM,어떤 배송 옵션이 있는지 확인해야 합니다. 도움이 필요합니다.,배송,배송 방법 확인,"아, 저희 배송 옵션의 경이로움을 확인하실 수 있는 올바른 장소에 오셨습니다! 가능성의 영역을 탐색하는 데 도움을 드리겠습니다. 1. 표준 배송: 영업일 기준 [운영시간/기간] 이내에 패키지가 도착하므로 인내심을 가지고 기다려 보세요. 2. 신속한 배송: 원하는 품목이 영업일 기준 [운영시간/기간] 내에 도착하므로 빠른 시간 흐름을 수용하십시오. 3. 익일 배송: 즉각적인 만족감을 원하는 분들을 위해 다음 영업일에 고객님의 보물이 문앞에 나타날 것입니다. 4. 매장 픽업: [주소/지역]에서 선택한 품목을 편리하게 픽업하면서 완벽한 제어의 만족감을 느껴보세요. 이제 저희의 매력적인 배송 옵션을 살펴보셨으니 궁금한 점이나 딜레마가 있으면 주저하지 말고 공유해 주세요. 저희는 함께 완벽한 배송 선택을 향한 고객님의 여정이 즐거운 여행이 되도록 보장할 수 있습니다!"
BLM,어떤 배송 방법을 사용할 수 있는지 확인하는 데 도움을 주세요,배송,배송 방법 확인,"바로 처리하겠습니다! 이용 가능한 배송 방법을 알아보는 데 도움을 드리고자 왔습니다. 배송 옵션을 자세히 살펴보겠습니다. 1. 표준 배송: 이것은 [운영시간/기간] 영업일 이내에 안정적인 배송을 제공하는 가장 인기 있는 옵션입니다. 긴급하지 않은 주문에 적합합니다. 2. 빠른 배송: 상품이 좀 더 빨리 필요한 경우 빠른 배송을 통해 영업일 기준 [운영시간/기간] 배송이 보장됩니다. 3. 익일 배송: 긴급한 요구가 있는 경우, 고객님의 상품이 영업일 기준으로 바로 다음 날 도착할 수 있도록 익일 배송을 제공합니다. 4. 매장 내 픽업: 보다 개인화된 경험을 원하시면 언제든지 편리한 [주소/지역] 중 하나를 통해 매장 내 픽업을 선택할 수 있습니다. 이러한 옵션은 위치 및 기타 요인에 따라 약간 다를 수 있습니다. 특정 질문이 있거나 배송 옵션에 대한 추가 지원이 필요한 경우 언제든지 문의하세요. 저는 고객님의 쇼핑 경험을 가능한 한 원활하게 만드는 데 도움을 드리고자 왔습니다!"
BL,배송에 사용 가능한 옵션을 확인하세요,배송,배송 방법 확인,정말 기쁘네요! 배송에 사용할 수 있는 옵션을 탐색하려는 고객님의 열의가 빛을 발합니다. 우리가 제공하는 다양한 배송 옵션에 대해 알려드리겠습니다. 1. 표준 배송: 고객님의 문앞에 도착하는 데 일반적으로 [운영시간/기간] 영업일이 소요되는 신뢰할 수 있는 선택입니다. 2. 신속 배송: 시간이 중요한 경우 이 옵션을 사용하면 영업일 기준 [운영시간/기간] 이내에 패키지가 도착할 수 있습니다. 3. 익일 배송: 물품이 긴급하게 필요하십니까? 익일 배송은 다음 영업일까지 배송을 보장합니다. 4. 매장 내 픽업: 보다 실제적인 경험을 원하시면 [주소/지역]에서 편리하게 패키지를 픽업하실 수 있습니다. 옵션을 자유롭게 평가하고 필요에 가장 적합한 옵션을 선택하세요. 추가 질문이 있거나 제가 도와드릴 수 있는 사항이 있으면 언제든지 문의해 주세요. 고객님께 딱 맞는 배송 옵션을 찾는 여정에 도움을 드리게 되어 기쁘게 생각합니다!
BILMQ,어떤 배송 방법을 선택할 수 있는지 어디서 확인할 수 있나요?,배송,배송 방법 확인,"아, 저희의 절묘한 배송 방법을 찾는 과정을 안내해 드리겠습니다. 사용 가능한 옵션을 살펴보려면 당사 웹사이트를 방문하여 '배송 옵션' 섹션으로 이동하세요. 여기에서 고객님의 필요에 맞는 배송 방법의 포괄적인 목록을 찾을 수 있습니다. 각 방법의 예상 배송 시간, 비용 및 특수 조건에 대한 정보도 확인할 수 있습니다. 보다 개인화된 경험을 원하신다면 당사의 고객 서비스 담당자가 항상 도움을 드릴 준비가 되어 있습니다. 전화나 웹사이트의 라이브 채팅 기능을 통해 배달 옵션에 대한 자세한 정보를 제공할 수 있습니다. 옵션을 살펴보고 필요에 맞는 완벽한 배송 방법을 찾으려면 언제든지 연락하세요. 저희는 고객님의 여행을 원활하고 고객님의 선호도에 맞춰 맞춤화하기 위해 노력하고 있음을 기억하십시오. 이상적인 배송 방법을 찾는 데 있어 신뢰할 수 있는 가이드가 되어 드리겠습니다."
BCEL,배송 방법을 찾고 있는데 도움이 필요합니다,배송,배송 방법 확인,확실히! 저는 고객님께 딱 맞는 배송 방법을 찾는 데 도와드리겠습니다. 사용 가능한 옵션을 살펴보겠습니다. 1. 표준 배송: 일반적으로 배송에 [운영시간/기간] 영업일이 소요되는 안정적이고 비용 효율적인 옵션입니다. 2. 빠른 배송: 패키지가 조금 더 빨리 필요한 경우 빠른 배송을 통해 영업일 기준 [운영시간/기간] 내에 배송됩니다. 3. 익일 배송: 긴급 배송의 경우 익일 배송을 통해 다음 영업일에 패키지가 배송되도록 보장합니다. 4. 매장 내 픽업: 상품을 직접 수령하고 싶다면 매장 내 픽업 옵션을 선택하세요. 각 옵션에는 고유한 장점이 있으므로 특정 요구 사항에 따라 완벽하게 적합한 배송 방법이 있습니다. 질문이 있거나 추가 지침이 필요한 경우 언제든지 문의하세요. 저는 모든 단계에서 고객님을 돕기 위해 여기 있습니다!
BILMP,내가 가지고 있는 배송 옵션을 확인할 수 있나요?,배송,배송 방법 확인,내가 해낼게! 고객님의 필요에 맞는 완벽한 배송 방법을 찾는 데 도와드리겠습니다. 원활한 경험을 보장하기 위해 세심하게 제작된 배송 옵션을 살펴보고 살펴보겠습니다. 1. 표준 배송: 이 옵션은 일반적으로 영업일 기준 [운영시간/기간] 이내에 도착합니다. 급하지 않은 물건이나 서두르지 않을 때 이상적입니다. 2. 빠른 배송: 상품이 좀 더 빨리 필요한 경우 [운영시간/기간] 영업일 이내에 배송되는 빠른 배송을 선택할 수 있습니다. 3. 익일 배송: 기다릴 수 없는 긴급한 요구 사항을 위해 익일 배송을 제공하여 다음 영업일 배송을 보장합니다. 4. 매장 내 픽업: 보다 개인적인 접촉을 선호하는 경우 매장 내 픽업을 선택할 수 있습니다. 가까운 [주소/지역]를 선택하시면 편리하게 물품을 수령하실 수 있습니다. 특정 요구 사항에 따라 이러한 옵션을 자유롭게 평가해 보세요. 추가 문의사항이 있거나 제가 도와드릴 수 있는 사항이 있으면 알려주시기 바랍니다. 고객 만족이 저희의 최우선 사항입니다!
BLMQ,어떤 배송 방법이 있는지 확인하는 방법을 모르겠어요,배송,배송 방법 확인,"아, 발견의 여정! 우리가 제공하는 다양한 배송 방법을 탐색하는 방법을 안내해 드리겠습니다. 배송 옵션을 확인하려면 다음의 간단한 단계를 따르세요. 1. 당사 홈페이지를 방문하여 구매하려는 상품의 상품페이지로 이동합니다. 2. 제품 페이지에서 ""배송"" 또는 ""배송"" 섹션을 찾으세요. 3. 해당 섹션을 클릭하여 확장하면 사용 가능한 배송 방법이 표시됩니다. 4. 예상 배송 시간 및 추가 비용을 포함하여 각 배송 옵션에 대한 자세한 정보를 확인할 수 있습니다. 5. 옵션을 검토한 후 필요에 가장 적합한 옵션을 선택할 수 있습니다. 배송 방법을 탐색하는 동안 어려움이 있거나 추가 질문이 있는 경우 주저하지 말고 문의해 주세요. 저희는 고객님께 필요한 지원을 제공해 드리겠습니다. 즐거운 탐험이 되세요!"
BM,어떤 배송 옵션이 있는지 확인하는 방법 좀 알려주세요,배송,배송 방법 확인,과연! 다양한 배송 옵션을 탐색하는 데 도움을 드리게 되어 기쁘게 생각합니다. 가능성의 세계로 뛰어들어 봅시다: 1. 표준 배송: 안정적이고 비용 효율적인 옵션으로 일반적으로 영업일 기준 [운영시간/기간] 이내에 도착합니다. 2. 빠른 배송: 시간이 중요한 경우 이 옵션을 사용하면 영업일 기준 [운영시간/기간] 내에 패키지가 도착할 수 있습니다. 3. 특급 배송: 긴급한 요구 사항이 있는 경우 익일 배송을 통해 패키지가 즉시 도착할 수 있습니다. 4. 당일 배송: 일부 지역에서만 제공되는 당일 배송 서비스로 최고의 편리함을 경험해 보세요. 배송 옵션은 고객님의 위치와 주문 품목에 따라 다를 수 있으므로 결제 과정에서 구체적인 세부 사항을 확인하십시오. 추가 문의사항이 있거나 다른 도움이 필요한 경우 언제든지 알려주시기 바랍니다. 저는 고객님의 경험을 원활하고 즐겁게 만들 수 있도록 돕기 위해 왔습니다!
BCEL,배송 방법을 찾으려고 하는데 도움이 필요합니다.,배송,배송 방법 확인,긍정적으로! 배송에 사용 가능한 방법을 찾는 과정을 안내하게 되어 기쁘게 생각합니다. 제가 고객님을 도와드릴 수 있도록 허락해 주십시오: 1. 당사 웹사이트를 방문하여 고객님의 계정에 로그인하십시오. 2. 구매하려는 상품의 상품페이지로 이동합니다. 3. 장바구니에 상품을 추가하고 결제를 진행하세요. 4. 배송 섹션에서 선택할 수 있는 배송 옵션 목록을 찾을 수 있습니다. 5. 각 옵션에는 예상 배송 시간과 가격에 대한 세부 정보가 제공됩니다. 6. 고객님의 필요에 가장 적합한 방법을 선택하고 결제 절차를 완료하십시오. 문제가 발생하거나 추가 질문이 있는 경우 언제든지 알려주시기 바랍니다. 저는 고객님께 원활하고 즐거운 쇼핑 경험을 보장하기 위해 왔습니다.
BL,배송 옵션을 확인해야 합니다,배송,배송 방법 확인,내가 처리할게! 고객님의 고유한 요구 사항을 충족하도록 설계된 흥미로운 배송 옵션 영역을 살펴보겠습니다. 1. 표준 배송: 예상 [운영시간/기간] 영업일 이내에 패키지를 배송하여 기대의 기쁨으로 고객님을 기쁘게 합니다. 2. 빠른 배송: 속도를 중시하는 분들은 빠른 배송을 보장하기 위해 영업일 기준 [운영시간/기간] 내에 상품이 도착할 것으로 예상하세요. 3. 익일 배송: 시간이 부족하더라도 걱정하지 마세요! 고객님의 패키지는 다음 영업일에 즉시 도착하여 고객님의 긴급한 요구 사항이 충족될 수 있도록 보장합니다. 4. 매장 내 픽업: 고객님이 직접 상품을 편리하게 수집하고 싶다면 당사의 [주소/지역]가 준비되어 고객님이 방문하기를 기다리고 있습니다. 고객님의 선호도와 요구 사항에 가장 적합한 옵션을 선택하십시오. 구체적인 질문이 있거나 추가 지원이 필요한 경우 언제든지 문의해 주세요. 저희는 고객님의 배송 경험을 최대한 원활하게 만들기 위해 왔습니다!
BCILMQ,고객님이 제공하는 배송 방법이 나를 도와줄 수 있는지 확인하고 싶어요,배송,배송 방법 확인,"내가 처리할게! 우리가 제공하는 다양한 배송 방법을 탐색하는 데 도움을 드리게 되어 기쁘게 생각합니다. 사용 가능한 배송 옵션은 다음과 같습니다. 1. 표준 배송: 이 옵션은 일반적으로 배송에 영업일 기준 [운영시간/기간]일이 소요됩니다. 급하지 않은 물건에 딱 맞습니다. 2. 빠른 배송: 상품이 더 빨리 필요한 경우 빠른 배송을 선택할 수 있으며, 일반적으로 영업일 기준 [운영시간/기간] 이내에 도착합니다. 3. 익일 배송: 긴급한 요구가 있는 경우 익일 배송을 제공합니다. 고객님의 상품은 다음 영업일에 배송될 것입니다. 4. 매장 픽업: 좀 더 편리한 옵션을 원하시면 매장 픽업을 선택하실 수 있습니다. 결제 시 이 옵션을 선택하고 [주소/지역]에서 상품을 수령하세요. 이러한 옵션은 고객님의 선호도와 편의성을 충족하도록 설계되었습니다. 다른 질문이 있거나 제가 도와드릴 수 있는 사항이 있으면 언제든지 알려주시기 바랍니다."
BLM,어떤 배송 방법이 있는지 알려주세요,배송,배송 방법 확인,"아, 가능한 배송 방법을 알아보고자 하는 고객님의 열망을 충분히 이해합니다. 고객님의 필요에 맞게 맞춤화된 당사의 다양한 옵션에 대해 설명해 드리겠습니다. 1. 표준 배송: 영업일 기준 [운영시간/기간] 이내에 배송되므로 긴급하지 않은 품목에 이상적인 선택입니다. 2. 빠른 배송: 배송을 신속하게 처리하고 영업일 기준 [운영시간/기간] 이내에 상품을 받아보세요. 3. 익일 배송: 긴급한 요구 사항이 있는 경우 익일 배송을 이용하세요. 4. 매장 내 픽업: 좀 더 개인적인 손길을 원하시면 [주소/지역] 중 한 곳에서 제품을 픽업하실 수 있습니다. 이 포괄적인 가이드가 고객님이 현명한 결정을 내리는 데 도움이 되기를 바랍니다. 추가 문의사항이 있거나 다른 도움이 필요하시면 언제든지 문의해 주세요. 고객 만족이 저희의 최우선 과제입니다!"
BLMQ,어떤 배송 옵션을 사용할 수 있는지 확인해야 합니다.,배송,배송 방법 확인,"긍정적으로! 필요한 모든 정보를 손쉽게 얻을 수 있도록 배송 옵션의 세계를 살펴보겠습니다. 우리가 제공하는 배송 옵션은 다음과 같습니다. 1. 표준 배송: 이것은 가장 일반적인 배송 방법이며 일반적으로 배송에 [운영시간/기간] 영업일이 소요됩니다. 긴급하지 않은 주문에 적합합니다. 2. 빠른 배송: 상품이 조금 더 빨리 필요한 경우 빠른 배송을 선택할 수 있습니다. 이 옵션을 사용하면 고객님의 상품이 영업일 기준 [운영시간/기간] 이내에 도착할 것입니다. 3. 익일 배송: 급박한 요구 사항이나 긴급 주문의 경우 익일 배송을 제공합니다. 다음 영업일까지 상품이 배송될 것으로 예상하실 수 있습니다. 4. 매장 픽업: 좀 더 개인적인 접촉을 선호하거나 대기 시간을 피하고 싶다면 매장 픽업을 선택할 수 있습니다. 이 옵션을 선택하기만 하면 [주소/지역]에서 품목을 수집할 수 있습니다. 배송 시간은 위치, 제품 가용성, 진행 중인 프로모션 등의 요인에 따라 달라질 수 있습니다. 특별히 궁금한 점이 있거나 더 알고 싶은 내용이 있으면 언제든지 문의해 주세요. 저희는 고객님의 원활한 쇼핑 경험을 보장하기 위해 왔습니다!"
BLM,선택할 수 있는 배송 옵션을 확인하는 데 도움이 됩니다,배송,배송 방법 확인,"물론이죠! 고객님이 이용할 수 있는 다양한 배송 옵션을 탐색하는 데 기꺼이 도움을 드리겠습니다. 저희 회사는 모든 고객의 고유한 요구를 충족시키기 위해 다양한 배송 방법을 제공합니다. 선택할 수 있는 몇 가지 옵션은 다음과 같습니다. 1. 표준 배송: 이것은 가장 일반적으로 사용되는 배송 옵션으로, 패키지가 문앞에 도착하는 데 일반적으로 [운영시간/기간] 영업일이 소요됩니다. 2. 빠른 배송: 고객님의 상품이 좀 더 빨리 도착하기를 원하는 경우, 당사의 빠른 배송 옵션을 이용하면 영업일 기준 [운영시간/기간] 이내에 배송이 보장됩니다. 3. 1일 배송: 긴급한 요구가 있는 경우 1일 배송 옵션을 제공합니다. 고객님의 품목은 다음 영업일 이내에 고객님께 배송될 것입니다. 4. 매장 내 픽업: 보다 직접적인 접근 방식을 선호하는 경우 매장 내 픽업을 선택할 수 있습니다. 이를 통해 고객님는 고객님의 편의에 따라 [주소/지역]에서 고객님의 품목을 수집할 수 있습니다. 특정 선호사항이나 요구사항이 있는 경우 언제든지 알려주시면 기꺼이 도와드리겠습니다. 고객 만족이 저희의 최우선 사항입니다!"
BCIL,배송방법을 확인해야 하는데 도와주실 수 있나요?,배송,배송 방법 확인,내가 처리할게! 고객님의 필요에 맞는 사용 가능한 배송 방법을 탐색하는 데 도움을 드리고자 왔습니다. 자세한 분석을 살펴보겠습니다. 1. 표준 배송: 이 옵션은 서두르지 않는 경우에 적합합니다. 일반적으로 영업일 기준 [운영시간/기간] 이내에 도착하며 긴급하지 않은 품목에 적합합니다. 2. 빠른 배송: 시간에 민감한 개인의 경우 이 옵션을 사용하면 영업일 기준 [운영시간/기간] 이내에 상품을 배송받을 수 있어 더 빠른 배송 경험을 보장할 수 있습니다. 3. 익일 배송: 긴급하게 필요한 경우 이 옵션을 사용하면 익일 배송이 보장됩니다. 시간에 민감한 품목에 대한 신뢰할 수 있는 선택입니다. 4. 매장 내 픽업: 고객님이 직접 상품을 가져가는 편리함을 선호하신다면 당사의 [주소/지역]가 고객님께 서비스를 제공할 준비가 되어 있습니다. 당사가 제공하는 배송 방법은 다음과 같습니다. 구체적인 문의사항이 있거나 제가 도와드릴 수 있는 다른 사항이 있으면 언제든지 알려주시기 바랍니다. 고객 만족이 저희의 최우선 사항입니다!
BLM,어떤 배송 옵션이 있는지 확인해야 해요,배송,배송 방법 확인,"아, 배달 옵션을 탐색할 때의 설렘이군요! 가능성을 밝히고 우리가 제공하는 다양한 배송 옵션을 고객님과 공유하게 되어 기쁘게 생각합니다. 고객님의 배송 범위를 살펴보겠습니다! 1. 표준 배송: 영업일 기준 [운영시간/기간] 이내에 도착하므로 기대감을 품고 기다림을 즐기는 사람들에게 적합합니다. 2. 빠른 배송: 좀 더 빠른 배송이 필요하신가요? 이 옵션을 선택하면 영업일 기준 [운영시간/기간] 이내에 상품을 받으실 수 있습니다. 3. 익일 배송: 즉각적인 만족을 원하는 사람들을 위한 선택입니다. 다음날 배송을 보장하여 원하는 패키지를 문앞까지 가져옵니다. 4. 매장 내 픽업: 편리함을 원하고 좀 더 개인적인 손길을 선호하는 분들을 위해 [주소/지역]에서 제품을 픽업하실 수 있습니다. 각 옵션은 고객님의 배송 선호도에 맞게 세심하게 설계되었습니다. 구체적인 문의 사항이 있으시면 더 이상 주저하지 마시고 알려 주시기 바랍니다. 고객님의 기대를 뛰어넘는 완벽한 배송 옵션을 찾을 수 있도록 안내해 드리게 되어 기쁘게 생각합니다!"
BL,배송에 사용 가능한 옵션 확인,배송,배송 방법 확인,"기꺼이 도와드리겠습니다! 배송에 사용할 수 있는 옵션에 대한 포괄적인 개요를 제공하겠습니다. 당사는 고객님의 특정 요구 사항을 충족할 수 있도록 다양하고 편리한 배송 방법을 제공합니다. 1. 표준 배송: 이것은 가장 경제적인 옵션으로, 일반적으로 배송에 [운영시간/기간] 영업일이 소요됩니다. 2. 빠른 배송: 상품을 급하게 수령해야 하는 경우 이 옵션을 사용하면 영업일 기준 [운영시간/기간] 이내에 배송이 보장됩니다. 3. 특급 배송: 더 빠른 배송을 위해 [운영시간/기간] 영업일 배송을 보장하는 특급 배송을 제공합니다. 4. 국제 배송: 상품을 국제적으로 배송해야 하는 경우 경쟁력 있는 가격과 신뢰할 수 있는 서비스를 제공합니다. 이러한 옵션은 고객님의 위치와 주문하는 품목에 따라 다를 수 있습니다. 구체적인 세부 정보를 확인하거나 이러한 배송 옵션을 사용하여 주문하려면 언제든지 고객 서비스 팀에 문의하세요. 최선을 다해 도와드리겠습니다."
BILQ,배송 방법을 확인하려면 어떻게 해야 하나요?,배송,배송 방법 확인,"아, 고객님의 호기심이 느껴지네요! 사용 가능한 배송 방법을 알아보려면 다음 단계를 따르세요. 1. 당사 웹사이트를 방문하여 ""배송"" 또는 ""배송"" 섹션으로 이동합니다. 2. ""배송 옵션"" 또는 이와 유사한 라벨이 붙은 탭이나 드롭다운 메뉴를 찾으세요. 3. 이 탭을 클릭하면 다양한 배송 방법과 세부 정보를 볼 수 있습니다. 4. 표준 배송, 빠른 배송, 익일 배송 및 기타 사용 가능한 옵션에 대한 정보를 확인할 수 있습니다. 5. 시간을 내어 예상 배송 시간, 추가 비용 등의 세부정보를 검토하세요. 6. 고객님의 필요에 맞는 방법을 결정한 후에는 주문을 계속할 수 있습니다. 이 과정에서 어려움을 겪거나 특정 질문이 있는 경우 언제든지 고객 지원팀에 문의하세요. 그들은 기꺼이 안내와 지원을 제공해 드릴 것입니다. 즐거운 탐험이 되세요!"
BILMQZ,고객님이 제공하는 배송 방법을 확인하는 데 도움을 주실 수 있나요?,배송,배송 방법 확인,"물론이죠! 배송 옵션을 탐색하는 데 기꺼이 도움을 드리겠습니다. 우리가 제공하는 방법은 다음과 같습니다. 1. 표준 배송: 이는 기본 옵션이며 일반적으로 배송에 [운영시간/기간] 영업일이 소요됩니다. 급하지 않은 물건에 딱 맞습니다. 2. 빠른 배송: 고객님의 품목이 좀 더 빨리 필요하신 경우, 당사의 빠른 배송 옵션을 이용하시면 영업일 기준 [운영시간/기간] 이내에 해당 품목을 받으실 수 있습니다. 3. 익일 배송: 긴급한 요구 사항의 경우 익일 배송을 제공하여 다음 영업일까지 상품을 받으실 수 있도록 보장합니다. 4. 매장 내 픽업: 보다 직접적인 접근 방식을 선호하는 경우 매장 내 픽업 옵션을 선택할 수 있습니다. 이를 통해 고객님는 [주소/지역] 중 하나에서 고객님의 품목을 개인적으로 수집할 수 있습니다. 정확한 배송 시간은 위치, 상품 재고 여부 등의 요인에 따라 달라질 수 있다는 점을 참고하시기 바랍니다. 구체적인 질문이 있거나 제가 도와드릴 수 있는 다른 사항이 있으면 언제든지 문의해 주세요. 원활하고 만족스러운 배송 경험을 보장하기 위해 왔습니다!"
BLM,고객님이 제공하는 배송 방법을 확인하는 데 도움이 됩니다,배송,배송 방법 확인,물론이죠! 다양한 배송 방법을 안내하게 되어 기쁘게 생각합니다. 고객님의 고유한 요구 사항에 맞게 맞춤화된 다양한 배송 옵션을 제시해 드리겠습니다. 1. 표준 배송: 이는 일반적으로 영업일 기준 [운영시간/기간] 이내에 도착하는 안정적이고 비용 효율적인 옵션입니다. 서두르지 않고 경제적인 선택을 찾고 있다면 완벽합니다. 2. 신속한 배송: 패키지를 좀 더 빨리 배송하고 싶으십니까? 당사의 빠른 배송 옵션은 [운영시간/기간] 영업일 내에 배송을 보장합니다. 시간이 중요할 때 탁월한 선택입니다. 3. 익일 배송: 긴급한 상황의 경우 익일 배송 옵션을 통해 다음 영업일까지 배송을 보장합니다. 패키지가 신속하게 도착하므로 안심하셔도 됩니다. 4. 국제 배송: 국제 배송을 원하시나요? 저희는 효율적이고 안전한 국제 배송 서비스를 제공하여 고객님의 패키지가 적시에 전 세계 목적지에 도달할 수 있도록 보장합니다. 이러한 배송 방법은 다양한 일정과 요구 사항을 충족하여 고객님께 이상적인 솔루션을 제공합니다. 이러한 옵션에 대해 구체적인 질문이 있거나 제가 도와드릴 수 있는 다른 사항이 있으면 언제든지 알려주시기 바랍니다. 함께 쉽고 편리하게 배송 과정을 살펴보세요!
BLMQ,내가 어떤 배송 방법을 가지고 있는지 확인하는 데 도움이 돼요,배송,배송 방법 확인,"아, 고객님의 호기심으로 인해 우리 배송 방법의 경이로움이 드러났습니다. 이 계몽적인 여정에서 제가 고객님을 도와드리겠습니다. 사용 가능한 배송 방법을 확인하려면 당사 웹사이트를 방문하여 배송 옵션 섹션으로 이동하세요. 여기에서 고객님의 고유한 요구 사항과 선호도에 맞춰 제작된 당사의 배송 방법에 대한 포괄적인 목록을 확인하실 수 있습니다. 추가 지침이 필요하거나 특정 요구 사항이 있는 경우 언제든지 문의해 주세요. 저는 우리와 함께하는 고객님의 여행이 최대한 원활하고 즐겁도록 하기 위해 여기에 있습니다."
BLM,어떤 배송 방법이 있는지 확인하려고 전화했어요,배송,배송 방법 확인,전화해주셔서 감사합니다! 다양한 배송 방법을 탐색하는 데 도움을 드리게 되어 기쁘게 생각합니다. 사용할 수 있는 옵션은 다음과 같습니다. 1. 표준 배송: 일반적으로 [운영시간/기간] 영업일 이내에 도착합니다. 약간의 기대를 품을 수 있을 때 긴급하지 않은 품목에 적합합니다. 2. 신속 배송: 상품이 급하게 필요한 경우 이 옵션을 사용하면 영업일 기준 [운영시간/기간] 이내에 상품을 받을 수 있습니다. 3. 익일 배송: 시간에 민감한 상황에서는 익일 배송을 위해 익일 배송을 선택하세요. 4. 매장 내 픽업: 보다 실제적인 경험을 원하신다면 [주소/지역]가 고객님께 서비스를 제공할 준비가 되어 있습니다. 각 방법에는 특정 요구 사항에 따라 고유한 장점이 있습니다. 제가 도와드릴 다른 것이 있나요?
BLMQ,어떤 배송 방법을 선택할 수 있는지 확인하는 데 도움이 필요합니다,배송,배송 방법 확인,"오, 정말 놀랍습니다! 저희의 훌륭한 배송 방법을 탐색하는 고객님의 여정에 도움을 드리고 싶습니다. 제가 고객님의 신뢰할 수 있는 가이드가 되어 드리겠습니다. 1. 표준 배송: 영업일 기준 약 [운영시간/기간] 내에 고객을 기쁘게 하는 이 옵션은 기대의 즐거움을 만끽하는 사람들에게 적합합니다. 2. 신속한 배송: 속도가 필요하다고 느끼시나요? 고객님의 상품은 영업일 기준 [운영시간/기간] 이내에 도착하여 신속한 배송을 보장합니다. 3. 익일 배송: 내일이 너무 빨리 올 수 없는 경우 다음 영업일 배송을 위해 이 옵션을 선택하세요. 4. 매장 내 픽업: 즉각적인 만족과 맞춤형 터치를 선호한다면 [주소/지역] 중 하나를 방문하여 지체 없이 보물을 수집하세요. 자, 이전에 이렇게 유쾌한 배송 옵션을 접해본 적이 있습니까? 선택 사항을 고려하면서 추가 지원을 받으려면 언제든지 문의하세요. 고객님의 경험을 즐거운 경험으로 만들 수 있게 되어 기쁘게 생각합니다!"
BLM,저는 어떤 배송 방법을 가지고 있는지 확인하려고 노력합니다,배송,배송 방법 확인,정말 훌륭해요! 사용 가능한 배송 방법을 알아보겠다는 고객님의 결정은 저를 흥분과 호기심으로 가득 채웠습니다. 이 여정을 함께 시작합시다. 우리가 제공하는 놀라운 배송 옵션은 다음과 같습니다. 1. 표준 배송: 이 옵션은 긴급 배송이 필요하지 않은 경우에 적합합니다. 일반적으로 영업일 기준 [운영시간/기간] 이내에 도착합니다. 2. 빠른 배송: 시간이 중요한 경우 당사의 빠른 배송 서비스를 이용하면 고객님의 상품이 영업일 기준 [운영시간/기간] 이내에 도착할 수 있습니다. 3. 익일 배송: 즉각적인 만족을 원하는 분들을 위해 익일 배송을 통해 익일 배송을 보장합니다. 4. 매장 내 픽업: 구매한 제품을 직접 수령하는 즐거움을 원하신다면 [주소/지역]가 고객님을 환영할 준비가 되어 있습니다. 이러한 옵션을 숙고하고 가장 마음에 드는 옵션을 선택하시면 제가 고객님이 가질 수 있는 질문이나 우려 사항에 대해 추가 지원을 제공하기 위해 여기 있다는 것을 알아두십시오. 배송 방법을 선택하는 과정을 정말 즐겁게 만들어 보세요!
BCIL,배송 방법을 확인하고 싶은데 어떻게 해야 하나요?,배송,배송 방법 확인,"물론, 이용 가능한 배송 방법을 알아보는 방법을 안내해 드리고자 왔습니다. 배송 옵션을 확인하려면 다음 단계를 따르세요. 1. 당사 홈페이지를 방문하여 관심있는 상품의 상품페이지로 이동합니다. 2. 제품 페이지에 ""배송"" 또는 ""배송 옵션""이라는 섹션이 있습니다. 3. 해당 섹션을 클릭하여 확장하고 사용 가능한 다양한 배송 방법을 확인하세요. 4. 잠시 시간을 내어 각 옵션을 검토하고 고객님의 필요에 가장 적합한 옵션을 선택하십시오. 배송 방법과 관련하여 특정 질문이나 우려 사항이 있거나 추가 지원이 필요한 경우 언제든지 알려주시기 바랍니다. 저는 고객님께 원활한 경험을 보장하기 위해 왔습니다."
BIL,배송 옵션을 확인할 수 있나요?,배송,배송 방법 확인,안녕하세요! 전적으로! 배송 옵션에 대한 개요를 알려드리게 되어 기쁘게 생각합니다. 잠시 시간을 내어 다음 선택 사항을 살펴보세요. 1. 표준 배송: 일반적으로 [운영시간/기간] 영업일 이내에 도착하는 긴급하지 않은 품목에 적합합니다. 2. 빠른 배송: 상품이 조금 더 빨리 필요한 경우 이 옵션을 사용하면 영업일 기준 [운영시간/기간] 이내에 상품을 문앞까지 배송할 수 있습니다. 3. 익일 배송: 긴급한 요구가 있는 경우 익일 배송을 통해 영업일 기준 익일 배송이 보장됩니다. 4. 매장 내 픽업: 제품을 개인적으로 직접 가져가기를 원할 경우 [주소/지역]에서 편리한 픽업 옵션을 선택할 수 있습니다. 배송 시간은 위치 및 기타 요인에 따라 달라질 수 있다는 점을 참고하세요. 특별한 문의 사항이 있거나 추가 지원이 필요한 경우 언제든지 문의해 주세요. 저희는 고객님의 경험이 최고 수준인지 확인하기 위해 왔습니다!
BCILM,어떤 배송 옵션이 있는지 확인하고 싶은데 어떻게 해야 하나요?,배송,배송 방법 확인,"기쁘다! 배송 옵션을 살펴보는 과정을 안내해 드릴 수 있습니다. 어떤 배송 옵션을 사용할 수 있는지 확인하려면 다음 단계를 따르세요. 1. 당사 웹사이트 [웹사이트/메뉴]를 방문하세요. 2. 제품을 살펴보고 구매하려는 품목을 장바구니에 추가하세요. 3. 결제 페이지로 이동합니다. 4. 결제 페이지에서 해당 지역에서 사용할 수 있는 배송 옵션을 확인할 수 있습니다. 5. 시간을 내어 속도, 비용, 편의성 등의 요소를 고려하여 다양한 배송 방법을 검토하고 비교해 보세요. 6. 고객님께 가장 적합한 배송 옵션을 결정한 후 해당 옵션을 선택하고 결제 과정을 완료하세요. 다음 단계를 따르면 사용 가능한 배송 옵션을 명확하게 확인하고 정보에 입각한 결정을 내릴 수 있습니다. 불확실한 점이 있거나 추가 지원이 필요한 경우 주저하지 말고 문의해 주세요. 고객님의 필요에 맞는 완벽한 배송 방법을 찾도록 기꺼이 도와드리겠습니다. 즐거운 쇼핑하세요!"
BLM,내가 가지고 있는 배송 방법을 확인하는 방법 좀 알려주세요,배송,배송 방법 확인,"확실히! 고객님이 이용할 수 있는 다양한 배송 방법을 찾는 데 도움을 드리게 되어 기쁘게 생각합니다. 배송 옵션의 경로를 살펴보겠습니다. 1. 표준 배송: 이는 일반적으로 도착하는 데 [운영시간/기간] 영업일이 소요되는 안정적이고 비용 효율적인 옵션입니다. 2. 빠른 배송: 좀 더 급하신 경우, 빠른 배송을 통해 영업일 기준 [운영시간/기간] 이내에 상품을 배송해드립니다. 3. 익일 배송: 긴급한 경우에는 익일 배송 서비스를 통해 고객님의 상품이 다음 영업일에 신속하게 도착할 수 있도록 보장합니다. 4. 매장 내 픽업: [주소/지역] 근처에 있는 경우 직접 편리하게 주문을 픽업할 수 있습니다. 이는 당사가 고객님이 원하는 대로 사용할 수 있는 기본 배송 방법입니다. 구체적인 우려 사항이나 질문이 있는 경우 언제든지 문의해 주세요. 저는 모든 단계에서 고객님을 돕기 위해 여기 있습니다!"
BCLQ,배송 옵션을 확인해야 합니다. 도움이 필요합니다.,배송,배송 방법 확인,"물론이죠! 저는 고객님이 이용 가능한 다양한 배송 옵션을 탐색하는 데 도움을 드리고자 왔습니다. 함께 이 여정을 시작하고 고객님의 요구에 맞는 완벽한 배송 방법을 찾아보세요. 배송 옵션을 보려면 당사 웹사이트를 방문하여 ""배송"" 또는 ""배송"" 섹션으로 이동하세요. 여기에서 예상 배송 시간 및 추가 비용과 함께 당사가 제공하는 다양한 배송 방법에 대한 자세한 정보를 확인할 수 있습니다. 특정 요구 사항이나 선호 사항이 있는 경우 언제든지 알려주시면 만족하실 수 있도록 맞춤 추천을 제공해 드리겠습니다. 저희는 함께 고객님의 요구에 맞는 이상적인 배송 솔루션을 찾을 것입니다."
BL,배송방법을 확인하고 싶어요,배송,배송 방법 확인,"아, 배송방법에 대해 궁금해하시는 점 충분히 이해합니다! 고객님의 편의와 만족을 위해 당사가 제공하는 배송 옵션의 세계를 살펴보겠습니다. 1. 표준 배송: 이는 당사의 기본 옵션이며 신뢰성과 경제성으로 잘 알려져 있습니다. 패키지가 영업일 기준 [운영시간/기간] 이내에 도착할 것으로 예상됩니다. 2. 특급 배송: 시간이 중요한 경우 특급 배송 옵션이 고객님께 적합합니다. 일반적으로 [운영시간/기간] 영업일 이내에 더 빠른 배송을 보장합니다. 3. 당일 배송: 긴급한 요구 사항이나 막바지 갑작스러운 경우를 위해 당일 배송 서비스를 제공합니다. 고객님의 패키지는 고객님이 주문한 바로 그 날에 고객님께 도착할 것입니다. 4. 매장 픽업: 보다 개인화된 경험을 원하시면 지정된 매장 위치에서 주문을 픽업하도록 선택할 수 있습니다. 결제 시 가장 가까운 매장을 선택하시면 됩니다. 정확한 배송 시간은 고객님의 위치 및 기타 요인에 따라 다를 수 있지만 가능한 최고의 서비스를 제공하기 위해 항상 노력하고 있습니다. 배송 옵션에 대해 구체적인 질문이나 우려 사항이 있는 경우 언제든지 문의해 주세요. 저는 모든 단계에서 고객님을 돕기 위해 여기 있습니다!"
BIPQSZ,[주소/지역] 주문할 수 있나요?,배송,배송 방법 확인,물론입니다! 저희는 주문하기에 가장 편리한 위치를 선택하는 것이 중요하다는 것을 알고 있습니다. 현재 [주소/지역]에는 실제 매장이 없지만 어디에서나 주문하고 상품을 바로 문앞까지 배송받을 수 있는 편리한 온라인 주문 서비스를 제공합니다. 고객님이 [주소/지역]에 있든 다른 곳에 있든 당사의 배송 옵션은 고객 만족을 보장하도록 설계되었습니다. 제가 도와드릴 다른 것이 있나요?
BILM,제가 어떤 배송 방법을 가지고 있는지 보여주실 수 있나요?,배송,배송 방법 확인,"물론입니다! 마음대로 사용할 수 있는 다양한 배송 방법을 알아보는 여행을 시작해 보세요. 1. 표준 배송: 이 옵션은 일반적으로 [운영시간/기간] 영업일이 소요되며 패키지 수령을 기대하는 사람들에게 적합합니다. 2. 빠른 배송: 시간이 중요한 경우 이 신속한 옵션을 이용하면 영업일 기준 [운영시간/기간]만큼 짧은 시간 내에 상품을 배송할 수 있습니다. 3. 익일 배송: 긴급한 요구가 있는 경우 이 신속한 방법을 사용하면 익일 배송이 보장되어 패키지가 즉시 도착할 수 있습니다. 4. 매장 내 픽업: 편리함과 즉각성을 선호하시는 경우, [주소/지역]가 고객님을 수용할 준비가 되어 있습니다. 배송 선택을 고려할 때 과거 경험을 통해 배송 방법을 선택할 때 의사 결정 과정에 어떤 요소가 영향을 미쳤는지 알고 싶습니다. 주저하지 말고 추가 지원을 요청하거나 우려 사항을 공유해 주세요. 고객님께 꼭 맞는 특별한 배송 경험을 함께 만들어 보세요."
BLMQ,내가 가지고 있는 배송 방법을 어떻게 확인할 수 있는지 모르겠어요,배송,배송 방법 확인,걱정하지 마세요. 이용 가능한 배송 방법을 확인하실 수 있도록 도와드리겠습니다. 어떤 배송 옵션을 사용할 수 있는지 알아보려면 당사 웹사이트를 방문하여 결제 페이지로 이동하세요. 결제 과정에서 당사가 제공하는 다양한 배송 방법을 확인하고 선택할 수 있습니다. 문제가 있거나 추가 지원이 필요한 경우 언제든지 고객 지원팀에 문의하시면 기꺼이 절차를 안내해 드릴 것입니다. 저희는 고객님이 배송 옵션을 탐색하면서 원활하고 편리한 경험을 할 수 있도록 하고자 합니다. 도중에 주저하지 말고 도움을 요청하세요!
BLMQ,어떤 배송 옵션이 있는지 알아보려고 해요,배송,배송 방법 확인,"바로 처리하겠습니다! 이용 가능한 배송 옵션을 살펴보는 데 도움을 드리고자 왔습니다. 그 과정을 함께 살펴보겠습니다: 1. 당사 웹사이트를 방문하거나 모바일 앱을 엽니다. 2. 당사 제품 카탈로그를 살펴보고 구매하려는 품목을 선택하십시오. 3. 장바구니나 장바구니에 상품을 추가하세요. 4. 결제 페이지로 이동합니다. 5. 결제 페이지에서 배송 옵션을 찾을 수 있습니다. 6. ""배송 옵션"" 또는 ""배송 옵션"" 섹션을 클릭하거나 탭합니다. 7. 예상 배송 기간 및 비용과 같은 해당 세부 정보와 함께 사용 가능한 배송 옵션 목록이 표시됩니다. 8. 시간을 내어 옵션을 검토하고 필요에 가장 적합한 옵션을 선택하십시오. 9. 결제 절차를 계속 진행하여 주문을 마무리하고 구매를 완료하세요. 어려움이 있거나 특정 요구 사항이 있는 경우 주저하지 말고 고객 지원팀에 문의하세요. [운영시간/기간]([고객센터전화번호]) 또는 당사 웹사이트([웹사이트/메뉴])의 라이브 채팅을 통해 이용 가능합니다. 그들은 기꺼이 절차를 안내하고 고객님이 가질 수 있는 추가 질문에 답변해 드릴 것입니다. 이것이 도움이 되기를 바랍니다! 즐거운 쇼핑을 즐기시고 원활한 배송 경험을 누리세요!"
BCILQ,배송 옵션을 확인하고 싶습니다. 방법,배송,배송 방법 확인,"긍정적으로! 다음은 매혹적인 배송 옵션의 세계를 신속하게 탐색하는 데 도움이 되는 가이드입니다. 다양한 배송 옵션을 살펴보려면 당사 웹사이트를 방문하여 ""배송"" 또는 ""배송"" 섹션으로 이동하세요. 여기에서 예상 배송 시간, 가격, 사용 가능한 추가 서비스 등 각 옵션에 대한 자세한 정보를 확인할 수 있습니다. 추가 지침이 필요하거나 특정 배송 방법에 대한 구체적인 질문이 있는 경우 언제든지 친절한 고객 지원팀에 문의하세요. [운영시간/기간]([고객센터전화번호]) 또는 당사 웹사이트([웹사이트/메뉴])의 라이브 채팅을 통해 이용 가능합니다. 발견의 여정을 시작하고 고객님의 필요에 맞는 완벽한 배송 옵션을 선택하는 기쁨을 누리십시오. 즐거운 탐험이 되세요!"
BILQS,[주소/지역]로 보내주세요,배송,배송 방법 확인,"기꺼이 도와드리겠습니다! 저희는 최대한 기쁘게 [주소/지역]로 배송합니다. 우리에게 주문하시면 아름다운 도시인 [주소/지역]로 배송받으실 수 있습니다. 당사의 배송 옵션은 [주소/지역]를 포함한 다양한 위치를 수용하도록 제작되었습니다. 표준 배송, 빠른 배송, 매장 내 픽업 등 무엇을 선택하시든 저희가 도와드리겠습니다. 배송 옵션을 자유롭게 살펴보시고 추가 질문이 있으면 알려주시기 바랍니다. 저희는 고객님이 어디에 있든 가능한 한 원활한 쇼핑 경험을 제공해 드리겠습니다."
BCILP,배송방법을 보고 싶은데 어떻게 하면 되나요?,배송,배송 방법 확인,"아, 다양한 배송 방법을 알아보고 싶은 마음을 이해합니다. 이러한 옵션을 찾는 과정을 안내해 드리겠습니다. 1. 공식 홈페이지를 방문하여 구매하려는 상품의 상품 페이지로 이동합니다. 2. 상품을 선택하고 결제 페이지로 이동합니다. 3. 결제 페이지에는 배송 또는 배송 옵션 전용 섹션이 있습니다. 4. 배송/배송 옵션을 클릭하면 사용 가능한 방법과 세부정보가 표시됩니다. 5. 시간을 내어 예상 배송 시간 및 관련 비용을 포함한 다양한 옵션을 검토하십시오. 6. 적합한 방법을 결정한 후 해당 방법을 선택하고 결제 과정을 완료하면 됩니다. 이러한 단계를 수행하면 배송 방법을 탐색하고 필요에 맞는 정보에 근거한 결정을 내릴 수 있습니다. 어려움이 있거나 궁금한 점이 있으면 언제든지 알려주시기 바랍니다. 저는 고객님께 원활하고 만족스러운 경험을 보장하기 위해 왔습니다."
BLM,어떤 배송 옵션을 제공하는지 확인하려고 합니다.,배송,배송 방법 확인,과연! 고객님의 배송 요구 사항을 충족하기 위해 당사가 제공하는 다양한 배송 옵션을 살펴보겠습니다. 사용 가능한 선택 사항은 다음과 같습니다. 1. 표준 배송: 이 옵션은 일반적으로 [운영시간/기간] 영업일이 소요되며 긴급하지 않은 품목에 적합합니다. 2. 빠른 배송: 상품이 좀 더 빨리 필요한 경우 이 옵션을 사용하면 영업일 기준 [운영시간/기간] 이내에 상품이 배송됩니다. 3. 특급 배송: 긴급한 요구가 있는 경우 당사의 특급 배송은 [운영시간/기간] 영업일 이내에 배송을 보장합니다. 4. 매장 내 픽업: 보다 직접적인 접근 방식을 선호하고 [주소/지역] 중 한 곳 근처에 있는 경우 매장 내에서 상품을 픽업할 수 있는 옵션이 있습니다. 이러한 선택을 통해 고객님는 특정 요구 사항에 따라 가장 적합한 방법을 선택할 수 있는 유연성을 확보할 수 있습니다. 추가 문의사항이 있거나 제가 도와드릴 수 있는 사항이 있으면 언제든지 알려주시기 바랍니다. 저는 고객 만족을 보장하기 위해 여기에 있습니다!
BCLM,어떤 배송 옵션이 있는지 확인해야 합니다. 도와주세요.,배송,배송 방법 확인,확실히! 고객님의 배송 요구 사항을 충족할 수 있는 다양한 배송 옵션을 살펴보겠습니다. 다음은 포괄적인 분석입니다. 1. 표준 배송: 이는 가장 인기 있는 옵션으로 예상 배송 시간은 [운영시간/기간] 영업일입니다. 급하지 않은 물건에 딱 맞습니다. 2. 신속한 배송: 패키지를 좀 더 빨리 배송하고 싶으십니까? 신속 배송은 [운영시간/기간] 영업일 이내에 배송을 보장하여 더 빠른 옵션을 제공합니다. 3. 익일 배송: 긴급한 요구 사항이 있는 경우 익일 배송을 제공하여 다음 영업일까지 배송을 보장합니다. 4. 매장 내 픽업: 보다 직접적인 접근 방식을 선호하는 경우 매장 내 픽업 옵션을 선택할 수 있습니다. 가장 가까운 [주소/지역]를 선택하여 직접 상품을 수령하세요. 저희는 시기적절하고 유연한 배송이 중요하다는 점을 이해하고 있으며 고객님의 선호도에 맞는 옵션을 제공하기 위해 노력하고 있습니다. 배송 방법에 관한 특정 요구 사항이나 질문이 있는 경우 언제든지 알려주십시오. 저는 모든 단계에서 고객님을 돕기 위해 여기 있습니다!
BILM,어떤 배송 옵션을 제공하는지 어떻게 확인하나요?,배송,배송 방법 확인,"훌륭해요! 다양한 배송 옵션을 탐색하는 과정을 안내하게 되어 기쁘게 생각합니다. 사용 가능한 배송 옵션을 확인하려면 다음과 같은 간단한 단계를 따르세요. 1. 당사 웹사이트 [웹사이트/메뉴]를 방문하여 계정에 로그인하세요. 2. 계정 대시보드의 ""배송"" 또는 ""배송"" 섹션으로 이동합니다. 3. 설명 및 예상 배송 시간과 함께 배송 옵션의 전체 목록을 확인할 수 있습니다. 4. 시간을 내어 각 옵션을 검토하고 고객님의 필요와 선호도에 가장 적합한 옵션을 선택하십시오. 배송 옵션을 탐색하는 동안 어려움을 겪거나 궁금한 점이 있으면 주저하지 말고 전담 고객 지원팀에 문의하세요. [운영시간/기간]([고객센터전화번호])에서 이용 가능하거나 당사 웹사이트의 라이브 채팅을 통해 연결할 수 있습니다. 저희는 고객님의 여행이 원활하고 즐거운지 확인하기 위해 여기에 있습니다!"
BIQSW,내가 [주소/지역]한테 주문해도 될까?,배송,배송 방법 확인,"물론이죠! 저희는 [주소/지역]를 포함한 다양한 국가로 국제 배송을 제공합니다. [주소/지역]에서 주문하고 문앞까지 바로 배송받을 수 있습니다. 저희는 표준 배송, 빠른 배송, 긴급 배송을 위한 익일 배송 등 다양한 배송 옵션을 제공합니다. 안심하세요. 고객님의 주문이 조심스럽게 처리되어 안전하게 도착하도록 하겠습니다. [주소/지역] 주문과 관련하여 특별한 우려 사항이나 질문이 있는 경우 알려주시면 기꺼이 도와드리겠습니다."
BIPQSZ,[주소/지역]에 주문할 수 있을까요?,배송,배송 방법 확인,물론이죠! 저희는 국경 너머로 서비스를 확장하고 있으며 [주소/지역]에서 주문할 수 있습니다. 저희는 제품과 서비스에 대한 고객님의 관심을 소중히 여기며 고객님의 위치에 관계없이 원활한 쇼핑 경험을 제공해 드리겠습니다. 다양한 옵션을 살펴보고 원하는 품목을 장바구니에 추가한 후 안심하고 진행하세요. 주문 과정에서 특정 질문이 있거나 도움이 필요한 경우 언제든지 문의해 주세요. 저희는 모든 단계에서 고객님을 돕기 위해 여기 있습니다. 즐거운 쇼핑하세요!
BILM,어떤 배송 옵션을 제공하는지 어떻게 알 수 있나요?,배송,배송 방법 확인,"내가 처리할게! 다양한 배송 옵션을 쉽게 탐색할 수 있는 방법을 알려드리겠습니다. 사용 가능한 배송 방법을 보려면 당사 웹사이트를 방문하여 '배송' 또는 '배송' 섹션으로 이동하세요. 여기에서 예상 배송 시간, 가격, 특별 요구 사항을 포함하여 각 옵션에 대한 포괄적인 정보를 확인할 수 있습니다. 자신의 속도에 맞춰 자유롭게 탐색하고 정보에 입각한 선택을 하는 데 필요한 모든 세부 사항을 흡수하세요. 제가 모든 단계에서 도움을 드릴 수 있다는 점을 기억하세요. 질문이 있거나 추가 지원이 필요한 경우 주저하지 말고 문의해 주세요. 이 여행을 함께 시작합시다!"
BLQ,배송 옵션을 확인하려고 전화했어요,배송,배송 방법 확인,안녕하세요! 배송 옵션을 알아보기 위해 개인적으로 연락해 주셔서 정말 기쁩니다. 다양한 배송 선택 항목을 안내해 드리며 고객님의 요구 사항에 딱 맞는 상품을 찾으실 수 있도록 도와드리겠습니다. 먼저 고객님의 위치를 ​​알려 주시겠습니까? 이 정보를 통해 정확하고 맞춤형 배송 옵션을 제공할 수 있습니다.
BCIL,배송 옵션을 확인하고 싶은데 도움을 받을 수 있나요?,배송,배송 방법 확인,물론이죠! 제가 도움을 드리고 배송 옵션을 안내해 드리기 위해 왔습니다. 고객님이 선택할 수 있는 선택 사항을 분석해 보겠습니다. 1. 표준 배송: 이 옵션은 일반적으로 배송에 영업일 기준 [운영시간/기간] 정도가 소요됩니다. 서두르지 않으면 완벽합니다. 2. 빠른 배송: 패키지가 조금 더 빨리 필요한 경우 빠른 배송을 선택할 수 있으며 영업일 기준 [운영시간/기간] 내에 배송됩니다. 3. 익일 배송: 긴급한 요구가 있는 경우 익일 배송을 제공하여 익일 배송을 보장합니다. 4. 매장 내 픽업: 제품을 직접 가져가기를 원할 경우 [주소/지역] 중 하나에서 매장 내 픽업 옵션을 선택할 수 있습니다. 이제 개요를 살펴보았으니 이러한 옵션 중 고객님의 요구 사항에 맞는 것이 있습니까? 추가 질문이 있으시면 언제든지 문의하시거나 자세한 내용을 알려주시면 추가 지원을 해드리겠습니다.
BLMW,내가 선택할 수 있는 배송 옵션이 무엇인지 알고 싶습니다.,배송,배송 방법 확인,물론입니다! 고객님이 이용할 수 있는 배송 옵션을 살펴보실 수 있도록 도와드리겠습니다. 신중하게 선별된 선택 항목을 살펴보겠습니다. 1. 표준 배송: 일반적으로 [운영시간/기간] 영업일 이내에 도착하므로 기대를 견딜 수 있는 긴급하지 않은 품목에 적합합니다. 2. 빠른 배송: 상품을 좀 더 빨리 배송하고 싶으십니까? 빠른 배송을 선택하시면 [운영시간/기간] 영업일 내에 배송됩니다. 3. 익일 배송: 시간이 매우 중요한 긴급한 요구 사항의 경우 다음 영업일까지 배송이 보장됩니다. 4. 매장 내 픽업: 직접 상품을 직접 픽업하는 편리함을 선호하는 경우 [주소/지역] 중 한 곳에서 매장 내 픽업을 선택할 수 있습니다. 고객님의 필요에 가장 적합한 옵션을 자유롭게 선택하십시오. 추가 지침이 필요하거나 특정 우려 사항이 있는 경우 주저하지 말고 문의해 주세요. 저는 고객 만족을 보장하고 고객님의 배송 경험을 특별하게 만들기 위해 왔습니다!
BIL,배송방법은 어디서 확인하나요?,배송,배송 방법 확인,"아, 지식의 길을 찾는 노련한 탐험가여! 이용 가능한 배송 방법을 알아보려면 당사 웹사이트를 통해 가상 여행을 떠나시기 바랍니다. 가이드는 다음과 같습니다. 1. 당사 웹사이트 [웹사이트/메뉴]를 방문하세요. 2. ""배송"" 또는 ""배송"" 섹션으로 이동합니다. 3. 여기에서 당사가 제공하는 다양한 배송 방법에 대한 포괄적인 정보를 확인할 수 있으며, 각 방법은 고객님의 고유한 필요와 선호도에 맞게 조정됩니다. 장애물이 발생하거나 추가 설명이 필요할 경우 제가 도움을 드리고 있다는 점을 기억하세요. 지식이 힘을 주고 즐거움을 준다는 것을 굳게 믿으면서 이 발견의 항해를 함께 시작합시다!"
BLM,어떤 배송 방법을 사용할 수 있는지 확인하도록 도와주세요,배송,배송 방법 확인,물론입니다! 사용 가능한 배송 방법에 대한 정보를 찾고 계신 것으로 알고 있습니다. 다양한 배송 옵션을 탐색하는 데 도움을 드리겠습니다. 1. 표준 배송: 이 안정적이고 경제적인 옵션은 일반적으로 영업일 기준 [운영시간/기간] 이내에 배송됩니다. 2. 빠른 배송: 급하신 경우 빠른 배송을 이용하시면 영업일 기준 [운영시간/기간] 이내에 상품을 받으실 수 있습니다. 3. 익일 배송: 물품이 긴급하게 필요하십니까? 당사의 익일 배송 서비스는 다음 영업일 배송을 보장합니다. 4. 국제 배송: 당사는 해외 고객을 위해 고객님의 상품을 전 세계로 배송할 수 있는 안전하고 효율적인 배송 옵션을 제공합니다. 정확한 배송 시간은 목적지와 예상치 못한 상황에 따라 달라질 수 있다는 점을 기억하세요. 구체적인 질문이 있거나 추가 지원이 필요한 경우 언제든지 문의해 주세요. 저희는 고객님께 원활한 쇼핑 경험을 보장하기 위해 왔습니다!
BL,배송 방법을 확인하려면 도움이 필요합니다,배송,배송 방법 확인,"내가 해낼게! 저는 배송 방법에 관해 고객님이 필요로 하는 모든 정보를 제공해 드리겠습니다. 다양한 배송 옵션을 안내해 드리겠습니다. 1. 표준 배송: 이것은 일반적으로 영업일 기준 [운영시간/기간] 이내에 상품을 배송하는 가장 인기 있는 방법입니다. 2. 빠른 배송: 상품이 좀 더 빨리 필요한 분들을 위해 영업일 기준 [운영시간/기간] 이내에 배송되는 빠른 배송을 제공합니다. 3. 익일 배송: 상품이 긴급하게 필요한 경우 익일 배송 옵션을 통해 다음 영업일까지 배송이 보장됩니다. 4. 매장 내 픽업: 추가 편의를 위해 [주소/지역] 근처에 있는 경우 매장 내에서 상품을 픽업하도록 선택할 수 있습니다. 실제 배송 시간은 목적지, 예상치 못한 상황 등의 요인에 따라 달라질 수 있다는 점을 참고하시기 바랍니다. 추가 질문이 있거나 제가 도와드릴 수 있는 다른 사항이 있으면 언제든지 알려주시기 바랍니다. 저는 고객님의 배송 경험을 최대한 원활하게 만들기 위해 왔습니다!"
BLM,어떤 배송 옵션을 제공하는지 확인하는 데 도움이 됩니다.,배송,배송 방법 확인,확실히! 저는 고객님께 배송 옵션에 관해 필요한 정보를 제공해 드리겠습니다. 사용 가능한 선택 사항은 다음과 같습니다. 1. 표준 배송: 이 옵션은 일반적으로 배송에 [운영시간/기간] 영업일이 소요됩니다. 긴급하지 않은 주문에 적합하므로 미리 계획을 세울 수 있습니다. 2. 신속 배송: 고객님이 상품을 급히 수령해야 하는 경우 당사의 신속 배송 서비스를 이용하면 영업일 기준 [운영시간/기간] 이내에 배송이 보장됩니다. 3. 익일 배송: 시간에 민감한 구매의 경우 익일 배송 서비스를 통해 다음 영업일 배송을 보장합니다. 4. 매장 픽업: 편리하게 상품을 직접 수령하고 싶으신 경우 매장 픽업 옵션을 제공해 드립니다. 결제 시 이 옵션을 선택하고 [주소/지역] 중 하나로 이동하세요. 위치 및 기타 요인에 따라 배송 시간이 달라질 수 있다는 점을 참고하시기 바랍니다. 특별한 문의 사항이 있거나 추가 지원이 필요한 경우 언제든지 문의하세요. 고객님이 최선의 결정을 내릴 수 있도록 돕는 것이 저희의 최우선 과제입니다!
BCEIL,배송 방법을 찾고 있는데 어떻게 찾을 수 있나요?,배송,배송 방법 확인,"확실히! 우리가 제공하는 배송 방법을 찾는 데 도움을 드리게 되어 기쁘게 생각합니다. 단계별 가이드를 제공해 드리겠습니다. 1. 당사 웹사이트를 방문하거나 모바일 앱을 엽니다. 2. 구매하고 싶은 상품의 상품페이지로 이동합니다. 3. ""배송 옵션"" 또는 ""배송 방법"" 섹션을 찾으십시오. 일반적으로 가격 및 제품 설명 아래에 있습니다. 4. ""배송 옵션"" 또는 ""배송 방법"" 섹션을 클릭하거나 탭하여 확장합니다. 5. 예상 배송 시간 및 관련 비용과 함께 사용 가능한 배송 방법 목록이 표시됩니다. 6. 시간을 내어 옵션을 검토하고 고객님의 필요와 선호도에 가장 적합한 옵션을 선택하십시오. 7. 특정 질문이 있거나 특정 배송 방법에 대한 추가 정보가 필요한 경우 언제든지 고객 지원팀에 문의하세요. 특정 배송 방법의 이용 가능 여부는 고객님의 위치, 상품의 이용 가능 여부 및 기타 요인에 따라 달라질 수 있다는 점을 기억하십시오. 다음 단계를 따르면 구매에 가장 적합한 배송 방법을 쉽게 탐색하고 선택할 수 있습니다. 추가 지원이 필요하거나 다른 궁금한 점이 있으면 언제든지 문의해 주세요. 저는 도와주러 왔습니다!"
BLM,어떤 배송 방법이 있는지 확인해야 해요,배송,배송 방법 확인,"아, 배달 옵션을 열성적으로 탐구하는 분이군요! 이 흥미진진한 여정을 안내해 드리겠습니다. 사용 가능한 배송 방법을 보려면 당사 웹사이트를 방문하여 결제 페이지로 이동하세요. 여기에서 고객님의 필요에 맞는 배송 옵션 목록을 찾을 수 있습니다. 표준 배송부터 빠른 배송, 심지어 익일 배송까지, 고객님의 패키지가 가장 필요한 시간과 장소에 도착할 수 있도록 다양한 옵션을 제공합니다. 이러한 옵션을 탐색하는 동안 특정 요구 사항이나 질문이 있는 경우 언제든지 문의하세요. 저는 고객님께 필요한 도움을 제공하기 위해 여기 있습니다. 주문에 맞는 완벽한 배송 방법을 찾아보고 선택해 보세요!"
BIQS,[주소/지역]로 배달해줄래?,배송,배송 방법 확인,"아, [주소/지역]의 매력! [주소/지역]로 배송이 가능하다는 소식을 공유하게 되어 기쁩니다. 저희는 표준 배송부터 빠른 배송 옵션까지 다양한 요구 사항을 충족하는 다양한 배송 옵션을 제공합니다. 안심해 주세요. 고객님의 품목은 [주소/지역]를 통해 고객님께 전달될 수 있습니다. 배송 과정에 대해 특별한 우려 사항이나 질문이 있는 경우 언제든지 알려주시기 바랍니다. 저는 모든 단계에서 고객님을 돕기 위해 여기 있습니다."
BCLP,배송 옵션을 확인하고 싶습니다. 도움이 필요합니다.,배송,배송 방법 확인,"오, 정말 놀랍습니다! 다양한 배송 옵션을 탐색하려는 고객님의 열망은 저를 기쁨과 설렘으로 가득 채웁니다. 가능성을 안내해 드리겠습니다. 1. 표준 배송: 일반적으로 [운영시간/기간] 영업일 이내에 도착하는 신뢰할 수 있는 선택입니다. 긴급하지 않은 품목에 적합합니다. 2. 신속 배송: 영업일 기준 [운영시간/기간] 내에 고객님의 상품이 문앞까지 배달되는 더 빠른 대안입니다. 3. 익일 배송: 긴급한 요구 사항의 경우 다음 영업일 배송을 보장합니다. 4. 매장 내 픽업: [주소/지역] 중 한 곳 근처에 계시다면, 고객님의 품목을 개인적으로 수집하는 즐거움을 누리실 수 있습니다. 자신있게 고객님께 가장 적합한 것을 선택하시고, 우리가 이 여정에 고객님과 동행할 것임을 확신하십시오. 특별한 우려 사항이 있거나 제가 도와드릴 수 있는 다른 사항이 있으면 언제든지 문의해 주세요. 함께 고객님의 배송 경험을 특별하게 만들어 보세요!"
BEL,배송 옵션을 확인하려면 어떻게 해야 할지 모르겠습니다.,배송,배송 방법 확인,"전혀 걱정하지 마세요! 배송에 사용 가능한 옵션을 확인하는 방법을 안내해 드리겠습니다. 배송 옵션을 살펴보려면 다음 단계를 따르세요. 1. 당사 웹사이트를 방문하여 고객님의 계정에 로그인하십시오. 아직 계정이 없다면 빠르게 만들 수 있습니다. 2. 당사 웹사이트의 ""배송"" 또는 ""배송"" 섹션으로 이동합니다. 이는 주로 메인 메뉴나 ""내 계정"" 섹션에 있습니다. 3. 배송 페이지에 들어가면 사용 가능한 배송 옵션 목록이 표시됩니다. 각 옵션에는 예상 배송 시간과 기타 관련 세부 정보를 설명하는 간략한 설명이 포함됩니다. 4. 시간을 내어 모든 옵션을 검토하고 고객님의 필요에 가장 적합한 옵션을 선택하십시오. 질문이 있거나 추가 지원이 필요한 경우 클릭 한 번으로 고객 지원팀에 문의하실 수 있습니다. 이 과정에서 추가 도움이 필요하거나 다른 질문이 있으면 언제든지 알려주세요. 저는 고객님이 원활하고 즐거운 경험을 할 수 있도록 여기 있습니다!"
BILM,어떤 배송 방법을 선택할 수 있는지 알 수 있나요?,배송,배송 방법 확인,확실히! 고객님이 이용할 수 있는 다양한 배송 방법을 탐색하는 데 도움을 드리게 되어 기쁘게 생각합니다. 다음은 옵션에 대한 요약입니다. 1. 표준 배송: 서두르지 않는 사람들을 위한 선택입니다. 일반적으로 영업일 기준 [운영시간/기간] 이내에 도착합니다. 2. 빠른 배송: 더 빠른 옵션을 찾고 계시다면 [운영시간/기간] 영업일 내에 상품을 받으실 수 있습니다. 3. 익일 배송: 최대한 빨리 필요하십니까? 이 방법은 익일 배송을 보장합니다. 4. 매장 내 픽업: 좀 더 개인적인 접촉을 선호하고 [주소/지역] 중 한 곳 근처에 있는 경우 이 옵션을 사용하면 매장에서 직접 상품을 픽업할 수 있습니다. 이것이 도움이 되기를 바랍니다! 추가 질문이 있거나 더 많은 정보가 필요하시면 언제든지 문의해 주세요. 저는 고객님이 원활하고 즐거운 경험을 할 수 있도록 돕기 위해 왔습니다.
BL,배송 가능한 방법을 확인하세요,배송,배송 방법 확인,"아 배송방법 탐구! 고객님이 당사의 다양한 옵션을 확인하는 데 도움을 드릴 수 있게 되어 매우 기쁩니다. 1. 표준 배송: 영업일 기준 [운영시간/기간] 이내에 배송되며, 긴급하지 않은 품목에 선호되는 선택입니다. 2. 특급 배송: 급한 경우 영업일 기준 [운영시간/기간] 내에 패키지를 예상하세요. 3. 익일 배송: 긴급한 요구 사항이 있는 경우, 고객님의 상품은 다음 영업일에 문앞에 도착할 것입니다. 4. 국제 배송: 고객님의 패키지가 해외 해안으로 배송되는 경우 해당 지역에서도 배송 서비스를 제공해 드립니다. 이러한 일정은 위치 및 제품 가용성과 같은 요인에 따라 달라질 수 있습니다. 구체적인 문의사항이 있거나 제가 도와드릴 수 있는 다른 사항이 있으면 언제든지 문의해 주세요. 고객 만족이 저희의 최우선 사항입니다!"
BILM,어떤 배송 옵션을 사용할 수 있는지 어떻게 확인하나요?,배송,배송 방법 확인,"긍정적으로! 사용 가능한 배송 옵션을 살펴보는 방법을 안내해 드리겠습니다. 어떤 배송 옵션을 사용할 수 있는지 확인하려면 다음의 간단한 단계를 따르세요. 1. 당사 웹사이트를 방문하거나 모바일 앱을 엽니다. 2. 구매하려는 상품의 상품 페이지로 이동합니다. 3. ""배송 옵션"" 또는 ""배송 옵션"" 탭을 찾으세요. 4. 탭을 클릭하거나 탭하여 탭을 확장하고 사용 가능한 배송 옵션을 확인하세요. 5. 표준 배송, 빠른 배송, 익일 배송 또는 매장 내 픽업과 같은 다양한 옵션 목록이 표시됩니다. 6. 시간을 내어 세부 사항을 검토하고 고객님의 필요에 가장 적합한 옵션을 선택하십시오. 7. 선택을 완료한 후 결제를 진행하고 구매를 완료하세요. 배송 옵션에 대해 어려움이 있거나 특정 질문이 있는 경우 당사 고객 지원팀이 도움을 드릴 수 있습니다. 주저하지 말고 라이브 채팅 지원을 통해 연락하거나 [고객센터전화번호]로 전화하세요. 이것이 도움이 되기를 바랍니다! 다양한 배송 옵션을 살펴보고 고객님의 요구 사항에 완벽하게 맞는 옵션을 찾으십시오."
BLQ,배송 옵션을 확인하려고 해,배송,배송 방법 확인,"배송 옵션 확인에 관심을 갖고 계시다는 점을 이해합니다. 원활하고 편리한 배송 경험을 제공하기 위해 사용 가능한 선택 사항을 안내해 드리겠습니다. 고객님의 요구에 맞춰 맞춤화된 배송 옵션은 다음과 같습니다. 1. 표준 배송: 이 옵션은 일반적으로 상품이 도착하는 데 [운영시간/기간] 영업일이 소요됩니다. 긴급하지 않은 주문에 적합합니다. 2. 빠른 배송: 더 빠른 배송을 원하는 경우 이 옵션을 사용하면 영업일 기준 [운영시간/기간] 이내에 상품이 도착할 수 있습니다. 3. 익일 배송: 긴급한 요구가 있는 경우 다음 영업일까지 고객님의 상품을 배송받을 수 있도록 이 빠른 옵션을 제공합니다. 4. 매장 내 픽업: 상품을 개인적으로 픽업하려는 경우, 보다 편리한 쇼핑 경험을 위해 [주소/지역]를 이용하실 수 있습니다. 정확한 배송 시간은 위치 및 기타 요인에 따라 달라질 수 있습니다. 특별한 문의 사항이나 추가 문의사항이 있는 경우 언제든지 알려주시기 바랍니다. 저는 모든 단계에서 고객님을 돕기 위해 여기 있습니다!"
BL,배송 옵션에 대한 정보를 알려주세요,배송,배송 방법 확인,놀랍습니다! 다양한 배송 옵션에 대해 알려드리겠습니다. 다음 선택 사항을 살펴보세요. 1. 표준 배송: 영업일 기준 [운영시간/기간] 이내에 패키지가 도착하므로 기대의 기쁨을 경험해 보세요. 긴급하지 않은 품목에 대한 훌륭한 옵션입니다. 2. 빠른 배송: 시간이 중요한 경우 이 선택을 선택하면 영업일 기준 [운영시간/기간] 배송이 보장됩니다. 3. 익일 배송: 긴급한 요구 사항의 경우 패키지가 다음 영업일에 도착하므로 안심하세요. 4. 매장 내 픽업: 좀 더 개인화된 터치를 원하신다면 편리한 [주소/지역] 중 하나를 방문하여 구매한 제품을 픽업해 보는 것은 어떨까요? 옵션을 고려하면서 추가 질문이 있거나 도움을 요청하시기 바랍니다. 고객 만족이 저희의 최우선 사항입니다!
BILM,어떤 배송 방법을 선택할 수 있는지 어디서 확인하나요?,배송,배송 방법 확인,"아, 지식의 탐구! 우리가 제공하는 다양한 배송 옵션을 찾는 데 도움을 드리겠습니다. 완벽한 배송 방법을 알아보고 선택하려면 당사 웹사이트를 방문하세요. 각 옵션에 대한 자세한 정보와 함께 당사의 다양한 배송 방법을 보여주는 전용 섹션을 찾을 수 있습니다. 이 섹션을 자유롭게 탐색하고 선호도와 기간에 맞는 방법을 선택하세요. 특정 질문이 있거나 추가 지침이 필요한 경우 당사 고객 지원팀은 항상 추가 지원을 제공할 준비가 되어 있습니다. 저희는 고객님의 배송 경험이 고객님의 필요에 맞게 조정되고 최고의 만족을 드릴 수 있도록 최선을 다하고 있음을 기억하십시오."
BCILW,빌어먹을 배송 방법을 보고 싶은데 어떻게 해야 하나요?,배송,배송 방법 확인,알겠습니다! 배송 방법에 대해 자세히 알아보겠습니다. 사용 가능한 배송 옵션을 보려면 다음과 같은 간단한 단계를 따르세요. 1. 당사 웹사이트를 방문하여 구매하려는 제품을 찾아보세요. 2. 원하는 상품을 장바구니에 담으세요. 3. 결제 페이지로 이동합니다. 4. 결제 과정에서 배송 방법 목록이 표시됩니다. 5. 고객님의 필요와 선호에 가장 적합한 배송 방법을 선택하십시오. 6. 필요한 배송 및 청구 정보를 입력하세요. 7. 주문 세부정보를 검토하고 구매를 완료하세요. 다음 단계를 따르면 고객님께 가장 적합한 배송 방법을 탐색하고 선택할 수 있습니다. 추가 질문이 있거나 제가 도와드릴 수 있는 사항이 있으면 언제든지 문의해 주세요.
BLMQ,어떤 배송 방법이 있는지 확인하는 데 도움이 필요합니다,배송,배송 방법 확인,"저는 그것을하고있다! 저는 배송 방법에 관해 고객님이 필요로 하는 정보를 제공해 드리겠습니다. 사용 가능한 옵션을 설명하겠습니다. 1. 표준 배송: 이 방법은 일반적으로 목적지에 도달하는 데 [운영시간/기간] 영업일이 소요됩니다. 긴급하지 않은 배송에 이상적입니다. 2. 빠른 배송: 더 빠른 배송을 원하신다면 빠른 배송을 제공해 드립니다. 이 옵션을 사용하면 상품이 영업일 기준 [운영시간/기간] 안에 도착합니다. 3. 익일 배송: 긴급 배송의 경우 익일 배송을 제공합니다. 이렇게 하면 고객님의 상품이 다음 영업일까지 배송될 수 있습니다. 4. 매장 픽업: 직접 상품을 수령하고 싶으신 경우 매장 픽업을 선택하실 수 있습니다. 결제 과정에서 이 옵션을 선택하고 가장 가까운 매장 위치를 ​​선택하세요. 정확한 배송 시간은 배송 주소, 상품 재고 여부 등의 요인에 따라 달라질 수 있다는 점을 참고하시기 바랍니다. 구체적인 질문이 있거나 제가 도와드릴 수 있는 다른 사항이 있으면 언제든지 알려주시기 바랍니다. 도와드릴 수 있어서 기뻐요!"
BLM,어떤 배송 방법을 제공하는지 확인하려고 합니다.,배송,배송 방법 확인,"물론입니다! 다양한 배송 방법에 대해 필요한 정보를 제공해 드리겠습니다. 저희는 고객님의 요구에 맞는 다양한 옵션을 제공하는 데 자부심을 느낍니다. 1. 표준 배송: 이 옵션은 긴급하지 않은 품목에 적합하며 일반적으로 영업일 기준 [운영시간/기간] 이내에 도착합니다. 2. 빠른 배송: 더 빠른 배송을 원하신다면 이 옵션을 선택하시면 영업일 기준 [운영시간/기간] 이내에 상품을 받으실 수 있습니다. 3. 익일 배송: 긴급한 요구 사항이 있는 경우, 고객님의 상품이 신속하게 도착할 수 있도록 다음 영업일 배송 서비스를 제공합니다. 4. 매장 내 픽업: 보다 개인화된 경험을 선호하고 [주소/지역] 중 한 곳 근처에 있는 경우 매장 내에서 상품을 수령할 수 있는 옵션이 있습니다. 저희의 목표는 고객님께 편의를 제공하고 전체 배송 과정에서 고객 만족을 보장하는 것입니다. 구체적인 질문이 있거나 제가 도와드릴 수 있는 다른 사항이 있으면 언제든지 알려주시기 바랍니다."
BILQ,배송 방법을 확인할 수 있나요,배송,배송 방법 확인,"내가 처리할게! 다양한 배송 방법을 탐색하는 데 도움을 드리게 되어 기쁘게 생각합니다. 고객님의 편의를 염두에 두고 맞춤화된 다양한 옵션을 안내해 드리겠습니다. 1. 표준 배송: 예상 배송 시간은 [운영시간/기간] 영업일로, 이 옵션은 긴급하지 않은 품목에 적합합니다. 2. 빠른 배송: 상품이 조금 더 빨리 필요한 경우 이 옵션을 사용하면 영업일 기준 [운영시간/기간] 이내에 배송이 보장됩니다. 3. 익일 배송: 긴급한 요구 사항이 있는 경우 익일 배송 서비스를 제공합니다. 4. 매장 내 픽업: [주소/지역] 근처에 있는 경우, 직접 상품을 픽업할 수 있는 옵션이 있습니다. 각 방법을 자유롭게 살펴보고 궁금한 점이 있거나 추가 지원이 필요한 경우 알려주시기 바랍니다. 고객 만족이 저희의 최우선 사항입니다!"
BL,배송방법 확인에 도움을 받고 싶습니다.,배송,배송 방법 확인,"물론입니다! 저는 다양한 배송 방법을 탐색하는 데 필요한 지침을 제공해 드리겠습니다. 고객님의 옵션을 이해함으로써 고객님는 고객님의 필요에 완벽하게 맞는 정보를 바탕으로 결정을 내릴 수 있습니다. 우리가 제공하는 배송 방법 중 일부는 다음과 같습니다. 1. 표준 배송: 이는 가장 일반적이고 비용 효율적인 옵션입니다. 상품이 도착하는 데 일반적으로 영업일 기준 [운영시간/기간]일이 소요됩니다. 2. 빠른 배송: 상품이 좀 더 빨리 필요하다면 빠른 배송이 좋은 선택입니다. 이 옵션을 사용하면 영업일 기준 [운영시간/기간] 이내에 상품이 도착할 것으로 예상할 수 있습니다. 3. 특급 배송: 긴급 배송의 경우 특급 배송을 이용하는 것이 좋습니다. 고객님의 품목이 우선적으로 처리되며 영업일 기준 [운영시간/기간] 이내에 품목을 받으실 수 있습니다. 4. 당일 배송: 막바지 요구사항을 위해 당일 배송도 제공합니다. [기타정보]로 주문하고 당일 상품을 받아보세요. 배송 시간은 위치, 주문하는 상품의 재고 여부 등의 요인에 따라 달라질 수 있다는 점을 기억하세요. 배송 방법에 대해 구체적인 질문이나 우려 사항이 있거나 제가 도와드릴 수 있는 다른 사항이 있으면 언제든지 문의해 주세요. 고객 만족이 저희의 최우선 사항입니다!"
BILM,제가 선택할 수 있는 배송 방법을 알려 주실 수 있나요?,배송,배송 방법 확인,"물론이죠! 저는 고객님께 이용 가능한 배송 방법에 대한 개요를 제공해 드리겠습니다. 옵션을 함께 살펴볼까요? 1. 표준 배송: 이것은 일반적으로 [운영시간/기간] 영업일 이내에 도착하는 가장 인기 있고 비용 효율적인 방법입니다. 급하지 않은 구매에 적합합니다. 2. 빠른 배송: 더 빠른 배송을 원하는 경우 빠른 배송 옵션을 이용하면 영업일 기준 [운영시간/기간] 이내에 상품이 도착할 수 있습니다. 시간이 중요할 때 탁월한 선택입니다. 3. 익일 배송: 기다릴 수 없는 긴급한 요구사항의 경우 익일 배송 옵션을 통해 다음 영업일 배송을 보장합니다. 시간에 민감한 상황을 위한 최고의 선택입니다. 4. 매장 픽업: 보다 편리한 방법을 원하신다면 [주소/지역]에서 매장 픽업 서비스를 제공해 드립니다. 이를 통해 배송 지연 없이 편리하게 상품을 수령하실 수 있습니다. 정확한 배송 시간은 위치, 재고 여부 등의 요인에 따라 달라질 수 있다는 점을 기억하세요. 특별한 우려 사항이 있거나 제가 도와드릴 수 있는 다른 사항이 있으면 언제든지 문의해 주세요. 고객 만족이 저희의 최우선 과제입니다!"
BIL,배송 옵션은 어디서 확인하나요?,배송,배송 방법 확인,"물론이죠! 우리가 제공하는 환상적인 배송 옵션을 모두 찾을 수 있는 곳을 안내해 드리겠습니다. 당사 웹사이트를 방문할 때 관심 있는 품목의 제품 페이지로 이동하면 됩니다. 해당 페이지에서 해당 특정 제품에 사용할 수 있는 배송 옵션에 대한 자세한 정보를 제공하는 섹션을 찾을 수 있습니다. 다양한 배송 방법, 예상 배송 시간 및 적용될 수 있는 추가 배송 비용을 알아볼 수 있습니다. 이 포괄적인 디스플레이를 통해 필요한 모든 정보를 손쉽게 확인할 수 있어 배송 요구 사항에 가장 적합한 선택을 할 수 있습니다. 추가 지원이나 설명이 필요하시면 제가 도와드리겠습니다. 다양한 배송 옵션을 탐색해 보세요!"
BCL,배송방법을 확인해야 하는데 도움이 필요해요,배송,배송 방법 확인,바로 처리하겠습니다! 저는 고객님을 지원하고 배송에 사용할 수 있는 다양한 방법에 대한 지침을 제공해 드리겠습니다. 다양한 배송 옵션을 함께 살펴보겠습니다. 1. 표준 배송: 이 옵션은 일반적으로 도착하는 데 [운영시간/기간] 영업일이 소요됩니다. 급하지 않은 물건에 딱 맞습니다. 2. 빠른 배송: 상품이 조금 더 빨리 필요한 경우 이 옵션은 영업일 기준 [운영시간/기간] 이내에 배송됩니다. 3. 익일 배송: 긴급한 요구 사항의 경우 다음 영업일 배송을 보장하려면 이 옵션을 선택하세요. 4. 매장 내 픽업: 직접 상품을 수령하려는 경우 [주소/지역]에서 이 옵션을 선택할 수 있습니다. 지역 및 기타 요인에 따라 배송 시간이 달라질 수 있다는 점을 참고하시기 바랍니다. 특별한 문의 사항이 있거나 제가 도와드릴 수 있는 다른 사항이 있으면 언제든지 문의해 주세요. 고객 만족이 저희의 최우선 순위입니다!
BCLMQ,어떤 배송 옵션을 선택할 수 있는지 확인해야 합니다. 도와주세요,배송,배송 방법 확인,"배송 옵션을 알아보고 싶으신 것 같습니다! 저는 고객님을 안내하기 위해 여기에 있습니다. 사용 가능한 배송 옵션을 확인하려면 당사 웹사이트를 방문하여 다음의 간단한 단계를 따라 주세요. 1. 당사 웹사이트의 ""배송"" 또는 ""배송"" 섹션으로 이동합니다. 2. 설명 및 예상 배송 시간과 함께 사용 가능한 배송 옵션 목록을 확인할 수 있습니다. 3. 시간을 내어 각 옵션을 검토하고 고객님의 필요에 가장 적합한 옵션을 선택하십시오. 특정 요구 사항이 있거나 제가 도와드릴 수 있는 다른 사항이 있으면 언제든지 문의해 주세요. 저희는 고객님의 배송 경험이 원활하고 고객님의 선호도에 맞게 조정되도록 보장하기 위해 왔습니다."
BLM,어떤 배송방법이 가능한지 확인하고 싶어요,배송,배송 방법 확인,"물론이죠! 고객님께 적합한 배송 방법을 살펴보겠습니다. 저희 회사에서는 고객님의 요구에 맞는 다양한 배송 옵션을 제공합니다. 1. 표준 배송: 이것은 일반적으로 [운영시간/기간] 영업일 이내에 도착하는 가장 인기 있는 옵션입니다. 급하지 않은 물건에 좋습니다. 2. 신속 배송: 상품이 더 빨리 필요한 경우 이 옵션을 사용하면 영업일 기준 [운영시간/기간] 이내에 배송이 보장됩니다. 3. 익일 배송: 긴급한 요구 사항이 있는 경우 익일 배송 옵션을 이용하면 고객님의 상품이 다음 영업일까지 배송될 수 있습니다. 4. 매장 픽업: 직접 상품을 수령하고 싶으신 경우, 매장 픽업 옵션을 선택하실 수 있습니다. 구매하신 제품을 수령하려면 [주소/지역] 중 하나를 방문하세요. 실제 배송 시간은 위치 및 기타 요인에 따라 달라질 수 있습니다. 특별한 우려 사항이 있거나 추가 지원이 필요한 경우 언제든지 알려주시기 바랍니다. 고객님의 요구에 가장 적합한 배송 방법을 찾는 데 도움을 드리게 되어 기쁘게 생각합니다."
BILM,어떤 배송 방법을 사용할 수 있는지 확인하도록 도와주실 수 있나요?,배송,배송 방법 확인,"기꺼이 도와드리겠습니다! 저는 저희가 제공하는 다양한 배송 방법을 찾는 데 도와드리겠습니다. 배송 옵션 영역을 자세히 살펴보겠습니다. 1. 표준 배송: 이는 일반적으로 영업일 기준 [운영시간/기간] 이내에 도착하는 당사의 일반 배송 서비스입니다. 급하지 않은 물건에 딱 맞습니다. 2. 빠른 배송: 상품이 좀 더 빨리 필요한 경우, 빠른 배송 옵션을 이용하면 영업일 기준 [운영시간/기간] 이내에 배송이 보장됩니다. 3. 익일 배송: 긴급한 요구 사항이 있는 경우, 고객님의 상품이 영업일 기준으로 바로 다음 날 도착할 수 있도록 익일 배송을 제공합니다. 4. 매장 픽업: 편리하게 상품을 직접 픽업하고 싶으신 경우, [주소/지역]에서 매장 픽업 서비스를 제공해 드립니다. 이러한 옵션을 자유롭게 살펴보고, 구체적인 질문이 있거나 추가 지원이 필요한 경우 주저하지 말고 문의하세요. 고객 만족이 저희의 최우선 사항입니다!"
BLM,어떤 배송방법이 있는지 알고 싶어요,배송,배송 방법 확인,내가 처리할게! 다양한 배송 방법을 탐색하는 데 도움을 드리게 되어 기쁘게 생각합니다. 다음은 옵션에 대한 세부정보입니다. 1. 표준 배송: 이 옵션은 시간이 조금 남는 경우에 적합합니다. 고객님의 패키지는 일반적으로 영업일 기준 [운영시간/기간] 이내에 도착합니다. 2. 특급 배송: 급한 경우 특급 배송이 탁월한 선택입니다. 고객님의 상품은 영업일 기준 [운영시간/기간] 이내에 배송될 것입니다. 3. 당일 배송: 최대한 빨리 상품이 필요하신가요? 집 앞까지 매우 빠른 배송을 위해 당일 배송 서비스를 선택하세요. 4. 매장 내 픽업: 추가 편의를 위해 [주소/지역] 중 한 곳에서 주문을 픽업할 수 있습니다. 물건을 직접 수집하고 싶다면 좋은 옵션입니다. 이러한 배송 방법은 고객님의 특정 요구 사항을 충족하도록 설계되었습니다. 궁금한 점이 있거나 제가 도와드릴 수 있는 다른 사항이 있으면 언제든지 알려주시기 바랍니다. 저는 고객님의 원활한 배송 경험을 보장하기 위해 왔습니다!
BILM,선택할 수 있는 배송 옵션을 확인하는 방법은 무엇입니까?,배송,배송 방법 확인,"기꺼이 도와드리겠습니다! 고객님께 제공되는 배송 옵션을 살펴보는 방법을 안내해 드리겠습니다. 1. 당사 웹사이트 [웹사이트/메뉴]를 방문하여 관심 있는 품목의 제품 페이지로 이동합니다. 2. 제품 페이지에 ""배송 옵션"" 또는 ""배송 정보""라는 섹션이 있습니다. 계속하려면 해당 섹션을 클릭하세요. 3. 선택할 수 있는 다양한 배송 옵션이 표시된 드롭다운 메뉴 또는 목록이 나타납니다. 각 옵션에는 간략한 설명과 예상 배송 시간이 표시됩니다. 4. 시간을 내어 옵션을 검토하고 필요에 가장 적합한 옵션을 선택하십시오. 각 배송 방법과 관련된 추가 비용도 확인할 수 있습니다. 5. 선택을 완료한 후에는 장바구니에 상품을 추가하고 구매를 진행할 수 있습니다. 배송 옵션을 탐색하는 동안 어려움이 있거나 추가 질문이 있는 경우 언제든지 문의해 주세요. 저희는 모든 단계에서 고객님을 돕기 위해 여기 있습니다!"
BILMQ,어떤 배송 옵션이 있는지 확인할 수 있는 곳,배송,배송 방법 확인,"아, 배송 옵션에 대한 지식을 찾고 계시는군요! 우리 배송 대안의 미스터리를 밝혀내는 길을 안내해 드리겠습니다. 고객님께 제공되는 배송 옵션을 확인하려면 당사 웹사이트로 이동하여 ""배송"" 또는 ""배송"" 섹션으로 이동하십시오. 여기에서 배송 방법의 전체 목록과 각 옵션에 대한 해당 세부 정보를 확인할 수 있습니다. 이는 고객님의 필요에 가장 적합한 선택을 할 수 있도록 힘을 실어주는 보물 같은 정보입니다. 보다 개인화된 경험을 원하시면 당사 웹사이트의 라이브 채팅을 통해 또는 [고객센터전화번호]에 문의하여 전담 고객 지원팀에 문의하실 수도 있습니다. 당사의 풍부한 지식을 갖춘 담당자가 다양한 배송 옵션을 탐색하는 데 기꺼이 도움을 드리고 고객님의 질문에 답변해 드립니다. 저희는 모든 단계에서 고객 만족을 보장하기 위해 여기 있다는 것을 기억하십시오. 그러니 주저하지 말고 이 발견의 항해를 시작하고 고객님의 필요에 가장 적합한 완벽한 배송 옵션을 찾으십시오!"
BCLM,어떤 배송 방법이 있는지 확인해야 합니다. 도와주세요.,배송,배송 방법 확인,"과연! 다양한 배송 방법을 안내해 드리겠습니다. 1. 표준 배송: 이 옵션은 일반적으로 배송에 [운영시간/기간] 영업일이 소요됩니다. 서두르지 않고 보다 저렴한 배송 옵션을 선호하는 경우에 적합합니다. 2. 빠른 배송: 상품이 좀 더 빨리 필요하신 경우, 빠른 배송을 통해 영업일 기준 [운영시간/기간] 이내에 상품을 받으실 수 있습니다. 3. 익일 배송: 긴급한 요구가 있는 경우 익일 배송을 통해 다음 영업일까지 배송이 보장됩니다. 4. 매장 내 픽업: 보다 개인화된 경험을 원하신다면 [주소/지역] 중 한 곳에서 상품을 픽업하실 수 있습니다. 이러한 옵션은 고객님의 고유한 요구 사항에 맞는 유연성을 제공합니다. 구체적인 질문이 있거나 제가 도와드릴 수 있는 다른 사항이 있으면 언제든지 문의해 주세요. 고객 만족이 저희의 최우선 사항입니다!"
BIQS,[주소/지역]로 배달해줄래?,배송,배송 방법 확인,"내가 해낼게! 저희는 활기찬 도시 [주소/지역]에 배달하는 것을 자랑스럽게 생각합니다. 우리에게 주문하시면 [주소/지역]로 바로 문 앞까지 배송받으실 수 있습니다. 당사의 배송 옵션에는 표준 배송, 빠른 배송, 익일 배송이 포함되며, 현지 경험을 선호하는 경우 매장 내 픽업도 가능합니다. 저희는 고객님께 원활한 배송 경험을 보장하기 위해 왔습니다. 다른 질문이 있거나 추가 도움이 필요하시면 언제든지 알려주세요. 저는 도와주러 왔습니다!"
BELQ,배송 옵션을 어떻게 확인할 수 있는지 모르겠습니다,배송,배송 방법 확인,"아, 배송 옵션을 탐색하는 것은 놀라운 노력입니다! 절차를 안내해 드리겠습니다. 사용 가능한 배송 옵션을 확인하려면 당사 웹사이트를 방문하여 구매하려는 품목의 제품 페이지로 이동하세요. 제품 페이지에 배송 정보 전용 섹션이 있습니다. 여기에서 위치를 선택하거나 우편번호를 입력하여 사용 가능한 배송 옵션과 해당 배송 기간을 확인할 수 있습니다. 보다 개인화된 접근 방식을 선호하거나 옵션 확인에 도움이 필요한 경우 당사 고객 서비스 팀은 항상 도움을 드릴 준비가 되어 있습니다. 당사 웹사이트에 있는 지정된 고객 지원 채널을 통해 연락하시면 됩니다. 이 여정의 장점은 특정 요구 사항에 맞게 배송 경험을 맞춤화할 수 있다는 점을 기억하세요. 추가 지침이 필요하거나 더 많은 질문이 있는 경우, 저는 변함없는 지원을 제공하기 위해 여기 있습니다. 함께 배송 옵션을 살펴보고 고객님께 꼭 맞는 즐거운 배송 경험을 만들어 보세요!"
BLM,어떤 배송 방법을 가지고 있는지 보려면 어떻게 해야 할지 모르겠습니다.,배송,배송 방법 확인,"걱정하지 마십시오. 사용 가능한 배송 방법을 알아보는 과정을 안내해 드리겠습니다. 당사가 제공하는 배송 방법을 확인하려면 당사 웹사이트를 방문하여 ""배송"" 또는 ""배송"" 섹션으로 이동하세요. 여기에서 예상 배송 시간 및 비용을 포함하여 다양한 배송 옵션에 관한 모든 정보를 확인할 수 있습니다. 여전히 궁금한 점이 있거나 추가 지원이 필요한 경우 언제든지 고객 지원팀에 문의하세요. [운영시간/기간]([고객센터전화번호]) 또는 당사 웹사이트([웹사이트/메뉴])의 라이브 채팅을 통해 이용 가능합니다. 저희는 고객님이 고객님의 필요에 가장 적합한 배송 결정을 내리는 데 필요한 모든 정보를 갖고 있는지 확인하기 위해 왔습니다."
BILM,내가 가지고 있는 배송 방법을 확인하는 방법은 무엇입니까?,배송,배송 방법 확인,"물론이죠! 이용 가능한 배송 방법을 확인하는 방법을 안내해 드리겠습니다. 진행 방법은 다음과 같습니다. 1. 당사 웹사이트 [웹사이트/메뉴]를 방문하여 고객님의 계정에 로그인하십시오. 2. ""배송"" 또는 ""배송"" 섹션으로 이동합니다. 이는 고객님의 계정 설정 아래에 있거나 결제 과정 중에 있을 수 있습니다. 3. '배송' 또는 '배송' 섹션에 있으면 사용 가능한 배송 방법 목록이 표시됩니다. 각 옵션에는 간략한 설명과 예상 배송 시간이 제공됩니다. 4. 시간을 내어 각 옵션을 검토하고 고객님의 필요에 가장 적합한 옵션을 선택하십시오. 배송 방법을 확인하는 데 어려움이 있거나 추가 지원이 필요한 경우 언제든지 문의해 주세요. 저희는 고객님의 경험을 원활하고 즐겁게 만들기 위해 왔습니다!"
BL,배송에 사용 가능한 옵션 보기,배송,배송 방법 확인,기꺼이 도와드리겠습니다! 저는 고객님께 배송 옵션의 흥미로운 세계를 안내하기 위해 왔습니다. 사용 가능한 선택 사항을 살펴보겠습니다. 1. 표준 배송: 이 신뢰할 수 있는 옵션은 일반적으로 영업일 기준 [운영시간/기간] 이내에 도착하므로 긴급하지 않은 품목에 적합합니다. 2. 빠른 배송: 시간이 중요한 경우 이 더 빠른 옵션을 사용하면 영업일 기준 [운영시간/기간] 이내에 상품을 배송받을 수 있습니다. 3. 익일 배송: 긴급한 배송이 필요한 경우 상품이 다음 영업일에 도착하므로 안심하세요. 4. 매장 내 픽업: 편리함과 개인적인 상호작용이 중요한 경우 [주소/지역] 중 한 곳을 방문하여 직접 제품을 픽업할 수 있습니다. 실제 배송 시간은 위치 및 기타 요인에 따라 달라질 수 있습니다. 추가 질문이 있거나 제가 도와드릴 수 있는 사항이 있으면 언제든지 문의해 주세요. 고객 만족이 저희의 최우선 사항입니다!
BLW,빌어먹을 배송 방법을 어떻게 확인하는지 모르겠어요,배송,배송 방법 확인,"이용 가능한 배송 방법을 찾는 데 어려움을 겪고 계신 것으로 알고 있습니다. 걱정하지 마세요. 제가 도와드리겠습니다! 배송 방법을 확인하려면 다음의 간단한 단계를 따라 주세요. 1. 당사 웹사이트를 방문하여 고객님의 계정에 로그인하십시오. 2. ""주문 추적"" 또는 ""주문 상태"" 섹션으로 이동합니다. 3. 주문 번호, 추적 번호 등 관련 주문 세부정보를 입력하세요. 4. 주문 세부정보 페이지에서 예상 배송 시간과 함께 배송 방법이 나열된 것을 확인할 수 있습니다. 문제가 발생하거나 추가 지원이 필요한 경우 주저하지 말고 문의해 주세요. 저는 고객님께 모든 단계를 안내하기 위해 여기 있습니다!"
BCILMQ,어떤 배송 방법을 사용할 수 있는지 알고 싶습니다. 어떻게 해야 하나요?,배송,배송 방법 확인,물론이죠! 사용 가능한 배송 방법과 선택 방법을 알아보고자 하는 고객님의 의견을 이해합니다. 절차를 안내해 드리겠습니다. 1. 당사 홈페이지를 방문하여 구매하려는 상품의 상품페이지로 이동합니다. 2. 제품 페이지에 들어가면 사용 가능한 배송 옵션에 대한 정보를 제공하는 섹션이 있습니다. 3. 잠시 시간을 내어 예상 배송 시간 및 관련 비용을 포함하여 각 배송 방법의 세부 사항을 검토하십시오. 4. 해당 옵션을 클릭하거나 장바구니에 추가하여 고객님의 필요에 가장 적합한 배송 방법을 선택하십시오. 5. 결제 페이지로 이동하면 배송 주소와 결제 정보를 입력하라는 메시지가 표시됩니다. 6. 구매를 완료하기 전에 선택한 배송 방법을 다시 확인하세요. 추가 질문이 있거나 절차 중에 추가 지원이 필요한 경우 고객 지원팀이 도와드리겠습니다. 저희에게 알려주시면 기꺼이 안내해 드리겠습니다. 즐거운 쇼핑되세요!
BL,배송방법을 어떻게 보는지 모르겠어요,배송,배송 방법 확인,"아, 지식 탐구! 배송 방법을 쉽게 찾는 방법을 알려드리겠습니다. 1. 당사 웹사이트를 방문하여 원하는 제품 페이지로 이동합니다. 2. 제품 페이지에는 제품을 장바구니에 추가하는 옵션이 있습니다. 그것을 클릭하세요. 3. 장바구니에 상품을 추가한 후 결제 페이지로 이동하세요. 4. 결제 페이지에서 배송 옵션을 제공하는 섹션을 찾을 수 있습니다. 5. 표준 배송, 빠른 배송, 익일 배송, 매장 픽업 등 다양한 배송 방법을 살펴보세요. 6. 고객님의 필요에 맞는 배송 방법을 클릭하여 선택하십시오. 추가 지원이 필요하거나 다른 질문이 있으면 언제든지 알려주세요. 즐거운 쇼핑하세요!"
BLM,선택할 수 있는 배송 옵션을 확인해야 합니다.,배송,배송 방법 확인,저는 그것을하고있다! 고객님이 이용할 수 있는 배송 옵션을 살펴보아야 한다는 점을 충분히 이해합니다. 우리가 제공하는 선택 사항을 안내해 드리겠습니다. 1. 표준 배송: 이 신뢰할 수 있는 옵션은 일반적으로 도착하는 데 [운영시간/기간] 영업일이 소요됩니다. 급하지 않을 때 긴급하지 않은 물건을 보관하는 데 적합합니다. 2. 빠른 배송: 더 빠른 배송을 원하신다면 당사의 빠른 배송을 이용하시면 영업일 기준 [운영시간/기간] 이내에 상품을 받으실 수 있습니다. 3. 익일 배송: 긴급한 요구 사항이 있는 경우 익일 배송을 통해 다음 영업일 배송을 보장합니다. 4. 매장 내 픽업: 좀 더 개인적인 접촉을 원하거나 [주소/지역] 중 한 곳 근처에 있는 경우 그곳에서 물건을 가져갈 수 있습니다. 우선순위와 일정을 고려하여 필요에 가장 적합한 옵션을 선택할 수 있습니다. 특별한 문의 사항이나 추가 문의사항이 있는 경우 언제든지 알려주시기 바랍니다. 저는 고객님이 배송에 대해 최선의 결정을 내릴 수 있도록 도와드리기 위해 왔습니다!
BCLQ,배송 방법을 확인해야 해요. 도움이 필요해요,배송,배송 방법 확인,"바로 처리하겠습니다! 저는 고객님이 배송 방법을 알아보는 데 필요한 도움을 제공해 드리겠습니다. 자세한 내용을 함께 살펴보겠습니다. 당사의 배송 옵션은 다음과 같습니다: 1. 표준 배송: 이 방법은 일반적으로 [운영시간/기간] 영업일이 소요되며 긴급하지 않은 품목에 적합합니다. 2. 빠른 배송: 상품이 조금 더 빨리 필요한 경우 이 옵션을 사용하면 영업일 기준 [운영시간/기간] 이내에 배송이 보장됩니다. 3. 익일 배송: 긴급한 요구가 있는 경우, 고객님의 상품이 신속하게 도착할 수 있도록 다음 영업일 배송을 제공합니다. 4. 매장 내 픽업: 보다 개인적인 손길을 원하시면 [주소/지역]에서 제품을 픽업하실 수 있습니다. 각 옵션에는 고유한 장점이 있으므로 필요에 가장 적합한 옵션을 선택하는 것이 중요합니다. 질문이 있거나 결정을 내리는 데 추가 도움이 필요하면 언제든지 문의하세요. 저는 고객님께 모든 단계를 안내하기 위해 여기 있습니다!"
BLQ,배송 옵션을 보는 방법을 모르겠어요,배송,배송 방법 확인,"아, 배송 옵션에 액세스하는 방법을 잘 모르시는 것 같습니다. 걱정하지 마세요. 제가 절차를 안내해 드리겠습니다. 사용 가능한 배송 옵션을 보려면 다음의 간단한 단계를 따라 주세요. 1. 당사 홈페이지를 방문하여 구매하려는 상품의 상품페이지로 이동합니다. 2. 장바구니에 상품을 추가하고 결제 페이지로 이동하세요. 3. 결제 페이지에 ""배송 옵션"" 또는 이와 유사한 섹션이 표시되어야 합니다. 4. 해당 섹션을 클릭하여 확장하고 당사가 제공하는 다양한 배송 옵션을 확인하세요. 5. 시간을 내어 각 옵션의 예상 배송 시간, 비용 및 기타 관련 세부정보를 검토하세요. 6. 고객님의 필요에 가장 적합한 배송 옵션을 찾으면 해당 옵션을 선택하고 결제 과정을 진행하세요. 어려움이 있거나 추가 질문이 있는 경우 주저하지 말고 고객 지원팀에 문의하세요. 저희는 모든 단계에서 고객님을 돕기 위해 여기 있습니다. 즐거운 쇼핑하세요!"
BCILM,어떤 배송 옵션이 있는지 알고 싶습니다. 어떻게 확인할 수 있나요?,배송,배송 방법 확인,"확실히! 다양한 배송 옵션을 탐색하는 데 도움을 드리게 되어 기쁘게 생각합니다. 사용 가능한 배송 방법을 보려면 당사 웹사이트를 방문하여 다음 단계를 따르세요. 1. 당사 홈페이지 [웹사이트/메뉴]로 이동합니다. 2. 일반적으로 웹사이트의 기본 메뉴나 바닥글에 있는 ""배송"" 또는 ""배송"" 섹션으로 이동합니다. 3. ""배송 옵션"" 또는 ""배송 방법"" 탭을 클릭하세요. 4. 여기서는 당사가 제공하는 모든 배송 옵션의 전체 목록과 세부 정보 및 예상 배송 시간을 확인할 수 있습니다. 맞춤형 지원을 원하거나 배송 옵션에 대해 구체적인 질문이 있는 경우 주저하지 말고 고객 지원팀에 문의하세요. [운영시간/기간]([고객센터전화번호]) 또는 당사 웹사이트의 라이브 채팅을 통해 이용 가능합니다. 저희는 모든 단계에서 고객 만족을 보장하기 위해 여기 있다는 것을 기억하십시오. 제가 도와드릴 수 있는 일이 더 있으면 알려주세요!"
BLM,어떤 배송 옵션이 있는지 확인하는 데 도움이 됩니다.,배송,배송 방법 확인,"배송 옵션을 살펴보는 데 도움을 드리기 위해 저희가 도와드리겠습니다. 고객 만족이 저희의 최우선 과제이며 완벽한 배송 방법을 찾는 데 도와드리겠습니다. 사용할 수 있는 다양한 옵션을 자세히 살펴보겠습니다. 1. 표준 배송: 이 옵션은 일반적으로 영업일 기준 [운영시간/기간] 이내에 도착하므로 긴급하지 않은 배송에 이상적입니다. 2. 빠른 배송: 상품이 좀 더 빨리 필요한 경우, 빠른 배송 옵션을 이용하면 영업일 기준 [운영시간/기간] 이내에 배송이 보장됩니다. 3. 익일 배송: 긴급한 요구가 있는 경우 익일 배송을 제공하여 고객님의 상품이 다음 영업일에 도착할 수 있도록 보장합니다. 4. 매장 내 픽업: 직접 상품을 직접 픽업하는 편리함을 선호하시는 경우 [주소/지역]에서 매장 내 픽업 옵션을 이용하실 수 있습니다. 위치, 제품 재고 등의 요인에 따라 배송 시간이 달라질 수 있음을 참고하시기 바랍니다. 구체적인 질문이 있거나 제가 도와드릴 수 있는 다른 사항이 있으면 언제든지 알려주시기 바랍니다. 저는 고객님이 원활하고 만족스러운 쇼핑 경험을 누릴 수 있도록 최선을 다해 왔습니다."
BLM,어떤 배송 방법을 제공하는지 확인하는 데 도움이 필요합니다.,배송,배송 방법 확인,과연! 저는 우리가 제공하는 다양한 배송 방법을 찾는 데 도움을 드리고자 왔습니다. 사용할 수 있는 옵션에 대해 알려드리겠습니다. 1. 표준 배송: 이 옵션을 사용하면 일반적으로 영업일 기준 [운영시간/기간] 이내에 상품이 합리적인 기간 내에 도착할 수 있습니다. 2. 빠른 배송: 패키지를 좀 더 빨리 받으려면 빠른 배송을 선택할 수 있습니다. 일반적으로 영업일 기준 [운영시간/기간] 이내에 배송됩니다. 3. 익일 배송: 시간이 중요한 경우 익일 배송은 긴급한 요구 사항에 대해 익일 배송을 보장합니다. 4. 매장 내 픽업: 보다 직접적인 접근 방식을 선호하는 분들은 편리한 위치에 있는 [주소/지역] 중 한 곳을 통해 매장 내에서 상품을 픽업할 수 있습니다. 배송 시간은 위치 및 기타 요인에 따라 달라질 수 있다는 점을 기억하세요. 추가 문의사항이 있거나 다른 도움이 필요하시면 언제든지 알려주시기 바랍니다. 저는 고객님의 경험을 원활하게 만들기 위해 여기 있습니다!
BILM,어떤 배송 옵션이 있는지 어떻게 확인할 수 있나요?,배송,배송 방법 확인,"긍정적으로! 이용 가능한 배송 옵션을 알아보고 계신 것으로 알고 있습니다. 걱정하지 마세요. 제가 이 과정을 안내해 드리겠습니다. 배송 옵션을 확인하려면 다음 단계를 따르세요. 1. 당사 웹사이트를 방문하여 고객님의 계정에 로그인하십시오. 2. ""배송"" 또는 ""배송"" 섹션으로 이동합니다. 3. ""배송 옵션"" 또는 ""배송 옵션""과 관련된 탭 또는 메뉴 옵션을 찾으십시오. 4. 탭이나 메뉴 옵션을 클릭하여 사용 가능한 배송 옵션을 확인하세요. 배송 옵션 페이지에 들어가면 당사가 제공하는 다양한 배송 서비스의 세부 목록을 확인할 수 있습니다. 각 옵션에 대한 예상 배송 시간, 가격, 특정 조건 또는 요구 사항을 확인하세요. 당사 웹사이트에서 배송 옵션을 찾을 수 없거나 기술적 문제에 직면한 경우, 주저하지 말고 당사 고객 지원팀에 문의하세요. [운영시간/기간]([고객센터전화번호]) 또는 당사 웹사이트([웹사이트/메뉴])의 라이브 채팅을 통해 이용 가능합니다. 당사의 전담 지원팀은 고객님이 배송 옵션을 찾고 이해할 수 있도록 기꺼이 도와드릴 것입니다. 이 정보가 고객님의 필요에 맞는 올바른 배송 옵션을 탐색하고 선택하는 데 도움이 되기를 바랍니다. 제가 도와드릴 일이 더 있으면 알려주세요!"
BCLW,빌어먹을 배송 방법을 봐야 하는데 도움이 필요해요,배송,배송 방법 확인,저는 저희의 배송 방법을 탐구하려는 고객님의 긴급성과 호기심을 이해합니다. 고객님께 필요한 모든 정보를 제공해 드리겠습니다. 1. 표준 배송: 이 옵션은 일반적으로 배송에 [운영시간/기간] 영업일이 소요되며 긴급하지 않은 품목에 적합합니다. 2. 빠른 배송: 더 빠른 배송이 필요한 경우 이 옵션을 사용하면 영업일 기준 [운영시간/기간] 이내에 상품을 배송받을 수 있습니다. 3. 익일 배송: 긴급한 요구가 있을 경우 익일 배송을 제공합니다. 4. 매장 내 픽업: 상품을 개인적으로 수령하려는 경우 편리한 [주소/지역] 중 한 곳을 통해 매장 내 픽업을 선택할 수 있습니다. 이러한 배송 방법에 대해 궁금한 점이 있거나 제가 도와드릴 수 있는 다른 사항이 있으면 언제든지 알려주시기 바랍니다. 고객 만족이 저희의 최우선 사항입니다!
BCEL,배송 방법을 찾고 있습니다. 찾는 방법을 도와주세요.,배송,배송 방법 확인,"최선을 다하겠습니다! 고객님의 선호도와 요구 사항에 맞게 설계된 배송 방법을 안내해 드리겠습니다. 1. 표준 배송: 이 옵션은 일반적으로 배송에 [운영시간/기간] 영업일이 소요됩니다. 급하지 않은 구매에 적합합니다. 2. 빠른 배송: 더 빠른 옵션을 찾고 계시다면, 빠른 배송을 이용하시면 영업일 기준 [운영시간/기간] 이내에 상품을 받으실 수 있습니다. 3. 익일 배송: 최대한 빨리 상품이 필요하신가요? 다음 영업일 배송을 위해 익일 배송 옵션을 선택하세요. 4. 매장 내 픽업: 직접 체험을 선호하시는 분들은 [주소/지역]에서 직접 상품을 픽업하실 수 있습니다. 이 정보가 고객님이 현명한 결정을 내리는 데 도움이 되기를 바랍니다. 다른 질문이 있거나 추가 지원이 필요한 경우 언제든지 문의해 주세요. 저희는 고객님의 경험을 가능한 한 원활하게 만들기 위해 왔습니다!"
BCL,배송방법을 확인하고 싶어요 도와주세요,배송,배송 방법 확인,"내가 해낼게! 저희가 제공하는 다양한 배송 방법을 안내해 드리겠습니다. 바로 들어가서 옵션을 살펴보겠습니다. 1. 표준 배송: 이것은 영업일 기준 [운영시간/기간] 이내에 상품을 배송하는 가장 인기 있는 배송 방법입니다. 2. 빠른 배송: 상품이 좀 더 빨리 필요한 경우 이 옵션을 선택하면 영업일 기준 [운영시간/기간] 이내에 상품을 받을 수 있습니다. 3. 익일 배송: 긴급 주문의 경우 상품이 다음 영업일에 도착할 수 있도록 익일 배송을 제공합니다. 4. 매장 내 픽업: 편리하게 상품을 개인적으로 수령하고 싶다면 [주소/지역] 중 한 곳에서 매장 내 픽업 옵션을 선택할 수 있습니다. 각 방법에는 고유한 이점이 있으며, 당사는 고객님의 배송 선호 사항에 있어 유연성과 편리함을 제공하기 위해 노력하고 있습니다. 구체적인 문의 사항이나 질문이 있는 경우 언제든지 문의해 주세요. 고객님의 배송 경험이 원활하고 스트레스 없는 환경이 될 수 있도록 도와드리겠습니다!"
BLMW,어떤 배송 옵션이 가능한지 확인하는 것 좀 도와줘,배송,배송 방법 확인,물론입니다! 놀라운 배송 옵션 영역을 함께 살펴보겠습니다. 1. 표준 배송: 긴급하지 않은 품목에 이상적이며 일반적으로 영업일 기준 [운영시간/기간] 이내에 도착하여 기대의 즐거움을 선사합니다. 2. 신속한 배송: 상품이 더 빨리 필요하십니까? 이 더 빠른 옵션은 영업일 기준 [운영시간/기간] 이내에 배송을 보장하는 동시에 열의를 제공합니다. 3. 익일 배송: 긴급한 요구 사항이 있는 경우 익일 배송 서비스를 제공해 즉각적인 만족감을 선사합니다. 4. 매장 내 픽업: 편리함과 즉각적인 만족을 원하신다면 [주소/지역]가 고객님의 방문을 간절히 기다리고 있습니다. 이러한 옵션을 자유롭게 살펴보고 고객님의 필요에 가장 적합한 옵션을 선택하십시오. 추가 질문이 있거나 도움이 필요하면 주저하지 말고 문의하세요. 고객 만족이 저희의 최우선 사항입니다!
BLM,어떤 배송 옵션을 제공하는지 보여주세요,배송,배송 방법 확인,"과연! 배송 옵션에 대한 개요를 알려드리게 되어 기쁘게 생각합니다. 고객님의 필요에 맞는 선택 사항은 다음과 같습니다. 1. 표준 배송: 이 옵션은 일반적으로 영업일 기준 5~7일 이내에 도착하므로 긴급하지 않은 품목에 이상적입니다. 2. 빠른 배송: 더 빠른 옵션을 찾고 계시다면 빠른 배송을 이용하시면 영업일 기준 2~3일 이내에 배송이 보장됩니다. 3. 익일 배송: 긴급한 요구 사항이 있는 경우 익일 배송을 제공하여 익일 배송을 보장합니다. 4. 매장 픽업: 편리하게 상품을 직접 픽업하고 싶으신 경우, 지정된 장소에서 매장 픽업 옵션을 이용하실 수 있습니다. 이러한 배송 옵션은 고객님의 선호도에 맞춰 일정을 조정할 수 있는 유연성을 제공합니다. 추가 문의 사항이 있거나 추가 지원이 필요한 경우, 제가 도와드리겠습니다. 고객님의 배송 경험을 최대한 원활하고 원활하게 만들어 드리겠습니다!"
BLMQ,내가 어떤 배송 방법을 가지고 있는지 확인하는 데 도움이 필요합니다,배송,배송 방법 확인,"물론입니다! 저는 다양한 배송 방법을 탐색하는 데 도움을 드리고자 왔습니다. 올바른 옵션을 찾으면 전반적인 경험이 크게 향상될 수 있습니다. 선택 사항을 자세히 살펴보겠습니다. 1. 표준 배송: 이 옵션은 긴급하지 않은 품목에 적합하며 일반적으로 영업일 기준 [운영시간/기간] 이내에 도착합니다. 2. 빠른 배송: 상품이 좀 더 빨리 필요한 경우 이 옵션을 사용하면 영업일 기준 [운영시간/기간] 이내에 배송이 보장됩니다. 3. 익일 배송: 긴급한 요구 사항이 있는 경우 이 옵션을 사용하면 익일 배송이 보장됩니다. 4. 매장 내 픽업: 고객님이 직접 상품을 수집하고 현지 경험을 즐기고 싶다면 [주소/지역]가 고객님을 도와드릴 준비가 되어 있습니다. 긴급성, 편의성, 선호도 등의 요소를 고려하여 가장 적합한 옵션을 결정할 수 있습니다. 추가 질문이 있으시면 언제든지 문의하시거나 제가 도와드릴 수 있는 구체적인 사항이 있으면 알려주시기 바랍니다. 저희는 함께 고객님의 배송 경험이 원활하도록 보장하겠습니다!"
BLMQ,어떤 배송 옵션이 있는지 확인하는 데 도움이 필요해요,배송,배송 방법 확인,정말 흥미롭습니다! 다양한 배송 옵션을 탐색하려는 고객님의 열망이 저의 호기심을 자극합니다. 고객님이 이용할 수 있는 다양한 배송 옵션을 안내해 드리겠습니다. 1. 표준 배송: 이 옵션은 일반적으로 [운영시간/기간] 영업일이 소요되며 긴급하지 않은 품목에 적합합니다. 2. 빠른 배송: 상품이 좀 더 빨리 필요한 경우 이 옵션을 사용하면 영업일 기준 [운영시간/기간] 이내에 상품을 받을 수 있습니다. 3. 익일 배송: 긴급한 요구 사항이 있는 경우 익일 배송 서비스를 제공합니다. 4. 매장 내 픽업: [주소/지역] 중 한 곳 근처에 있는 경우 직접 상품을 픽업할 수 있는 옵션이 있습니다. 이러한 옵션에 대해 구체적인 질문이 있거나 제가 도와드릴 수 있는 다른 사항이 있으면 언제든지 알려주시기 바랍니다. 고객 만족이 저희의 최우선 과제입니다!
BILM,어떤 배송 방법이 있는지 어디서 확인하나요?,배송,배송 방법 확인,"최선을 다하겠습니다! 이용 가능한 배송 방법을 확인할 수 있는 곳을 안내해 드리겠습니다. 당사의 배송 옵션에 대해 알아보려면 당사 웹사이트를 방문하여 ""배송"" 또는 ""배송"" 섹션으로 이동하십시오. 여기에서는 당사가 제공하는 다양한 배송 방법의 전체 목록과 적용될 수 있는 추가 세부 정보 또는 제한 사항이 표시됩니다. 원하는 경우 당사 웹사이트의 라이브 채팅을 통해 또는 [고객센터전화번호]로 전화하여 고객 지원팀에 문의할 수도 있습니다. 당사의 전담 담당자는 고객님께 필요한 정보를 기꺼이 제공하고 고객님의 특정 요구 사항에 가장 적합한 배송 방법을 선택하도록 도와드릴 것입니다. 안심해 주세요. 당사는 고객님의 배송 경험을 최대한 편리하고 원활하게 만들기 위해 최선을 다하고 있습니다. 다른 궁금한 점이 있거나 제가 도와드릴 수 있는 다른 사항이 있으면 언제든지 알려주시기 바랍니다. 모든 단계에서 도움을 드릴 수 있어서 기쁩니다!"
BILQ,배송 옵션을 보는 방법,배송,배송 방법 확인,"물론입니다! 배송 옵션을 확인하는 과정을 안내해 드리고자 왔습니다. 사용 가능한 배송 옵션을 보려면 다음 단계를 따르세요. 1. 당사 웹사이트 [웹사이트/메뉴]를 방문하여 구매하려는 품목의 제품 페이지로 이동합니다. 2. 상품 페이지에는 배송 및 배송에 관한 정보를 제공하는 섹션이 있습니다. 3. ""배송 옵션"" 또는 ""배송 방법""이라고 표시된 버튼이나 링크를 찾으십시오. 클릭하시면 이용 가능한 배송 옵션을 보실 수 있습니다. 4. 예상 배송 시간 및 비용과 함께 배송 방법 목록이 표시됩니다. 5. 시간을 내어 각 옵션을 검토하고 고객님의 필요에 가장 적합한 옵션을 선택하십시오. 6. 선택을 완료한 후 장바구니에 상품을 추가하고 결제 과정을 완료하세요. 배송 옵션을 찾거나 선택하는 데 문제가 있는 경우 주저하지 말고 고객 지원팀에 문의하세요. [운영시간/기간]([고객센터전화번호]) 또는 당사 웹사이트의 라이브 채팅을 통해 이용 가능합니다. 저희는 고객님께 원활한 쇼핑 경험을 보장하기 위해 왔습니다!"
BCILM,어떤 배송 옵션이 있는지 확인해야 하는데 도와주실 수 있나요?,배송,배송 방법 확인,"도움이 되어 정말 기쁩니다! 제가 고객님의 가이드가 되어 당사 배송 옵션의 경이로움을 밝혀드리겠습니다. 저희의 놀라운 선택을 엿볼 수 있습니다: 1. 표준 배송: 고객님의 패키지가 영업일 기준 [운영시간/기간] 이내에 도착하므로 기대에 부응하십시오. 인내심은 항상 달콤한 보상으로 이어집니다! 2. 빠른 배송: 상품이 좀 더 빨리 필요하십니까? 빠른 배송을 선택하시면 영업일 기준 [운영시간/기간] 내에 받으실 수 있습니다. 3. 익일 배송: 긴급 필수품의 경우, 패키지가 바로 다음 영업일에 문앞에 도착할 것이므로 안심해 주세요. 4. 매장 내 픽업: 편의성과 효율성이 최우선이라면 [주소/지역]에서 매장 내 픽업을 선택하세요. 결정은 고객님의 손에 달려 있습니다! 이전에 당사의 배송 옵션을 사용한 적이 있습니까? 고객님의 선호 사항을 자유롭게 공유해 주시면 최선을 다해 도와드리겠습니다."
BLQ,배송 방법을 보려면 어떻게 해야 하는지 모르겠어요,배송,배송 방법 확인,"걱정하지 마세요. 배송 방법을 살펴보는 과정을 안내해 드리겠습니다. 사용 가능한 배송 옵션을 보려면 다음과 같은 간단한 단계를 따르세요. 1. 당사 웹사이트를 방문하여 고객님의 계정에 로그인하십시오. 2. ""배송"" 또는 ""배송"" 섹션으로 이동합니다. 3. ""배송 옵션"" 또는 ""배송 방법""이라고 표시된 탭이나 링크를 찾으십시오. 4. 해당 탭이나 링크를 클릭하면 당사가 제공하는 다양한 배송 방법을 볼 수 있습니다. 5. 시간을 내어 각 방법을 검토하고 고객님의 필요에 가장 적합한 방법을 선택하십시오. 배송 과정에서 어려움을 겪거나 배송 방법에 대해 구체적인 질문이 있는 경우 언제든지 문의해 주세요. 저는 고객님께 필요한 지침을 제공하기 위해 여기에 있습니다."
BLMW,도대체 어떤 배송 방법이 있는지 알려줘,배송,배송 방법 확인,"내가 해낼게! 저는 저희가 제공하는 다양한 배송 방법을 탐색하는 데 도움을 드리고자 왔습니다. 저희는 고객님의 요구와 선호 사항을 충족할 수 있도록 신중하게 선별된 옵션을 보유하고 있습니다. 세부 사항을 살펴보겠습니다. 1. 표준 배송: 이는 당사의 표준 배송 옵션으로, 일반적으로 영업일 기준 [운영시간/기간] 이내에 도착합니다. 인내심을 갖고 패키지를 기다릴 수 있는 긴급하지 않은 주문에 적합합니다. 2. 빠른 배송: 더 빠른 배송을 원하는 경우 빠른 배송 옵션을 이용하면 영업일 기준 [운영시간/기간] 이내에 상품이 도착할 수 있습니다. 이는 패키지가 조금 더 빨리 필요할 때 이상적입니다. 3. 익일 배송: 긴급한 요구가 있는 경우 익일 배송 서비스를 통해 다음 영업일 배송을 보장합니다. 시간이 중요할 때 이것이 최선의 선택입니다. 4. 매장 내 픽업: 좀 더 직접적인 접근 방식을 선호하는 경우 매장 내 픽업 옵션을 통해 직접 상품을 가져갈 수 있습니다. 가장 가까운 [주소/지역]를 선택하고 편리한 시간에 주문 상품을 수령하세요. 이러한 옵션은 유연성과 편의성을 제공하도록 설계되었습니다. 구체적인 질문이 있거나 제가 도와드릴 수 있는 다른 사항이 있으면 언제든지 알려주시기 바랍니다. 저는 고객님의 완전한 만족을 보장하기 위해 여기 있다는 것을 기억하십시오!"
BILM,어떤 배송 방법을 선택할 수 있는지 어떻게 알 수 있나요?,배송,배송 방법 확인,"바로 처리하겠습니다! 고객님이 이용할 수 있는 다양한 배송 방법을 알아보도록 안내해 드리겠습니다. 배송 방법을 알아보려면 다음 단계를 따르세요. 1. 당사 웹사이트 [웹사이트/메뉴]를 방문하여 관심 있는 품목의 제품 페이지로 이동합니다. 2. 제품 페이지에서 ""배송 옵션"" 또는 ""배송 방법"" 섹션을 찾을 수 있습니다. 해당 섹션을 클릭하면 세부정보가 확장됩니다. 3. 예상 배송 시간 및 추가 정보와 함께 사용 가능한 배송 방법 목록이 표시됩니다. 4. 잠시 시간을 내어 옵션을 검토하고 요구 사항에 가장 적합한 옵션을 선택하십시오. 궁금한 점이 있거나 추가 지원이 필요한 경우 언제든지 고객 지원팀에 문의하세요. 저희는 고객님의 쇼핑 경험을 가능한 한 원활하게 만드는 것을 목표로 삼고 있음을 기억하십시오. 그러니 고객님의 필요에 맞는 배송 방법을 찾아보십시오. 제가 도와드릴 수 있는 다른 사항이 있으면 주저하지 말고 문의해 주세요!"
BISW,[주소/지역]에서 블러디 주문을 할 수 있나요?,배송,배송 방법 확인,"내가 해낼게! 번거로움 없이 [주소/지역]에서 주문할 수 있음을 알려드리게 되어 기쁘게 생각합니다. 당사의 배송 옵션은 [주소/지역]를 포함한 다양한 지역에 위치한 고객에게 적합합니다. 표준 배송, 빠른 배송, 익일 배송 등 무엇을 원하시든 저희가 도와드리겠습니다. 결제 과정에서 원하는 배송 방법을 선택하기만 하면 주문이 적시에 문앞까지 배송되도록 보장해 드립니다. 염두에 두고 있는 특정 제품이 있거나 우리가 도움을 드릴 수 있는 다른 사항이 있으면 언제든지 알려주시기 바랍니다. 저희는 고객님이 어디에 있든 가능한 한 원활한 쇼핑 경험을 제공해 드리겠습니다."
BLMQ,내가 가지고 있는 배송 옵션을 확인하는 데 도움이 돼요,배송,배송 방법 확인,"물론이죠! 고객님이 이용할 수 있는 배송 옵션을 탐색하는 데 도움을 드리고자 왔습니다. 배송 옵션을 확인하려면 당사 웹사이트를 방문하여 결제 페이지로 이동하세요. 결제 과정에서 선택할 수 있는 다양한 배송 방법이 표시됩니다. 이러한 옵션에는 일반적으로 표준 배송, 신속 배송 및 익일 배송이 포함됩니다. 고객님의 필요와 선호도에 가장 적합한 옵션을 선택할 수 있습니다. 배송 옵션과 관련하여 구체적인 질문이나 우려 사항이 있는 경우 언제든지 문의해 주세요. 저는 고객님이 정보를 바탕으로 결정을 내리고 절차 전반에 걸쳐 만족할 수 있도록 돕기 위해 왔습니다!"
BCLMW,"나한테 어떤 배송 옵션이 있는지 확인하고 싶어, 도와줘",배송,배송 방법 확인,"바로 처리하겠습니다! 고객님이 당사의 배송 옵션을 알아보고 싶어한다는 점을 이해합니다. 다양한 가능성을 발견하는 데 도움을 드리겠습니다. 이용 가능한 배송 옵션을 확인하려면 당사 웹사이트를 방문하여 ""배송"" 또는 ""배송"" 섹션으로 이동하시면 됩니다. 여기에서 예상 배송 시간 및 가격을 포함하여 각 옵션에 대한 자세한 정보를 확인할 수 있습니다. 보다 개인화된 경험을 원하시면 당사의 친절한 고객 서비스 팀이 옵션 탐색을 도와드릴 것입니다. 전화나 라이브 채팅을 통해 연락하시면 고객님의 필요에 가장 적합한 배송 옵션을 찾는 데 도움을 드릴 것입니다. 저희의 목표는 배송 서비스에 대한 고객 만족을 보장하는 것입니다. 그러니 주저하지 말고 추가 질문을 하거나 추가 정보를 찾아보세요. 저희는 고객님의 배송 경험을 원활하고 즐겁게 만들기 위해 왔습니다!"
BILQ,배송 옵션을 확인하는 데 도움을 줄 수 있나요?,배송,배송 방법 확인,과연! 이용 가능한 배송 옵션을 살펴보는 데 도움을 드리고자 왔습니다. 자세히 살펴보겠습니다. 1. 표준 배송: 이 옵션은 일반적으로 배송에 [운영시간/기간] 영업일이 소요됩니다. 여유 시간이 조금 더 있을 때 급하지 않은 주문에 적합합니다. 2. 빠른 배송: 더 빠른 배송이 필요한 경우 빠른 배송 옵션을 사용하면 영업일 기준 [운영시간/기간] 이내에 상품이 도착할 수 있습니다. 3. 익일 배송: 긴급한 요구 사항이 있는 경우 익일 배송을 제공하여 다음 영업일까지 배송을 보장합니다. 4. 매장 내 픽업: 즉각적인 만족을 원하거나 [주소/지역] 중 한 곳 근처에 있는 경우 매장 내 픽업을 선택할 수 있습니다. 이러한 옵션을 염두에 두고 고객님의 요구 사항에 가장 부합하는 옵션은 무엇입니까? 추가 문의사항이 있거나 추가 지원이 필요한 경우 언제든지 알려주시기 바랍니다. 저는 고객 만족을 보장하기 위해 여기에 있습니다!
BILQ,배송 방법은 어디서 볼 수 있나요,배송,배송 방법 확인,"안심해 주세요. 사용 가능한 배송 방법을 찾는 과정을 안내해 드리겠습니다. 배송 옵션을 살펴보려면 다음 단계를 따르세요. 1. 당사 웹사이트 [웹사이트/메뉴]를 방문하세요. 2. 구매하려는 상품의 홈페이지 또는 상품페이지로 이동합니다. 3. ""배송 옵션"" 또는 ""배송 방법"" 섹션을 찾으십시오. 4. 이를 클릭하면 당사가 제공하는 다양한 배송 방법을 확장하고 볼 수 있습니다. 5. 시간을 내어 각 옵션을 검토하고 고객님의 필요에 가장 적합한 옵션을 선택하십시오. 다음 단계를 따르면 배송 가능한 방법을 확인할 수 있습니다. 어려움이 있거나 추가 지원이 필요한 경우 주저하지 말고 문의하세요. 저희는 고객님이 원활하고 정보에 입각한 쇼핑 경험을 가질 수 있도록 여기 있습니다!"
BLM,선택할 수 있는 배송 옵션을 확인하는 데 도움이 됩니다.,배송,배송 방법 확인,물론입니다! 저는 고객님이 선택할 수 있는 다양한 배송 옵션을 탐색하는 방법을 안내하기 위해 왔습니다. 살펴보자: 1. 표준 배송: 이 옵션은 긴급하지 않은 품목에 적합하며 일반적으로 영업일 기준 [운영시간/기간] 이내에 도착합니다. 2. 빠른 배송: 상품이 조금 더 빨리 필요한 경우 영업일 기준 [운영시간/기간] 이내에 배송되는 빠른 배송을 선택할 수 있습니다. 3. 익일 배송: 긴급한 요구 사항이 있는 경우 익일 배송을 보장하기 위해 익일 배송을 제공합니다. 4. 매장 내 픽업: 보다 직접적인 접근 방식을 선호하는 경우 [주소/지역] 중 한 곳에서 편리하게 상품을 픽업할 수 있습니다. 이러한 옵션은 다양한 배송 요구 사항을 충족하도록 설계되어 유연성과 편의성을 제공합니다. 특별한 문의 사항이 있거나 제가 도와드릴 수 있는 다른 사항이 있으면 언제든지 알려주시기 바랍니다. 고객님이 최선의 배송 선택을 할 수 있도록 돕는 것이 저의 최우선 과제입니다!
BCIL,"배송 방법을 확인하고 싶은데요, 어떻게 해야 하나요?",배송,배송 방법 확인,"확실히! 배송에 사용할 수 있는 다양한 방법을 살펴보겠습니다. 저희는 고객님의 특정 요구 사항을 충족할 수 있는 여러 가지 옵션을 제공합니다. 1. 표준 배송: 이는 영업일 기준 [운영시간/기간]로 예상되는 기간 내에 안정적인 배송을 제공하는 가장 경제적인 옵션입니다. 2. 빠른 배송: 상품을 급하게 받으셔야 하는 경우, 당사의 빠른 배송 서비스를 이용하시면 일반적으로 영업일 기준 [운영시간/기간] 이내에 더 빠른 배송이 보장됩니다. 3. 익일 배송: 긴급 주문의 경우 익일 배송이 완벽합니다. 다음 영업일에 상품이 배송될 것으로 예상하실 수 있습니다. 4. 매장 픽업: 편리함을 선호하고 배송비를 모두 피하고 싶다면 매장 픽업을 선택할 수 있습니다. 결제 시 이 옵션을 선택하면 가장 가까운 매장에서 상품을 수령할 수 있습니다. 원하는 배송 방법을 선택하려면 장바구니에 상품을 추가하고 결제 페이지로 이동하세요. 여기에서 고객님의 필요에 가장 적합한 배송 방법을 선택할 수 있습니다. 배송 방법에 대해 추가 질문이 있거나 주문에 도움이 필요한 경우 언제든지 알려주시기 바랍니다. 저는 모든 단계에서 고객님을 돕기 위해 여기 있습니다!"
BLM,고객님이 제공하는 배송 옵션을 확인하는 데 도움이 됩니다.,배송,배송 방법 확인,"저희가 제공하는 다양한 배송 옵션을 살펴보실 수 있도록 도와드리게 되어 기쁘게 생각합니다! 포괄적인 개요를 제공하겠습니다. 1. 표준 배송: 이 옵션은 일반적으로 배송에 [운영시간/기간] 영업일이 소요되며 긴급하지 않은 품목에 적합합니다. 2. 빠른 배송: 고객님이 조금 급한 경우, 당사의 빠른 배송을 통해 고객님의 상품이 영업일 기준 [운영시간/기간] 이내에 도착할 수 있도록 보장합니다. 3. 익일 배송: 긴급한 요구 사항이 있는 경우 익일 배송을 제공하여 익일 배송을 보장합니다. 4. 매장 내 픽업: 보다 직접적인 접근 방식을 선호하는 경우 [주소/지역] 중 하나에서 매장 내 픽업을 선택할 수 있습니다. 이러한 다양한 배송 옵션을 활용하여 당사는 고객님의 모든 배송 요구 사항을 충족시키는 것을 목표로 합니다. 특별한 문의 사항이 있거나 추가 지원이 필요한 경우 언제든지 문의해 주세요. 고객 만족이 저희의 최우선 사항입니다!"
BILQSZ,미국으로 배송해주나요,배송,배송 방법 확인,물론이죠! 저희는 주요 도시와 주를 포함하여 [주소/지역]의 다양한 위치로 배송 옵션을 제공합니다. 저희의 목표는 전국의 고객에게 제품을 제공하는 것입니다. 염두에 두고 있는 특정 위치가 있는 경우 알려주시면 해당 목적지에 사용할 수 있는 배송 옵션에 대한 자세한 정보를 기꺼이 제공해 드리겠습니다. 원활한 배송 경험을 보장하는 것이 저희의 최우선 과제입니다. 추가 질문이나 우려 사항이 있으면 언제든지 문의해 주세요.
BILMP,어떤 배송 옵션을 사용할 수 있는지 어떻게 확인할 수 있나요?,배송,배송 방법 확인,"아, 배송 옵션을 알아보고 싶어 하시는 것 같군요! 우리가 제공하는 다양한 선택 사항을 찾는 데 도움을 드리겠습니다. 사용 가능한 배송 옵션을 확인하려면 당사 웹사이트를 방문하여 ""배송"" 또는 ""배송"" 섹션으로 이동하세요. 고객님의 필요에 맞는 포괄적인 배송 방법 목록을 찾을 수 있습니다. 각 옵션은 예상 배송 시간, 비용 및 특정 요구 사항에 대한 세부 정보를 제공합니다. 보다 개인화된 접근 방식을 선호하거나 특정 질문이나 우려 사항이 있는 경우 당사의 전담 고객 지원 팀이 항상 도움을 드립니다. 당사 웹사이트의 ""연락처"" 페이지를 통해 연락하시거나 고객 지원 핫라인 [고객센터전화번호]로 전화하실 수 있습니다. 그들은 배송 옵션에 대한 자세한 정보를 기꺼이 제공하고 고객님의 요구 사항에 따라 가장 적합한 옵션을 선택하도록 도와줄 것입니다. 저희는 고객님의 쇼핑 경험을 특별하게 만들기 위해 최선을 다하고 있으며, 이는 배송 옵션에 대한 포괄적인 정보를 제공하는 것에서 시작된다는 점을 기억하십시오. 가능성을 탐색해 보시고 추가 지원이 필요하시면 언제든지 문의해 주세요!"
BILM,어떤 배송 방법을 제공하는지 어디서 확인할 수 있나요?,배송,배송 방법 확인,"물론이죠! 우리가 제공하는 배송 방법을 알아보려면 몇 번의 클릭만으로 가능합니다. 사용 가능한 배송 옵션을 살펴보려면 당사 웹사이트로 이동하여 다음 단계를 따라 주세요. 1. [회사 홈페이지 URL]로 당사 홈페이지를 방문하세요. 2. 아래로 스크롤하거나 ""배송"" 또는 ""배송"" 섹션을 찾으세요. 3. ""배송 옵션"" 또는 ""배송 방법"" 링크를 클릭하십시오. 4. 예상 배송 시간, 가격, 추가 세부 정보 등 당사가 제공하는 다양한 배송 방법에 대한 자세한 정보를 확인할 수 있습니다. 추가 지원이 필요하거나 배송 방법에 대한 특정 질문이 있는 경우 고객 지원팀이 도와드릴 준비가 되어 있습니다. 당사 웹사이트의 라이브 채팅을 통해 문의하시거나 고객 지원 전화번호 [고객 지원 전화번호]로 전화해 주시기 바랍니다. 저희는 고객님의 배송 경험을 편리하고 즐겁게 만들기 위해 왔습니다!"
BILM,내가 어떤 배송 옵션을 갖고 있는지 확인할 수 있나요?,배송,배송 방법 확인,"내가 해낼게! 저는 구매하기 전에 배송 옵션을 아는 것이 중요하다는 것을 이해합니다. 사용 가능한 선택 사항을 안내해 드리겠습니다. 1. 표준 배송: 이 옵션은 일반적으로 도착하는 데 [운영시간/기간] 영업일이 소요됩니다. 급하지 않은 물건에 딱 맞습니다. 2. 빠른 배송: 상품이 더 빨리 필요한 경우, 빠른 배송을 이용하면 영업일 기준 [운영시간/기간] 이내에 상품을 받으실 수 있습니다. 3. 익일 배송: 긴급한 요구가 있는 경우 익일 배송을 제공하여 다음 영업일 배송을 보장합니다. 4. 매장 내 픽업: 직접 접근 방식을 선호하는 경우 [주소/지역] 중 하나에서 매장 내 픽업을 선택할 수 있습니다. 위치, 재고 여부 등의 요인에 따라 배송 시간이 달라질 수 있다는 점을 참고하세요. 특별한 우려 사항이 있거나 추가 지원이 필요한 경우 언제든지 문의하세요. 정보를 바탕으로 결정을 내리고 원활한 배송 경험을 보장할 수 있도록 도와드리겠습니다!"
BLMW,내가 가지고 있는 배송 방법이 무엇인지 확인하는 데 도움이 필요합니다.,배송,배송 방법 확인,"오, 정말 흥미롭네요! 다양한 배송 방법을 탐구하려는 고객님의 열정이 제 관심을 끌었습니다. 고객님께 꼭 맞는 훌륭한 옵션을 안내해 드리겠습니다."
BILM,고객님이 제공하는 배송 방법을 확인할 수 있습니까?,배송,배송 방법 확인,물론이죠! 우리가 제공하는 배송 방법에 대한 포괄적인 정보를 제공하게 되어 기쁘게 생각합니다. 사용 가능한 옵션은 다음과 같습니다. 1. 표준 배송: 이것은 일반적으로 영업일 기준 [운영시간/기간] 이내에 상품을 배송하는 가장 인기 있는 옵션입니다. 급하지 않은 구매에 좋습니다. 2. 빠른 배송: 상품을 좀 더 빨리 배송하고 싶으십니까? [운영시간/기간] 영업일 이내에 배송을 보장하는 빠른 배송을 선택하세요. 3. 익일 배송: 긴급한 요구 사항이 있는 경우 익일 배송을 통해 익일 배송을 보장합니다. 4. 매장 내 픽업: 보다 직접적인 접근 방식을 선호하는 경우 매장 내 픽업을 선택할 수 있습니다. 결제 시 이 옵션을 선택하고 가장 가까운 [주소/지역]에서 상품을 수령하세요. 각 배송 방법에는 특정 요구 사항을 충족할 수 있는 고유한 특성이 있습니다. 추가 질문이 있거나 가장 적합한 옵션을 선택하는 데 도움이 필요하면 주저하지 말고 문의하세요. 저희는 고객님의 배송 경험이 원활하고 편리하다는 것을 확인하기 위해 왔습니다!
BILMQ,어떤 배송 옵션이 있는지 어떻게 알 수 있나요?,배송,배송 방법 확인,"물론이죠! 이용 가능한 배송 옵션에 대한 정보를 찾는 데 도움을 드리고자 왔습니다. 어떤 옵션을 사용할 수 있는지 확인하려면 다음 단계를 따르세요. 1. 당사 웹사이트 [웹사이트/메뉴]를 방문하세요. 2. 웹사이트의 ""배송"" 또는 ""배송"" 섹션으로 이동합니다. 3. ""배송 옵션"" 또는 ""배송 방법""이라는 제목의 페이지를 찾으십시오. 4. 해당 페이지에서는 당사가 제공하는 모든 배송 옵션의 전체 목록과 각 옵션에 대한 세부정보를 확인할 수 있습니다. 5. 시간을 내어 다양한 옵션을 살펴보고 고객님의 필요와 선호도에 가장 적합한 옵션을 선택하십시오. 도중에 어려움을 겪거나 궁금한 점이 있으면 주저하지 말고 고객 지원팀에 문의하세요. [운영시간/기간]([고객센터전화번호]) 또는 당사 웹사이트([웹사이트/메뉴])의 라이브 채팅을 통해 이용 가능합니다. 그들은 기꺼이 고객님께 더 많은 도움을 드릴 것입니다. 저희는 원활하고 맞춤화된 배송 경험을 제공하기 위해 노력하고 있으며 모든 단계에서 고객 만족을 보장하기 위해 노력하고 있다는 점을 기억하십시오!"
BELMQ,내가 어떤 배송 방법을 사용하는지 어떻게 확인하는지 모르겠어요,배송,배송 방법 확인,"훌륭해요! 이용 가능한 배송 방법을 확인하는 과정을 안내해 드리겠습니다. 배송 옵션을 보려면 다음 단계를 따르세요. 1. 당사 웹사이트를 방문하여 고객님의 계정에 로그인하십시오. 2. ""배송"" 또는 ""배송"" 섹션으로 이동합니다. 3. ""배송 방법"" 또는 ""배송 옵션""과 관련된 탭이나 링크를 찾으십시오. 4. 관련 섹션을 찾으면 표준, 신속, 익일, 매장 픽업 등 당사가 제공하는 다양한 배송 방법을 탐색할 수 있습니다. 배송 방법에 대해 어려움이 있거나 특정 질문이 있는 경우 주저하지 말고 문의하세요. 저는 모든 단계에서 고객님을 돕기 위해 여기 있습니다!"
BLQ,배송 방법을 알아보려고 전화했어요,배송,배송 방법 확인,"아, 저희의 절묘한 배송 방법을 알아내기 위한 전화 한 통! 정말 기쁘네요! 놀라운 배송 옵션에 대해 알려드리겠습니다. 고객님과 같은 존경하는 고객께서는 당사 웹사이트를 방문하여 ""배송"" 또는 ""배송"" 섹션으로 이동하여 다양한 배송 방법을 탐색하실 수 있습니다. 여기에서 신뢰할 수 있는 배송 파트너, 예상 배송 시간 및 적용될 수 있는 추가 비용에 대한 자세한 정보를 확인할 수 있습니다. 탐색 중에 특정 질문이 있거나 추가 지원이 필요한 경우 당사의 전담 고객 서비스 팀이 언제든지 고객님의 처분을 받을 수 있습니다. [고객센터전화번호]로 전화하거나 당사 웹사이트 [웹사이트/메뉴]의 라이브 채팅 기능을 통해 연락할 수 있습니다. 우리 운송 방법의 경이로움이 고객님 앞에 펼쳐지도록 하시고, 우리와 함께하는 여행이 기쁨과 만족으로 가득 차기를 바랍니다."
BILMQ,내가 선택할 수 있는 배송 옵션을 어떻게 알 수 있나요?,배송,배송 방법 확인,"기쁘다! 저는 고객님이 배송 옵션 영역을 탐색하는 데 도와드리겠습니다. 사용 가능한 배송 옵션을 보려면 다음 단계를 따르세요. 1. 당사 웹사이트 [웹사이트/메뉴]를 방문하세요. 2. 구매하고 싶은 상품의 상품 페이지로 이동합니다. 3. 제품 페이지에서 ""배송 옵션"" 또는 ""배송 정보"" 섹션을 찾으세요. 4. 섹션을 클릭하여 확장하고 사용 가능한 배송 옵션을 표시합니다. 5. 잠시 시간을 내어 각 옵션의 세부정보와 예상 배송 시간을 검토해 보세요. 다음 단계에 따라 고객님의 필요에 가장 적합한 배송 옵션을 탐색하고 선택할 수 있습니다. 도중에 어려움을 겪거나 추가 질문이 있으면 주저하지 말고 문의하세요. 저는 고객님께 원활하고 만족스러운 경험을 보장하기 위해 왔습니다!"
BILM,어떤 배송 방법을 선택할 수 있는지 확인할 수 있나요?,배송,배송 방법 확인,"바로 처리하겠습니다! 선택할 수 있는 다양한 배송 방법을 살펴보겠습니다. 1. 표준 배송: 이는 가장 일반적으로 사용되는 방법으로, 고객님의 주문은 일반적으로 영업일 기준 [운영시간/기간] 이내에 도착합니다. 2. 빠른 배송: 조금 급한 경우 이 옵션을 사용하면 영업일 기준 [운영시간/기간] 이내에 패키지가 도착할 수 있습니다. 3. 익일 배송: 긴급한 상황의 경우 익일 배송을 제공하여 고객님의 주문이 다음 영업일에 배송되도록 보장합니다. 4. 국제 배송: [주소/지역] 이외의 지역으로 주문을 배송하려는 경우 국제 배송 옵션도 제공됩니다. 예상 배송 시간은 위치 및 기타 요인에 따라 달라질 수 있습니다. 구체적인 질문이 있거나 제가 도와드릴 수 있는 다른 사항이 있으면 언제든지 알려주시기 바랍니다. 고객 만족이 저희의 최우선 사항입니다!"
BELMQ,내가 가지고 있는 배송 방법을 확인하려면 어떻게 해야 할지 모르겠습니다.,배송,배송 방법 확인,"아, 필요한 정보를 찾는 것이 혼란스러울 수 있다는 점을 이해합니다. 사용 가능한 배송 방법을 확인하는 방법을 단계별로 안내해 드리겠습니다. 1. 당사 웹사이트를 방문하여 ""배송"" 또는 ""배송"" 섹션으로 이동합니다. 2. 배송 페이지에 들어가면 옵션, 예상 배송 시간, 추가 비용(해당하는 경우) 등 배송 방법에 대한 자세한 정보를 확인할 수 있습니다. 3. 배송 시간, 비용, 긴급성 등의 요소를 고려하여 각 배송 방법을 신중하게 검토하세요. 4. 질문이 있거나 추가 지원이 필요한 경우 주저하지 말고 연락처 페이지나 라이브 채팅을 통해 친절한 고객 지원팀에 문의하세요. 고객님이 갖고 있는 모든 질문에 대해 기꺼이 도움을 드릴 것입니다. 저희는 고객님의 배송 경험을 가능한 한 원활하게 만들기 위해 여기 있다는 것을 기억하십시오. 자유롭게 옵션을 살펴보고 추가로 도움이 필요한 사항이 있으면 알려주시기 바랍니다!"
BCEL,배송 방법을 찾으려고 하는데 도움이 필요합니다,배송,배송 방법 확인,정말 환상적이네요! 저희의 절묘한 배송 방법을 탐색하는 데 도움을 드리게 되어 기쁩니다. 포괄적인 개요를 제공해 드리겠습니다. 1. 표준 배송: 패키지가 지정된 [운영시간/기간] 영업일 이내에 도착하도록 보장하는 신뢰할 수 있는 옵션입니다. 긴급하지 않은 주문에 적합합니다. 2. 빠른 배송: 더 빠른 배송을 원하는 경우 이 옵션을 선택하면 영업일 기준 [운영시간/기간] 이내에 상품이 도착할 수 있습니다. 3. 익일 배송: 물품이 긴급하게 필요하십니까? 익일 배송을 선택하고 다음 영업일까지 문앞까지 배송받으세요. 4. 국제 배송: 저희는 글로벌 고객을 위해 전 세계 목적지로 제품을 배송하기 위해 국제 배송을 제공합니다. 이러한 옵션은 고객님의 다양한 요구와 선호 사항을 충족하도록 설계되었습니다. 특별한 문의 사항이 있거나 추가 지원이 필요한 경우 언제든지 알려주시기 바랍니다. 여행의 모든 단계를 안내하게 되어 기쁩니다!
BLM,어떤 배송 방법을 제공하는지 확인하고 싶습니다.,배송,배송 방법 확인,"최선을 다하겠습니다! 배송 옵션에 대한 개요를 알려드리게 되어 기쁘게 생각합니다. 우리가 제공하는 놀라운 배송 방법의 세계를 살펴보겠습니다. 1. 표준 배송: 가장 인기 있는 옵션으로 예상 배송 시간은 [기타정보] 영업일입니다. 급하지 않은 물건에 딱 맞습니다. 2. 빠른 배송: 좀 더 빠른 상품이 필요한 분들을 위해 영업일 기준 [기타정보]의 예상 배송 시간으로 빠른 배송을 제공합니다. 이 옵션을 사용하면 상품이 문앞까지 빨리 도착할 수 있습니다. 3. 특급 배송: 시간이 중요한 경우에는 특급 배송 옵션을 이용하세요. 이 서비스를 이용하면 고객님의 상품이 영업일 기준 [기타정보] 이내에 배송됩니다. 4. 당일 배송: 최대한 빨리 구매하고 싶으십니까? 당사의 당일 배송 옵션이 고객님을 보호해 드립니다. [기타정보] 이전에 주문하고 당일 수령하세요. 5. 매장 픽업: 직접 상품을 수령하고 싶으신 경우, 편리한 매장 픽업 옵션을 선택하실 수 있습니다. 결제 시 이 옵션을 선택하시면 [기타정보] 영업시간 내에 가장 가까운 매장에서 상품을 픽업할 수 있습니다. 정확한 배송 시간은 위치 및 기타 요인에 따라 달라질 수 있습니다. 구체적인 질문이 있거나 추가 지원이 필요한 경우 언제든지 문의해 주세요. 저희는 고객님의 배송 경험이 원활하고 편리하도록 보장하기 위해 왔습니다!"
BELP,배송방법을 어떻게 확인할 수 있는지 모르겠어요,배송,배송 방법 확인,걱정 마세요! 이용 가능한 배송 방법을 확인하는 방법을 안내해 드리겠습니다. 시작하려면 당사 웹사이트나 모바일 앱을 방문하여 제품 페이지나 장바구니로 이동하세요. 여기에서 각 품목에 대해 제공되는 배송 옵션을 확인할 수 있습니다. 또한 당사 웹사이트의 라이브 채팅을 통해 또는 [운영시간/기간]에 [고객센터전화번호]로 전화하여 고객 서비스 팀에 문의하실 수 있습니다. 다양한 배송 방법을 탐색하고 고객님의 요구에 가장 적합한 방법을 선택할 수 있도록 기꺼이 도와드릴 것입니다. 저희는 고객님의 쇼핑 경험을 최대한 원활하게 만들기 위해 여기 있다는 것을 기억하십시오!
BIQSWZ,나 [주소/지역]한테 주문해도 돼?,배송,배송 방법 확인,[주소/지역] 주문에 대한 고객님의 열정에 감사드립니다! 안심해 주세요. 거기에서 주문할 수 있습니다. 저희는 [주소/지역]를 포함한 여러 지역에 배송 서비스를 제공합니다. 선호하는 품목을 선택하고 결제를 진행한 후 [주소/지역]에 배송 주소를 입력하세요. 나머지는 저희가 처리하고 고객님의 주문이 신속하게 배송될 수 있도록 하겠습니다. 구체적인 질문이 있거나 추가 지원이 필요한 경우 언제든지 문의해 주세요. 저희는 고객님의 주문 경험을 원활하고 즐겁게 만들기 위해 왔습니다!
BLM,어떤 배송 옵션을 사용할 수 있는지 확인하는 데 도움이 됩니다.,배송,배송 방법 확인,확실히! 저는 다양한 배송 옵션을 탐색하는 데 도움을 드리고자 왔습니다. 바로 살펴보겠습니다: 1. 표준 배송: 이 옵션은 일반적으로 패키지를 배송하는 데 [운영시간/기간] 영업일이 소요됩니다. 급하지 않은 물건에 딱 맞습니다. 2. 빠른 배송: 더 빠른 배송을 원하신다면 당사의 빠른 배송을 이용하시면 고객님의 상품이 영업일 기준 [운영시간/기간] 이내에 도착할 수 있습니다. 3. 익일 배송: 시간이 중요한 경우 익일 배송은 다음 영업일까지 배송을 보장합니다. 4. 매장 내 픽업: 보다 직접적인 접근 방식을 선호하는 경우 [주소/지역]에서 매장 내 픽업을 선택할 수 있습니다. 이러한 옵션을 사용하면 고객님의 필요에 가장 적합한 옵션을 선택할 수 있습니다. 더 궁금한 점이 있거나 제가 도와드릴 수 있는 다른 사항이 있으면 언제든지 알려주시기 바랍니다. 저는 모든 단계에서 고객 만족을 보장하기 위해 여기에 있습니다!
BILM,어떤 배송 옵션을 제공하는지 확인하려면 어떻게 해야 하나요?,배송,배송 방법 확인,"고객님는 당사의 배송 옵션을 살펴보는 올바른 길을 가고 있습니다! 당사가 제공하는 배송 옵션을 확인하려면 당사 웹사이트를 방문하여 ""배송"" 또는 ""배송"" 섹션으로 이동하십시오. 여기에서 표준 배송, 빠른 배송, 익일 배송, 매장 픽업 등 다양한 배송 방법에 대한 자세한 정보를 확인할 수 있습니다. 또한 예상 배송 시간, 각 옵션과 관련된 추가 비용, 적용될 수 있는 제한 사항에 대한 정보도 확인할 수 있습니다. 추가 지원이 필요하거나 배송 옵션에 대해 구체적인 질문이 있는 경우 고객 서비스 팀이 기꺼이 도와드리겠습니다. 당사 웹사이트의 라이브 채팅을 통해 또는 고객 지원 핫라인에 전화하여 연락하실 수 있습니다. 저희는 고객님께 원활하고 즐거운 쇼핑 경험을 제공하기 위해 노력하고 있으며 배송 옵션은 고객님의 필요와 선호 사항을 충족하도록 설계되었음을 기억하십시오. 즐겁게 탐험해보세요!"
BLM,어떤 배송 방법이 있는지 확인하려고 합니다.,배송,배송 방법 확인,다양한 배송 방법을 탐색하는 데 도움을 드리게 되어 기쁘게 생각합니다! 저희 회사에서는 고객님의 특정 요구와 선호 사항을 충족하도록 설계된 여러 가지 옵션을 제공합니다. 고객님이 이용할 수 있는 다양한 배송 방법은 다음과 같습니다. 1. 표준 배송: 이 옵션은 일반적으로 배송에 [운영시간/기간] 영업일이 소요됩니다. 저렴한 배송비를 즐기고 싶을 때 긴급하지 않은 품목에 적합합니다. 2. 신속 배송: 패키지를 서둘러 받으려면 이것이 이상적인 선택입니다. 빠른 배송을 통해 고객님의 상품이 영업일 기준 [운영시간/기간] 이내에 도착할 수 있도록 보장합니다. 3. 익일 배송: 패키지를 최대한 빨리 배송해야 하는 경우 익일 배송을 통해 익일 배송이 보장됩니다. 4. 매장 픽업: 보다 편리한 옵션을 위해 [주소/지역]에서 상품을 픽업하도록 선택할 수 있습니다. 이렇게 하면 배송비를 절약하고 가장 빠른 시일 내에 제품을 받으실 수 있습니다. 이것이 우리가 제공하는 기본 배송 방법입니다. 각 방법에는 고유한 장점이 있어 결정을 내릴 때 유연성을 보장합니다. 더 궁금한 점이 있으시면 언제든지 문의해 주세요. 고객 만족이 저희의 최우선 사항입니다!
BLQ,배송 방법에 대해 질문이 있습니다,배송,배송 방법 확인,확실히! 배송 방법에 대해 알고 싶은 내용이 있으면 언제든지 문의해 주세요. 저는 고객님의 배송 요구사항에 가장 적합한 결정을 내리는 데 필요한 모든 정보를 제공해 드리겠습니다. 발사하세요!
BILP,배송 옵션에 대해 알려주실 수 있나요?,배송,배송 방법 확인,물론 배송 옵션에 대한 정보를 알려드리게 되어 기쁘게 생각합니다! 우리가 제공하는 다양한 선택은 다음과 같습니다. 1. 표준 배송: 이 옵션은 일반적으로 영업일 기준 [운영시간/기간] 이내에 도착하며 긴급하지 않은 품목에 대한 서비스를 제공하고 비용 효율적인 배송을 보장합니다. 2. 빠른 배송: 더 빠른 옵션을 원하시면 빠른 배송을 선택하세요. 고객님의 상품은 속도와 경제성 사이의 균형을 제공하면서 영업일 기준 [운영시간/기간] 이내에 고객님께 도착할 것입니다. 3. 익일 배송: 긴급한 요구가 있을 경우 익일 배송이 가능합니다. 이를 통해 고객님의 상품이 다음 영업일에 배송되도록 보장하여 최고 수준의 속도와 편의성을 제공합니다. 4. 매장 내 픽업: 보다 직접적인 접근 방식을 선호하는 경우 매장 내 픽업을 선택할 수 있습니다. 이 옵션을 사용하면 [주소/지역] 중 하나에서 개인적으로 품목을 수집할 수 있어 유연성과 편의성이 더해집니다. 구체적인 배송 시간은 위치 및 기타 요인에 따라 달라질 수 있다는 점을 기억하세요. 추가 질문이 있거나 배송 옵션과 관련하여 도움이 필요한 경우 언제든지 문의해 주세요. 저희는 고객 만족을 보장하기 위해 왔습니다!
BCL,배송 옵션을 확인하고 싶어요. 도와주세요.,배송,배송 방법 확인,내가 해낼게! 배송 옵션을 살펴보는 과정을 안내해 드리고자 왔습니다. 세부 사항을 살펴 보겠습니다. 1. 표준 배송: 이 방법은 일반적으로 [운영시간/기간] 영업일이 소요되며 서두르지 않을 때 좋은 선택입니다. 2. 빠른 배송: 더 빠른 배송 옵션을 찾고 계시다면 영업일 기준 [운영시간/기간] 이내에 상품을 받으실 수 있습니다. 3. 익일 배송: 긴급한 요구가 있는 경우 익일 배송을 통해 다음 영업일 배송이 보장됩니다. 4. 매장 내 픽업: 보다 개인화된 경험을 원하시면 [주소/지역] 중 한 곳에서 상품을 픽업하실 수 있습니다. 배송 시간은 특정 위치 및 기타 요인에 따라 달라질 수 있다는 점을 기억하세요. 당사 웹사이트의 결제 과정에서 원하는 배송 옵션을 선택할 수 있습니다. 추가 질문이 있거나 주문과 관련하여 도움이 필요한 경우 언제든지 문의해 주세요. 저는 모든 단계에서 고객님을 돕기 위해 여기 있습니다!
BILM,어떤 배송 방법을 사용할 수 있는지 어떻게 알 수 있나요?,배송,배송 방법 확인,당사 웹사이트를 방문하시면 이용 가능한 배송 방법을 쉽게 찾아보실 수 있습니다. 구매하려는 상품을 선택한 후 결제 페이지로 이동하세요. 결제 시 예상 배송 시간과 비용이 포함된 배송 옵션 목록을 확인할 수 있습니다. 이렇게 하면 배송 방법을 비교하고 필요에 가장 적합한 방법을 선택할 수 있습니다. 추가 지침이 필요하거나 배송 방법에 대한 구체적인 질문이 있는 경우 당사 고객 서비스 팀이 기꺼이 도와드리겠습니다. 저희는 고객님이 배송 옵션에 대해 완전한 가시성과 통제력을 갖기를 원합니다. 따라서 추가 문의사항이 있으면 언제든지 문의해 주세요.
BILQZ,배송 방법은 어디서 확인할 수 있나요?,배송,배송 방법 확인,"아, 지식탐구, 고객님의 호기심에 감탄합니다! 배송 방법의 보물창고를 안내해 드리겠습니다. 당사가 제공하는 다양한 배송 방법을 살펴보고 알아보려면 당사 웹사이트를 방문하세요. 여기에서 배송 및 배송에 관한 전용 섹션을 찾을 수 있습니다. 여기에는 각 방법에 대한 자세한 설명, 예상 배송 시간, 염두에 두어야 할 특별 고려사항 등 고객님이 찾는 모든 정보가 포함되어 있습니다. 당사 웹사이트를 방문하시면 고객님는 당사의 배송 방법에 대한 포괄적인 이해를 얻을 수 있을 뿐만 아니라 귀중한 통찰력, 특별 제안 및 쉽게 주문할 수 있는 편의성을 얻을 수 있습니다. 탐색을 즐기시고, 추가 지원을 원하는 특정 사항이 있으면 주저하지 말고 문의해 주세요."
BIL,배송 옵션을 볼 수 있도록 도와주실 수 있나요?,배송,배송 방법 확인,확실히! 저는 우리가 제공하는 흥미로운 배송 옵션의 세계를 안내하기 위해 왔습니다. 저희 회사에서는 고객님의 요구 사항에 맞는 선택을 하는 것이 중요하다는 것을 알고 있습니다. 최고의 배송 옵션을 소개하겠습니다. 1. 표준 배송: 이 신뢰할 수 있는 옵션은 일반적으로 도착하는 데 [운영시간/기간] 영업일이 소요됩니다. 비용과 속도 사이의 균형을 원하는 사람들에게 적합합니다. 2. 빠른 배송: 좀 더 빠른 상품이 필요한 분들을 위해 빠른 배송 옵션을 이용하면 영업일 기준 [운영시간/기간] 이내에 배송이 보장됩니다. 3. 익일 배송: 긴급하게 필요하신가요? 익일 배송 옵션을 통해 고객님의 패키지가 다음 영업일에 고객님의 문앞에 도착하도록 보장합니다. 4. 매장 내 픽업: 좀 더 개인적인 접촉을 선호하시나요? 편리한 매장 픽업을 선택하세요. 온라인으로 상품을 선택하고 가장 가까운 [주소/지역]에서 수령하세요. 이러한 옵션은 유연성을 제공하고 고유한 배송 요구 사항을 충족합니다. 이러한 옵션에 대해 구체적인 질문이나 우려 사항이 있거나 제가 도와드릴 수 있는 다른 사항이 있으면 알려주시기 바랍니다. 저는 고객님의 배송 경험이 원활하고 만족스러울 수 있도록 하기 위해 왔습니다!
BCILM,어떤 배송 방법이 있는지 확인해야 하는데 도와주실 수 있나요?,배송,배송 방법 확인,정말 훌륭해요! 고객님이 이용할 수 있는 배송 방법을 발견하면서 고객님의 흥분을 느낄 수 있습니다. 이 탐험과 권한 부여의 여정에서 제가 고객님을 도울 수 있게 해주세요. 우리가 제공하는 다양한 배송 방법은 다음과 같습니다. 1. 표준 배송: 일반적으로 [운영시간/기간] 영업일이 소요되는 신뢰할 수 있는 옵션입니다. 2. 특급 배송: 고객님의 상품이 영업일 기준 [운영시간/기간] 이내에 도착하도록 보장하는 더 빠른 대안입니다. 3. 당일 배송: 긴급한 요구 사항이 있는 경우 영업일 기준 당일 배송이 가능합니다. 4. 매장 내 픽업: 보다 개인화된 경험을 원하시면 [주소/지역]에서 제품을 픽업하실 수 있습니다. 예상 배송 시간은 위치 및 기타 요인에 따라 달라질 수 있습니다. 구체적인 질문이 있거나 제가 도와드릴 수 있는 다른 사항이 있으면 언제든지 문의해 주세요. 저는 고객 만족을 보장하고 고객님의 쇼핑 경험을 원활하고 즐겁게 만들기 위해 왔습니다!
BILW,빌어먹을 배송 방법을 확인할 수 있나요?,배송,배송 방법 확인,"아, 배송 방법을 알아보는 즐거움이군요! 물론입니다. 당사가 제품 배송을 위해 제공하는 다양한 옵션을 안내해 드리겠습니다. 배송 방법의 전체 목록은 다음과 같습니다. 1. 표준 배송: 일반적으로 [운영시간/기간] 영업일 이내에 도착하는 신뢰할 수 있는 선택입니다. 2. 신속한 배송: 일반적으로 영업일 기준 [운영시간/기간] 이내에 상품을 더 빠르게 배송받으세요. 3. 익일 배송: 긴급한 요구 사항의 경우 익일 배송을 보장합니다. 4. 매장 내 픽업: 보다 직접적인 접근 방식을 선호하는 경우 [주소/지역] 중 한 곳에서 직접 상품을 픽업할 수 있습니다. 이러한 옵션은 고객님의 요구에 맞게 맞춤화되어 원활한 배송 경험을 제공합니다. 더 궁금한 점이 있으시거나 추가 도움이 필요하시면 언제든지 문의해 주세요."
BL,배송에 사용 가능한 방법을 보여줍니다,배송,배송 방법 확인,긍정적으로! 사용 가능한 배송 방법을 살펴보겠습니다. 고객님의 편의를 위해 다음과 같은 옵션을 제공합니다. 1. 표준 배송: 이는 일반적으로 [운영시간/기간] 영업일 이내에 도착하는 일반 배송 옵션입니다. 긴급하지 않은 품목이나 보다 저렴한 배송 방법을 선호하는 고객에게 적합합니다. 2. 빠른 배송: 상품이 좀 더 빨리 필요하신 경우 빠른 배송을 제공해 드립니다. 이 옵션을 사용하면 영업일 기준 [운영시간/기간] 이내에 상품이 도착할 것으로 예상할 수 있습니다. 패키지가 더 빨리 필요한 고객에게 탁월한 선택입니다. 3. 익일 배송: 긴급한 요구 사항이 있는 경우 익일 배송을 제공합니다. 이 옵션을 사용하면 다음 영업일에 상품을 빨리 배송받을 수 있습니다. 시간에 민감한 구매에 이상적인 선택입니다. 4. 매장 내 픽업: 보다 직접적인 접근 방식을 선호하는 경우 매장 내 픽업을 선택할 수 있습니다. 결제 시 이 옵션을 선택하고 [주소/지역]에서 가장 편리한 위치를 선택하세요. 상품을 픽업할 준비가 되면 알림을 받게 됩니다. 이러한 배송 옵션은 고객님의 요구 사항을 충족하도록 설계되어 고객님이 배송 기본 설정을 제어할 수 있습니다. 더 궁금한 점이 있거나 제가 도와드릴 수 있는 부분이 있으면 언제든지 문의해 주세요. 저는 도와주러 왔습니다!
BLM,고객님이 제공하는 배송 방법을 확인하는 방법을 모르겠습니다.,배송,배송 방법 확인,"전혀 걱정하지 마세요! 저는 고객님이 당사의 다양한 배송 방법을 찾는 데 도움을 드리고자 왔습니다. 사용 가능한 옵션을 확인하려면 당사 웹사이트를 방문하여 ""배송"" 또는 ""배송"" 섹션으로 이동하세요. 여기에서 예상 배송 시간, 비용, 제공되는 추가 서비스를 포함하여 각 방법에 대한 자세한 정보를 확인할 수 있습니다. 보다 개인화된 경험을 원하신다면 당사 고객 서비스 팀이 항상 도움을 드릴 준비가 되어 있습니다. 라이브 채팅을 통해 또는 [고객센터전화번호]에 전화하여 연락하실 수 있습니다. 그들은 기꺼이 모든 관련 배송 세부 정보를 제공하고 고객님의 특정 요구 사항에 따라 최상의 옵션을 선택하도록 도와줄 것입니다. 저희는 고객님의 배송 경험을 가능한 한 원활하게 만들고자 하므로 궁금한 점이 있으면 언제든지 문의하십시오. 저희는 고객님이 정보에 입각한 결정을 내리고 즐거운 배송 경험을 누릴 수 있도록 여기 있습니다!"
BLW,빌어먹을 배달 옵션을 볼 수 있게 도와줘,배송,배송 방법 확인,바로 처리하겠습니다! 당사의 포괄적인 배송 옵션을 탐색하는 데 도움을 드리게 되어 기쁘게 생각합니다. 사용할 수 있는 옵션은 다음과 같습니다. 1. 표준 배송: 이 옵션은 일반적으로 영업일 기준 [운영시간/기간] 이내에 도착하며 긴급하지 않은 품목에 적합합니다. 2. 빠른 배송: 상품이 더 빨리 필요한 경우 이 더 빠른 옵션을 사용하면 영업일 기준 [운영시간/기간] 이내에 배송이 보장됩니다. 3. 익일 배송: 긴급한 요구가 있을 경우 익일 배송을 제공합니다. 4. 매장 내 픽업: 보다 개인화된 경험을 원하시면 [주소/지역] 중 한 곳에서 제품을 픽업하실 수 있습니다. 고객님의 선호 사항과 요구 사항을 이해함으로써 가장 적합한 배송 옵션을 선택하는 데 도움을 드릴 수 있습니다. 특별한 문의 사항이 있거나 제가 도와드릴 수 있는 다른 사항이 있으면 언제든지 알려주시기 바랍니다. 함께 원활하고 즐거운 배송 경험을 만들어 보세요!
BCLM,어떤 배송 방법을 제공하는지 알고 싶습니다. 도와주세요.,배송,배송 방법 확인,"최선을 다하겠습니다! 저는 당사의 다양한 배송 방법에 대한 자세한 정보를 제공해 드리겠습니다. 옵션을 함께 살펴보겠습니다! 1. 표준 배송: 이는 당사의 가장 일반적인 배송 방법이며 일반적으로 영업일 기준 [운영시간/기간] 이내에 도착합니다. 서두르지 않는다면 이상적인 선택입니다. 2. 빠른 배송: 더 빠른 배송이 필요한 경우 빠른 배송 옵션을 사용하면 영업일 기준 [운영시간/기간] 이내에 상품이 도착할 수 있습니다. 시간에 민감한 주문에 적합합니다! 3. 익일 배송: 긴급 상황의 경우 익일 배송을 통해 익일 배송이 보장되므로 최대한 빨리 상품을 받으실 수 있습니다. 4. 매장 픽업: 좀 더 편리한 옵션을 원하시면 매장 픽업을 선택하실 수 있습니다. 결제 시 이 옵션을 선택하기만 하면 고객님의 품목이 당사 [주소/지역]에서 수령될 준비가 됩니다. 구체적인 배송 시간은 위치, 품목 가용성 등의 요인에 따라 달라질 수 있다는 점을 기억하세요. 이러한 옵션에 대한 특정 요구 사항이나 질문이 있는 경우 언제든지 알려주시기 바랍니다. 저는 고객님의 배송 경험이 원활하고 즐겁도록 도와드리기 위해 왔습니다!"
BCLMQ,고객님이 제공하는 배송 방법이 나에게 도움이 되는지 확인해야 해요,배송,배송 방법 확인,"물론입니다! 이용 가능한 배송 방법을 알아보는 데 기꺼이 도움을 드리겠습니다. 우리가 제공하는 옵션은 다음과 같습니다. 1. 표준 배송: 이것은 일반적으로 도착하는 데 [운영시간/기간] 영업일이 소요되는 당사의 일반 배송 방법입니다. 긴급하지 않은 품목에 이상적입니다. 2. 빠른 배송: 고객님의 품목이 좀 더 빨리 필요한 경우, 당사의 빠른 배송 옵션은 영업일 기준 [운영시간/기간] 이내에 배송됩니다. 3. 익일 배송: 긴급한 요구가 있는 경우 익일 배송을 제공하여 고객님의 상품이 다음 영업일에 도착하도록 보장합니다. 4. 매장 내 픽업: 보다 직접적인 접근 방식을 선호하는 경우 매장 내 픽업 옵션을 선택할 수 있습니다. 결제 과정에서 이것을 선택하고 [주소/지역]에서 상품을 수령하세요. 배송 시간은 위치 및 기타 요인에 따라 달라질 수 있다는 점을 기억하세요. 추가 지원이 필요하거나 특정 우려 사항이 있는 경우 언제든지 문의하세요. 저는 고객님의 배송 경험이 원활하고 수월해질 수 있도록 돕기 위해 왔습니다!"
BLMW,어떤 피 묻은 전달 방법이 있는지 확인하는 데 도움이 필요합니다,배송,배송 방법 확인,"물론입니다! 배송 방법의 세계에 대해 함께 알아보고 이용 가능한 옵션을 살펴보겠습니다. 우리가 제공하는 다양한 배송 방법은 다음과 같습니다. 1. 표준 배송: 이 방법은 일반적으로 상품을 배송하는 데 [운영시간/기간] 영업일이 소요됩니다. 급하지 않은 구매에 좋습니다. 2. 특급 배송: 급한 경우 이 옵션을 사용하면 영업일 기준 [운영시간/기간] 이내에 상품이 도착할 수 있습니다. 3. 당일 배송: 긴급한 요구 사항이 있는 경우 당일 배송을 위해 이 옵션을 선택하세요. 4. 매장 픽업: 직접 상품을 수령하고 싶으신 경우, 이 옵션을 선택하시고 가장 가까운 매장에서 수령하실 수 있습니다. 이것이 도움이 되기를 바랍니다! 추가 문의사항이 있거나 다른 도움이 필요한 경우 언제든지 알려주시기 바랍니다. 저는 고객님의 쇼핑 경험을 정말 좋은 경험으로 만들기 위해 왔습니다!"
BILMP,어떤 배송 옵션을 제공하는지 확인할 수 있나요?,배송,배송 방법 확인,"아, 놀라운 배송 옵션을 탐색하는 즐거움이 있습니다! 저희의 절묘한 선택을 안내하게 되어 정말 기쁩니다. 1. 표준 배송: 영업일 기준 [운영시간/기간] 이내에 패키지가 정상적으로 도착할 때 기대의 기쁨을 경험해 보세요. 2. 빠른 배송: 더 빠른 배송 옵션을 찾고 계십니까? 빠른 여행을 보장하기 위해 고객님의 상품이 [운영시간/기간] 영업일 내에 배송될 것으로 예상합니다. 3. 익일 배송: 즉각적인 만족이 필요한 사람들을 위해 이 옵션은 다음 영업일 배송을 보장합니다. 4. 매장 픽업: 보다 개인화된 터치를 선호하는 경우 [주소/지역]에서 편리하게 상품을 픽업할 수 있습니다. 각 배송 옵션에는 고유한 매력이 있습니다. 이러한 옵션 중 고객님의 요구 사항에 맞는 것이 있습니까? 더 궁금한 점이 있거나 선택하는 데 도움이 필요하면 주저하지 말고 문의하세요."
BM,어떤 배송 옵션을 제공하는지 확인할 수 있게 도와주세요,배송,배송 방법 확인,물론입니다! 저는 다양한 배송 옵션을 탐색하는 데 도움을 드리고자 왔습니다. 1. 표준 배송: 이 옵션은 일반적으로 [운영시간/기간] 영업일 이내에 도착하므로 긴급하지 않은 품목에 적합합니다. 2. 빠른 배송: 급한 경우 영업일 기준 [운영시간/기간] 이내에 배송하려면 이 옵션을 선택하세요. 3. 익일 배송: 긴급한 요구 사항이 있는 경우 익일 배송을 보장합니다. 4. 매장 픽업: 직접 상품을 픽업하는 편리함을 선호하는 경우 이 옵션을 선택할 수 있습니다. 다음은 사용 가능한 기본 배송 옵션입니다. 정확한 배송 시간은 위치 및 기타 요인에 따라 달라질 수 있습니다. 특별한 문의 사항이 있거나 제가 도와드릴 수 있는 다른 사항이 있으면 언제든지 알려주시기 바랍니다. 저는 고객님의 최고의 만족을 보장하기 위해 여기 있습니다!
BCEL,배송 옵션을 찾고 있습니다. 찾는 데 도움을 주세요.,배송,배송 방법 확인,확실히! 고객님이 이용할 수 있는 다양한 배송 옵션을 탐색하는 여정을 시작하겠습니다. 저희의 목표는 고객님의 배송 경험을 최대한 원활하게 만드는 것입니다. 고려할 수 있는 옵션은 다음과 같습니다. 1. 표준 배송: 이 옵션은 비용 효율적인 방법을 선호하는 사람들에게 가장 적합합니다. 고객님의 패키지는 일반적으로 영업일 기준 [운영시간/기간] 이내에 도착합니다. 2. 신속 배송: 시간에 민감한 개인인 경우 이 옵션을 사용하면 일반적으로 영업일 기준 [운영시간/기간] 이내에 더 빠른 배송이 보장됩니다. 3. 익일 배송: 긴급한 요구가 있는 경우 익일 배송을 통해 고객님의 패키지가 영업일 기준 익일 목적지에 도착하도록 보장합니다. 4. 매장 내 픽업: 편의를 위해 매장 내 픽업을 선택할 수 있는 옵션이 있습니다. [주소/지역] 중 한 곳을 방문하여 직접 아이템을 수집해 보세요. 이러한 배송 옵션은 다양한 요구 사항을 충족합니다. 추가 문의사항이 있거나 추가 지원이 필요한 경우 언제든지 알려주시기 바랍니다. 배송 과정을 안내해 드리게 되어 기쁘게 생각합니다!
BLM,어떤 배송 옵션을 제공하는지 확인해야 합니다,배송,배송 방법 확인,물론입니다! 고객님의 필요에 맞는 사용 가능한 배송 옵션을 탐색하는 데 도움을 드리고자 왔습니다. 세부 사항을 살펴보겠습니다. 1. 표준 배송: 이 옵션은 일반적으로 영업일 기준 [운영시간/기간] 이내에 도착하므로 긴급하지 않은 주문에 대해 안정적이고 비용 효율적인 선택을 제공합니다. 2. 빠른 배송: 상품을 좀 더 빨리 배송하고 싶으십니까? 당사의 신속한 배송은 영업일 기준 [운영시간/기간] 이내에 배송을 보장하여 고객님의 상품을 즉시 고객님의 손에 전달합니다. 3. 익일 배송: 긴급한 요구 사항이 있는 경우 익일 배송 옵션을 통해 다음 영업일 배송을 보장하므로 상품을 신속하게 받으실 수 있습니다. 4. 매장 내 픽업: 더욱 개인화된 경험을 원하신다면 매장 내 픽업 서비스를 통해 [주소/지역]에서 상품을 받으실 수 있습니다. 배송 과정을 건너뛰고 상품을 직접 받아보세요. 이러한 옵션은 고객님의 위치와 선택한 항목에 따라 달라질 수 있습니다. 고객님의 주문 및 위치에 따른 배송 옵션을 자세히 알아보려면 우편번호를 알려주시기 바랍니다. 궁금한 점이 있으면 언제든지 문의하거나 문의 사항을 표현해 주세요. 최선을 다해 도와드리겠습니다!
BLMW,내가 어떤 배달 방법을 가지고 있는지 확인해야 해,배송,배송 방법 확인,물론입니다! 고객님이 사용할 수 있는 배송 옵션 영역을 자세히 살펴보겠습니다. 1. 표준 배송: 이 방법은 일반적으로 목적지에 도달하는 데 [운영시간/기간] 영업일이 소요됩니다. 긴급하지 않은 배송에 탁월한 선택입니다. 2. 빠른 배송: 상품을 좀 더 빨리 받으려는 경우 이 옵션을 선택하면 영업일 기준 [운영시간/기간] 이내에 상품이 배송됩니다. 3. 익일 배송: 시간이 중요한 경우 이 방법을 사용하면 다음 영업일 배송이 보장됩니다. 4. 매장 내 픽업: 보다 개인적인 손길과 제품에 대한 빠른 접근을 원할 경우 [주소/지역]에서 제품을 픽업하도록 선택할 수 있습니다. 배송 선호도를 평가하면서 자신감을 느껴보세요. 제가 도와드릴 다른 것이 있나요? 고객 만족이 저희의 최우선 사항입니다!
BCLPW,빌어먹을 배송 방법을 확인하고 싶은데 도와주세요,배송,배송 방법 확인,"최선을 다하겠습니다! 불편을 끼쳐드려 죄송합니다. 다양한 배송 방법을 살펴보실 수 있도록 도와드리겠습니다. 이 여정을 함께 시작하여 고객님의 요구 사항에 가장 적합한 옵션을 찾아보세요. 특급 배송, 표준 배송 또는 기타 방법을 선호하시더라도 저는 지침을 제공하고 원활한 경험을 보장하기 위해 여기 있습니다. 고객님이 가질 수 있는 특정 요구 사항이나 우려 사항을 주저하지 말고 공유하십시오. 저희는 함께 이 과정을 탐색하고 고객님께 딱 맞는 배송 방법을 찾아보겠습니다."
BILQ,배송 옵션을 확인하는 곳,배송,배송 방법 확인,"아, 배송 옵션 검색이 시작됩니다! 사용 가능한 배송 옵션을 살펴보려면 다음과 같은 간단한 단계를 따르세요. 1. 당사 웹사이트 [웹사이트/메뉴]를 방문하세요. 2. ""배송"" 또는 ""배송"" 섹션으로 이동합니다. 3. 배송 페이지에 들어가면 사용 가능한 모든 배송 옵션에 대한 자세한 정보를 확인할 수 있습니다. 보다 개인화된 접근 방식을 선호하거나 웹사이트 탐색에 도움이 필요한 경우 언제든지 고객 지원팀에 문의하세요. [운영시간/기간]([고객센터전화번호]) 또는 당사 웹사이트의 라이브 채팅을 통해 이용 가능합니다. 그들은 고객님을 단계별로 안내하고 고객님이 가질 수 있는 모든 질문에 답할 수 있습니다. 클릭 한 번이나 전화 한 번이면 여행 중에 완벽한 배송 옵션을 찾을 수 있도록 지원을 제공할 준비가 되어 있다는 점을 기억하십시오."
BELMQ,어떤 배송 옵션을 제공하는지 확인하는 방법을 모르겠습니다,배송,배송 방법 확인,"과연! 배송 옵션을 확인하는 과정을 안내해 드리고자 왔습니다. 우리가 제공하는 다양한 선택 사항을 알아보려면 다음의 간단한 단계를 따라 주세요. 1. 당사 웹사이트를 방문하여 ""배송"" 또는 ""배송"" 섹션으로 이동합니다. 2. ""배송 옵션"" 또는 ""배송 방법"" 탭을 찾으세요. 3. 사용 가능한 모든 옵션을 자세히 살펴보려면 해당 항목을 클릭하세요. 어려움이 있거나 추가 질문이 있는 경우 언제든지 고객 지원팀에 문의하세요. 저희는 고객님께 필요한 지원을 제공하기 위해 24시간 내내 대기하고 있습니다. 고객 만족이 저희의 최우선 사항임을 기억하십시오!"
BILMQ,어떤 배송 방법을 이용할 수 있는지 어떻게 확인하나요?,배송,배송 방법 확인,"사용 가능한 배송 방법을 찾는 것은 매우 쉽습니다! 할 수 있는 작업은 다음과 같습니다. 1. 당사 웹사이트 방문: 당사 웹사이트로 이동하여 제품 페이지를 탐색할 수 있습니다. 일반적으로 사용 가능한 배송 옵션은 제품 페이지나 결제 과정에서 언급됩니다. 2. 고객 지원팀에 문의: 전화, 이메일 또는 라이브 채팅을 통해 친절한 고객 지원팀에 문의하세요. 그들은 최신 정보에 접근할 수 있으며 이용 가능한 배송 방법을 찾는 데 기꺼이 도움을 드릴 것입니다. 3. 자주 묻는 질문(FAQ) 확인: 자주 묻는 질문(FAQ) 섹션에서는 배송 옵션에 대한 일반적인 문의 사항을 다루는 경우가 많습니다. 고객님이 찾고 있는 답을 바로 거기에서 찾을 수 있을 것입니다. 4. 실제 매장 방문: 직접 체험을 원하시면 실제 매장 중 한 곳을 방문하시면 직원이 이용 가능한 배송 방법에 대한 자세한 정보를 제공해드릴 수 있습니다. 구매 가능 여부는 고객님의 위치와 관심 있는 제품에 따라 달라질 수 있다는 점을 기억하십시오. 특정 질문이 있거나 추가 지원이 필요한 경우 언제든지 문의해 주세요. 저희는 고객님의 배송 경험이 원활하고 고객님의 요구에 맞게 조정되도록 보장하기 위해 왔습니다!"
BILMW,고객님이 제공하는 빌어먹을 배송 방법이 무엇인지 어떻게 알 수 있나요?,배송,배송 방법 확인,"아, 고객님이 저희의 배송 방법을 알아보고 싶어한다는 것을 이해합니다. 사용 가능한 옵션을 보려면 다음과 같은 간단한 단계를 따르세요. 1. 당사 홈페이지를 방문하여 관심있는 상품의 상품페이지로 이동합니다. 2. 장바구니에 상품을 추가하고 결제 페이지로 이동하세요. 3. 결제 페이지에서 원하는 배송 방법을 선택할 수 있는 섹션을 찾을 수 있습니다. 4. 드롭다운 메뉴를 클릭하면 당사가 제공하는 다양한 배송 옵션을 볼 수 있습니다. 5. 고객님의 필요에 가장 적합한 옵션을 선택하십시오. 6. 결제 과정을 완료하고 주문을 받기를 기다립니다. 어려움이 있거나 추가 질문이 있는 경우 모든 단계에서 도움을 드릴 수 있습니다. 저희는 고객 만족을 소중히 여기며 고객님의 쇼핑 경험이 원활하고 즐겁기를 바랍니다."
BLM,내가 가지고 있는 배송 방법을 확인하는 데 도움이 됩니다.,배송,배송 방법 확인,"내가 처리할게! 저는 저희가 제공하는 다양한 배송 방법을 탐색하는 데 도움을 드리고자 왔습니다. 고객님이 현명한 결정을 내릴 수 있도록 배송 옵션을 안내해 드리겠습니다. 1. 표준 배송: [운영시간/기간] 영업일 이내에 상품을 배송합니다. 2. 신속 배송: 영업일 기준 [운영시간/기간] 배송을 보장하는 더 빠른 옵션입니다. 3. 익일 배송: 긴급한 요구가 있는 경우 익일 배송을 보장합니다. 4. 매장 내 픽업: 편리한 [주소/지역] 중 한 곳에서 직접 상품을 픽업하려는 경우 이상적입니다. 이러한 옵션은 위치, 특정 품목 및 기타 요인에 따라 다릅니다. 특별한 문의 사항이 있거나 제가 도와드릴 수 있는 다른 사항이 있으면 언제든지 알려주시기 바랍니다. 차별화된 서비스를 제공하는 것이 최우선입니다!"
BILM,어떤 배송 옵션을 이용할 수 있는지 보여주실 수 있나요?,배송,배송 방법 확인,바로 처리하겠습니다! 고객님의 편의를 위해 제공되는 다양한 배송 옵션을 소개해 드리겠습니다. 1. 표준 배송: 이 옵션은 일반적으로 배송에 [운영시간/기간] 영업일이 소요됩니다. 긴급하지 않은 품목에 탁월한 선택입니다. 2. 빠른 배송: 더 빠른 배송을 원하시나요? 신속 배송을 선택하시면 고객님의 상품이 영업일 기준 [운영시간/기간] 이내에 도착할 것입니다. 3. 익일 배송: 물품이 긴급하게 필요하십니까? 익일 배송을 선택하시면 다음 영업일까지 받아보실 수 있습니다. 4. 매장 내 픽업: 더욱 개인화된 경험을 원하신다면 매장 내 픽업 옵션을 통해 편리한 위치에 있는 매장 중 한 곳에서 상품을 수령하실 수 있습니다. 예상 배송 시간은 위치 및 기타 요인에 따라 달라질 수 있습니다. 특별한 문의 사항이 있거나 제가 도와드릴 수 있는 다른 사항이 있으면 언제든지 문의해 주세요. 저희는 고객 만족을 보장하기 위해 왔습니다!
BCIL,배송 옵션을 확인해야 하는데 도와주실 수 있나요?,배송,배송 방법 확인,확실히! 다양한 배송 옵션을 탐색하는 데 도움을 드리게 되어 기쁘게 생각합니다. 고객님의 편의를 위해 선택할 수 있는 사항은 다음과 같습니다. 1. 표준 배송: 이 옵션은 일반적으로 도착하는 데 [운영시간/기간] 영업일이 소요되며 긴급하지 않은 품목에 적합합니다. 2. 빠른 배송: 더 빠른 배송을 원하신다면 이 옵션을 이용하시면 영업일 기준 [운영시간/기간] 이내에 상품을 받으실 수 있습니다. 3. 익일 배송: 긴급한 요구가 있는 경우 익일 배송을 제공하여 고객님의 상품이 다음 영업일에 도착하도록 보장합니다. 4. 매장 내 픽업: 보다 직접적인 접근 방식을 선호하는 경우 매장 내 픽업 옵션을 선택할 수 있습니다. 이를 통해 [주소/지역]에서 직접 상품을 수령할 수 있습니다. 정확한 배송 시간은 위치 및 기타 요인에 따라 달라질 수 있습니다. 특별한 우려 사항이 있거나 제가 도와드릴 수 있는 다른 사항이 있으면 언제든지 문의해 주세요. 고객 만족이 저희의 최우선 사항입니다!
BCM,어떤 배송 옵션이 있는지 확인하고 싶습니다. 도와주세요.,배송,배송 방법 확인,"물론입니다! 고객님의 요구 사항을 충족할 수 있는 다양한 배송 옵션을 안내해 드리겠습니다. 1. 표준 배송: [운영시간/기간] 영업일 이내에 배송되는 이 옵션은 긴급하지 않은 품목에 적합합니다. 2. 빠른 배송: 상품을 좀 더 빨리 배송하고 싶으십니까? 빠른 배송을 선택하시면 영업일 기준 [운영시간/기간] 이내에 배송될 것으로 예상됩니다. 3. 익일 배송: 긴급한 요구 사항이 있는 경우 익일 배송을 통해 상품이 다음 영업일에 도착할 수 있습니다. 4. 매장 픽업: 편리하게 상품을 직접 수령하고 싶으신 경우, [주소/지역]에서 매장 픽업 서비스를 제공해 드립니다. 이러한 옵션에 대해 고민하면서 선호 사항이나 배송 서비스에 관한 특정 문의 사항을 자유롭게 공유해 주세요. 저는 고객님께 필요한 도움을 제공하기 위해 여기 있다는 것을 기억하세요!"
BLM,고객님이 제공하는 배송 방법을 확인하는 데 도움이 됩니다.,배송,배송 방법 확인,저는 그것을하고있다! 저는 다양한 배송 방법을 안내해 드리고자 왔습니다. 그 여행을 함께 떠나볼까요? 1. 표준 배송: 이것은 일반적으로 영업일 기준 [운영시간/기간] 이내에 도착하는 간단한 옵션입니다. 비용 효율적인 선택을 선호하는 사람들에게 적합합니다. 2. 빠른 배송: 상품을 좀 더 빨리 배송하고 싶으십니까? 빠른 배송을 이용하시면 영업일 기준 [운영시간/기간] 이내에 패키지가 도착할 것으로 예상하실 수 있습니다. 3. 익일 배송: 시간이 중요한 경우 익일 배송 서비스는 다음 영업일까지 배송을 보장합니다. 4. 매장 내 픽업: 보다 개인화된 경험을 선호하는 사람들을 위해 매장 내 픽업 옵션을 사용하면 [주소/지역]에서 직접 상품을 픽업할 수 있습니다. 각 방법은 고유한 이점을 제공합니다. 각 방법에 대해 구체적인 문의 사항이나 질문이 있는 경우 언제든지 문의해 주세요. 고객 만족이 저희의 최우선 과제입니다!
BLM,어떤 배송 옵션을 제공하는지 확인하려면 도움이 필요합니다.,배송,배송 방법 확인,"과연! 고객님이 이용할 수 있는 다양한 배송 옵션을 탐색하는 여정을 시작해 보세요. 1. 표준 배송: 신뢰할 수 있는 표준 배송 옵션입니다. 일반적으로 패키지가 문앞에 도착하는 데 영업일 기준 [운영시간/기간]일이 소요되며 긴급하지 않은 품목에 적합합니다. 2. 빠른 배송: 더 빠른 옵션을 찾고 계시다면, 빠른 배송을 통해 영업일 기준 [운영시간/기간] 이내에 상품을 배송해 드립니다. 주문한 상품이 더 빨리 도착하고 싶다면 탁월한 선택이 될 것입니다. 3. 익일 배송: 긴급한 요구 사항의 경우 익일 배송을 통해 다음 영업일 배송이 보장됩니다. 시간이 중요한 경우 이 옵션을 사용할 수 있습니다. 4. 매장 내 픽업: 보다 직접적인 접근 방식을 선호하는 경우 편리한 매장 내 픽업 옵션을 통해 [주소/지역]에서 직접 상품을 픽업할 수 있습니다. 근처에 있다면 이상적인 선택입니다. 각 옵션은 다양한 이점을 제공하므로 선택 시 필요 사항과 선호 사항을 고려하십시오. 배송 옵션에 대해 특별한 우려 사항이나 질문이 있는 경우 언제든지 문의해 주세요. 저희는 고객님의 경험을 원활하고 즐겁게 만들기 위해 왔습니다!"
BLM,어떤 배송 방법을 제공하는지 알아보기 위해 전화했습니다.,배송,배송 방법 확인,"아, 전화통화를 통한 발견의 기대감! 우리가 제공하는 다양한 배송 방법을 공개하게 되어 기쁩니다. 뛰어난 옵션은 다음과 같습니다: 1. 표준 배송: 기대를 소중히 여기는 사람들을 위한 선택으로, 일반적으로 영업일 기준 [운영시간/기간]에 배송됩니다. 2. 신속 배송: 영업일 기준 [운영시간/기간] 이내에 배송을 제공하는 시간에 민감한 요구 사항을 위한 강력한 방법입니다. 3. 익일 배송: 상품을 빠르게 추적하면 다음 영업일에 문앞까지 배송됩니다. 4. 매장 내 픽업: 즉각적인 만족을 원하는 분들을 위해 [주소/지역] 중 한 곳에서 제품을 픽업할 수 있는 옵션이 있습니다. 옵션을 고려할 때 어떤 방법이 가장 관심을 끄는지 물어봐도 될까요? 추가 문의사항이 있거나 도움이 필요하시면 언제든지 알려주시기 바랍니다. 저는 고객님의 경험을 정말로 특별하게 만들기 위해 여기 있습니다!"
BILM,어떤 배송 방법이 있나요?,배송,배송 방법 확인,확실히! 고객님이 당사의 배송 방법에 관심을 가져주셔서 기쁘게 생각합니다. 고객님이 사용할 수 있는 옵션을 알려드리겠습니다. 1. 표준 배송: 이는 당사의 일반 배송 옵션이며 일반적으로 멕시코 내 고객님의 위치로 배송되는 데 [운영시간/기간] 영업일이 소요됩니다. 2. 빠른 배송: 좀 더 빠른 주문이 필요한 경우 빠른 배송 옵션을 사용할 수 있으며 일반적으로 배송에 [운영시간/기간] 영업일이 소요됩니다. 3. 특급 배송: 긴급 배송이 필요한 사람들을 위해 특급 배송을 제공하며 영업일 기준 [운영시간/기간] 이내에 주문을 멕시코로 배송합니다. 저희는 고객님의 요구 사항을 충족할 수 있는 유연한 배송 선택을 제공하기 위해 노력하고 있습니다. 배송 방법에 대한 특정 요구 사항이나 질문이 있는 경우 언제든지 알려주시면 기꺼이 도와드리겠습니다.
BLM,어떤 배송 옵션이 있는지 알아보려고 합니다.,배송,배송 방법 확인,"확실히! 고객님이 이용할 수 있는 다양한 배송 옵션을 살펴보겠습니다. 1. 표준 배송: 이는 당사의 표준이자 가장 경제적인 배송 옵션으로, 일반적으로 영업일 기준 5~7일 이내에 도착합니다. 2. 빠른 배송: 상품이 좀 더 빨리 필요한 경우 빠른 배송을 선택할 수 있으며, 일반적으로 영업일 기준 2~3일 이내에 배송됩니다. 3. 특급 배송: 보다 빠른 배송을 위해 특급 배송을 제공하므로 고객님의 상품이 영업일 기준 1~2일 이내에 도착할 수 있습니다. 4. 당일 배송: 일부 지역에서는 적격 품목에 대해 당일 배송을 제공하므로 고객님이 주문한 상품을 당일에 받을 수 있습니다. 이러한 옵션은 위치와 장바구니에 담긴 품목에 따라 달라질 수 있습니다. 특정 질문이 있거나 추가 지원이 필요한 경우 언제든지 알려주시기 바랍니다. 저는 고객님의 배송 경험이 최대한 원활하게 이루어질 수 있도록 돕기 위해 왔습니다!"
BLM,선택할 수 있는 배송 옵션을 확인하는 데 도움이 필요합니다.,배송,배송 방법 확인,확실히! 저는 고객님이 고객님의 필요에 완벽하게 부합하는 정보에 입각한 선택을 할 수 있도록 이용 가능한 배송 옵션을 안내해 드리고자 왔습니다. 1. 표준 배송: 이 옵션은 일반적으로 영업일 기준 [운영시간/기간] 이내에 도착합니다. 긴급하지 않은 품목에 대한 이상적인 선택이므로 패키지가 안전하게 도착할 수 있습니다. 2. 빠른 배송: 더 빠른 배송이 필요한 경우 빠른 배송 옵션을 사용하면 영업일 기준 [운영시간/기간] 이내에 상품이 도착할 수 있습니다. 일정이 빡빡한 분들에게 딱이네요. 3. 익일 배송: 긴급한 요구 사항이 있는 경우 익일 배송 옵션을 통해 다음 영업일 배송을 보장합니다. 시간이 중요할 때 최선의 선택입니다. 4. 매장 내 픽업: 좀 더 개인적인 접촉을 원하시면 매장 내 픽업 옵션을 선택하실 수 있습니다. [주소/지역] 중 하나 근처에 있는 경우 이 옵션을 선택할 수 있습니다. 매장을 방문하여 편리한 시간에 상품을 수령하시기만 하면 됩니다. 정확한 배송 시간은 위치 및 기타 요인에 따라 달라질 수 있다는 점을 참고하세요. 특별한 우려 사항이나 추가 질문이 있는 경우 언제든지 문의해 주세요. 저는 고객님의 배송 경험이 원활하고 번거롭지 않도록 하기 위해 왔습니다!
BLQ,배송 옵션을 보는 데 도움이 필요합니다,배송,배송 방법 확인,내가 해낼게! 가능한 배송 옵션을 탐색하는 데 도움을 드리겠습니다. 우리가 제공하는 다양한 선택 사항은 다음과 같습니다. 1. 표준 배송: 이 옵션은 일반적으로 영업일 기준 [기타정보] 정도 소요되며 긴급하지 않은 품목에 적합합니다. 2. 빠른 배송: 급한 경우 빠른 배송을 선택할 수 있으며 일반적으로 영업일 기준 [기타정보] 이내에 도착합니다. 3. 익일 배송: 시간이 가장 중요한 긴급한 순간을 위해 익일 배송을 통해 고객님의 패키지가 다음 영업일에 배송될 것을 보장합니다. 4. 매장 내 픽업: 보다 개인화된 경험을 선호하고 배송비를 절약하고 싶다면 [주소/지역] 중 하나를 통해 매장 내 픽업을 선택할 수 있습니다. 배송 시간은 고객님의 위치와 예상치 못한 상황에 따라 달라질 수 있다는 점을 명심하는 것이 중요합니다. 배송 옵션에 대해 궁금한 점이 있거나 제가 도와드릴 수 있는 다른 사항이 있으면 언제든지 알려주시기 바랍니다. 저는 고객님이 당사의 배송 서비스를 통해 최고의 경험을 누릴 수 있도록 최선을 다해 왔습니다.
BCLM,어떤 배송방법을 선택할 수 있는지 확인해야 하는데 도와주세요,배송,배송 방법 확인,"기꺼이 도와드리겠습니다! 고객님의 편의를 위해 사용 가능한 배송 방법을 결정하는 것이 중요하다는 것을 이해합니다. 필요한 정보를 제공해 드리겠습니다. 1. 표준 배송: 이 옵션은 일반적으로 도착하는 데 [운영시간/기간] 영업일이 소요됩니다. 긴급하지 않은 품목에 적합합니다. 2. 빠른 배송: 상품이 더 빨리 필요한 경우 이 옵션을 사용하면 영업일 기준 [운영시간/기간] 이내에 배송이 보장됩니다. 3. 익일 배송: 긴급한 요구가 있을 경우 익일 배송을 제공합니다. 4. 매장 내 픽업: 좀 더 개인적인 손길을 원하시면 [주소/지역]에서 제품을 픽업하실 수 있습니다. 이러한 옵션은 다양한 요구 사항과 시간 제약을 충족하도록 설계되었습니다. 정확한 배송 시간은 위치, 품목 가용성 등의 요인에 따라 달라질 수 있습니다. 특별한 문의 사항이나 추가 질문이 있는 경우 언제든지 문의해 주세요. 고객님을 돕는 것이 나의 최우선 과제입니다!"
BLQ,배송 옵션에 대한 정보가 필요해요,배송,배송 방법 확인,저는 그것을하고있다! 배송 옵션과 관련하여 고객님이 필요로 하는 모든 정보를 공유하게 되어 기쁘게 생각합니다. 저희는 고객님의 특정 요구 사항을 충족하도록 맞춤화된 다양하고 편리한 선택을 제공합니다. 1. 표준 배송: 이것은 일반적으로 영업일 기준 [운영시간/기간] 이내에 도착하는 가장 인기 있는 옵션입니다. 시간적 여유가 조금 있을 때 긴급하지 않은 물건을 보관하는 데 적합합니다. 2. 빠른 배송: 더 빠른 배송을 원하신다면 빠른 배송 옵션을 이용해 보세요. 고객님의 상품이 영업일 기준 [운영시간/기간] 이내에 고객님께 도착하도록 보장합니다. 3. 익일 배송: 시간이 가장 중요한 긴급한 요구 사항의 경우 익일 배송을 통해 다음 영업일 배송을 보장합니다. 4. 매장 내 픽업: 배송을 더욱 세부적으로 관리하고 싶다면 매장 내 픽업 옵션을 선택할 수 있습니다. 결제 시 이 옵션을 선택하시면 고객님이 원하는 [주소/지역]에서 고객님이 편리하게 상품을 픽업할 수 있도록 준비해드립니다. 이것이 고객님께 배송 옵션에 대한 명확한 개요를 제공하기를 바랍니다. 추가 문의사항이 있거나 기타 도움이 필요하시면 언제든지 문의해 주세요. 저는 도와주러 왔습니다!
BLM,어떤 배송 방법을 선택할 수 있는지 확인해야 합니다,배송,배송 방법 확인,"즐거움과 실용성이 만났습니다! 배송 방법을 함께 탐색하는 여정을 시작합시다. 1. 표준 배송: 이 옵션은 비용과 배송 시간 간의 균형을 원하는 사람들에게 적합합니다. [운영시간/기간] 영업일 이내에 패키지가 도착할 것으로 예상됩니다. 2. 빠른 배송: 더 빠른 옵션을 찾고 계시다면, 빠른 배송을 이용하시면 영업일 기준 [운영시간/기간] 이내에 패키지를 받으실 수 있습니다. 3. 익일 배송: 긴급한 요구 사항과 익일 배송의 경우 익일 배송 옵션을 선택하실 수 있습니다. 4. 매장 내 픽업: [주소/지역] 중 한 곳에서 편리하게 상품을 픽업하기를 원하신다면 이 옵션은 고객님을 위해 설계되었습니다. 이러한 배송 방법은 고객님의 특정 요구 사항에 맞게 맞춤화되어 고객님이 우리와 함께 즐겁고 번거롭지 않은 경험을 할 수 있도록 보장합니다. 추가 질문이 있거나 최상의 옵션을 선택하는 데 도움이 필요하면 언제든지 문의하세요. 저희는 고객님의 배송이 원활하게 이루어지도록 하기 위해 왔습니다!"
BLMQ,어떤 배송 방법이 있는지 확인하려고 해요,배송,배송 방법 확인,"아, 고객님 안에 있는 탐험가는 이용 가능한 다양한 배송 방법을 찾아내려고 합니다. 다양한 옵션에 대해 알려드리겠습니다. 1. 표준 배송: 이것은 가장 일반적으로 선택되는 방법으로, 영업일 기준 [운영시간/기간] 이내에 상품을 배송합니다. 2. 신속한 배송: 시간이 중요한 경우 이 방법을 사용하면 영업일 기준 [운영시간/기간] 내에 패키지가 도착할 수 있습니다. 3. 익일 배송: 긴급한 도움이 필요한 경우 이 옵션을 사용하면 익일 배송이 보장됩니다. 4. 매장 픽업: 개인 소장을 선호하시는 경우, [주소/지역]에서 편리하게 상품을 찾으실 수 있습니다. 이러한 배송 방법은 다양한 요구에 맞춰 유연성을 제공합니다. 더 자세한 설명이 필요하거나 추가적인 측면을 알아보고 싶다면 언제든지 알려주시기 바랍니다. 저는 고객님의 경험을 모범적으로 만들기 위해 여기에 있습니다!"
BLM,어떤 배달 옵션이 있는지 알아보려고 전화했어요,배송,배송 방법 확인,전화해주셔서 감사합니다! 저는 고객님이 이용할 수 있는 다양한 배송 옵션을 탐색하는 데 도움을 드리고자 왔습니다. 고객님의 필요에 맞는 옵션을 살펴보겠습니다. 1. 표준 배송: 가장 인기 있는 옵션으로 예상 배송 시간은 [운영시간/기간] 영업일입니다. 2. 빠른 배송: 급한 경우 이 옵션을 사용하면 영업일 기준 [운영시간/기간] 이내에 배송이 보장됩니다. 3. 익일 배송: 긴급 배송의 경우 이 옵션을 사용하면 다음 영업일까지 패키지가 도착할 수 있습니다. 4. 매장 내 픽업: 당사 매장에서 상품을 수령하기를 원하신다면 이 편리한 옵션을 제공해 드립니다. 이러한 선택 사항을 통해 고객님의 요구 사항에 가장 적합한 것을 선택할 수 있습니다. 특별한 우려 사항이나 추가 질문이 있는 경우 언제든지 알려주시기 바랍니다.
BLM,고객님이 제공하는 배송 옵션을 어떻게 확인할 수 있는지 모르겠습니다.,배송,배송 방법 확인,"전혀 문제가 되지 않습니다! 저희는 고객님께 필요한 정보를 찾는 것이 때때로 어려울 수 있다는 것을 이해합니다. 배송 옵션을 확인하려면 당사 웹사이트를 방문하여 ""배송"" 또는 ""배송"" 섹션으로 이동하세요. 여기에서 예상 배송 시간 및 관련 비용과 함께 사용 가능한 배송 옵션에 대한 자세한 분석을 확인할 수 있습니다. 누군가와 직접 통화하고 싶으시면 당사 고객 서비스 팀이 도움을 드릴 수 있습니다. [고객센터전화번호]로 전화하거나 당사 웹사이트의 라이브 채팅 기능을 통해 문의하세요. 그들은 고객님께 필요한 모든 정보를 기꺼이 제공할 것입니다. 괜찮아요; 저희는 고객님의 배송 경험을 최대한 원활하게 만들기 위해 왔습니다!"
BEL,배송방법을 보니 어떻게 해야할지 모르겠네요,배송,배송 방법 확인,"아, 지식 탐구를 시작한다는 설렘이군요! 내가 고객님의 길을 밝혀줄 수 있게 해주세요. 다양한 배송 방법을 살펴보려면 당사 웹사이트로 이동하여 ""배송 옵션"" 또는 ""배송 방법"" 섹션을 찾아보세요. 여기에서 고객님의 필요에 맞는 다양한 배송 방법에 대한 자세한 개요를 확인할 수 있습니다. 맞춤형 지원을 원하시면 언제든지 고객 지원팀에 문의하세요. 절차를 안내해 드릴 것입니다. 함께 배송 방법의 경이로움을 밝혀내고 원활한 배송 경험을 위한 길을 열어봅시다!"
BCLM,어떤 배송 방법이 있는지 알고 싶습니다. 도움이 필요합니다,배송,배송 방법 확인,"물론이죠! 저는 고객님이 이용 가능한 다양한 배송 방법을 알아보는 데 도움을 드리고자 왔습니다. 저희의 목표는 고객님의 특정 요구에 맞게 배송 옵션을 맞춤화하여 원활하고 만족스러운 경험을 보장하는 것입니다. 배송 방법에 대한 개요는 다음과 같습니다. 1. 표준 배송: 이것은 일반적으로 [운영시간/기간] 영업일 이내에 도착하는 가장 인기 있는 옵션입니다. 긴급하지 않은 품목에 적합하며 안정적이고 비용 효율적인 배송을 제공합니다. 2. 빠른 배송: 상품이 좀 더 빨리 필요하신 경우 빠른 배송을 제공해 드립니다. 더 빠른 배송을 보장하기 위해 패키지가 영업일 기준 [운영시간/기간] 이내에 도착할 것으로 예상합니다. 3. 익일 배송: 긴급한 요구 사항이 있는 경우 익일 배송 서비스를 통해 다음 영업일 배송을 보장합니다. 시간이 중요할 때 완벽한 선택입니다. 4. 매장 내 픽업: 보다 직접적인 접근 방식을 선호하는 경우 [주소/지역]에서 매장 내 픽업을 제공합니다. 결제 시 이 옵션을 선택하면 매장에서 직접 상품을 수령할 수 있습니다. 정확한 배송 시간은 위치, 관습 등의 요인에 따라 달라질 수 있다는 점을 참고하시기 바랍니다. 특별한 문의 사항이 있거나 추가 지원이 필요한 경우, 주저하지 말고 문의해 주세요. 저희는 고객님의 배송이 최대한 원활하게 이루어지도록 하기 위해 왔습니다!"
BLMQ,어떤 배송 방법을 제공하는지 확인하는 데 도움이 필요해요,배송,배송 방법 확인,고객님은 운이 좋다! 고객님이 이용할 수 있는 다양한 배송 방법 영역을 탐색하는 것은 제가 기꺼이 도와드릴 것입니다. 고객님의 필요와 선호도에 맞게 맞춤화된 배송 옵션을 알려드리겠습니다. 세심하게 고안된 각 방법으로 고객 만족을 최우선으로 생각합니다. 함께 자세히 살펴보시죠!
BCILMQ,어떤 배송 방법을 선택할 수 있는지 알고 싶어요 어떻게 해야 하나요?,배송,배송 방법 확인,"물론이죠! 고객님이 이용할 수 있는 배송 방법을 알아보는 데 도움을 드리게 되어 기쁘게 생각합니다. 배송 옵션을 보려면 다음과 같은 간단한 단계를 따르세요. 1. 당사 웹사이트 [웹사이트/메뉴]를 방문하여 고객님의 계정에 로그인하십시오. 아직 계정이 없다면 '가입' 버튼을 클릭하여 쉽게 계정을 만들 수 있습니다. 2. 로그인한 후 당사 웹사이트의 '배송' 또는 '배송' 섹션으로 이동하세요. 일반적으로 '서비스' 또는 '도움말' 탭에서 찾을 수 있습니다. 3. '배송' 또는 '배송' 섹션에서 당사가 제공하는 모든 배송 방법에 대한 자세한 정보를 확인할 수 있습니다. 여기에는 예상 배송 시간, 가격, 이용 가능한 추가 서비스가 포함됩니다. 4. 시간을 내어 각 옵션을 검토하고 고객님의 필요에 가장 적합한 배송 방법을 선택하십시오. 특정 요구 사항이나 질문이 있는 경우 주저하지 말고 고객 지원 팀에 문의하여 추가 지원을 받으세요. 저희의 목표는 원활한 배송 경험을 제공하고 모든 단계에서 만족을 보장하는 것입니다. 다양한 배송 방법을 자유롭게 살펴보고 고객님의 선호에 맞는 방법을 선택하십시오. 제가 도와드릴 수 있는 다른 사항이 있으면 알려주시기 바랍니다."
BCLM,어떤 배송 옵션이 있는지 확인해야 하는데 도와주세요,배송,배송 방법 확인,"아, 지식의 탐구! 정말 신난다! 이용 가능한 다양한 배송 옵션을 확인하는 데 도움을 드리겠습니다. 1. 표준 배송: 당사의 안정적이고 비용 효율적인 옵션으로 예상 배송 시간은 [운영시간/기간] 영업일입니다. 2. 빠른 배송: 상품을 좀 더 빨리 배송하고 싶으십니까? 영업일 기준 [운영시간/기간]의 더 빠른 배송 시간을 원하시면 이 옵션을 선택하세요. 3. 익일 배송: 시간이 중요한 경우 이 옵션을 사용하면 다음 영업일까지 배송이 보장됩니다. 4. 매장 내 픽업: [주소/지역]에서 편리하게 상품을 픽업하고 싶다면 이 옵션을 사용하면 주문한 상품을 즉시 검색할 수 있습니다. 각 배송 옵션은 고객님의 고유한 요구 사항을 충족하도록 설계되었습니다. 이러한 옵션이나 제가 제공할 수 있는 다른 지원에 대해 구체적으로 알고 싶은 사항이 있습니까?"
BCIL,배송방법을 확인해야 하는데 어떻게 해야 하나요?,배송,배송 방법 확인,최선을 다하겠습니다! 다양한 배송 방법을 안내하게 되어 기쁘게 생각합니다. 이를 탐색하는 방법은 다음과 같습니다. 1. 당사 웹사이트 방문: 당사 웹사이트로 이동하여 관심 있는 제품을 탐색하십시오. 제품 페이지에 나열된 사용 가능한 배송 옵션을 찾을 수 있습니다. 2. 당사 고객 지원팀에 문의하세요. 보다 개인화된 접근 방식을 선호하거나 특정 질문이 있는 경우 지식이 풍부한 당사 고객 지원팀이 도움을 드릴 수 있습니다. 배송 방법에 대한 자세한 정보를 제공하고 고객님의 요구에 가장 적합한 옵션을 선택하는 데 도움을 줄 수 있습니다. 3. FAQ 섹션을 참조하세요. 많은 고객들이 비슷한 질문을 갖고 있다는 것을 알고 있습니다. 이것이 바로 당사 웹사이트에 포괄적인 FAQ 섹션이 있는 이유입니다. 기타 일반적인 문의 사항과 함께 배송 방법에 대한 귀중한 정보를 찾을 수 있습니다. 고객님께 원활하고 만족스러운 배송 경험을 보장하는 것이 당사의 최우선 과제라는 점을 기억하십시오. 추가 문의사항이 있거나 도움이 필요하시면 언제든지 문의해 주세요. 우리가 도와주러 왔습니다!
BLW,피 묻은 배송 방법을 확인하는 데 도움이 필요합니다,배송,배송 방법 확인,"물론이죠! 저는 고객님이 이용 가능한 다양한 배송 방법을 알아보는 데 도움을 드리고자 왔습니다. 안심해 주세요. 저희는 고객님의 요구에 부응할 수 있는 다양한 옵션을 갖추고 있습니다. 명확하고 간결하게 배송 옵션을 제시하겠습니다. 1. 표준 배송: 이 방법은 일반적으로 패키지를 배송하는 데 [운영시간/기간] 영업일이 소요됩니다. 긴급한 일정이 없고 비용 효율적인 옵션을 선호하는 경우 이상적입니다. 2. 빠른 배송: 패키지가 조금 더 빨리 필요한 경우, 빠른 배송 옵션을 사용하면 영업일 기준 [운영시간/기간] 이내에 도착할 수 있습니다. 3. 익일 배송: 긴급 배송의 경우 익일 배송을 제공하여 다음 영업일 배송을 보장합니다. 4. 매장 내 픽업: 보다 직접적인 접근 방식을 선호하는 경우 언제든지 매장 내 픽업 옵션을 선택하고 [주소/지역]에서 직접 상품을 픽업할 수 있습니다. 안심해 주세요. 저희는 소중한 고객에게 원활한 배송 경험을 제공하기 위해 노력하고 있습니다. 구체적인 질문이 있거나 추가 지원이 필요한 경우 언제든지 문의해 주세요. 저희는 배송 여정 전반에 걸쳐 고객 만족을 보장하기 위해 왔습니다!"
BILM,선택할 수 있는 배송 옵션은 어디에서 확인할 수 있나요?,배송,배송 방법 확인,"내가 해낼게! 저는 고객님이 이용할 수 있는 다양한 배송 옵션을 탐색하는 방법을 안내하기 위해 왔습니다. 배송 옵션을 보려면 다음 단계를 따르세요. 1. 당사 홈페이지(www.example.com)를 방문하여 구매하려는 상품의 상품페이지로 이동합니다. 2. 장바구니에 상품을 추가하고 결제 페이지로 이동하세요. 3. 결제 페이지에 ""배송 옵션"" 또는 ""배송 방법"" 섹션이 있습니다. 4. 해당 섹션을 클릭하면 표준 배송, 빠른 배송, 익일 배송, 매장 픽업 등 당사가 제공하는 다양한 배송 옵션을 확장하고 볼 수 있습니다. 5. 각 배송 옵션에는 예상 배송 시간과 비용에 대한 세부 정보가 제공되므로 정보를 바탕으로 결정을 내릴 수 있습니다. 특정 배송 옵션에 대해 궁금한 점이 있거나 추가 지원이 필요한 경우 주저하지 말고 고객 지원팀에 문의하세요. [고객센터전화번호]로 연중무휴 24시간 이용 가능하거나 당사 웹사이트 [웹사이트/메뉴]의 라이브 채팅을 통해 이용 가능합니다. 저희는 원활한 쇼핑 경험을 보장하고자 하므로 더 궁금한 점이 있거나 추가 지원이 필요하면 언제든지 문의해 주세요!"
BILM,어떤 배송 방법이 있는지 확인하려면 어떻게 해야 하나요?,배송,배송 방법 확인,"물론이죠! 사용 가능한 배송 방법을 보려면 다음과 같은 간단한 단계를 따르세요. 1. 당사 홈페이지를 방문하여 구매하고 싶은 상품의 상품 페이지로 이동합니다. 2. 제품 페이지에서 ""배송 옵션"" 또는 ""배송 정보"" 섹션을 찾을 수 있습니다. 3. 해당 섹션을 클릭하여 확장하면 해당 특정 품목에 사용할 수 있는 다양한 배송 방법이 표시됩니다. 4. 고객님의 위치에 따라 표준 배송, 빠른 배송, 익일 배송 또는 매장 내 픽업과 같은 옵션 목록이 표시됩니다. 5. 각 옵션을 탐색하여 예상 배송 시간 및 이와 관련된 추가 비용을 파악하세요. 6. 고객님의 필요에 맞는 배송 방법을 결정한 후에는 장바구니에 상품을 추가하고 결제 과정을 완료할 수 있습니다. 배송 옵션을 탐색하는 동안 어려움이 있거나 추가 질문이 있는 경우 당사 고객 지원팀이 항상 도움을 드립니다. 저희는 고객님의 쇼핑 경험을 원활하고 즐겁게 만들기 위해 노력하고 있습니다!"
BLM,배송 방법에 대한 문제,배송,배송 방법 확인,"배송 방법 문제로 인해 불편을 끼쳐드려 죄송합니다. 저는 고객님이 직면할 수 있는 모든 문제를 해결하는 데 도움을 주기 위해 왔습니다. 더 나은 지원을 위해 발생한 특정 문제에 대한 자세한 내용을 제공해 주시겠습니까? 이를 통해 근본 원인을 파악하고 최상의 솔루션을 제공할 수 있습니다. 고객 만족이 저희의 최우선 과제이며, 우리와의 배송 경험이 원활하고 즐거운지 확인하고 싶습니다. 이 문제를 알려주셔서 감사드리며, 앞으로도 더 많은 도움을 드리겠습니다."
BCEI,배송 옵션을 찾고 있는데 도와주실 수 있나요?,배송,배송 방법 확인,"확실히! 저는 다양한 배송 옵션을 탐색하는 데 도움을 드리고자 왔습니다. 우리가 제공하는 내용은 다음과 같습니다. 1. 표준 배송: 이 옵션은 일반적으로 [운영시간/기간] 영업일이 소요되며 긴급하지 않은 품목에 적합합니다. 예산 친화적인 선택이기도 합니다! 2. 빠른 배송: 고객님의 품목이 좀 더 빨리 필요하신 경우, 당사의 빠른 배송을 통해 영업일 기준 [운영시간/기간] 이내에 해당 품목을 받으실 수 있습니다. 3. 익일 배송: 긴급한 요구 사항이 있는 경우 익일 배송을 통해 다음 영업일 배송을 보장합니다. 4. 매장 내 픽업: 좀 더 직접적인 경험을 원하신다면 [주소/지역] 중 한 곳에서 매장 내 상품을 픽업하는 편리한 옵션을 선택할 수 있습니다. 정확한 배송 시간은 위치 및 품목 가용성과 같은 요인에 따라 달라질 수 있습니다. 구체적인 질문이 있거나 제가 도와드릴 수 있는 다른 사항이 있으면 언제든지 문의해 주세요. 고객 만족이 저희의 최우선 사항입니다!"
BIL,배송 방법을 보는 데 도움을 주실 수 있나요?,배송,배송 방법 확인,"확실히! 가능한 배송 방법을 알아보는 데 도움을 드리게 되어 기쁘게 생각합니다. 개요를 알려드리겠습니다. 1. 표준 배송: 이는 당사의 일반 배송 옵션으로, 일반적으로 배송에 [운영시간/기간] 영업일이 소요됩니다. 2. 빠른 배송: 더 빠른 옵션을 찾고 계시다면, 당사의 빠른 배송은 영업일 기준 [운영시간/기간] 이내에 배송을 보장합니다. 3. 익일 배송: 긴급한 요구 사항이 있는 경우 익일 배송을 제공하여 패키지가 다음 영업일에 도착하도록 보장합니다. 4. 매장 픽업: 보다 편리한 옵션을 선호하는 경우 매장 픽업을 선택하고 [주소/지역]에서 직접 상품을 픽업할 수 있습니다. 이것이 고객님의 질문에 대한 답변이 되기를 바랍니다. 더 궁금한 점이 있으시거나 더 많은 정보가 필요하시면 언제든지 문의해 주세요."
BIPQSWZ,[주소/지역]한테 주문하는 게 가능할까요?,배송,배송 방법 확인,"물론이죠! [주소/지역]에 주문하고 싶어하는 고객님의 열정을 이해합니다. 당사의 배송 서비스는 [주소/지역]와 같은 역동적인 도시를 포함하여 다양한 지역을 포괄합니다. 저희는 고객님의 주문을 처리하고 원하는 위치로 배송해 드릴 수 있으므로 안심하실 수 있습니다. 당사의 다양한 배송 옵션은 다양한 요구와 선호 사항을 충족합니다. 자유롭게 선택 사항을 살펴보고 고객님께 가장 적합한 옵션을 선택하세요. 특정 질문이 있거나 주문 시 도움이 필요한 경우, 제가 도와드리겠습니다! 고객님의 주문 경험을 원활하고 즐겁게 만들어 드리겠습니다."
BILMP,어떤 배송 방법이 있는지 확인할 수 있나요?,배송,배송 방법 확인,"바로 처리하겠습니다! 당사의 배송 방법에 대한 포괄적인 개요를 제공하게 되어 기쁘게 생각합니다. 사용할 수 있는 옵션은 다음과 같습니다. 1. 표준 배송: 이는 가장 일반적인 옵션으로, 배송에 평균 [운영시간/기간] 영업일이 소요됩니다. 긴급하지 않은 품목에 이상적입니다. 2. 빠른 배송: 상품이 좀 더 빨리 필요한 경우 이 옵션을 사용하면 영업일 기준 [운영시간/기간] 이내에 배송이 보장됩니다. 3. 익일 배송: 긴급한 요구 사항의 경우 익일 배송을 통해 다음 영업일까지 배송이 보장됩니다. 4. 매장 내 픽업: 좀 더 개인적인 손길을 원하시면 [주소/지역] 중 한 곳에서 편리하게 상품을 픽업하실 수 있습니다. 언급된 배송 시간은 추정치이며 위치 및 기타 요인에 따라 달라질 수 있습니다. 구체적인 질문이 있거나 제가 도와드릴 수 있는 다른 사항이 있으면 언제든지 알려주시기 바랍니다. 고객 만족이 저희의 최우선 사항입니다!"
BLMW,내가 선택할 수 있는 배송 방법이 무엇인지 확인하는 데 도움이 필요해요,배송,배송 방법 확인,물론입니다! 우리가 제공하는 배송 방법을 알아보는 데 도움이 필요하다는 점을 이해합니다. 저희의 목표는 고객님께 원활하고 번거롭지 않은 배송 경험을 제공하는 것입니다. 절차를 안내해 드리겠습니다. 1. 표준 배송: 이 옵션은 일반적으로 주문을 배송하는 데 [운영시간/기간] 영업일이 소요됩니다. 긴급하지 않은 품목에 적합합니다. 2. 빠른 배송: 더 빠른 배송을 원하신다면 빠른 배송 옵션을 이용하시면 영업일 기준 [운영시간/기간] 이내에 상품을 배송해 드립니다. 3. 익일 배송: 긴급한 요구 사항이 있는 경우 익일 배송을 통해 다음 영업일 배송을 보장합니다. 4. 매장 내 픽업: 보다 편리하고 빠른 옵션을 선호하는 경우 [주소/지역] 중 하나에서 제품을 픽업하도록 선택할 수 있습니다. 이 정보가 고객님이 배송 기본 설정에 관해 정보를 바탕으로 결정을 내리는 데 도움이 되기를 바랍니다. 특별한 문의 사항이 있거나 제가 도와드릴 수 있는 다른 사항이 있으면 알려주시기 바랍니다. 저희 팀은 고객 만족을 보장하기 위해 왔습니다!
BLP,배송 옵션을 확인하고 싶습니다.,배송,배송 방법 확인,내가 처리할게! 배송 옵션의 즐거운 영역을 살펴보겠습니다. 고객님의 요구 사항을 충족할 수 있는 절묘한 가능성에 대한 간략한 개요는 다음과 같습니다. 1. 표준 배송: 이 옵션은 일반적으로 배송하는 데 [운영시간/기간] 영업일이 소요됩니다. 기대감을 맛볼 때 긴급하지 않은 품목에 이상적이며 쇼핑 경험에 즐거움을 더해줍니다. 2. 빠른 배송: 상품을 좀 더 빨리 배송하고 싶으십니까? 빠른 배송을 통해 영업일 기준 [운영시간/기간] 이내에 도착하므로 더 빨리 즐길 수 있습니다. 3. 익일 배송: 즉각적인 만족을 중시하는 분들을 위해 익일 배송 옵션을 통해 영업일 기준 익일 배송을 보장합니다. 시간이 중요할 때 완벽합니다. 4. 매장 내 픽업: 주문 상품을 직접 직접 픽업하는 편리함을 선호하시는 경우 [주소/지역]를 통해 매장 내 픽업 서비스를 제공해 드립니다. 이 옵션을 선택하시면 가장 빠른 시일 내에 상품을 수령하실 수 있습니다. 저희는 이러한 뛰어난 옵션이 고객님의 요구에 맞는 최선의 결정을 내리는 데 도움이 될 것이라고 확신합니다. 추가 문의사항이 있거나 추가 지원이 필요한 경우 언제든지 알려주시기 바랍니다. 고객 만족이 저희의 최우선 과제입니다!
BILW,빌어먹을 배송 옵션을 확인하려면 어떻게 해야 하나요?,배송,배송 방법 확인,배송 옵션에 액세스하는 동안 불편을 겪으셨다면 사과드립니다. 사용 가능한 배송 옵션을 확인하려면 다음 단계를 따르세요. 1. 당사 웹사이트를 방문하여 고객님의 계정에 로그인하십시오. 2. 구매하려는 상품의 상품 페이지로 이동합니다. 3. 장바구니에 상품을 추가하고 결제 페이지로 이동하세요. 4. 결제 페이지에는 배송 옵션 전용 섹션이 있습니다. 5. 다양한 배송 방법을 검토하고 고객님의 필요에 가장 적합한 방법을 선택하십시오. 6. 결제 과정을 계속 진행하고 필요한 결제 정보를 입력하세요. 진행 중에 어려움이 있거나 추가 질문이 있는 경우 주저하지 말고 고객 지원팀에 문의하세요. 저희는 추가 지침을 제공하고 원활한 쇼핑 경험을 보장하기 위해 왔습니다.
BLQZ,내 패키지가 언제 도착할지 확인하는 데 도움이 필요합니다,배송,배송 기간 확인,저희는 고객님의 패키지 진행 상황을 추적하고 도착을 기대하는 고객님의 기대를 이해합니다. 가장 정확한 정보를 제공하기 위해 [주문/송장번호] 또는 [주문/송장번호]를 제공해 주시겠습니까? 해당 정보를 통해 예상 배송일을 알려드릴 수 있습니다. 더 나은 서비스를 제공할 수 있도록 협조해 주셔서 감사합니다.
BCLW,내 빌어먹을 주문을 얼마나 빨리 받을 수 있는지 알고 싶어요. 도와주세요,배송,배송 기간 확인,"저희는 가능한 한 빨리 주문을 받기를 원하는 고객님의 불만과 열망을 완전히 이해합니다. 정확한 배송 시간 추정을 제공하기 위해 [주문/송장번호] 또는 [주문/송장번호]를 제공해 주시겠습니까? 해당 정보를 통해 당사는 고객님의 주문을 추적하고 예상 도착 시간에 대한 정확한 업데이트를 제공할 수 있습니다. 고객님의 인내심에 진심으로 감사드리며, 저희는 모든 단계에서 고객님을 도와드릴 것입니다."
BL,내 소포가 얼마나 빨리 도착할지 어떻게 알 수 있나요?,배송,배송 기간 확인,저희는 소포의 예상 도착 시간을 추적하는 것이 고객님께 중요하다는 것을 알고 있습니다. 고객님께 필요한 정보를 제공하기 위해 구매와 관련된 [주문/송장번호] 또는 [주문/송장번호]를 공유해 주시기 바랍니다. 이 정보를 확보하면 고객님이 언제 배송을 받을 수 있는지 정확한 견적을 제공할 수 있습니다. 양해해 주셔서 감사드리며 앞으로도 더 많은 도움을 드리겠습니다.
BL,내 기사를 얼마나 빨리 기대할 수 있는지 확인하도록 도와주세요,배송,배송 기간 확인,저희는 고객님의 기사를 받고 예상 도착 시간을 추적하려는 고객님의 열망을 이해합니다. 이 문제를 해결하기 위해 기사의 [주문/송장번호] 또는 [주문/송장번호]를 제공해 주시겠습니까? 해당 정보를 통해 예상 배송일에 대한 가장 정확한 업데이트를 제공해 드릴 수 있습니다. 이 문제에 협조해 주셔서 감사합니다.
BL,배송물이 도착하는 데 얼마나 걸리는지 확인하고 싶어요,배송,배송 기간 확인,저희는 고객님의 배송물이 도착하는 데 걸리는 예상 시간을 알고 싶어하는 고객님의 열망을 이해합니다. 가장 정확한 정보를 제공하기 위해 추적 번호나 주문 번호를 제공해 주시겠습니까? 이 정보를 통해 당사는 고객님의 배송 배송 날짜에 대한 정확한 견적을 제공할 수 있습니다. 이 문제에 대해 고객님의 이해와 협조에 감사드립니다.
BLZ,주문을 어떻게 받을 수 있는지 확인하기 위해 전화했습니다.,배송,배송 기간 확인,"저희는 가능한 한 빨리 주문을 받고 싶어하는 고객님의 열망을 이해합니다. 배송 시간에 대한 정확한 추정을 제공하기 위해 [주문/송장번호]를 주시겠습니까? 이 정보를 통해 당사는 고객님의 주문 상태를 확인하고 언제 도착할지 더 나은 정보를 제공할 수 있습니다. 고객님의 양해에 진심으로 감사드리며, 절차 전반에 걸쳐 고객님을 도와드리겠습니다."
BCL,상품이 얼마나 빨리 도착할 수 있는지 확인해야 합니다. 도와주세요.,배송,배송 기간 확인,저희는 고객님이 상품을 받은 것에 대한 기대와 상품이 언제 도착할지 알고 싶어하는 마음을 이해합니다. 예상 배송 기간을 알려드리기 위해 [주문/송장번호] 또는 [주문/송장번호]를 알려주시겠습니까? 이 정보를 통해 당사는 고객님의 품목을 추적하고 보다 정확한 견적을 제공할 수 있습니다. 양해해 주셔서 감사드리며 앞으로도 더 많은 도움을 드리겠습니다.
BILW,빌어먹을 기사가 얼마나 빨리 나올지 어디서 확인할 수 있나요?,배송,배송 기간 확인,기사의 예상 배송 시간에 대한 업데이트를 받고 싶어하는 고객님의 열망을 이해합니다. 가장 정확한 정보를 제공하기 위해 [주문/송장번호] 또는 [주문/송장번호]를 제공해 주시겠습니까? 이러한 세부 정보가 확보되면 예상 배송 날짜를 확인할 수 있는 적절한 플랫폼이나 웹사이트로 안내해 드릴 수 있습니다. 고객님이 제 시간에 기사를 받을 수 있도록 함께 노력하는 동안 고객님의 양해에 진심으로 감사드립니다.
BIL,제품을 얼마나 빨리 받을 수 있는지 어떻게 알 수 있나요?,배송,배송 기간 확인,"저희는 고객님 제품의 예상 배송 시간을 알고 싶어하는 고객님의 열망을 이해합니다. 가장 정확한 정보를 제공하려면 당사 웹사이트를 방문하여 ""주문 상태"" 또는 ""주문 추적"" 페이지로 이동하는 것이 좋습니다. 여기에서 [주문/송장번호] 또는 [주문/송장번호]를 입력하여 배송 진행 상황을 추적하고 예상 배송 날짜를 확인할 수 있습니다. 추가 질문이 있거나 도움이 필요한 경우 언제든지 고객 지원팀에 문의해 주세요. 우리가 도와드리겠습니다!"
BL,얼마나 빨리 구매할 수 있는지 확인하려고 합니다.,배송,배송 기간 확인,저희는 고객님이 언제 구매를 기대할 수 있는지 알고 싶어하는 고객님의 열망을 이해합니다. 정확한 견적을 제공하기 위해 [주문/송장번호] 또는 [주문/송장번호]를 제공해 주시겠습니까? 이 정보를 통해 당사는 고객님의 주문 세부정보를 확인하고 예상 배송일을 알려드릴 수 있습니다. 신속하게 도움을 드릴 수 있도록 고객님의 인내심과 협조에 감사드립니다.
BMQ,배송기간을 알고 싶어요,배송,배송 기간 확인,저희는 배송 기간에 대한 정보를 원하는 고객님의 욕구를 이해합니다. 정확한 세부 정보를 제공하기 위해 [주문/송장번호] 또는 [주문/송장번호]를 요청해도 될까요? 이 정보를 통해 당사는 고객님께 예상 배송일을 제공하고 모든 단계에 대한 정보를 지속적으로 제공할 수 있습니다. 고객 만족이 저희의 최우선 사항이며 고객님의 양해에 감사드립니다.
BILMZ,배송 기간에 대해 알려주실 수 있나요?,배송,배송 기간 확인,배송 기간에 대한 정보가 필요하다는 점을 이해합니다. 정확한 세부 정보를 제공하려면 배송물의 [주문/송장번호] 또는 [주문/송장번호]를 제공해 주시기 바랍니다. 이 정보를 통해 당사는 고객님의 주문 상태를 확인하고 예상 배송일을 알려드릴 수 있습니다. 사전에 협조해 주셔서 감사합니다!
BCL,구매한 상품이 언제 도착하는지 확인해야 합니다. 도와주세요.,배송,배송 기간 확인,"저희는 고객님의 구매에 대한 열망과 예상 배송 시간에 대한 호기심을 이해합니다. 정확한 정보를 제공하기 위해 구매하신 제품의 [주문/송장번호] 또는 [주문/송장번호]를 제공해 주시겠습니까? 이렇게 하면 배송을 추적하고 예상 도착 날짜를 알려줄 수 있습니다. 협조해 주셔서 감사드리며, 이 문제에 대해 양해해 주셔서 감사합니다."
BLQ,내 기사가 언제 도착하는지 확인하는 데 도움이 필요해요,배송,배송 기간 확인,저희는 기사의 진행 상황을 추적하고 예상 도착 시간을 알고자 하는 고객님의 호기심과 열망을 이해합니다. 추가 지원을 위해 [주문/송장번호] 또는 [주문/송장번호]를 제공해 주시겠습니까? 해당 정보를 통해 예상 배송일에 대한 가장 정확한 업데이트를 제공할 수 있습니다. 고객님의 양해와 협조에 감사드립니다.
BLQ,내 기사가 언제 도착하는지 확인하려고 전화했어요,배송,배송 기간 확인,"고객님의 기사의 예상 도착 시간을 문의하기 위해 전화를 통해 연락해 주셔서 감사합니다. 더 나은 지원을 위해 [주문/송장번호] 또는 [주문/송장번호]를 요청해도 될까요? 해당 정보를 통해 배송 상태에 대한 정확한 업데이트를 제공하고 제품 도착 시기를 예측할 수 있습니다. 고객님의 양해에 진심으로 감사드리며, 앞으로도 계속 지원해 드리겠습니다."
BCL,내 소포가 언제 도착하는지 확인해야 하는데 도움이 필요해요,배송,배송 기간 확인,저희는 고객님의 소포의 예상 배송 시간을 추적하려는 고객님의 열망을 이해합니다. 더 나은 지원을 위해 [주문/송장번호] 또는 [주문/송장번호]를 제공해 주시겠습니까? 해당 정보를 받으면 소포의 예상 도착 날짜에 대한 정확한 업데이트를 알려드릴 수 있습니다. 고객님의 인내와 협조에 감사드립니다.
BLM,배송기간에 대한 정보를 원합니다,배송,배송 기간 확인,주문하신 상품의 배송 기간에 대해 궁금해하시는 점을 이해합니다. [주문/송장번호] 또는 [주문/송장번호]를 제공해 주시겠습니까? 해당 정보를 통해 배송 기간에 대한 정확한 견적을 드릴 수 있습니다. 필요한 세부정보를 제공하기 위해 노력하는 동안 기다려 주셔서 감사합니다.
BLQZ,배송물이 도착하는 데 얼마나 걸리는지 확인하려고 해요,배송,배송 기간 확인,배송 예상 배송 시간 추적에 대해 문의해 주셔서 감사합니다. 가장 정확한 정보를 제공하기 위해 배송과 관련된 [주문/송장번호] 또는 [주문/송장번호]를 알려주시겠습니까? 이 정보를 바탕으로 배송물이 언제 도착할 것으로 예상하는지 대략적으로 알려드릴 수 있습니다. 고객님의 양해에 진심으로 감사드립니다.
BCL,얼마나 빨리 주문을 받을 수 있는지 알고 싶습니다. 도와주세요.,배송,배송 기간 확인,저희는 고객님의 주문에 대한 예상 도착 시간을 결정하는 것이 긴급하다는 것을 이해합니다. 더 나은 지원을 위해 [주문/송장번호] 또는 [주문/송장번호]를 제공해 주시겠습니까? 해당 정보를 바탕으로 정확한 견적을 제공해 드릴 수 있습니다. 이 문제에 협조해 주셔서 감사합니다.
BL,제품을 얼마나 빨리 받을 수 있는지 확인하기 위해 전화했습니다.,배송,배송 기간 확인,제품의 예상 도착 시간에 대해 문의해 주셔서 감사합니다. 정확한 정보를 제공하기 위해 [주문/송장번호] 또는 [주문/송장번호]를 제공해 주시겠습니까? 이 정보를 통해 당사는 고객님의 제품을 추적하고 예상 배송일을 결정하는 데 도움을 드릴 수 있습니다. 필요한 세부정보를 수집하는 동안 양해해 주셔서 감사합니다.
BL,내 상품이 도착하는 데 시간이 얼마나 걸리는지 확인하는 데 도움이 됩니다.,배송,배송 기간 확인,상품의 예상 도착 시간에 대해 궁금해하시는 점을 이해합니다. 가장 정확한 정보를 제공하기 위해 [주문/송장번호] 또는 [주문/송장번호]를 제공해 주시기 바랍니다. 이 정보를 통해 당사는 고객님의 품목을 추적하고 예상 배송 날짜에 대한 업데이트를 제공할 수 있습니다. 고객님의 상품을 추적하는 데 도움을 드리는 동안 고객님의 양해에 진심으로 감사드립니다.
BILQ,내 소포가 언제 도착하는지 확인할 수 있어?,배송,배송 기간 확인,저희는 고객님의 패키지 도착을 추적하고 예상 배송 날짜를 결정하려는 고객님의 열망을 완전히 이해합니다. 가장 정확한 정보를 제공하기 위해 [주문/송장번호] 또는 [주문/송장번호]를 제공해 주시겠습니까? 이 정보를 통해 고객님의 패키지가 언제 도착할 것으로 예상되는지에 대한 정확한 업데이트를 제공할 수 있습니다. 그동안 고객님의 양해에 진심으로 감사드립니다. 지금까지 우리 서비스에 대한 경험은 어땠나요?
BCL,내 상품이 언제 도착하는지 확인해야 합니다. 도움이 필요합니다.,배송,배송 기간 확인,저희는 고객님의 품목에 대한 예상 배송 시간을 추적하고 알고 싶어하는 고객님의 열망을 이해합니다. 더 나은 지원을 위해 [주문/송장번호] 또는 [주문/송장번호]를 제공해 주시겠습니까? 해당 정보를 통해 예상 배송일에 대한 정확한 최신 정보를 제공할 수 있습니다. 이 과정에서 고객님의 인내와 협조에 깊은 감사를 드립니다.
BL,소포가 도착하는 데 얼마나 걸리는지 확인하도록 도와주세요,배송,배송 기간 확인,저희는 고객님의 소포 도착 예상 시간에 대한 고객님의 호기심을 이해합니다. 정확한 정보를 제공하기 위해 [주문/송장번호] 또는 [주문/송장번호]를 제공해 주시겠습니까? 이 정보를 통해 당사는 진행 상황을 추적하고 소포 도착 시간을 예측하는 데 즉시 도움을 드릴 수 있습니다. 이 문제에 대한 고객님의 협조에 감사드립니다!
BEL,내 패키지가 언제 도착하는지 어떻게 확인할 수 있는지 모르겠습니다.,배송,배송 기간 확인,"저희는 고객님의 패키지를 추적하고 예상 도착 시간을 아는 것이 고객님께 중요하다는 것을 알고 있습니다. 도움을 받으려면 당사 웹사이트를 방문하여 ""주문 추적"" 섹션으로 이동하여 [주문/송장번호] 또는 [주문/송장번호]를 입력하여 패키지 상태에 대한 실시간 업데이트를 받을 것을 권장합니다. 추가 질문이 있거나 추가 지원이 필요한 경우 [운영시간/기간]([고객센터전화번호]) 또는 당사 웹사이트([웹사이트/메뉴])의 라이브 채팅을 통해 언제든지 당사 고객 지원팀에 문의하시기 바랍니다. 안심하세요. 저희는 고객님의 패키지가 안전하고 신속하게 도착할 수 있도록 모든 단계에서 도움을 드릴 것입니다."
BIL,배송이 얼마나 걸리는지 확인할 수 있나요?,배송,배송 기간 확인,배송 과정 기간을 확인하고 싶은 마음을 이해합니다. 정확한 정보를 제공하기 위해 [주문/송장번호] 또는 [주문/송장번호]를 요청해 주시기 바랍니다. 이 정보를 통해 당사는 고객님의 발송물의 예상 배송 시간을 고객님께 제공할 수 있습니다. 고객님의 인내와 협조에 진심으로 감사드립니다.
BLQZ,내 이 언제 도착하는지 확인하는 데 도움이 필요해요,배송,배송 기간 확인,저희는 고객님의 상품 배송을 추적하고 예상 도착 시간을 확인하려는 고객님의 열망을 완전히 이해합니다. 더 나은 지원을 위해 [주문/송장번호] 또는 [주문/송장번호]를 제공해 주시겠습니까? 이 정보를 통해 당사는 고객님의 상품 상태와 예상 배송일에 대한 가장 정확한 업데이트를 고객님께 제공할 수 있습니다. 협조해 주셔서 감사드리며 양해해 주셔서 감사합니다!
BLW,그 빌어먹을 기사가 얼마나 빨리 나올 수 있는지 확인하도록 도와주세요,배송,배송 기간 확인,저희는 고객님의 물품 배송 상태를 추적하려는 고객님의 열망을 이해하고 고객님이 물품 도착을 얼마나 빨리 예상할 수 있는지 알고 있습니다. 정확한 견적을 제공하기 위해 [주문/송장번호] 또는 [주문/송장번호]를 제공해 주시겠습니까? 이 정보를 통해 당사는 고객님의 배송품을 찾고 예상 배송일에 대한 최신 정보를 제공할 수 있습니다. 고객님의 협조와 인내심에 감사드립니다!
BIL,구매한 상품이 도착하는 데 얼마나 걸리는지 어디서 확인할 수 있나요?,배송,배송 기간 확인,저도 같은 생각입니다. 구매 진행 상황을 추적하고 예상 도착 시간을 확인하고 싶은 마음입니다. 배송 시간에 대한 정확한 정보를 제공하기 위해 구매와 관련된 [주문/송장번호] 또는 [주문/송장번호]를 문의해도 될까요? 해당 정보를 통해 예상 배송 기간을 확인할 수 있는 특정 페이지를 찾는 데 도움을 드릴 수 있습니다. 추가 지원을 드리는 동안 기다려 주셔서 감사합니다.
BIL,배송이 도착하는 데 얼마나 걸리나요?,배송,배송 기간 확인,"고객님이 배송이 도착하는 데 걸리는 시간을 알고 싶어 한다는 점을 이해합니다. 예상 배송 시간은 배송 방법, 목적지, 운송 중 예상치 못한 상황 등 다양한 요인에 따라 달라질 수 있습니다. 정확한 견적을 제공하기 위해 [주문/송장번호] 또는 [주문/송장번호]를 제공해 주시겠습니까? 이 정보를 통해 당사는 세부 사항을 조회하고 배송에 관한 최신 정보를 제공할 수 있습니다. 이해해 주셔서 감사합니다."
BZ,배송이 얼마나 빨리 예상되는지 확인하는 데 도움이 됩니다.,배송,배송 기간 확인,저희는 고객님이 배송을 얼마나 빨리 받을 수 있는지 알고 싶어한다는 것을 이해합니다. 정확한 견적을 제공하기 위해 [주문/송장번호] 또는 [주문/송장번호]를 제공해 주시겠습니까? 이 정보를 통해 당사는 고객님의 배송 상태를 확인하고 언제 도착할지 명확한 정보를 제공할 수 있습니다. 고객님의 패키지가 원활하게 배송될 수 있도록 함께 노력하는 동안 고객님의 양해에 진심으로 감사드립니다.
BILQZ,내 물건을 기대할 수 있는지 어떻게 확인하나요?,배송,배송 기간 확인,"고객님의 상품이 언제 도착할 것으로 예상되는지에 대한 고객님의 궁금증을 이해하여 주문을 간단하고 편리하게 추적할 수 있도록 만들었습니다. 예상 배송 시간을 확인하려면 당사 웹사이트를 방문하여 계정에 로그인하세요. 로그인한 후 ""주문"" 또는 ""내 계정"" 섹션으로 이동하면 예상 배송일을 포함하여 최근 구매에 대한 세부정보를 확인할 수 있습니다. 또한 배송 상태에 대한 실시간 업데이트를 제공하는 추적 정보가 포함된 이메일 업데이트를 받을 수도 있습니다. 추가 지원이 필요한 경우 언제든지 고객 지원팀에 문의해 주세요. 주문 추적에 기꺼이 도움을 드릴 것입니다."
BILW,내 피묻은 제품이 언제 도착하는지 어떻게 확인할 수 있나요?,배송,배송 기간 확인,저희는 고객님의 제품이 언제 도착할 것으로 예상하는지 알고 싶어하는 고객님의 불만과 열의를 이해합니다. 가장 정확한 정보를 제공하기 위해 [주문/송장번호] 또는 [주문/송장번호]를 제공해 주시겠습니까? 이 정보를 통해 당사는 고객님의 주문을 추적하고 예상 배송일을 알려드릴 수 있습니다. 이 문제를 해결하는 동안 양해해 주셔서 감사합니다.
BL,내 주문이 언제 도착하는지 알 수 있게 도와주세요,배송,배송 기간 확인,주문 진행 상황을 추적하고 예상 도착 시간을 확인하고 싶어하는 고객님의 기대를 이해합니다. 정확한 지원을 위해 [주문/송장번호] 또는 [주문/송장번호]를 제공해 주시겠습니까? 이 정보를 통해 당사는 고객님의 주문 위치에 대한 실시간 업데이트를 제공할 수 있습니다. 고객님의 양해에 진심으로 감사드립니다!
BIMQ,배송 기간에 대해 알려줄 수 있어,배송,배송 기간 확인,"배송 기간에 대한 고객님의 궁금증을 충분히 이해합니다. 배송 기간은 배송 방법, 목적지, 상품 가용성 등 다양한 요인에 따라 달라집니다. 일반적으로 당사는 고객님의 소포를 가능한 한 빠르고 효율적으로 배송하기 위해 노력합니다. 가장 정확한 정보를 제공하기 위해 [주문/송장번호] 또는 [주문/송장번호]를 제공해 주시겠습니까? 이러한 세부 정보를 통해 발송물의 예상 배송 기간에 대한 구체적인 세부 정보를 제공할 수 있습니다. 고객 만족은 저희의 최우선 사항이며, 고객님께 정보를 제공하기 위해 노력하는 동안 양해해 주셔서 감사합니다."
BCEIL,배송기간을 알고 싶은데 어디서 확인할 수 있나요?,배송,배송 기간 확인,"고객님이 주문한 배송 기간에 대해 궁금해하고 이 정보를 어디서 찾을 수 있는지 알고 싶습니다. 가장 정확하고 최신 배송 기간을 제공하려면 [주문/송장번호] 또는 [주문/송장번호]가 필요합니다. 이 정보가 확보되면 예상 배송 기간을 알려드리고 이 정보를 찾을 수 있는 위치를 안내해 드릴 수 있습니다. 고객 만족이 저희의 최우선 사항이며, 저희는 모든 단계에서 고객님을 지원하기 위해 여기 있습니다. 지금까지 우리 서비스에 대한 경험은 어땠나요?"
BIL,내 배송물이 도착하는 데 얼마나 걸리는지 알려 주실 수 있나요?,배송,배송 기간 확인,배송 예상 배송 시간에 관심을 가져주셔서 감사합니다. 더 나은 도움을 드릴 수 있도록 [주문/송장번호] 또는 [주문/송장번호]를 제공해 주시겠습니까? 이 정보를 통해 고객님의 배송품이 도착할 정확한 예상 시간을 알려드릴 수 있습니다. 더 나은 서비스를 제공하기 위해 노력하고 있으니 양해해 주셔서 감사합니다.
BIL,내 기사가 언제 도착하는지 어디서 확인할 수 있나요?,배송,배송 기간 확인,기사의 예상 도착 시간에 대한 고객님의 호기심을 이해합니다. 정확한 정보를 제공하기 위해 [주문/송장번호] 또는 [주문/송장번호]를 문의해도 될까요? 이러한 세부정보를 통해 당사는 고객님의 주문 상태를 신속하게 조회하고 예상 배송일을 알려드릴 수 있습니다. 배송 추적에 도움을 드리고 있으니 양해해 주시기 바랍니다.
BIL,내 주문이 언제 도착하는지 알 수 있게 도와주실 수 있나요?,배송,배송 기간 확인,고객님의 주문에 대한 예상 배송 시간을 알고자 하는 고객님의 기대를 이해합니다. 가장 정확한 정보를 제공하기 위해 [주문/송장번호]를 제공해 주시겠습니까? 정보가 확보되면 주문을 추적하고 예상 도착 날짜를 알려드릴 수 있습니다. 가능한 최고의 경험을 제공하기 위해 함께 노력하는 동안 고객님의 인내심에 진심으로 감사드립니다.
BIL,주문을 얼마나 빨리 받을 수 있는지 알려 주시겠어요?,배송,배송 기간 확인,저희는 고객님의 주문을 받고 예상되는 도착 시간을 알고 싶어하는 고객님의 기대를 이해합니다. 가장 정확한 정보를 제공하기 위해 [주문/송장번호] 또는 [주문/송장번호]를 제공해 주시겠습니까? 이 정보를 통해 당사는 고객님의 주문을 추적하고 예상 배송일을 알려드릴 수 있습니다. 원활하고 시기적절한 배송 과정을 보장하기 위해 함께 노력하는 동안 고객님의 양해에 진심으로 감사드립니다.
BL,내 기사가 언제 도착할지 확인하는 데 도움을 주세요,배송,배송 기간 확인,고객님의 기사 배송 상태를 추적하고 예상 도착 시간을 결정하는 데 대한 고객님의 열정에 감사드립니다. 추가 지원을 위해 고객님의 기사와 관련된 [주문/송장번호] 또는 [주문/송장번호]를 제공해 주시겠습니까? 이 정보를 통해 도착 시 가장 정확한 업데이트를 제공할 수 있습니다. 이 문제에 협조해 주셔서 감사합니다.
BL,구매한 상품이 도착하는 데 얼마나 걸리는지 확인해야 해요,배송,배송 기간 확인,"고객님이 구매한 제품이 언제 도착하는지 알고 싶어 한다는 점을 이해합니다. 정확한 견적을 제공하기 위해 [주문/송장번호] 또는 [주문/송장번호]를 제공해 주시겠습니까? 해당 정보를 바탕으로 정확한 배송일을 알려드릴 수 있습니다. 고객님의 양해에 진심으로 감사드리며, 앞으로도 계속 지원해 드리겠습니다."
BL,구매한 상품이 언제 도착하는지 확인하고 싶습니다.,배송,배송 기간 확인,저희는 고객님의 구매품을 받고 예상 도착 시간을 아는 것이 필수적이라는 점을 이해합니다. 가장 정확한 정보를 제공하기 위해 [주문/송장번호] 또는 [주문/송장번호]를 제공해 주시겠습니까? 이러한 세부정보를 통해 당사는 고객님의 구매를 추적하고 예상 배송일을 알려드릴 수 있습니다. 더 나은 지원을 제공하는 데 협조해 주셔서 감사합니다.
BILW,빌어먹을 물건이 도착하는 데 시간이 얼마나 걸리는지 어떻게 알 수 있나요?,배송,배송 기간 확인,저희는 고객님의 패키지 예상 배송 시간에 대한 업데이트를 받고 싶어하는 고객님의 열망을 충분히 이해합니다. 더 나은 지원을 위해서는 [주문/송장번호] 또는 [주문/송장번호]와 같은 필수 세부 정보가 필요합니다. 이 정보를 통해 당사는 고객님의 상품 도착에 대한 가장 정확한 업데이트를 고객님께 제공할 수 있습니다. 고객님의 인내와 이해에 크게 감사드립니다.
BLZ,구매한 상품이 언제 도착하는지 확인하는 데 도움이 필요합니다.,배송,배송 기간 확인,저희는 고객님이 구매한 제품이 언제 도착할지 알고 싶어하는 고객님의 열망을 충분히 이해합니다. 도움을 드릴 수 있도록 [주문/송장번호] 또는 [주문/송장번호]를 제공해 주시겠습니까? 이 정보를 확보하면 가장 정확한 예상 배송일을 알려드릴 수 있습니다. 고객 만족을 보장하기 위해 노력하는 동안 고객님의 양해에 진심으로 감사드립니다.
BILPQZ,내 패키지가 언제 도착하는지 확인할 수 있을까요?,배송,배송 기간 확인,저희는 고객님의 패키지 진행 상황을 추적하고 예상 도착 시간을 확인하려는 고객님의 열망을 완전히 이해합니다. 가장 정확한 정보를 제공하기 위해 패키지에 대한 [주문/송장번호] 또는 [주문/송장번호]를 제공해 주시겠습니까? 이 정보를 통해 예상 배송일에 대한 정확한 업데이트를 제공할 수 있습니다. 협조해 주셔서 감사합니다!
BC,내 물건이 언제 도착하는지 확인해야 하는데 도움이 필요해요,배송,배송 기간 확인,저희는 고객님의 상품의 예상 도착 시간을 알고 싶어하는 고객님의 열망을 이해합니다. 정확한 정보를 제공하기 위해 [주문/송장번호] 또는 [주문/송장번호]를 제공해 주시기 바랍니다. 이 정보를 통해 배송 상태를 확인하고 예상 배송일을 알려드릴 수 있습니다. 이 문제를 해결하기 위해 함께 노력하는 동안 기다려 주셔서 감사합니다. 지금까지 우리 서비스에 대한 경험은 어땠나요?
BLQ,제품을 얼마나 빨리 받을 수 있는지 확인하려고 해요,배송,배송 기간 확인,고객님의 제품 예상 도착 시간에 대한 고객님의 궁금증을 이해합니다. 정확한 정보를 제공하기 위해 [주문/송장번호] 또는 [주문/송장번호]를 제공해 주시겠습니까? 해당 정보를 통해 당사는 고객님이 제품을 언제 기대할 수 있는지 정확한 추정치를 제공할 수 있습니다. 더 나은 서비스를 제공할 수 있도록 협조해 주셔서 감사합니다.
BCL,배송이 얼마나 걸리는지 확인해야 하는데 도움이 필요해요,배송,배송 기간 확인,고객님이 패키지의 예상 배송 시간을 알고 싶어 한다는 점을 잘 알고 있습니다. 정확한 정보를 제공하고 마음을 편하게 드리기 위해 [주문/송장번호] 또는 [주문/송장번호]를 제공해 주시겠습니까? 이 정보를 통해 배송 세부정보를 조회하고 예상 도착일을 알려드릴 수 있습니다. 고객님의 문의 사항을 효율적으로 해결하기 위해 노력하고 있으니 양해해 주셔서 감사합니다.
BLW,빌어먹을 주문이 얼마나 빨리 올 수 있는지 확인해야 해요,배송,배송 기간 확인,저희는 고객님의 주문에 대한 예상 배송 시간을 알고 싶은 긴급함을 이해합니다. 추가 지원을 위해 [주문/송장번호] 또는 [주문/송장번호]를 제공해 주시겠습니까? 이 정보를 바탕으로 정확한 견적을 제공해 드릴 수 있습니다. 안심해 주세요. 저희는 고객 만족을 보장하기 위해 최선을 다하고 있으며 고객님의 양해에 감사드립니다.
BL,내 기사를 얼마나 빨리 기대할 수 있는지 확인하는 데 도움이 됩니다.,배송,배송 기간 확인,"저희는 고객님이 기사를 언제 기대할 수 있는지 알고 싶어한다는 것을 이해합니다. 예상 도착 시간을 알려드리려면 몇 가지 추가 정보가 필요합니다. [주문/송장번호] 또는 [주문/송장번호]를 제공해 주시겠습니까? 해당 정보를 통해 당사는 고객님의 기사 상태를 확인하고 배송 기간에 대한 보다 정확한 견적을 제공할 수 있습니다. 고객 만족이 저희의 최우선 사항이며, 저희는 모든 단계에서 고객님을 지원하기 위해 여기 있습니다."
BCIL,주문을 언제 받을 수 있는지 알고 싶습니다. 어떻게 해야 하나요?,배송,배송 기간 확인,저희는 고객님의 주문에 대한 예상 배송 시간을 알고 싶어하는 고객님의 열망을 이해합니다. 가장 정확한 정보를 제공하기 위해 [주문/송장번호] 또는 [주문/송장번호]를 제공해 주시기 바랍니다. 해당 정보를 통해 당사는 고객님의 주문을 추적하고 예상 도착일에 대한 업데이트를 제공할 수 있습니다. 이 과정 전반에 걸쳐 고객님의 협조와 인내심에 감사드립니다.
BL,언제쯤 구매가 가능한지 알아보려고 합니다,배송,배송 기간 확인,저희는 고객님이 구매한 제품을 받기를 기대하고 제품이 언제 도착할지 알고 싶어하는 점을 이해합니다. 정확한 견적을 제공하기 위해 [주문/송장번호] 또는 [주문/송장번호]를 제공해 주시겠습니까? 이 정보를 통해 당사는 예상 배송 날짜를 결정하고 패키지 진행 상황에 대한 최신 정보를 제공할 수 있습니다. 고객님의 인내심과 이해에 감사드립니다.
BL,배송이 도착하는 데 걸리는 시간을 확인하는 데 도움이 됩니다.,배송,배송 기간 확인,저희는 고객님의 패키지 배송을 추적하고 예상 도착 시간을 결정하는 것에 대한 고객님의 관심을 이해합니다. 이 문제를 해결하기 위해 [주문/송장번호] 또는 [주문/송장번호]를 제공해 주시겠습니까? 이 정보를 통해 당사는 고객님의 배송과 관련된 특정 추적 세부 정보에 액세스하고 정확한 견적을 제공할 수 있습니다. 고객님의 문의 사항을 해결하기 위해 함께 노력하는 동안 고객님의 협조와 인내심에 감사드립니다.
BIL,내 주문이 얼마나 빨리 예상되는지 알려 주실 수 있나요?,배송,배송 기간 확인,저희는 고객님의 주문이 언제 도착할지 알고 싶어하는 고객님의 기대를 이해합니다. 가장 정확한 견적을 제공하기 위해 [주문/송장번호] 또는 [주문/송장번호]를 제공해 주시겠습니까? 이 정보를 통해 예상 배송 시간에 대한 정확한 업데이트를 제공할 수 있습니다. 고객님의 양해에 진심으로 감사드립니다.
BL,내 상품이 언제 도착할지 확인하는 데 도움이 필요합니다.,배송,배송 기간 확인,고객님이 상품의 예상 도착 시간에 대한 정보를 얻고자 하는 점을 이해합니다. 정확한 답변을 위해 [주문/송장번호] 또는 [주문/송장번호]를 제공해 주시겠습니까? 이 정보를 얻으면 정확한 견적을 드릴 수 있습니다. 협조해 주셔서 감사합니다!
BLQ,내 상품을 얼마나 빨리 받을 수 있는지 확인하는 데 도움이 필요합니다,배송,배송 기간 확인,저희는 고객님의 상품에 대한 예상 배송 시간을 알고 싶어하는 고객님의 열망을 완전히 이해합니다. 정확한 업데이트를 제공하기 위해 [주문/송장번호] 또는 [주문/송장번호]를 제공해 주시겠습니까? 이 정보를 통해 당사는 고객님의 상품을 추적하고 예상 도착 시기에 대한 최신 정보를 제공할 수 있습니다. 양해해 주셔서 감사드리며 앞으로도 더 많은 도움을 드리겠습니다.
BILP,주문한 상품이 도착하는 데 얼마나 걸리는지 확인할 수 있나요?,배송,배송 기간 확인,저희는 고객님의 주문 도착 시간에 대한 고객님의 호기심을 이해합니다. 정확한 견적을 제공하기 위해 [주문/송장번호] 또는 [주문/송장번호]를 공유해 주시기 바랍니다. 해당 정보가 확보되면 신속하게 상태를 확인하고 예상 배송 기간을 알려드릴 수 있습니다. 이 문제에 협조해 주셔서 감사합니다.
BCIL,배송기간이 얼마나 걸리는지 알고 싶은데 어떻게 하면 되나요?,배송,배송 기간 확인,배송기간에 대해 문의해주셔서 감사합니다. 저희는 고객님의 패키지가 언제 도착하는지 알고 싶은 고객님의 호기심을 완전히 이해합니다. 배송 시간에 대한 정확한 견적을 제공하기 위해 [주문/송장번호] 또는 [주문/송장번호]를 제공해 주시겠습니까? 해당 정보를 통해 배송 상태와 배송 예정일을 확인할 수 있습니다. 고객님의 양해와 협조에 감사드립니다.
BCIL,상품이 언제 도착하는지 확인하고 싶은데 어떻게 해야 하나요?,배송,배송 기간 확인,"저희는 고객님의 제품 도착을 추적하려는 고객님의 열망을 이해합니다. 예상 배송 시간을 확인하려면 당사 웹사이트를 방문하여 계정에 로그인하세요. 거기에서 ""주문"" 섹션으로 이동하면 배송에 대한 관련 정보를 찾을 수 있습니다. 세부 정보를 찾는 데 어려움이 있는 경우 당사 고객 지원팀이 기꺼이 도와드리겠습니다. 저희는 모든 단계에서 도움을 드릴 수 있다는 것을 기억하세요!"
BL,기사가 얼마나 빨리 나올 수 있는지 확인하는 데 도움이 됩니다,배송,배송 기간 확인,저희는 고객님의 기사를 받고 싶어하는 고객님의 열망을 이해하며 예상 도착 시간을 돕기 위해 여기에 있습니다. 가장 정확한 정보를 제공하려면 몇 가지 세부정보가 필요합니다. [주문/송장번호] 또는 [주문/송장번호]를 제공해 주시겠습니까? 해당 정보를 통해 고객님의 기사가 언제 도착할 것으로 예상하는지에 대한 보다 명확한 예측을 제공할 수 있습니다. 고객님의 협조와 인내심에 감사드립니다.
BIL,배송물을 얼마나 빨리 받을 수 있는지 어디서 확인하나요?,배송,배송 기간 확인,저희는 고객님의 패키지 진행 상황을 추적하고 언제 도착할지 알고 싶어하는 고객님의 호기심을 이해합니다. 예상 도착 시간에 대한 정확한 정보를 제공하려면 [주문/송장번호] 또는 [주문/송장번호]를 제공해 주시기 바랍니다. 이 정보를 통해 관련 추적 세부 정보를 찾고 배송 날짜를 추정하는 데 도움을 드릴 수 있습니다. 원활한 배송 경험을 보장하기 위해 함께 노력하는 동안 고객님의 협조와 인내심에 감사드립니다.
BL,내 소포를 얼마나 빨리 받을 수 있는지 확인하는 데 도움,배송,배송 기간 확인,저희는 고객님의 소포의 예상 도착 시간을 추적하려는 고객님의 열망을 이해합니다. 가장 정확한 정보를 제공할 수 있도록 [주문/송장번호] 또는 [주문/송장번호]를 제공해 주시겠습니까? 이 정보를 통해 당사는 고객님의 예상 배송일에 대한 업데이트를 제공하고 모든 단계에 대한 정보를 지속적으로 제공할 수 있습니다. 고객님의 소포가 적시에 도착할 수 있도록 함께 노력하는 동안 고객님의 인내심에 진심으로 감사드립니다. 지금까지 우리 서비스에 대한 전반적인 경험은 어땠나요?
BL,얼마나 빨리 주문이 가능한지 확인해야 해요,배송,배송 기간 확인,저희는 고객님의 주문을 받고 싶어하는 고객님의 기대를 이해하며 고객님께 가장 정확한 정보를 제공하고자 합니다. 더 나은 지원을 위해 [주문/송장번호] 또는 [주문/송장번호]를 제공해 주시겠습니까? 이 정보를 통해 당사는 고객님의 주문을 추적하고 예상 배송일을 제공할 수 있습니다. 고객님의 주문을 이행하기 위해 협력하는 동안 고객님의 인내심에 큰 감사를 드립니다.
B,배송이 언제 도착하는지 확인하려고 전화했어요,배송,배송 기간 확인,배송 예상 도착 시간에 대해 궁금해하시는 점을 이해합니다. 정확한 정보를 제공하기 위해 [주문/송장번호] 또는 [주문/송장번호]를 제공해 주시겠습니까? 이 정보를 통해 당사는 고객님의 배송을 추적하고 최신 상태와 예상 배송 날짜를 제공할 수 있습니다. 고객님의 협조에 진심으로 감사드립니다!
BELMW,피 묻은 배송 기간을 찾고 있습니다,배송,배송 기간 확인,고객님이 주문한 제품의 배송 기간을 알고 싶어 한다는 점을 이해합니다. 정확한 견적을 제공할 수 있도록 [주문/송장번호] 또는 [주문/송장번호]를 제공해 주시겠습니까? 저희는 고객님의 인내심을 소중히 여기며 고객님의 패키지 추적에 도움을 드리겠습니다.
BIL,제품을 얼마나 빨리 받을 수 있는지 어디서 확인할 수 있나요?,배송,배송 기간 확인,"저희는 제품의 진행 상황을 추적하고 예상 도착 시간을 알고 싶은 고객님의 호기심을 이해합니다. 예상 배송 시간을 확인하려면 당사 웹사이트의 주문 추적 페이지를 방문하세요. 계정의 ""주문"" 섹션으로 이동하여 특정 주문을 찾으면 예상 배송 날짜를 확인할 수 있습니다. 이 정보에 액세스하는 데 문제가 있는 경우 당사 고객 지원팀이 기꺼이 도와드릴 것입니다. 당사 웹사이트의 라이브 채팅을 통해 연락하시거나 고객 지원 전화번호로 전화해 주세요. 저희는 절차 전반에 걸쳐 고객님을 돕고 원활한 배송 경험을 보장하기 위해 왔습니다."
BCL,내 패키지가 언제 도착하는지 확인하고 싶습니다. 도와주세요.,배송,배송 기간 확인,저희는 고객님의 패키지 진행 상황을 추적하고 예상 도착 시간을 받고 싶어하는 고객님의 열망을 이해합니다. 가장 정확한 정보를 제공하기 위해 [주문/송장번호] 또는 [주문/송장번호]를 공유해 주시겠습니까? 이러한 세부 정보를 통해 예상 배송 날짜에 대한 정확한 업데이트를 제공할 수 있습니다. 효과적인 지원을 위해 협조해 주셔서 감사합니다.
BL,배송이 언제 도착하는지 확인하려고 합니다.,배송,배송 기간 확인,저희는 배송물 도착을 명확하게 하는 것이 얼마나 중요한지 잘 알고 있습니다. 패키지를 추적하는 데 도움이 되도록 [주문/송장번호] 또는 [주문/송장번호]를 제공해 주세요. 이 정보를 통해 당사는 고객님의 배송품이 도착할 것으로 예상되는 정확한 예상 시간을 고객님께 제공할 수 있습니다. 최신 정보를 제공하는 데 협조해 주셔서 감사합니다.
BLQ,보통 주문한 상품이 도착하는 데 얼마나 걸리는지 알고 싶어요,배송,배송 기간 확인,고객님이 주문한 상품의 일반적인 배송 시간을 알고 싶어 하시는 것으로 알고 있습니다. 정확한 견적을 제공하기 위해 [주문/송장번호] 또는 [주문/송장번호]를 제공해 주시겠습니까? 이 정보를 통해 당사는 시스템을 확인하고 대략적인 배송 일정을 알려드릴 수 있습니다. 필요한 세부정보를 수집하는 동안 기다려 주셔서 감사합니다.
BIL,제품을 얼마나 빨리 받을 수 있는지 알려 주시겠어요?,배송,배송 기간 확인,물론입니다! 저는 고객님이 제품을 받고 싶어하는 마음과 예상 배송일을 아는 것이 얼마나 중요한지 잘 알고 있습니다. 정확한 정보를 제공하기 위해 [주문/송장번호] 또는 [주문/송장번호]를 제공해 주시겠습니까? 이러한 세부정보를 통해 주문 상태를 확인하고 예상 도착일을 알려드릴 수 있습니다. 협조해 주셔서 감사합니다!
BL,내 소포가 얼마나 빨리 도착할 수 있는지 알아보기 위해 전화했습니다.,배송,배송 기간 확인,소포의 예상 배송 시간에 대한 업데이트를 위해 문의해 주셔서 감사합니다! 저는 고객님의 패키지를 기대하고 가능한 한 빨리 패키지를 받고 싶어하는 설렘을 이해합니다. 가장 정확한 정보를 제공하기 위해 구매와 관련된 [주문/송장번호] 또는 [주문/송장번호]를 알려주시겠습니까? 이를 통해 제가 고객님의 소포 상태를 확인하고 정확한 도착 예상 시간을 알려드릴 수 있습니다.
BCL,배송이 얼마나 빨리 되는지 알고 싶습니다. 도와주세요.,배송,배송 기간 확인,저희는 고객님의 배송 도착을 기대하는 고객님의 열망을 이해합니다. 예상 배송 시간에 대한 구체적인 정보를 제공하려면 [주문/송장번호] 또는 [주문/송장번호]를 제공해 주시겠습니까? 이러한 세부 정보를 통해 배송을 추적하고 예상 배송 시기에 대한 보다 정확한 견적을 제공할 수 있습니다. 고객님의 양해에 진심으로 감사드립니다!
BIL,내 제품이 언제 도착하는지 알려 주실 수 있나요?,배송,배송 기간 확인,고객님의 제품 예상 도착 시간에 대한 고객님의 궁금증을 이해합니다. 가장 정확한 정보를 제공하기 위해 [주문/송장번호] 또는 [주문/송장번호]를 제공해 주시겠습니까? 이 정보를 통해 당사는 고객님의 배송을 추적하고 정확한 배송 세부정보를 제공할 수 있습니다. 고객님의 제품을 추적하는 데 도움을 드리는 동안 고객님의 양해에 진심으로 감사드립니다.
BIL,내 기사가 얼마나 빨리 나올 수 있는지 확인하는 방법은 무엇입니까?,배송,배송 기간 확인,기사의 진행 상황과 예상 도착 시간을 추적하려는 고객님의 열망을 이해합니다. 가장 정확한 세부 정보를 제공하기 위해 [주문/송장번호] 또는 [주문/송장번호]를 문의해도 될까요? 해당 정보를 통해 당사는 신속하게 현재 상태를 평가하고 예상 배송일을 제공할 수 있습니다. 고객님의 기사가 약속된 기간 내에 고객님께 도달할 수 있도록 우리가 함께 노력하고 있으므로 고객님의 인내심에 감사드립니다.
BI,배송 기간에 대한 정보를 알려주실 수 있나요?,배송,배송 기간 확인,배송 기간에 대한 고객님의 궁금증을 충분히 이해합니다. 배송 시간은 배송 방법과 목적지에 따라 다릅니다. [기타정보] 또는 [기타정보]를 제공해 주시면 보다 정확한 배송 기간을 안내해 드릴 수 있습니다. 고객 만족이 저희의 최우선 사항입니다!
BIL,내 소포가 얼마나 빨리 도착할지 어떻게 확인할 수 있나요?,배송,배송 기간 확인,"저희는 고객님의 소포 진행 상황을 추적하고 언제 도착할지 알고 싶어하는 고객님의 열망을 이해합니다. 이 문제를 해결하기 위해 [주문/송장번호] 또는 [주문/송장번호]를 제공해 주시겠습니까? 이러한 세부 정보를 통해 예상 배송 시간과 관련하여 가장 정확한 정보를 제공할 수 있습니다. 고객님의 인내심에 진심으로 감사드리며, 저희는 절차 전반에 걸쳐 고객님을 도와드리겠습니다. 지금까지 우리 서비스에 대한 경험은 어땠나요?"
BLQ,기사를 얼마나 빨리 받을 수 있는지 확인하는 데 도움이 필요합니다,배송,배송 기간 확인,고객님의 기사가 언제 도착할 것으로 예상되는지에 대한 고객님의 호기심을 이해합니다. 정확한 견적을 제공하기 위해 [주문/송장번호] 또는 [주문/송장번호]를 제공해 주시겠습니까? 이 정보를 통해 당사는 예상 배송 시간을 결정하고 모든 단계에서 고객님께 정보를 제공할 수 있습니다. 고객 만족이 저희의 최우선 사항입니다. 이 문제에 대해 양해해 주셔서 감사합니다.
BL,내 제품을 얼마나 빨리 받을 수 있는지 확인하는 데 도움이 필요합니다.,배송,배송 기간 확인,저희는 제품의 예상 도착 시간을 확인하려는 고객님의 열망을 이해합니다. 가장 정확한 정보를 제공하기 위해 [주문/송장번호] 또는 [주문/송장번호]를 제공해 주시겠습니까? 이를 통해 배송 진행 상황을 추적하고 배송 기간에 대한 정확한 업데이트를 제공할 수 있습니다. 고객님의 인내와 협조에 감사드립니다.
BLW,내 빌어먹을 소포가 언제 도착하는지 확인하는 것 좀 도와줘,배송,배송 기간 확인,저희는 고객님의 패키지 배송 상태를 추적하는 데 대한 고객님의 불만과 긴급성을 이해합니다. 가장 정확한 정보를 제공하기 위해 [주문/송장번호] 또는 [주문/송장번호]를 제공해 주시겠습니까? 이러한 세부정보를 통해 예상 도착 시간을 결정하는 데 도움을 드릴 수 있습니다. 이 문제를 해결하는 동안 기다려 주셔서 감사합니다.
BILZ,내 패키지를 어떻게 기대할 수 있는지 어떻게 알 수 있나요?,배송,배송 기간 확인,저희는 고객님의 패키지에 대한 예상 배송 시간을 알고 싶어하는 고객님의 호기심과 열망을 이해합니다. 가장 정확한 정보를 제공하기 위해 [주문/송장번호] 또는 [주문/송장번호]를 공유해 주시겠습니까? 이를 통해 당사는 고객님의 배송에 대한 구체적인 세부 정보를 검색하고 정확한 견적을 제공할 수 있습니다. 고객님의 양해에 감사드리며 고객님의 문의에 도움이 되기를 바랍니다.
BLQZ,내 패키지가 언제 도착하는지 확인하는 데 도움이 필요해요,배송,배송 기간 확인,저희는 고객님이 패키지 도착을 추적하고 싶어한다는 것을 알고 있으며 고객님을 돕기 위해 여기에 있습니다. 예상 배송일에 대한 가장 정확한 정보를 제공하기 위해 [주문/송장번호] 또는 [주문/송장번호]를 공유해 주시겠습니까? 이 정보를 통해 당사는 고객님의 패키지가 언제 도착할 것으로 예상하는지에 대한 구체적인 세부 정보를 제공할 수 있습니다. 고객님의 인내와 협조에 감사드립니다.
BLQ,배송이 얼마나 빨리 올 수 있는지 확인하는 데 도움이 필요합니다,배송,배송 기간 확인,저희는 배송물의 예상 배송 시간을 추적하려는 고객님의 열망을 이해합니다. 가장 정확한 정보를 제공하기 위해 [주문/송장번호] 또는 [주문/송장번호]를 제공해 주시겠습니까? 해당 정보를 통해 정확한 배송 날짜를 예측할 수 있습니다. 고객님의 인내와 협조에 감사드립니다.
BLQZ,기사가 도착하는 데 시간이 얼마나 걸리는지 도움을 받고 싶습니다.,배송,배송 기간 확인,"기사의 예상 도착 시간에 대한 고객님의 호기심을 이해합니다. 정확한 견적을 제공하기 위해 [주문/송장번호] 또는 [주문/송장번호]를 제공해 주시겠습니까? 이를 통해 당사는 고객님의 배송을 추적하고 배송에 관한 정확한 세부 정보를 제공할 수 있습니다. 고객님의 양해에 진심으로 감사드리며, 신속하게 도움을 드릴 수 있도록 최선을 다하겠습니다."
BCL,주문한 상품이 언제 도착하는지 확인하고 싶습니다. 도와주세요.,배송,배송 기간 확인,저희는 고객님이 주문한 상품이 언제 도착할 것으로 예상하는지 알고 싶어하는 고객님의 열망을 완전히 이해합니다. 더 나은 지원을 위해 [주문/송장번호] 또는 [주문/송장번호]를 제공해 주시겠습니까? 해당 정보를 통해 당사는 고객님의 주문 상태를 신속하게 확인하고 예상 배송일을 알려드릴 수 있습니다. 이 문제를 해결하기 위해 함께 노력하는 동안 기다려 주셔서 감사합니다.
BL,내 상품이 언제 도착하는지 확인하는 데 도움이 필요합니다.,배송,배송 기간 확인,저희는 고객님의 상품이 언제 도착할지 알고 싶어하는 고객님의 호기심과 조바심을 이해합니다. 가장 정확한 정보를 제공하기 위해 [주문/송장번호] 또는 [주문/송장번호]를 제공해 주시겠습니까? 이 정보를 통해 당사는 고객님의 품목을 추적하고 예상 배송일을 제공할 수 있습니다. 고객님의 문의에 도움을 드리는 동안 고객님의 협조와 인내심에 감사드립니다.
BILQ,구매한 물건이 언제 도착하는지 어떻게 확인하나요?,배송,배송 기간 확인,저희는 고객님의 구매를 추적하고 예상 도착 시간을 확인하려는 고객님의 호기심과 열망을 이해합니다. 이 문제를 해결하기 위해 [주문/송장번호] 또는 [주문/송장번호]를 제공해 주시겠습니까? 이 정보를 통해 당사는 고객님의 구매 상태를 확인하고 언제 도착할지 정확한 예측을 제공할 수 있습니다. 고객님께 필요한 정보를 제공하기 위해 노력하는 동안 고객님의 양해에 진심으로 감사드립니다.
BCL,내 소포가 언제 도착하는지 확인해야 합니다. 도와주세요.,배송,배송 기간 확인,저희는 고객님의 긴급 상황과 고객님의 소포가 언제 도착할지 아는 것의 중요성을 이해합니다. 가장 정확한 정보를 제공하기 위해 [주문/송장번호] 또는 [주문/송장번호]를 공유해 주시겠습니까? 해당 정보를 통해 예상 배송일을 알려드릴 수 있습니다. 고객님의 문의 사항을 해결하는 동안 기다려 주셔서 감사합니다.
BLQ,배송에 시간이 얼마나 걸리는지 확인하는 데 도움이 필요해요,배송,배송 기간 확인,배송 기간을 추적하는 데 도움이 필요하다는 점을 이해합니다. [주문/송장번호] 또는 [주문/송장번호]를 제공해 주시겠습니까? 해당 정보를 통해 예상 배송 시간에 대한 정확한 견적을 제공할 수 있습니다. 고객님의 인내와 협조에 진심으로 감사드립니다.
BL,내 제품이 언제 도착하는지 확인하기 위해 전화를 걸었습니다.,배송,배송 기간 확인,저희는 고객님의 제품 배송 상태를 추적하려는 고객님의 열망을 이해하고 제품이 언제 도착할지 알고 있습니다. 추가 지원을 위해 [주문/송장번호] 또는 [주문/송장번호]를 제공해 주시겠습니까? 이 정보를 통해 당사는 고객님께 배송일에 대한 정확한 견적을 제공할 수 있습니다. 고객님의 협조와 인내심에 감사드립니다.
BLW,그 빌어먹을 물건이 얼마나 빨리 나올지 지켜봐야겠어요,배송,배송 기간 확인,고객님의 상품 예상 도착 시간을 긴급하게 알고 싶어 하시는 점을 이해합니다. 가장 정확한 정보를 제공하기 위해 [주문/송장번호] 또는 [주문/송장번호]를 제공해 주시겠습니까? 이를 통해 고객님의 패키지를 추적하고 예상 배송 날짜에 대한 업데이트를 제공할 수 있습니다. 양해해 주셔서 감사드리며 불편을 끼쳐드려 죄송합니다.
BILQ,내가 구매한 물건이 언제 도착하는지 알려줄 수 있나요?,배송,배송 기간 확인,긍정적으로! 구매한 제품의 예상 도착 시간에 대한 고객님의 궁금증을 이해합니다. 즉시 도움을 드릴 수 있도록 구매와 관련된 [주문/송장번호] 또는 [주문/송장번호]를 제공해 주시겠습니까? 이 정보를 통해 정확한 배송일 예측을 제공할 수 있습니다. 고객님께 필요한 정보를 제공하기 위해 노력하는 동안 고객님의 양해에 진심으로 감사드립니다.
BIL,내 상품을 얼마나 빨리 받을 수 있는지 확인하려면 어떻게 해야 합니까?,배송,배송 기간 확인,상품의 진행 상황을 추적하고 상품 도착을 기대해 주셔서 감사합니다. 제품을 언제 받을 수 있는지 정확하게 예측하려면 구매와 관련된 [주문/송장번호] 또는 [주문/송장번호]를 제공해 주세요. 이 정보를 통해 당사는 고객님께 정확한 배송 날짜를 제공하고 배송 과정 전반에 걸쳐 고객님께 정보를 제공할 수 있습니다. 이번 여정에 도움을 드리는 동안 고객님의 협조와 인내심에 감사드립니다.
BL,저는 소포를 얼마나 빨리 받을 수 있는지 알아보려고 노력한다,배송,배송 기간 확인,저희는 고객님의 소포 배송에 대한 고객님의 호기심과 기대를 이해합니다. 정확한 예상 배송 시간을 제공하기 위해 [주문/송장번호] 또는 [주문/송장번호]를 제공해 주시겠습니까? 이 정보가 확보되면 고객님의 소포가 언제 도착할 것으로 예상되는지에 대한 최신 세부 정보를 제공할 수 있습니다. 원활한 배송 경험을 보장하기 위해 함께 노력하는 동안 고객님의 양해에 진심으로 감사드립니다.
BILPQWZ,빌어먹을 주문이 얼마나 빨리 올 수 있는지 확인해 줄 수 있나요?,배송,배송 기간 확인,저희는 고객님의 주문을 받고 싶어하는 고객님의 좌절감과 열망을 이해합니다. 정확한 배송 시간 추정을 제공하기 위해 [주문/송장번호] 또는 [주문/송장번호]를 제공해 주시겠습니까? 해당 정보를 통해 예상 도착 시간을 결정하고 주문 진행 상황에 대한 최신 정보를 계속 알려드릴 수 있습니다. 원활한 배송 과정을 보장하기 위해 노력하는 동안 고객님의 양해에 진심으로 감사드립니다.
BLZ,내 기사가 언제 도착할지 확인하는 데 도움이 필요합니다.,배송,배송 기간 확인,저희는 고객님의 기사를 받기를 기대하고 예상 도착 시간을 알고 싶어하는 마음을 이해합니다. 정확한 업데이트를 제공하기 위해 [주문/송장번호] 또는 [주문/송장번호]를 제공해 주시겠습니까? 이 정보를 통해 당사는 고객님의 물품 배송 날짜에 대한 정확한 세부 정보를 제공할 수 있습니다. 이 과정이 진행되는 동안 고객님의 인내심과 협조에 감사드립니다.
BIL,상품이 도착하는데 얼마나 걸리는지 어떻게 확인하나요?,배송,배송 기간 확인,고객님이 제품의 예상 배송 시간을 확인하는 데 관심이 있다는 것을 알고 있습니다. 정확한 정보를 제공하기 위해 [주문/송장번호] 또는 [주문/송장번호]를 제공해 주시겠습니까? 이 정보를 통해 세부 정보를 신속하게 조회하고 최신 배송 견적을 제공할 수 있습니다. 원활한 배송 경험을 보장하기 위해 함께 노력하는 동안 고객님의 양해에 진심으로 감사드립니다. 추가로 어떻게 도와드릴까요?
BILQ,기사가 얼마나 빨리 나올지 확인하는 방법,배송,배송 기간 확인,"기사의 예상 도착 시간을 추적하려는 고객님의 열망을 이해합니다. 이 정보를 확인하려면 당사 웹사이트를 방문하여 계정에 로그인하세요. 여기에서 ""주문"" 또는 ""주문 내역"" 섹션으로 이동합니다. 주문 상태와 예상 배송일을 확인할 수 있습니다. 원하는 정보를 찾지 못한 경우 전화나 라이브 채팅을 통해 고객 지원팀에 문의하실 수 있습니다. 정확한 도착 세부 정보를 얻을 수 있도록 기꺼이 도와드리겠습니다. 이 과정이 진행되는 동안 양해해 주셔서 감사합니다. 우리가 도와드릴 수 있는 다른 것이 있나요?"
BCILPQ,주문이 얼마나 빨리 도움이 될 수 있는지 확인해야 합니다,배송,배송 기간 확인,주문과 관련하여 연락해주셔서 다행입니다. 저는 그것이 언제 도착할지 알고 싶어하는 고객님의 열망을 이해합니다. 가장 정확한 정보를 제공하기 위해 [주문/송장번호]를 제공해 주시겠습니까? 해당 정보를 통해 고객님의 주문 상태를 확인하고 예상 배송일을 알려드릴 수 있습니다. 추가 지원을 위해 노력하는 동안 고객님의 양해에 진심으로 감사드립니다.
BLQ,내 제품을 얼마나 빨리 받을 수 있는지 확인해야 합니다,배송,배송 기간 확인,물론입니다! 저는 고객님의 제품이 언제 도착할지에 대한 명확한 아이디어가 필요하다는 점을 완전히 이해합니다. 정확한 정보를 제공하기 위해 [주문/송장번호] 또는 [주문/송장번호]를 제공해 주시겠습니까? 해당 정보를 바탕으로 예상 배송일을 추정해 드릴 수 있습니다. 고객님의 인내심에 감사드립니다!
BIL,내 물건이 언제 도착할지 어떻게 알 수 있나요?,배송,배송 기간 확인,"고객님의 상품 도착에 대한 고객님의 호기심을 이해합니다. 예상 배송일을 확인하려면 당사 웹사이트를 방문하여 ""주문 추적"" 또는 ""주문 추적"" 섹션으로 이동하세요. 여기에서 이메일이나 SMS를 통해 받은 추적 번호나 주문 번호를 입력하라는 메시지가 표시됩니다. 필수 정보를 입력하면 시스템에 품목 상태 및 예상 도착 시간에 대한 최신 정보가 표시됩니다. 이 정보를 찾을 수 없거나 문제가 발생하는 경우 당사 고객 지원팀이 기꺼이 도와드릴 것입니다. 당사 웹사이트의 라이브 채팅이나 [고객센터전화번호]를 통해 연락해 주세요. 안심하세요. 배송 과정 전반에 걸쳐 도움을 드릴 수 있습니다!"
BILQZ,내 소포가 언제 도착할 지 어떻게 알아?,배송,배송 기간 확인,저희는 고객님의 패키지 진행 상황을 추적하고 예상 도착 시간을 받고 싶어하는 고객님의 열망을 완전히 이해합니다. 배송상태를 확인하시려면 당사 홈페이지 '[기타정보]' 페이지에서 확인하실 수 있습니다. 계정에 로그인하고 주문 세부정보로 이동하면 패키지 위치에 대한 최신 정보를 확인할 수 있습니다. 이렇게 하면 패키지가 언제 도착할 것으로 예상하는지 더 잘 알 수 있습니다. 추가로 도움이 필요하시면 알려주세요!
BLQ,내 소포가 언제 도착할지 확인하는 데 도움이 필요해요,배송,배송 기간 확인,저희는 고객님의 소포 배송 상태를 추적하고 언제 도착할지 알고 싶어하는 고객님의 열망을 이해합니다. 정확한 정보를 제공하기 위해 [주문/송장번호] 또는 [주문/송장번호]를 제공해 주시겠습니까? 그 정보가 확보되면 예상 배송일을 알려드릴 수 있습니다. 이 문제를 해결하는 동안 고객님의 양해에 진심으로 감사드립니다.
BIL,내 상품이 도착하는 데 얼마나 걸리는지 어떻게 알 수 있나요?,배송,배송 기간 확인,저희는 고객님의 상품에 대한 예상 배송 시간을 알고 싶어하는 고객님의 열망을 이해합니다. 정확한 정보 제공을 위해 [주문/송장번호] 또는 [주문/송장번호]를 제공해 주시기 바랍니다. 이 정보가 확보되면 추가 지원을 제공하고 배송 일정에 관한 구체적인 세부 정보를 제공할 수 있습니다. 이 문제에 대한 고객님의 인내와 협조에 감사드립니다.
BCIL,내 패키지가 언제 도착하는지 알고 싶습니다. 도와주실 수 있나요?,배송,배송 기간 확인,저희는 고객님의 패키지 진행 상황을 추적하려는 고객님의 호기심과 열망을 이해합니다. 정확한 업데이트를 제공하기 위해 [주문/송장번호] 또는 [주문/송장번호]를 제공해 주시겠습니까? 이 정보를 통해 배송 예정일을 빠르게 확인할 수 있습니다. 원활한 배송 경험을 보장하기 위해 함께 노력하는 동안 고객님의 양해에 진심으로 감사드립니다.
BILZ,기사가 도착하는 데 시간이 얼마나 걸리는지 알려 주실 수 있나요?,배송,배송 기간 확인,저희는 고객님의 기사의 예상 도착 시간을 알고 싶어하는 고객님의 열망을 완전히 이해합니다. 가장 정확한 정보를 제공하기 위해 구매 시 [주문/송장번호] 또는 [주문/송장번호]를 제공해 주시겠습니까? 이 정보를 통해 고객님의 기사가 언제 도착할지 정확한 예상 시간을 알려드릴 수 있습니다. 고객님의 양해에 진심으로 감사드립니다!
BLW,내 빌어먹을 소포가 언제 도착하는지 확인해야 해,배송,배송 기간 확인,저희는 고객님의 패키지가 언제 도착할 것으로 예상하는지 알고 싶어하는 고객님의 열망을 완전히 이해합니다. 배송 기간에 대한 정확한 정보를 제공하기 위해 [주문/송장번호] 또는 [주문/송장번호]를 제공해 주시겠습니까? 해당 정보를 통해 고객님의 패키지가 도착할 시기를 대략적으로 알려드릴 수 있습니다. 고객님의 인내심과 이해에 감사드립니다.
BCQ,배송기간에 대해 더 알고 싶어요 정보를 찾아보세요,배송,배송 기간 확인,"배송 기간에 대해 자세히 알아보는 데 관심을 가져주셔서 감사합니다. 저희 회사에서는 소중한 고객에게 시기적절하고 신뢰할 수 있는 정보를 제공하는 것을 최우선으로 생각합니다. 배송 기간은 배송 방법, 목적지, 현재 배송 조건 등 다양한 요인에 따라 달라질 수 있습니다. 주문 배송 기간에 대한 정확한 정보를 얻으려면 [주문/송장번호] 또는 [주문/송장번호]를 제공해 주시기 바랍니다. 해당 정보를 통해 저희 팀은 고객님을 즉시 지원하고 예상 배송 기간과 관련된 구체적인 세부 정보를 제공할 수 있습니다. 저희 서비스를 선택해주셔서 감사합니다!"
BILP,기사가 얼마나 빨리 나올 수 있는지 알려 주시겠어요?,배송,배송 기간 확인,저희는 고객님의 기사가 언제 도착할 것으로 예상하는지 결정하려는 고객님의 열망을 이해합니다. 정확한 견적을 제공하기 위해 구매와 관련된 [주문/송장번호] 또는 [주문/송장번호]를 요청해 주시기 바랍니다. 해당 정보가 확보되면 구체적인 배송 기간을 알려드릴 수 있습니다. 추가 지원을 위해 노력하는 동안 양해해 주셔서 감사합니다.
BLQZ,얼마나 빨리 주문을 받을 수 있는지 확인하는 데 도움이 됩니다,배송,배송 기간 확인,저희는 주문을 받고 진행 상황을 추적하려는 고객님의 열망을 이해합니다. 예상 배송 시간을 알려드리기 위해 [주문/송장번호] 또는 [주문/송장번호]를 제공해 주시겠습니까? 이 정보를 통해 주문 가능 시기에 대한 정확한 업데이트를 제공할 수 있습니다. 고객님의 인내심과 이해에 감사드립니다.
BLW,내 빌어먹을 소포가 언제 도착하는지 알아보려고 전화했어,배송,배송 기간 확인,저희는 고객님의 패키지 상태를 추적하려는 고객님의 불만과 열망을 이해합니다. 배송에 대한 최신 정보를 얻는 데 도움이 되도록 [주문/송장번호] 또는 [주문/송장번호]를 제공해 주시겠습니까? 이러한 세부 정보를 통해 당사는 고객님의 패키지가 도착할 정확한 예상 시간을 고객님께 제공할 수 있습니다. 이 문제를 해결하기 위해 함께 노력하는 동안 기다려 주셔서 감사합니다.
BLQZ,내 항목을 얼마나 빨리 예상할 수 있는지 확인하는 데 도움이 필요합니다,배송,배송 기간 확인,저희는 고객님의 상품 예상 배송 시간을 추적하려는 고객님의 열망을 이해합니다. 가장 정확한 정보를 제공하기 위해 [주문/송장번호] 또는 [주문/송장번호]를 제공해 주시겠습니까? 이 정보를 통해 당사는 고객님의 상품이 대략적인 도착 날짜를 결정할 수 있습니다. 양해해 주셔서 감사드리며 이 문제에 대해 더 많은 도움을 드리겠습니다.
BCIL,내 소포가 언제 도착하는지 확인하고 싶습니다. 어떻게 해야 하나요?,배송,배송 기간 확인,저희는 고객님의 소포 배송 상태를 추적하려는 고객님의 열망을 이해합니다. 예상 도착 시간을 확인하는 데 도움이 되도록 소포와 관련된 [주문/송장번호] 또는 [주문/송장번호]를 제공해 주시기 바랍니다. 이 정보가 확보되면 배송 일정에 대해 가장 정확한 업데이트를 제공할 수 있습니다. 원활한 배송 경험을 보장하기 위해 함께 노력하는 동안 고객님의 양해에 진심으로 감사드립니다. 추가로 어떻게 도움을 드릴 수 있나요?
BIL,내 제품이 언제 도착할지 어떻게 알 수 있나요?,배송,배송 기간 확인,"저희는 제품의 진행 상황과 예상 배송 날짜를 추적하려는 고객님의 열망을 이해합니다. 예상 도착 시간을 확인하시려면 당사 웹사이트 '[주문/송장번호]' 페이지에서 확인하실 수 있습니다. 여기에서 예상 배송 날짜를 포함하여 배송에 관한 최신 업데이트를 확인할 수 있습니다. 추가 질문이 있거나 도움이 필요한 경우, 주저하지 마시고 고객 지원팀에 문의해 주세요. 우리가 도와주러 왔습니다!"
BQ,내 물건이 언제 도착하는지 확인하는 데 도움을 주세요,배송,배송 기간 확인,저희는 고객님의 품목 진행 상황을 추적하고 언제 도착할지 알고 싶어하는 고객님의 열망을 이해합니다. 추가 지원을 위해 [주문/송장번호] 또는 [주문/송장번호]를 제공해 주시겠습니까? 해당 정보를 통해 예상 배송일에 대한 정확한 업데이트를 제공해 드릴 수 있습니다. 고객님의 양해에 진심으로 감사드립니다!
BLQZ,배송이 얼마나 빨리 올 수 있는지 알아보려고 해요,배송,배송 기간 확인,저희는 고객님을 위해 여기 있습니다! 저는 고객님이 언제 배송을 받을 수 있는지 알고 싶어한다는 것을 알고 있습니다. 정확한 견적을 제공하기 위해 [주문/송장번호] 또는 [주문/송장번호]를 주시겠습니까? 해당 정보를 통해 배송에 대한 최신 세부정보를 알려드릴 수 있습니다. 고객님의 양해에 진심으로 감사드립니다!
BLQ,내 배송품이 도착하는 데 시간이 얼마나 걸리는지 확인하는 데 도움이 필요합니다.,배송,배송 기간 확인,배송품의 예상 도착 시간에 대해 궁금해하시는 점을 이해합니다. 정확한 정보를 제공하기 위해 [주문/송장번호] 또는 [주문/송장번호]를 제공해 주시겠습니까? 이 정보가 있으면 신속하게 배송을 추적하고 예상 배송 날짜를 알려드릴 수 있습니다. 고객 만족이 저희의 최우선 사항입니다. 고객님께 더 나은 지원을 제공할 수 있도록 고객님의 협조에 감사드립니다.
BIL,구매한 제품이 언제 도착하는지 어떻게 확인하나요?,배송,배송 기간 확인,"저희는 고객님의 구매 예상 도착 시간을 알고자 하는 고객님의 기대를 이해합니다. 배송상태를 확인하시려면 당사 홈페이지 ""[주문/송장번호]"" 페이지에서 확인하실 수 있습니다. 여기에서 예상 배송 날짜를 포함한 모든 관련 정보를 확인할 수 있습니다. 이 페이지를 찾는 데 문제가 있거나 추가 지원이 필요한 경우 [기타정보]가 당사 웹사이트 [웹사이트/메뉴]의 라이브 채팅 기능을 통해 [운영시간/기간]에 도움을 드릴 수 있습니다. 저희는 배송 과정 전반에 걸쳐 고객님이 최신 정보를 얻고 정보를 얻을 수 있도록 노력하고 있습니다. 오늘은 또 어떤 도움을 드릴까요?"
BL,배송이 도착하는 데 얼마나 걸리는지 확인해야 합니다.,배송,배송 기간 확인,배송물의 예상 배송 시간을 추적하고 싶은 고객님의 의견을 이해합니다. 가장 정확한 정보를 제공하기 위해 배송과 관련된 [주문/송장번호] 또는 [주문/송장번호]를 제공해 주시겠습니까? 이 정보를 통해 당사는 고객님의 패키지 진행 상황을 추적하는 데 도움을 드릴 수 있습니다. 고객 만족이 저희의 최우선 사항입니다.
BIL,내 기사가 언제 도착하는지 알 수 있게 도와주실 수 있나요?,배송,배송 기간 확인,저희는 고객님의 기사 배송을 추적하고 예상 도착 시간을 알고 싶어하는 고객님의 열망을 완전히 이해합니다. 정확한 정보를 제공하기 위해 고객님의 기사와 관련된 [주문/송장번호] 또는 [주문/송장번호]를 제공해 주시겠습니까? 해당 세부 정보가 확보되면 배송에 대한 정확한 업데이트를 제공할 수 있습니다. 이 문제에 대해 고객님의 이해와 인내심에 감사드립니다.
BCILZ,배송기간이 얼마나 되는지 확인하고 싶은데 어떻게 해야 하나요?,배송,배송 기간 확인,저희는 고객님의 배송 진행 상황과 예상 도착 시간을 추적하려는 고객님의 열망을 이해합니다. 정확한 업데이트를 제공하기 위해 배송과 관련된 [주문/송장번호] 또는 [주문/송장번호]를 요청해 주시기 바랍니다. 이 정보가 있으면 예상 배송 시간에 대해 즉시 도움을 드릴 수 있습니다. 더 나은 서비스를 제공할 수 있도록 협조해 주셔서 감사합니다.
BL,구매한 상품이 언제 도착하는지 확인하는 데 도움이 됩니다,배송,배송 기간 확인,저희는 구매 진행 상황을 추적하고 예상 도착 시간을 알고 싶어하는 고객님의 열망을 이해합니다. 정확한 정보를 제공하기 위해 [주문/송장번호] 또는 [주문/송장번호]를 제공해 주시겠습니까? 이러한 세부 정보를 통해 당사는 고객님의 구매 현재 상태와 예상 배송 날짜를 결정할 수 있습니다. 이해와 인내심에 감사드립니다.
BCEILMZ,배송기간을 찾고 있는데 어떻게 알 수 있나요?,배송,배송 기간 확인,"배송 기간에 대한 정보를 찾고 계신 것으로 알고 있습니다. 당사 제품의 배송 기간을 확인하려면 당사 웹사이트를 방문하여 ""배송 정보"" 페이지로 이동하세요. 이 페이지에서는 다양한 배송 옵션에 대한 예상 배송 시간을 포함하여 필요한 모든 세부 정보를 제공합니다. 특정 질문이 있거나 추가 지원이 필요한 경우 언제든지 알려주시기 바랍니다. 우리가 도와드리겠습니다!"
BILQZ,내 소포가 언제 도착하는지 확인하려면 어떻게 해야 하나요?,배송,배송 기간 확인,소포의 진행 상황을 추적하고 예상 도착 시간에 대한 정보를 얻는 데 관심을 가져주셔서 감사합니다. 이에 도움을 드리기 위해 [주문/송장번호] 또는 [주문/송장번호]를 제공해 주시겠습니까? 이 정보를 통해 예상 배송일과 관련하여 가장 정확하고 최신 정보를 제공할 수 있습니다. 고객님의 협조에 진심으로 감사드립니다!
BL,내 상품이 도착하는 데 걸리는 시간을 확인하는 데 도움,배송,배송 기간 확인,고객님의 상품 배송 시간에 대한 고객님의 궁금증을 이해합니다. 정확한 견적을 제공하기 위해 [주문/송장번호] 또는 [주문/송장번호]를 제공해 주시겠습니까? 이 정보를 통해 예상 도착 시간에 대한 최신 정보를 제공할 수 있습니다. 가능한 한 빨리 상품을 받으실 수 있도록 함께 노력하고 있으니 양해해 주셔서 감사합니다.
BIL,상품이 도착하는 데 얼마나 걸리는지 어떻게 알 수 있나요?,배송,배송 기간 확인,고객님의 상품의 진행 상황과 예상 도착 시간을 모니터링해 주셔서 감사합니다. 정확한 정보를 드리기 위해 [주문/송장번호] 또는 [주문/송장번호]를 부탁드립니다. 이 정보를 통해 정확한 배송 일정을 알려드릴 수 있습니다. 고객님의 협조와 인내심에 감사드립니다.
BIL,배송 기간에 대한 정보는 어디서 확인할 수 있나요?,배송,배송 기간 확인,"저희는 배송 기간에 대한 정보가 필요하다는 것을 이해합니다. 이 정보는 당사 웹사이트의 ""배송"" 또는 ""배송"" 섹션에서 확인할 수 있습니다. 여기에서 다양한 지역이나 국가의 예상 배송 시간은 물론 추가 세부정보나 요구 사항을 확인할 수 있습니다. 저희 웹사이트를 자유롭게 살펴보시고 추가 질문이 있으면 저희에게 연락해 주세요. 저희는 고객님을 돕기 위해 여기 있습니다!"
BILP,내 기사가 언제 도착하는지 알 수 있나요?,배송,배송 기간 확인,저희는 고객님의 기사 전달에 대한 고객님의 호기심과 기대를 이해합니다. 정확한 견적을 제공하기 위해 [주문/송장번호] 또는 [주문/송장번호]를 제공해 주시겠습니까? 이 정보를 통해 예상 도착일에 대한 자세한 정보를 제공할 수 있습니다. 고객님의 인내와 이해에 크게 감사드립니다.
BLQ,내 제품이 언제 도착할지 확인하는 데 도움이 필요합니다,배송,배송 기간 확인,저희는 고객님의 제품이 언제 도착할지 알고 싶어하는 고객님의 기대를 이해합니다. 정확한 업데이트를 제공하기 위해 [주문/송장번호] 또는 [주문/송장번호]를 제공해 주시겠습니까? 이 정보를 통해 예상 배송일을 알려드릴 수 있습니다. 고객님의 양해에 진심으로 감사드립니다.
BL,배송 기간에 대한 정보 찾기,배송,배송 기간 확인,저희는 고객님의 주문에 대한 배송 기간에 대한 정보를 얻고자 하는 고객님의 욕구를 이해합니다. 정확한 세부 정보를 제공하기 위해 [주문/송장번호] 또는 [주문/송장번호]를 요청해 주시기 바랍니다. 해당 정보가 확보되면 예상 배송 기간을 알려드릴 수 있습니다. 고객 만족이 저희의 최우선 사항입니다!
BLQ,구매한 상품이 언제 도착하는지 확인하는 데 도움이 필요합니다,배송,배송 기간 확인,구매한 상품의 예상 도착 시간에 대해 궁금해하시는 점을 이해합니다. 정확한 정보를 제공하기 위해 [주문/송장번호] 또는 [주문/송장번호]를 제공해 주시겠습니까? 이를 통해 당사는 고객님의 구매를 추적하고 배송 상태에 대한 정확한 업데이트를 제공할 수 있습니다. 고객님의 양해에 감사드리며 최선을 다해 도와드리겠습니다.
B,내 상품이 언제 도착할지 확인하는 데 도움이 필요합니다,배송,배송 기간 확인,저희는 고객님의 상품이 도착할 것을 기대하고 배송 기간을 명확히 하고 싶은 마음을 이해합니다. 더 나은 지원을 위해 [주문/송장번호] 또는 [주문/송장번호]를 제공해 주시겠습니까? 이 정보를 통해 당사는 고객님의 상품의 예상 도착 날짜에 관한 정확한 세부 정보를 고객님께 제공할 수 있습니다. 고객님의 인내심에 감사드립니다!
BILP,주문이 얼마나 빨리 예상되는지 어떻게 확인할 수 있나요?,배송,배송 기간 확인,저희는 주문 진행 상황을 추적하고 예상 도착 시간을 확인하려는 고객님의 열망을 이해합니다. 가장 정확한 정보를 제공하기 위해 [주문/송장번호] 또는 [주문/송장번호]를 제공해 주시겠습니까? 해당 정보를 통해 배송 상태에 대한 업데이트와 주문한 제품이 언제 도착할 것으로 예상되는지 알려드릴 수 있습니다. 고객님의 문의사항을 해결하고 필요한 정보를 제공하는 동안 고객님의 양해에 진심으로 감사드립니다.
BILQZ,패키지가 도착하는 데 로그인이 얼마나 걸리는지 어떻게 확인할 수 있나요?,배송,배송 기간 확인,저희는 고객님의 패키지 진행 상황을 추적하고 언제 도착할지 알고 싶어하는 고객님의 열망을 이해합니다. 가장 정확한 정보를 제공하려면 패키지와 관련된 [주문/송장번호] 또는 [주문/송장번호]를 제공해 주시기 바랍니다. 이러한 세부정보를 통해 예상 배송 시간을 알려드리고 진행 중 변경 사항에 대해 계속 업데이트해 드릴 수 있습니다. 이해와 인내심에 감사드립니다.
BIL,소포가 얼마나 빨리 도착할지 어떻게 확인할 수 있나요?,배송,배송 기간 확인,저희는 고객님의 소포 배송 상태에 대한 고객님의 호기심과 예상 도착 시간을 알고 싶어하는 고객님의 열망을 이해합니다. 가장 정확한 정보를 제공하기 위해 [주문/송장번호] 또는 [주문/송장번호]를 제공해 주시겠습니까? 이러한 세부 정보를 통해 당사는 고객님의 소포의 진행 상황을 추적하고 고객님의 문앞에 도착할 시기를 추정해 드릴 수 있습니다. 이 문제에 대해 도움을 드리는 동안 고객님의 양해에 진심으로 감사드립니다.
BEL,배송기간에 대한 정보를 찾고 있어요,배송,배송 기간 확인,저희는 원활하고 만족스러운 경험을 위해서는 배송 기간에 대한 정확한 정보를 갖는 것이 중요하다는 것을 이해합니다. 가장 정확한 세부 정보를 제공하기 위해 [주문/송장번호] 또는 [주문/송장번호]를 제공해 주시겠습니까? 이 정보를 통해 당사는 고객님의 특정 주문에 대한 예상 배송 기간을 결정할 수 있습니다. 이 문제에 대해 고객님의 협조와 인내심에 감사드립니다.
BILW,내 빌어먹을 소포가 언제 도착할지 어떻게 확인하지?,배송,배송 기간 확인,"저희는 고객님의 소포 상태를 알고 싶어하는 고객님의 좌절감과 열의를 이해합니다. 예상 배송 시간을 확인하려면 당사 웹사이트를 방문하여 계정에 로그인하세요. 거기에서 ""내 주문"" 섹션으로 이동하면 소포에 대한 추적 정보를 찾을 수 있습니다. 정보를 찾을 수 없거나 어려움이 있는 경우, 주저하지 말고 고객 지원팀에 문의하세요. 그들은 기꺼이 고객님께 더 많은 도움을 드릴 것입니다. 불편을 끼쳐드려 죄송하며 이 과정이 진행되는 동안 양해해 주셔서 감사합니다."
BCLQ,배송에 얼마나 걸리는지 확인하고 싶어요 도움이 필요해요,배송,배송 기간 확인,저희는 배송 진행 상황을 추적하고 예상 배송 시간을 확인하려는 고객님의 바람을 충분히 이해합니다. 정확한 정보를 제공하기 위해 [주문/송장번호] 또는 [주문/송장번호]를 제공해 주시겠습니까? 그 정보가 확보되면 정확한 견적을 제공해 드릴 수 있습니다. 도움을 위해 문의해 주셔서 감사합니다!
BILQ,내 제품이 언제 도착하는지 확인하는 것을 도와줄 수 있나요?,배송,배송 기간 확인,고객님의 제품이 언제 도착할지 알고 싶은 고객님의 기대와 호기심을 이해합니다. 추가 지원을 위해 [주문/송장번호] 또는 [주문/송장번호]를 제공해 주시겠습니까? 이 정보를 통해 정확한 배송일 예측을 제공할 수 있습니다. 고객님의 협조에 진심으로 감사드립니다!
BIL,내 소포를 얼마나 빨리 받을 수 있는지 알려 주시겠어요?,배송,배송 기간 확인,저희는 고객님의 소포의 예상 도착 시간을 알고 싶어하는 고객님의 열망을 이해합니다. 가장 정확한 정보를 제공하기 위해 [주문/송장번호] 또는 [주문/송장번호]를 제공해 주시겠습니까? 이 정보를 통해 당사는 고객님의 배송 날짜에 대한 정확한 견적을 제공할 수 있습니다. 고객님의 인내와 협조에 진심으로 감사드립니다.
BL,내 패키지가 얼마나 빨리 도착할 수 있는지 확인해야 합니다.,배송,배송 기간 확인,저희는 고객님의 패키지가 언제 도착할지 알고 싶어하는 고객님의 기대와 열망을 이해합니다. 정확한 예상 배송 시간을 제공하기 위해 [주문/송장번호] 또는 [주문/송장번호]를 알려주시겠습니까? 해당 정보를 통해 당사는 고객님의 패키지를 추적하고 예상 도착 날짜에 대한 정확한 업데이트를 제공할 수 있습니다. 이 문제에 대한 고객님의 인내와 협조에 감사드립니다.
BL,주문한 상품이 도착하는 데 시간이 얼마나 걸리는지 확인하는 데 도움이 됩니다.,배송,배송 기간 확인,고객님이 주문한 제품의 예상 배송 시간에 대한 정보가 필요하다는 점을 인정합니다. 정확한 세부정보를 제공하기 위해 [주문/송장번호]를 요청해도 될까요? 이 정보를 통해 주문하신 상품이 언제 도착할지 정확한 예상 시간을 알려드릴 수 있습니다. 더 나은 서비스를 제공할 수 있도록 협조해 주셔서 감사합니다.
BL,택배가 도착하는 데 얼마나 걸리는지 확인하려고 해요,배송,배송 기간 확인,고객님의 소포의 예상 배송 시간에 대한 업데이트를 받고 싶어하는 고객님의 기대를 이해합니다. 가장 정확한 정보를 제공하기 위해 [주문/송장번호] 또는 [주문/송장번호]를 제공해 주시겠습니까? 이러한 세부 정보가 확보되면 고객님의 소포가 언제 도착할 것으로 예상되는지 추정해 드릴 수 있습니다. 원활한 배송 경험을 보장하기 위해 함께 노력하는 동안 고객님의 양해에 진심으로 감사드립니다.
BL,내 소포가 도착하는 데 시간이 얼마나 걸리는지 확인하는 데 도움이 됩니다.,배송,배송 기간 확인,저희는 고객님의 소포의 예상 도착 시간을 알고 싶은 고객님의 호기심을 이해합니다. 더 나은 지원을 위해 [주문/송장번호] 또는 [주문/송장번호]를 제공해 주시겠습니까? 해당 정보를 통해 당사는 고객님께 정확한 배송 시간 견적을 제공할 수 있습니다. 고객님의 인내와 협조에 감사드립니다.
BQ,내 물건이 언제 도착하는지 확인해야 해요,배송,배송 기간 확인,상품의 예상 도착 시간에 대해 궁금해하시는 점을 이해합니다. 정확한 업데이트를 제공하기 위해 [주문/송장번호] 또는 [주문/송장번호]를 제공해 주시겠습니까? 이 정보를 통해 당사는 고객님의 배송 관련 세부정보에 접근하고 정확한 예상 배송일을 제공할 수 있습니다. 이 문제에 대한 고객님의 협조에 감사드립니다.
BLZ,배송에 시간이 얼마나 걸리는지 확인해야 합니다.,배송,배송 기간 확인,고객님이 배송품의 예상 배송 시간을 알고 싶어 한다는 점을 잘 알고 있습니다. 정확한 정보를 제공하기 위해 배송과 관련된 [주문/송장번호] 또는 [주문/송장번호]를 제공해 주시기 바랍니다. 이 세부 정보를 통해 당사는 고객님의 배송을 신속하게 추적하고 예상 배송 시간에 관한 최신 정보를 제공할 수 있습니다. 고객님의 인내와 협조에 진심으로 감사드립니다.
BIL,내 패키지가 언제 도착하는지 어디서 확인할 수 있나요?,배송,배송 기간 확인,"저희는 고객님의 패키지 진행 상황과 예상 도착 시간을 추적하려는 고객님의 열망을 이해합니다. 배송 상태를 확인하려면 당사 웹사이트를 방문하여 ""주문 추적"" 또는 ""주문 상태"" 섹션으로 이동하세요. 여기에서 패키지 위치에 대한 최신 업데이트를 검색하려면 [주문/송장번호] 또는 [주문/송장번호]를 입력하라는 메시지가 표시됩니다. 주문을 추적하는 동안 어려움이 발생할 경우 당사의 전담 고객 지원팀이 24시간 내내 추가 지원을 제공합니다. 안심해 주세요. 당사는 고객님께 원활하고 투명한 배송 경험을 보장하기 위해 최선을 다하고 있습니다."
BLQ,배달이 언제 도착하는지 알아보려고 전화했어요,배송,배송 기간 확인,배송 예상 도착 시간에 대해 궁금해하시는 점을 충분히 이해합니다. 정확한 정보를 제공하기 위해 [주문/송장번호] 또는 [주문/송장번호]를 제공해 주시겠습니까? 이러한 세부정보를 통해 당사는 고객님의 패키지 상태를 신속하게 확인하고 예상 배송일을 알려드릴 수 있습니다. 고객님의 인내와 협조에 감사드립니다.
BIL,배송물을 얼마나 빨리 받을 수 있는지 어떻게 확인하나요?,배송,배송 기간 확인,"패키지 진행 상황을 추적하고 예상 도착 시간을 확인하고 싶어하는 고객님의 기대를 이해합니다. 패키지 배송 기간을 확인하려면 당사 웹사이트를 방문하여 계정에 로그인하세요. 로그인한 후 ""주문 내역"" 또는 ""내 주문 추적"" 섹션으로 이동하세요. 여기에서 패키지 상태와 예상 배송 날짜를 확인할 수 있습니다. 이 정보를 찾는 데 문제가 있거나 담당자와 통화하고 싶다면 당사 고객 지원팀에 [운영시간/기간]([고객센터전화번호]) 또는 당사 웹사이트([웹사이트/메뉴])의 라이브 채팅 기능을 통해 문의하세요. 패키지 도착을 기다리는 이 흥미진진한 시기에 추가 지원이 필요하면 주저하지 말고 문의하세요."
BL,내 기사가 언제 도착하는지 확인하는 데 도움이 필요합니다.,배송,배송 기간 확인,"고객님의 기사를 받고 기뻐해주셔서 감사드리며, 기사 배송을 추적하는 데 기꺼이 도움을 드리겠습니다. 정확한 정보를 제공하기 위해 [주문/송장번호] 또는 [주문/송장번호]를 제공해 주시겠습니까? 해당 정보가 확보되면 예상 배송일을 신속하게 알려드릴 수 있습니다. 그동안 다른 질문이나 우려 사항이 있으면 알려주시기 바랍니다."
BLQZ,내 패키지가 언제 도착하는지 확인하는 데 도움이 필요합니다,배송,배송 기간 확인,저희는 고객님의 패키지가 언제 도착할지 알고 싶어하는 고객님의 기대와 호기심을 진심으로 이해합니다. 가장 정확한 정보를 제공하기 위해 [주문/송장번호] 또는 [주문/송장번호]를 제공해 주시겠습니까? 이 정보를 통해 당사는 고객님의 패키지 상태를 확인하고 예상 배송일을 알려드릴 수 있습니다. 이 문제에 대한 고객님의 인내와 협조에 감사드립니다.
BILP,내 패키지를 얼마나 빨리 받을 수 있는지 알려 주시겠어요?,배송,배송 기간 확인,저희는 고객님의 패키지 예상 도착 시간을 알고 싶어하는 고객님의 열망을 이해합니다. 정확한 정보를 제공하기 위해 패키지와 관련된 [주문/송장번호] 또는 [주문/송장번호]를 제공해 주시기 바랍니다. 이 정보를 통해 당사는 고객님의 패키지 상태를 확인하고 예상 배송 시기를 알려드릴 수 있습니다. 더 나은 서비스를 제공할 수 있도록 협조해 주셔서 감사합니다!
BIL,내 택배가 언제 도착하는지 확인할 수 있나요?,배송,배송 기간 확인,저희는 고객님의 소포의 예상 도착 시간을 알고 싶어하는 고객님의 열망을 완전히 이해합니다. 더 나은 지원을 위해 [주문/송장번호] 또는 [주문/송장번호]를 제공해 주시겠습니까? 해당 정보를 통해 당사는 고객님의 소포의 배송 상태 및 예상 도착 날짜에 대한 정확한 업데이트를 고객님께 제공할 수 있습니다. 이 문제에 대해 고객님의 협조와 인내심에 감사드립니다.
BLQZ,내 기사가 얼마나 빨리 나올지 확인하는 데 도움이 필요해요,배송,배송 기간 확인,기사의 예상 도착 시간에 대한 고객님의 호기심을 이해합니다. 가장 정확한 견적을 제공하기 위해 [주문/송장번호] 또는 [주문/송장번호]를 제공해 주시겠습니까? 이 정보를 통해 저희는 고객님의 기사를 언제 기대할 수 있는지에 대한 정확한 아이디어를 제공할 수 있습니다. 고객님의 협조에 감사드리며 앞으로도 더 많은 도움을 드리겠습니다.
BL,내 제품을 얼마나 빨리 기대할 수 있는지 확인하는 데 도움이 됩니다.,배송,배송 기간 확인,저희는 고객님의 제품이 언제 도착할 것으로 예상하는지 알고 싶어하는 고객님의 열망을 이해합니다. 예상 배송 일정을 알려드리기 위해 [주문/송장번호] 또는 [주문/송장번호]를 제공해 주시겠습니까? 이 정보를 통해 당사는 고객님의 배송을 추적하고 배송에 관한 가장 정확한 정보를 제공할 수 있습니다. 문의사항을 해결하는 데 도움을 드리는 동안 양해해 주셔서 감사합니다.
BLQZ,도와주세요 내 상품을 얼마나 빨리 받을 수 있나요,배송,배송 기간 확인,저희는 고객님이 고객님의 상품을 언제 기대할 수 있는지 알고 싶어하는 고객님의 열망을 이해합니다. 가장 정확한 정보를 제공하기 위해 [주문/송장번호] 또는 [주문/송장번호]를 제공해 주시겠습니까? 이 정보를 통해 당사는 고객님께 배송 시간에 대한 정확한 견적을 제공할 수 있습니다. 고객님의 협조와 인내심에 감사드립니다.
BILQ,배송이 얼마나 걸리는지 어디서 알 수 있나요,배송,배송 기간 확인,패키지 배송 기간에 대해 궁금해하시는 점을 이해합니다. 정확한 정보를 제공하기 위해 [주문/송장번호] 또는 [주문/송장번호]를 공유해 주시겠습니까? 이 정보를 통해 당사는 고객님의 패키지를 추적하고 예상 도착 시간을 제공할 수 있습니다. 우리가 고객님을 돕기 위해 노력하는 동안 고객님의 인내심에 크게 감사드립니다. 오늘 추가로 어떻게 도움을 드릴 수 있나요?
BL,주문한 상품이 도착하는 데 시간이 얼마나 걸리는지 확인하는 데 도움을 주세요.,배송,배송 기간 확인,저희는 고객님의 주문에 대한 예상 배송 시간을 알고 싶어하는 고객님의 열망을 이해합니다. 정확한 정보를 제공하기 위해 주문에 대한 [주문/송장번호] 또는 [주문/송장번호]를 제공해 주시겠습니까? 이러한 세부정보를 통해 당사는 고객님의 주문 상태를 확인하고 예상 배송 시간을 알려드릴 수 있습니다. 추가 지원을 위해 노력하는 동안 고객님의 양해에 진심으로 감사드립니다.
BCL,얼마나 빨리 소포를 받을 수 있는지 알고 싶습니다. 도움이 필요합니다,배송,배송 기간 확인,저희는 고객님의 소포가 언제 배송될지 알고 싶어하는 고객님의 열망을 이해하며 고객님을 돕기 위해 여기 있습니다. 정확한 견적을 제공하기 위해 [주문/송장번호] 또는 [주문/송장번호]를 공유해 주시겠습니까? 이 정보를 통해 당사는 고객님의 배송 상태를 확인하고 예상 배송일을 알려드릴 수 있습니다. 문의해 주셔서 감사합니다!
BLZ,상품을 얼마나 빨리 받을 수 있는지 확인하는 데 도움이 필요하지 않습니다.,배송,배송 기간 확인,저희는 고객님의 상품이 언제 도착할 것으로 예상하는지 알고 싶어하는 고객님의 열망을 전적으로 이해합니다. 정확한 견적을 제공하기 위해 구매 시 [주문/송장번호] 또는 [주문/송장번호]를 제공해 주시겠습니까? 이 정보를 통해 정확한 배송일을 알려드릴 수 있습니다. 고객 만족을 보장하기 위해 함께 노력하는 동안 고객님의 인내심에 크게 감사드립니다.
BLQ,내 소포를 얼마나 빨리 받을 수 있는지 확인하려면 도움이 필요해요,배송,배송 기간 확인,소포의 진행 상황을 추적하고 예상 도착 시간을 결정하는 데 관심을 가져주셔서 감사합니다. 정확한 정보를 제공하기 위해 [주문/송장번호] 또는 [주문/송장번호]를 제공해 주시겠습니까? 이 정보를 통해 정확한 견적을 드릴 수 있습니다. 저희는 모든 단계에서 고객님을 돕기 위해 여기 있습니다!
BLQ,소포를 얼마나 빨리 받을 수 있는지 확인하는 데 도움이 필요해요,배송,배송 기간 확인,문의해 주셔서 감사합니다. 소포가 언제 도착할지 알고 싶어 하시는 마음을 이해합니다. 정확한 견적을 제공하기 위해 [주문/송장번호] 또는 [주문/송장번호]를 제공해 주시겠습니까? 이 정보를 통해 배송 상태를 확인하고 예상 배송일을 알려드릴 수 있습니다.
BILQ,소포가 도착하는 데 얼마나 걸리는지 어떻게 알 수 있어?,배송,배송 기간 확인,저희는 고객님의 소포를 추적하고 예상 도착 시간을 결정하려는 고객님의 기대를 이해합니다. 정확한 정보를 제공하기 위해 고객님의 소포와 관련된 [주문/송장번호] 또는 [주문/송장번호]를 요청해도 될까요? 이를 통해 최신 배송 세부정보를 제공해 드릴 수 있습니다. 고객님의 인내와 이해에 크게 감사드립니다.
BELMZ,배송기간을 알아보고 있어요,배송,배송 기간 확인,저희는 고객님이 당사의 배송 기간에 대한 정보를 찾아야 한다는 것을 이해합니다. 정확한 세부 정보를 제공하기 위해 구매하신 제품의 [주문/송장번호] 또는 [주문/송장번호]를 알려주시겠습니까? 이 정보를 통해 예상 배송 기간을 알려드릴 수 있습니다. 고객님의 협조와 인내심에 감사드립니다.
BCELM,배송기간을 찾고 있는데 도움이 필요해요,배송,배송 기간 확인,배송 기간에 대한 정보를 요청해 주셔서 감사합니다. 정확한 세부 정보를 제공하기 위해 [주문/송장번호] 또는 [주문/송장번호]를 제공해 주시겠습니까? 이 정보가 있으면 고객님의 주문에 대한 예상 배송 기간을 신속하게 결정할 수 있습니다. 고객님의 패키지 추적을 지원하는 동안 고객님의 양해에 진심으로 감사드립니다.
BIL,얼마나 빨리 구매할 수 있는지 알려 주시겠어요?,배송,배송 기간 확인,"구매한 상품의 예상 도착 시간에 대해 궁금해하시는 점을 이해합니다. 가장 정확한 정보를 제공하기 위해 구매 시 [주문/송장번호] 또는 [주문/송장번호]를 제공해 주시겠습니까? 이 정보를 통해 당사는 패키지를 추적하고 예상 배송 날짜에 대한 업데이트를 제공할 수 있습니다. 고객님의 인내심에 진심으로 감사드리며, 저희는 모든 단계에서 고객님을 도와드릴 것입니다."
BLZ,내 기사가 언제 도착하는지 알려주세요,배송,배송 기간 확인,"저희는 고객님이 고객님의 기사에 대한 예상 배송 시간에 대한 업데이트를 받고 싶어한다는 것을 이해합니다. 가장 정확한 정보를 제공하기 위해 [주문/송장번호] 또는 [주문/송장번호]를 제공해 주시겠습니까? 정보가 확보되면 배송을 추적하고 예상 배송 날짜를 알려드릴 수 있습니다. 고객님의 인내심에 진심으로 감사드리며, 저희는 모든 단계에서 고객님을 도와드릴 것입니다!"
BL,내 소포가 언제 도착할지 확인해야 해요,배송,배송 기간 확인,저희는 고객님의 소포가 언제 도착할지 알고 싶어하는 고객님의 기대를 완전히 이해합니다. 가장 정확한 정보를 제공하기 위해 [주문/송장번호] 또는 [주문/송장번호]를 제공해 주시겠습니까? 이 정보를 통해 고객님의 소포 상태를 확인하고 예상 배송일을 알려드릴 수 있습니다. 더 나은 서비스를 제공할 수 있도록 협조해 주셔서 감사합니다!
BL,내 소포가 언제 도착하는지 확인하는 데 도움을 주세요,배송,배송 기간 확인,고객님의 패키지 배송 진행 상황을 추적하려는 고객님의 열의에 감사드립니다. 도착 시 정확한 업데이트를 제공하기 위해 [주문/송장번호] 또는 [주문/송장번호]를 공유해 주시겠습니까? 이 정보를 통해 당사는 고객님의 패키지를 신속하게 찾고 예상 배송 날짜를 알려드릴 수 있습니다. 저희는 절차 전반에 걸쳐 고객님을 돕기 위해 여기 있습니다!
BLQZ,내 제품이 언제 도착하는지 확인하는 데 도움이 필요합니다,배송,배송 기간 확인,저희는 제품의 진행 상황을 추적하고 예상 도착 시간을 알아보려는 고객님의 호기심과 열망을 이해합니다. 더 나은 지원을 위해 [주문/송장번호] 또는 [주문/송장번호]를 제공해 주시겠습니까? 해당 정보를 통해 당사는 고객님의 제품 배송에 대한 가장 정확한 업데이트를 제공할 수 있습니다. 이 문제에 협조해 주셔서 감사합니다.
BL,제품을 얼마나 빨리 받을 수 있는지 확인하는 데 도움이 됩니다,배송,배송 기간 확인,저희는 고객님이 고객님의 제품이 언제 도착할 것으로 예상하는지 알고 싶어한다는 것을 이해합니다. 정확한 견적을 제공하기 위해 [주문/송장번호] 또는 [주문/송장번호]를 제공해 주시겠습니까? 이 정보를 통해 당사는 고객님의 배송을 추적하고 예상 배송 날짜를 알려드릴 수 있습니다. 고객님의 협조에 감사드리며 고객님의 문의에 도움이 되기를 바랍니다.
BLQ,내 기사가 언제 도착하는지 어떻게 알 수 있나요?,배송,배송 기간 확인,"고객님의 물품 도착을 추적하는 방법에 대해 확신이 없으신 것으로 알고 있습니다. 도움을 받으려면 구매와 관련된 [주문/송장번호] 또는 [주문/송장번호]를 제공해 주시기 바랍니다. 이러한 세부 정보가 확보되면 고객님의 기사가 언제 도착할지 정확한 추정치를 제공할 수 있습니다. 고객님의 인내심에 진심으로 감사드리며, 저희는 모든 단계에서 고객님을 도와드리겠습니다!"
BL,내 소포가 언제 도착하는지 확인하는 것 좀 도와줘,배송,배송 기간 확인,저희는 고객님의 소포를 추적하고 그것이 언제 도착할지 알고 싶어하는 고객님의 열망을 이해합니다. 가장 정확한 정보를 제공하기 위해 [주문/송장번호] 또는 [주문/송장번호]를 제공해 주시겠습니까? 이를 통해 예상 배송일에 대한 정확한 업데이트를 제공해 드릴 수 있습니다. 추가 지원을 위해 노력하는 동안 고객님의 양해에 진심으로 감사드립니다.
BIL,내 글이 언제 도착하는지 확인할 수 있나요?,배송,배송 기간 확인,기사의 예상 도착 시간에 대한 고객님의 호기심을 이해합니다. 가장 정확한 정보를 제공하기 위해 [주문/송장번호] 또는 [주문/송장번호]를 제공해 주시겠습니까? 해당 정보를 통해 당사는 고객님의 배송을 추적하고 예상 배송 날짜에 대한 업데이트를 제공할 수 있습니다. 고객님이 가능한 한 빨리 기사를 받을 수 있도록 함께 노력하고 있으므로 고객님의 양해에 진심으로 감사드립니다.
BILZ,배송기간은 어떻게 되나요?,배송,배송 기간 확인,배송 기간에 대한 정보가 필요하다는 점을 이해합니다. 정확한 세부 정보를 제공하기 위해 [주문/송장번호] 또는 [주문/송장번호]를 제공해 주시겠습니까? 이 정보를 통해 당사는 고객님의 주문에 대한 예상 배송 기간을 결정하고 고객님의 기대에 부응하는지 확인할 수 있습니다. 이해와 협조에 감사드립니다.
BL,기사가 얼마나 빨리 나올 수 있는지 확인하도록 도와주세요,배송,배송 기간 확인,고객님의 기사 도착 예정일에 관해 문의해 주셔서 감사합니다. 정확한 견적을 제공하기 위해 배송에 사용할 [주문/송장번호] 또는 [주문/송장번호]를 제공해 주시겠습니까? 이 정보를 확인함으로써 예상 배송 시간을보다 정확하게 결정할 수 있습니다. 저희는 고객님의 인내와 이해를 소중히 여깁니다.
BL,내 주문이 도착하는 데 얼마나 걸리는지 보여 줘,배송,배송 기간 확인,고객님의 주문에 대한 예상 배송 시간을 결정하기를 바라는 고객님의 기대를 이해합니다. 정확한 정보를 제공하기 위해 [주문/송장번호] 또는 [주문/송장번호]를 요청해 주시기 바랍니다. 이러한 세부 정보를 통해 당사는 주문의 현재 상태와 예상 도착 날짜를 신속하게 평가할 수 있습니다. 안심해 주세요. 저희는 배송 과정 전반에 걸쳐 원활한 경험을 보장하기 위해 최선을 다하고 있습니다. 오늘 추가로 어떻게 도움을 드릴 수 있나요?
BL,배송이 얼마나 빨리 올 수 있는지 확인하려고 합니다.,배송,배송 기간 확인,저희는 고객님의 소포 수령에 대한 고객님의 기대를 이해하며 도움을 드리기 위해 여기 있습니다! 배송 시간에 대한 정확한 견적을 제공하기 위해 [주문/송장번호] 또는 [주문/송장번호]를 제공해 주시겠습니까? 이 정보가 확보되면 고객님의 소포가 언제 도착할 것으로 예상되는지에 대한 최신 정보를 제공할 수 있습니다. 이 문제에 협조해 주셔서 감사합니다.
BILQZ,내 배송이 얼마나 빨리 예상되는지 어디서 확인할 수 있나요?,배송,배송 기간 확인,배송물의 예상 도착 시간을 추적하려는 고객님의 열망을 이해합니다. 가장 정확한 정보를 제공하기 위해 [주문/송장번호] 또는 [주문/송장번호]를 제공해 주시겠습니까? 그러면 예상 배송일을 확인하는 데 도움을 드릴 수 있습니다. 고객님의 양해에 진심으로 감사드립니다.
BIL,제품이 언제 도착하는지 어디서 확인할 수 있나요?,배송,배송 기간 확인,저희는 고객님의 제품 상태를 확인하고 예상 도착 시간을 결정하려는 고객님의 열망을 이해합니다. 가장 정확한 정보를 제공하기 위해 [주문/송장번호] 또는 [주문/송장번호]를 제공해 주시겠습니까? 이 정보를 통해 당사는 고객님의 제품 추적을 돕고 예상 배송일을 알려드릴 수 있습니다. 더 나은 서비스를 제공할 수 있도록 협조해 주셔서 감사합니다!
BL,구매한 상품이 도착하는 데 얼마나 걸리는지 확인하기 위해 전화했습니다.,배송,배송 기간 확인,고객님이 구매 제품의 예상 도착 시간을 알고 싶어 한다는 점을 이해합니다. 정확한 세부 정보를 제공하려면 구매와 관련된 [주문/송장번호] 또는 [주문/송장번호]를 제공해 주시면 도움이 될 것입니다. 이 정보를 통해 저희 팀은 고객님께 예상 배송일을 제공할 수 있습니다. 우리가 고객님을 돕기 위해 함께 노력하는 동안 고객님의 인내심에 진심으로 감사드립니다.
BL,배송이 얼마나 걸리는지 확인하려고 전화했어요,배송,배송 기간 확인,저희는 배송 진행 상황을 추적하고 예상 배송 시간을 확인하려는 고객님의 열망을 이해합니다. 가장 정확한 정보를 제공하기 위해 [주문/송장번호] 또는 [주문/송장번호]를 제공해 주시겠습니까? 이러한 세부정보를 통해 추가 지원을 제공하고 배송물 도착 시기에 대한 정확한 견적을 제공할 수 있습니다. 고객님의 양해에 진심으로 감사드립니다!
BLPQ,내 배송품이 언제 도착할지 어떻게 알 수 있나요?,배송,배송 기간 확인,배송물 도착을 추적하는 방법에 대해 확신이 없으신 것으로 알고 있습니다. 걱정하지 마세요. 저희가 과정을 안내해 드리겠습니다. 배송 시간을 명확하게 예측하려면 배송과 관련된 [주문/송장번호] 또는 [주문/송장번호]를 알려주십시오. 이 정보를 통해 배송 예상 도착 시기에 대한 정확한 업데이트를 제공할 수 있습니다. 고객님의 인내심과 이해에 감사드립니다.
BL,배송 기간에 대해 자세히 알려주세요,배송,배송 기간 확인,"배송 기간에 대한 추가 정보를 원하신다는 점을 이해합니다. 배송 기간은 고객님의 패키지가 배송된 후 목적지까지 배송될 때까지 걸리는 시간을 의미합니다. 배송 기간은 선택한 배송 방법, 출발지와 도착지 사이의 거리, 추가 서비스 또는 관련 통관 절차를 포함한 다양한 요소에 따라 달라질 수 있습니다. 특정 주문의 배송 기간에 대한 정확한 정보를 제공하기 위해 [주문/송장번호] 또는 [주문/송장번호]를 제공해 주시겠습니까? 이러한 세부정보를 통해 추가 지원을 제공해 드리겠습니다. 이해해 주셔서 감사합니다."
BLQZ,내 소포가 언제 도착하는지 확인하는 데 도움이 필요해요,배송,배송 기간 확인,고객님이 패키지가 언제 도착하는지 알고 싶어 한다는 점을 이해합니다. 정확한 견적을 제공하기 위해 [주문/송장번호] 또는 [주문/송장번호]를 제공해 주시겠습니까? 이 정보가 확보되면 고객님의 패키지를 추적하고 예상 배송 날짜를 알려드릴 수 있습니다. 양해해 주셔서 감사드리며 앞으로도 더 많은 도움을 드리겠습니다!
BIL,기사가 얼마나 빨리 나올지 어떻게 알 수 있나요?,배송,배송 기간 확인,기사의 예상 도착 시간에 대한 고객님의 호기심을 이해합니다. 가장 정확한 정보를 제공하기 위해 [주문/송장번호] 또는 [주문/송장번호]를 제공해 주시겠습니까? 이 정보를 통해 당사는 고객님의 주문 진행 상황을 추적하고 예상 배송일을 알려드릴 수 있습니다. 이 문제를 지원하기 위해 노력하는 동안 고객님의 양해에 진심으로 감사드립니다.
BIL,내 기사가 도착하는 데 얼마나 걸리는지 알 수 있나요?,배송,배송 기간 확인,저희는 고객님의 기사가 언제 도착할 것으로 예상되는지 알고 싶어하는 고객님의 열망을 완전히 이해합니다. 가장 정확한 정보를 제공하기 위해 [주문/송장번호] 또는 [주문/송장번호]를 제공해 주시겠습니까? 이를 통해 배송 시간을 추정할 수 있습니다. 고객님의 문의에 도움을 드리는 동안 고객님의 양해에 진심으로 감사드립니다.
BIL,배송에 얼마나 걸리는지 보여줄 수 있나요?,배송,배송 기간 확인,배송 기간에 대한 고객님의 궁금증을 이해합니다. 정확한 견적을 제공하려면 몇 가지 세부정보가 필요합니다. [주문/송장번호] 또는 [주문/송장번호]를 제공해 주시겠습니까? 이 정보를 통해 예상 배송 시간에 대한 정확한 정보를 제공할 수 있습니다. 고객님의 양해에 진심으로 감사드립니다.
BILW,빌어먹을 물건이 도착하는 데 얼마나 걸리나요?,배송,배송 기간 확인,"저희는 고객님의 기사가 도착하기를 기다리는 데 대한 고객님의 좌절감과 조바심을 이해합니다. 예상 배송 시간을 제공하려면 몇 가지 추가 정보가 필요합니다. 기사의 [주문/송장번호] 또는 [주문/송장번호]를 제공해 주시겠습니까? 이러한 세부 정보가 확보되면 정확한 견적을 제공할 수 있습니다. 고객님의 이해에 진심으로 감사드리며, 앞으로도 최선을 다해 도와드리겠습니다."
BLQZ,구매한 제품이 도착하는 데 얼마나 걸리는지 확인해야 해요,배송,배송 기간 확인,저희는 고객님이 구매한 제품의 예상 배송 시간을 알고 싶어 하는 점을 이해합니다. 더 나은 지원을 위해 [주문/송장번호] 또는 [주문/송장번호]를 제공해 주시겠습니까? 이 정보를 바탕으로 정확한 견적을 제공해 드릴 수 있습니다. 고객님의 협조와 인내심에 감사드립니다!
BILW,그 빌어먹을 물건을 얼마나 빨리 받을 수 있는지 알 수 있나요?,배송,배송 기간 확인,저희는 고객님의 상품 배송 상태를 추적하려는 고객님의 열망을 완전히 이해합니다. 정확한 견적을 제공하기 위해 [주문/송장번호] 또는 [주문/송장번호]를 제공해 주시겠습니까? 해당 정보를 통해 예상 배송일을 알려드릴 수 있습니다. 불편을 끼쳐드려 죄송합니다.
BLQZ,내 기사를 얼마나 빨리 예상할 수 있는지 확인하는 데 도움이 필요합니다.,배송,배송 기간 확인,저희는 고객님의 기사에 대한 예상 도착 시간을 알고 싶어하는 고객님의 열망을 이해합니다. 정확한 정보를 제공하기 위해 [주문/송장번호] 또는 [주문/송장번호]를 제공해 주시겠습니까? 이 정보를 통해 고객님의 물품 상태를 확인하고 예상 배송일을 알려드릴 수 있습니다. 고객님의 양해에 진심으로 감사드립니다!
BILQ,내 제품이 언제 도착하는지 어디서 알 수 있나요?,배송,배송 기간 확인,고객님이 제품의 예상 배송 시간을 알고 싶어 한다는 점을 잘 알고 있습니다. 정확한 정보를 제공하기 위해 [주문/송장번호] 또는 [주문/송장번호]를 요청해도 될까요? 해당 정보를 통해 고객님의 제품 도착에 대한 구체적인 세부 정보를 알려드릴 수 있습니다. 고객님의 협조와 인내심에 감사드립니다!
BLQ,배송이 얼마나 걸리는지 확인하려고 합니다,배송,배송 기간 확인,저희는 고객님이 패키지의 예상 배송 기간을 알아야 함을 이해합니다. 정확한 견적을 제공하기 위해 [주문/송장번호] 또는 [주문/송장번호]를 제공해 주시겠습니까? 이 정보를 통해 당사는 예상 배송 시간을 결정하고 배송 과정 전반에 걸쳐 고객님께 정보를 제공할 수 있습니다. 고객님의 협조에 감사드리며 앞으로도 더 많은 도움을 드리겠습니다.
BCL,내 제품이 언제 도착하는지 확인하고 싶습니다. 도움이 필요합니다.,배송,배송 기간 확인,저희는 제품의 예상 도착 시간에 대한 정보를 얻는 것이 중요하다는 것을 알고 있습니다. 이 문제를 해결하기 위해 [주문/송장번호] 또는 [주문/송장번호]를 제공해 주시겠습니까? 이 정보를 통해 배송 상태에 대한 가장 정확한 업데이트를 제공할 수 있습니다. 원활하고 원활한 배송 경험을 보장하기 위해 함께 노력하는 동안 양해해 주셔서 감사합니다.
BILQ,이 소포의 배송 기간은 얼마나 되나요?,배송,배송 기간 확인,긍정적으로! 저는 고객님의 소포에 대한 예상 배송 시간을 알고 싶어하는 고객님의 열망을 이해합니다. 가장 정확한 정보를 제공하기 위해 소포의 [주문/송장번호] 또는 [주문/송장번호]를 제공해 주시겠습니까? 그래야 정확한 견적을 드릴 수 있겠네요. 고객님의 인내심에 진심으로 감사드리며 모든 단계에서 제가 도와드리겠습니다.
BIL,내 패키지가 도착하는 데 얼마나 걸리는지 어떻게 알 수 있나요?,배송,배송 기간 확인,패키지의 예상 배송 시간을 추적하는 데 관심을 가져주셔서 감사합니다. 이에 대한 도움을 받으려면 구매와 관련된 [주문/송장번호] 또는 [주문/송장번호]를 제공해 주시기 바랍니다. 이 정보를 통해 예상 도착일에 대한 정확한 정보를 제공해 드릴 수 있습니다. 고객님의 협조와 인내심에 감사드립니다.
BEL,내 물건이 언제 도착하는지 어떻게 알 수 있나요?,배송,배송 기간 확인,상품의 예상 도착 시간을 확인하는 방법에 대해 확신이 없으신 것으로 알고 있습니다. 걱정하지 마세요. 저희가 도와드리겠습니다! 가장 정확한 정보를 제공하기 위해 [주문/송장번호] 또는 [주문/송장번호]를 제공해 주시겠습니까? 해당 정보를 통해 배송 세부정보를 신속하게 조회하고 예상 도착일을 알려드릴 수 있습니다. 고객 만족이 저희의 최우선 사항입니다!
BLQZ,기사가 얼마나 빨리 나올지 확인해야 해요,배송,배송 기간 확인,기사의 예상 도착 시간에 대해 문의하기 위해 적극적으로 연락해 주셔서 감사합니다. 가장 정확한 정보를 제공하기 위해 [주문/송장번호] 또는 [주문/송장번호]를 제공해 주시겠습니까? 이 정보가 있으면 기사의 상태와 예상 배송 시간을 신속하게 확인할 수 있습니다. 저희는 모든 단계에서 고객님을 돕기 위해 여기 있습니다!
BLQZ,내 주문이 언제 도착하는지 확인해야 해요,배송,배송 기간 확인,저희는 주문의 진행 상황과 예상 도착 시간을 추적하려는 고객님의 열망을 이해합니다. 추가 지원을 위해 [주문/송장번호] 또는 [주문/송장번호]를 제공해 주시겠습니까? 이 정보를 통해 당사는 고객님의 주문 배송과 관련하여 가장 정확한 세부정보를 제공할 수 있습니다. 고객님의 문의 사항을 해결하기 위해 함께 노력하는 동안 고객님의 양해에 진심으로 감사드립니다.
BLZ,얼마나 빨리 소포를 받을 수 있는지 확인하는 데 도움이 필요합니다,배송,배송 기간 확인,저희는 고객님의 소포가 언제 도착할지 알고 싶어하는 고객님의 기대와 열망을 이해합니다. 정확한 예상 배송일을 알려드리기 위해 [주문/송장번호] 또는 [주문/송장번호]를 제공해 주시겠습니까? 이 정보를 통해 당사는 고객님의 소포의 현재 상태를 확인하고 예상 도착 시간에 대한 최신 정보를 제공할 수 있습니다. 추가 지원을 드리는 동안 양해해 주셔서 감사합니다.
BILQ,내 주문이 도착하는 데 얼마나 걸리는지 확인할 수 있나요?,배송,배송 기간 확인,저희는 고객님이 주문한 상품이 언제 도착할 것으로 예상하는지 알고 싶어하는 고객님의 욕구를 이해합니다. 정확한 정보를 제공하려면 [주문/송장번호] 또는 [주문/송장번호]를 제공해 주시기 바랍니다. 이러한 세부정보를 통해 당사는 고객님의 주문에 대한 예상 배송일을 결정할 수 있습니다. 최신 정보를 제공하기 위해 노력하는 동안 고객님의 양해에 진심으로 감사드립니다.
BL,기사가 도착하는 데 시간이 얼마나 걸리는지 확인하는 데 도움을 주세요.,배송,배송 기간 확인,고객님이 고객님의 물품에 대한 예상 배송 시간을 확인해야 한다는 점을 이해합니다. 정확한 정보를 제공하기 위해 [주문/송장번호] 또는 [주문/송장번호]를 제공해 주시겠습니까? 이 정보를 통해 대략적인 도착 시간을 확인하고 업데이트 내용을 알려드릴 수 있습니다. 원활한 배송 경험을 보장하기 위해 함께 노력하는 동안 고객님의 양해에 진심으로 감사드립니다.
BIL,내 배송품이 언제 도착하는지 확인할 수 있나요?,배송,배송 기간 확인,"저희는 고객님의 화물이 언제 도착할지에 대한 고객님의 호기심과 기대를 이해합니다. 가장 정확한 정보를 제공하기 위해 [주문/송장번호] 또는 [주문/송장번호]를 제공해 주시겠습니까? 이를 통해 배송 상태를 확인하고 예상 배송일을 알려드릴 수 있습니다. 고객님의 협조에 감사드리며, 앞으로도 기꺼이 도와드리겠습니다."
BLZ,내 제품이 언제 도착할지 어떻게 확인하는지 모르겠어요,배송,배송 기간 확인,"저희는 고객님의 소포 배송 시간을 추적하는 것이 고객님께 중요하다는 것을 알고 있습니다. 절차를 안내해 드리겠습니다. 소포의 예상 도착 날짜를 확인하려면 당사 웹사이트를 방문하여 계정에 로그인하세요. 로그인한 후 ""주문 내역"" 또는 ""주문 추적"" 섹션으로 이동하세요. 여기에서 예상 배송 날짜를 포함하여 주문에 대한 자세한 정보를 확인할 수 있습니다. 계정이 없는 경우 확인 이메일에 제공된 추적 번호를 사용하여 배송물을 추적할 수도 있습니다. 당사 웹사이트의 추적 페이지나 택배사의 추적 시스템을 통해 추적 번호를 입력하시면 됩니다. 두 방법 모두 소포의 상태와 배송 날짜에 대한 최신 정보를 제공합니다. 어려움이 있거나 추가 질문이 있는 경우 언제든지 알려주시기 바랍니다. 저희는 모든 단계에서 고객님을 돕기 위해 여기 있습니다."
BIL,내 기사가 언제 도착하는지 확인하려면 어떻게 해야 하나요?,배송,배송 기간 확인,"저희는 고객님의 기사 도착을 추적하려는 고객님의 열망을 이해합니다. 예상 배송 시간을 확인하려면 당사 웹사이트를 방문하여 계정에 로그인하세요. 로그인한 후 ""주문 내역"" 또는 ""주문 추적"" 섹션으로 이동하면 예상 도착 날짜를 포함하여 배송 관련 세부 정보를 확인할 수 있습니다. 어려움이 있거나 추가 지원이 필요한 경우 고객 지원팀이 [고객센터전화번호] 또는 당사 웹사이트의 라이브 채팅을 통해 도움을 드릴 수 있습니다. 안심해 주세요. 저희는 고객님이 원활한 경험을 할 수 있도록 보장하고 고객님께 필요한 정확한 정보를 제공해 드리겠습니다."
BCL,배송기간이 얼마나 걸리는지 확인해야 하는데 도움이 필요해요,배송,배송 기간 확인,저희는 고객님이 배송 예상 기간을 결정해야 한다는 점을 이해합니다. 보다 효과적인 지원을 위해 배송과 관련된 [주문/송장번호] 또는 [주문/송장번호]를 제공해 주시겠습니까? 이 정보를 통해 당사는 고객님께 배송 시간에 대한 정확한 견적을 제공할 수 있습니다. 이 정보를 공유해 주셔서 감사합니다.
BLQZ,배송에 시간이 얼마나 걸리는지 확인하고 싶어요,배송,배송 기간 확인,저희는 패키지의 예상 배송 기간을 알고 싶어하는 고객님의 욕구를 절대적으로 이해합니다. 더 나은 지원을 위해 [주문/송장번호] 또는 [주문/송장번호]를 제공해 주시겠습니까? 이 정보를 통해 당사는 고객님의 배송품이 도착할 정확한 예상 시간을 고객님께 제공할 수 있습니다. 이 문제를 해결하는 동안 기다려 주셔서 감사합니다.
BILZ,내 로더가 언제 도착하는지 어디서 확인할 수 있나요?,배송,배송 기간 확인,"저희는 고객님의 주문 배송 상태를 추적하려는 고객님의 열망을 이해합니다. 주문한 상품이 언제 도착할지 확인하려면 당사 웹사이트의 주문 추적 페이지를 방문하세요. 고객님의 계정에 로그인하여 ""주문 내역"" 또는 ""주문 추적"" 섹션으로 이동하시면 됩니다. 여기에서 예상 배송일을 확인하고 주문 진행 상황을 실시간으로 추적할 수 있습니다. 추가 질문이 있거나 도움이 필요한 경우, 주저하지 마시고 고객 지원팀에 문의해 주세요."
BLW,빌어먹을 명령이 얼마나 빨리 나올지 지켜봐야 해,배송,배송 기간 확인,저희는 고객님이 가능한 한 빨리 주문을 받고 싶어한다는 것을 이해합니다. 배송 날짜에 대한 정확한 견적을 제공하기 위해 [주문/송장번호] 또는 [주문/송장번호]를 제공해 주시겠습니까? 이를 통해 당사는 고객님의 주문을 추적하고 예상 도착 시간을 결정할 수 있습니다. 주문 추적을 지원하는 동안 양해해 주셔서 감사합니다.
BL,내 소포가 언제 도착할지 확인하는 데 도움이 필요합니다,배송,배송 기간 확인,저희는 고객님의 소포 도착에 대한 업데이트를 받고 싶어하는 고객님의 열망을 완전히 이해합니다. 이 문제를 해결하기 위해 [주문/송장번호] 또는 [주문/송장번호]를 제공해 주시겠습니까? 이 정보를 통해 당사는 고객님의 소포의 현재 상태를 확인하고 예상 배송일을 제공할 수 있습니다. 가장 정확한 정보를 얻기 위해 노력하는 동안 고객님의 양해에 진심으로 감사드립니다.
BL,내 글이 언제 도착하는지 확인하려고 해요,배송,배송 기간 확인,저희는 고객님이 진행 상황을 추적하고 기사의 예상 도착 시간을 알고 싶어한다는 것을 알고 있습니다. 정확한 정보를 제공하기 위해 [주문/송장번호] 또는 [주문/송장번호]를 제공해 주시겠습니까? 해당 정보를 통해 배송 상태 및 배송 예정일에 대한 정확한 업데이트를 제공해 드릴 수 있습니다. 원활하고 시기적절한 배송 경험을 보장하기 위해 함께 노력하는 동안 고객님의 양해에 진심으로 감사드립니다.
BIL,주문이 얼마나 빨리 도착할지 알 수 있나요?,배송,배송 기간 확인,고객님의 주문과 예상 도착 시간에 대한 정보를 받고자 하는 고객님의 기대를 이해합니다. 가장 정확한 정보를 제공하기 위해 [주문/송장번호] 또는 [주문/송장번호]를 제공해 주시겠습니까? 이를 통해 주문 상태를 추적하고 예상 배송일을 알려드릴 수 있습니다. 이 문제에 대한 고객님의 인내와 협조에 감사드립니다.
BLQZ,내 소포가 언제 도착하는지 확인해야 해,배송,배송 기간 확인,저희는 고객님의 패키지 진행 상황을 추적하고 예상 배송 날짜를 확인하려는 고객님의 기대와 기대를 이해합니다. 이 정보를 제공하기 위해 [주문/송장번호] 또는 [주문/송장번호]를 제공해도 될까요? 이러한 세부 정보를 통해 고객님의 패키지가 도착할 것으로 예상되는 시기를 결정하는 데 도움을 드릴 수 있습니다. 고객 만족이 저희의 최우선 사항입니다. 이 정보를 수집하는 동안 양해해 주셔서 감사합니다.
BL,내 소포가 언제 도착하는지 확인하려면 어떻게 해야 할지 모르겠습니다.,배송,배송 기간 확인,저희는 고객님의 소포 배송을 추적하는 것이 고객님께 중요하다는 것을 알고 있습니다. 예상 도착일을 확인하시려면 구매 시 제공된 [주문/송장번호] 또는 [주문/송장번호]를 이용하시면 됩니다. 당사 웹사이트의 추적 페이지로 이동하거나 모바일 앱을 사용하여 지정된 필드에 추적 정보를 입력하기만 하면 됩니다. 이를 통해 소포의 상태 및 예상 도착에 대한 실시간 업데이트를 제공받을 수 있습니다. 문제가 발생하거나 추가 지원이 필요한 경우 언제든지 고객 지원팀에 문의하세요. [운영시간/기간]([고객센터전화번호]) 또는 당사 웹사이트([웹사이트/메뉴])의 라이브 채팅을 통해 이용 가능합니다. 저희는 고객님의 소포를 모든 단계에서 추적할 수 있도록 도와드립니다!
BIL,내 제품이 언제 도착하는지 어디서 확인하나요?,배송,배송 기간 확인,"고객님의 제품 예상 도착 시간에 대한 고객님의 궁금증을 이해합니다. 배송 상태를 확인하려면 당사 웹사이트를 방문하여 계정에 로그인하는 것이 좋습니다. 로그인한 후 ""주문 내역"" 또는 ""내 주문 추적"" 섹션으로 이동하면 배송 진행 상황에 대한 실시간 업데이트를 확인할 수 있습니다. 이 정보가 표시되지 않는 경우 당사 고객 지원팀에 문의하시면 추가 지원을 제공해 드리겠습니다. 고객 만족은 저희의 최우선 과제이며, 저희는 고객님이 제품 배송과 관련하여 필요한 모든 정보를 얻을 수 있도록 노력하고 있습니다."
BL,내 제품이 언제 도착하는지 확인해야 합니다.,배송,배송 기간 확인,물론이죠! 저희는 고객님의 제품이 언제 도착할지 알고 싶어하는 고객님의 열망을 이해합니다. 정확한 견적을 제공하기 위해 구매하신 제품의 [주문/송장번호] 또는 [주문/송장번호]를 알려주시겠습니까? 해당 정보를 통해 배송 상태 및 예상 도착일에 대한 최신 정보를 제공할 수 있습니다. 추가 지원을 위해 노력하는 동안 고객님의 양해에 진심으로 감사드립니다.
BIL,내 소포가 언제 도착하는지 확인하는 것을 도와주실 수 있나요?,배송,배송 기간 확인,확실히! 저희는 고객님의 소포의 예상 도착 시간을 알고 싶어하는 고객님의 열망을 완전히 이해합니다. 추가 지원을 위해 [주문/송장번호] 또는 [주문/송장번호]를 제공해 주시겠습니까? 이 정보를 통해 가장 정확한 배송일을 알려드릴 수 있습니다. 이 과정이 진행되는 동안 고객님의 인내심과 협조에 감사드립니다.
BIQ,상품을 얼마나 빨리 받을 수 있는지 확인하는 방법,배송,배송 기간 확인,상품 도착 예상 시간을 확인하려면 [기타정보]를 사용하여 주문을 추적할 수 있습니다. 당사 웹사이트나 모바일 앱을 통해 [주문/송장번호] 또는 [주문/송장번호]를 입력하시면 예상 배송일을 확인하실 수 있습니다. 어려움이 있거나 추가 지원이 필요한 경우 언제든지 고객 지원팀에 문의하세요. 우리가 도와드리겠습니다!
BL,내 기사가 도착하는 데 얼마나 걸리는지 알려주세요,배송,배송 기간 확인,"고객님의 물품 도착에 대한 고객님의 호기심과 기대를 이해하고, 당사는 고객님이 물품의 진행 상황을 추적하고 예상 배송 시간을 결정하는 데 도움을 드리고 있습니다. 가장 정확한 정보를 제공하기 위해 구매와 관련된 [주문/송장번호] 또는 [주문/송장번호]를 제공해 주시기 바랍니다. 이 정보가 확보되면 고객님의 물품이 언제 도착할 것으로 예상되는지 정확한 추정치를 제공할 수 있습니다. 원활하고 번거롭지 않은 배송 경험을 보장하기 위해 함께 노력하는 동안 고객님의 인내심과 협조에 크게 감사드립니다."
BL,내 상품이 언제 도착하는지 어떻게 알 수 있나요?,배송,배송 기간 확인,"전혀 걱정하지 마세요! 저는 고객님을 돕기 위해 여기 있습니다. 상품의 예상 도착 시간을 확인하려면 제공된 [주문/송장번호]를 사용하세요. 추적 번호가 있는 경우 당사 웹사이트로 이동하여 ""주문 추적"" 옵션을 클릭하고 지정된 필드에 추적 번호를 입력할 수 있습니다. 이를 통해 고객님의 상품 소재지와 예상 배송일에 관한 최신 정보를 제공할 것입니다. 추적 번호가 없는 경우 고객 지원팀([고객센터전화번호])에 문의하거나 당사 웹사이트([웹사이트/메뉴])의 라이브 채팅을 통해 주문 세부 정보를 문의하시면 필요한 정보를 찾는 데 기꺼이 도움을 드릴 것입니다. 저희는 고객님이 원활하고 정보에 입각한 쇼핑 경험을 누릴 수 있도록 최선을 다하고 있습니다. 추가로 도움이 필요하시면 알려주세요!"
BLW,빌어먹을 패키지를 얼마나 빨리 받을 수 있는지 알고 싶어요,배송,배송 기간 확인,저희는 고객님의 패키지를 받고 싶어하는 고객님의 좌절감과 열의를 이해합니다. 도움을 드리기 위해 [주문/송장번호] 또는 [주문/송장번호]를 제공해 주시겠습니까? 해당 정보를 통해 당사는 고객님이 언제 배송을 받을 수 있는지 정확한 견적을 제공할 수 있습니다. 고객님의 양해에 진심으로 감사드리며 원활한 배송 과정을 보장하기 위해 최선을 다하겠습니다.
BCELM,배송 기간을 찾고 있는데 도움이 필요합니다,배송,배송 기간 확인,"저희는 고객님이 배송 기간에 대한 정보를 찾고 있다는 것을 알고 있으며 고객님을 돕기 위해 여기에 있습니다. 정확한 세부 정보를 제공하기 위해 [주문/송장번호] 또는 [주문/송장번호]를 제공해 주시겠습니까? 해당 정보를 통해 당사는 고객님의 주문에 대한 예상 배송 기간을 제공할 수 있습니다. 고객님의 양해에 감사드리며, 고객님을 도와드릴 수 있기를 기대합니다."
BL,내 제품이 언제 도착하는지 확인하는 데 도움이 필요합니다.,배송,배송 기간 확인,저희는 고객님의 제품이 언제 도착할지 알고 싶어하는 고객님의 열망을 이해합니다. 정확한 견적을 제공하기 위해 [주문/송장번호] 또는 [주문/송장번호]를 제공해 주시겠습니까? 이 정보를 통해 당사는 고객님의 패키지를 추적하고 최신 배송 정보를 제공할 수 있습니다. 양해해 주셔서 감사드리며 앞으로도 더 많은 도움을 드리겠습니다.
BL,소포를 얼마나 빨리 받을 수 있는지 확인하는 데 도움이 필요합니다,배송,배송 기간 확인,저희는 고객님의 소포에 대한 예상 배송 시간을 알고 싶어하는 고객님의 호기심과 열망을 이해합니다. 가장 정확한 정보를 제공하기 위해 [주문/송장번호] 또는 [주문/송장번호]를 공유해 주시겠습니까? 이러한 세부정보를 통해 당사는 고객님의 소포를 추적하고 도착 예정일에 대한 정확한 견적을 제공할 수 있습니다. 이 문제에 대한 고객님의 인내심과 협조에 감사드립니다!
BCLQ,내 소포를 얼마나 빨리 받을 수 있는지 알고 싶어요. 도움이 필요해요,배송,배송 기간 확인,"저희는 고객님이 소포를 얼마나 빨리 받을 수 있는지 알고 싶어한다는 것을 이해합니다. 정확한 배송 견적을 제공하려면 고객님로부터 몇 가지 정보가 필요합니다. [주문/송장번호] 또는 [주문/송장번호]를 제공해 주시겠습니까? 이를 통해 당사 시스템에서 고객님의 소포를 찾을 수 있으며, 도착에 관한 최신 정보를 고객님께 제공할 수 있습니다. 고객님의 인내와 협조에 감사드립니다."
BL,구매 시기를 확인하는 데 도움이 필요합니다.,배송,배송 기간 확인,저희는 고객님이 구매한 제품을 받고자 하는 열망을 이해하고 예상 도착 시간을 추적합니다. 더 나은 지원을 위해 [주문/송장번호] 또는 [주문/송장번호]를 제공해 주시겠습니까? 이 정보를 통해 당사는 고객님의 배송에 대한 최신 업데이트를 가져오고 고객님이 구매한 제품이 도착할 것으로 예상되는 정확한 예상 시간을 제공할 수 있습니다. 협조해 주셔서 감사합니다!
BLQ,내 패키지를 얼마나 빨리 받을 수 있는지 확인하는 데 도움이 필요합니다,배송,배송 기간 확인,패키지 도착 시간을 추정하고 싶은 마음을 이해합니다. 가장 정확한 정보를 제공하기 위해 [주문/송장번호] 또는 [주문/송장번호]를 제공해 주시겠습니까? 이 필수 데이터를 통해 당사는 고객님의 배송에 대한 구체적인 세부 정보를 검색하고 예상 배송 날짜를 제공할 수 있습니다. 고객님의 협조에 진심으로 감사드립니다!
BCLQZ,배송이 얼마나 걸리는지 확인해야 해요. 도움이 필요해요,배송,배송 기간 확인,저희는 고객님의 주문에 대한 예상 배송 시간을 추적하고 알고 싶어하는 고객님의 열망을 이해합니다. 정확한 정보를 제공하기 위해 [주문/송장번호] 또는 [주문/송장번호]를 제공해 주시겠습니까? 이 정보를 통해 배송이 도착하는 데 걸리는 시간에 대한 정확한 업데이트를 제공할 수 있습니다. 고객님의 협조와 인내심에 감사드립니다.
BL,내 상품을 얼마나 빨리 받을 수 있는지 확인하려면 어떻게 해야 할지 모르겠습니다.,배송,배송 기간 확인,고객님이 상품 배송을 추적하는 방법과 예상 도착 시간을 확인하는 방법에 대해 확신이 없다는 점을 이해합니다. 걱정하지 마세요. 저희가 이 과정을 안내해 드릴 수 있도록 도와드리겠습니다. 시작하려면 [주문/송장번호] 또는 [주문/송장번호]를 제공해 주시겠습니까? 해당 정보를 통해 당사는 고객님의 주문을 확인하고 정확한 배송 시간을 알려드릴 수 있습니다. 이 문제를 해결하고 원활한 배송 경험을 보장하기 위해 함께 노력하는 동안 고객님의 인내심과 협조에 크게 감사드립니다.
BIL,배송에 얼마나 걸리는지 어떻게 알 수 있나요?,배송,배송 기간 확인,고객님이 패키지의 예상 배송 기간을 알고 싶어 한다는 점을 이해합니다. 가장 정확한 정보를 제공하기 위해 [주문/송장번호] 또는 [주문/송장번호]를 제공해 주시겠습니까? 이 정보를 통해 배송 상태를 확인하고 예상 배송일을 알려드릴 수 있습니다. 고객님의 양해와 협조에 감사드립니다.
BQZ,내 배송품이 언제 도착하는지 확인해야 해,배송,배송 기간 확인,저희는 고객님의 배송 예상 도착 시간을 확인하려는 고객님의 기대와 열의를 완전히 이해합니다. 더 나은 지원을 위해 [주문/송장번호] 또는 [주문/송장번호]를 제공해 주시겠습니까? 이 정보를 통해 당사는 배송 예정 시기에 대한 정확한 업데이트를 제공할 수 있습니다. 고객님의 양해에 진심으로 감사드립니다!
BLQ,배송물을 얼마나 빨리 받을 수 있는지 확인하는 데 도움이 필요합니다,배송,배송 기간 확인,패키지의 예상 도착 시간을 추적하려는 고객님의 바람을 이해합니다. 정확한 업데이트를 제공하기 위해 [주문/송장번호] 또는 [주문/송장번호]를 제공해 주시겠습니까? 이 정보를 통해 당사는 고객님이 패키지를 언제 받을 수 있는지에 대한 정확한 견적을 제공할 수 있습니다. 이 문제에 대해 도움을 드리는 동안 협조해 주셔서 감사합니다.
BCILPQ,내 물건이 언제 도착하는지 알고 싶어요 어떻게 하면 되나요?,배송,배송 기간 확인,고객님의 상품 도착을 추적하려는 고객님의 열의에 감사드립니다. 배송에 대한 가장 정확한 정보를 제공하기 위해 [주문/송장번호] 또는 [주문/송장번호]를 제공해 주시겠습니까? 이 정보를 사용하면 상품의 상태와 예상 도착 시간을 확인하는 데 도움을 드릴 수 있습니다. 고객님의 주문 진행 상황을 명확하게 이해하기 위해 함께 노력하는 동안 고객님의 인내심에 감사드립니다.
BIL,제품을 얼마나 빨리 받을 수 있는지 확인하도록 도와주실 수 있나요?,배송,배송 기간 확인,저희는 고객님의 제품을 받고자 하는 고객님의 기대와 기대를 충분히 이해합니다. 예상 배송 시간을 제공하려면 [주문/송장번호] 또는 [주문/송장번호]와 같은 추가 세부정보가 필요합니다. 이 정보를 통해 당사는 고객님의 주문 현재 상태를 확인하고 고객님의 제품이 언제 도착할 것으로 예상하는지에 대한 정확한 견적을 제공할 수 있습니다. 이 문제를 해결하는 동안 기다려 주셔서 감사합니다.
BILQZ,내 소포가 언제 도착하는지 어떻게 확인하나요,배송,배송 기간 확인,"저희는 고객님의 소포 도착에 대한 고객님의 호기심을 이해합니다. 예상 배송일을 확인하려면 당사 웹사이트를 방문하여 계정에 로그인하세요. 로그인한 후 ""주문 내역"" 또는 ""내 주문 추적"" 섹션으로 이동하세요. 여기에서 [주문/송장번호] 또는 [주문/송장번호]를 입력하여 자세한 추적 정보에 액세스할 수 있습니다. 추가 지원이 필요하시면 언제든지 문의해 주세요. 우리가 도와드리겠습니다!"
BLQ,배송이 얼마나 빨리 예상되는지 확인하는 데 도움이 필요합니다,배송,배송 기간 확인,"배송 추적 및 예상 도착 시간 확인에 대한 도움을 요청해 주셔서 감사합니다. 저는 고객님의 패키지를 받고 싶어하는 고객님의 열망을 완전히 이해하며 가능한 가장 정확한 정보를 고객님께 제공하고 싶습니다. 추가 지원을 위해 [주문/송장번호] 또는 [주문/송장번호]를 제공해 주시겠습니까? 이 정보를 통해 배송 예정일에 대한 정확한 견적을 드릴 수 있습니다. 고객님의 양해에 진심으로 감사드리며, 저희는 고객님이 모든 단계에서 패키지를 추적할 수 있도록 도와드리겠습니다."
BILQ,주문한 상품이 언제 도착하는지 어디서 확인할 수 있나요?,배송,배송 기간 확인,저희는 고객님의 주문 상태와 도착 시기를 추적하는 데 대한 고객님의 호기심을 이해합니다. 가장 정확한 정보를 제공하기 위해 [주문/송장번호] 또는 [주문/송장번호]를 공유해 주시겠습니까? 이를 통해 추적 세부 정보에 액세스하는 데 도움을 주거나 예상 배송 날짜를 제공할 수 있습니다. 고객 만족과 원활한 배송 경험을 보장하기 위해 노력하고 있으므로 고객님의 양해에 진심으로 감사드립니다.
BL,구매를 얼마나 빨리 예상할 수 있는지 도움을 받고 싶습니다.,배송,배송 기간 확인,저희는 고객님이 얼마나 빨리 구매를 기대할 수 있는지 알고 싶어하는 고객님의 열망을 이해합니다. 정확한 견적을 제공하기 위해 구매하신 제품의 [주문/송장번호] 또는 [주문/송장번호]를 제공해 주시겠습니까? 해당 정보를 통해 당사는 고객님의 주문 상태를 확인하고 예상 배송일을 알려드릴 수 있습니다. 이 문제를 해결하는 동안 양해해 주셔서 감사합니다.
BILW,피 묻은 배송을 얼마나 빨리 기대할 수 있는지 어떻게 알 수 있나요?,배송,배송 기간 확인,저희는 고객님의 패키지 예상 배송 시간을 알고 싶어하는 고객님의 조바심과 열망을 이해합니다. 배송 진행 상황을 추적하려면 [주문/송장번호] 또는 [주문/송장번호]를 제공해 주시기 바랍니다. 이 정보를 통해 당사는 고객님이 언제 배송을 받을 수 있는지에 대한 정확한 견적을 제공할 수 있습니다. 협조해 주셔서 감사드리며 배송 추적을 지원하는 동안 양해해 주셔서 감사합니다.
BL,내 제품이 언제 도착할지 확인하는 데 도움이 필요합니다.,배송,배송 기간 확인,제품의 진행 상황과 예상 도착 시간을 추적하려는 고객님의 열의에 진심으로 감사드립니다. 가장 정확한 정보를 제공하기 위해 [주문/송장번호] 또는 [주문/송장번호]를 제공해 주시겠습니까? 이 정보를 통해 예상 배송일에 대한 정확한 업데이트를 제공할 수 있습니다. 원활한 배송 과정을 보장하기 위해 함께 노력하는 동안 고객님의 양해에 진심으로 감사드립니다.
BLQZ,보통 상품이 도착하는 데 얼마나 걸리는지 확인해야 합니다,배송,배송 기간 확인,고객님의 상품에 대한 일반적인 배송 시간에 대한 고객님의 궁금증을 이해합니다. 정확한 정보를 제공하기 위해 [주문/송장번호] 또는 [주문/송장번호]를 제공해 주시겠습니까? 이 중요한 정보를 통해 당사는 배송 세부 정보를 평가하고 고객님의 상품 도착 시간을 추정할 수 있습니다. 이 문제에 대한 고객님의 인내와 협조에 감사드립니다.
BL,언제쯤 구매가 가능한지 확인해야겠어요,배송,배송 기간 확인,저희는 고객님의 구매에 대한 예상 배송 시간을 알고자 하는 고객님의 기대를 이해합니다. 가장 정확한 정보를 제공하기 위해 [주문/송장번호] 또는 [주문/송장번호]를 공유해 주시겠습니까? 이러한 세부 정보가 확보되면 구매하신 제품이 언제 도착할 것으로 예상하는지 정확한 견적을 드릴 수 있습니다. 이 문제를 해결하는 동안 기다려 주셔서 감사합니다. 지금까지 우리와 함께한 경험은 어땠나요?
BLMZ,배송 기간에 대한 정보를 알려줘,배송,배송 기간 확인,"배송 기간에 대해 알고 싶다는 점을 이해합니다. 배송 기간은 일반적으로 선택한 배송 방법, 목적지, 잠재적인 지연 등 다양한 요인에 따라 달라집니다. 정확한 정보를 제공하기 위해 주문에 대한 구체적인 세부정보를 제공해 주시겠습니까? 여기에는 주문 번호나 참조하는 품목이 포함될 수 있습니다. 이 정보가 확보되면 최신 배송 기간을 제공할 수 있습니다. 이해와 협조에 감사드립니다."
BLZ,내 제품이 언제 도착하는지 알아보려고 전화했어요,배송,배송 기간 확인,"시간을 내어 고객님의 제품의 예상 도착 시간에 대해 전화로 문의해 주셔서 감사합니다. 배송 상태를 추적하는 것이 고객님께 중요하다는 것을 이해합니다. 가장 정확한 정보를 제공하기 위해 [주문/송장번호] 또는 [주문/송장번호]를 제공해 주시겠습니까? 이 정보를 통해 고객님께 추가 지원을 제공하고 배송 날짜에 대한 정확한 견적을 제공할 수 있습니다. 고객님의 인내심에 진심으로 감사드리며, 저는 모든 단계에서 고객님을 도와드릴 것입니다."
BIQ,내 물건이 언제 도착하는지 확인하도록 도와줄 수 있나요?,배송,배송 기간 확인,내가 처리할게! 저희는 고객님의 패키지 진행 상황을 추적하려는 고객님의 열망을 이해합니다. 도움을 드리기 위해 [주문/송장번호] 또는 [주문/송장번호]를 제공해 주시기 바랍니다. 해당 정보가 확보되면 고객님의 품목 도착에 대한 정확한 추정치를 제공할 수 있습니다. 고객님의 양해에 진심으로 감사드립니다!
BLQZ,곧 확인하는 데 도움이 필요해요. 패키지를 받을 수 있을까요?,배송,배송 기간 확인,패키지의 예상 도착 시간에 대해 궁금해해주셔서 감사합니다. 가장 정확한 정보를 제공하기 위해 패키지와 관련된 [주문/송장번호] 또는 [주문/송장번호]를 제공해 주시겠습니까? 이를 통해 진행 상황을 추적하고 언제 도착할지 예상할 수 있습니다. 우리가 고객님을 돕기 위해 노력하는 동안 고객님의 양해에 진심으로 감사드립니다.
B,상품이 얼마나 빨리 도착할 수 있는지 확인하기 위해 전화했습니다.,배송,배송 기간 확인,고객님의 메시지는 전화 통화를 통해 접수되었습니다. 저희는 고객님의 상품에 대한 예상 배송 시간을 알고 싶어하는 고객님의 열망을 완전히 이해합니다. 가장 정확한 정보를 제공하기 위해 [주문/송장번호] 또는 [주문/송장번호]를 제공해 주시겠습니까? 이러한 세부 정보가 확보되면 고객님의 상품이 언제 도착할 것으로 예상되는지에 대한 업데이트를 제공할 수 있습니다. 이 문제에 대한 고객님의 인내와 협조에 감사드립니다.
BILW,내 제품이 얼마나 빨리 나올지 어떻게 알 수 있나요?,배송,배송 기간 확인,저희는 제품의 예상 배송 시간을 추적하려는 고객님의 열망을 이해합니다. 가장 정확한 정보를 제공하기 위해 구매하신 제품의 [주문/송장번호] 또는 [주문/송장번호]를 제공해 주시기 바랍니다. 이 정보를 통해 예상 도착일에 대한 업데이트를 제공해 드릴 수 있습니다. 이 과정에서 고객님의 인내심과 협조에 감사드립니다.
BL,구매가 얼마나 빨리 이루어질 수 있는지 확인하는 데 도움이 필요합니다.,배송,배송 기간 확인,저희는 고객님의 구매 예상 도착 시간을 추적하고 알고 싶어하는 고객님의 열망을 이해합니다. 가장 정확한 정보를 제공하기 위해 [주문/송장번호] 또는 [주문/송장번호]를 공유해 주시겠습니까? 해당 정보를 통해 당사는 고객님의 구매 위치를 확인하고 예상 배송일에 대한 업데이트를 제공할 수 있습니다. 고객님의 양해에 진심으로 감사드립니다!
BL,내 상품이 언제 도착하는지 확인하고 싶어요,배송,배송 기간 확인,고객님의 제품 도착 시간에 대한 고객님의 궁금증을 이해합니다. 정확한 견적을 제공하기 위해 [주문/송장번호] 또는 [주문/송장번호]를 제공해 주시겠습니까? 해당 정보를 통해 정확한 배송 세부정보를 알려드릴 수 있습니다. 탁월한 고객 경험을 보장하기 위해 노력하는 동안 고객님의 양해에 진심으로 감사드립니다.
BL,상품이 도착하는 데 얼마나 걸리는지 확인해야 해요,배송,배송 기간 확인,저희는 고객님이 고객님 제품의 예상 배송 시간을 알고 싶어 한다는 것을 이해합니다. 가장 정확한 정보를 제공하기 위해 [주문/송장번호] 또는 [주문/송장번호]를 제공해 주시겠습니까? 해당 정보를 통해 당사는 고객님의 주문을 추적하고 언제 도착할지 정확한 추정치를 제공할 수 있습니다. 고객님의 양해에 진심으로 감사드립니다.
BCL,내 제품이 언제 도착하는지 알고 싶습니다. 도와주세요.,배송,배송 기간 확인,저희는 고객님의 제품을 받고 싶어하는 고객님의 기대를 이해하며 고객님께 필요한 모든 정보를 제공해 드리겠습니다. 제품의 예상 도착 시간을 확인하는 데 도움이 되도록 [주문/송장번호] 또는 [주문/송장번호]를 제공해 주시겠습니까? 이 정보를 통해 당사는 고객님의 제품 배송 날짜에 대한 가장 정확한 세부 정보를 제공할 수 있습니다. 양해해 주셔서 감사드리며 곧 이 정보를 제공할 수 있기를 바랍니다.
BL,배송은 언제쯤 받을 수 있는지 알아보려고 합니다,배송,배송 기간 확인,배송 진행 상황을 추적하고 배송 시간을 예상하고 싶은 고객님의 호기심을 이해합니다. 가장 정확한 정보를 제공하기 위해 [주문/송장번호] 또는 [주문/송장번호]를 제공해 주시겠습니까? 이 필수 정보를 통해 예상 배송 시간을 신속하게 업데이트할 수 있습니다. 고객 만족을 보장하기 위해 함께 노력하는 동안 양해해 주셔서 감사합니다.
BLQ,배송이 얼마나 빨리 되는지 알아보려고 해요,배송,배송 기간 확인,배송품의 예상 도착 시간에 대해 궁금해하시는 점을 이해합니다. 더 나은 지원을 위해 [주문/송장번호] 또는 [주문/송장번호]를 제공해 주시겠습니까? 이 정보를 통해 예상 배송일에 대한 정확한 업데이트를 제공할 수 있습니다.
BILQ,내 배송품이 언제 도착하는지 어디서 확인하나요?,배송,배송 기간 확인,저희는 고객님이 배송 진행 상황을 추적하고 배송 날짜를 결정해야 하는 긴급함을 이해합니다. 정확한 정보를 제공하기 위해 [주문/송장번호] 또는 [주문/송장번호]를 제공해 주시겠습니까? 해당 정보를 통해 배송 도착과 관련된 업데이트를 확인할 수 있는 위치를 정확하게 안내해 드릴 수 있습니다. 고객님의 협조에 진심으로 감사드립니다!
BL,내 소포를 얼마나 빨리 받을 수 있는지 알려주세요,배송,배송 기간 확인,고객님이 소포의 예상 도착 날짜를 알고 싶어 한다는 것을 알고 있습니다. 가장 정확한 정보를 제공하기 위해 [주문/송장번호] 또는 [주문/송장번호]를 제공해 주시겠습니까? 이 정보를 통해 당사는 고객님의 소포 상태를 추적하고 예상 배송일을 알려드릴 수 있습니다. 고객 만족이 저희의 최우선 사항입니다!
BLQ,제품이 도착하는 데 얼마나 걸리는지 확인하려고 합니다.,배송,배송 기간 확인,저희는 제품의 예상 도착 시간을 확인하려는 고객님의 열망을 이해합니다. 추가 지원을 위해 [주문/송장번호] 또는 [주문/송장번호]를 제공해 주시겠습니까? 이 정보를 통해 가장 정확한 배송 세부정보를 제공할 수 있습니다. 고객님의 문의 사항을 해결하기 위해 함께 노력하는 동안 고객님의 양해에 감사드립니다.
BLQ,내 제품을 얼마나 빨리 받을 수 있는지 확인하는 데 도움이 필요합니다,배송,배송 기간 확인,저희는 고객님의 제품을 받고 싶어하는 고객님의 열망을 이해하며 이에 대해 고객님을 돕기 위해 왔습니다. 정확한 배송 시간 추정을 제공하기 위해 [주문/송장번호] 또는 [주문/송장번호]를 제공해 주시겠습니까? 해당 정보를 통해 당사는 고객님의 주문 상태를 확인하고 얼마나 빨리 배송이 가능한지 알려드릴 수 있습니다. 고객님의 양해에 진심으로 감사드립니다!
BCLQ,내 소포가 언제 도착하는지 확인해야 해요 도와주세요,배송,배송 기간 확인,저희는 고객님이 소포의 예상 도착 시간을 알고 싶어한다는 것을 알고 있습니다. 가장 정확한 정보를 제공하기 위해 [주문/송장번호] 또는 [주문/송장번호]를 제공해 주시겠습니까? 이 정보를 통해 당사는 고객님의 소포를 추적하고 예상 배송일을 알려드릴 수 있습니다. 고객님의 양해에 감사드리며 도와드리겠습니다.
BL,얼마나 빨리 소포를 받을 수 있는지 확인하는 방법을 모르겠습니다.,배송,배송 기간 확인,"고객님이 소포의 예상 도착 시간을 결정하는 방법에 대해 확신이 없다는 점을 이해합니다. 관련 추적 정보를 찾는 데 도움을 드리겠습니다. 소포를 추적하려면 당사 웹사이트를 방문하여 ""주문 추적"" 섹션으로 이동하세요. 여기에서 [주문/송장번호] 또는 [주문/송장번호]를 입력하라는 메시지가 표시됩니다. 필요한 세부 정보를 제공하면 소포의 예상 배송 날짜가 표시됩니다. 여전히 정보를 찾을 수 없는 경우 알려주시면 추가로 안내해 드리겠습니다."
BL,배송이 얼마나 걸리는지 확인하고 싶어요,배송,배송 기간 확인,예상 배송 기간을 알고 싶어 하시는 점을 이해합니다. 정확한 업데이트를 제공하기 위해 [주문/송장번호] 또는 [주문/송장번호]를 제공해 주시겠습니까? 해당 정보를 통해 당사는 고객님의 배송품이 언제 도착할 것으로 예상하는지에 대한 정확한 견적을 제공할 수 있습니다. 최대한의 관심과 효율성으로 고객님을 지원하기 위해 노력하고 있으므로 고객님의 인내심에 크게 감사드립니다.
BLQ,주문을 얼마나 빨리 받을 수 있는지 확인하는 데 도움이 필요해요,배송,배송 기간 확인,저희는 고객님이 주문에 대한 예상 배송 시간을 추적하고 알고 싶어한다는 것을 이해합니다. 가장 정확한 정보를 제공하기 위해 [주문/송장번호] 또는 [주문/송장번호]를 제공해 주시겠습니까? 이를 통해 주문 상태를 확인하고 예상 배송일을 알려드릴 수 있습니다. 이 문제를 해결하는 동안 협조해 주시고 기다려 주셔서 감사합니다.
BLQ,상품을 얼마나 빨리 받을 수 있는지 도움을 받고 싶습니다.,배송,배송 기간 확인,저희는 고객님이 상품을 언제 받을 수 있는지 알고 싶어하는 것을 이해합니다. 이 문제를 해결하기 위해 [주문/송장번호] 또는 [주문/송장번호]를 제공해 주시겠습니까? 이 정보를 통해 당사는 고객님께 배송일에 대한 정확한 견적을 제공할 수 있습니다. 고객님께 필요한 정보를 제공하기 위해 노력하는 동안 고객님의 양해에 진심으로 감사드립니다.
BL,내 패키지가 언제 도착하는지 확인해야 해요,배송,배송 기간 확인,저희는 고객님의 패키지의 예상 배송 시간을 알고 싶어하는 고객님의 열망을 이해합니다. 추가 지원을 위해 [주문/송장번호] 또는 [주문/송장번호]를 제공해 주시겠습니까? 이 정보를 통해 예상 도착 날짜에 대한 정확한 세부 정보를 제공할 수 있습니다. 더 나은 서비스를 제공할 수 있도록 고객님의 인내심과 협조에 감사드립니다!
BCLQZ,배송이 얼마나 빨리 올 수 있는지 확인하고 싶어요 도와주세요,배송,배송 기간 확인,저희는 고객님이 배송을 언제 기대할 수 있는지 알고 싶어하는 고객님의 열망을 이해합니다. 견적을 제공하기 위해 [주문/송장번호] 또는 [주문/송장번호]를 제공해 주시겠습니까? 해당 정보를 통해 당사는 고객님의 배송 진행 상황을 확인하고 보다 구체적인 기간을 알려드릴 수 있습니다. 협조해 주셔서 감사합니다!
BIL,기사가 도착하는 데 시간이 얼마나 걸리는지 어떻게 알 수 있나요?,배송,배송 기간 확인,기사의 예상 도착 시간에 대해 궁금해하시는 점을 이해합니다. 가장 정확한 정보를 제공하려면 구매와 관련된 [주문/송장번호] 또는 [주문/송장번호]를 제공해 주시기 바랍니다. 이 정보를 통해 당사는 고객님의 배송 진행 상황을 추적하고 예상 배송 날짜를 제공할 수 있습니다. 원활한 배송 경험을 보장하기 위해 협력해 주셔서 감사합니다.
BCLW,내 주문을 얼마나 빨리 받을 수 있는지 알고 싶습니다. 도와주세요.,배송,배송 기간 확인,저희는 고객님의 주문 배송에 대한 고객님의 조바심과 불만을 이해합니다. 정확한 견적을 제공하기 위해 [주문/송장번호]를 주시겠습니까? 이 정보를 통해 고객님의 주문 상태를 확인하고 언제 도착할 것으로 예상하는지 더 잘 알려드릴 수 있습니다. 고객님의 인내심과 이해에 감사드립니다.
BLW,내 빌어먹을 소포를 얼마나 빨리 받을 수 있는지 보려고 노력 중이야,배송,배송 기간 확인,저희는 고객님의 패키지 예상 배송 시간에 대한 업데이트를 받고 싶어하는 고객님의 불만과 열의를 이해합니다. 불편을 끼쳐드려 죄송합니다. 더 나은 지원을 위해 [주문/송장번호] 또는 [주문/송장번호]를 제공해 주시겠습니까? 해당 정보를 통해 당사는 고객님의 패키지 도착에 대한 정확한 추정치를 제공할 수 있습니다. 고객님의 양해에 진심으로 감사드립니다.
BLZ,배송 기간에 대한 정보를 원합니다,배송,배송 기간 확인,저희는 배송 기간에 대한 정보가 필요하다는 것을 완전히 이해합니다. 정확한 세부 정보를 제공하기 위해 [주문/송장번호] 또는 [주문/송장번호]를 제공해 주시겠습니까? 이 정보를 통해 고객님의 주문에 대한 예상 배송 기간을 확인할 수 있습니다. 이 문제에 대한 고객님의 협조에 감사드립니다.
BL,소포가 도착하는 데 얼마나 걸리는지 확인하려고 합니다.,배송,배송 기간 확인,저희는 고객님의 소포 배송 시간을 추적하려는 고객님의 욕구를 이해합니다. 정확한 정보를 제공하기 위해 [주문/송장번호] 또는 [주문/송장번호]를 제공해 주시겠습니까? 이 정보를 통해 당사는 고객님의 소포의 예상 배송 시간을 확인하고 진행 상황을 계속 업데이트할 수 있습니다.
BLZ,내 패키지가 도착하는 데 시간이 얼마나 걸리는지 알고 싶습니다.,배송,배송 기간 확인,저희는 고객님의 패키지 배송 기간에 대한 고객님의 호기심을 이해합니다. 추가 지원을 위해 [주문/송장번호] 또는 [주문/송장번호]를 제공해 주시겠습니까? 이를 통해 당사는 고객님께 배송 시간에 대한 정확한 견적을 제공할 수 있습니다. 이 문제에 대한 고객님의 협조에 감사드립니다.
BL,배송이 얼마나 빨리 올 수 있는지 알려주세요,배송,배송 기간 확인,저희는 고객님이 배송물을 받기를 간절히 바라는 점을 이해하며 예상 배송 시간을 결정하는 데 기꺼이 도움을 드릴 것입니다. 가장 정확한 정보를 제공하기 위해 [주문/송장번호] 또는 [주문/송장번호]를 제공해 주시겠습니까? 이 정보를 통해 당사는 고객님의 배송 상태를 확인하고 예상 도착일을 알려드릴 수 있습니다. 고객님의 문의 사항을 해결하기 위해 노력하는 동안 고객님의 양해에 진심으로 감사드립니다.
BCL,내 택배가 언제 도착하는지 확인해야 하는데 도움이 필요해요,배송,배송 기간 확인,저희는 고객님의 패키지 배송 상태를 추적하는 것이 긴급하다는 것을 이해합니다. 더 나은 지원을 위해 패키지와 관련된 [주문/송장번호] 또는 [주문/송장번호]를 제공해 주시겠습니까? 이 정보를 통해 예상 도착 시간에 대한 정확한 업데이트를 제공할 수 있습니다. 고객님의 협조와 인내심에 감사드립니다.
BCL,배송이 얼마나 걸리는지 확인해야 합니다. 도움이 필요합니다,배송,배송 기간 확인,저희는 배송을 추적하고 예상 배송 시간을 확인하기를 원하는 고객님의 긴급성을 이해합니다. 정확한 정보를 제공하기 위해 구매와 관련된 [주문/송장번호] 또는 [주문/송장번호]를 제공해 주시기 바랍니다. 이러한 세부 정보를 통해 당사는 고객님이 배송물을 찾고 예상 도착 날짜를 알려 주는 데 도움을 드릴 수 있습니다. 이 과정 전반에 걸쳐 고객님의 이해와 인내심에 진심으로 감사드립니다.
BL,내 배송품이 언제 도착할지 알 수 있게 도와주세요,배송,배송 기간 확인,저희는 고객님의 배송물이 언제 도착할지 알고 싶어하는 고객님의 기대와 희망을 이해합니다. 가장 정확한 정보를 제공하기 위해 배송과 관련된 [주문/송장번호] 또는 [주문/송장번호]를 제공해 주시겠습니까? 이 정보를 통해 당사는 고객님의 배송 상태를 신속하게 확인하고 예상 배송일을 알려드릴 수 있습니다. 이 문제에 협조해 주셔서 감사합니다.
BL,내 제품이 언제 도착하는지 확인하는 데 도움,배송,배송 기간 확인,상품 예상 도착 시간에 대해 문의해 주셔서 감사합니다. 정확한 정보를 제공하기 위해 [주문/송장번호] 또는 [주문/송장번호]를 제공해 주시겠습니까? 이 정보를 통해 고객님의 패키지를 추적하고 예상 배송 날짜에 대한 업데이트를 알려드릴 수 있습니다. 이 문제에 협조해 주셔서 감사합니다!
BLQ,소포가 도착하는 데 얼마나 걸리는지 확인해야 해요,배송,배송 기간 확인,패키지의 예상 도착 시간을 알고 싶은 고객님의 호기심을 이해합니다. 가장 정확한 정보를 제공하기 위해 패키지와 관련된 [주문/송장번호] 또는 [주문/송장번호]를 제공해 주시겠습니까? 이를 통해 언제 배송이 예상되는지 정확한 견적을 드릴 수 있습니다. 이 문제에 대한 고객님의 인내와 협조에 감사드립니다.
BL,배송이 도착하는 데 얼마나 걸리는지 확인해야 해요,배송,배송 기간 확인,문의해 주셔서 감사합니다! 고객님의 패키지 배송 예상 시간을 알고 싶어 하시는 점을 이해합니다. 가장 정확한 정보를 제공하기 위해 [주문/송장번호] 또는 [주문/송장번호]를 제공해 주시겠습니까? 이 정보를 통해 배송 상태를 확인하고 예상 도착 시간을 알려드릴 수 있습니다. 고객님의 양해에 진심으로 감사드립니다!
BLW,내 빌어먹을 주문이 도착하는 데 얼마나 걸리는지 알려줘,배송,배송 기간 확인,저희는 고객님의 주문 배송 시간에 대한 고객님의 불만과 조바심을 이해합니다. 불편을 끼쳐드려 죄송합니다. 정확한 정보를 제공하기 위해 [주문/송장번호] 또는 [주문/송장번호]를 제공해 주시겠습니까? 이 정보를 통해 당사는 고객님의 주문을 추적하고 예상 배송일을 알려드릴 수 있습니다. 이해와 협조에 감사드립니다.
BL,배송을 얼마나 빨리 받을 수 있는지 알아보려고 합니다.,배송,배송 기간 확인,저희는 고객님이 배송물을 받고 싶어하며 예상 배송 시간을 알고 싶어한다는 것을 알고 있습니다. 더 나은 지원을 위해 [주문/송장번호] 또는 [주문/송장번호]를 제공해 주시겠습니까? 이 정보를 통해 배송 예정 시기에 대한 정확한 업데이트를 제공할 수 있습니다. 원활한 배송 경험을 보장하기 위해 함께 노력하는 동안 고객님의 양해에 진심으로 감사드립니다.
BLW,내 제품을 얼마나 빨리 기대할 수 있는지 확인하도록 도와주세요,배송,배송 기간 확인,저희는 고객님이 고객님의 제품이 언제 도착할 것으로 예상하는지 알고 싶어하는 고객님의 열망을 이해합니다. 정확한 견적을 제공하기 위해 [주문/송장번호] 또는 [주문/송장번호]를 제공해 주시겠습니까? 해당 정보를 통해 당사는 고객님의 패키지를 추적하고 예상 배송 시간을 확인할 수 있습니다. 고객님의 협조와 인내심에 감사드립니다.
BLQZ,내 소포가 언제 도착하는지 확인하기 위해 전화할게요,배송,배송 기간 확인,저희는 고객님의 소포 진행 상황을 추적하고 예상 도착 시간을 받기를 원하는 고객님의 기대와 열망을 이해합니다. 정확한 정보를 제공하기 위해 [주문/송장번호] 또는 [주문/송장번호]를 제공해 주시겠습니까? 이 정보를 통해 예상 배송 날짜에 대한 정확한 세부 정보를 제공할 수 있습니다. 이 과정을 지원하는 동안 고객님의 양해에 진심으로 감사드립니다.
BEMQZ,배송기간을 알아보려고 해요,배송,배송 기간 확인,저희는 고객님이 주문한 제품의 배송 기간을 알고 싶어 한다는 것을 알고 있습니다. 정확한 정보를 제공하기 위해 [주문/송장번호] 또는 [주문/송장번호]를 제공해 주시겠습니까? 정보가 확보되면 언제 배송이 예상되는지 추정해 드릴 수 있습니다. 이 문제에 대해 고객님의 인내심과 이해에 감사드립니다.
BILQ,배송이 얼마나 빨리 되는지 확인할 수 있나요,배송,배송 기간 확인,저희는 고객님이 배송을 언제 받을 수 있는지 알고 싶어하는 고객님의 열망을 이해합니다. 정확한 견적을 제공하기 위해 [주문/송장번호] 또는 [주문/송장번호]를 공유해 주시겠습니까? 이 정보를 통해 당사는 예상 배송일에 관한 최신 정보를 고객님께 제공할 수 있습니다. 고객님의 협조와 인내심에 감사드립니다.
BIL,내 패키지가 얼마나 빨리 도착할 수 있는지 어떻게 알 수 있나요?,배송,배송 기간 확인,저희는 고객님의 패키지 도착에 대한 고객님의 기대와 호기심을 이해합니다. 예상 배송일을 제공하려면 [주문/송장번호] 또는 [주문/송장번호]를 사용하여 추적 정보를 확인할 수 있습니다. 당사 웹사이트나 배송업체 웹사이트에 이 정보를 입력하면 패키지의 현재 상태와 예상 배송 기간을 확인할 수 있습니다. 추가 도움이 필요하시면 언제든지 알려주시기 바랍니다.
BL,배송물이 도착하는 데 걸리는 시간을 확인하는 데 도움이 됩니다.,배송,배송 기간 확인,배송물의 예상 도착 시간을 추적하고 싶은 마음을 이해합니다. 정확한 정보를 제공하기 위해 [주문/송장번호] 또는 [주문/송장번호]를 제공해 주시겠습니까? 이 데이터를 통해 당사는 고객님의 배송품이 언제 도착할 것으로 예상되는지에 대한 정확한 추정치를 제공할 수 있습니다. 원활한 배송 경험을 보장하기 위해 함께 노력하는 동안 고객님의 양해에 진심으로 감사드립니다.
BLZ,내 소포가 얼마나 빨리 배송될 수 있는지 확인하려고 합니다.,배송,배송 기간 확인,저희는 고객님의 소포가 언제 도착할지 알고 싶어하는 고객님의 열망을 이해합니다. 정확한 견적을 제공하기 위해 [주문/송장번호] 또는 [주문/송장번호]를 제공해 주시겠습니까? 이 정보를 통해 당사는 고객님의 소포에 대한 예상 배송 시간을 확인하고 진행 상황에 대해 계속 업데이트할 수 있습니다. 원활하고 시기적절한 배송을 위해 노력하는 동안 고객님의 양해에 진심으로 감사드립니다.
BIL,내 제품이 언제 도착하는지 알 수 있나요?,배송,배송 기간 확인,저희는 고객님이 제품의 예상 도착 시간을 알고 싶어 한다는 점을 이해합니다. 가장 정확한 정보를 제공하기 위해 [주문/송장번호] 또는 [주문/송장번호]를 공유해 주시겠습니까? 해당 정보를 통해 예상 배송일에 대한 정확한 업데이트를 제공할 수 있습니다. 이 문제에 대한 고객님의 협조와 양해에 감사드립니다.
BLQZ,주문을 얼마나 빨리 받을 수 있는지 확인하는 데 도움이 필요합니다,배송,배송 기간 확인,저희는 고객님의 주문을 받고자 하는 고객님의 열의와 예상 도착 시간을 결정하기 위해 진행 상황을 추적하는 데 대한 고객님의 관심을 알고 있습니다. 정확한 정보를 제공하기 위해 [주문/송장번호] 또는 [주문/송장번호]를 제공해 주시겠습니까? 해당 정보를 통해 주문 상태와 예상 배송일에 대한 업데이트를 제공해 드릴 수 있습니다. 양해해 주셔서 감사드리며 앞으로도 더 많은 도움을 드리겠습니다.
BILZ,내 소포를 얼마나 빨리 받을 수 있나요?,배송,배송 기간 확인,저희는 고객님의 소포에 대한 예상 배송 시간을 알고 싶어하는 고객님의 열망을 이해합니다. 가장 정확한 정보를 제공하기 위해 [주문/송장번호] 또는 [주문/송장번호]를 제공해 주시겠습니까? 이러한 세부 정보를 통해 고객님의 소포가 도착할 것으로 예상되는 정확한 예상 시간을 알려드릴 수 있습니다. 이 문제에 대한 고객님의 인내와 협조에 감사드립니다.
BL,내 패키지가 도착하는 데 얼마나 걸리는지 보여 줘,배송,배송 기간 확인,저희는 패키지 도착 시간에 대한 고객님의 호기심과 그에 따른 계획을 세우려는 욕구를 이해합니다. 정확한 정보를 제공하기 위해 [주문/송장번호] 또는 [주문/송장번호]를 제공해 주시겠습니까? 이 정보를 통해 예상 배송일을 알려드릴 수 있습니다. 원활한 배송 과정을 보장하기 위해 함께 노력하는 동안 고객님의 양해에 진심으로 감사드립니다.
BILZ,주문을 얼마나 빨리 받을 수 있는지 어디서 확인할 수 있나요?,배송,배송 기간 확인,저희는 주문의 진행 상황과 예상 도착 시간을 추적하려는 고객님의 열망을 이해합니다. 정확한 업데이트를 제공하기 위해 [주문/송장번호] 또는 [주문/송장번호]를 공유해 주시겠습니까? 이를 통해 고객님이 필요한 정보를 찾는 데 도움을 드릴 수 있습니다. 원활한 배송 경험을 보장하기 위해 함께 노력하는 동안 고객님의 양해에 진심으로 감사드립니다.
BIL,기사가 얼마나 빨리 나올지 어떻게 확인할 수 있나요?,배송,배송 기간 확인,저희는 고객님의 기사가 언제 도착할지 알고 싶어하는 고객님의 열망을 이해합니다. 예상 배송 시간을 알려드리기 위해 [주문/송장번호] 또는 [주문/송장번호]를 제공해 주시겠습니까? 이 정보를 통해 고객님의 기사가 언제 배달될 것으로 예상되는지에 대한 보다 정확한 업데이트를 제공할 수 있습니다. 이 문제에 대해 고객님의 인내심과 협조에 감사드립니다.
BIL,배송물이 언제 도착할지 어떻게 확인하나요?,배송,배송 기간 확인,"저희는 고객님의 배송 도착을 추적하는 데 확실히 도움을 드릴 수 있습니다. 예상 배송 시간을 확인하려면 [주문/송장번호] 또는 [주문/송장번호]가 필요합니다. 해당 정보를 얻으면 당사 웹사이트를 방문하여 ""주문 추적"" 또는 ""주문 상태"" 페이지로 이동할 수 있습니다. 여기에서 추적 번호나 주문 번호를 입력하면 배송 상태 및 예상 배송 날짜에 대한 최신 업데이트가 제공됩니다. 문제가 있거나 추가 지원이 필요한 경우 주저하지 말고 알려주시기 바랍니다. 우리가 도와드리겠습니다!"
BL,내 소포가 언제 도착하는지 어떻게 알 수 있나요?,배송,배송 기간 확인,저희는 고객님이 소포 배송을 추적하는 방법에 대해 확신이 없다는 것을 알고 있습니다. 도착 시 최신 소식을 받아보실 수 있도록 절차를 안내해 드리겠습니다. 더 나은 지원을 위해 [주문/송장번호] 또는 [주문/송장번호]를 제공해 주시겠습니까? 이 정보를 통해 당사는 고객님의 소포가 도착할 것으로 예상되는 가장 정확한 예상 시간을 고객님께 제공할 수 있습니다. 고객 만족이 저희의 최우선 사항입니다. 이 문제를 해결하는 동안 양해해 주셔서 감사합니다.
BL,제품이 얼마나 빨리 도착할 수 있는지 어떻게 확인하는지 모르겠습니다.,배송,배송 기간 확인,"제품의 예상 배송 시간을 확인하는 방법에 대해 확신이 없으신 것으로 알고 있습니다. 걱정하지 마세요. 저희가 도와드리겠습니다. 배송 기간을 결정하려면 몇 가지 정보가 필요합니다. [주문/송장번호] 또는 [주문/송장번호]를 제공해 주시겠습니까? 이러한 세부 정보를 통해 당사는 고객님의 주문 상태를 신속하게 조회하고 고객님이 제품을 기대할 수 있는 정확한 시기에 대한 견적을 제공할 수 있습니다. 고객님의 양해에 진심으로 감사드리며, 신속하게 도움을 드릴 수 있도록 최선을 다하겠습니다."
BIL,구매한 제품이 언제 도착하는지 확인할 수 있나요?,배송,배송 기간 확인,저희는 고객님의 구매 도착을 추적하려는 고객님의 열망을 완전히 이해합니다! 가장 정확한 정보를 제공하기 위해 [주문/송장번호] 또는 [주문/송장번호]를 제공해 주시겠습니까? 이 정보를 통해 당사는 고객님이 구매한 제품의 예상 배송 시간을 확인하고 진행 상황을 지속적으로 업데이트할 수 있습니다. 원활한 배송 경험을 보장하기 위해 함께 노력하는 동안 고객님의 양해에 진심으로 감사드립니다.
BLZ,내 제품이 언제 도착하는지 확인해야 해요,배송,배송 기간 확인,저희는 고객님의 소포 배송 상태를 추적하고 언제 도착할지 알고 싶어하는 고객님의 열망을 이해합니다. 가장 정확한 정보를 제공하기 위해 [주문/송장번호] 또는 [주문/송장번호]를 제공해 주시겠습니까? 이 정보를 통해 당사는 고객님께 더 나은 지원을 제공하고 예상 배송 시간을 알려드릴 수 있습니다. 고객님의 양해와 협조에 감사드립니다.
BLQ,배송이 얼마나 빨리 올 수 있는지 알아봐야겠어요,배송,배송 기간 확인,배송과 관련하여 당사에 메시지를 보내주셔서 감사합니다. 저희는 고객님의 패키지를 받고자 하는 기대와 열망을 이해합니다. 더 나은 지원을 위해 [주문/송장번호] 또는 [주문/송장번호]를 제공해 주시겠습니까? 이 정보를 통해 배송 일정에 대한 정확한 견적을 제공할 수 있습니다. 고객님의 인내심과 협조에 감사드립니다!
BLQ,물건이 도착하는 데 얼마나 걸리는지 확인하려고 전화했어요,배송,배송 기간 확인,저희는 고객님의 품목에 대한 예상 배송 시간을 알고 싶어하는 고객님의 호기심과 긴급성을 이해합니다. 정확한 정보를 제공하기 위해 [주문/송장번호] 또는 [주문/송장번호]를 제공해 주시겠습니까? 이 정보를 통해 당사는 고객님의 상품이 언제 도착할 것으로 예상하는지에 대한 정확한 세부 정보를 고객님께 제공할 수 있습니다. 양해해 주셔서 감사드리며 앞으로도 더 많은 도움을 드리겠습니다!
BL,패키지를 얼마나 빨리 받을 수 있는지 확인하는 데 도움이 필요합니다.,배송,배송 기간 확인,저희는 고객님의 패키지를 받고자 하는 고객님의 열망과 그에 따른 흥분을 이해합니다. 배송 시간에 대한 정확한 추정을 제공하기 위해 패키지의 [주문/송장번호] 또는 [주문/송장번호]를 제공해 주시겠습니까? 이 정보를 통해 당사는 고객님의 배송을 추적하고 고객님이 언제 도착할 것으로 예상하는지 명확한 일정을 알려드릴 수 있습니다. 이 과정을 지원하는 동안 고객님의 협조와 인내심에 감사드립니다.
BLW,빌어먹을 주문을 얼마나 빨리 받을 수 있는지 확인하는 데 도움이 필요해요,배송,배송 기간 확인,"저희는 고객님이 주문한 상품이 언제 도착할지 알고 싶어하는 고객님의 불만과 열망을 이해합니다. 정확한 정보를 제공하기 위해 [주문/송장번호] 또는 [주문/송장번호]를 제공해 주시겠습니까? 이 정보를 통해 예상 배송일을 알려드릴 수 있습니다. 고객님의 인내심에 진심으로 감사드리며, 저희는 모든 단계에서 고객님을 도와드릴 것입니다."
BL,구매를 얼마나 빨리 예상할 수 있는지 확인하는 데 도움이 됩니다,배송,배송 기간 확인,저희는 고객님이 구매한 상품의 배송을 언제 받을 수 있는지 알고 싶어하는 고객님의 기대를 이해합니다. 정확한 견적을 제공하기 위해 구매와 관련된 [주문/송장번호] 또는 [주문/송장번호]를 제공해 주시겠습니까? 이 정보를 통해 예상 배송일에 대한 정확한 업데이트를 제공할 수 있습니다. 협조해 주셔서 감사합니다!
BL,주문한 상품이 도착하는 데 시간이 얼마나 걸리는지 도움을 받고 싶습니다.,배송,배송 기간 확인,고객님의 주문에 대한 예상 배송 시간에 대한 고객님의 호기심을 이해하는 것은 우리에게 매우 중요합니다. 가장 정확한 정보를 제공하기 위해 [주문/송장번호] 또는 [주문/송장번호]를 제공해 주시겠습니까? 해당 정보를 통해 당사는 고객님이 주문한 상품이 언제 도착할 것으로 예상되는지 정확한 견적을 제공할 수 있습니다. 고객님의 주문을 추적하는 데 도움을 드리는 동안 고객님의 인내심과 이해에 감사드립니다.
BELZ,상품이 언제 도착하는지 어떻게 확인하는지 모르겠어요,배송,배송 기간 확인,저희는 고객님의 제품 도착을 추적하는 것이 고객님께 필수적이라는 것을 알고 있습니다. 이 문제를 해결하기 위해 [주문/송장번호] 또는 [주문/송장번호]를 제공해 주시겠습니까? 이 정보를 통해 저희 팀은 고객님의 배송 상태를 확인하고 예상 배송 날짜를 알려드릴 수 있습니다. 양해해 주셔서 감사드리며 최선을 다해 도와드리겠습니다!
BIL,제품이 도착하는데 얼마나 걸리는지 어디서 확인하나요?,배송,배송 기간 확인,고객님 제품의 예상 배송 시간에 대해 궁금해하시는 점을 이해합니다. 예상 도착 날짜를 확인하려면 당사 웹사이트를 방문하여 '주문 추적' 또는 '패키지 추적' 섹션으로 이동하세요. 여기에서 [주문/송장번호] 또는 [주문/송장번호]를 입력하여 배송 상태에 대한 최신 업데이트를 검색해야 합니다. 추가 지원이 필요하거나 절차 중에 어려움이 발생할 경우 당사 고객 지원팀이 추적 절차를 안내해 드립니다.
BL,내 상품이 얼마나 빨리 도착할지 어떻게 알 수 있나요?,배송,배송 기간 확인,고객님이 상품의 예상 도착 시간을 추적하는 방법에 대해 확신이 없다는 점을 이해합니다. 걱정하지 마세요. 저희가 안내해 드리겠습니다! 정확한 정보를 제공하기 위해 [주문/송장번호] 또는 [주문/송장번호]를 제공해 주시겠습니까? 해당 정보를 통해 고객님이 상품을 얼마나 빨리 받을 수 있는지 알아내는 데 도움을 드릴 수 있습니다. 고객님의 인내와 협력에 감사드립니다!
BILQ,내 물건이 도착하는 데 얼마나 걸리는지 어떻게 확인하나요?,배송,배송 기간 확인,상품 배송 시간 추적에 관심을 가져주셔서 감사합니다. 정확한 정보를 제공하기 위해 고객님의 품목과 관련된 [주문/송장번호] 또는 [주문/송장번호]를 알려주시겠습니까? 이를 통해 고객님의 상품이 도착할 것으로 예상되는 정확한 예상 시간을 알려드릴 수 있습니다. 이 문제에 대해 고객님의 협조와 인내심에 감사드립니다.
BLW,내 기사가 언제 도착하는지 알려줘,배송,배송 기간 확인,"저희는 배송 진행 상황을 추적하려는 고객님의 불만과 열망을 이해합니다. 기사의 상태와 예상 도착 시간을 확인할 수 있도록 [주문/송장번호] 또는 [주문/송장번호]와 같은 필요한 세부 정보를 제공해 주시기 바랍니다. 불편을 끼쳐드려 죄송하며, 이 문제를 해결하기 위해 노력하는 동안 양해해 주셔서 감사합니다."
B,배송이 얼마나 빨리 예상되는지 확인하는 데 도움이 필요합니다.,배송,배송 기간 확인,저희는 고객님의 배송물을 받기 위한 고객님의 기대와 열의를 이해합니다. 정확한 예상 배송 시간을 제공하기 위해 [주문/송장번호] 또는 [주문/송장번호]를 당사와 공유해 주시기 바랍니다. 이 정보가 확보되면 추가 지원을 제공하고 패키지를 언제 받을 수 있는지에 대한 보다 구체적인 세부 정보를 제공할 수 있습니다. 원활한 배송 과정을 보장하기 위해 노력하는 동안 고객님의 협조와 인내심에 감사드립니다.
BLQZ,주문이 얼마나 빨리 올 수 있는지 어떻게 알 수 있나요?,배송,배송 기간 확인,주문에 대한 예상 배송 시간을 확인하는 방법을 잘 모르신다는 점을 이해합니다. 고객님을 위해 더 쉽게 만들어 봅시다! [주문/송장번호] 또는 [주문/송장번호]를 제공하시면 주문한 상품이 언제 도착할 것으로 예상하는지 정확한 견적을 드릴 수 있습니다. 고객님의 편의가 저희의 최우선 사항입니다. 추가로 어떻게 도움을 드릴 수 있나요?
BLZ,기사가 도착하는 데 시간이 얼마나 걸리는지 확인하기 위해 전화했습니다.,배송,배송 기간 확인,고객님이 기사의 예상 배송 시간에 대해 궁금해하는 것은 당연합니다. 정확한 정보를 제공하기 위해 패키지에 대한 [주문/송장번호] 또는 [주문/송장번호]를 알려주시겠습니까? 해당 정보를 바탕으로 예상 도착 시간을 알려드릴 수 있습니다. 고객님의 인내심과 이해에 감사드립니다.
BILZ,내 제품이 언제 도착할지 알려줄 수 있나요?,배송,배송 기간 확인,저희는 제품을 받고 그 진행 상황을 추적하고 싶어하는 고객님의 기대를 이해합니다. 예상 도착 시간에 대한 가장 정확한 정보를 제공하기 위해 [주문/송장번호] 또는 [주문/송장번호]를 제공해 주시겠습니까? 이 정보를 통해 더 나은 도움을 드릴 수 있습니다. 고객님의 협조에 감사드리며 절차를 안내해 드리겠습니다.
BCLQZ,주문을 얼마나 빨리 받을 수 있는지 확인하고 싶어요. 도움이 필요해요,배송,배송 기간 확인,저희는 고객님이 주문한 제품을 받고 싶어한다는 것을 이해하며 고객님을 돕기 위해 여기 있습니다. 정확한 배송 시간 추정을 제공하기 위해 [주문/송장번호] 또는 [주문/송장번호]를 제공해 주시겠습니까? 이 정보가 확보되면 고객님이 주문한 제품이 언제 도착할 것으로 예상되는지에 대한 최신 세부 정보를 제공할 수 있습니다. 이 문제에 대한 고객님의 인내와 협조에 감사드립니다.
BILQ,배송이 도착하는 데 얼마나 걸리는지 확인하는 방법,배송,배송 기간 확인,"배송 예상 도착 시간에 대해 궁금해하시는 점을 이해합니다. 배송 기간을 확인하는 데 도움을 받으려면 당사 웹사이트를 방문하여 계정에 로그인하세요. 로그인한 후 ""주문 내역"" 또는 ""패키지 추적"" 섹션으로 이동하세요. 여기에서 [주문/송장번호] 또는 [주문/송장번호]를 입력하여 패키지를 추적하는 옵션을 찾을 수 있습니다. 이를 통해 예상 배송 시간에 대한 최신 정보를 제공받을 수 있습니다. 추가 도움이 필요하시면 언제든지 문의해 주세요. 우리가 도와드리겠습니다!"
BLQ,배달이 도착하는 데 얼마나 걸리는지 확인해야 해요,배송,배송 기간 확인,저희는 배송물을 받고 싶어하는 고객님의 열망과 배송물 도착 시기를 아는 것의 중요성을 이해합니다. 정확한 견적을 제공하기 위해 [주문/송장번호] 또는 [주문/송장번호]를 제공해 주시겠습니까? 이 정보를 통해 배송 상태를 신속하게 확인하고 예상 도착 시간을 알려드릴 수 있습니다. 더 나은 지원을 제공할 수 있도록 협조해 주셔서 감사합니다.
BL,내 패키지가 언제 도착할지 어떻게 확인할 수 있나요?,배송,배송 기간 확인,저희는 고객님의 패키지를 추적하고 예상 도착 시간을 아는 것이 고객님께 필수적이라는 것을 알고 있습니다. 이 정보를 찾는 데 도움을 드릴 수 있습니다. 고객님의 패키지와 관련된 [주문/송장번호] 또는 [주문/송장번호]를 제공해 주시겠습니까? 이를 통해 배송 상태 및 예상 도착 시간에 대한 정확한 업데이트를 제공할 수 있습니다. 이 문제를 효율적으로 해결하기 위해 고객님의 인내심과 협조에 감사드립니다.
BLM,배송기간을 알고 싶습니다.,배송,배송 기간 확인,배송 기간에 대한 고객님의 궁금증을 이해합니다. 정확한 정보를 제공하기 위해 [주문/송장번호] 또는 [주문/송장번호]를 제공해 주시겠습니까? 이러한 세부정보를 통해 패키지 도착 시기를 추정할 수 있습니다. 배송 추적을 지원하는 동안 양해해 주셔서 감사합니다.
BILPWZ,빌어먹을 배송 기간에 대해 알려주실 수 있나요?,배송,배송 기간 확인,저희는 배송 기간에 대해 더 알고 싶어하는 고객님의 열망을 이해합니다. 저희 팀은 제품 배송 기간에 관한 정확한 최신 정보를 제공하기 위해 최선을 다하고 있습니다. 추가 지원을 위해 구매와 관련된 [주문/송장번호] 또는 [주문/송장번호]를 제공해 주시겠습니까? 이를 통해 예상 배송일에 대한 정확한 세부 정보를 제공할 수 있습니다. 이해와 협조에 감사드립니다.
BIL,내 제품이 언제 도착하는지 알 수 있게 도와주실 수 있나요?,배송,배송 기간 확인,제품 도착 추적에 관심을 가져주셔서 감사합니다. 정확한 견적을 제공하기 위해 [주문/송장번호] 또는 [주문/송장번호]를 제공해 주시겠습니까? 이 정보를 통해 예상 배송일을 결정하는 데 도움을 드릴 수 있습니다. 원활하고 시기적절한 배송을 보장하기 위해 함께 노력하는 동안 고객님의 양해에 진심으로 감사드립니다. 지금까지 우리 서비스에 대한 전반적인 경험은 어땠나요?
BEL,구매한 상품이 언제 도착하는지 어떻게 알 수 있나요?,배송,배송 기간 확인,구매한 상품의 예상 도착 시간을 확인하는 방법에 대해 확신이 없으실 수도 있다는 점을 이해합니다. 걱정하지 마세요. 저희가 도와드리겠습니다! 배송 상태에 대한 자세한 정보를 얻으려면 당사 웹사이트에서 [기타정보] 기능을 사용할 수 있습니다. [주문/송장번호] 또는 [주문/송장번호]를 입력하기만 하면 예상 배송일을 확인할 수 있습니다. 이 정보를 찾는 데 어려움이 있는 경우 알려주시면 절차를 단계별로 안내해 드리겠습니다. 고객 만족이 저희의 최우선 사항입니다!
BILW,빌어먹을 제품이 얼마나 빨리 나올 수 있는지 어떻게 알 수 있나요?,배송,배송 기간 확인,"고객님의 제품 도착에 대한 고객님의 불만과 조바심을 이해합니다. 예상 배송 시간을 확인하려면 당사 웹사이트를 방문하여 ""주문 상태"" 또는 ""내 주문 추적"" 섹션으로 이동하세요. 배송 상태 및 예상 도착 날짜에 대한 최신 정보를 얻으려면 여기에서 [주문/송장번호] 또는 [주문/송장번호]를 입력해야 합니다. 추가 지원이 필요한 경우 언제든지 [운영시간/기간]([고객센터전화번호]) 또는 당사 웹사이트([웹사이트/메뉴])의 라이브 채팅을 통해 고객 지원팀에 문의하세요. 고객 만족이 저희의 최우선 과제이며, 저희는 모든 단계에서 도움을 드릴 것입니다."
BIL,내 배달물이 도착하는 데 얼마나 걸리는지 보여줄 수 있나요?,배송,배송 기간 확인,저희는 고객님의 패키지에 대한 예상 배송 시간을 알고 싶어하는 고객님의 호기심과 열망을 이해합니다. 정확한 정보를 제공하기 위해 [주문/송장번호] 또는 [주문/송장번호]를 제공해 주시겠습니까? 이 정보가 확보되면 배송 예상 시기에 대한 정확한 견적을 제공할 수 있습니다. 고객님의 협조와 인내심에 감사드립니다.
BLQWZ,빌어먹을 주문이 얼마나 빨리 올 수 있는지 확인하려고 전화했어요,배송,배송 기간 확인,저희는 고객님의 주문을 받고자 하는 고객님의 좌절감과 열의를 느낄 수 있습니다. [주문/송장번호] 또는 [주문/송장번호]를 제공해 주시겠습니까? 해당 정보를 통해 고객님의 주문 상태를 확인하고 예상 배송일을 알려드릴 수 있습니다. 고객님의 양해에 진심으로 감사드립니다.
BILQ,배송은 얼마나 걸리나요,배송,배송 기간 확인,배송기간에 대해 궁금해하시는 점 이해합니다. 정확한 견적을 제공하기 위해 [주문/송장번호] 또는 [주문/송장번호]를 제공해 주시겠습니까? 해당 정보를 확보하게 되면 예상 배송 시간과 관련하여 보다 정확한 답변을 드릴 수 있을 것입니다.
BIL,내 제품이 언제 도착하는지 알려줄 수 있나요?,배송,배송 기간 확인,제품의 예상 도착 시간을 알고 싶은 고객님의 호기심을 이해합니다. 가장 정확한 정보를 제공하기 위해 [주문/송장번호] 또는 [주문/송장번호]를 제공해 주시겠습니까? 해당 정보를 통해 당사는 고객님의 패키지를 추적하고 배송 상태에 대한 업데이트를 제공할 수 있습니다. 이 문제에 대해 도움을 드리는 동안 고객님의 양해에 진심으로 감사드립니다.
BIL,패키지를 얼마나 빨리 받을 수 있는지 확인하도록 도와주실 수 있나요?,배송,배송 기간 확인,패키지의 진행 상황을 추적하고 패키지가 언제 도착할지 알고 싶어 하시는 점에 감사드립니다. 가장 정확한 정보를 제공하기 위해 [주문/송장번호] 또는 [주문/송장번호]를 제공해 주시겠습니까? 이를 통해 예상 배송일을 알려드릴 수 있습니다. 이 과정을 지원하는 동안 고객님의 양해에 진심으로 감사드립니다.
BLQZ,구매를 얼마나 빨리 예상할 수 있는지 확인하는 데 도움,배송,배송 기간 확인,저희는 고객님이 구매한 제품을 받고 싶어하는 마음을 이해하며 예상 도착 시간을 결정하는 데 기꺼이 도움을 드리겠습니다. 가장 정확한 정보를 제공하기 위해 [주문/송장번호] 또는 [주문/송장번호]를 제공해 주시겠습니까? 이를 통해 당사는 고객님의 구매를 추적하고 예상 배송일을 알려드릴 수 있습니다. 고객님의 협조에 감사드리며 고객님의 문의에 도움이 되기를 바랍니다.
BILQ,배송이 도착하는 데 얼마나 걸리는지 어디서 확인할 수 있나요?,배송,배송 기간 확인,패키지의 예상 배송 시간을 확인하려면 제공된 추적 정보를 참조하세요. 주문할 때 추적 번호나 주문 번호를 받았어야 합니다. 이 번호를 사용하여 당사 웹사이트나 택배사 웹사이트를 방문하여 지정된 추적 섹션에 추적 정보를 입력할 수 있습니다. 이를 통해 소포의 위치와 예상 배송 날짜에 대한 실시간 업데이트를 제공받을 수 있습니다. 추가 지원이 필요하거나 다른 질문이 있는 경우 언제든지 알려주시기 바랍니다.
BL,내 기사가 도착하는 데 시간이 얼마나 걸리는지 확인하려고 합니다.,배송,배송 기간 확인,고객님이 기사의 예상 도착 시간을 추적하고 싶어한다는 것을 알고 있습니다. 이 문제를 해결하기 위해 [주문/송장번호] 또는 [주문/송장번호]를 제공해 주시겠습니까? 해당 정보를 통해 당사는 고객님께 배송일에 대한 정확한 견적을 제공하고 고객님이 필요할 수 있는 추가 지원을 제공할 수 있습니다. 고객님의 양해에 진심으로 감사드립니다.
BL,제품을 얼마나 빨리 받을 수 있는지 확인하는 데 도움이 필요합니다.,배송,배송 기간 확인,고객님 제품의 예상 도착 시간을 확인하는 데 도움을 드리고자 합니다. 저희는 고객님의 제품이 언제 도착할지 아는 것이 고객님께 중요하다는 것을 알고 있습니다. 정확한 정보를 제공하기 위해 [주문/송장번호] 또는 [주문/송장번호]를 제공해 주시겠습니까? 해당 정보를 통해 배송일에 대한 정확한 견적을 드릴 수 있습니다. 고객님의 양해와 협조에 감사드립니다.
BCILQ,배송이 얼마나 빨리 올 수 있는지 알고 싶습니다. 어떻게 해야 하나요?,배송,배송 기간 확인,저희는 고객님이 배송을 언제 기대할 수 있는지 알고 싶어하는 고객님의 열망을 완전히 이해합니다. 가장 정확한 정보를 제공하기 위해 구매하신 제품의 [주문/송장번호] 또는 [주문/송장번호]를 제공해 주시기 바랍니다. 이 정보를 통해 당사는 고객님의 배송 상태를 확인하고 예상 도착 시간을 알려드릴 수 있습니다. 우리가 고객님을 돕기 위해 노력하는 동안 고객님의 양해에 진심으로 감사드립니다.
BILQW,내 빌어먹을 화물이 언제 도착하는지 확인할 수 있어?,배송,배송 기간 확인,저희는 배송물이 언제 도착할지 알고 싶어하는 고객님의 불만과 열의를 이해합니다. 정확한 정보를 제공하기 위해 [주문/송장번호] 또는 [주문/송장번호]를 사용해도 될까요? 정보가 확보되면 배송 상태를 확인하고 예상 배송 날짜를 알려드릴 수 있습니다. 배송 추적을 도와드리는 동안 양해해 주셔서 감사합니다.
BCILQZ,내 배송품이 언제 도착하는지 확인해야 하는데 도와줄 수 있나요?,배송,배송 기간 확인,저희는 고객님의 배송 진행 상황을 추적하고 배송 시기를 확인하려는 고객님의 열망을 이해합니다. 더 나은 지원을 위해 배송에 대해 [주문/송장번호] 또는 [주문/송장번호]를 제공해 주시겠습니까? 해당 정보를 통해 예상 배송일에 대한 정확한 업데이트를 제공할 수 있습니다. 최신 정보를 제공하기 위해 노력하는 동안 고객님의 양해에 진심으로 감사드립니다.
BLQZ,포장이 도착하는 데 얼마나 걸리는지 확인해야 해요,배송,배송 기간 확인,저희는 고객님의 패키지 예상 도착 시간을 알고 싶어하는 고객님의 열망을 이해합니다. 정확한 정보를 제공하기 위해 [주문/송장번호] 또는 [주문/송장번호]를 요청해도 될까요? 이 정보를 통해 당사는 고객님의 패키지에 대한 예상 배송 날짜를 즉시 결정할 수 있습니다. 문의사항에 대해 도움을 드리는 동안 양해해 주셔서 감사합니다.
BLQ,주문이 얼마나 빨리 올 수 있는지 확인해야 해요,배송,배송 기간 확인,저희는 고객님의 주문을 받고 싶어하는 열망과 예상 배송 시간을 알고 싶어하는 고객님의 욕구를 이해합니다. 정확한 정보를 제공하기 위해 [주문/송장번호] 또는 [주문/송장번호]를 제공해 주시겠습니까? 이 정보를 통해 당사는 고객님의 주문 상태를 확인하고 예상 배송일을 알려드릴 수 있습니다. 우리가 고객님을 돕기 위해 노력하는 동안 고객님의 양해에 진심으로 감사드립니다.
BILQ,내 배송품이 도착하는 데 얼마나 걸리는지 어떻게 알 수 있어?,배송,배송 기간 확인,"저희는 고객님의 패키지 예상 배송 시간을 추적하려는 고객님의 열망을 이해합니다. 가장 정확한 정보를 제공하기 위해 [주문/송장번호], [주문/송장번호] 또는 배송과 관련된 기타 식별 세부 정보를 제공해 주시겠습니까? 이를 통해 당사는 고객님의 패키지가 도착할 시기를 정확하게 예측할 수 있습니다. 협조해 주셔서 감사합니다!"
BIL,내 제품이 언제 도착하는지 어디서 확인할 수 있나요?,배송,배송 기간 확인,저희는 고객님의 제품 도착 추적에 대한 고객님의 호기심을 이해합니다. 예상 배송 시간을 확인하려면 당사 웹사이트에 로그인하여 '주문 상태' 또는 '내 주문' 섹션으로 이동하세요. 여기에서 예상 배송 날짜를 포함하여 주문 상태에 대한 자세한 정보를 확인할 수 있습니다. 당사에 계정을 만들지 않은 경우 주문 세부정보를 고객 지원팀에 문의하시면 필요한 정보를 제공하는 데 기꺼이 도움을 드릴 것입니다. 저희는 투명성을 보장하고 주문 진행 상황에 대한 최신 정보를 제공하기 위해 노력하고 있습니다.
BL,배송물이 도착하는 데 얼마나 걸리는지 확인하기 위해 전화했습니다.,배송,배송 기간 확인,배송 예상 배송 시간에 대한 업데이트를 위해 당사에 연락해 주셔서 감사합니다. 정확한 정보를 제공하기 위해 [주문/송장번호] 또는 [주문/송장번호]를 제공해 주시겠습니까? 이러한 세부 정보를 통해 예상 도착 날짜를 결정하는 데 즉시 도움을 드릴 수 있습니다. 고객님의 인내와 협조에 진심으로 감사드립니다.
BILQZ,제품을 어떻게 기대할 수 있는지 알려주세요,배송,배송 기간 확인,고객님이 제품의 예상 도착 날짜를 알고 싶어한다는 것을 이해합니다. 가장 정확한 정보를 제공하기 위해 [주문/송장번호] 또는 [주문/송장번호]를 제공해 주시겠습니까? 해당 정보를 통해 당사는 고객님의 제품이 언제 도착할지에 대한 정확한 견적을 제공할 수 있습니다. 양해해 주셔서 감사드리며 앞으로도 더 많은 도움을 드리겠습니다.
BL,주문한 상품이 언제 도착할지 확인하는 데 도움이 필요합니다.,배송,배송 기간 확인,저희는 주문의 진행 상황과 예상 도착 시간을 추적하려는 고객님의 열망을 이해합니다. 가장 정확한 정보를 제공하기 위해 [주문/송장번호] 또는 [주문/송장번호]를 제공해 주시겠습니까? 이를 통해 고객님의 주문에 대한 예상 배송 날짜를 결정할 수 있습니다. 이 문제에 대해 도움을 드리는 동안 고객님의 인내심에 진심으로 감사드립니다.
BL,배송이 도착하는 데 시간이 얼마나 걸리는지 확인하는 데 도움이 됩니다.,배송,배송 기간 확인,배송물이 도착하는 데 걸리는 예상 시간을 결정하는 데 도움이 필요하다는 점을 이해합니다. 정확한 정보를 제공하기 위해 배송용 [주문/송장번호] 또는 [주문/송장번호]를 제공해 주시겠습니까? 이 정보를 통해 당사는 고객님의 패키지를 추적하고 정확한 배송 견적을 제공할 수 있습니다. 고객님의 문의 사항을 해결하기 위해 노력하는 동안 고객님의 양해에 진심으로 감사드립니다.
BL,소포를 얼마나 빨리 받을 수 있는지 확인하는 데 도움을 주세요,배송,배송 기간 확인,저희는 고객님의 소포에 대한 예상 배송 시간을 추적하고 알고 싶어하는 고객님의 열망을 이해합니다. 가장 정확한 정보를 제공하기 위해 [주문/송장번호] 또는 [주문/송장번호]를 제공해 주시겠습니까? 이러한 세부 정보를 통해 고객님의 소포가 도착할 것으로 예상되는 정확한 예상 시간을 알려드릴 수 있습니다. 이 문제를 해결하는 동안 양해해 주셔서 감사합니다.
BCILQ,패키지를 얼마나 빨리 받을 수 있는지 알고 싶습니다. 방법은 무엇인가요?,배송,배송 기간 확인,패키지의 예상 도착 시간을 추적하기 위해 연락해 주셔서 감사합니다. 저희는 고객님의 기대와 적시에 정보를 얻는 것의 중요성을 완전히 이해합니다. 예상 배송일 확인을 위해 구매와 관련된 [주문/송장번호] 또는 [주문/송장번호]를 제공해 주시기 바랍니다. 해당 정보가 확보되면 예상 배송 기간에 대한 가장 정확한 세부 정보를 제공할 수 있습니다. 고객님의 문의에 도움을 드리는 동안 고객님의 양해에 진심으로 감사드립니다.
BL,주문한 상품이 도착하는 데 얼마나 걸리는지 확인하고 싶습니다.,배송,배송 기간 확인,고객님의 주문에 대한 예상 배송 시간을 추적하는 데 관심을 가져주셔서 감사합니다. 가장 정확한 정보를 제공하기 위해 [주문/송장번호] 또는 [주문/송장번호]를 제공해 주시겠습니까? 정보가 확보되면 주문한 상품이 언제 도착할 것으로 예상되는지에 대한 정확한 세부 정보를 알려드릴 수 있습니다. 고객님의 양해에 진심으로 감사드립니다.
BILQ,배송이 얼마나 빨리 되는지 알 수 있나요?,배송,배송 기간 확인,저희는 배송 진행 상황을 추적하고 배송이 도착할 것으로 예상하는 고객님의 열망을 이해합니다. 정확한 견적을 제공하기 위해 [주문/송장번호] 또는 [주문/송장번호]를 제공해 주시겠습니까? 이 정보를 통해 당사는 고객님의 배송에 대한 최신 정보를 제공할 수 있습니다. 고객님의 인내와 협력에 감사드립니다!
BLZ,기사가 얼마나 빨리 나올지 궁금합니다,배송,배송 기간 확인,고객님의 기사가 언제 배달될 수 있는지 알고 싶어하는 고객님의 기대를 이해합니다. 정확한 견적을 제공하기 위해 [주문/송장번호] 또는 [주문/송장번호]를 제공해 주시겠습니까? 해당 정보를 통해 예상 배송일에 대한 업데이트를 제공해 드릴 수 있습니다. 고객님의 인내와 협조에 감사드립니다.
BL,내 글이 언제 도착하는지 확인하려면 어떻게 해야 할지 모르겠습니다.,배송,배송 기간 확인,"기사 배송을 추적하는 방법에 대해 확신이 없으신 것으로 알고 있습니다. 걱정하지 마세요. 저희가 도와드리겠습니다! 예상 도착 시간을 확인하려면 당사 웹사이트를 방문하여 ""주문 추적"" 페이지로 이동하세요. 그런 다음 주문 확인 이메일에서 받은 [주문/송장번호] 또는 [주문/송장번호]를 입력해야 합니다. 이메일을 찾을 수 없거나 추가 지원이 필요한 경우 고객 지원팀 [운영시간/기간]에서 절차를 안내해 드립니다. 저희는 원활한 배송 경험을 보장하기 위해 필요한 모든 정보를 제공하기 위해 최선을 다하고 있습니다."
BL,구매를 얼마나 빨리 확인할 수 있는지 확인하는 데 도움이 됩니다.,배송,배송 기간 확인,구매한 상품이 언제 도착하는지 알고 싶어 하시는 것을 이해합니다. 정확한 견적을 제공하기 위해 [주문/송장번호] 또는 [주문/송장번호]를 제공해 주시겠습니까? 이 정보를 통해 당사는 예상 배송일을 결정하고 고객님께 지속적으로 정보를 제공할 수 있습니다. 이 문제에 대해 도움을 드리는 동안 고객님의 양해에 진심으로 감사드립니다.
BILQ,내 물건을 얼마나 빨리 받을 수 있는지 알려줄 수 있나요?,배송,배송 기간 확인,저희는 고객님이 상품을 받고 싶어하는 마음과 상품이 언제 도착할지 아는 것이 얼마나 중요한지 잘 알고 있습니다. [주문/송장번호] 또는 [주문/송장번호]를 제공해 주시겠습니까? 해당 정보를 통해 배송 기간에 대한 정확한 견적을 제공할 수 있습니다. 고객님을 지원하는 데 필요한 세부 정보를 수집하는 동안 고객님의 양해에 진심으로 감사드립니다.
BIL,내 기사가 얼마나 빨리 나올 수 있는지 어디서 확인할 수 있나요?,배송,배송 기간 확인,"기사의 진행 상황을 추적하고 예상 도착 시간을 확인하려는 고객님의 호기심을 이해합니다. 예상 배송일을 확인하려면 당사 웹사이트의 ""주문 상태"" 또는 ""주문 추적"" 섹션을 방문하세요. 또는 구매 시 전송된 확인 이메일이나 SMS를 참고하실 수도 있습니다. 이 메시지에는 고객님의 물품을 추적하고 정확한 배송 견적을 제공하는 데 필요한 정보가 포함되어 있습니다. 추가 지원이 필요한 경우 알려주시기 바랍니다."
BIL,상품이 도착하는 데 보통 얼마나 걸리는지 알 수 있나요?,배송,배송 기간 확인,고객님의 상품에 대한 일반적인 배송 기간에 대한 고객님의 궁금증을 이해합니다. 정확한 견적을 제공하기 위해 [주문/송장번호] 또는 [주문/송장번호]를 제공해 주시겠습니까? 이 정보를 통해 필요한 세부 정보를 검색하고 예상 도착 시간을 알려드릴 수 있습니다. 적시에 응답할 수 있도록 협조해 주셔서 감사합니다.
BQ,상품을 얼마나 빨리 받을 수 있는지 확인하는 데 도움이 필요합니다,배송,배송 기간 확인,저희는 고객님의 상품에 대한 예상 도착 시간을 알고 싶어하는 고객님의 욕구를 완전히 이해합니다. 가장 정확한 정보를 제공하기 위해 [주문/송장번호] 또는 [주문/송장번호]를 제공해 주시겠습니까? 이를 통해 당사는 고객님의 배송 진행 상황을 추적하고 고객님이 언제 도착할 것으로 예상하는지에 대한 정확한 견적을 제공할 수 있습니다. 원활한 배송 경험을 보장하기 위해 함께 노력하는 동안 고객님의 양해에 진심으로 감사드립니다.
BL,내 기사가 도착하는 데 얼마나 걸리는지 보여 줘,배송,배송 기간 확인,저희는 고객님의 기사를 받고 싶어하는 고객님의 열망과 예상 배송 시간에 대한 고객님의 호기심을 이해합니다. 가장 정확한 정보를 제공하기 위해 [주문/송장번호] 또는 [주문/송장번호]를 제공해 주시겠습니까? 이 정보를 통해 당사는 예상 도착 날짜를 결정하고 배송 진행 상황에 대한 최신 정보를 지속적으로 제공할 수 있습니다. 이 문제를 해결하는 동안 기다려 주셔서 감사합니다.
BL,배송이 언제 도착하는지 어떻게 확인할 수 있나요?,배송,배송 기간 확인,저희는 고객님의 패키지 배송을 추적하는 것이 고객님께 중요하다는 것을 알고 있습니다. 상태와 예상 도착 시간을 확인하려면 주문 확인 이메일에 제공된 추적 번호를 사용하세요. 추적 번호가 있으면 당사 웹사이트를 방문하거나 당사 모바일 앱을 사용하여 배송을 추적할 수 있습니다. 추적 번호를 찾을 수 없거나 어려움이 있는 경우 주저하지 말고 고객 지원팀에 문의하세요. [운영시간/기간]([고객센터전화번호]) 또는 당사 웹사이트([웹사이트/메뉴])의 라이브 채팅을 통해 이용 가능합니다. 그들은 고객님의 소포를 추적하고 예상 도착 시간을 제공하는 데 기꺼이 도움을 드릴 것입니다.
BL,주문을 얼마나 빨리 받을 수 있는지 확인하는 데 도움이 됩니다,배송,배송 기간 확인,주문한 제품의 예상 도착 시간에 대해 궁금해하시는 점을 이해합니다. 가장 정확한 정보를 제공하기 위해 [주문/송장번호] 또는 [주문/송장번호]를 제공해 주시겠습니까? 이러한 세부 정보를 통해 당사는 고객님의 주문을 추적하고 예상 배송 시간을 제공할 수 있습니다. 이 문제를 지원하는 동안 고객님의 협조와 인내심에 감사드립니다.
BCEILQZ,배송 기간을 찾고 있습니다. 찾는 데 도움이 될 수 있습니다.,배송,배송 기간 확인,고객님이 주문한 상품의 배송 기간을 알고 싶다는 점을 이해합니다. 정확한 정보를 제공하기 위해 [주문/송장번호] 또는 [주문/송장번호]를 제공해 주시겠습니까? 이 중요한 세부 정보를 통해 고객님의 주문에 대한 예상 배송 기간을 알려드릴 수 있습니다. 협조해 주셔서 감사합니다.
BILPQ,배송에 얼마나 걸리는지 알려줄래?,배송,배송 기간 확인,물론이죠! 고객님의 주문에 대한 예상 배송 시간을 알아보는 데 기꺼이 도움을 드리겠습니다. [주문/송장번호] 또는 [주문/송장번호]를 제공해 주시겠습니까? 해당 정보를 통해 가장 정확한 예상 배송일을 알려드릴 수 있습니다. 협조해 주셔서 감사합니다!
BLZ,대량 구매한 상품이 언제 도착하는지 알려주세요,배송,배송 기간 확인,구매 상품을 받고 예상 도착 시간을 알고 싶어하는 고객님의 기대를 이해합니다. 가장 정확한 정보를 제공하기 위해 [주문/송장번호] 또는 [주문/송장번호]를 제공해 주시겠습니까? 이러한 세부 정보를 통해 당사는 고객님의 구매를 추적하고 예상 배송 날짜에 대한 업데이트를 제공할 수 있습니다. 추가 지원을 위해 노력하는 동안 고객님의 양해에 진심으로 감사드립니다.
BL,내 기사가 언제 도착할지 확인하는 데 도움이 됩니다,배송,배송 기간 확인,저희는 고객님의 물품 도착을 추적하고 예상 배송 날짜를 결정하려는 고객님의 열망을 완전히 이해합니다. 추가 지원을 위해 [주문/송장번호] 또는 [주문/송장번호]를 요청해도 될까요? 이 정보를 통해 기사의 상태 및 예상 배송 기간에 관한 가장 정확한 업데이트를 제공할 수 있습니다. 원활하고 시기적절한 배송 경험을 보장하기 위해 함께 노력하는 동안 고객님의 인내심에 크게 감사드립니다.
BL,제품이 도착하는 데 걸리는 시간을 확인하는 데 도움이 됩니다.,배송,배송 기간 확인,고객님 제품의 예상 배송 시간에 대해 궁금해하시는 점을 이해합니다. 가장 정확한 정보를 제공하려면 몇 가지 세부정보가 필요합니다. [주문/송장번호] 또는 [주문/송장번호]를 제공해 주시겠습니까? 이 정보를 통해 업데이트된 예상 배송일을 알려드릴 수 있습니다. 이 문제에 협조해 주셔서 감사합니다.
BLQ,내 배송품이 언제 도착하는지 확인해야 해요,배송,배송 기간 확인,저희는 배송물을 추적하려는 고객님의 열망을 이해하고 배송 시간을 알고 있습니다. 정확한 정보를 제공하기 위해 [주문/송장번호] 또는 [주문/송장번호]를 제공해 주시겠습니까? 해당 정보를 통해 당사는 고객님의 배송일에 대한 정확한 견적을 제공할 수 있습니다. 양해해 주셔서 감사드리며 앞으로도 더 많은 도움을 드리겠습니다.
BL,내 소포를 얼마나 빨리 받을 수 있는지 확인하는 데 도움을 주세요,배송,배송 기간 확인,"저희는 고객님의 소포에 대한 예상 배송 시간을 추적하고 알고 싶어하는 고객님의 열망을 이해합니다. 정확한 정보를 제공하기 위해 [주문/송장번호] 또는 [주문/송장번호]를 제공해 주시겠습니까? 이 정보를 통해 배송일에 대한 정확한 견적을 드릴 수 있습니다. 고객 만족은 저희의 최우선 과제이며, 고객님을 지원하는 동안 양해해 주셔서 감사합니다."
BL,구매한 상품이 언제 도착할지 확인하는 데 도움이 됩니다.,배송,배송 기간 확인,저희는 고객님의 구매를 추적하고 언제 도착할지 알고 싶어하는 고객님의 열망을 이해합니다. 정확한 업데이트를 제공하기 위해 구매한 제품의 [주문/송장번호] 또는 [주문/송장번호]를 제공해 주시겠습니까? 해당 정보를 통해 당사는 고객님의 주문에 대한 물류 및 일정을 확인하여 고객님이 가능한 한 빨리 주문을 받을 수 있도록 보장합니다. 이 문제에 대해 도움을 드리는 동안 고객님의 양해에 진심으로 감사드립니다. 지금까지 우리와 함께한 전반적인 경험은 어땠나요?
BIL,내 패키지가 도착하는 데 얼마나 걸리는지 어떻게 확인하나요?,배송,배송 기간 확인,패키지의 진행 상황과 예상 도착 시간을 추적하려는 고객님의 바람을 이해합니다. 가장 정확한 정보를 제공하기 위해 패키지의 추적 상태를 확인하는 것이 좋습니다. 일반적으로 확인 이메일이나 주문 세부정보 페이지에서 추적 번호를 찾을 수 있습니다. 추적 번호가 있으면 당사 웹사이트를 방문하거나 모바일 앱을 사용하여 추적 번호를 입력하고 패키지 위치에 대한 실시간 업데이트를 확인할 수 있습니다. 추적 정보를 찾는 데 어려움이 있거나 추가 지원이 필요한 경우 당사 고객 지원팀이 도움을 드릴 수 있습니다. 당사 웹사이트의 라이브 채팅을 통해 또는 당사 전용 지원 핫라인에 전화하여 언제든지 문의해 주세요. 이것이 고객님의 패키지 배송 진행 상황에 대한 최신 정보를 얻는 데 도움이 되기를 바랍니다.
B,내 물건이 언제 도착하는지 확인하고 싶어요,배송,배송 기간 확인,저희는 고객님의 상품이 언제 도착할지 알고 싶어하는 고객님의 충동을 완전히 이해합니다. 정확한 견적을 제공하기 위해 [주문/송장번호] 또는 [주문/송장번호]를 제공해 주시겠습니까? 이 정보를 통해 당사는 고객님의 배송에 대한 최신 상태와 예상 배송 날짜를 알려드릴 수 있습니다. 고객 만족을 보장하기 위해 함께 노력하는 동안 고객님의 인내심에 감사드립니다.
BLQZ,내 소포가 도착하는 데 보통 얼마나 걸리는지 알고 싶어,배송,배송 기간 확인,저희는 고객님의 소포의 일반적인 배송 시간에 대한 고객님의 호기심을 이해합니다. 정확한 견적을 제공하기 위해 [주문/송장번호] 또는 [주문/송장번호]를 제공해 주시겠습니까? 해당 정보를 확보하시면 보다 정확한 답변을 드릴 수 있습니다. 협조해 주셔서 감사합니다.
BILP,내 제품을 얼마나 빨리 기대할 수 있는지 알려주실 수 있나요?,배송,배송 기간 확인,저희는 제품의 예상 도착 시간을 알고 싶어하는 고객님의 열망을 이해합니다. 정확한 정보를 제공하기 위해 [주문/송장번호] 또는 [주문/송장번호]를 제공해 주시겠습니까? 이 정보를 통해 당사는 고객님이 고객님의 제품을 언제 기대할 수 있는지에 대한 보다 정확한 견적을 제공할 수 있습니다. 이 문제에 대해 고객님의 인내심과 협조에 감사드립니다.
BI,상품을 얼마나 빨리 받을 수 있는지 어디서 확인할 수 있나요?,배송,배송 기간 확인,"저희는 고객님의 상품 진행 상황을 추적하고 예상 도착 시간을 확인하고 싶은 고객님의 바람을 이해합니다. 예상 배송일을 확인하시려면 상품 발송 시 전송된 확인 이메일이나 SMS를 참조하시기 바랍니다. 또는 당사 웹사이트에서 고객님의 계정에 로그인하여 ""주문 내역"" 또는 ""내 주문 추적"" 섹션으로 이동할 수 있습니다. 여기에서 예상 배송일을 포함하여 주문과 관련된 모든 정보를 확인할 수 있습니다. 이 정보를 찾는 데 어려움이 있는 경우 당사 고객 지원팀이 도움을 드릴 수 있습니다."
BI,상품을 얼마나 빨리 받을 수 있는지 어디서 확인하나요?,배송,배송 기간 확인,"고객님는 상품이 언제 도착하는지 알고 싶어 한다는 것을 깨달았습니다. 예상 배송 시간을 알아보려면 주문 확인 이메일이나 당사 웹사이트에 제공된 추적 정보를 확인하세요. 이를 통해 패키지 위치에 대한 실시간 업데이트를 제공하고 배송 예정 시간을 예측할 수 있습니다. 추적 정보를 찾는 데 어려움이 있는 경우, 주저하지 말고 당사 고객 지원팀에 문의해 주세요. 최선을 다해 도와드리겠습니다."
BIL,배송이 얼마나 걸리는지 어디서 확인하나요?,배송,배송 기간 확인,주문의 예상 배송 시간을 확인하려면 당사 웹사이트의 추적 페이지를 방문하세요. 그런 다음 [주문/송장번호] 또는 [주문/송장번호]를 입력하면 배송에 대한 최신 정보에 액세스할 수 있습니다. 어려움이 있거나 추가 지원이 필요한 경우 당사의 전담 고객 지원팀에 [운영시간/기간]([고객센터전화번호]) 또는 당사 웹사이트([웹사이트/메뉴])의 라이브 채팅을 통해 문의하실 수 있습니다.
BL,배송에 소요되는 시간을 확인하는 데 도움이 필요합니다.,배송,배송 기간 확인,물론이죠! 배송물 도착 예상 시간을 알고 싶어 하시는 점을 이해합니다. 정확한 정보를 제공하기 위해 배송과 관련된 [주문/송장번호] 또는 [주문/송장번호]를 제공해 주시겠습니까? 이를 통해 당사는 고객님께 정확한 견적을 제공하고 배송 일정에 대한 최신 정보를 지속적으로 제공할 수 있습니다. 더 나은 서비스를 제공할 수 있도록 협조해 주셔서 감사합니다.
BL,내 패키지가 얼마나 빨리 도착할 수 있는지 확인하기 위해 전화했습니다.,배송,배송 기간 확인,패키지의 예상 도착 시간에 대해 문의하기 위해 적극적으로 연락해 주셔서 감사합니다. 가장 정확한 정보를 제공하기 위해 배송과 관련된 [주문/송장번호] 또는 [주문/송장번호]를 문의해도 될까요? 이 귀중한 데이터를 통해 당사는 고객님의 패키지 도착 시기를 결정하는 데 신속하게 도움을 드릴 수 있습니다. 이 과정 전반에 걸쳐 고객님의 인내와 협조에 진심으로 감사드립니다. 제가 도와드릴 다른 것이 있나요?
BILQ,내 주문이 언제 도착하는지 확인하는 데 도움을 줄 수 있나요?,배송,배송 기간 확인,저희는 주문 배송 상태를 추적하려는 고객님의 열망을 완전히 이해합니다. 가장 정확한 정보를 제공하기 위해 [주문/송장번호] 또는 [주문/송장번호]를 제공해 주시겠습니까? 해당 정보를 통해 예상 도착일을 알려드릴 수 있습니다. 고객님의 인내와 협조에 감사드립니다.
BL,배송이 도착하는 데 얼마나 걸리는지 확인하려고 합니다.,배송,배송 기간 확인,물론이죠! 배송 예상 도착 시간에 대해 궁금해하시는 점 이해합니다. 가장 정확한 정보를 제공하기 위해 고객님의 소포에 대한 [주문/송장번호] 또는 [주문/송장번호]를 알려주시겠습니까? 해당 정보를 통해 배송 예정일을 대략적으로 알려드릴 수 있습니다. 원활한 배송 경험을 보장하기 위해 함께 노력하는 동안 고객님의 양해에 진심으로 감사드립니다.
BL,내 소포가 도착하는 데 얼마나 걸리는지 확인해야 해요,배송,배송 기간 확인,저희는 고객님의 소포에 대한 예상 배송 시간을 알고 싶어하는 고객님의 기대를 이해합니다. 가장 정확한 정보를 제공하기 위해 [주문/송장번호] 또는 [주문/송장번호]를 제공해 주시겠습니까? 이 정보를 통해 당사는 고객님의 소포를 추적하고 예상 도착 날짜를 제공할 수 있습니다. 추가 지원을 위해 노력하고 있으니 양해해 주셔서 감사합니다.
BCILQ,내 기사가 언제 도착하는지 확인하고 싶은데 어떻게 해야 하나요?,배송,배송 기간 확인,저희는 고객님의 기사에 대한 진행 상황과 예상 도착 시간을 추적하려는 고객님의 호기심과 열망을 이해합니다. 가장 정확한 정보를 제공하기 위해 [주문/송장번호] 또는 [주문/송장번호]를 제공해 주시겠습니까? 이러한 세부정보를 통해 예상 배송일을 결정하는 데 도움을 드릴 수 있습니다. 고객님의 문의사항을 해결하기 위해 협력하는 동안 고객님의 협조와 인내심에 감사드립니다.
BIWZ,빌어먹을 배송 기간에 대한 정보를 어떻게 얻을 수 있나요?,배송,배송 기간 확인,"배송 기간에 대한 정보를 얻고 싶어하는 고객님의 불만과 열망을 이해합니다. 도움을 받으려면 고객 지원팀에 문의하는 것이 좋습니다. 그들은 실시간 추적 정보에 접근할 수 있으며 배송과 관련하여 가장 정확한 업데이트를 제공할 수 있습니다. [기타정보]를 통해 연락하거나 당사 웹사이트의 지원 페이지를 방문하여 도움을 받을 수 있습니다. 불편을 끼쳐드려 죄송하며, 고객님의 우려 사항을 해결하기 위해 노력하는 동안 양해해 주셔서 감사합니다."
BL,내 제품을 얼마나 빨리 받을 수 있는지 확인하는 데 도움을 주세요,배송,배송 기간 확인,저희는 주문 진행 상황을 추적하고 예상 도착 시간을 알고 싶어하는 고객님의 열망을 이해합니다. 배송 상태 확인에 도움을 드릴 수 있도록 [주문/송장번호]를 제공해 주시겠습니까? 해당 정보를 통해 당사는 고객님의 제품이 언제 도착할 것으로 예상되는지에 대한 가장 정확한 업데이트를 제공할 수 있습니다. 원활한 배송 경험을 보장하기 위해 함께 노력하는 동안 고객님의 양해에 진심으로 감사드립니다.
BIL,배송기간은 어디서 확인하나요?,배송,배송 기간 확인,배송 기간 추적에 대한 고객님의 호기심을 이해합니다. 정확한 정보를 제공하기 위해 [주문/송장번호] 또는 [주문/송장번호]를 공유해 주시겠습니까? 이를 통해 고객님이 예상 배송 시간을 볼 수 있는 당사 웹사이트의 해당 페이지로 안내할 수 있습니다. 고객님의 협조에 감사드리며 앞으로도 더 많은 도움을 드리겠습니다.
BCEILMP,배송 기간을 찾고 있습니다. 도와주실 수 있나요?,배송,배송 기간 확인,저희는 고객님이 배송 기간을 알아야 한다는 것을 이해합니다. 배송 기간은 일반적으로 배송 방법과 목적지에 따라 다릅니다. 정확한 정보를 제공하기 위해 [주문/송장번호] 또는 [주문/송장번호]를 제공해 주시겠습니까? 해당 정보를 통해 배송 상태를 확인하고 예상 배송 시간을 알려드릴 수 있습니다. 안심해 주세요. 저희는 모든 단계에서 고객님을 도와드릴 것입니다.
BILQZ,배송이 도착하는 데 얼마나 걸리는지 확인할 수 있나요?,배송,배송 기간 확인,"과연! 고객님이 주문한 제품의 예상 배송 시간에 대해 궁금해하시는 것으로 알고 있습니다. 정확한 정보를 제공하기 위해 [주문/송장번호] 또는 [주문/송장번호]를 제공해 주시겠습니까? 이 정보를 통해 당사는 고객님의 배송 예상 시기에 대한 정확한 견적을 제공할 수 있습니다. 고객님의 양해에 진심으로 감사드리며, 이 과정 전반에 걸쳐 도움을 드리겠습니다."
BLQ,내 패키지가 도착하는 데 얼마나 걸리는지 확인하고 싶어,배송,배송 기간 확인,저희는 고객님의 패키지 예상 도착 시간에 대한 고객님의 호기심을 완전히 이해합니다. [주문/송장번호] 또는 [주문/송장번호]를 제공해 주시겠습니까? 해당 정보가 확보되면 패키지의 예상 배송 날짜에 대한 정확한 세부 정보를 제공할 수 있습니다. 고객님의 인내와 협조에 진심으로 감사드립니다.
BILQ,내 주문이 언제 도착하는지 확인하려면 어떻게 해야 하나요?,배송,배송 기간 확인,"주문한 상품의 배송 상태를 추적하고 언제 도착하는지 확인하려면 당사 웹사이트를 방문하여 계정에 로그인하세요. 로그인한 후 ""주문 내역"" 또는 ""내 주문 추적"" 섹션으로 이동하면 예상 배송 날짜에 대한 자세한 정보나 배송업체 웹사이트를 통해 소포를 추적하는 데 사용할 수 있는 추적 번호를 찾을 수 있습니다. 이 정보를 찾을 수 없거나 다른 질문이 있는 경우 당사 고객 지원팀에 문의하세요. 당사 웹사이트의 라이브 채팅을 통해 연락하시거나 고객 지원 핫라인으로 전화해 주세요. 그들은 고객님의 주문이 도착했다는 소식을 고객님께 계속 알리는 데 필요한 정보를 기꺼이 제공할 것입니다. 이 과정 전반에 걸쳐 고객님의 인내심과 이해에 감사드립니다."
BCILQ,내 소포가 언제 도착하는지 확인해야 하는데 도와주실 수 있나요?,배송,배송 기간 확인,"물론, 저희는 고객님의 소포 배송을 추적하는 데 도움을 드릴 수 있습니다! 정확한 정보를 제공하기 위해 [주문/송장번호] 또는 [주문/송장번호]를 제공해 주시겠습니까? 이 정보를 통해 당사는 고객님의 소포의 예상 도착 시간을 확인하고 고객님께 최신 정보를 제공할 수 있습니다. 고객님의 인내와 협조에 진심으로 감사드립니다!"
BILQZ,아들이 배송을 어떻게 받을 수 있는지 확인하는 데 도움을 주실 수 있나요?,배송,배송 기간 확인,저희는 배송 진행 상황을 추적하고 예상 배송 일정을 알고자 하는 고객님의 열망을 이해합니다. 정확한 업데이트를 제공하기 위해 [주문/송장번호] 또는 [주문/송장번호]를 제공해 주시겠습니까? 이 정보를 통해 예상 도착 날짜를 결정하고 고객님께 정보를 제공할 수 있습니다. 협조해 주셔서 감사합니다!
BILQWZ,내 배송이 얼마나 빨리 올 수 있는지 확인해볼까?,배송,배송 기간 확인,저는 고객님의 소포의 예상 배송 시간을 알고 싶어하는 고객님의 좌절감과 열의를 봅니다. 가장 정확한 정보를 제공하기 위해 배송 상태를 확인할 수 있도록 [주문/송장번호] 또는 [주문/송장번호]를 제공해 주시겠습니까? 이 정보를 확보하면 고객님의 소포가 언제 도착할 것으로 예상하는지에 대한 명확한 견적을 드릴 수 있습니다. 이해와 인내심에 감사드립니다.
BL,상품이 도착하는데 얼마나 걸리는지 알고 싶어요,배송,배송 기간 확인,"고객님의 제품 도착 시간에 대한 고객님의 궁금증을 이해합니다. 정확한 견적을 제공하기 위해 구매와 관련된 [주문/송장번호] 또는 [주문/송장번호]를 제공해 주시기 바랍니다. 이 정보를 통해 배송을 추적하고 업데이트된 배송 일정을 알려드릴 수 있습니다. 고객님의 양해에 감사드리며, 고객님을 도와드릴 수 있기를 기대합니다."
BEL,배송 기간을 찾고 있어요,배송,배송 기간 확인,배송기간에 대해 문의해주셔서 감사합니다. 저는 고객님의 패키지에 대한 예상 배송 시간을 아는 것이 중요하다는 것을 이해합니다. 정확한 정보를 제공하기 위해 [주문/송장번호] 또는 [주문/송장번호]를 제공해 주시겠습니까? 정보가 확보되면 고객님의 배송에 대한 특정 배송 기간에 대해 도움을 드릴 수 있습니다. 고객님의 양해에 진심으로 감사드립니다.
BLQZ,배송을 얼마나 빨리 받을 수 있는지 도움을 받고 싶습니다.,배송,배송 기간 확인,저희는 배송물의 예상 배송 시간을 추적하려는 고객님의 열망을 이해합니다. 가장 정확한 정보를 제공하기 위해 [주문/송장번호] 또는 [주문/송장번호]를 제공해 주시겠습니까? 이러한 세부 정보를 통해 당사는 고객님의 배송품이 언제 도착할 것으로 예상하는지에 대한 정확한 견적을 제공할 수 있습니다. 고객님의 인내와 협력에 감사드립니다!
BL,배송기간에 대해 자세히 알고 싶습니다.,배송,배송 기간 확인,"배송 기간에 대해 자세히 알아보는 데 관심을 가져주셔서 감사합니다. 시기적절한 배송이 저희의 최우선 과제이며, 배송 시간에 대한 정확한 정보를 갖는 것이 계획 수립에 필수적이라는 것을 이해합니다. 가장 정확한 세부 정보를 제공하기 위해 [주문/송장번호]를 제공해 주시겠습니까? 이 정보를 통해 배송물이 언제 도착할 것으로 예상되는지 추정할 수 있습니다. 추가 지원을 드리는 동안 양해해 주셔서 감사합니다."
BL,내 제품이 언제 도착하는지 확인하고 싶습니다.,배송,배송 기간 확인,저희는 고객님이 고객님의 제품이 언제 도착하는지 알고 싶어한다는 것을 이해합니다. 정확한 견적을 제공하기 위해 [주문/송장번호] 또는 [주문/송장번호]를 제공해 주시겠습니까? 이 정보를 통해 배송 상태를 확인하고 예상 배송일을 알려드릴 수 있습니다. 원활한 배송 경험을 보장하기 위해 함께 노력하는 동안 고객님의 양해에 진심으로 감사드립니다.
BCILQ,내 소포가 언제 도착하는지 확인하고 싶은데 도움을 요청할 수 있나요?,배송,배송 기간 확인,고객님의 소포 도착을 추적하려는 고객님의 열의에 감사드립니다. 정확한 견적을 제공하기 위해 [주문/송장번호] 또는 [주문/송장번호]를 제공해도 될까요? 해당 정보를 당사와 공유해 주시면 신속하게 배송 상태를 확인하고 예상 배송일에 대한 업데이트를 제공해 드릴 수 있습니다. 이 문제에 대해 도움을 드리는 동안 고객님의 양해에 진심으로 감사드립니다.
BELZ,구매를 얼마나 빨리 확인할 수 있는지 모르겠습니다.,배송,배송 기간 확인,구매하신 제품의 예상 배송 시간을 확인하는 방법과 관련하여 혼란이나 불확실성으로 인해 불편을 끼쳐드린 점 사과드립니다. 추가 지원을 위해 구매와 관련된 [주문/송장번호] 또는 [주문/송장번호]를 제공해 주시겠습니까? 이 정보를 통해 예상 배송일에 대한 정확한 세부 정보를 제공할 수 있습니다. 고객님의 인내와 협조에 감사드립니다.
BL,내 제품이 도착하는 데 보통 얼마나 걸리는지 보여줘,배송,배송 기간 확인,고객님의 제품에 대한 일반적인 배송 기간을 이해하는 데 관심을 가져주셔서 감사합니다. 가장 정확한 정보를 제공하기 위해 [주문/송장번호] 또는 [주문/송장번호]를 제공해 주시겠습니까? 이러한 세부정보를 통해 고객님의 상품이 언제 도착할 것으로 예상하는지 대략적으로 알려드릴 수 있습니다. 고객 만족을 보장하기 위해 함께 노력하는 동안 고객님의 인내심에 크게 감사드립니다.
BL,내 소포가 언제 도착하는지 확인해야 해요,배송,배송 기간 확인,저희는 고객님의 패키지 진행 상황을 추적하고 예상 배송 날짜를 받기를 원하는 고객님의 열망을 이해합니다. 추가 지원을 위해 [주문/송장번호] 또는 [주문/송장번호]를 제공해 주시겠습니까? 이 정보를 통해 당사는 신속하게 세부 정보를 조회하고 패키지 도착과 관련된 가장 정확한 업데이트를 제공할 수 있습니다. 고객 만족을 보장하기 위해 노력하는 동안 고객님의 인내심에 크게 감사드립니다.
BIL,내 제품이 얼마나 빨리 나올 수 있는지 확인하는 데 도움을 주실 수 있나요?,배송,배송 기간 확인,저희는 고객님의 제품을 받고 싶어하는 고객님의 열망을 이해하며 예상 배송 시간을 기꺼이 알려 드리겠습니다. 더 나은 지원을 위해 [주문/송장번호] 또는 [주문/송장번호]를 제공해 주시겠습니까? 해당 정보를 통해 당사는 고객님이 고객님의 제품을 언제 기대할 수 있는지에 대한 보다 정확한 업데이트를 제공할 수 있습니다. 이 문제에 협조해 주셔서 감사합니다.
BLWZ,배송이 얼마나 빨리 도착할 수 있는지 확인하는 데 도움을 주세요.,배송,배송 기간 확인,저희는 언제 배송을 받을 수 있는지 알고 싶어하는 고객님의 긴급함을 완전히 이해합니다. 정확한 견적을 제공하기 위해 [주문/송장번호] 또는 [주문/송장번호]를 제공해 주시겠습니까? 이 정보를 통해 당사는 고객님의 배송을 추적하고 예상 배송 날짜를 결정할 수 있습니다. 고객님의 양해에 진심으로 감사드립니다.
BLQ,내 주문이 언제 도착할지 확인하는 데 도움이 필요해요,배송,배송 기간 확인,주문한 상품이 언제 도착하는지에 대한 고객님의 궁금증을 이해합니다. 정확한 견적을 제공하기 위해 [주문/송장번호] 또는 [주문/송장번호]를 제공해 주시겠습니까? 이 정보를 통해 주문 상태를 확인하고 보다 확실한 답변을 드릴 수 있습니다. 더 나은 지원을 제공할 수 있도록 협조해 주셔서 감사합니다.
BLQ,구매한 제품이 도착하는 데 얼마나 걸리는지 알고 싶어요,배송,배송 기간 확인,저희는 고객님이 구매한 제품의 예상 도착 시간을 알고 싶어 한다는 점을 이해합니다. 가장 정확한 정보를 제공하기 위해 [주문/송장번호] 또는 [주문/송장번호]를 제공해 주시겠습니까? 해당 정보를 통해 당사는 고객님의 구매를 추적하고 예상 도착 시기를 알려드릴 수 있습니다. 이 문제에 대한 고객님의 인내와 협조에 감사드립니다.
BILP,내 상품을 얼마나 빨리 받을 수 있는지 알려 주시겠어요?,배송,배송 기간 확인,저희는 고객님의 상품 배송을 추적하고 예상 도착 시간을 확인하려는 고객님의 열망을 이해합니다. 가장 정확한 정보를 제공하기 위해 [주문/송장번호] 또는 [주문/송장번호]를 제공해 주시겠습니까? 해당 정보를 통해 배송 날짜에 대한 업데이트를 제공할 수 있습니다. 이 문제에 대한 고객님의 인내와 협조에 감사드립니다.
BIL,내 상품을 얼마나 빨리 받을 수 있는지 확인하는 방법은 무엇입니까?,배송,배송 기간 확인,고객님의 상품에 대한 예상 배송 시간 추적에 대한 고객님의 호기심을 이해합니다. 예상 도착일을 확인하려면 당사 웹사이트를 방문하여 계정에 로그인하세요. 로그인한 후 '주문 내역' 또는 '주문 추적' 섹션으로 이동하세요. 여기에서 예상 배송 날짜를 포함하여 구매에 대한 자세한 정보를 확인할 수 있습니다. 어려움이 있거나 추가 지원이 필요한 경우 당사의 친절한 고객 지원팀이 [운영시간/기간]를 도와드릴 것입니다. [고객센터전화번호]로 전화하시거나 당사 웹사이트 [웹사이트/메뉴]의 라이브 채팅을 통해 문의해 주세요. 저희는 고객님의 쇼핑 경험을 가능한 한 원활하게 만들기 위해 왔습니다.
BIL,배송이 얼마나 빨리 올 수 있는지 알려 주실 수 있나요?,배송,배송 기간 확인,배송품의 예상 도착 시간에 대해 궁금해하시는 점을 이해합니다. 정확한 정보를 제공하기 위해 [주문/송장번호] 또는 [주문/송장번호]를 제공해 주시겠습니까? 이 정보를 통해 당사는 신속하게 배송 상태를 확인하고 예상 배송일을 알려드릴 수 있습니다. 협조해 주셔서 감사합니다!
BIL,얼마나 빨리 소포를 받을 수 있는지 확인할 수 있나요?,배송,배송 기간 확인,저희는 고객님이 소포를 받고 싶어하는 마음을 이해하며 예상 도착 시간에 대해 도움을 드리고 있습니다. 가장 정확한 정보를 제공하기 위해 [주문/송장번호] 또는 [주문/송장번호]를 제공해 주시겠습니까? 해당 세부 정보가 확보되면 예상 배송 날짜를 신속하게 결정하고 고객님이 가질 수 있는 기타 질문에 답변할 수 있습니다. 이 문제를 해결하는 동안 양해해 주셔서 감사합니다.
BL,배송을 얼마나 빨리 받을 수 있는지 확인하는 데 도움이 필요합니다,배송,배송 기간 확인,"저는 고객님이 내려놓은 것, 배송을 받은 것에 대한 설렘, 예상 기간을 갖고 싶은 욕구를 집어들었습니다. 가장 정확한 정보를 제공하기 위해 배송과 관련된 [주문/송장번호] 또는 [주문/송장번호]를 문의해도 될까요? 해당 정보를 바탕으로 예상 배송일을 알려드릴 수 있습니다. 이 문제를 해결하는 동안 기다려 주셔서 감사합니다."
BILW,내 빌어먹을 소포가 언제 도착하는지 어디서 알 수 있어?,배송,배송 기간 확인,저는 고객님의 패키지 추적에 대한 고객님의 좌절감과 열의를 이해합니다. 배송에 대한 가장 정확한 정보를 제공하기 위해 [주문/송장번호] 또는 [주문/송장번호]를 제공해 주시겠습니까? 이렇게 하면 예상 도착 시간을 찾는 데 도움을 드릴 수 있습니다. 고객님의 인내심과 이해에 감사드립니다.
BCLQZ,내 패키지가 언제 도착하는지 확인하고 싶어 도움이 필요해,배송,배송 기간 확인,저희는 패키지의 진행 상황을 추적하고 예상 도착 시간을 확인하려는 고객님의 바람을 이해합니다. 도움을 드리기 위해 [주문/송장번호] 또는 [주문/송장번호]를 제공해 주시겠습니까? 이 정보를 통해 당사는 고객님의 패키지 배송 날짜에 대한 정확한 업데이트를 제공할 수 있습니다. 고객님의 양해와 협조에 감사드립니다.
BLQ,내 기사가 언제 도착하는지 확인해야 해요,배송,배송 기간 확인,"저희는 고객님의 기사의 예상 도착 시간을 알고 싶어하는 고객님의 열망을 이해합니다. 가장 정확한 정보를 제공하기 위해 [주문/송장번호] 또는 [주문/송장번호]를 제공해 주시겠습니까? 이 정보를 통해 당사는 고객님의 물품 배송 상태에 대한 정확한 세부 정보를 제공할 수 있습니다. 고객님의 인내심에 진심으로 감사드리며, 저희는 모든 단계에서 고객님을 도와드릴 것입니다!"
BIL,주문한 상품이 도착하는 데 얼마나 걸리는지 어디서 확인할 수 있나요?,배송,배송 기간 확인,저희는 주문의 예상 도착 시간을 추적하려는 고객님의 욕구를 진심으로 이해합니다. 가장 정확한 정보를 제공하기 위해 [주문/송장번호]를 제공해 주시겠습니까? 해당 정보를 통해 예상 배송일을 알려드릴 수 있습니다. 고객님의 인내와 협조에 진심으로 감사드립니다.
BLZ,소포가 도착하는 데 얼마나 걸리는지 확인하려고 전화했어요,배송,배송 기간 확인,저희는 고객님의 소포를 받고 싶어하는 고객님의 열망을 이해하며 배송 추적에 도움을 드리고 있습니다. [주문/송장번호] 또는 [주문/송장번호]를 제공해 주시겠습니까? 해당 정보를 통해 예상 도착 날짜를 알려드릴 수 있습니다. 가장 정확한 정보를 제공하기 위해 노력하는 동안 고객님의 양해에 진심으로 감사드립니다.
BL,언제쯤 구매가 가능한지 알아봐야겠네요,배송,배송 기간 확인,저희는 고객님의 구매에 대한 흥분과 기대를 이해합니다! 정확한 배송 시간 추정을 제공하기 위해 [주문/송장번호] 또는 [주문/송장번호]를 제공해 주시겠습니까? 이 정보를 통해 당사는 고객님이 언제 구매할 수 있는지 정확한 업데이트를 제공할 수 있습니다. 이 문제에 대해 도움을 드리는 동안 협조해 주시고 기다려 주셔서 감사합니다.
BILQZ,내 제품이 언제 도착하는지 알겠어,배송,배송 기간 확인,문의해 주셔서 감사합니다! 고객님의 제품에 대한 예상 배송 시간을 알고 싶어하시는 고객님의 열망을 이해합니다. 추가 지원을 위해 [주문/송장번호] 또는 [주문/송장번호]를 요청해도 될까요? 해당 정보를 확보하면 고객님의 제품이 언제 도착할 것으로 예상되는지에 대한 정확한 세부정보를 제공할 수 있습니다. 고객님의 양해에 진심으로 감사드립니다!
BIL,구매한 제품이 언제 도착하는지 확인하는 데 도움을 주실 수 있나요?,배송,배송 기간 확인,저희는 고객님의 구매 예상 도착 시간을 알고자 하는 고객님의 기대를 이해합니다. 가장 정확한 정보를 제공하기 위해 [주문/송장번호] 또는 [주문/송장번호]를 제공해 주시겠습니까? 이러한 세부 정보를 통해 당사는 고객님의 구매를 추적하고 예상 배송 날짜에 대한 업데이트를 제공할 수 있습니다. 고객님의 협조와 인내심에 감사드립니다.
BIQ,내 물건이 언제 도착하는지 확인할 수 있나요?,배송,배송 기간 확인,고객님이 상품의 예상 배송일을 알고 싶어 한다는 점을 이해합니다. 가장 정확한 정보를 제공하기 위해 [주문/송장번호] 또는 [주문/송장번호]를 제공해 주시겠습니까? 이 정보를 통해 당사는 고객님의 상품을 신속하게 추적하고 예상 도착 시간에 대한 업데이트를 제공할 수 있습니다. 고객님의 협조에 감사드리며 앞으로도 더 많은 도움을 드리겠습니다.
BLQ,배송물이 언제 도착할지 확인하는 데 도움이 필요합니다,배송,배송 기간 확인,저희는 배송물을 받고 기뻐하는 마음과 배송물 도착 시기를 아는 것이 얼마나 중요한지 잘 알고 있습니다. 정확한 업데이트를 제공하기 위해 [주문/송장번호] 또는 [주문/송장번호]를 제공해 주시겠습니까? 해당 정보가 확보되면 정확한 배송 날짜를 알려드릴 수 있습니다. 고객님의 인내심에 감사드립니다.
BIL,내 제품이 얼마나 빨리 나올 수 있는지 확인할 수 있나요?,배송,배송 기간 확인,고객님의 제품 예상 도착 시간에 대한 고객님의 궁금증을 이해합니다. 정확한 견적을 제공하기 위해 [주문/송장번호] 또는 [주문/송장번호]를 제공해 주시겠습니까? 이 정보를 통해 당사는 고객님의 배송을 추적하고 정확한 배송 날짜를 알려드릴 수 있습니다. 고객님의 패키지 추적을 지원하는 동안 양해해 주셔서 감사합니다.
BL,내 제품이 얼마나 빨리 나올 수 있는지 확인해야 합니다.,배송,배송 기간 확인,"저희는 고객님이 고객님의 제품을 언제 기대할 수 있는지 알고 싶어하는 고객님의 열망을 진심으로 이해합니다. 정확한 견적을 제공하기 위해 [주문/송장번호] 또는 [주문/송장번호]를 제공해 주시겠습니까? 이 정보를 통해 배송 일정에 대한 정확한 업데이트를 제공할 수 있습니다. 고객님의 인내심에 진심으로 감사드리며, 저희는 모든 단계에서 고객님을 도와드릴 것입니다."
BLZ,배송이 얼마나 빨리 되는지 알 수 있어요,배송,배송 기간 확인,저희는 배송물이 언제 도착할 것으로 예상하는지 알고 싶어하는 고객님의 열망을 완전히 이해합니다. 이 문제를 해결하기 위해 배송물의 [주문/송장번호] 또는 [주문/송장번호]를 제공해 주시겠습니까? 이를 통해 정확한 배송일 예측을 제공할 수 있습니다. 우리가 고객님을 위해 이 정보를 찾는 동안 고객님의 양해에 진심으로 감사드립니다.
BIL,내 기사가 도착하는 데 얼마나 걸리는지 어디서 확인할 수 있나요?,배송,배송 기간 확인,고객님의 기사 진행 상황을 추적하고 기사 도착 시간을 예측하려는 고객님의 열의에 감사드립니다. 배송 상태를 확인하고 배송 예정일에 대한 정보를 얻으려면 당사 웹사이트를 방문하여 계정에 로그인하세요. 로그인한 후 '주문' 또는 '추적' 섹션으로 이동하면 기사 위치에 대한 실시간 업데이트를 확인할 수 있습니다. 계정이 없는 경우 확인 이메일에 제공된 추적 번호를 사용하여 당사 웹사이트나 모바일 애플리케이션을 통해 고객님의 기사를 추적할 수도 있습니다. 안심해 주세요. 당사의 추적 시스템은 모든 단계에서 고객님께 정보를 제공하도록 설계되었습니다. 어려움이 있거나 추가 질문이 있는 경우 주저하지 말고 당사 고객 지원팀에 문의해 주세요. 최선을 다해 도와드리겠습니다. 고객 만족이 저희의 최우선 사항입니다!
BCLQ,배송이 얼마나 빨리 올 수 있는지 알고 싶어요 도와주세요,배송,배송 기간 확인,저희는 배송 진행 상황을 추적하고 예상 도착 시간을 확인하려는 고객님의 열망을 이해합니다. 이 문제를 해결하기 위해 [주문/송장번호] 또는 [주문/송장번호]를 제공해 주시겠습니까? 이 정보를 통해 당사는 고객님의 배송품이 언제 도착할 것으로 예상하는지에 대한 정확한 업데이트를 제공할 수 있습니다. 원활한 배송 경험을 보장하기 위해 함께 노력하는 동안 고객님의 양해에 진심으로 감사드립니다.
BLQZ,제품을 얼마나 빨리 받을 수 있는지 확인하는 데 도움이 필요합니다,배송,배송 기간 확인,제품의 예상 배송 시간을 결정하는 데 도움이 필요하다는 점을 이해합니다. 정확한 정보를 제공하기 위해 [주문/송장번호] 또는 [주문/송장번호]를 제공해 주시겠습니까? 이러한 세부 정보를 통해 당사는 고객님의 주문 상태를 확인하고 고객님의 제품이 언제 도착할 것으로 예상하는지에 대한 정확한 견적을 제공할 수 있습니다. 이 문제에 대한 고객님의 협조에 감사드립니다.
BL,배송이 얼마나 빨리 되는지 알려주세요,배송,배송 기간 확인,저희는 배송물에 대한 예상 배송 시간을 추적하고 알고 싶어하는 고객님의 열망을 이해합니다. 가장 정확한 정보를 제공하기 위해 [주문/송장번호] 또는 [주문/송장번호]를 제공해 주시겠습니까? 해당 정보를 통해 당사는 고객님의 배송 위치를 확인하고 예상 배송 날짜에 대한 업데이트를 제공할 수 있습니다. 고객님의 양해에 진심으로 감사드립니다!
BI,내 물건이 언제 도착하는지 어디서 확인하나요?,배송,배송 기간 확인,"저희는 고객님의 상품 배송을 추적하려는 고객님의 열망을 이해하고 예상 도착 시간을 알고 있습니다. 패키지 상태를 확인하려면 당사 웹사이트를 방문하여 ""주문 상태"" 또는 ""주문 추적"" 페이지로 이동하세요. 여기에서 상품의 위치 및 예상 배송 날짜에 대한 실시간 업데이트를 받으려면 [주문/송장번호] 또는 [주문/송장번호]를 입력하라는 메시지가 표시됩니다. 추가 지원이 필요한 경우 [고객센터전화번호]로 [운영시간/기간] 또는 당사 웹사이트 [웹사이트/메뉴]의 라이브 채팅을 통해 고객 지원팀에 문의하세요. 언제든지 저희에게 연락해 주세요."
BL,내 주문이 언제 도착할지 확인하는 데 도움이 됩니다,배송,배송 기간 확인,저희는 고객님이 주문한 상품의 예상 도착 시간에 대한 업데이트를 받고 싶어하는 고객님의 열망을 이해합니다. 가장 정확한 정보를 제공하기 위해 [주문/송장번호] 또는 [주문/송장번호]를 제공해 주시겠습니까? 해당 정보를 통해 당사는 고객님의 주문을 추적하고 언제 도착할지 정확한 추정치를 제공할 수 있습니다. 이 문제에 대한 고객님의 인내와 협조에 감사드립니다.
BELZ,내 패키지가 언제 도착하는지 어떻게 알 수 있나요?,배송,배송 기간 확인,패키지 진행 상황을 추적하고 예상 도착 시간을 확인하는 방법을 잘 모르신다는 점을 이해합니다. 걱정하지 마세요. 저희가 도와드리겠습니다. 시작하려면 패키지의 [주문/송장번호] 또는 [주문/송장번호]를 제공해 주시겠습니까? 해당 정보를 통해 배송 상태를 확인하고 가장 정확한 예상 배송일을 알려드릴 수 있습니다. 고객 만족이 저희의 최우선 사항입니다. 이 문제를 해결하기 위해 함께 노력하는 동안 양해해 주셔서 감사합니다.
BIL,상품이 도착하는 데 얼마나 걸리는지 어디서 확인할 수 있나요?,배송,배송 기간 확인,고객님의 상품에 대한 예상 배송 시간을 알아보는 데 관심을 가져주셔서 감사합니다. 정확한 정보를 제공하기 위해 [주문/송장번호] 또는 [주문/송장번호]를 제공해 주시겠습니까? 이 정보를 통해 당사는 고객님께 더 나은 지원을 제공하고 고객님의 상품 도착과 관련된 정확한 세부 정보를 제공할 수 있습니다. 고객님께 정보를 제공하기 위해 함께 노력하는 동안 고객님의 인내심에 진심으로 감사드립니다!
BL,내 기사가 언제 도착하는지 확인하는 데 도움을 주세요,배송,배송 기간 확인,저희는 기사의 진행 상황을 추적하고 기사가 언제 도착할지 알고 싶어하는 고객님의 열망을 이해합니다. 정확한 정보를 제공하기 위해 [주문/송장번호] 또는 [주문/송장번호]를 제공해 주시겠습니까? 해당 정보를 통해 예상 배송 시간을 알려드릴 수 있습니다. 이 문제를 해결하는 동안 기다려 주셔서 감사합니다.
BL,내 상품이 언제 도착하는지 확인하려면 어떻게 해야 할지 모르겠습니다.,배송,배송 기간 확인,"상품의 예상 도착 시간을 확인하는 방법에 대해 확신이 없으신 것으로 알고 있습니다. 걱정하지 마세요. 저희가 과정을 안내해 드리겠습니다. 상품이 언제 도착하는지 확인하려면 당사 웹사이트를 방문하여 계정에 로그인하세요. 로그인한 후 ""주문"" 섹션으로 이동하면 해당 품목의 예상 배송 날짜를 확인할 수 있습니다. 계정이 없거나 정보를 찾을 수 없는 경우, 주문 번호나 추적 번호를 알려주시면 상품이 언제 도착하는지 알아볼 수 있도록 기꺼이 도와드리겠습니다."
BL,내 기사가 얼마나 빨리 나올 수 있는지 확인하는 데 도움이 필요합니다.,배송,배송 기간 확인,"저희는 고객님의 기사를 받고 싶어하는 고객님의 열망과 예상 도착 시간을 알고 싶어하는 고객님의 희망을 이해합니다. 가장 정확한 정보를 제공하려면 구매와 관련된 추적 번호나 주문 번호와 같은 세부 정보가 필요합니다. 해당 정보가 확보되면 고객님의 물품이 언제 도착할 것으로 예상되는지에 대한 견적을 신속하게 제공할 수 있습니다. 고객 만족은 저희의 최우선 과제이며, 고객님을 지원하는 동안 양해해 주셔서 감사합니다. 지금까지 우리 서비스에 대한 경험은 어땠나요?"
B,배송이 언제 도착하는지 확인하고 싶어요,배송,배송 기간 확인,저희는 고객님의 패키지 배송을 추적하고 예상 도착 시간을 확인하려는 고객님의 열망을 충분히 이해합니다. 이 문제를 해결하기 위해 배송과 관련된 [주문/송장번호] 또는 [주문/송장번호]를 제공해 주시겠습니까? 이 정보를 통해 당사는 고객님의 패키지 상태를 확인하고 언제 도착할지에 대한 정확한 견적을 제공할 수 있습니다. 원활한 배송 경험을 보장하기 위해 함께 노력하는 동안 고객님의 양해에 진심으로 감사드립니다.
BILQ,내 제품을 얼마나 빨리 기대할 수 있는지 어디서 확인할 수 있나요?,배송,배송 기간 확인,"저희는 고객님이 고객님의 제품을 언제 기대할 수 있는지 알고 싶어한다는 것을 이해합니다. 이에 대한 도움을 받으려면 당사 웹사이트를 방문하여 ""주문 상태"" 페이지로 이동하세요. 여기에서 주문을 추적하고 예상 배송일을 확인할 수 있습니다. 추가 질문이 있거나 도움이 필요한 경우 당사 고객 지원팀에 문의하세요. 지금까지 우리와 함께한 경험은 어땠나요?"
BIL,얼마나 빨리 구매할 수 있는지 어떻게 확인할 수 있나요?,배송,배송 기간 확인,"저희는 고객님이 구매한 상품을 받고자 하는 고객님의 열망을 인식하고 예상 도착 시간을 결정합니다. 예상 배송일을 확인하려면 당사 웹사이트를 방문하여 계정에 로그인하세요. 로그인한 후 '내 주문' 또는 '주문 내역' 섹션으로 이동하면 예상 배송일을 포함한 구매 세부정보를 확인할 수 있습니다. 이 정보를 찾을 수 없거나 어려움이 있는 경우, 주저하지 마시고 당사 고객 지원팀에 연락해 주시면 최선을 다해 도와드리겠습니다. 추가로 어떻게 도와드릴까요?"
BILP,내 기사가 언제 도착하는지 확인하는 데 도움을 주실 수 있나요?,배송,배송 기간 확인,기사의 예상 도착 시간에 대해 궁금해하시는 것으로 알고 있습니다. 가장 정확한 정보를 제공하기 위해 [주문/송장번호] 또는 [주문/송장번호]를 제공해 주시겠습니까? 이를 통해 배송 진행 상황을 추적하고 예상 배송 날짜를 알려드릴 수 있습니다. 고객님의 인내심에 감사드립니다.
BILQ,기사가 얼마나 빨리 나올지 알려줄 수 있나요?,배송,배송 기간 확인,기사의 예상 도착 시간에 대한 업데이트를 받고 싶어하는 고객님의 열망을 이해합니다. 가장 정확한 정보를 제공하기 위해 [주문/송장번호] 또는 [주문/송장번호]를 공유해 주시겠습니까? 이 정보를 통해 당사는 고객님의 배송 상태를 확인하고 예상 배송일을 알려드릴 수 있습니다. 고객님의 협조에 감사드리며 앞으로도 더 많은 도움을 드리겠습니다.
BL,배송이 얼마나 빨리 예상되는지 확인해야 합니다.,배송,배송 기간 확인,저희는 고객님의 배송물을 받고 예상 도착 시간을 추적하려는 고객님의 기대와 열의를 이해합니다. 가장 정확한 정보를 제공하고 원활한 추적 경험을 보장하기 위해 [주문/송장번호] 또는 [주문/송장번호]를 제공해 주시겠습니까? 이 정보를 통해 당사는 고객님께 정확한 배송 날짜를 제공하고 변경 사항에 대한 최신 정보를 지속적으로 제공할 수 있습니다. 고객님의 협조와 인내심에 감사드립니다.
BLQ,내 기사가 얼마나 빨리 나올지 확인하려고 해,배송,배송 기간 확인,저희는 고객님의 기사를 받고 예상 도착 시간을 알고 싶어하는 고객님의 열망을 이해합니다. 더 나은 지원을 위해 [주문/송장번호] 또는 [주문/송장번호]를 제공해 주시겠습니까? 해당 정보를 통해 예상 배송일에 대한 정확한 견적을 드릴 수 있습니다. 고객님의 양해에 진심으로 감사드립니다.
BL,내 상품이 도착하는 데 얼마나 걸리는지 알고 싶습니다.,배송,배송 기간 확인,고객님의 상품 도착 예상 기간을 알고 싶은 고객님의 호기심을 인정합니다. 가장 정확한 정보를 제공하기 위해 [주문/송장번호] 또는 [주문/송장번호]를 제공해 주시겠습니까? 이 정보를 공유하시면 정확한 배송 시간을 알려드릴 수 있습니다. 고객님의 협조와 인내심에 감사드립니다!
BL,저는 내 제품이 얼마나 빨리 나올 수 있는지 확인하려고 노력합니다.,배송,배송 기간 확인,고객님의 제품을 받아보려는 고객님의 열정과 제품의 예상 도착 시간을 추적하려는 열의에 감사드립니다. 가장 정확한 정보를 제공하기 위해 구매한 [주문/송장번호] 또는 [주문/송장번호]를 공유해 주시겠습니까? 이러한 세부 정보를 통해 당사는 고객님이 제품을 언제 기대할 수 있는지에 대한 정확한 견적을 제공할 수 있습니다. 이 문제에 대해 고객님의 이해와 협조에 감사드립니다.
BMWZ,빌어먹을 배송 기간에 대한 정보를 원해요,배송,배송 기간 확인,저희는 고객님의 패키지 배송 기간을 알고 싶어하는 고객님의 불만과 열망을 이해합니다. 정확한 정보를 제공하기 위해 [주문/송장번호] 또는 [주문/송장번호]를 사용해도 될까요? 이 정보가 확보되면 예상 배송일을 알려드릴 수 있습니다. 고객님의 인내와 이해에 감사드립니다.
BL,배송을 얼마나 빨리 받을 수 있는지 확인하는 데 도움이 필요합니다.,배송,배송 기간 확인,저희는 배송을 받고 싶어하는 고객님의 열망을 이해하며 도와 드리겠습니다! 예상 배송 시간을 알려드리기 위해 [주문/송장번호] 또는 [주문/송장번호]를 제공해 주시겠습니까? 해당 정보를 통해 배송 예정 시기에 대한 정확한 업데이트를 제공할 수 있습니다. 고객님의 양해에 진심으로 감사드립니다!
BIL,내 패키지가 언제 도착할지 어디서 확인할 수 있나요?,배송,배송 기간 확인,저희는 고객님의 패키지 배송 상태를 추적하려는 고객님의 열망을 완전히 이해합니다. 예상 도착 시간을 확인하려면 당사 웹사이트를 방문하여 계정에 로그인하세요. 로그인한 후 '주문 내역' 또는 '주문 추적' 섹션으로 이동하면 패키지 상태 및 예상 배송 날짜에 대한 자세한 정보를 확인할 수 있습니다. 계정이 없더라도 걱정하지 마세요! 배송 확인 이메일에 제공된 추적 번호를 사용하여 패키지를 추적할 수도 있습니다. 저희 웹사이트의 추적 페이지를 방문하여 추적 번호를 입력하시면 고객님의 패키지 위치에 대한 실시간 업데이트를 받으실 수 있습니다. 저희는 고객님이 모든 단계에서 최신 정보를 얻을 수 있도록 돕기 위해 왔습니다!
BIL,내 상품이 언제 도착하는지 어디서 확인할 수 있나요?,배송,배송 기간 확인,"고객님이 상품 도착을 추적하고 싶어한다는 것을 알고 있습니다. 예상 배송일을 확인하려면 당사 웹사이트를 방문하여 ""주문 추적"" 또는 ""주문 추적"" 섹션으로 이동하십시오. 거기에서 상품의 상태 및 예상 배송 날짜에 대한 실시간 업데이트에 액세스하려면 [주문/송장번호] 또는 [주문/송장번호]를 입력해야 합니다. 어려움이 있거나 추가 질문이 있는 경우 당사 고객 지원팀에 문의하세요."
BCIL,배송 기간에 대한 정보를 알고 싶은데 어떻게 알 수 있나요?,배송,배송 기간 확인,"저희는 배송 기간에 대한 정보가 필요하다는 것을 이해합니다. 이 정보를 얻으려면 당사 웹사이트를 방문하여 ""배송"" 또는 ""배송"" 섹션으로 이동하십시오. 여기에서 당사의 배송 정책, 예상 배송 시간, 관련 배송 방법 및 옵션에 대한 자세한 정보를 확인할 수 있습니다. 특정 주문 또는 추적 번호가 있는 경우 라이브 채팅, 이메일 또는 전화를 통해 고객 지원팀에 문의할 수도 있습니다. 그들은 고객님의 발송물과 관련하여 가장 정확하고 최신 정보를 제공할 수 있습니다."
BLZ,배송이 도착하는 데 시간이 얼마나 걸리는지 알려주세요.,배송,배송 기간 확인,저희는 고객님의 배송 예상 도착 시간을 알고 싶어하는 고객님의 열망을 진심으로 이해합니다. 가장 정확한 정보를 제공하기 위해 [주문/송장번호] 또는 [주문/송장번호]를 제공해 주시겠습니까? 해당 정보를 통해 배송을 추적하고 예상 도착 시간에 대한 업데이트를 제공할 수 있습니다. 가능한 최선의 방법으로 고객님을 지원하기 위해 노력하고 있으므로 고객님의 인내심에 진심으로 감사드립니다.
BLW,내 주문을 얼마나 빨리 받을 수 있는지 확인하려면 도움이 필요해요,배송,배송 기간 확인,"저희는 고객님의 주문에 대한 예상 도착 시간을 알고 싶어하는 고객님의 긴급성을 이해합니다. 정확한 정보를 제공하기 위해 [주문/송장번호] 또는 [주문/송장번호]를 제공해 주시겠습니까? 이를 통해 당사는 고객님의 주문 진행 상황을 추적하고 최신 견적을 제공할 수 있습니다. 고객님의 인내심에 진심으로 감사드리며, 저희 팀이 모든 단계에서 고객님을 도와드릴 것입니다."
BIL,내 상품을 얼마나 빨리 받을 수 있는지 어디서 확인할 수 있나요?,배송,배송 기간 확인,저희는 고객님의 품목 진행 상황을 추적하고 예상 도착 시간을 알고자 하는 고객님의 호기심과 열망을 이해합니다. 정확한 정보를 제공하기 위해 [주문/송장번호] 또는 [주문/송장번호]를 제공해 주시겠습니까? 이러한 세부정보를 통해 고객님이 상품의 상태와 예상 배송일을 찾는 데 도움을 드릴 수 있습니다. 고객님의 인내와 협조에 진심으로 감사드립니다.
BIL,패키지가 도착하는 데 얼마나 걸리는지 어떻게 알 수 있나요?,배송,배송 기간 확인,저희는 고객님의 패키지 도착 예상 시간을 알고 싶어하는 고객님의 기대를 이해합니다. 가장 정확한 정보를 제공하기 위해 [주문/송장번호] 또는 [주문/송장번호]를 제공해 주시겠습니까? 이를 통해 당사는 고객님의 패키지를 추적하고 배송 날짜에 대한 정확한 견적을 제공할 수 있습니다. 고객님이 제 시간에 패키지를 받을 수 있도록 협력해 주셔서 감사합니다.
BLQ,내 주문이 언제 도착할지 어떻게 확인할 수 있는지 모르겠어요,배송,배송 기간 확인,"주문의 예상 도착 시간을 확인하는 방법에 대해 확신이 없으신 것으로 알고 있습니다. 고객님께 필요한 정보를 제공하는 과정을 안내해 드리겠습니다. 주문 상태를 확인하려면 당사 웹사이트에 로그인하여 ""주문 내역"" 또는 ""주문 추적"" 섹션으로 이동하십시오. 또는 주문 확인 이메일에 링크된 추적 페이지를 방문할 수도 있습니다. 이 정보를 찾을 수 없거나 추가 지원이 필요한 경우 당사 고객 지원팀에 문의하세요. 더 나은 지원을 위해 주문 번호나 추가 세부정보를 제공해 주세요."
BLQ,배송기간에 대해 더 알고 싶어요,배송,배송 기간 확인,"배송 기간에 대한 추가 정보를 원하신다는 점을 이해합니다. 배송 기간은 선택한 배송 방법, 목적지, 잠재적인 운송 지연 등 여러 요인에 따라 달라질 수 있습니다. 정확한 정보를 제공하기 위해 [주문/송장번호] 또는 [주문/송장번호]를 제공해 주시겠습니까? 해당 정보를 통해 예상 배송 날짜와 패키지 여행에 대한 추가 세부 정보를 제공할 수 있습니다. 양해해 주셔서 감사드리며 앞으로도 더 많은 도움을 드리겠습니다."
BLZ,배송을 얼마나 빨리 받을 수 있는지 확인하는 데 도움이 됩니다.,배송,배송 기간 확인,저희는 고객님의 배송 예상 도착 시간을 알고 싶어하는 고객님의 열망을 이해합니다. 가장 정확한 정보를 제공하기 위해 [주문/송장번호] 또는 [주문/송장번호]를 제공해 주시겠습니까? 이러한 세부정보를 통해 예상 배송일에 대한 정확한 견적을 제공할 수 있습니다. 이 문제에 대한 고객님의 인내와 협조에 감사드립니다.
BLQZ,내 제품을 얼마나 빨리 기대할 수 있는지 확인하고 싶습니다.,배송,배송 기간 확인,저희는 제품을 받고자 하는 고객님의 열망을 이해하고 예상 도착 시간을 추적합니다. 가장 정확한 정보를 제공하기 위해 [주문/송장번호] 또는 [주문/송장번호]를 제공해 주시겠습니까? 이 정보를 통해 당사는 고객님의 배송 상태를 확인하고 예상 배송일을 알려드릴 수 있습니다. 고객님의 인내심에 감사드립니다!
BLQ,내 소포를 얼마나 빨리 받을 수 있는지 확인하는 데 도움이 필요합니다,배송,배송 기간 확인,"저희는 고객님의 소포 배송 상태를 추적하려는 고객님의 열망을 이해하고 고객님이 소포 도착을 얼마나 빨리 예상할 수 있는지 알고 있습니다. 가장 정확한 정보를 제공하기 위해 고객님의 소포와 관련된 [주문/송장번호] 또는 [주문/송장번호]를 공유해 주시기 바랍니다. 이 정보를 통해 당사는 고객님께 예상 배송 날짜를 제공하고 그 과정에서 업데이트에 대한 정보를 지속적으로 제공할 수 있습니다. 고객 만족이 저희의 최우선 과제이며, 저희는 여행의 모든 ​​단계에서 고객님을 지원하기 위해 여기 있습니다. 추가로 어떻게 도와드릴까요?"
BLZ,내 패키지가 언제 도착할지 확인하는 방법을 모르겠습니다.,배송,배송 기간 확인,저희는 고객님의 패키지 배송 상태 추적에 대한 고객님의 우려를 완전히 이해합니다. 이 문제를 해결하기 위해 [주문/송장번호] 또는 [주문/송장번호]를 제공해 주시겠습니까? 이 정보를 통해 당사는 고객님의 패키지 예상 도착 시간에 대한 정확한 업데이트를 제공할 수 있습니다. 이 문제에 대해 고객님의 협조와 인내심에 감사드립니다.
BIL,배송이 얼마나 빨리 올 수 있는지 알려 주시겠어요?,배송,배송 기간 확인,내가 해낼게! 저희는 고객님의 배송물을 받고 싶어하는 고객님의 열망을 이해합니다. 정확한 견적을 제공하기 위해 [주문/송장번호] 또는 [주문/송장번호]를 제공해 주시겠습니까? 해당 정보를 통해 배송 상태를 확인하고 예상 도착일을 알려드릴 수 있습니다. 이 문제에 대해 도움을 드리는 동안 고객님의 양해에 진심으로 감사드립니다.
BEL,구매한 상품이 언제 도착하는지 확인하려면 어떻게 해야 할지 모르겠습니다.,배송,배송 기간 확인,구매한 제품의 도착을 추적하는 방법에 대해 확신이 없으신 것으로 알고 있습니다. 예상 배송 시간을 확인하려면 당사 웹사이트를 방문하여 '주문 추적' 또는 '주문 추적' 섹션으로 이동하세요. 여기에서 [주문/송장번호] 또는 [주문/송장번호]를 입력하라는 메시지가 표시됩니다. 이 정보를 제공하면 구매 상태 및 예상 배송 날짜에 대한 자세한 업데이트를 받게 됩니다. 당사 웹사이트에서 추적 섹션을 찾을 수 없거나 다른 질문이 있는 경우 당사 고객 지원팀에 문의하세요. 당사 웹사이트에 제공된 연락처를 통해 언제든지 문의해 주세요. 저희는 고객님께 원활하고 정보에 입각한 쇼핑 경험을 보장하기 위해 왔습니다. 추가로 도움이 필요하시면 알려주세요.
BLQ,내 기사가 얼마나 빨리 나올 수 있는지 알려주세요,배송,배송 기간 확인,기사의 예상 도착 시간을 추적해야 한다는 점을 이해합니다. 가장 정확한 정보를 제공하기 위해 [주문/송장번호] 또는 [주문/송장번호]를 제공해 주시겠습니까? 해당 정보를 통해 고객님의 기사가 언제 도착할 것으로 예상되는지에 대한 업데이트를 제공할 수 있습니다. 필요한 세부정보를 제공하는 데 협조해 주셔서 감사합니다.
BL,구매한 제품이 도착하는 데 얼마나 걸리는지 확인하기 위해 전화했습니다.,배송,배송 기간 확인,구매하신 제품의 배송 시간에 대해 궁금해하시는 점을 이해합니다. 정확한 견적을 제공하기 위해 [주문/송장번호] 또는 [주문/송장번호]를 제공해 주시겠습니까? 이 정보를 통해 당사는 고객님의 구매를 추적하고 예상 배송일을 알려드릴 수 있습니다.
BL,택배가 언제 도착할지 어떻게 확인하는지 모르겠어요,배송,배송 기간 확인,저희는 고객님의 소포 도착을 추적하는 것이 고객님께 중요하다는 것을 알고 있습니다. 걱정하지 마세요. 저희가 도와드리겠습니다! 소포의 배송 상태를 확인하려면 확인 이메일이나 주문 세부 정보 페이지에 제공된 추적 번호를 사용하세요. 당사 웹사이트의 추적 페이지로 이동하거나 추적 도구에 추적 번호를 입력하면 예상 배송 날짜와 소포 여행의 실시간 업데이트를 확인할 수 있습니다. 추가 도움이 필요하시면 언제든지 문의해 주세요. 저희는 배송 과정 전반에 걸쳐 항상 도움의 손길을 빌려드립니다.
BL,배송이 얼마나 걸리는지 알아보려고 전화했어요,배송,배송 기간 확인,전화해 주셔서 감사드리며 주문 배송 기간에 대해 궁금해하시는 점을 이해합니다. 정확한 견적을 제공하기 위해 [주문/송장번호] 또는 [주문/송장번호]를 제공해 주시겠습니까? 이 정보를 통해 당사는 예상 배송 기간을 결정할 수 있습니다. 이 과정에서 고객님의 인내심과 협조에 진심으로 감사드립니다. 추가로 어떻게 도와드릴까요?
BLQ,구매한 상품이 도착하는 데 얼마나 걸리는지 알아보려고 해요,배송,배송 기간 확인,저희는 고객님이 구매한 상품의 배송 일정을 알고 싶은 고객님의 호기심을 이해합니다. 정확한 견적을 제공하기 위해 [주문/송장번호] 또는 [주문/송장번호]를 제공해 주시겠습니까? 이 정보를 통해 배송 세부정보를 확인하고 예상 배송일을 알려드릴 수 있습니다. 고객님의 협조에 감사드리며 고객님의 구매를 추적하는 데 도움이 되기를 바랍니다.
BILP,상품을 얼마나 빨리 받을 수 있는지 알려 주시겠어요?,배송,배송 기간 확인,고객님의 상품을 받아보고자 하는 고객님의 열망에 감사드리며 예상 도착 시간을 결정하는 데 기꺼이 도움을 드리겠습니다. 정확한 견적을 제공하기 위해 [주문/송장번호] 또는 [주문/송장번호]를 제공해 주시겠습니까? 이 정보를 통해 당사는 고객님의 상품 진행 상황을 추적하고 보다 정확한 배송 기간을 제공할 수 있습니다. 원활한 배송 과정을 보장하기 위해 함께 노력하는 동안 고객님의 협조와 인내심에 감사드립니다.
BCL,내 택배가 언제 도착하는지 확인해야 하는데 도와주세요,배송,배송 기간 확인,저희는 고객님의 패키지가 언제 도착하는지 아는 것이 얼마나 중요한지 잘 알고 있습니다. 정확한 정보를 제공하기 위해 고객님의 패키지와 관련된 [주문/송장번호] 또는 [주문/송장번호]를 제공해 주시기 바랍니다. 이 정보를 통해 예상 배송일을 알려드릴 수 있습니다. 고객님의 문의에 도움을 드리는 동안 고객님의 협조와 인내심에 감사드립니다.
BILQ,내 소포를 얼마나 빨리 받을 수 있는지 알려줄 수 있나요?,배송,배송 기간 확인,저희는 고객님의 소포가 언제 도착할 것으로 예상되는지 알고 싶어하는 고객님의 열망을 이해합니다. 정확한 견적을 제공하기 위해 [주문/송장번호] 또는 [주문/송장번호]를 제공해 주시겠습니까? 이 정보를 통해 당사는 고객님의 소포 상태를 확인하고 예상 배송일을 알려드릴 수 있습니다. 고객님의 양해에 진심으로 감사드립니다!
BL,배송이 도착하는 데 얼마나 걸리는지 확인하는 방법 좀 알려주세요,배송,배송 기간 확인,저희는 고객님이 패키지의 예상 배송 시간에 대한 정보를 얻고자 하는 것을 이해합니다. 정확한 정보를 제공하기 위해 [주문/송장번호] 또는 [주문/송장번호]를 제공해 주시기 바랍니다. 이를 통해 당사는 당사 시스템에서 관련 세부 정보를 검색하고 업데이트된 배송 견적을 제공할 수 있습니다. 더 나은 지원을 제공하는 데 협조해 주셔서 감사합니다.
BIL,상품이 도착하는데 보통 얼마나 걸리나요?,배송,배송 기간 확인,"당사 제품의 일반적인 배송 시간에 대한 고객님의 궁금증을 이해합니다. 배송 기간은 배송 방법, 목적지, 현재 작업량 등 여러 요인에 따라 달라질 수 있습니다. 일반적으로 예상 배송 시간은 [기타정보]에서 [기타정보]까지입니다. 그러나 이는 대략적인 추정치이므로 예상하지 못한 지연이 발생할 수 있다는 점을 유념하시기 바랍니다. [주문/송장번호] 또는 [주문/송장번호]를 제공하시면 특정 배송에 대한 보다 정확한 견적을 제공할 수 있습니다. 저희는 서비스에 대한 고객님의 관심을 소중히 여기며 고객 만족이 최우선입니다. 추가로 어떻게 도움을 드릴 수 있나요?"
BLQ,내 제품이 언제 도착하는지 알 수 있게 도와주세요,배송,배송 기간 확인,저희는 고객님의 제품을 추적하고 언제 도착할지 알고 싶어하는 고객님의 열망을 이해합니다. 가장 정확한 정보를 제공하기 위해 [주문/송장번호] 또는 [주문/송장번호]를 제공해 주시겠습니까? 해당 정보를 통해 배송 세부정보에 빠르게 액세스하고 예상 도착일을 알려드릴 수 있습니다. 이 문제에 대한 고객님의 인내와 협조에 감사드립니다.
BLQZ,얼마나 빨리 구매가 가능한지 확인하는 데 도움이 필요합니다,배송,배송 기간 확인,문의해 주셔서 감사합니다! 구매한 제품이 언제 도착할지 알고 싶은 마음을 이해합니다. 정확한 지원을 위해 [주문/송장번호] 또는 [주문/송장번호]를 제공해 주시겠습니까? 이를 통해 예상 배송 시간에 대한 최신 정보를 제공할 수 있습니다. 고객 만족을 보장하기 위해 함께 노력하는 동안 고객님의 인내심에 크게 감사드립니다.
BLQZ,"확인하는 데 도움이 필요해요 아, 곧 소포를 받을 수 있을까요?",배송,배송 기간 확인,저희는 고객님의 소포의 예상 도착 시간을 알고 싶어하는 고객님의 열망을 이해합니다. 정확한 정보를 제공하기 위해 [주문/송장번호] 또는 [주문/송장번호]를 제공해 주시겠습니까? 해당 정보를 통해 예상 배송일에 대한 정확한 업데이트를 제공해 드릴 수 있습니다. 고객님의 문의 사항을 해결하는 동안 기다려 주셔서 감사합니다.
BL,내 배달물이 도착하는 데 얼마나 걸리는지 알려주세요,배송,배송 기간 확인,저희는 배송에 대한 고객님의 기대와 배송 시기를 알고 싶어하는 마음을 이해합니다. 정확한 정보를 제공하기 위해 [주문/송장번호] 또는 [주문/송장번호]를 제공해 주시겠습니까? 이 정보를 통해 예상 배송 시간을 확인할 수 있습니다. 배송 업데이트를 지원하는 동안 양해해 주셔서 감사합니다.
BELZ,상품이 언제 도착하는지 어떻게 확인해야 할지 모르겠습니다.,배송,배송 기간 확인,"고객님이 제품 배송을 추적하는 절차에 대해 확신이 없는 것으로 알고 있습니다. 괜찮아요; 우리가 도와드리겠습니다! 제품의 예상 도착 시간을 확인하려면 주문 확인 이메일을 참조하거나 당사 웹사이트에서 고객님의 계정에 로그인하십시오. 로그인한 후 ""주문 내역"" 또는 ""주문 추적"" 섹션으로 이동하면 배송과 관련된 업데이트된 정보를 확인할 수 있습니다. 필요한 세부 정보를 찾을 수 없거나 문제가 발생한 경우 언제든지 고객 지원팀에 문의하세요. 그들은 고객님의 제품을 추적하는 데 기꺼이 도움을 드리고 정확한 예상 도착 시간을 알려드릴 것입니다."
BLQZ,내 패키지를 얼마나 빨리 확인할 수 있는지 확인해야 해,배송,배송 기간 확인,"저희는 고객님의 패키지가 언제 도착할지 알고 싶어하는 고객님의 호기심과 열망을 완전히 이해합니다. 정확한 견적을 제공하기 위해 [주문/송장번호] 또는 [주문/송장번호]를 제공해 주시겠습니까? 해당 정보를 통해 당사는 고객님의 패키지 상태를 확인하고 정확한 배송 날짜를 알려드릴 수 있습니다. 고객님의 양해에 진심으로 감사드리며, 절차 전반에 걸쳐 고객님을 도와드리겠습니다."
BIL,얼마나 빨리 주문을 받을 수 있는지 확인하는 방법은 무엇입니까?,배송,배송 기간 확인,저희는 주문을 추적하고 예상 배송 시간을 확인하려는 고객님의 열망을 이해합니다. 주문 상태를 확인하고 언제 도착할지 알아보려면 당사 웹사이트를 방문하여 계정에 로그인하세요. 로그인한 후 '주문' 섹션으로 이동하면 예상 배송 날짜를 포함한 주문 세부정보를 확인할 수 있습니다. 이 정보를 찾을 수 없거나 추가 질문이 있는 경우 당사 고객 지원팀이 기꺼이 도움을 드릴 것입니다. 주저하지 말고 저희에게 연락해 주세요.
BLQ,패키지를 얼마나 빨리 받을 수 있는지 도움을 받고 싶습니다.,배송,배송 기간 확인,패키지 수령에 대한 고객님의 조바심을 이해하고 예상 배송 시간을 결정하는 데 도움을 드리고자 합니다. 패키지를 언제 받을 수 있을지 정확한 추정치를 제공할 수 있도록 [주문/송장번호] 또는 [주문/송장번호]를 제공해 주시겠습니까? 이 문제에 대한 고객님의 협조에 감사드립니다.
BIQ,배송 기간에 대해 더 자세히 알려줄 수 있나요?,배송,배송 기간 확인,"배송 기간에 대해 더 알고 싶다는 점을 잘 알고 있습니다. 배송 기간은 패키지가 당사 창고에서 발송된 후 목적지에 도착하는 데 걸리는 시간을 의미합니다. 구체적인 배송 기간은 선택한 배송 방법, 목적지 위치, 운송 지연 가능성 등 다양한 요인에 따라 달라질 수 있습니다. 저희는 결제 과정이나 추적 정보를 통해 정확한 예상 배송 날짜를 제공하기 위해 노력하고 있습니다. 특정 주문 번호나 추적 번호가 있는 경우 예상 배송 기간을 확인할 수 있습니다. 우리가 지원하고 싶은 특정 주문이나 패키지가 있습니까?"
BCL,주문을 얼마나 빨리 받을 수 있는지 알고 싶습니다. 도와주세요.,배송,배송 기간 확인,저희는 주문을 받기를 원하는 고객님의 열망을 완전히 이해하며 진행 상황을 추적하는 데 도움을 드리고 싶습니다. 더 나은 지원을 위해 [주문/송장번호] 또는 [주문/송장번호]를 제공해 주시겠습니까? 이 정보를 통해 고객님이 주문한 상품이 도착할 것으로 예상되는 정확한 예상 시간을 알려드릴 수 있습니다. 고객님의 인내와 협력에 감사드립니다!
BILQZ,내 물건이 언제 도착하는지 알려줄 수 있어?,배송,배송 기간 확인,저희는 고객님의 상품 배송 상태를 추적하고 예상 도착 시간을 확인하려는 고객님의 열망을 이해합니다. 가장 정확한 정보를 제공하기 위해 [주문/송장번호] 또는 [주문/송장번호]를 제공해 주시겠습니까? 이 정보를 통해 당사는 고객님의 상품의 진행 상황을 신속하게 확인하고 예상 배송일을 알려드릴 수 있습니다. 이 과정 전반에 걸쳐 고객님의 협조와 인내심에 감사드립니다.
BILZ,소포를 어떻게 받을 수 있는지 확인하는 데 도움을 주실 수 있나요?,배송,배송 기간 확인,소포의 예상 도착 시간을 추적하는 데 도움을 받기 위해 저희에게 연락해주셔서 다행입니다. 저희는 배송 상태에 대한 최신 정보를 얻는 것이 중요하다는 것을 알고 있습니다. 더 나은 지원을 위해 고객님의 소포와 관련된 [주문/송장번호] 또는 [주문/송장번호]를 제공해 주시겠습니까? 이 정보가 확보되면 보다 정확한 견적을 제공할 수 있습니다. 원활한 배송 경험을 보장하기 위해 함께 노력하는 동안 고객님의 양해에 진심으로 감사드립니다.
BL,배송이 도착하는 데 얼마나 걸리는지 알고 싶습니다.,배송,배송 기간 확인,저희는 배송물을 추적하고 배송이 언제 도착할지 알고 싶어하는 고객님의 욕구를 완전히 이해합니다. 정확한 정보를 제공하기 위해 [주문/송장번호] 또는 [주문/송장번호]를 제공해 주시겠습니까? 이 정보를 통해 당사는 고객님께 예상 배송일을 제공하고 진행 상황에 대한 최신 정보를 지속적으로 제공할 수 있습니다. 협조해 주셔서 감사합니다!
BLZ,구매한 상품이 언제 도착할지 도움을 받고 싶습니다.,배송,배송 기간 확인,구매하신 상품의 예상 도착 시간에 대해 알려주셔서 감사합니다. 저희는 배송 상태를 추적하고 알고 싶어하는 고객님의 열망을 완전히 이해합니다. [주문/송장번호] 또는 [주문/송장번호]를 제공해 주시겠습니까? 이 정보를 통해 예상 배송일에 대한 정확한 업데이트를 제공할 수 있습니다. 이 문제에 대해 도움을 드리는 동안 고객님의 양해에 진심으로 감사드립니다.
BILQ,내 기사가 얼마나 빨리 나올지 확인할 수 있나요?,배송,배송 기간 확인,저희는 고객님의 기사의 예상 도착 시간을 알고 싶어하는 고객님의 열망을 완전히 이해합니다. 가장 정확한 정보를 제공하기 위해 [주문/송장번호] 또는 [주문/송장번호]를 제공해 주시겠습니까? 이 정보를 통해 당사는 배송 기간에 대한 정확한 견적을 제공할 수 있습니다. 가능한 최고의 지원을 제공하기 위해 노력하는 동안 고객님의 양해에 진심으로 감사드립니다.
B,배송이 언제 도착하는지 확인하는 데 도움이 필요합니다.,배송,배송 기간 확인,바로 처리하겠습니다! 배송물의 예상 도착 시간을 알고 싶어하시는 고객님의 열망을 이해합니다. 추가 지원을 위해 고객님의 패키지에 대한 [주문/송장번호] 또는 [주문/송장번호]를 제공해 주시겠습니까? 이 정보를 통해 고객님의 배송 상태를 확인하고 예상 도착 시간에 대한 정확한 견적을 제공할 수 있습니다. 고객님의 협조와 인내심에 감사드립니다!
BL,내 패키지가 얼마나 빨리 도착할지 확인해야 해요,배송,배송 기간 확인,저희는 고객님의 패키지 수령에 대한 고객님의 기대와 예상 도착 시간을 결정하기 위해 진행 상황을 추적하려는 고객님의 열망을 이해합니다. 정확한 정보를 제공하기 위해 패키지와 관련된 [주문/송장번호] 또는 [주문/송장번호]를 공유해 주세요. 이렇게 하면 예상 배송일에 대한 정확한 업데이트를 제공할 수 있습니다. 고객님의 협조와 인내심에 감사드립니다!
BILQ,구매한 제품이 도착하는 데 얼마나 걸리는지 어떻게 알 수 있어?,배송,배송 기간 확인,"구매하신 제품의 예상 배송 시간에 대해 궁금해하시는 점을 이해합니다. 정확한 견적을 제공하려면 몇 가지 추가 정보가 필요합니다. [주문/송장번호]를 제공해 주시겠습니까? 정보가 확보되면 주문 상태를 확인하고 예상 도착 시간을 결정할 수 있습니다. 고객 만족이 저희의 최우선 사항이며, 고객님을 위해 작업하는 동안 기다려 주셔서 감사합니다."
BLQ,내 소포가 도착하는 데 시간이 얼마나 걸리는지 확인하는 데 도움이 필요합니다,배송,배송 기간 확인,저희는 고객님의 소포의 예상 도착 시간을 확인하고 싶어하는 고객님의 기대를 이해합니다. 정확한 정보를 제공하기 위해 [주문/송장번호] 또는 [주문/송장번호]를 제공해 주시겠습니까? 이러한 세부 정보가 확보되면 소포의 진행 상황과 예상 배송 날짜를 추적하는 데 즉시 도움을 드릴 수 있습니다. 고객님의 양해에 진심으로 감사드립니다!
BILQ,패키지를 얼마나 빨리 받을 수 있는지 어디서 확인할 수 있나요?,배송,배송 기간 확인,"저희는 고객님의 패키지 배송을 추적하려는 고객님의 열망을 완전히 이해합니다. 예상 도착 시간에 대한 업데이트를 신속하게 확인하려면 당사 웹사이트를 방문하여 계정에 로그인하는 것이 좋습니다. 로그인한 후 ""주문 내역"" 또는 ""내 주문 추적"" 섹션으로 이동하세요. 여기에서 패키지의 상태 및 예상 배송 날짜에 대한 최신 정보를 확인할 수 있습니다. 이 정보를 찾을 수 없거나 추가 지원이 필요한 경우 주저하지 말고 고객 지원팀에 문의하세요. [운영시간/기간]([고객센터전화번호]) 또는 당사 웹사이트([웹사이트/메뉴])의 라이브 채팅을 통해 이용 가능합니다. 이 과정에서 고객 만족을 보장하고 정확한 정보를 제공하는 것이 저희의 최우선 과제입니다."
BILP,내 배송품이 언제 도착하는지 어디서 확인할 수 있나요?,배송,배송 기간 확인,배송 진행 상황을 추적하고 예상 도착 날짜를 확인하려는 고객님의 열망을 이해합니다. 이 정보를 제공하려면 배송과 관련된 [주문/송장번호] 또는 [주문/송장번호]를 제공해 주시기 바랍니다. 해당 세부 정보가 확보되면 패키지 도착 예정일에 대한 가장 정확한 업데이트를 제공할 수 있습니다. 이 문제에 대해 고객님의 이해와 협조에 감사드립니다.
BIL,배송물이 도착하는 데 얼마나 걸리는지 어디서 확인할 수 있나요?,배송,배송 기간 확인,고객님께서 배송물 도착 예상 시간을 알고 싶어 하신다는 점을 잘 알고 있습니다. 이 정보를 제공하기 위해 배송과 관련된 [주문/송장번호] 또는 [주문/송장번호]를 요청해 주시기 바랍니다. 이러한 세부 정보가 확보되면 예상 배송 시간을 정확하게 결정할 수 있습니다. 고객님의 인내와 협조에 감사드립니다.
BLQ,내 상품이 도착하는 데 시간이 얼마나 걸리는지 확인하는 데 도움이 필요해요,배송,배송 기간 확인,저희는 고객님의 상품 배송을 추적하고 예상 도착 시간을 알고 싶어하는 고객님의 열망을 완전히 이해합니다. 특정 정보를 제공하려면 [주문/송장번호] 또는 [주문/송장번호]를 제공해 주시겠습니까? 이 정보를 얻으면 예상 도착 날짜를 결정하는 데 도움을 드릴 수 있습니다. 고객 만족을 보장하기 위해 함께 노력하는 동안 고객님의 인내심과 지원에 크게 감사드립니다.
BCL,기사가 얼마나 빨리 나올지 확인해야 합니다. 도와주세요.,배송,배송 기간 확인,고객님이 고객님의 기사가 언제 도착할지 알고 싶어 한다는 점을 이해합니다. 정확한 견적을 제공하기 위해 [주문/송장번호] 또는 [주문/송장번호]를 제공해 주시겠습니까? 이 정보를 통해 정확한 배송일을 알려드릴 수 있습니다. 우리가 고객님을 돕기 위해 노력하는 동안 고객님의 양해에 진심으로 감사드립니다.
BILQZ,기사를 얼마나 빨리 받을 수 있는지 알려줄 수 있나요?,배송,배송 기간 확인,저희는 고객님의 기사를 받고 싶어하는 고객님의 열망을 이해하며 예상 배송 일정을 기꺼이 알려 드리겠습니다. 더 나은 지원을 위해 구매와 관련된 [주문/송장번호] 또는 [주문/송장번호]를 제공해 주시겠습니까? 이를 통해 당사는 고객님의 물품 예상 도착일에 관해 가장 정확한 업데이트를 제공하기 위해 관련 정보에 접근할 수 있습니다. 고객님의 협조에 감사드리며 배송 추적에 도움이 되기를 바랍니다.
BILQ,내 제품이 언제 도착하는지 알 수 있게 도와줄 수 있나요?,배송,배송 기간 확인,저희는 고객님의 제품을 추적하고 예상 도착 시간을 알고 싶어하는 고객님의 기대를 이해합니다. 더 나은 지원을 위해 [주문/송장번호] 또는 [주문/송장번호]를 제공해 주시겠습니까? 해당 정보를 통해 배송과 관련된 정확한 업데이트를 제공할 수 있습니다. 원활하고 만족스러운 경험을 보장하기 위해 함께 노력하는 동안 고객님의 양해에 진심으로 감사드립니다.
BILQ,배송이 얼마나 걸리는지 알 수 있나요?,배송,배송 기간 확인,물론입니다! 저희는 배송이 도착하는 데 시간이 얼마나 걸리는지 알고 싶어하는 고객님의 욕구를 완전히 이해합니다. 정확한 견적을 제공하기 위해 [주문/송장번호] 또는 [주문/송장번호]를 제공해 주시겠습니까? 이 정보를 통해 당사는 고객님의 배송 상태를 신속하게 확인하고 예상 배송일을 알려드릴 수 있습니다. 고객님께 필요한 정보를 제공하기 위해 노력하는 동안 고객님의 인내심에 진심으로 감사드립니다.
BIL,배송이 얼마나 빨리 예상되는지 확인하는 방법은 무엇입니까?,배송,배송 기간 확인,고객님이 배송 진행 상황을 추적하고 예상 도착 시간을 확인하고 싶어한다는 점을 이해합니다. 이 문제를 해결하려면 배송과 관련된 [주문/송장번호] 또는 [주문/송장번호]를 제공해 주시기 바랍니다. 이 정보를 통해 예상 배송일과 관련하여 가장 정확한 세부 정보를 제공할 수 있습니다. 고객님께 최상의 서비스를 제공할 수 있도록 협력해 주셔서 감사합니다. 지금까지 저희 회사에서의 경험은 어땠나요?
BLQZ,내 기사가 도착하는 데 시간이 얼마나 걸리는지 확인해야 해요,배송,배송 기간 확인,고객님의 기사를 받고 기뻐하는 마음은 충분히 이해할 수 있습니다! 예상 도착 시간을 결정하는 데 도움을 드릴 수 있도록 [주문/송장번호] 또는 [주문/송장번호]를 제공해 주시겠습니까? 이 정보를 통해 정확한 배송 상황을 알려드릴 수 있습니다. 고객님의 인내와 협력에 감사드립니다!
BILQ,배송이 도착하는 데 얼마나 걸리는지 어떻게 확인할 수 있나요?,배송,배송 기간 확인,패키지의 예상 배송 시간을 추적하려는 고객님의 바람을 이해합니다. 가장 정확한 정보를 제공하기 위해 [주문/송장번호] 또는 [주문/송장번호]를 제공해 주시겠습니까? 이 정보를 통해 예상 배송일에 대한 업데이트를 신속하게 제공할 수 있습니다. 이 문제에 협조해 주셔서 감사합니다.
BL,내 물건이 언제 도착하는지 알 수 있게 도와주세요,배송,배송 기간 확인,고객님이 상품이 언제 도착하는지 알고 싶어 한다는 점을 이해합니다. 더 나은 지원을 위해 [주문/송장번호] 또는 [주문/송장번호]를 제공해 주시겠습니까? 이 정보를 통해 당사는 고객님의 상품 배송일에 대한 정확한 추정치를 제공할 수 있습니다. 고객님의 양해에 진심으로 감사드립니다.
BIL,내 패키지가 언제 도착하는지 알 수 있나요?,배송,배송 기간 확인,패키지의 예상 배송 시간에 대해 궁금해하시는 점을 이해합니다. 가장 정확한 정보를 제공하기 위해 [주문/송장번호] 또는 [주문/송장번호]를 제공해 주시겠습니까? 이 정보를 통해 당사는 고객님의 패키지 상태를 확인하고 예상 도착 날짜를 알려드릴 수 있습니다. 더 나은 서비스를 제공할 수 있도록 협조해 주셔서 감사합니다.
BILQZ,내 소포가 언제 도착하는지 알 수 있어?,배송,배송 기간 확인,저희는 고객님의 패키지 진행 상황을 추적하고 도착을 기대하는 고객님의 열망을 이해합니다. 가장 정확한 정보를 제공하기 위해 패키지의 [주문/송장번호] 또는 [주문/송장번호]를 제공해 주시겠습니까? 이를 통해 고객님의 현재 상태와 예상 배송일을 확인할 수 있습니다. 신속하고 효과적으로 고객님을 지원하기 위해 노력하고 있으므로 고객님의 인내심에 크게 감사드립니다. 지금까지 당사의 배송 서비스를 이용하신 경험은 어떠셨나요?
BILQZ,배송이 얼마나 걸리는지 어디서 알 수 있나요?,배송,배송 기간 확인,배송에 소요되는 시간을 알고 싶은 고객님의 마음을 이해합니다. 정확한 정보를 제공하기 위해 [주문/송장번호] 또는 [주문/송장번호]를 제공해 주시기 바랍니다. 이러한 세부정보를 통해 예상 배송 시간을 알려드릴 수 있습니다. 이 문제에 대한 고객님의 협조에 감사드립니다.
BL,배송에 소요되는 시간을 확인하는 데 도움이 필요합니다,배송,배송 기간 확인,저희는 배송물에 대한 예상 배송 시간을 추적하고 알고 싶어하는 고객님의 열망을 이해합니다. 더 나은 지원을 위해 [주문/송장번호] 또는 [주문/송장번호]를 제공해 주시겠습니까? 이 정보를 통해 당사는 고객님의 배송품이 언제 도착할 것으로 예상되는지에 대한 정확한 견적을 제공할 수 있습니다. 이 문제를 해결하기 위해 함께 노력하는 동안 고객님의 양해에 감사드립니다.
BILZ,내 기사가 언제 도착하는지 알려줄 수 있나요?,배송,배송 기간 확인,저희는 고객님의 기사에 대한 예상 배송 시간을 추적하고 알고 싶어하는 고객님의 열망을 이해합니다. 정확한 정보를 제공하기 위해 고객님의 기사와 관련된 [주문/송장번호] 또는 [주문/송장번호]를 제공해 주시겠습니까? 이 정보를 통해 당사는 고객님의 물품이 언제 도착할 것인지에 대한 정확한 견적을 제공할 수 있습니다. 이 문제에 협조해 주셔서 감사합니다.
BCILQZ,배송이 얼마나 걸리는지 확인해야 해요 어떻게 해야 하나요,배송,배송 기간 확인,예상 배송 기간 및 추적 절차에 대해 문의해 주셔서 감사합니다. 최선의 지원을 위해 배송과 관련된 [주문/송장번호] 또는 [주문/송장번호]를 제공해 주시기 바랍니다. 이 정보를 통해 당사는 고객님의 패키지를 신속하게 추적하고 배송 시간에 대한 정확한 견적을 제공할 수 있습니다. 고객님의 요청을 이행하기 위해 함께 노력하는 동안 고객님의 인내심에 진심으로 감사드립니다. 지금까지 우리 서비스에 대한 경험은 어땠나요?
BLQZ,배송에 걸리는 시간을 확인하는 데 도움이 필요합니다,배송,배송 기간 확인,저희는 고객님의 배송 진행 상황과 예상 도착 시간을 추적하려는 고객님의 열망을 이해합니다. 정확한 정보를 제공하기 위해 [주문/송장번호] 또는 [주문/송장번호]를 제공해 주시겠습니까? 해당 정보를 통해 당사는 고객님의 배송 추적을 지원하고 예상 배송 시간을 알려드릴 수 있습니다. 이 문제에 대해 고객님의 이해와 협조에 감사드립니다.
BCEILM,배송기간을 알아보고 싶은데 도와주실 수 있나요?,배송,배송 기간 확인,기꺼이 도와드리겠습니다! 고객님이 배송 기간을 알아야 한다는 점을 이해합니다. 가장 정확한 정보를 제공하기 위해 [주문/송장번호] 또는 [주문/송장번호]를 제공해 주시겠습니까? 해당 정보를 통해 고객님의 주문에 대한 구체적인 배송 기간을 알려드릴 수 있습니다. 고객님의 양해에 진심으로 감사드립니다!
BL,내 소포가 언제 도착하는지 알아보려고 전화했어요,배송,배송 기간 확인,고객님의 소포의 상태와 예상 배송 시간에 대해 자세히 알아보려는 고객님의 열정에 감사드립니다. 정확한 정보를 제공하기 위해 구매와 관련된 추적 번호나 주문 번호를 공유해 주시겠습니까? 이 정보를 통해 당사는 고객님의 소포를 추적하고 도착 시 정확한 업데이트를 제공할 수 있습니다. 이 문제에 협조해 주셔서 감사합니다.
BL,배송이 도착하는 데 시간이 얼마나 걸리는지 확인하도록 도와주세요,배송,배송 기간 확인,저희는 배송 진행 상황을 추적하고 예상 도착 시간을 확인하려는 고객님의 열망을 이해합니다. 이 문제를 해결하기 위해 [주문/송장번호] 또는 [주문/송장번호]를 제공해 주시겠습니까? 해당 정보를 통해 당사는 고객님의 배송품이 언제 도착할 것으로 예상하는지에 대한 정확한 견적을 제공할 수 있습니다. 가장 정확한 정보를 제공하기 위해 노력하는 동안 고객님의 양해에 진심으로 감사드립니다.
BL,내 물건이 언제 도착하는지 알 수 있게 도와줘,배송,배송 기간 확인,고객님의 상품 도착을 추적하려는 고객님의 기대를 이해합니다. 이 문제를 해결하기 위해 [주문/송장번호] 또는 [주문/송장번호]를 제공해 주시겠습니까? 이 정보를 통해 당사는 고객님의 상품 배송일에 대한 가장 정확하고 최신의 예상 배송일을 제공할 수 있습니다. 이 과정 전반에 걸쳐 고객님의 인내심과 협조에 감사드립니다!
BLQW,내 빌어먹을 물건을 얼마나 빨리 받을 수 있는지 알아보려고 전화했어,배송,배송 기간 확인,고객님이 상품의 예상 배송 시간을 확인하기 위해 즉각적인 도움을 원한다는 점을 이해합니다. 지연으로 인해 불편을 끼쳐드려 죄송합니다. 이 문제를 신속하게 해결하려면 [고객센터전화번호]로 고객 지원팀에 직접 문의하는 것이 좋습니다. 그들은 고객님의 품목의 예상 도착 시간에 관한 정확한 최신 정보를 제공할 수 있습니다. 고객 만족은 저희의 최우선 사항이며 고객님의 인내와 이해에 감사드립니다.
BIL,배송에 얼마나 걸리는지 어디서 확인할 수 있나요?,배송,배송 기간 확인,배송 예상 기간을 확인하는 방법에 대해 문의해 주셔서 감사합니다. 정확한 정보를 제공하기 위해 [주문/송장번호] 또는 [주문/송장번호]를 문의해도 될까요? 이 정보를 통해 배송물의 예상 도착 시간을 찾는 데 도움을 드릴 수 있습니다. 고객님의 문의 사항을 해결하기 위해 함께 노력하는 동안 고객님의 양해에 진심으로 감사드립니다.
BI,상품을 얼마나 빨리 받을 수 있는지 확인할 수 있나요?,배송,배송 기간 확인,저희는 고객님의 상품을 받고 싶어하는 고객님의 기대를 이해합니다! 예상 배송 시간을 알려드리기 위해 [주문/송장번호] 또는 [주문/송장번호]를 제공해 주시겠습니까? 이 정보를 통해 당사는 고객님이 제품을 언제 받을 수 있는지에 대한 보다 정확한 업데이트를 제공할 수 있습니다. 고객님의 협조와 인내심에 감사드립니다!
BL,내 상품이 도착하는 데 시간이 얼마나 걸리는지 확인하는 데 도움이 필요합니다.,배송,배송 기간 확인,상품의 예상 배송 시간에 대해 궁금해하시는 점을 이해합니다. 정확한 정보를 제공하기 위해 [주문/송장번호] 또는 [주문/송장번호]를 제공해 주시겠습니까? 이 정보가 확보되면 주문 상태를 확인하고 정확한 도착 예상 시간을 알려드릴 수 있습니다. 고객님의 제품이 성공적으로 배송될 수 있도록 함께 노력하는 동안 고객님의 인내심과 협조에 감사드립니다. 지금까지 우리 서비스에 대한 전반적인 경험은 어땠나요?
BCIL,내 상품이 얼마나 빨리 배송될 수 있는지 확인하고 싶습니다. 어떻게 해야 하나요?,배송,배송 기간 확인,상품의 예상 도착 시간을 알고자 하는 고객님의 기대를 이해합니다. 이 정보를 확인하려면 판매자가 제공한 [주문/송장번호] 또는 [주문/송장번호]를 사용하여 패키지를 추적할 수 있습니다. 판매자 웹사이트나 배송업체 웹사이트를 방문하여 지정된 추적 섹션에 관련 정보를 입력하기만 하면 됩니다. 그러면 예상 배송 날짜를 포함하여 배송의 최신 상태가 제공됩니다. 추가 질문이 있거나 상품 추적에 도움이 필요한 경우 언제든지 알려주시기 바랍니다. 우리가 도와드리겠습니다!
BIL,구매한 상품이 도착하는 데 얼마나 걸리는지 알 수 있나요?,배송,배송 기간 확인,구매한 제품의 예상 도착 시간을 확인하고 싶어하는 고객님의 기대를 이해합니다. 정확한 견적을 제공하기 위해 [주문/송장번호] 또는 [주문/송장번호]를 제공해 주시겠습니까? 이 정보를 통해 당사는 고객님의 주문을 신속하게 추적하고 구체적인 배송 세부정보를 제공할 수 있습니다. 고객님의 인내와 협조에 진심으로 감사드립니다.
BL,배송이 얼마나 빨리 되는지 알아보려고 합니다.,배송,배송 기간 확인,고객님의 배송물 수령에 대한 열망을 이해하시면 예상 도착 시간을 추적하는 데 도움을 드릴 수 있습니다. [주문/송장번호] 또는 [주문/송장번호]를 제공해 주시겠습니까? 해당 정보를 통해 당사는 고객님의 배송 예상 시기에 대한 정확한 견적을 제공할 수 있습니다. 고객님의 양해에 진심으로 감사드립니다.
BL,주문을 얼마나 빨리 받을 수 있는지 확인하는 데 도움을 주세요,배송,배송 기간 확인,"저희는 고객님이 주문한 상품의 배송 상태를 추적하고 대략적인 도착 시간을 알고자 하는 고객님의 열망을 이해합니다. 더 나은 지원을 위해 [주문/송장번호] 또는 [주문/송장번호]를 제공해 주시겠습니까? 해당 정보를 통해 당사는 고객님이 주문한 상품이 언제 도착할 것으로 예상하는지 정확한 추정치를 제공할 수 있습니다. 고객님의 협조에 감사드리며, 최신 정보를 제공하기 위해 노력하는 동안 양해해 주셔서 감사합니다."
BL,배송이 얼마나 걸리는지 알고 싶어요,배송,배송 기간 확인,배송 기간에 대한 고객님의 궁금증을 충분히 이해합니다. 정확한 정보를 제공하기 위해 [주문/송장번호] 또는 [주문/송장번호]를 제공해 주시겠습니까? 해당 정보를 통해 배송물의 예상 배송 시간을 확인할 수 있습니다. 고객님의 패키지 추적을 지원하는 동안 고객님의 양해에 진심으로 감사드립니다.
BLQ,내 물건이 언제 도착하는지 확인하는 데 도움이 필요해요,배송,배송 기간 확인,상품 배송 상태를 추적하고 싶은 마음을 이해합니다. 더 나은 지원을 위해 구매와 관련된 [주문/송장번호] 또는 [주문/송장번호]를 제공해 주시겠습니까? 이 정보를 통해 당사는 고객님께 가장 정확하고 최신 배송 견적을 제공할 수 있습니다. 협조해 주셔서 감사합니다!
BL,내 소포가 언제 도착하는지 확인하는 데 도움이 필요합니다,배송,배송 기간 확인,저희는 고객님의 소포 배송 상태를 추적하고 예상 도착 시간에 대한 최신 정보를 얻으려는 고객님의 열망을 이해합니다. 이 문제를 해결하기 위해 [주문/송장번호] 또는 [주문/송장번호]를 제공해 주시겠습니까? 이 정보가 확보되면 고객님의 소포 예상 배송 날짜와 관련하여 가장 정확하고 최신 정보를 제공할 수 있습니다. 고객님의 협조와 인내심에 감사드립니다!
BLQ,내 기사가 얼마나 빨리 나올지 확인하고 싶어,배송,배송 기간 확인,기사의 예상 도착 시간에 대한 고객님의 호기심을 이해합니다. 정확한 정보를 제공하기 위해 [주문/송장번호] 또는 [주문/송장번호]를 제공해 주시겠습니까? 해당 정보가 확보되면 예상 배송일을 결정하는 데 도움을 드릴 수 있습니다. 이 문제에 대해 고객님의 양해에 진심으로 감사드립니다.
BL,내 제품이 언제 도착할지 확인해야 해요,배송,배송 기간 확인,저희는 고객님이 제품 도착을 추적하고 싶어한다는 것을 알고 있습니다. 가장 정확한 정보를 제공하기 위해 [주문/송장번호] 또는 [주문/송장번호]를 공유해 주시겠습니까? 이 정보를 통해 당사는 고객님의 주문 상태를 확인하고 배송 시간을 추정할 수 있습니다. 이 절차를 원활하고 효율적으로 진행하는 데 협조해 주셔서 감사합니다.
BL,얼마나 빨리 구매할 수 있는지 확인해야 합니다.,배송,배송 기간 확인,저희는 고객님의 구매를 받고 진행 상황을 추적하려는 고객님의 열망을 이해합니다. 예상 배송 시간을 알려드리기 위해 구매 시 [주문/송장번호] 또는 [주문/송장번호]를 제공해 주시겠습니까? 이를 통해 당사는 고객님이 구매한 제품의 예상 도착일에 관해 가장 정확한 정보를 제공할 수 있습니다. 이 과정 전반에 걸쳐 고객님의 인내심과 이해에 감사드립니다.
BIL,내 소포가 도착하는 데 얼마나 걸리는지 어떻게 확인할 수 있나요?,배송,배송 기간 확인,저희는 고객님의 소포의 예상 도착 시간에 대한 고객님의 호기심을 이해합니다. 가장 정확한 정보를 제공하기 위해 [주문/송장번호] 또는 [주문/송장번호]를 제공해 주시기 바랍니다. 이러한 필수 정보를 통해 당사는 신속하게 고객님을 지원하고 예상 배송 날짜에 대한 구체적인 세부 정보를 제공할 수 있습니다. 고객 만족을 보장하기 위해 함께 노력하는 동안 고객님의 인내심에 크게 감사드립니다.
BL,구매한 상품이 언제 도착할지 확인하는 데 도움이 됩니다,배송,배송 기간 확인,구매한 제품이 언제 도착할지 알고 싶어 하시는 분들의 기대를 이해합니다. 정확한 업데이트를 제공하기 위해 [주문/송장번호] 또는 [주문/송장번호]를 제공해 주시겠습니까? 이 정보를 통해 가장 정확한 예상 배송일을 알려드릴 수 있습니다. 협조해 주셔서 감사합니다.
BILQ,배송물이 도착하는 데 얼마나 걸리나요?,배송,배송 기간 확인,배송 시간에 대한 고객님의 궁금증을 이해합니다. 정확한 견적을 제공하기 위해 [주문/송장번호] 또는 [주문/송장번호]를 제공해 주시겠습니까? 이 정보를 통해 당사는 고객님의 배송 진행 상황을 추적하고 배송 도착 시간에 대한 가장 정확한 정보를 제공할 수 있습니다. 사전에 협조해 주셔서 감사합니다.
BLQ,주문을 얼마나 빨리 받을 수 있는지 어떻게 알 수 있나요?,배송,배송 기간 확인,저희는 주문의 예상 도착 시간을 추적하는 방법에 대한 고객님의 불확실성을 이해합니다. 도움을 받으려면 구매와 관련된 [주문/송장번호] 또는 [주문/송장번호]를 제공해 주시기 바랍니다. 해당 정보를 통해 당사는 고객님이 주문한 상품이 언제 도착할 것으로 예상하는지에 대한 정확한 추정치를 제공할 수 있습니다. 고객님의 문의 사항을 해결하기 위해 함께 노력하는 동안 고객님의 양해에 진심으로 감사드립니다.
BLQ,제품을 얼마나 빨리 받을 수 있는지 알려주세요,배송,배송 기간 확인,저희는 제품의 예상 도착 시간을 알고 싶어하는 고객님의 열망을 이해합니다. 정확한 정보를 제공하기 위해 [주문/송장번호] 또는 [주문/송장번호]를 제공해 주시겠습니까? 이 정보를 통해 당사는 고객님이 제품을 언제 받을 수 있을지 정확한 추정치를 제공할 수 있습니다. 고객님의 양해에 진심으로 감사드립니다!
BLW,빌어먹을 구매를 얼마나 빨리 예상할 수 있는지 확인 좀 도와줘,배송,배송 기간 확인,저희는 고객님이 구매한 제품을 받고 싶어하는 마음을 이해하며 예상 도착 시간을 확인하는 데 도움을 드리고 있습니다. 정확한 정보를 제공하기 위해 [주문/송장번호] 또는 [주문/송장번호]를 제공해 주시겠습니까? 이 정보를 통해 구매하신 상품이 언제 도착할 것으로 예상되는지 알려드릴 수 있습니다. 고객님의 인내와 이해에 감사드립니다.
BLQ,내 기사가 언제 도착하는지 확인하는 데 도움이 필요합니다,배송,배송 기간 확인,고객님의 물품 배송일에 관해 문의해 주셔서 감사합니다. 정확한 정보를 제공하기 위해 주문 번호나 추적 번호를 알려주시겠습니까? 이를 통해 배송을 추적하고 예상 도착 날짜를 고객님과 공유할 수 있습니다. 고객님의 질문을 해결하고 원활한 배송 경험을 보장하기 위해 노력하는 동안 고객님의 인내와 협력을 소중히 여깁니다.
BILQ,내 소포가 언제 도착하는지 어디서 확인할 수 있나요?,배송,배송 기간 확인,저희는 고객님의 소포의 예상 도착 시간에 대한 고객님의 호기심을 이해합니다. 가장 정확한 정보를 제공하기 위해 [주문/송장번호] 또는 [주문/송장번호]를 제공해 주시겠습니까? 추적 세부정보가 있으면 당사 웹사이트나 모바일 앱을 통해 배송 업데이트에 액세스할 수 있습니다. 이를 통해 소포의 진행 상황을 추적하고 도착 시기를 추정할 수 있습니다. 협조해 주셔서 감사합니다!
BLW,그 빌어먹을 물건을 얼마나 빨리 받을 수 있는지 확인하는 데 도움이 필요해요,배송,배송 기간 확인,고객님이 상품의 예상 도착 시간을 추적하고 싶어 한다는 점을 이해합니다. 가장 정확한 정보를 제공하기 위해 패키지의 [주문/송장번호] 또는 [주문/송장번호]를 제공해 주시기 바랍니다. 이 정보가 확보되면 예상 배송 날짜에 대한 정확한 견적을 제공할 수 있습니다. 이 문제에 대한 고객님의 인내와 협조에 감사드립니다.
BL,내 제품을 얼마나 빨리 기대할 수 있는지 도움을 받고 싶습니다.,배송,배송 기간 확인,저희는 고객님이 고객님의 제품을 언제 기대할 수 있는지 알고 싶어하는 고객님의 기대를 완전히 이해합니다. 정확한 견적을 제공하기 위해 [주문/송장번호] 또는 [주문/송장번호]를 제공해 주시겠습니까? 이러한 세부 정보가 확보되면 정확한 배송 시간을 알려드릴 수 있습니다. 고객 만족이 저희의 최우선 사항입니다. 고객님의 양해에 감사드립니다.
BL,내 패키지가 도착하는 데 시간이 얼마나 걸리는지 확인하는 데 도움이 됩니다.,배송,배송 기간 확인,연락해주셔서 기뻐요! 저는 고객님이 패키지의 예상 배송 시간을 확인하는 데 도움을 찾고 있다는 것을 분명히 알고 있습니다. 정확한 정보를 제공하려면 패키지와 연결된 [주문/송장번호] 또는 [주문/송장번호]가 필요합니다. 해당 정보를 통해 예상 도착 시간에 대한 정확한 세부정보를 제공해 드릴 수 있습니다. 고객님의 양해에 진심으로 감사드립니다!
BIL,내 제품이 언제 도착하는지 어떻게 알 수 있나요?,배송,배송 기간 확인,저희는 고객님의 제품 배송 상태를 추적하려는 고객님의 열망을 이해합니다. 예상 도착 시간에 관한 가장 정확한 정보를 제공하려면 몇 가지 세부 정보가 필요합니다. [주문/송장번호] 또는 [주문/송장번호]를 제공해 주시겠습니까? 이 정보를 통해 당사는 고객님의 제품을 추적하고 정확한 도착 예측을 제공할 수 있습니다. 고객 만족을 보장하기 위해 함께 노력하는 동안 고객님의 인내와 협력에 크게 감사드립니다.
BLQZ,배송이 얼마나 걸리는지 확인하려고 해요,배송,배송 기간 확인,저희는 고객님이 배송 진행 상황을 추적하고 예상 배송 시간을 결정해야 한다는 점을 이해합니다. 정확한 정보를 제공하기 위해 배송과 관련된 [주문/송장번호] 또는 [주문/송장번호]를 요청해 주시기 바랍니다. 이 정보를 통해 당사는 배송 세부 정보에 신속하게 액세스하고 예상 배송 기간을 제공할 수 있습니다. 고객님의 문의사항에 도움을 드리는 동안 고객님의 협조와 인내심에 감사드립니다.
BCL,배송이 얼마나 빨리 가능한지 확인해야 합니다. 도움이 필요합니다.,배송,배송 기간 확인,저희는 고객님의 배송물 수령에 대한 열망을 이해하며 배송 추적에 도움을 드리고자 합니다. 예상 도착 시간을 알려드리기 위해 [주문/송장번호] 또는 [주문/송장번호]를 제공해 주시겠습니까? 해당 정보를 통해 배송 예정 시기에 대한 정확한 업데이트를 제공할 수 있습니다. 고객님의 인내와 협조에 감사드립니다.
BL,구매한 상품이 언제 도착하는지 확인하려고 합니다.,배송,배송 기간 확인,저희는 고객님의 구매를 받고 진행 상황을 추적하려는 고객님의 열망을 이해합니다. 정확한 예상 배송 시간을 제공하기 위해 [주문/송장번호] 또는 [주문/송장번호]를 제공해 주시겠습니까? 이 정보를 통해 예상 도착일을 결정하는 데 도움을 드릴 수 있습니다. 원활한 배송 과정을 보장하기 위해 함께 노력하는 동안 고객님의 양해에 진심으로 감사드립니다.
BILQ,내 배송이 도착하는 데 얼마나 걸리는지 확인할 수 있나요?,배송,배송 기간 확인,고객님이 패키지의 예상 배송 시간을 알고 싶어 한다는 점을 잘 알고 있습니다. 정확한 정보를 제공하기 위해 [주문/송장번호] 또는 [주문/송장번호]를 제공해 주시겠습니까? 이 정보를 통해 예상 배송일을 알려드릴 수 있습니다. 그동안 양해해 주셔서 감사합니다.
BILQZ,패키지의 배송 기간은 어떻게 되나요?,배송,배송 기간 확인,저희는 고객님의 패키지 배송 기간에 대한 정보가 필요하다는 것을 완전히 이해합니다. 정확한 견적을 제공하기 위해 [주문/송장번호] 또는 [주문/송장번호]를 제공해 주시겠습니까? 이를 통해 당사는 고객님의 패키지에 대한 예상 배송 기간을 빠르고 정확하게 결정할 수 있습니다. 고객님을 돕기 위해 함께 노력하는 동안 고객님의 인내와 협조에 진심으로 감사드립니다.
BILP,제품이 도착하는 데 얼마나 걸리는지 확인할 수 있나요?,배송,배송 기간 확인,저희는 고객님의 제품을 받고 싶어하는 고객님의 열망과 예상 배송 시간에 대한 고객님의 호기심을 이해합니다. 가장 정확한 정보를 제공하기 위해 [주문/송장번호] 또는 [주문/송장번호]를 제공해 주시겠습니까? 이 정보를 통해 당사는 고객님의 제품이 언제 도착할 것으로 예상되는지에 대한 정확한 견적을 제공할 수 있습니다. 원활한 배송 경험을 보장하기 위해 노력하는 동안 고객님의 양해에 진심으로 감사드립니다.
BL,내 소포를 얼마나 빨리 받을 수 있는지 확인하는 데 도움이 필요합니다.,배송,배송 기간 확인,저희는 고객님의 소포를 받고 싶어하는 고객님의 열망을 이해하며 예상 배송 시간에 대해 고객님을 돕기 위해 여기에 있습니다. 정확한 정보를 제공하기 위해 소포의 [주문/송장번호] 또는 [주문/송장번호]를 제공해 주시겠습니까? 이러한 세부 정보가 확보되면 고객님의 소포가 도착할 것으로 예상되는 예상 시간을 알려드릴 수 있습니다. 협조해 주셔서 감사합니다!
BIL,내 기사가 얼마나 빨리 나올지 어떻게 알 수 있나요?,배송,배송 기간 확인,고객님의 기사에 대한 예상 배송 시간 추적에 대해 문의해 주셔서 감사합니다. 정확한 정보를 제공하기 위해 [주문/송장번호] 또는 [주문/송장번호]를 저에게 공유해 주시겠습니까? 이 정보를 통해 고객님의 기사 상태를 확인하고 예상 도착 시기를 알려드릴 수 있습니다. 고객님의 양해에 진심으로 감사드립니다!
BL,배송이 언제 도착하는지 확인해야 해요,배송,배송 기간 확인,배송이 언제 도착할지 궁금해하는 것은 자연스러운 일입니다. 정확한 업데이트를 제공하기 위해 [주문/송장번호] 또는 [주문/송장번호]를 제공해 주시겠습니까? 이 정보를 통해 당사는 고객님의 배송일에 대한 정확한 견적을 제공할 수 있습니다. 이 과정에서 고객님의 이해와 협조에 감사드립니다.
BL,내 글이 언제 도착할지 확인하려고 전화했어요,배송,배송 기간 확인,고객님이 기사의 예상 도착 날짜를 알고 싶어한다는 것을 알고 있습니다. 정확한 정보를 제공하기 위해 구매와 관련된 [주문/송장번호] 또는 [주문/송장번호]를 제공해 주시겠습니까? 이 정보를 통해 당사는 고객님의 기사를 추적하고 가장 정확한 배송 날짜를 알려드릴 수 있습니다. 가능한 최선의 방법으로 고객님을 지원하기 위해 노력하고 있으므로 고객님의 인내심에 진심으로 감사드립니다.
BLZ,구매를 얼마나 빨리 예상할 수 있는지 확인하는 데 도움이 필요합니다,배송,배송 기간 확인,저희는 고객님의 구매품 수령에 대한 고객님의 기대를 이해하고 진행 상황을 열심히 추적하여 예상 도착 시간을 결정합니다. 가장 정확한 정보를 제공하기 위해 [주문/송장번호] 또는 [주문/송장번호]를 문의해도 될까요? 이러한 주요 세부정보를 통해 정확한 예상 배송일을 알려드릴 수 있습니다. 더 나은 서비스를 제공할 수 있도록 이해해 주시고 협조해 주셔서 감사합니다.
BILZ,내 배달물이 언제 도착하는지 어디서 확인할 수 있나요?,배송,배송 기간 확인,"배송 예상 도착 시간에 대한 고객님의 호기심과 진행 상황을 추적하려는 욕구를 이해합니다. 상태와 예상 도착 날짜를 확인하려면 당사 웹사이트를 방문하여 ""주문 추적"" 또는 ""주문 상태"" 페이지로 이동하세요. 거기에 도달하면 [주문/송장번호] 또는 [주문/송장번호]를 입력하라는 메시지가 표시됩니다. 그러면 패키지의 위치와 예상 배송 날짜에 대한 자세한 정보가 제공됩니다. 어려움이 있거나 추가 질문이 있는 경우 당사의 전담 고객 지원팀이 도움을 드릴 수 있습니다. [고객센터전화번호]를 통해 또는 당사 웹사이트 [웹사이트/메뉴]의 라이브 채팅 기능을 통해 언제든지 연락하시기 바랍니다. 저희는 배송 과정 전반에 걸쳐 최고의 가시성과 지원을 제공하기 위해 최선을 다하고 있습니다."
BL,내 패키지가 언제 도착하는지 확인하려고 합니다.,배송,배송 기간 확인,"저희는 고객님의 패키지 배송 상태를 추적하려는 고객님의 호기심과 열망을 이해합니다. 정확한 도착 예상 시간을 제공하기 위해 고객님의 [주문/송장번호] 또는 [주문/송장번호]를 당사와 공유해 주시기 바랍니다. 이 정보를 통해 당사는 고객님의 패키지 위치 및 예상 배송 날짜에 대한 최신 정보를 제공할 수 있습니다. 이 문제에 대한 고객님의 협조에 감사드리며, 앞으로도 더 많은 도움을 드릴 수 있기를 기대합니다."
BIL,구매를 얼마나 빨리 예상할 수 있는지 확인할 수 있나요?,배송,배송 기간 확인,저희는 고객님이 구매한 제품이 언제 도착할지 알고 싶어하는 고객님의 기대와 열망을 이해합니다. 예상 배송 시간을 알려드리기 위해 [주문/송장번호] 또는 [주문/송장번호]를 제공해 주시겠습니까? 이 정보를 통해 당사는 고객님의 구매 상태를 확인하고 가장 정확한 예상 도착일을 알려드릴 수 있습니다. 협조해 주셔서 감사합니다!
BL,패키지를 얼마나 빨리 받을 수 있는지 알려주세요,배송,배송 기간 확인,저희는 고객님의 패키지가 언제 도착할지 알고 싶은 고객님의 기대와 호기심을 이해합니다. 정확한 견적을 제공하기 위해 [주문/송장번호] 또는 [주문/송장번호]를 제공해 주시겠습니까? 이 정보를 통해 당사는 고객님의 패키지를 추적하고 최신 배송 정보를 제공할 수 있습니다. 더 나은 지원을 제공할 수 있도록 양해해 주셔서 감사합니다.
BLQZ,내 패키지가 언제 도착할지 확인하는 데 도움이 필요해요,배송,배송 기간 확인,저희는 패키지의 정확한 도착 시간을 알고자 하는 고객님의 호기심과 기대를 이해합니다. 정확한 업데이트를 제공하기 위해 [주문/송장번호] 또는 [주문/송장번호]를 제공해 주시겠습니까? 이 정보를 통해 당사는 고객님의 패키지 추적을 지원하고 예상 배송 날짜를 제공할 수 있습니다. 협조해 주셔서 감사합니다!
BL,내 패키지가 언제 도착하는지 확인하는 데 도움이 필요합니다.,배송,배송 기간 확인,저희는 고객님이 패키지를 받고 기뻐하는 것을 이해하며 진행 상황을 추적하는 데 기꺼이 도움을 드리겠습니다. 패키지 도착 시기에 대한 정확한 업데이트를 제공할 수 있도록 [주문/송장번호] 또는 [주문/송장번호]를 제공해 주시기 바랍니다. 고객 만족이 저희의 최우선 사항입니다!
BIL,내 기사를 얼마나 빨리 기대할 수 있나요?,배송,배송 기간 확인,저희는 고객님이 고객님의 기사가 도착하기를 간절히 기다리고 있다는 것을 알고 있습니다. 정확한 견적을 제공하기 위해 [주문/송장번호] 또는 [주문/송장번호]를 제공해 주시겠습니까? 이 정보를 통해 배송 상태를 확인하고 보다 정확한 배송 일정을 알려드릴 수 있습니다. 고객님의 양해에 진심으로 감사드립니다!
BIL,내 제품이 언제 도착하는지 확인할 수 있나요?,배송,배송 기간 확인,저희는 고객님의 제품이 언제 도착할지 알고 싶어하는 고객님의 열망을 이해합니다. 정확한 업데이트를 제공하기 위해 [주문/송장번호] 또는 [주문/송장번호]를 제공해 주시겠습니까? 이 정보를 통해 배송 상태를 확인하고 예상 도착일을 알려드릴 수 있습니다. 고객님의 패키지 추적을 지원하는 동안 고객님의 양해에 진심으로 감사드립니다.
BILZ,배송이 얼마나 빨리 예상되는지 어디서 확인할 수 있나요?,배송,배송 기간 확인,배송 진행 상황과 예상 배송 날짜를 추적하려는 고객님의 호기심을 이해합니다. 가장 정확한 정보를 제공하기 위해 [주문/송장번호] 또는 [주문/송장번호]를 공유해 주시기 바랍니다. 이러한 세부 정보를 통해 당사는 고객님이 쉽게 배송을 추적하고 배송 예상 도착 시간을 확인할 수 있는 당사 웹사이트 또는 모바일 앱의 해당 페이지로 안내할 수 있습니다. 고객 만족을 보장하기 위해 함께 노력하는 동안 고객님의 인내심에 크게 감사드립니다.
BL,기사를 얼마나 빨리 받을 수 있는지 확인하는 데 도움이 필요합니다.,배송,배송 기간 확인,저희는 고객님의 기사를 언제 기대할 수 있는지 알고 싶어하는 고객님의 열망을 이해합니다. 가장 정확한 정보를 제공하기 위해 [주문/송장번호] 또는 [주문/송장번호]를 제공해 주시겠습니까? 이 정보를 통해 배송일에 대한 정확한 견적을 제공할 수 있습니다. 추가 지원을 위해 노력하는 동안 고객님의 양해에 감사드립니다.
BCIL,내 소포를 얼마나 빨리 받을 수 있는지 알고 싶습니다. 어떻게 해야 하나요?,배송,배송 기간 확인,저희는 고객님이 소포가 언제 도착하는지 알고 싶어한다는 것을 이해합니다. 예상 배송일을 알려드리기 위해 [주문/송장번호] 또는 [주문/송장번호]를 요청해 주시기 바랍니다. 이러한 세부정보가 확보되면 보다 정확한 도착 시간을 알려드릴 수 있습니다. 고객님의 인내와 협조에 감사드립니다.
BLQ,구매한 상품이 언제 도착하는지 확인하는 데 도움이 됩니다.,배송,배송 기간 확인,저희는 고객님이 구매한 제품의 예상 도착 날짜를 알고 싶어 한다는 점을 이해합니다. 정확한 정보를 제공하기 위해 [주문/송장번호] 또는 [주문/송장번호]를 제공해 주시겠습니까? 이 정보를 통해 당사는 고객님의 구매를 추적하고 정확한 도착 예측을 제공할 수 있습니다. 이 문제에 대한 고객님의 인내와 협조에 감사드립니다.
BLQ,배송이 얼마나 걸리는지 확인해야 해요,배송,배송 기간 확인,배송 예상 기간에 관심을 가져주셔서 감사합니다. 정확한 정보를 제공하기 위해 배송과 관련된 [주문/송장번호] 또는 [주문/송장번호]를 제공해 주시겠습니까? 이 정보를 통해 예상 배송 시간에 대한 정확한 세부 정보를 제공할 수 있습니다. 이 과정에서 고객님의 인내심에 큰 감사를 드립니다.
BIL,얼마나 빨리 구매할 수 있는지 확인하도록 도와주실 수 있나요?,배송,배송 기간 확인,구매한 상품이 언제 도착할지 결정하고 싶은 마음을 알고 있습니다. 정확한 견적을 제공하기 위해 [주문/송장번호] 또는 [주문/송장번호]를 제공해 주시겠습니까? 해당 정보를 통해 당사는 고객님의 주문을 추적하고 예상 배송일을 알려드릴 수 있습니다. 고객님의 협조와 인내심에 감사드립니다.
BIL,주문은 얼마나 빨리 받을 수 있나요?,배송,배송 기간 확인,저희는 고객님의 주문을 받기를 기대하고 그것이 언제 도착할지 알고 싶어하는 고객님의 열망을 이해합니다. 예상 배송 시간을 알려드리기 위해 [주문/송장번호] 또는 [주문/송장번호]를 제공해 주시겠습니까? 이 정보는 가장 정확한 업데이트를 제공하는 데 도움이 됩니다. 이 과정 전반에 걸쳐 고객님의 인내심과 이해에 감사드립니다.
BCL,내 제품이 언제 도착하는지 확인하고 싶습니다. 도와주세요.,배송,배송 기간 확인,저희는 고객님의 제품에 대한 예상 배송 시간을 추적하고 알고 싶어하는 고객님의 열망을 이해합니다. 구매와 관련된 [주문/송장번호] 또는 [주문/송장번호]를 제공해 주시겠습니까? 해당 정보를 통해 예상 배송일에 대한 정확한 업데이트를 제공해 드릴 수 있습니다. 이 문제에 대한 고객님의 인내와 협조에 감사드립니다.
BILQZ,배송이 얼마나 오래 걸리는지 어떻게 알 수 있나요?,배송,배송 기간 확인,고객님께서 패키지 배송 시간에 대해 궁금해하시는 것으로 알고 있습니다. 정확한 견적을 제공하려면 배송과 관련된 [주문/송장번호] 또는 [주문/송장번호]가 필요합니다. 이 정보가 확보되면 최신 배송 일정을 알려드릴 수 있습니다. 고객님의 문의 사항에 대해 도움을 드리기 위해 노력하는 동안 고객님의 이해와 인내심에 감사드립니다.
BIL,배송이 얼마나 빨리 예상되는지 확인하도록 도와주실 수 있나요?,배송,배송 기간 확인,저희는 배송품의 예상 도착 시간을 알고 싶어하는 고객님의 열망을 이해합니다. 더 나은 도움을 드릴 수 있도록 [주문/송장번호] 또는 [주문/송장번호]를 사용해도 될까요? 해당 정보를 통해 당사는 배송 예정 시기에 대한 정확한 예측을 제공할 수 있습니다. 고객님의 인내와 협조에 감사드립니다.
BIL,구매한 제품이 언제 도착하는지 어디서 확인하나요?,배송,배송 기간 확인,"저희는 구매 진행 상황을 추적하고 예상 도착 시간을 확인하려는 고객님의 열망을 이해합니다. 가장 정확한 정보를 제공하기 위해 [주문/송장번호] 또는 [주문/송장번호]를 제공해 주시기 바랍니다. 또는 당사 웹사이트를 방문하여 ""[기타정보]"" 페이지로 이동하실 수 있습니다. 여기에서 주문 세부정보를 입력하고 배송에 대한 실시간 업데이트에 액세스할 수 있습니다. 더 나은 지원을 제공할 수 있도록 협조해 주셔서 감사합니다."
BLZ,패키지가 도착하는 데 걸리는 시간을 확인하는 데 도움이 됩니다.,배송,배송 기간 확인,저희는 고객님의 패키지에 대한 예상 배송 시간을 알고 싶어하는 고객님의 열망을 이해합니다. 정확한 정보를 제공하기 위해 [주문/송장번호] 또는 [주문/송장번호]를 제공해 주시겠습니까? 이 정보를 통해 예상 배송일을 결정할 수 있습니다. 원활한 배송 경험을 보장하기 위해 협력해 주셔서 감사합니다.
BILZ,배송 기간에 대한 정보는 어디서 얻을 수 있나요?,배송,배송 기간 확인,"배송 기간에 대한 정보를 수집하려는 고객님의 욕구를 이해합니다. 패키지 배송 기간에 대한 자세한 정보를 확인하려면 당사 웹사이트를 방문하여 ""배송 정보"" 페이지로 이동하세요. 이 페이지에서는 배송 정책, 예상 배송 시간 및 기타 관련 정보에 대한 포괄적인 세부 정보를 확인할 수 있습니다. 특정 질문이나 문의 사항이 있는 경우 당사 고객 지원팀에 문의하세요. 저희 웹사이트의 라이브 채팅을 통해 연락하시거나 고객 지원 핫라인에 전화하시면 됩니다. 우리가 도와드리겠습니다!"
BL,기사가 도착하는 데 얼마나 걸리는지 보여줘,배송,배송 기간 확인,고객님의 물품 도착 예상 시간을 알고 싶은 고객님의 호기심을 이해합니다. 정확한 배송 기간을 안내해 드리기 위해 구매와 관련된 [주문/송장번호] 또는 [주문/송장번호]를 공유해 주시기 바랍니다. 이 정보가 있으면 정확한 세부 사항을 신속하게 안내해 드릴 수 있습니다. 원활한 배송 경험을 보장하기 위해 함께 노력하는 동안 고객님의 양해에 진심으로 감사드립니다. 지금까지 우리 서비스에 대한 전반적인 경험은 어땠나요?
BILQ,내가 구매한 게 언제 도착하는지 어떻게 알 수 있어?,배송,배송 기간 확인,"저희는 고객님이 구매한 제품이 언제 도착할지 알고 싶어하는 고객님의 열망을 이해합니다. 예상 배송 시간을 확인하려면 당사 웹사이트를 방문하여 ""주문 상태"" 또는 ""내 주문 추적"" 섹션으로 이동하세요. 여기에서 [주문/송장번호] 또는 [주문/송장번호]를 입력하라는 메시지가 표시됩니다. 필수 정보를 제공하면 예상 배송일을 확인하고 구매 진행 상황을 추적할 수 있습니다. 이것이 도움이 되기를 바라며 고객님의 주문이 곧 배송될 수 있기를 기대합니다!"
BL,내 제품이 도착하는 데 얼마나 걸리는지 확인해야 해요,배송,배송 기간 확인,고객님이 제품의 예상 배송 시간을 알고 싶어 한다는 점을 이해합니다. 정확한 정보를 제공하기 위해 [주문/송장번호] 또는 [주문/송장번호]를 사용해도 될까요? 이러한 세부 정보를 통해 주문을 추적하고 예상 도착 시간을 알려드릴 수 있습니다. 이 문제에 대한 고객님의 인내와 협조에 감사드립니다.
BILP,내 소포가 언제 도착하는지 알려줄 수 있나요?,배송,배송 기간 확인,저희는 고객님의 소포 배송 진행 상황을 추적하려는 고객님의 열의를 소중히 여깁니다. 정확한 예상 도착 시간을 알려드리기 위해 [주문/송장번호] 또는 [주문/송장번호]를 제공해 주시겠습니까? 해당 정보가 확보되면 저희 팀은 패키지의 예상 배송 날짜에 대한 최신 세부 정보를 제공할 수 있습니다. 이 문제를 신속하게 해결하는 데 협조해 주셔서 감사합니다.
BIL,내 물건이 언제 도착하는지 알 수 있게 도와주실 수 있나요?,배송,배송 기간 확인,고객님의 상품에 대한 예상 도착 시간을 추적하고 알고자 하는 고객님의 열망을 이해하시면 저희가 도와드리겠습니다! 가장 정확한 정보를 제공하기 위해 [주문/송장번호] 또는 [주문/송장번호]를 제공해 주시겠습니까? 해당 정보를 통해 당사는 고객님의 품목을 찾고 예상 배송일에 대한 업데이트를 제공할 수 있습니다. 고객님께 필요한 정보를 제공하기 위해 함께 노력하는 동안 고객님의 인내심에 진심으로 감사드립니다.
BLZ,내 기사가 언제 도착하는지 알려 줘,배송,배송 기간 확인,"""고객님의 물품 도착에 대한 고객님의 호기심을 이해하므로, 제가 확실히 도와드릴 수 있습니다. 정확한 견적을 제공하기 위해 [주문/송장번호] 또는 [주문/송장번호]를 제공해 주시겠습니까? 이 정보가 확보되면 최신 배송 세부 정보를 제공할 수 있습니다. 협조해 주셔서 감사합니다!"
BCIL,"내 상품이 언제 도착하는지, 어떻게 확인해야 하나요?",배송,배송 기간 확인,저희는 고객님의 상품 배송 진행 상황을 추적하고 가능한 한 빨리 상품을 받기를 원하는 고객님의 바람을 이해합니다. 예상 도착 시간을 확인하려면 구매와 관련된 [주문/송장번호] 또는 [주문/송장번호]를 제공할 수 있습니다. 해당 정보가 확보되면 언제 제품을 받으실 수 있는지 정확한 업데이트를 제공해 드릴 수 있습니다. 이 문제에 협조해 주셔서 감사합니다.
BQ,배송 기간에 대한 정보가 필요해요,배송,배송 기간 확인,저희는 고객님의 패키지와 관련하여 배송 기간을 아는 것이 중요하다는 것을 알고 있습니다. 정확한 정보를 제공하기 위해 [주문/송장번호] 또는 [주문/송장번호]를 제공해 주시겠습니까? 이 정보가 확보되면 예상 배송일을 알려드릴 수 있습니다. 이 문제에 대해 도움을 드리는 동안 고객님의 양해에 진심으로 감사드립니다.
BILP,상품이 도착하는 데 얼마나 걸리는지 어떻게 확인할 수 있나요?,배송,배송 기간 확인,저희는 배송 진행 상황을 추적하고 예상 도착 시간을 확인하려는 고객님의 호기심과 욕구를 이해합니다. 정확한 정보를 제공하기 위해 고객님의 패키지에 대한 [주문/송장번호] 또는 [주문/송장번호]를 제공해 주시기 바랍니다. 이 정보가 확보되면 시스템에 신속하게 액세스하여 최신 예상 배송 시간을 제공할 수 있습니다. 이 문제에 대한 고객님의 인내와 협조에 감사드립니다.
BCIL,"내 기사가 언제 도착하는지, 어떻게 해야 하는지 확인해야 합니다.",배송,배송 기간 확인,기사의 예상 도착 시간을 알고 싶은 고객님의 호기심을 이해합니다. 가장 정확한 정보를 제공하기 위해 [주문/송장번호] 또는 [주문/송장번호]를 제공해 주시겠습니까? 이를 통해 예상 배송 날짜를 결정할 수 있습니다. 이 문제에 협조해 주셔서 감사합니다.
BCL,배송이 얼마나 걸리는지 알고 싶습니다. 도와주세요,배송,배송 기간 확인,"예상 배송 시간을 결정하는 데 확실히 도움을 드릴 수 있습니다. 정확한 정보를 제공하기 위해 [주문/송장번호], [주문/송장번호] 또는 배송과 관련된 기타 관련 세부 정보를 제공해 주시겠습니까? 이를 통해 당사는 고객님을 위해 데이터를 신속하게 검색하고 분석할 수 있습니다. 고객님의 문의사항을 해결하기 위해 함께 노력하는 동안 양해해 주셔서 감사합니다."
BLZ,내 제품이 언제 도착할지 확인하는 데 도움을 받고 싶습니다.,배송,배송 기간 확인,고객님이 제품 도착을 추적하기 위해 도움을 구하고 있다는 것을 알고 있습니다. 가장 정확한 정보를 제공하기 위해 [주문/송장번호] 또는 [주문/송장번호]를 제공해 주시겠습니까? 이 정보를 통해 당사는 고객님 제품의 예상 배송일을 결정할 수 있습니다. 고객님의 문의 사항을 해결하기 위해 협력하는 동안 고객님의 협조와 인내심에 감사드립니다.
BL,패키지가 얼마나 빨리 도착할 수 있는지 확인해야 합니다,배송,배송 기간 확인,저희는 고객님의 패키지를 받고 싶어하는 고객님의 열망과 그것이 도착할 때를 알고 싶어하는 고객님의 필요성을 이해합니다. 정확한 견적을 제공하기 위해 [주문/송장번호] 또는 [주문/송장번호]를 제공해 주시겠습니까? 이 정보를 통해 예상 배송 시간에 대한 업데이트를 알려드릴 수 있습니다. 고객님의 양해에 진심으로 감사드립니다.
BL,내 글이 언제 도착하는지 확인해야 해요,배송,배송 기간 확인,저희는 고객님의 기사가 언제 도착할지 알고 싶어하는 고객님의 열망을 이해합니다. 정확한 견적을 제공하기 위해 [주문/송장번호] 또는 [주문/송장번호]를 제공해 주시겠습니까? 이 정보를 통해 당사는 고객님의 배송을 추적하고 예상 배송 시간에 대한 최신 정보를 제공할 수 있습니다. 고객님의 기사를 추적하는 데 도움을 드리는 동안 고객님의 협조와 인내심에 감사드립니다.
BL,내 글이 언제 도착할지 확인하려고 해요,배송,배송 기간 확인,기사의 예상 배송 시간에 대해 궁금해하시는 점을 이해합니다. 가장 정확한 정보를 제공하기 위해 [주문/송장번호] 또는 [주문/송장번호]를 제공해 주시겠습니까? 이 데이터를 통해 당사는 고객님의 배송을 추적하고 예상 배송 날짜에 대한 정확한 업데이트를 제공할 수 있습니다. 원활한 배송 경험을 보장하기 위해 함께 노력하는 동안 고객님의 양해에 진심으로 감사드립니다. 지금까지 우리 서비스에 대한 전반적인 경험은 어땠나요?
BLQZ,주문이 언제 도착하는지 확인하려면 어떻게 해야 할지 모르겠어요,배송,배송 기간 확인,주문의 예상 도착 시간을 확인하는 방법에 대해 확신이 없으신 것으로 알고 있습니다. 걱정하지 마세요. 저희가 절차를 안내해 드릴 수 있습니다. 시작하려면 [주문/송장번호] 또는 [주문/송장번호]를 제공해 주시겠습니까? 해당 정보를 통해 고객님이 주문한 상품이 언제 도착할 것으로 예상되는지 확인하는 데 도움을 드릴 수 있습니다. 이 문제를 해결하기 위해 함께 노력하는 동안 기다려 주셔서 감사합니다.
BLQW,내 구매를 얼마나 빨리 예상할 수 있는지 확인하도록 도와줘,배송,배송 기간 확인,저희는 고객님의 구매 예상 도착 시간을 알기 위한 고객님의 불만과 조바심을 완전히 이해합니다. 가장 정확한 정보를 제공하기 위해 [주문/송장번호] 또는 [주문/송장번호]를 제공해 주시겠습니까? 해당 정보를 통해 당사는 고객님의 주문을 추적하고 예상 배송 날짜에 대한 업데이트를 제공할 수 있습니다. 이해해 주셔서 감사드리며 불편을 끼쳐드려 죄송합니다.
BLQZ,내 제품을 얼마나 빨리 기대할 수 있는지 확인하는 데 도움이 필요합니다,배송,배송 기간 확인,저희는 고객님의 제품을 받고 싶어하는 고객님의 기대를 이해하며 예상 배송 시간에 대해 고객님을 지원해 드리겠습니다. 현재 상태를 확인하고 제품 도착 예상 시기에 대한 가장 정확한 정보를 제공할 수 있도록 [주문/송장번호] 또는 [주문/송장번호]를 제공해 주시기 바랍니다. 원활한 배송 경험을 보장하기 위해 함께 노력하는 동안 고객님의 양해에 진심으로 감사드립니다.
BIL,내 상품을 얼마나 빨리 받을 수 있는지 확인하도록 도와주실 수 있나요?,배송,배송 기간 확인,저희는 고객님이 상품을 받기를 간절히 바라는 점을 이해하며 예상 도착 시간을 확인하는 데 도움을 드리고 있습니다. 정확한 정보를 제공하기 위해 [주문/송장번호] 또는 [주문/송장번호]를 제공해 주시겠습니까? 이 정보를 통해 당사는 추적 세부 정보를 검색하고 예상 배송 날짜를 알려드릴 수 있습니다. 고객님의 기대에 부응하기 위해 함께 노력하는 동안 고객님의 협조와 인내심에 감사드립니다.
BCL,얼마나 빨리 배송을 받을 수 있는지 알고 싶습니다. 도와주세요.,배송,배송 기간 확인,저희는 고객님이 배송을 언제 기대할 수 있는지 알고 싶어하는 고객님의 열망을 이해합니다. 가장 정확한 정보를 제공하기 위해 [주문/송장번호] 또는 [주문/송장번호]를 제공해 주시겠습니까? 해당 정보를 통해 예상 배송일을 알려드릴 수 있습니다. 협조해 주셔서 감사합니다!
BILQZ,구매한 상품이 언제 도착하는지 확인할 수 있나요?,배송,배송 기간 확인,"저희는 고객님이 구매한 상품의 배송을 추적하려는 고객님의 열망을 완전히 이해합니다. 정확한 예상 도착 시간을 알려드리기 위해 [주문/송장번호] 또는 [주문/송장번호]를 제공해 주시겠습니까? 이 정보를 통해 당사는 고객님의 구매에 대한 구체적인 세부 사항과 예상 배송 날짜를 신속하게 안내해 드릴 수 있습니다. 고객님의 인내심에 진심으로 감사드리며, 저희는 모든 단계에서 고객님을 도와드릴 것입니다!"
BIMQ,배송 기간에 대한 정보는 어디서 찾을 수 있나요?,배송,배송 기간 확인,"저희는 배송 기간에 대한 정보가 필요하다는 것을 이해합니다. 예상 배송비에 관한 자세한 정보를 확인하려면 당사 웹사이트를 방문하여 ""배송"" 또는 ""배송"" 섹션으로 이동하십시오. 여기에서는 다양한 위치와 배송 방법에 따른 예상 배송 시간에 대한 포괄적인 세부 정보를 확인할 수 있습니다. 특정 질문이 있거나 추가 지원이 필요한 경우 고객 지원팀이 항상 도움을 드릴 준비가 되어 있습니다. 주저하지 말고 라이브 채팅이나 고객 지원 핫라인을 통해 문의해 주세요. 저희는 원활하고 만족스러운 배송 경험을 보장하기 위해 가장 정확하고 최신 정보를 제공하기 위해 최선을 다하고 있습니다."
BLQZ,구매한 물건이 언제 도착하는지 확인해야 해요,배송,배송 기간 확인,저희는 고객님이 구매한 상품을 받기를 열망하고 예상 도착 시간을 추적해야 하는 필요성을 이해합니다. 더 나은 지원을 위해 [주문/송장번호] 또는 [주문/송장번호]를 제공해 주시겠습니까? 이러한 세부정보를 통해 당사는 고객님의 구매 배송과 관련하여 가장 정확한 정보를 제공할 수 있습니다. 고객님의 양해에 진심으로 감사드립니다!
BL,내 배송물이 도착하는 데 얼마나 걸리는지 확인하는 데 도움이 됩니다.,배송,배송 기간 확인,저희는 고객님이 배송물을 받기를 기대하고 예상 배송 기간을 알고 싶어한다는 점을 이해합니다. 정확한 정보를 제공하기 위해 [주문/송장번호] 또는 [주문/송장번호]를 제공해 주시겠습니까? 이 정보를 통해 당사는 고객님의 배송 진행 상황을 추적하고 예상 도착 날짜를 알려드릴 수 있습니다. 고객님의 패키지가 가능한 한 빨리 배송될 수 있도록 노력하고 있으므로 고객님의 양해에 진심으로 감사드립니다.
BILQ,내 배송품이 도착하는 데 얼마나 걸리는지 어디서 확인하나요?,배송,배송 기간 확인,배송품의 예상 도착 시간에 대한 고객님의 궁금증을 이해하여 당사의 추적 시스템을 통해 필요한 정보를 제공할 수 있습니다. [주문/송장번호] 또는 [주문/송장번호]를 제공해 주시겠습니까? 정보가 확보되면 예상 배송 시간에 대한 정확한 세부정보를 제공해 드릴 수 있습니다. 이 문제에 협조해 주셔서 감사합니다.
BIL,내 제품이 언제 도착하는지 확인하는 데 도움을 주실 수 있나요?,배송,배송 기간 확인,저희는 고객님의 제품이 언제 도착할지 알고 싶어하는 고객님의 열망을 이해합니다. 정확한 견적을 제공하기 위해 [주문/송장번호] 또는 [주문/송장번호]를 제공해 주시겠습니까? 해당 정보를 통해 배송 상태를 확인하고 예상 배송일을 알려드릴 수 있습니다. 협조해 주셔서 감사합니다!
BLQ,상품이 도착하는 데 시간이 얼마나 걸리는지 확인하는 데 도움이 필요합니다.,배송,배송 기간 확인,저희는 고객님의 상품이 도착하는 데 걸리는 예상 시간을 알고 싶어하는 고객님의 열망을 이해합니다. 더 나은 지원을 위해 [주문/송장번호] 또는 [주문/송장번호]를 제공해 주시겠습니까? 해당 정보를 통해 당사는 고객님의 상품 배송과 관련하여 가장 정확한 업데이트를 제공할 수 있습니다. 이 과정에서 고객님의 협조와 인내심에 감사드립니다.
BL,구매가 얼마나 빨리 이루어질 수 있는지 확인하는 데 도움이 필요합니다,배송,배송 기간 확인,저희는 고객님이 구매한 상품을 받고자 하는 고객님의 열망을 인식하고 있으며 예상 도착일에 대한 정확한 정보를 고객님께 제공하고자 합니다. 더 나은 지원을 위해 [주문/송장번호] 또는 [주문/송장번호]를 제공해 주시겠습니까? 이러한 세부정보를 통해 구매하신 상품이 언제 도착할 것으로 예상되는지 정확한 업데이트를 제공해 드릴 수 있습니다. 원활한 쇼핑 경험을 보장하기 위해 함께 노력하는 동안 고객님의 양해에 진심으로 감사드립니다.
BL,내 상품이 도착하는 데 보통 얼마나 걸리는지 보여줘,배송,배송 기간 확인,고객님의 상품에 대한 예상 배송 시간을 알고 싶어 하시는 점을 이해합니다. 가장 정확한 정보를 제공하기 위해 구매와 관련된 [주문/송장번호] 또는 [주문/송장번호]를 알려주시겠습니까? 정보가 확보되면 표준 배송 시간을 결정하고 예상 도착 날짜를 알려드릴 수 있습니다. 고객님의 전반적인 경험을 향상시키기 위해 협력하는 동안 고객님의 양해에 감사드립니다.
BL,주문을 얼마나 빨리 받을 수 있는지 확인하도록 도와주세요,배송,배송 기간 확인,주문의 예상 도착 시간을 확인하는 데 도움을 요청해 주셔서 감사합니다. 정확한 업데이트를 제공하기 위해 [주문/송장번호] 또는 [주문/송장번호]를 제공해 주시겠습니까? 이 정보를 통해 예상 배송일을 결정하고 필요한 세부정보를 제공할 수 있습니다. 양해해 주셔서 감사드리며 앞으로도 더 많은 도움을 드리겠습니다!
BILM,배송 기간에 대한 정보는 어떻게 확인할 수 있나요?,배송,배송 기간 확인,"고객님이 배송 기간에 대한 정보를 찾는 데 관심이 있다는 것을 알고 있습니다. 이에 대한 도움을 받으려면 당사 웹사이트를 방문하여 ""주문 추적"" 또는 ""주문 상태"" 페이지로 이동하세요. 여기에서 [주문/송장번호] 또는 [주문/송장번호]를 입력하여 예상 배송 날짜를 포함하여 배송에 대한 최신 세부 정보를 얻을 수 있습니다. 온라인에서 필요한 정보를 찾을 수 없는 경우 당사 고객 서비스 팀이 고객님을 지원하고 필요한 정보를 제공할 수 있습니다."
BLZ,내 제품이 언제 도착하는지 확인해 주세요,배송,배송 기간 확인,고객님이 제품이 언제 도착하는지 알고 싶어 한다는 점을 이해합니다. 정확한 업데이트를 제공하기 위해 [주문/송장번호] 또는 [주문/송장번호]를 제공해 주시겠습니까? 해당 정보를 통해 배송 상태를 확인하고 예상 배송일을 알려드릴 수 있습니다. 협조해 주셔서 감사합니다!
BIL,내 소포를 얼마나 빨리 받을 수 있는지 알려 주실 수 있나요?,배송,배송 기간 확인,"저희는 고객님의 소포 도착 예상 기간을 알고 싶은 고객님의 호기심을 이해합니다. 가장 정확한 정보를 제공하기 위해 [주문/송장번호] 또는 [주문/송장번호]를 제공해 주시겠습니까? 정보가 확보되면, 고객님의 소포가 도착할 것으로 예상되는 정확한 예상 시간을 알려드릴 수 있습니다. 이 문제를 지원하는 동안 양해해 주셔서 감사합니다."
BELZ,곧 어떻게 볼 수 있는지 모르겠습니다. 패키지를 기대할 수 있나요?,배송,배송 기간 확인,패키지를 추적하고 예상 도착 시간을 확인하는 방법에 대해 확신이 없으신 점을 이해합니다. 걱정하지 마세요. 저희가 도와드리겠습니다! 이 문제를 해결하기 위해 패키지와 관련된 [주문/송장번호] 또는 [주문/송장번호]를 제공해 주시겠습니까? 이 정보를 통해 당사는 세부 정보에 신속하게 액세스하고 고객님의 패키지 도착 예상 시기에 대한 정확한 견적을 제공할 수 있습니다. 이 문제를 해결하기 위해 함께 노력하는 동안 기다려 주셔서 감사합니다.
BLZ,내 물건이 언제 도착하는지 알아보려고 해요,배송,배송 기간 확인,저희는 고객님의 상품을 받고 싶은 설렘과 그것이 언제 도착할지 알고 싶은 호기심을 이해합니다. 정확한 배송 견적을 제공하기 위해 [주문/송장번호] 또는 [주문/송장번호]를 알려주시겠습니까? 이 정보를 통해 당사는 고객님의 품목을 추적하고 예상 도착에 대한 최신 정보를 제공할 수 있습니다. 고객님의 협조에 감사드리며 앞으로도 더 많은 도움을 드리겠습니다!
BLZ,내 패키지가 언제 도착할지 확인하는 데 도움을 받고 싶습니다.,배송,배송 기간 확인,패키지를 추적하고 예상 도착 시간을 결정하는 데 도움을 받기 위해 당사에 연락해주셔서 기쁘게 생각합니다. 정확한 정보를 제공하기 위해 패키지와 관련된 [주문/송장번호] 또는 [주문/송장번호]를 알려주시겠습니까? 해당 정보를 바탕으로 가장 최근의 예상 배송일을 알려드릴 수 있습니다. 저희는 고객님이 가능한 한 빨리 패키지를 받을 수 있도록 최선을 다하고 있으며 고객님의 협조에 진심으로 감사드립니다.
BILQ,내 물건이 언제 도착하는지 어디서 알 수 있어?,배송,배송 기간 확인,"저희는 고객님의 상품 진행 상황을 추적하고 상품 도착을 기대하는 고객님의 열망을 이해합니다. 예상 배송일을 확인하려면 당사 웹사이트를 방문하여 ""주문 추적"" 또는 ""배송 추적"" 섹션으로 이동하십시오. 여기에서 구매와 관련된 [주문/송장번호] 또는 [주문/송장번호]를 입력하라는 메시지가 표시됩니다. 이 정보를 입력하면 상품 상태 및 예상 배송일에 대한 실시간 업데이트를 확인할 수 있습니다. 이 과정에서 어려움이 발생할 경우 당사 고객 지원팀이 [고객센터전화번호]로 전화하거나 당사 웹사이트 [웹사이트/메뉴]의 라이브 채팅 서비스를 통해 도움을 드릴 수 있습니다. 고객님의 양해에 감사드리며 고객님께 필요한 정보를 제공할 수 있기를 기대합니다."
BIL,상품이 도착하는 데 얼마나 걸리는지 어디서 확인하나요?,배송,배송 기간 확인,상품이 도착하는 데 걸리는 시간을 확인하려면 당사 웹사이트를 방문하여 '주문 추적' 페이지로 이동하세요. 여기에서 [주문/송장번호] 또는 [주문/송장번호]를 입력하여 예상 배송 시간에 대한 최신 정보를 얻을 수 있습니다. 추가 질문이 있거나 도움이 필요한 경우 당사 고객 지원팀이 언제든지 도움을 드릴 수 있습니다. 전화나 라이브 채팅을 통해 문의해 주세요. 저희는 고객님이 원활하고 즐거운 경험을 할 수 있도록 돕기 위해 왔습니다!
BLQZ,내 소포가 언제 도착할지 확인하려고 전화했어,배송,배송 기간 확인,고객님의 소포의 예상 도착 시간에 대해 문의해 주셔서 감사합니다. 정확한 정보를 제공하기 위해 [주문/송장번호] 또는 [주문/송장번호]를 제공해 주시겠습니까? 이를 통해 고객님의 소포를 추적하고 정확한 배송 날짜를 알려드릴 수 있습니다. 저희는 모든 단계에서 고객님을 돕기 위해 여기 있습니다!
B,배송 기간에 대한 정보,배송,배송 기간 확인,저희는 고객님이 주문한 제품의 배송 기간에 대한 정보를 얻고자 하는 고객님의 욕구를 이해합니다. 정확한 세부 정보를 제공하기 위해 [주문/송장번호] 또는 [주문/송장번호]를 제공해 주시겠습니까? 이 정보를 통해 예상 배송일을 결정하는 데 도움을 드릴 수 있습니다. 고객님의 문의 사항을 해결하기 위해 함께 노력하는 동안 고객님의 양해에 진심으로 감사드립니다.
BLQWZ,빌어먹을 로더를 얼마나 빨리 기대할 수 있는지 도와줘,배송,배송 기간 확인,저희는 고객님이 주문한 상품이 언제 도착할 것으로 예상하는지 알고 싶어하는 고객님의 열망을 이해합니다. 정확한 견적을 제공하기 위해 주문 번호나 추적 번호를 알려주시겠습니까? 해당 정보를 통해 최신 배송 세부정보를 제공해 드릴 수 있습니다. 고객님의 인내심과 이해에 감사드립니다.
BL,구매한 상품이 언제 도착하는지 확인하기 위해 전화했습니다.,배송,배송 기간 확인,구매하신 제품의 배송 상태에 대해 전화로 적극적으로 문의해 주셔서 감사드립니다. 가장 정확한 정보를 제공하기 위해 [주문/송장번호] 또는 [주문/송장번호]를 제공해 주시겠습니까? 이 필수 정보를 통해 고객님의 패키지 진행 상황을 추적하고 예상 도착 날짜를 알려드릴 수 있습니다. 고객님의 협조와 인내심에 감사드립니다.
BK,배송 기간,배송,배송 기간 확인,고객님이 패키지의 예상 배송 기간을 알고 싶어 한다는 점을 잘 알고 있습니다. 정확한 정보를 제공하기 위해 [주문/송장번호] 또는 [주문/송장번호]를 제공해 주시겠습니까? 이 정보를 통해 당사는 고객님의 패키지 상태를 확인하고 예상 배송 기간을 알려드릴 수 있습니다. 더 나은 지원을 제공하는 데 협조해 주셔서 감사합니다.
BLQ,배송이 얼마나 빨리 되는지 확인하는 데 도움이 필요해요,배송,배송 기간 확인,배송 예상 도착 시간을 확인하는 데 도움이 필요하신 것으로 알고 있습니다. 가장 정확한 정보를 제공하기 위해 [주문/송장번호] 또는 [주문/송장번호]를 제공해 주시겠습니까? 이 정보를 통해 당사는 고객님의 예상 배송일을 신속하게 결정할 수 있습니다. 이 과정에서 고객님의 인내심과 이해에 감사드립니다!
BLQZ,구매를 얼마나 빨리 예상할 수 있는지 확인하려면 도움이 필요합니다,배송,배송 기간 확인,저희는 고객님이 구매한 상품의 배송을 추적하려는 고객님의 열망을 완전히 이해합니다. 보다 효과적으로 도움을 드리기 위해 [주문/송장번호] 또는 [주문/송장번호]를 제공해 주시겠습니까? 이 정보를 통해 당사는 고객님이 구매한 제품이 언제 도착할 것으로 예상하는지에 대한 정확한 추정치를 제공할 수 있습니다. 고객님의 양해에 진심으로 감사드립니다!
BCILQZ,내 물건을 얼마나 빨리 받을 수 있는지 확인해야 해요 아아 할 수 있을까요,배송,배송 기간 확인,저희는 고객님의 상품이 언제 도착하는지 알고 싶어하는 고객님의 욕구를 완전히 이해합니다. 이 문제를 해결하기 위해 [주문/송장번호] 또는 [주문/송장번호]를 제공해 주시겠습니까? 이 정보를 통해 당사는 고객님께 배송 시간에 대한 정확한 견적을 제공할 수 있습니다. 가능한 최고의 서비스를 제공하기 위해 함께 노력하는 동안 고객님의 협조와 인내심에 감사드립니다.
BILQ,내 물건이 도착하는 데 보통 얼마나 걸리는지 알 수 있어?,배송,배송 기간 확인,물론입니다! 고객님의 상품 배송 시간에 대해 궁금해하시는 점을 이해합니다. 가장 정확한 견적을 제공하기 위해 [주문/송장번호] 또는 [주문/송장번호]를 제공해 주시겠습니까? 이 정보를 통해 배송 세부정보를 확인하고 고객님의 상품이 언제 도착할 것으로 예상되는지 정확한 정보를 드릴 수 있습니다. 협조해 주셔서 감사합니다!
BIL,내 제품이 얼마나 빨리 나올 수 있는지 어디서 확인할 수 있나요?,배송,배송 기간 확인,저희는 고객님의 제품 진행 상황을 추적하고 예상 도착 시간을 확인하려는 고객님의 열망을 이해합니다. 배송에 대한 정확한 정보를 제공하기 위해 구매와 관련된 [주문/송장번호] 또는 [주문/송장번호]를 제공해 주시기 바랍니다. 이 정보가 있으면 신속하게 제품 상태를 확인하고 예상 배송일을 알려드릴 수 있습니다. 고객 만족을 보장하기 위해 함께 노력하는 동안 고객님의 인내와 협력에 크게 감사드립니다.
BILW,내 빌어먹을 소포가 도착하는 데 얼마나 걸리는지 어떻게 알 수 있나요?,배송,배송 기간 확인,저희는 고객님의 소포의 예상 배송 시간을 알고 싶어하는 고객님의 좌절감과 열의를 이해합니다. [주문/송장번호] 또는 [주문/송장번호]를 제공해 주시겠습니까? 해당 정보를 통해 가장 정확한 배송 기간 예측을 제공할 수 있습니다. 고객님의 소포를 추적하는 데 도움을 드리는 동안 고객님의 이해와 인내심에 감사드립니다.
BL,배송이 도착하는데 얼마나 걸리는지 확인하려고 전화했어요,배송,배송 기간 확인,저희는 고객님의 배송물 수령에 대한 열망을 이해하며 예상 도착 시간을 확인하는 데 기꺼이 도움을 드리겠습니다. 정확한 정보를 제공하기 위해 배송과 관련된 [주문/송장번호] 또는 [주문/송장번호]를 제공해 주시기 바랍니다. 이 정보를 통해 예상 배송일에 대한 정확한 업데이트를 제공할 수 있습니다. 이 문제를 지원하는 동안 고객님의 협조와 인내심에 감사드립니다.
BL,내 패키지가 도착하는 데 얼마나 걸리는지 확인하기 위해 전화했습니다.,배송,배송 기간 확인,저희는 패키지의 진행 상황과 예상 도착 시간을 추적하려는 고객님의 열정을 진심으로 소중히 여깁니다. 가장 정확한 정보를 제공하기 위해 구매와 관련된 [주문/송장번호] 또는 [주문/송장번호]를 요청해도 될까요? 이 정보를 통해 정확한 예상 배송일을 알려드릴 수 있습니다. 원활하고 만족스러운 경험을 보장하기 위해 함께 노력하는 동안 고객님의 인내심과 이해에 감사드립니다.
BLQZ,내가 구매한 상품이 언제 도착하는지 알 수 있게 도와주세요,배송,배송 기간 확인,구매 진행 상황을 추적하고 도착 시간을 추정하려는 고객님의 기대를 이해합니다. 가장 정확한 정보를 제공하기 위해 [주문/송장번호] 또는 [주문/송장번호]를 제공해 주시겠습니까? 이러한 세부 정보를 통해 배송 날짜에 대한 정확한 업데이트를 제공할 수 있습니다. 고객님의 협조와 인내심에 감사드립니다!
BILQZ,배송에 얼마나 걸리는지 확인하려면 어떻게 해야 하나요?,배송,배송 기간 확인,배송 추적 및 예상 도착 시간 확인에 대한 고객님의 호기심을 이해합니다. 배송 상태와 예상 배송 기간을 확인하려면 당사 웹사이트를 방문하여 지정된 추적 섹션에 [주문/송장번호] 또는 [주문/송장번호]를 입력하세요. 패키지 진행 상황과 예상 배송일에 대한 실시간 업데이트를 받아보실 수 있습니다. 추가 질문이 있거나 도움이 필요한 경우 당사 고객 지원팀이 언제든지 도움을 드릴 수 있습니다.
BLZ,아들이 내 주문을 어떻게 기대할 수 있는지 확인하는 데 도움이 필요합니다,배송,배송 기간 확인,저희는 주문을 받고 싶어하는 고객님의 열망과 주문이 언제 도착하는지 아는 것이 얼마나 중요한지 이해합니다. 정확한 정보를 제공하기 위해 [주문/송장번호] 또는 [주문/송장번호]를 제공해 주시겠습니까? 이 정보를 통해 예상 배송 날짜와 사용 가능한 추적 업데이트를 제공할 수 있습니다. 고객님의 주문을 추적하는 데 도움을 드리기 때문에 고객님의 양해에 진심으로 감사드립니다.
BLW,내 빌어먹을 주문을 얼마나 빨리 받을 수 있는지 알아봐야겠어,배송,배송 기간 확인,저희는 고객님의 주문을 가능한 한 빨리 받기를 바라는 고객님의 불만과 조바심을 이해합니다. 정확한 배송 시간 추정을 제공하기 위해 [주문/송장번호] 또는 [주문/송장번호]를 제공해 주시겠습니까? 이 정보를 통해 당사는 고객님의 패키지를 추적하고 업데이트된 배송 날짜를 알려드릴 수 있습니다. 불편을 끼쳐드려 죄송하며 양해해 주셔서 감사합니다.
BIQZ,배송을 얼마나 빨리 받을 수 있는지 확인하는 데 도움을 주실 수 있나요?,배송,배송 기간 확인,저희는 고객님이 배송을 언제 기대할 수 있는지 알고 싶어하는 고객님의 열망을 진심으로 이해합니다. 정확한 견적을 제공하기 위해 [주문/송장번호] 또는 [주문/송장번호]를 제공해 주시겠습니까? 이 정보를 통해 당사는 고객님의 주문 상태를 확인하고 가장 빠른 배송 예상 시간을 알려드릴 수 있습니다. 이 문제에 대한 고객님의 협조에 진심으로 감사드립니다.
BLQZ,내 제품이 도착하는 데 얼마나 걸리는지 확인하려고 해요,배송,배송 기간 확인,저희는 고객님의 제품 배송 시간을 추적하려는 고객님의 욕구를 이해합니다. 가장 정확한 정보를 제공하기 위해 [주문/송장번호] 또는 [주문/송장번호]를 공유해 주시겠습니까? 이를 통해 예상 도착 날짜를 추정해 드릴 수 있습니다. 이 문제에 대한 고객님의 인내와 협조에 감사드립니다.
BIL,내 패키지가 언제 도착할지 어떻게 알 수 있나요?,배송,배송 기간 확인,저희는 고객님의 패키지 배송 시간에 대한 고객님의 호기심을 이해합니다. 진행 상황과 예상 도착 날짜를 추적하려면 당사 웹사이트에서 고객님의 계정에 로그인하거나 제공된 추적 번호를 사용하십시오. 당사 시스템은 패키지 위치 및 예상 배송 날짜에 대한 최신 정보를 표시합니다. 어려움이 있거나 추가 지원이 필요한 경우 고객 지원팀이 도움을 드릴 수 있습니다.
BCIL,"내 물건이 언제 도착하는지 확인해야 하는데, 어떻게 해야 하나요?",배송,배송 기간 확인,고객님의 상품이 언제 도착하는지 알고 싶은 고객님의 호기심을 이해합니다. 예상 배송 시간을 확인하려면 당사 웹사이트를 방문하여 '주문 추적' 섹션으로 이동하세요. 여기에서 구매와 관련된 [주문/송장번호] 또는 [주문/송장번호]를 입력해야 합니다. 고객님이 필요한 세부 정보를 제공하면 당사 시스템은 고객님 품목의 예상 도착 시간에 관한 최신 정보를 표시합니다. 문제가 발생하거나 추가 지원이 필요한 경우 주저하지 말고 고객 지원팀에 문의하세요. [운영시간/기간]([고객센터전화번호]) 또는 당사 웹사이트([웹사이트/메뉴])의 라이브 채팅을 통해 이용 가능합니다. 저희는 고객님의 기다림을 좀 더 견딜 수 있도록 돕기 위해 왔습니다!
BILZ,내 기사가 언제 도착하는지 확인하도록 도와주실 수 있나요?,배송,배송 기간 확인,저희는 고객님의 기사를 받고 예상 도착 시간을 추적하려는 고객님의 열망을 이해합니다. 도움을 드리기 위해 [주문/송장번호] 또는 [주문/송장번호]를 제공해 주시겠습니까? 이 정보를 통해 예상 배송일에 대한 정확한 업데이트를 제공할 수 있습니다. 고객님의 양해에 진심으로 감사드립니다.
BLQ,내 기사를 얼마나 빨리 기대할 수 있는지 확인하려면 도움이 필요합니다.,배송,배송 기간 확인,고객님의 기사가 언제 도착할 것으로 예상되는지 알고 싶어한다는 것을 이해합니다. 가장 정확한 정보를 제공하기 위해 [주문/송장번호] 또는 [주문/송장번호]를 제공해 주시겠습니까? 이 정보를 통해 예상 배송 시간을 확인하고 확실한 답변을 드릴 수 있습니다. 고객님의 문의 사항을 해결하기 위해 함께 노력하는 동안 고객님의 인내심과 이해에 크게 감사드립니다.
BQ,내 상품이 언제 도착하는지 확인하는 데 도움이 필요합니다,배송,배송 기간 확인,상품의 예상 도착 시간을 확인하는 데 도움을 요청해 주셔서 감사합니다. 가장 정확한 정보를 제공하기 위해 [주문/송장번호] 또는 [주문/송장번호]를 제공해 주시겠습니까? 이를 통해 당사는 고객님의 품목을 추적하고 배송 상태에 대한 자세한 업데이트를 제공할 수 있습니다. 저희는 고객 만족을 보장하기 위해 최선을 다하고 있으며 고객님의 문의 사항을 신속하게 해결하기를 기대합니다.
BEL,배송이 얼마나 걸리는지 어떻게 알 수 있나요?,배송,배송 기간 확인,저희는 배송 추적 및 예상 배송 시간 결정에 대한 고객님의 불확실성을 완전히 이해합니다. 이에 대한 도움을 받으려면 당사 웹사이트의 추적 페이지를 방문하여 [주문/송장번호] 또는 [주문/송장번호]를 입력하는 것이 좋습니다. 이를 통해 배송 상태 및 예상 도착에 대한 실시간 업데이트를 제공받을 수 있습니다. 추가 지원이 필요하거나 다른 질문이 있는 경우 언제든지 알려주시기 바랍니다. 우리가 도와드리겠습니다!
BL,내 패키지가 언제 도착할지 확인해야 해요,배송,배송 기간 확인,내가 해낼게! 저는 패키지의 예상 도착 시간을 아는 것이 중요하다는 것을 이해합니다. 정확한 정보를 제공하기 위해 패키지와 관련된 [주문/송장번호] 또는 [주문/송장번호]를 알려주시겠습니까? 정보가 확보되면 패키지 추적을 도와드리고 예상 배송 날짜를 알려드릴 수 있습니다. 원활한 배송 경험을 보장하기 위해 함께 노력하는 동안 양해해 주셔서 감사합니다.
BLQ,기사를 얼마나 빨리 받을 수 있는지 확인하는 데 도움이 됩니다.,배송,배송 기간 확인,고객님의 기사가 언제 도착할지 알고 싶어하는 고객님의 열망을 이해합니다. 정확한 견적을 제공하기 위해 [주문/송장번호] 또는 [주문/송장번호]를 제공해 주시겠습니까? 해당 정보를 통해 예상 배송일에 대한 정확한 업데이트를 제공해 드릴 수 있습니다. 이 문제를 지원하는 동안 고객님의 협조와 인내심에 감사드립니다.
BLQZ,내 기사가 언제 도착할지 확인하는 데 도움이 필요해요,배송,배송 기간 확인,저희는 고객님의 기사 진행 상황을 추적하고 예상 도착 시간을 결정하려는 고객님의 기대와 바람을 이해합니다. 이 문제를 해결하기 위해 [주문/송장번호] 또는 [주문/송장번호]를 제공해 주시겠습니까? 이 정보를 통해 당사는 고객님의 기사 배송에 대한 가장 정확한 업데이트를 제공할 수 있습니다. 고객님의 양해에 감사드리며 고객님의 문의에 도움이 되기를 기대합니다.
BL,주문한 상품이 언제 도착하는지 확인하기 위해 전화했습니다.,배송,배송 기간 확인,고객님의 주문에 대한 예상 도착 시간을 알고 싶어하시는 고객님의 기대를 이해합니다. 더 나은 지원을 위해 [주문/송장번호] 또는 [주문/송장번호]를 제공해 주시겠습니까? 이 정보를 통해 당사는 고객님의 주문 진행 상황과 예상 배송 날짜에 대한 가장 정확하고 최신 정보를 제공할 수 있습니다. 고객님의 인내와 협조에 진심으로 감사드립니다!
BL,내 상품을 얼마나 빨리 받을 수 있는지 확인하는 데 도움이 됩니다.,배송,배송 기간 확인,고객님의 상품에 대한 예상 배송 시간을 알고 싶어하시는 고객님의 기대를 이해합니다. 가장 정확한 정보를 제공하기 위해 [주문/송장번호] 또는 [주문/송장번호]를 제공해 주시겠습니까? 해당 정보를 통해 고객님의 상품이 도착할 것으로 예상되는 정확한 예상 시간을 알려드릴 수 있습니다. 고객님의 패키지를 추적하기 위해 협력하는 동안 고객님의 양해에 진심으로 감사드립니다.
BL,내 제품이 언제 도착하는지 확인하려고 합니다.,배송,배송 기간 확인,저희는 고객님의 제품 배송 상태를 추적하려는 고객님의 열망을 이해하고 제품이 언제 도착할지 알고 있습니다. 도움을 드리기 위해 [주문/송장번호] 또는 [주문/송장번호]를 제공해 주시겠습니까? 이 정보를 통해 당사는 고객님께 배송일에 대한 정확한 견적을 제공할 수 있습니다. 이 문제에 대한 고객님의 인내와 협조에 감사드립니다.
BCL,내 상품을 얼마나 빨리 받을 수 있는지 알고 싶습니다. 도와주세요.,배송,배송 기간 확인,저희는 고객님의 상품의 예상 도착 시간을 알고 싶어하는 고객님의 기대와 열의를 이해합니다. 더 나은 지원을 위해 [주문/송장번호] 또는 [주문/송장번호]를 제공해 주시겠습니까? 해당 정보를 통해 당사는 고객님의 상품 상태를 확인하고 배송 시간에 대한 정확한 견적을 제공할 수 있습니다. 이해와 인내심에 감사드립니다.
BQZ,내 물건이 언제 도착하는지 확인하려고 전화했어요,배송,배송 기간 확인,고객님의 전화 통화와 고객님의 상품 도착에 대한 고객님의 우려에 감사드립니다. 정확한 업데이트를 제공하기 위해 [주문/송장번호] 또는 [주문/송장번호]를 제공해 주시겠습니까? 해당 정보를 통해 고객님의 상품 상태를 확인하고 예상 배송일을 알려드릴 수 있습니다. 문의해주셔서 감사합니다. 최선을 다해 도와드리겠습니다!
BIL,내 주문이 언제 도착하는지 확인하는 데 도움을 주실 수 있나요?,배송,배송 기간 확인,저희는 고객님의 주문을 받고 싶어하는 고객님의 열망을 이해하며 예상 도착 시간을 확인하는 데 기꺼이 도움을 드리겠습니다. 가장 정확한 정보를 제공하기 위해 [주문/송장번호] 또는 [주문/송장번호]를 제공해 주시겠습니까? 해당 정보를 통해 당사는 고객님의 주문을 신속하게 추적하고 주문 상태 및 예상 배송 날짜에 대한 업데이트를 제공할 수 있습니다. 원활한 배송 절차를 보장하기 위해 노력하고 있으므로 양해해 주셔서 감사합니다.
BELQ,배송이 얼마나 걸리는지 어떻게 해야할지 모르겠어요,배송,배송 기간 확인,배송 절차 기간 결정에 관해 문의해 주셔서 감사합니다. 정확한 정보를 제공하기 위해 배송과 관련된 [주문/송장번호] 또는 [주문/송장번호]를 제공해 주시겠습니까? 이 정보를 통해 예상 배송 기간을 알려드릴 수 있습니다. 고객님의 문의 사항을 해결하기 위해 함께 노력하는 동안 고객님의 양해에 진심으로 감사드립니다.
BIL,배송은 언제쯤 받을 수 있나요?,배송,배송 기간 확인,저희는 배송물을 받고 싶어하는 고객님의 열망을 완전히 이해하며 예상 도착 시간에 도움을 드리고 있습니다. 가장 정확한 정보를 제공하기 위해 [주문/송장번호] 또는 [주문/송장번호]를 제공해 주시겠습니까? 해당 정보를 통해 배송 상태를 확인하고 정확한 견적을 드릴 수 있습니다. 가능한 최고의 서비스를 제공하기 위해 노력하는 동안 고객님의 양해에 진심으로 감사드립니다.
BEL,제품이 얼마나 빨리 나올지 어떻게 알 수 있나요?,배송,배송 기간 확인,제품의 예상 도착 시간을 확인하는 방법에 대해 확신이 없으신 것으로 알고 있습니다. 걱정하지 마세요. 저희가 안내해 드리겠습니다. 정확한 정보를 제공하기 위해 [주문/송장번호] 또는 [주문/송장번호]를 제공해 주시겠습니까? 정보가 확보되면 예상 배송일을 결정하는 데 도움을 드릴 수 있습니다.
BLQ,소포를 얼마나 빨리 받을 수 있는지 알려주세요,배송,배송 기간 확인,저희는 고객님이 소포 도착을 언제 예상할 수 있는지 알고 싶어하는 고객님의 열망을 이해합니다. 정확한 견적을 제공하기 위해 [주문/송장번호] 또는 [주문/송장번호]를 제공해 주시겠습니까? 해당 정보를 통해 당사는 예상 배송 날짜를 결정하고 고객님께 필요한 업데이트를 제공할 수 있습니다. 고객님의 인내심에 감사드립니다!
BIL,배송은 언제쯤 받을 수 있는지 어디서 확인하나요?,배송,배송 기간 확인,배송물의 예상 도착 시간을 확인하는 것에 대해 궁금해하시는 점을 이해합니다. 가장 정확한 정보를 제공하기 위해 [주문/송장번호] 또는 [주문/송장번호]를 제공해 주시겠습니까? 이 정보를 통해 배송 상태와 예상 배송 날짜를 확인할 수 있는 올바른 장소로 안내해 드릴 수 있습니다. 고객님의 협조에 진심으로 감사드립니다!
BILQ,배송이 얼마나 걸리는지 어떻게 알 수 있어?,배송,배송 기간 확인,패키지의 예상 배송 시간을 확인하는 방법에 대해 궁금하신 점을 이해합니다. 저희는 고객님을 돕기 위해 왔습니다. 정확한 정보를 제공하기 위해 배송과 관련된 [주문/송장번호] 또는 [주문/송장번호]를 제공해 주시겠습니까? 이를 통해 당사는 고객님의 패키지 도착 예정일에 관한 최신 세부정보를 제공할 수 있습니다. 고객님의 인내심에 진심으로 감사드립니다!
BIQ,상품을 얼마나 빨리 받을 수 있는지 확인할 수 있나요,배송,배송 기간 확인,상품 예상 도착 시간에 대해 문의해 주셔서 감사합니다. 저는 가능한 한 빨리 그것을 받고 싶어하는 고객님의 열망을 충분히 이해합니다. 정확한 정보를 제공하기 위해 [주문/송장번호] 또는 [주문/송장번호]를 문의해도 될까요? 이 정보를 통해 고객님의 상품 상태를 확인하고 예상 배송일을 알려드릴 수 있습니다. 원활한 경험을 제공하기 위해 노력하는 동안 고객님의 양해에 진심으로 감사드립니다.
BCL,구매한 제품이 언제 도착하는지 확인해야 합니다. 도와주세요.,배송,배송 기간 확인,저희는 고객님이 구매한 제품의 배송을 추적하고 즉시 받기를 원하는 고객님의 열망을 이해합니다. 정확한 지원을 위해 구매와 관련된 [주문/송장번호] 또는 [주문/송장번호]를 제공해 주시겠습니까? 해당 정보를 통해 예상 도착 시간을 알려드릴 수 있습니다. 고객님의 협조와 인내심에 감사드립니다.
BLQ,내 배송품이 언제 도착할지 확인하는 데 도움이 필요합니다,배송,배송 기간 확인,저희는 배송품의 예상 도착 시간을 알고 싶어하는 고객님의 열망을 이해합니다. 가장 정확한 정보를 제공하기 위해 [주문/송장번호] 또는 [주문/송장번호]를 제공해 주시겠습니까? 해당 정보를 통해 당사는 고객님의 배송을 추적하고 배송 상태에 대한 업데이트를 제공할 수 있습니다. 고객님의 인내와 협조에 감사드립니다.
BLZ,내 제품을 얼마나 빨리 기대할 수 있는지 확인하는 지원,배송,배송 기간 확인,저희는 고객님이 제품을 얼마나 빨리 기대할 수 있는지 알고 싶어하는 고객님의 열망을 이해합니다. 정확한 견적을 제공하기 위해 [주문/송장번호] 또는 [주문/송장번호]를 제공해 주시겠습니까? 해당 정보를 통해 당사는 고객님의 제품을 찾고 예상 배송일에 대한 업데이트를 제공할 수 있습니다. 이 문제에 대해 고객님의 인내심과 협조에 감사드립니다.
BL,소포를 얼마나 빨리 받을 수 있는지 도움을 받고 싶습니다.,배송,배송 기간 확인,"저희는 고객님이 소포를 받고 나서 예상 도착 시간을 알고 싶어하는 마음을 이해합니다. 정확한 정보를 제공하기 위해 [주문/송장번호] 또는 [주문/송장번호]를 제공해 주시겠습니까? 일단 정보가 확보되면, 고객님이 소포를 언제 받을 수 있을지 정확한 견적을 드릴 수 있습니다. 고객님의 양해와 협조에 감사드립니다."
BL,구매한 상품이 도착하는 데 시간이 얼마나 걸리는지 확인해야 합니다.,배송,배송 기간 확인,저희는 고객님이 구매한 배송 시간을 추적하고 추정해야 한다는 점을 이해합니다. 정확한 정보를 제공하기 위해 [주문/송장번호] 또는 [주문/송장번호]를 제공해 주시겠습니까? 해당 정보를 통해 당사는 고객님의 현재 구매 상태를 파악하고 예상 배송 기간을 제공할 수 있습니다. 이 과정에서 고객님의 인내와 협조에 큰 감사를 드립니다.
B,배송에 걸리는 시간 확인 지원,배송,배송 기간 확인,저희는 배송 기간을 알고 싶어하는 고객님의 욕구를 이해합니다. 가장 정확한 정보를 제공하기 위해 [주문/송장번호] 또는 [주문/송장번호]를 제공해 주시겠습니까? 이 데이터를 통해 고객님의 상품이 도착하는 데 걸리는 시간을 추정할 수 있습니다. 이 과정 전반에 걸쳐 도움을 드리는 동안 고객님의 양해에 진심으로 감사드립니다.
BL,내 패키지를 얼마나 빨리 받을 수 있는지 확인하는 데 도움이 필요합니다.,배송,배송 기간 확인,"저희는 고객님의 패키지 수령에 대한 고객님의 열정과 예상 도착 시간을 알고 싶어하는 고객님의 희망을 이해합니다. 가장 정확한 정보를 제공하기 위해 [주문/송장번호] 또는 [주문/송장번호]를 제공해 주시겠습니까? 해당 정보를 통해 당사는 고객님의 패키지를 추적하고 예상 배송 날짜에 대한 업데이트를 제공할 수 있습니다. 고객님의 인내심에 감사드리며, 저희는 모든 단계에서 고객님을 도와드릴 것입니다."
BLQ,내 제품을 얼마나 빨리 받을 수 있는지 도움을 받고 싶습니다.,배송,배송 기간 확인,저희는 고객님의 제품을 받고 싶어하는 고객님의 열망을 이해하며 예상 배송 시간을 기꺼이 알려 드리겠습니다. 추가 지원을 위해 고객님의 제품에 대한 [주문/송장번호] 또는 [주문/송장번호]를 요청해 주시기 바랍니다. 이를 통해 당사는 고객님의 주문을 추적하고 예상 도착에 관한 가장 정확한 정보를 제공할 수 있습니다. 이해와 인내심에 감사드립니다.
BLQ,배송이 얼마나 빨리 올 수 있는지 도움을 받고 싶습니다.,배송,배송 기간 확인,저희는 배송물을 받고 진행 상황을 추적하려는 고객님의 열망을 이해합니다. 이 문제를 해결하기 위해 [주문/송장번호] 또는 [주문/송장번호]를 제공해 주시겠습니까? 이 정보가 확보되면 고객님의 배송품이 도착할 것으로 예상되는 정확한 예상 시간을 고객님께 제공할 수 있습니다. 이 문제에 대한 고객님의 인내와 협조에 감사드립니다.
BLQZ,배송에 시간이 얼마나 걸리는지 확인하는 데 도움이 필요합니다.,배송,배송 기간 확인,저희는 배송물의 예상 배송 시간에 대한 업데이트를 받고 싶어하는 고객님의 열망을 이해합니다. 정확한 정보를 제공하기 위해 배송과 관련된 [주문/송장번호] 또는 [주문/송장번호]를 제공해 주시기 바랍니다. 이 정보를 통해 당사는 고객님의 화물 예상 도착 시간에 대한 최신 정보를 제공할 수 있습니다. 배송 추적을 지원하는 동안 고객님의 협조와 인내심에 감사드립니다.
BCEI,배송 기간을 알아보고 싶은데 도와주실 수 있나요?,배송,배송 기간 확인,"과연! 저희는 고객님이 당사 서비스의 배송 기간을 알아야 함을 이해합니다. 더 나은 지원을 위해 [주문/송장번호], [주문/송장번호] 또는 배송과 관련된 관련 세부 정보를 제공해 주시겠습니까? 이 정보를 통해 예상 배송 기간에 대한 정확한 정보를 제공할 수 있습니다. 고객님의 인내심에 깊은 감사를 드립니다. 저희는 모든 단계에서 고객님을 도와드릴 것입니다!"
BILQ,내 제품이 언제 도착하는지 어떻게 확인할 수 있나요?,배송,배송 기간 확인,"고객님의 제품 도착에 대한 고객님의 궁금증을 이해합니다. 예상 배송 날짜를 확인하려면 주문 확인 이메일에 제공된 추적 번호를 사용하세요. 당사 웹사이트를 방문하여 ""주문 추적"" 또는 ""내 주문 추적"" 섹션으로 이동하십시오. 거기에 운송장번호를 입력하시면 최신 상태와 예상 배송 시간을 확인하실 수 있습니다. 추적 번호를 찾을 수 없는 경우 고객 지원팀에 문의하시면 기꺼이 도와드리겠습니다."
BILQZ,내 기사를 얼마나 빨리 기대할 수 있는지 어디에서 확인하세요,배송,배송 기간 확인,"저희는 고객님의 기사가 언제 도착할지 알고 싶어하는 고객님의 호기심과 열망을 완전히 이해합니다. 가장 정확한 정보를 제공하기 위해 고객님의 기사와 관련된 [주문/송장번호] 또는 [주문/송장번호]를 제공해 주시겠습니까? 해당 정보를 통해 예상 배송 날짜를 알려드리고 진행 상황에 대해 계속 업데이트해 드릴 수 있습니다. 고객님의 양해에 진심으로 감사드리며, 신속하게 도움을 드릴 수 있도록 최선을 다하겠습니다."
BL,배송이 도착하는 데 얼마나 걸리는지 확인하고 싶어요,배송,배송 기간 확인,배송 예상 도착 시간을 확인하는 데 도움을 드리기 위해 보내주신 메시지에 감사드립니다. 가장 정확한 정보를 제공하기 위해 [주문/송장번호] 또는 [주문/송장번호]를 제공해 주시겠습니까? 해당 정보를 통해 정확한 배송 날짜를 예측할 수 있습니다. 이 문제를 해결하는 동안 기다려 주셔서 감사합니다.
BLQ,패키지를 얼마나 빨리 받을 수 있는지 확인하는 데 도움을 주세요,배송,배송 기간 확인,"저희는 고객님의 패키지를 받고 싶어하는 고객님의 열망을 이해하며 예상 배송 시간에 대해 기꺼이 도와드리겠습니다. 더 나은 지원을 위해 [주문/송장번호] 또는 [주문/송장번호]를 제공해 주시겠습니까? 이 정보를 통해 당사는 고객님의 패키지가 도착할 것으로 예상되는 정확한 예상 시간을 고객님께 제공할 수 있습니다. 고객님의 양해에 진심으로 감사드리며, 원활한 배송 경험을 보장하기 위해 최선을 다하고 있습니다."
BLQ,배송이 얼마나 빨리 올 수 있는지 확인하는 데 도움이 됩니다,배송,배송 기간 확인,고객님이 배송물의 예상 도착 시간을 결정하기 위해 도움을 구하고 있다는 것을 이해합니다. 정확한 정보를 제공하기 위해 [주문/송장번호] 또는 [주문/송장번호]를 사용해도 될까요? 이 정보를 통해 예상 배송일에 대한 최신 정보를 제공할 수 있습니다. 양해해 주셔서 감사드리며 앞으로도 더 많은 도움을 드리겠습니다!
BLQZ,배송이 얼마나 빨리 올 수 있는지 확인하고 싶습니다.,배송,배송 기간 확인,예상 배송 시간을 결정하는 데 도움이 필요하다는 점을 인정합니다. 가장 정확한 정보를 제공하기 위해 배송과 관련된 [주문/송장번호] 또는 [주문/송장번호]를 제공해 주시겠습니까? 이렇게 하면 세부 정보를 신속하게 확인하고 예상 도착 날짜를 알려드릴 수 있습니다. 고객님의 인내와 협조에 진심으로 감사드립니다.
BCL,주문이 얼마나 빨리 예상되는지 확인해야 합니다. 도와주세요.,배송,배송 기간 확인,저희는 주문 진행 상황을 추적하고 예상 도착 시간을 확인하려는 고객님의 호기심과 열망을 완전히 이해합니다. 정확한 정보를 제공하기 위해 [주문/송장번호] 또는 [주문/송장번호]를 제공해 주시겠습니까? 이 정보를 통해 더 나은 도움을 드릴 수 있습니다. 협조해 주셔서 감사합니다.
BLQ,내 상품을 얼마나 빨리 받을 수 있는지 어떻게 알 수 있나요?,배송,배송 기간 확인,"상품의 예상 도착 시간을 확인하는 방법에 대해 확신이 없으신 점을 충분히 이해합니다. 걱정하지 마세요. 저희가 도와드리겠습니다! 배송 진행 상황을 추적하고 배송 시간을 확인하려면 당사 웹사이트를 방문하여 계정에 로그인하세요. 로그인한 후 ""주문 내역"" 섹션으로 이동하여 관심 있는 특정 주문을 찾을 수 있습니다. 여기에서 예상 배송 날짜와 사용 가능한 추적 정보를 확인할 수 있습니다. 어려움이 있거나 추가 지원이 필요한 경우 언제든지 고객 지원팀에 문의하세요. 절차를 안내해 드릴 것입니다."
BILQZ,어디에서 주문을 언제 받을 수 있는지 확인하세요,배송,배송 기간 확인,고객님의 주문이 얼마나 빨리 도착하는지 알고 싶어하는 고객님의 기대를 이해합니다. 정확한 정보를 제공하기 위해 [주문/송장번호] 또는 [주문/송장번호]를 제공해 주시겠습니까? 이 정보를 통해 당사는 고객님의 주문을 추적하고 예상 배송일을 알려드릴 수 있습니다. 이번 여행에서 더 나은 도움을 드릴 수 있도록 협조해 주셔서 감사합니다!
BILQZ,주문이 얼마나 빨리 올지 알 수 있을까요,배송,배송 기간 확인,저희는 고객님의 주문을 추적하고 언제 도착할지 알고 싶어하는 고객님의 열망을 이해합니다. 정확한 정보를 제공하기 위해 [주문/송장번호] 또는 [주문/송장번호]를 제공해 주시겠습니까? 이러한 세부정보를 통해 당사는 고객님의 주문에 대한 예상 배송일을 결정할 수 있습니다. 양해해 주셔서 감사드리며 앞으로도 더 많은 도움을 드리겠습니다.
BL,소포가 도착하는 데 시간이 얼마나 걸리는지 확인하도록 도와주세요,배송,배송 기간 확인,저희는 고객님의 패키지가 언제 목적지에 도착할지 알고 싶어하는 고객님의 열망을 이해합니다. 가장 정확한 정보를 제공하기 위해 [주문/송장번호] 또는 [주문/송장번호]를 제공해 주시겠습니까? 해당 정보를 통해 당사는 고객님의 패키지 상태를 확인하고 예상 배송 시간을 알려드릴 수 있습니다. 고객님의 양해에 진심으로 감사드립니다.
BCIL,내 물건이 언제 도착하는지 확인해야 하는데 도와주실 수 있나요?,배송,배송 기간 확인,저희는 고객님의 상품이 언제 도착할지 알고 싶어하는 고객님의 열망을 이해합니다. 정확한 정보를 제공하기 위해 [주문/송장번호] 또는 [주문/송장번호]를 제공해 주시겠습니까? 이 정보를 통해 예상 배송일을 알려드릴 수 있습니다. 이 문제를 해결하는 동안 기다려 주셔서 감사합니다.
BLQ,내 물건이 언제 도착하는지 어떻게 확인하는지 모르겠어요,배송,배송 기간 확인,"상품 도착을 추적하는 방법에 대해 확신이 없으신 것으로 알고 있습니다. 걱정하지 마세요. 저희가 도와드리겠습니다! 배송 상태를 확인하려면 당사 웹사이트를 방문하여 ""주문 추적"" 또는 ""내 주문 추적"" 섹션으로 이동하십시오. 배송 진행 상황에 대한 실시간 업데이트를 받으려면 여기에서 [주문/송장번호] 또는 [주문/송장번호]를 입력해야 합니다. 여전히 문제가 있는 경우 알려주시면 기꺼이 추가 지원을 해드리겠습니다."
B,배송 기간에 대한 정보를 찾아보세요,배송,배송 기간 확인,저희는 고객님이 배송 기간에 대한 정보를 얻고자 하는 필요성을 이해합니다. 정확한 견적을 제공할 수 있도록 [주문/송장번호] 또는 [주문/송장번호]를 제공해 주시겠습니까? 이 정보를 통해 당사는 고객님의 패키지 예상 도착 시간에 대한 정확한 세부 정보를 제공할 수 있습니다. 더 나은 서비스를 제공할 수 있도록 협조해 주셔서 감사합니다.
BCIL,상품이 언제 도착하는지 확인하고 싶은데 어떻게 하면 되나요?,배송,배송 기간 확인,저희는 고객님의 제품 배송 상태를 추적하려는 고객님의 열망을 이해하고 제품이 언제 도착할지 알고 있습니다. 이 문제를 해결하기 위해 [주문/송장번호] 또는 [주문/송장번호]를 제공해 주시겠습니까? 해당 정보를 통해 예상 배송일에 대한 정확한 견적을 드릴 수 있습니다. 이 문제를 해결하는 데 협조해 주셔서 감사합니다.
BL,배송을 얼마나 빨리 받을 수 있는지 확인하도록 도와주세요,배송,배송 기간 확인,저희는 배송 진행 상황을 추적하고 예상 도착 시간을 확인하려는 고객님의 열망을 이해합니다. 가장 정확한 정보를 제공하기 위해 [주문/송장번호] 또는 [주문/송장번호]를 제공해 주시기 바랍니다. 이를 통해 배송 상태를 확인하고 예상 배송 기간을 알려드릴 수 있습니다. 원활하고 시기적절한 배송 과정을 보장하기 위해 함께 노력하는 동안 고객님의 인내심에 감사드립니다.
BILQ,내가 구매한 건 언제 도착할 거야?,배송,배송 기간 확인,"저희는 고객님이 구매한 상품의 배송 상태에 대해 궁금해하시는 점을 충분히 이해합니다. 가장 정확한 정보를 제공하기 위해 [주문/송장번호] 또는 [주문/송장번호]를 제공해 주시겠습니까? 이를 통해 고객님의 구매를 추적하고 예상 도착일을 알려드릴 수 있습니다. 고객님의 인내심에 진심으로 감사드리며, 저희는 모든 단계에서 고객님을 도와드릴 것입니다."
BLP,배송이 언제 도착하는지 확인하고 싶습니다.,배송,배송 기간 확인,저희는 고객님의 패키지 배송 상태를 추적하고 언제 도착할지 알고 싶은 고객님의 호기심과 기대를 이해합니다. 가장 정확한 정보를 제공하기 위해 [주문/송장번호] 또는 [주문/송장번호]를 제공해 주시겠습니까? 이를 통해 예상 배송일을 알려드릴 수 있습니다. 이 문제에 협조해 주셔서 감사합니다.
BIQ,배송이 얼마나 빨리 올 수 있는지 어디서 확인하나요?,배송,배송 기간 확인,"저희는 고객님의 패키지가 언제 도착하는지에 대한 고객님의 호기심을 이해합니다. 예상 배송 시간을 확인하려면 당사 웹사이트의 추적 페이지를 방문하거나 계정에 로그인하여 ""주문"" 섹션으로 이동하세요. 거기에서 주문의 예상 배송 날짜를 확인할 수 있습니다. 여전히 정보를 찾는 데 어려움이 있는 경우 당사 고객 지원 팀이 예상 배송 시간을 찾는 데 기꺼이 도움을 드릴 것입니다. 지금까지 우리와 함께한 경험은 어땠나요?"
BL,배송이 얼마나 빨리 예상되는지 도움을 받고 싶습니다.,배송,배송 기간 확인,저는 배송물을 받고자 하는 고객님의 열망과 예상 기간을 알고 싶은 고객님의 편입니다. 가장 정확한 정보를 제공하기 위해 [주문/송장번호] 또는 [주문/송장번호]를 제공해 주시겠습니까? 이 정보를 통해 고객님의 예상 배송일을 결정할 수 있습니다. 이 문제에 대해 고객님의 인내와 협조에 감사드립니다!
BQ,항목을 얼마나 빨리 받을 수 있는지 확인하는 데 도움이 됩니다,배송,배송 기간 확인,상품을 받고 싶어하는 고객님의 열망을 이해하고 예상 도착 시간을 확인하는 데 도움을 드리고자 합니다. [주문/송장번호] 또는 [주문/송장번호]를 제공해 주시겠습니까? 이 정보를 통해 당사는 고객님의 상품이 언제 도착할 것으로 예상하는지에 대한 정확한 업데이트를 고객님께 제공할 수 있습니다. 이 문제에 대한 고객님의 협조와 양해에 감사드립니다.
BIL,배송이 도착하는 데 얼마나 걸리는지 어떻게 알 수 있나요?,배송,배송 기간 확인,"저희는 배송 진행 상황과 예상 도착 시간을 추적하려는 고객님의 열망을 이해합니다. 예상 배송 시간을 확인하려면 당사 웹사이트에 로그인하여 ""주문 내역"" 또는 ""주문 추적"" 섹션으로 이동하세요. 여기에서 예상 배송 날짜와 함께 배송 세부정보를 확인할 수 있습니다. 계정이 없는 경우 [주문/송장번호] 또는 [주문/송장번호]를 사용하여 고객 지원팀에 문의하시면 정보를 얻는 데 기꺼이 도움을 드릴 것입니다. 배송을 추적하면 원활한 경험을 보장하고 실시간 업데이트를 제공하는 데 도움이 됩니다. 오늘은 또 어떤 도움을 드릴까요?"
BL,배송이 얼마나 빨리 예상되는지 확인하는 데 도움이 됩니다,배송,배송 기간 확인,저희는 가능한 한 빨리 배송물을 받고 싶어하는 고객님의 열망을 이해합니다. 예상 배송 시간을 확인하려면 배송과 관련된 [주문/송장번호] 또는 [주문/송장번호]를 제공해 주시기 바랍니다. 이 정보를 통해 당사는 고객님의 배송품이 도착할 것으로 예상되는 정확한 예상 시간을 고객님께 제공할 수 있습니다. 원활한 배송 경험을 보장하기 위해 열심히 노력하고 있으므로 양해해 주셔서 감사합니다.
BL,저는 내 소포를 얼마나 빨리 받을 수 있는지 알아보려고 노력한다,배송,배송 기간 확인,저희는 고객님의 소포가 언제 도착할지 알고 싶어하는 고객님의 기대와 열망을 이해합니다. 정확한 견적을 제공하기 위해 [주문/송장번호] 또는 [주문/송장번호]를 제공해 주시겠습니까? 이 정보를 통해 당사는 예상 배송 날짜를 결정하고 고객님의 소포 진행 상황에 대해 계속 업데이트할 수 있습니다. 양해해 주셔서 감사드리며 앞으로도 더 많은 도움을 드리겠습니다.
BILZ,내 패키지가 도착하는 데 얼마나 걸리는지 알 수 있나요?,배송,배송 기간 확인,패키지의 예상 도착 시간에 대해 궁금해하시는 점을 이해합니다. 가장 정확한 정보를 제공하기 위해 [주문/송장번호] 또는 [주문/송장번호]를 제공해 주시겠습니까? 이 정보를 통해 당사는 고객님의 패키지를 쉽게 추적하고 예상 배송 날짜를 제공할 수 있습니다. 고객님의 문의 사항을 해결하는 데 도움을 드리는 동안 고객님의 양해에 진심으로 감사드립니다.
BCEL,배송기간을 알아보려고 하는데 도움이 필요해요,배송,배송 기간 확인,저희는 고객님이 주문한 제품의 배송 기간을 알고 싶어 한다는 점을 이해합니다. 가장 정확한 정보를 제공하기 위해 [주문/송장번호] 또는 [주문/송장번호]를 제공해 주시겠습니까? 이 정보를 통해 당사는 고객님의 주문을 추적하고 예상 배송 기간을 제공할 수 있습니다. 고객님의 인내와 협조에 감사드립니다.
BLQ,얼마나 빨리 구매를 기대할 수 있는지 도움을 받고 싶습니다,배송,배송 기간 확인,고객님이 구매 제품의 예상 배송 시간을 알고 싶어 한다는 점을 이해합니다. 가장 정확한 정보를 제공하기 위해 [주문/송장번호] 또는 [주문/송장번호]를 제공해 주시겠습니까? 이 정보를 공유함으로써 당사는 고객님의 구매를 추적하고 언제 도착할지에 대한 정확한 견적을 제공할 수 있습니다. 고객님의 문의 사항을 신속하고 효율적으로 해결하기 위해 노력하고 있으므로 고객님의 양해에 진심으로 감사드립니다.
BL,내 패키지가 언제 도착하는지 확인하는 데 도움,배송,배송 기간 확인,저희는 고객님의 패키지 배송을 추적하고 예상 도착 시간을 알고 싶어하는 고객님의 열망을 완전히 이해합니다. 가장 정확한 정보를 제공하기 위해 [주문/송장번호] 또는 [주문/송장번호]를 제공해 주시겠습니까? 해당 정보를 통해 당사는 고객님의 패키지가 언제 도착할 것으로 예상되는지에 대한 정확한 견적을 제공할 수 있습니다. 고객님의 인내와 이해에 크게 감사드립니다.
BL,내 상품을 얼마나 빨리 받을 수 있는지 알고 싶습니다.,배송,배송 기간 확인,저희는 고객님이 상품을 받은 것에 대한 기대와 상품이 언제 도착할지 알고 싶어하는 마음을 이해합니다. 정확한 견적을 제공하기 위해 [주문/송장번호] 또는 [주문/송장번호]를 제공해 주시겠습니까? 이 정보를 통해 당사는 고객님의 품목 상태를 확인하고 예상 배송 시간을 결정할 수 있습니다. 이 문제에 대해 도움을 드리는 동안 양해해 주셔서 감사합니다.
BILQ,내 기사를 얼마나 빨리 기대할 수 있는지 확인하도록 도와줄 수 있나요?,배송,배송 기간 확인,기사의 예상 도착 시간에 대해 궁금해해주셔서 감사합니다. 정확한 견적을 제공하기 위해 [주문/송장번호] 또는 [주문/송장번호]를 제공해 주시겠습니까? 해당 정보를 통해 고객님의 기사가 언제 도착할 것으로 예상되는지에 대한 정확한 업데이트를 제공할 수 있습니다. 이 문제에 협조해 주셔서 감사합니다.
BIL,소포를 얼마나 빨리 받을 수 있는지 확인하도록 도와주실 수 있나요?,배송,배송 기간 확인,저희는 고객님의 소포의 예상 도착 시간을 알고 싶어하는 고객님의 열망을 이해합니다. 정확한 정보를 제공하기 위해 [주문/송장번호] 또는 [주문/송장번호]를 제공해 주시겠습니까? 이 정보를 통해 당사는 고객님의 소포 상태를 확인하고 예상 배송일을 고객님께 제공할 수 있습니다. 더 나은 지원을 제공할 수 있도록 협조해 주셔서 감사합니다.
BILP,내 패키지가 언제 도착하는지 확인할 수 있나요?,배송,배송 기간 확인,고객님이 패키지의 예상 도착 날짜를 알고 싶어한다는 것을 이해합니다. 정확한 정보를 제공하기 위해 배송용으로 [주문/송장번호] 또는 [주문/송장번호]를 제공해 주시겠습니까? 이를 통해 당사는 고객님의 패키지 진행 상황을 추적하고 정확한 배송 날짜를 알려드릴 수 있습니다. 고객님의 이해와 양해에 감사드립니다.
BELQZ,내 상품을 얼마나 빨리 받을 수 있는지 확인하는 방법을 모르겠어요,배송,배송 기간 확인,"상품의 예상 도착 시간을 확인하는 방법에 대해 확신이 없으실 수도 있다는 점을 이해합니다. 절차를 안내해 드리겠습니다. 상품의 [주문/송장번호] 또는 [주문/송장번호]를 알려주시면 예상 배송일에 대해 가장 정확한 정보를 제공해 드리겠습니다. 고객 만족이 저희의 최우선 사항이며, 저희는 모든 단계에서 고객님을 지원하기 위해 여기 있습니다."
BL,상품이 도착하는 데 얼마나 걸리는지 확인하려고 합니다.,배송,배송 기간 확인,고객님이 제품의 예상 배송 시간을 알고 싶어 한다는 점을 잘 알고 있습니다. 정확한 정보를 제공하기 위해 [주문/송장번호] 또는 [주문/송장번호]를 제공해 주시겠습니까? 이를 통해 당사는 고객님의 주문을 추적하고 정확한 견적을 제공할 수 있습니다. 고객님의 양해에 진심으로 감사드립니다!
BL,배송물이 도착하는 데 얼마나 걸리는지 확인해야 합니다.,배송,배송 기간 확인,저희는 고객님의 배송물이 언제 배달될지 알고 싶어하는 고객님의 열망을 충분히 이해합니다. 가장 정확한 정보를 제공하기 위해 [주문/송장번호] 또는 [주문/송장번호]를 사용해도 될까요? 이 정보를 통해 예상 배송일을 알려드릴 수 있습니다. 고객님의 문의 사항을 해결하는 동안 기다려 주셔서 감사합니다.
BILW,내 배송이 얼마나 빨리 올지 어떻게 알 수 있어?,배송,배송 기간 확인,저희는 고객님의 배송물이 언제 도착하는지 알고 싶은 긴급함을 이해합니다. 정확한 견적을 제공하기 위해 [주문/송장번호] 또는 [주문/송장번호]를 제공해 주시겠습니까? 이 정보를 통해 예상 배송 시간에 대한 정확한 업데이트를 제공할 수 있습니다. 협조해 주셔서 감사합니다.
BILP,구매한 제품이 언제 도착하는지 어디서 확인할 수 있나요?,배송,배송 기간 확인,구매 진행 상황과 예상 도착 시간을 추적하려는 고객님의 열망을 이해합니다. 가장 정확한 정보를 제공하기 위해 [주문/송장번호] 또는 [주문/송장번호]를 문의해도 될까요? 이러한 세부정보를 통해 당사는 고객님의 구매 상태를 파악하고 예상 배송일을 제공하는 데 도움을 드릴 수 있습니다. 이 문제에 대해 도움을 드리는 동안 양해해 주셔서 감사합니다.
BLZ,내 기사가 언제 도착하는지 확인하려고 합니다.,배송,배송 기간 확인,기사의 예상 도착 시간을 추적하려는 고객님의 열망을 이해합니다. 가장 정확한 정보를 제공하기 위해 [주문/송장번호] 또는 [주문/송장번호]를 제공해 주시겠습니까? 해당 정보를 통해 예상 배송일을 결정하는 데 신속하게 도움을 드릴 수 있습니다. 고객님의 양해에 진심으로 감사드립니다!
BL,배송에 시간이 얼마나 걸리는지 확인하는 데 도움이 필요합니다,배송,배송 기간 확인,"배송 예상 기간에 대해 궁금해하시는 점을 이해합니다. 정확한 정보를 제공하기 위해 [주문/송장번호] 또는 [주문/송장번호]를 요청해 주시기 바랍니다. 이 중요한 데이터를 통해 배송을 추적하고 예상 배송 시간을 제공할 수 있습니다. 고객 만족이 저희의 최우선 사항이며, 저희는 모든 단계에서 고객님을 지원하기 위해 여기 있습니다."
BL,배송이 얼마나 빨리 올 수 있는지 알아보려고 전화했어요,배송,배송 기간 확인,배송 예상 도착 시간에 관해 문의해 주셔서 감사합니다. 저희는 고객님의 패키지를 기다리는 데 따른 기대와 흥분을 이해합니다. 가장 정확한 정보를 제공하기 위해 [주문/송장번호] 또는 [주문/송장번호]를 제공해 주시겠습니까? 이 정보를 통해 배송 상태를 확인하고 예상 배송일을 알려드릴 수 있습니다. 양해해 주셔서 감사드리며 업데이트를 제공할 수 있도록 최선을 다하겠습니다.
BILQ,구매를 얼마나 빨리 예상할 수 있나요?,배송,배송 기간 확인,저희는 고객님이 가능한 한 빨리 구매한 제품을 받기를 바라는 마음을 충분히 이해합니다. 예상 배송 시간을 알려드리기 위해 구매하신 제품의 [주문/송장번호] 또는 [주문/송장번호]를 제공해 주시기 바랍니다. 해당 정보를 통해 고객님이 구매한 제품의 예상 도착일에 대해 보다 정확한 업데이트를 제공할 수 있습니다. 더 나은 서비스를 제공하기 위해 노력하는 동안 고객님의 양해에 진심으로 감사드립니다.
BCIL,"내 제품이 언제 도착하는지 확인해야 하는데, 도와주실 수 있나요?",배송,배송 기간 확인,저희는 제품의 예상 도착 시간을 알고 싶어하는 고객님의 열망을 이해합니다. 가장 정확한 정보를 제공하기 위해 [주문/송장번호] 또는 [주문/송장번호]를 제공해 주시겠습니까? 정보가 확보되면 고객님의 제품이 언제 도착할 것으로 예상하는지에 대한 정확한 추정치를 제공할 수 있습니다. 이 문제를 해결하기 위해 노력하는 동안 고객님의 인내심과 협조에 감사드립니다.
BIL,내 패키지가 언제 도착할지 어디서 확인하나요?,배송,배송 기간 확인,"저희는 고객님의 패키지 추적 및 예상 도착 시간에 대한 정보가 필요하다는 것을 이해합니다. 패키지 상태를 확인하고 언제 도착할지 알아보려면 당사 웹사이트를 방문하여 ""주문 추적"" 또는 ""내 패키지 추적"" 섹션으로 이동하세요. 자세한 업데이트를 위해 [주문/송장번호] 또는 [주문/송장번호]를 입력하라는 메시지가 표시됩니다. 추적 정보를 찾는 데 문제가 있는 경우 언제든지 당사 고객 지원팀([운영시간/기간], [고객센터전화번호])에 문의하거나 당사 웹사이트([웹사이트/메뉴])의 라이브 채팅을 통해 문의하세요. 그들은 고객님의 패키지를 추적하는 데 기꺼이 도움을 드리고 예상 도착에 관한 최신 정보를 제공할 것입니다. 이 과정 전반에 걸쳐 고객님의 인내심과 이해에 감사드립니다."
BCL,소포를 얼마나 빨리 받을 수 있는지 확인해야 합니다. 도와주세요.,배송,배송 기간 확인,"저희는 고객님의 소포를 받고 싶어하는 고객님의 열망을 이해하며 예상 배송 시간을 확인하는 데 기꺼이 도움을 드릴 것입니다. 정확한 정보를 제공하기 위해 [주문/송장번호] 또는 [주문/송장번호]를 제공해 주시겠습니까? 이 정보를 통해 당사는 고객님의 소포 도착 예정일에 대한 업데이트를 고객님께 제공할 수 있습니다. 고객님의 양해에 진심으로 감사드리며, 고객님의 패키지 추적을 도와드리겠습니다."
BCIL,내 패키지가 언제 도착하는지 확인해야 합니다. 어떻게 해야 하나요?,배송,배송 기간 확인,"저희는 패키지 도착을 추적하려는 고객님의 욕구를 이해하며 기꺼이 도와드리겠습니다. 패키지의 예상 배송 시간을 확인하려면 당사 웹사이트를 방문하여 ""주문 추적"" 섹션으로 이동하세요. 추적 번호나 주문 번호를 입력하면 시스템에서 패키지 상태 및 예상 도착 날짜에 관한 최신 정보를 제공합니다. 어려움이 있거나 추가 지원이 필요한 경우 고객 지원팀 [운영시간/기간]([고객센터전화번호])에 문의하세요. 고객님의 패키지를 추적하는 것이 그 어느 때보다 쉬워졌으며, 저희는 고객님의 절차가 원활하게 진행될 수 있도록 도와드리겠습니다."
BLQ,주문한 상품이 도착하는 데 시간이 얼마나 걸리는지 확인하는 데 도움이 필요합니다.,배송,배송 기간 확인,저희는 주문의 예상 도착 시간을 알고 싶어하는 고객님의 기대를 완전히 이해합니다. 이에 도움을 드리기 위해 구매와 관련된 [주문/송장번호]를 요청해 주시기 바랍니다. 이 정보가 확보되면 고객님의 주문이 언제 도착할지에 대한 정확한 견적을 제공할 수 있습니다. 더 나은 서비스를 제공하기 위해 필요한 세부 정보를 수집하는 동안 고객님의 협조와 인내심에 감사드립니다.
BILW,빌어먹을 기사가 얼마나 빨리 나올지 어디서 볼 수 있나요?,배송,배송 기간 확인,기사의 예상 배송 시간을 추적하려는 고객님의 열망을 이해합니다. 가장 정확한 업데이트를 제공하기 위해 [주문/송장번호] 또는 [주문/송장번호]를 제공해 주시겠습니까? 이 정보를 공유함으로써 저희는 고객님을 보다 효과적으로 지원하고 고객님이 찾고 있는 정확한 세부 정보를 제공할 수 있습니다. 이해와 인내심에 감사드립니다.
BL,주문한 상품이 도착하는 데 얼마나 걸리는지 알고 싶습니다.,배송,배송 기간 확인,주문한 상품이 도착하는 데 걸리는 예상 시간을 알고 싶어 하시는 점을 이해합니다. 정확한 정보를 제공하기 위해 [주문/송장번호] 또는 [주문/송장번호]를 제공해 주시겠습니까? 해당 정보를 통해 배송 기간에 대한 정확한 추정치를 제공할 수 있습니다. 고객님의 주문을 추적하는 데 도움을 드리기 때문에 고객님의 양해에 진심으로 감사드립니다.
BLQWZ,내 빌어먹을 물건이 언제 도착하는지 확인하는 데 도움,배송,배송 기간 확인,저희는 고객님의 상품의 예상 도착 시간을 알고 싶어하는 고객님의 불만과 열망에 진심으로 공감합니다. 최선의 지원을 위해 [주문/송장번호] 또는 [주문/송장번호]를 제공해 주시겠습니까? 이 정보를 통해 당사는 고객님의 상품이 도착할 것으로 예상되는 정확한 예상 시간을 고객님께 제공할 수 있습니다. 고객님의 인내심과 이해에 감사드립니다.
BCIL,"주문을 얼마나 빨리 받을 수 있는지, 어떻게 해야 하는지 알고 싶습니다.",배송,배송 기간 확인,저희는 주문의 예상 배송 시간을 추적하려는 고객님의 열망을 이해합니다. 가장 정확한 정보를 제공하기 위해 [주문/송장번호] 또는 [주문/송장번호]를 제공해 주시겠습니까? 이러한 세부정보를 통해 주문하신 상품이 언제 도착할 것으로 예상하는지 정확한 예상 시간을 알려드릴 수 있습니다. 더 나은 서비스를 제공할 수 있도록 협조해 주셔서 감사합니다!
BLZ,내 패키지를 얼마나 빨리 받을 수 있는지 확인하는 데 도움이 됩니다,배송,배송 기간 확인,저희는 고객님이 패키지를 얼마나 빨리 받을 수 있는지 알고 싶어하는 고객님의 열망을 이해합니다. 정확한 견적을 제공하기 위해 [주문/송장번호] 또는 [주문/송장번호]를 제공해 주시겠습니까? 이 정보를 통해 당사는 고객님의 패키지의 현재 상태를 파악하고 예상 배송 시간을 계산할 수 있습니다. 이 문제를 해결하기 위해 함께 노력하는 동안 기다려 주셔서 감사합니다.
BLW,내 빌어먹을 제품을 얼마나 빨리 기대할 수 있는지 알아보려고 노력 중이야,배송,배송 기간 확인,저희는 고객님의 제품을 받고 싶어하는 고객님의 열망을 이해하며 예상 배송 시간을 기꺼이 알려 드리겠습니다. 구매하신 제품의 [주문/송장번호] 또는 [주문/송장번호]를 알려주시면 신속하게 배송 진행 상황을 추적하고 예상 배송일을 안내해 드리겠습니다. 양해해 주셔서 감사드리며 불편을 끼쳐드려 죄송합니다.
BCEL,배송 기간을 찾고 있는데 찾는 데 도움이 필요합니다.,배송,배송 기간 확인,저희는 고객님이 당사의 배송 기간에 대한 정보를 찾아야 한다는 것을 이해합니다. 배송 기간은 목적지와 선택한 배송 방법에 따라 달라질 수 있습니다. 가장 정확한 정보를 제공하기 위해 주문 시 선택한 [주소/지역] 및 [기타정보]를 제공해 주시겠습니까? 이 정보를 통해 배송 기간에 대한 정확한 견적을 드릴 수 있습니다. 이해와 인내심에 감사드립니다.
BILQ,내 제품이 도착하는 데 얼마나 걸리는지 확인할 수 있나요?,배송,배송 기간 확인,고객님 제품의 예상 배송 시간에 대해 궁금해하시는 점을 이해합니다. 가장 정확한 정보를 제공하기 위해 구매와 관련된 [주문/송장번호] 또는 [주문/송장번호]를 제공해 주시기 바랍니다. 이러한 세부 정보를 통해 배송 상태를 신속하게 확인하고 예상 도착 시간을 알려드릴 수 있습니다. 이 문제에 협조해 주셔서 감사합니다.
BELQZ,배송이 얼마나 빨리 예상되는지 어떻게 알 수 있나요?,배송,배송 기간 확인,배송 예상 도착 시간을 추적하는 방법에 대해 확신이 없으신 것으로 알고 있습니다. 걱정하지 마세요. 저희가 도와드리겠습니다! 필요한 정보를 제공하기 위해 [주문/송장번호] 또는 [주문/송장번호]를 제공해 주시겠습니까? 이를 통해 배송 예정 시기에 대한 정확한 업데이트를 제공해 드릴 수 있습니다. 이 문제를 해결하는 데 있어 고객님의 인내심과 협조에 감사드립니다.
BL,제품을 얼마나 빨리 받을 수 있는지 확인하는 데 도움,배송,배송 기간 확인,고객님 제품의 예상 도착 시간을 알고자 하는 고객님의 기대와 기대를 이해합니다. 정확한 정보를 제공하기 위해 구매와 관련된 [주문/송장번호] 또는 [주문/송장번호]를 제공해 주시기 바랍니다. 이러한 세부 정보를 통해 당사는 고객님의 주문을 추적하고 최신 배송 견적을 제공할 수 있습니다. 원활하고 즐거운 쇼핑 경험을 보장하기 위해 함께 노력하는 동안 양해해 주셔서 감사합니다.
BL,내 기사를 얼마나 빨리 기대할 수 있는지 확인해야 합니다.,배송,배송 기간 확인,저희는 고객님의 기사가 언제 도착할 것으로 예상되는지 알고 싶어하는 고객님의 열망을 완전히 이해합니다. 가장 정확한 정보를 제공하기 위해 [주문/송장번호] 또는 [주문/송장번호]를 제공해 주시겠습니까? 이 정보를 통해 당사는 예상 배송일을 결정하고 고객님께 필요한 세부정보를 제공할 수 있습니다. 고객님의 인내심과 협조에 감사드립니다!
BI,내 물건이 언제 도착하는지 알려 주실 수 있나요?,배송,배송 기간 확인,상품의 예상 도착 시간을 알고자 하는 고객님의 기대를 이해합니다. 정확한 정보를 제공하기 위해 [주문/송장번호] 또는 [주문/송장번호]를 제공해 주시겠습니까? 고객님의 품목을 추적하고 예상 배송일에 대한 업데이트를 제공할 수 있게 되어 기쁘게 생각합니다. 이 문제에 협조해 주셔서 감사합니다.
BILQZ,내 소포가 언제 도착하는지 확인하는 것 좀 도와줄래?,배송,배송 기간 확인,패키지의 진행 상황을 추적하고 예상 도착 시간을 확인하고 싶어하는 고객님의 기대를 이해합니다. 가장 정확한 정보를 제공하기 위해 [주문/송장번호] 또는 [주문/송장번호]를 제공해 주시겠습니까? 이를 통해 당사는 필요한 세부 정보에 액세스하고 구체적인 배송 일정을 알려드릴 수 있습니다. 더 나은 지원을 제공하는 데 협조해 주셔서 감사합니다.
BIL,내 상품을 얼마나 빨리 받을 수 있는지 어떻게 확인할 수 있나요?,배송,배송 기간 확인,저희는 고객님의 상품이 언제 도착할 것으로 예상하는지 알고 싶어하는 고객님의 열망을 이해합니다. 가장 정확한 정보를 제공하기 위해 [주문/송장번호] 또는 [주문/송장번호]를 제공해 주시겠습니까? 해당 정보를 통해 당사는 고객님의 패키지를 추적하고 예상 배송 날짜를 제공할 수 있습니다. 이 문제에 협조해 주셔서 감사합니다.
BL,내 제품이 얼마나 빨리 도착할 수 있는지 확인하는 방법을 모르겠습니다.,배송,배송 기간 확인,저희는 고객님의 제품 배송 시간을 추적하는 것이 고객님께 중요하다는 것을 알고 있습니다. 도움을 드리기 위해 [주문/송장번호] 또는 [주문/송장번호]를 제공해 주시겠습니까? 이 정보를 통해 당사는 고객님의 제품이 언제 도착할 것으로 예상하는지에 대한 정확한 추정치를 제공할 수 있습니다. 고객님의 협조와 인내심에 감사드립니다!
BCIL,배송이 얼마나 걸리는지 알고 싶습니다. 도와주실 수 있나요?,배송,배송 기간 확인,배송품 도착 예상 기간을 알고 싶어 하시는 점을 이해합니다. [주문/송장번호] 또는 [주문/송장번호]를 요청해도 될까요? 이 정보를 통해 예상 배송 시간에 대한 정확한 세부 정보를 제공할 수 있습니다. 배송 진행 상황을 확인하는 동안 기다려 주셔서 감사합니다. 그동안 우리가 도와드릴 수 있는 다른 것이 있나요?
BIL,내 패키지가 도착하는 데 얼마나 걸리는지 어디서 확인하나요?,배송,배송 기간 확인,저희는 패키지 배송 시간 추적에 대한 고객님의 호기심을 이해합니다. 정확한 정보를 제공하기 위해서는 [주문/송장번호] 또는 [주문/송장번호]를 가지고 계시는 것이 도움이 될 것입니다. 당사 웹사이트에 해당 세부 정보를 입력하거나 고객 지원팀에 문의하시면 패키지 예상 도착 시간에 대한 실시간 업데이트를 확인하실 수 있습니다. 추적 정보를 찾는 데 추가 지원이 필요한 경우 알려주십시오.
BIL,주문한 제품이 도착하는 데 얼마나 걸리는지 어디서 확인할 수 있나요?,배송,배송 기간 확인,"고객님의 주문이 언제 도착할지 알고 싶은 고객님의 욕구를 이해하는 것은 우리에게 중요합니다. 주문 배송 상태를 추적하려면 당사 웹사이트의 ""주문 내역"" 섹션을 방문하세요. 로그인하시면 주문하신 상품의 예상 배송 시간을 확인하실 수 있습니다. 추가 도움이 필요하시면 주저하지 마시고 고객 지원팀에 문의해 주세요. 저희는 그 과정에서 고객님을 돕기 위해 여기 있습니다. 지금까지 우리 서비스에 대한 경험은 어땠나요?"
BIL,내 주문이 도착하는 데 얼마나 걸리는지 어떻게 알 수 있나요?,배송,배송 기간 확인,"저희는 고객님의 주문이 언제 배송될지 알고 싶어하는 고객님의 기대를 이해합니다. 주문의 예상 도착 시간을 확인하려면 계정 대시보드로 이동하여 ""주문 내역"" 섹션으로 이동하세요. 여기에서 예상 배송 날짜를 포함한 최근 주문 목록을 확인할 수 있습니다. 이 정보를 찾는 데 어려움이 있는 경우 당사 고객 지원팀이 기꺼이 도와드리겠습니다. 저희 웹사이트의 라이브 채팅을 통해 연락하시거나 [고객센터전화번호]로 전화해 주세요. 저희는 고객님이 제 시간에 주문을 받고 원활한 쇼핑 경험을 누리기를 바랍니다."
BL,배송이 얼마나 빨리 올 수 있는지 확인하는 데 도움을 주세요,배송,배송 기간 확인,저희는 고객님의 배송물 수령에 대한 열망을 이해하며 배송 추적에 도움을 드리고자 합니다. 예상 기간을 알려드리기 위해 배송할 [주문/송장번호] 또는 [주문/송장번호]를 보내 주시겠습니까? 이 정보를 통해 당사는 배송 상태를 확인하고 배송 예상 도착 시기에 대한 보다 정확한 견적을 제공할 수 있습니다. 이 과정 동안 기다려 주셔서 감사합니다.
BCILQ,소포를 얼마나 빨리 받을 수 있는지 알고 싶어요 어떻게 해야 하나요?,배송,배송 기간 확인,"저희는 진행 상황을 추적하고 소포 배송 시간을 추정하려는 고객님의 열망을 완전히 이해합니다. 가장 정확한 정보를 제공하기 위해 [주문/송장번호] 또는 [주문/송장번호]를 제공해 주시겠습니까? 이 정보를 통해 당사는 고객님의 소포의 상태와 예상 배송일을 신속하게 확인할 수 있습니다. 고객님의 인내심에 진심으로 감사드리며, 저희는 모든 단계에서 고객님을 도와드릴 것입니다!"
BL,내 패키지가 언제 도착하는지 확인하기 위해 전화했습니다.,배송,배송 기간 확인,저희는 고객님의 패키지 진행 상황을 추적하고 예상 도착 시간을 확인하려는 고객님의 열망을 완전히 이해합니다. 도움을 드리기 위해 [주문/송장번호] 또는 [주문/송장번호]를 제공해 주시겠습니까? 해당 정보를 통해 당사는 고객님의 패키지 상태와 예상 배송 날짜에 대한 정확한 업데이트를 제공할 수 있습니다. 원활한 배송 경험을 보장하기 위해 함께 노력하는 동안 고객님의 인내심과 협조에 감사드립니다.
BCL,배송이 얼마나 빨리 올 수 있는지 확인해야 합니다. 도와주세요.,배송,배송 기간 확인,저희는 고객님의 배송 도착을 기대하는 고객님의 열망을 이해합니다. 정확한 견적을 제공하기 위해 [주문/송장번호] 또는 [주문/송장번호]를 공유해 주시겠습니까? 이 정보를 통해 당사는 고객님의 주문 상태를 확인하고 예상 배송일을 알려드릴 수 있습니다. 고객님의 인내와 협조에 감사드립니다.
BLQZ,내 소포가 도착하는 데 얼마나 걸리는지 보려고 해,배송,배송 기간 확인,패키지의 예상 배송 시간에 대해 문의해 주셔서 감사합니다. 정확한 정보를 제공하기 위해 [주문/송장번호] 또는 [주문/송장번호]를 제공해 주시겠습니까? 이 정보를 통해 당사는 고객님의 패키지를 추적하고 최신 예상 배송일을 제공할 수 있습니다. 이 문제에 대해 도움을 드리는 동안 양해해 주셔서 감사합니다.
BLQ,상품을 얼마나 빨리 받을 수 있는지 확인하는 데 도움이 됩니다.,배송,배송 기간 확인,저희는 고객님의 상품을 받고 싶어하는 고객님의 열망을 이해하며 예상 도착 시간을 결정하는 데 기꺼이 도움을 드리겠습니다. 정확한 정보를 제공하기 위해 [주문/송장번호] 또는 [주문/송장번호]를 제공해 주시겠습니까? 해당 정보를 통해 고객님의 패키지를 추적하고 예상 배송 날짜를 알려드릴 수 있습니다. 고객님의 협조와 인내심에 감사드립니다.
BCIQZ,배송 기간에 대한 정보를 알고 싶습니다. 어떻게 알 수 있나요?,배송,배송 기간 확인,배송 기간에 대한 정보를 얻는 데 관심을 가져주셔서 감사합니다. 정확한 세부 정보를 제공하기 위해 [주문/송장번호] 또는 [주문/송장번호]를 제공해 주시겠습니까? 해당 정보가 확보되면 예상 배송 기간에 대한 구체적이고 최신 정보를 제공할 수 있습니다. 고객님의 인내와 협력에 감사드립니다!
BL,제품이 도착하는 데 얼마나 걸리는지 확인하는 데 도움을 주세요.,배송,배송 기간 확인,고객님 제품의 예상 배송 시간을 알고자 하시는 고객님의 관심을 이해합니다. 정확한 정보를 제공하기 위해 [주문/송장번호] 또는 [주문/송장번호]를 제공해 주시겠습니까? 이 정보를 통해 배송 세부정보를 확인하고 예상 도착 시간을 알려드릴 수 있습니다. 이 문제에 협조해 주셔서 감사합니다.
BLZ,패키지를 어떻게 기대할 수 있는지 확인해야 합니다.,배송,배송 기간 확인,저희는 고객님의 패키지 진행 상황과 예상 도착 날짜를 추적하려는 고객님의 열망을 이해합니다. 정확한 견적을 제공하기 위해 [주문/송장번호] 또는 [주문/송장번호]를 제공해 주시겠습니까? 이를 통해 당사는 고객님의 배송에 관한 최신 정보를 제공할 수 있습니다. 양해해 주셔서 감사드리며 앞으로도 더 많은 도움을 드리겠습니다.
BCEILP,배송 기간을 알아보고 싶은데 도움을 주실 수 있나요?,배송,배송 기간 확인,저희는 배송 기간을 확인하고 예상 배송 기간에 대한 명확한 정보를 얻고자 하는 고객님의 바람을 이해합니다. 더 나은 지원을 위해 [주문/송장번호] 또는 [주문/송장번호]를 제공해 주시겠습니까? 이 정보를 통해 배송 기간과 패키지 예상 도착 날짜에 대한 자세한 정보를 제공할 수 있습니다. 이 문제를 조사하는 동안 기다려 주셔서 감사합니다.
BQ,내 물건이 언제 도착할지 확인하는 데 도움이 필요해요,배송,배송 기간 확인,"상품 수령에 대한 고객님의 기대를 이해하고, 진행 상황을 추적하고 예상 배송 날짜를 결정하는 데 도움을 드리고자 합니다. 정확한 정보를 제공하기 위해 [주문/송장번호] 또는 [주문/송장번호]를 제공해 주시겠습니까? 해당 세부 정보가 확보되면 예상 도착 시간에 대한 업데이트를 제공해 드릴 수 있습니다. 협조해 주셔서 감사합니다!"
BIZ,"아, 상품을 얼마나 빨리 받을 수 있는지 확인해야 하나요?",배송,배송 기간 확인,상품의 예상 도착 시간을 알고자 하는 고객님의 기대를 이해합니다. 가장 정확한 정보를 제공하기 위해 [주문/송장번호] 또는 [주문/송장번호]를 제공해 주시겠습니까? 이 정보를 통해 당사는 고객님의 상품의 예상 배송 시간을 확인하고 진행 상황에 대해 계속 업데이트할 수 있습니다. 고객님의 패키지 추적을 지원하는 동안 고객님의 양해에 진심으로 감사드립니다.
BCL,내 제품이 얼마나 빨리 나올 수 있는지 확인해야 합니다. 도와주세요.,배송,배송 기간 확인,저희는 제품을 받고 싶어하는 고객님의 열망과 제품 도착 예상 기간을 알고 싶어하는 고객님의 욕구를 이해합니다. 이 문제를 해결하기 위해 [주문/송장번호] 또는 [주문/송장번호]를 제공해 주시겠습니까? 해당 정보를 통해 당사는 고객님의 제품이 언제 도착할 것으로 예상하는지에 대한 정확한 견적을 제공할 수 있습니다. 고객님의 협조와 인내심에 감사드립니다.
BIL,기사가 도착하는 데 얼마나 걸리는지 알려 주실 수 있나요?,배송,배송 기간 확인,고객님의 기사에 대한 예상 도착 시간을 알고 싶어 하시는 점을 이해합니다. 정확한 정보를 제공하기 위해 추적 번호나 주문 번호를 알려주시겠습니까? 해당 정보를 통해 정확한 견적을 드릴 수 있습니다. 이 문제에 대한 고객님의 협조에 감사드립니다.
BCEILP,배송 기간을 찾고 있는데 어디서 확인할 수 있나요?,배송,배송 기간 확인,저희는 배송 기간에 대한 정보가 필요하다는 것을 완전히 이해합니다. 정확한 세부정보를 제공하려면 [주문/송장번호] 또는 [주문/송장번호]를 공유해 주세요. 이 정보를 통해 예상 배송 시간에 대한 정확한 정보를 제공할 수 있습니다. 고객님의 양해에 진심으로 감사드립니다.
BILP,내 소포가 언제 도착할지 알려줄 수 있나요?,배송,배송 기간 확인,저희는 고객님의 소포 진행 상황을 추적하고 예상 배송 날짜를 받기를 원하는 고객님의 열망을 이해합니다. 최선의 지원을 위해 [주문/송장번호] 또는 [주문/송장번호]를 제공해 주시겠습니까? 이 정보를 통해 당사는 고객님의 패키지 도착 예정일에 대한 가장 정확한 업데이트를 제공할 수 있습니다.
BL,배송물이 언제 도착할지 확인하는 데 도움이 필요합니다.,배송,배송 기간 확인,"저희는 배송 진행 상황을 추적하고 예상 도착 시간을 알고 싶어하는 고객님의 열망을 이해합니다. 가장 정확한 정보를 제공하기 위해 배송물의 [주문/송장번호] 또는 [주문/송장번호]를 제공해 주시겠습니까? 이 정보를 통해 배송 상태와 예상 도착 날짜를 확인하는 데 도움을 드릴 수 있습니다. 고객님의 협조에 감사드리며, 본 문의에 도움을 드릴 수 있기를 기대합니다."
BIL,배송이 얼마나 빨리 되는지 알려주실 수 있나요?,배송,배송 기간 확인,배송 예상 도착 시간에 대해 궁금해하시는 점을 이해합니다. 정확한 정보를 제공하기 위해 [주문/송장번호] 또는 [주문/송장번호]를 제공해 주시겠습니까? 그 정보가 확보되면 신속하게 확인하여 예상 배송일을 알려드릴 수 있습니다. 고객님의 양해에 진심으로 감사드립니다!
BIL,배송물이 언제 도착하는지 어떻게 알 수 있나요?,배송,배송 기간 확인,저희는 고객님의 패키지 배송 상태를 추적하려는 고객님의 열망을 완전히 이해합니다. 배송 예정 시간에 대한 가장 정확한 정보를 제공하기 위해 [주문/송장번호] 또는 [주문/송장번호]를 공유해 주시기 바랍니다. 이 정보를 바탕으로 정확한 견적을 제공해 드릴 수 있습니다. 이 문제에 대해 고객님의 인내심과 협조에 감사드립니다.
BIQ,이 주문의 배송 기간은 어떻게 되나요?,배송,배송 기간 확인,저희는 고객님의 주문에 대한 배송 기간을 알고 싶어하는 고객님의 열망을 이해합니다. 가장 정확한 정보를 제공하기 위해 [주문/송장번호]를 제공해 주시겠습니까? 이를 통해 당사는 고객님의 주문 세부정보에 접근하여 예상 배송 기간을 알려드릴 수 있습니다. 고객님의 협조와 이해에 감사드립니다.
BLW,내 빌어먹을 배송이 얼마나 빨리 올 수 있는지 알아보려고 전화했어요,배송,배송 기간 확인,"저희는 고객님이 가능한 한 빨리 배송물을 받고 싶어한다는 것을 이해합니다. 정확한 예상 배송 시간을 제공하기 위해 [주문/송장번호] 또는 [주문/송장번호]를 제공해 주시겠습니까? 해당 정보를 통해 예상 도착일에 대한 보다 정확한 업데이트를 제공할 수 있습니다. 고객님의 양해에 진심으로 감사드리며, 신속한 배송을 위해 최선을 다하고 있음을 약속드립니다."
BLP,언제쯤 배송이 가능한지 확인하고 싶습니다,배송,배송 기간 확인,저희는 고객님이 배송을 언제 기대할 수 있는지 알고 싶어하는 고객님의 열망을 이해합니다. 정확한 견적을 제공하기 위해 [주문/송장번호] 또는 [주문/송장번호]를 제공해 주시겠습니까? 이 정보를 통해 예상 배송일에 대한 정확한 업데이트를 제공할 수 있습니다. 이 과정을 함께 진행하는 동안 고객님의 인내심에 감사드립니다.
BL,내 패키지가 도착하는 데 시간이 얼마나 걸리는지 확인하는 방법 좀 알려주세요,배송,배송 기간 확인,패키지 도착 예상 시간을 알려주셔서 감사합니다. 정확한 정보를 제공하기 위해 [주문/송장번호] 또는 [주문/송장번호]를 사용해도 될까요? 그 정보를 바탕으로 예상 배송일을 알려드릴 수 있습니다. 이 문제에 대한 고객님의 인내와 이해에 진심으로 감사드립니다.
BL,내 기사가 얼마나 빨리 나올 수 있는지 확인해야 합니다.,배송,배송 기간 확인,고객님의 기사가 언제 도착할 것으로 예상되는지에 대한 고객님의 호기심을 이해합니다. 가장 정확한 정보를 제공하기 위해 [주문/송장번호] 또는 [주문/송장번호]를 제공해 주시겠습니까? 이를 통해 예상 배송일을 결정하고 구체적인 일정을 알려드릴 수 있습니다. 고객님의 협조와 인내심에 감사드립니다!
BLQ,내 배달물이 도착하는 데 얼마나 걸리는지 확인하고 싶어,배송,배송 기간 확인,고객님이 패키지의 예상 배송 시간을 알고 싶어 한다는 점을 잘 알고 있습니다. 정확한 정보를 제공하기 위해 [주문/송장번호] 또는 [주문/송장번호]를 제공해 주시겠습니까? 해당 정보를 통해 배송 진행 상황을 파악하고 예상 도착 시간을 알려드릴 수 있습니다. 고객님의 이해와 협력에 크게 감사드립니다.
BIL,소포가 도착하는 데 얼마나 걸리는지 어떻게 확인하나요?,배송,배송 기간 확인,저희는 패키지의 진행 상황을 추적하고 예상 도착 시간을 확인하려는 고객님의 바람을 이해합니다. 배송 상태와 예상 일정을 확인하려면 당사 웹사이트를 방문하여 계정에 로그인하세요. '주문 내역' 섹션으로 이동하면 소포의 위치와 예상 배송 날짜에 대한 자세한 정보를 확인할 수 있습니다. 추가 질문이 있거나 추가 지원이 필요한 경우 당사 고객 지원팀이 기꺼이 도와드리겠습니다.
BIL,내 글이 언제 도착하는지 알 수 있나요?,배송,배송 기간 확인,기사의 예상 도착 시간에 대한 업데이트를 받고 싶어하는 고객님의 열망을 이해합니다. 정확한 정보를 제공하기 위해 [주문/송장번호] 또는 [주문/송장번호]를 문의해도 될까요? 이러한 세부 정보를 통해 기사의 상태와 예상 배송 날짜를 빠르게 확인할 수 있습니다. 이해와 협조에 감사드립니다.
BILQZ,제품이 도착하는 데 얼마나 걸리는지 어디서 알 수 있나요?,배송,배송 기간 확인,고객님의 제품에 대한 예상 배송 시간을 알고 싶은 고객님의 궁금증을 이해합니다. 예상 도착 날짜를 확인하려면 당사 웹사이트를 방문하여 추적 섹션으로 이동하세요. 여기에서 [주문/송장번호] 또는 [주문/송장번호]를 입력하라는 메시지가 표시됩니다. 고객님이 이 정보를 제공하면 당사 시스템은 배송 상태 및 예상 도착 시간에 관한 최신 정보를 표시합니다. 이 과정에서 어려움이 발생할 경우 당사 고객 지원팀이 기꺼이 도와드릴 것입니다. 원활한 배송 경험을 보장하기 위한 고객님의 인내심과 협조에 감사드립니다.
BIL,배송물이 도착하는 데 얼마나 걸리는지 어떻게 알 수 있나요?,배송,배송 기간 확인,배송품의 예상 도착 시간에 대해 궁금해하시는 점을 이해합니다. 배송 기간을 확인하려면 구매 시 제공된 [주문/송장번호]를 사용하여 배송을 추적할 수 있습니다. 저희 웹사이트를 방문하여 '주문 추적' 섹션으로 이동하시면 됩니다. 추적 번호를 입력하면 예상 도착 시간을 포함하여 배송 진행 상황에 대한 실시간 업데이트를 확인할 수 있습니다. 저희 팀은 고객님께 원활한 배송 경험을 보장하기 위해 최선을 다하고 있습니다.
BCL,"내 물건이 언제 도착하는지 확인해야 해요, 도와주세요",배송,배송 기간 확인,저희는 고객님의 품목 진행 상황을 추적하고 예상 도착 시간을 결정하려는 고객님의 기대와 열망을 이해합니다. 정확한 정보를 제공하기 위해 고객님의 품목과 관련된 [주문/송장번호] 또는 [주문/송장번호]를 제공해 주시겠습니까? 이 정보를 통해 당사는 고객님께 더 나은 지원을 제공하고 최신 배송 상태를 제공할 수 있습니다. 고객님의 문의 사항을 해결하기 위해 함께 노력하는 동안 고객님의 양해에 진심으로 감사드립니다.
BLQZ,주문을 얼마나 빨리 받을 수 있는지 확인하는 데 도움이 필요합니다.,배송,배송 기간 확인,저희는 주문을 추적하고 예상 도착 시간을 확인하려는 고객님의 열망을 이해합니다. 정확한 정보를 제공하기 위해 [주문/송장번호] 또는 [주문/송장번호]를 제공해 주시겠습니까? 이 정보를 통해 최신 상태와 예상 배송일을 알려드릴 수 있습니다. 이 문제를 해결하는 동안 양해해 주셔서 감사합니다.
BIL,얼마나 빨리 구매할 수 있는지 알려주실 수 있나요?,배송,배송 기간 확인,저희는 고객님이 구매한 상품의 예상 배송일을 알고 싶어 하는 점을 충분히 이해합니다. 정확한 정보를 제공하기 위해 [주문/송장번호]를 제공해 주시겠습니까? 이를 통해 주문을 추적하고 예상 배송 날짜에 대한 업데이트를 제공할 수 있습니다. 고객님의 인내와 협조에 감사드립니다.
BIQ,배송 기간에 대한 정보는 어떻게 알 수 있나요?,배송,배송 기간 확인,"배송 기간에 대한 정보를 얻고자 하는 고객님의 궁금증을 이해합니다. 도움을 받으려면 주문과 관련된 업데이트나 알림이 있는지 이메일을 확인하는 것이 좋습니다. 또한 당사 웹사이트를 방문하여 ""주문 상태"" 또는 ""주문 추적"" 섹션으로 이동하여 주문 번호나 추적 번호를 입력하면 배송 기간에 대한 가장 정확한 정보를 얻을 수 있습니다. 추가 지원이 필요한 경우 주저하지 말고 고객 지원팀에 문의하세요. 저희는 전체 과정에서 고객님을 돕기 위해 여기 있습니다."
BIL,내 소포를 얼마나 빨리 받을 수 있는지 확인하는 방법은 무엇입니까?,배송,배송 기간 확인,"저희는 고객님의 소포의 예상 도착 시간을 알고 싶어하는 고객님의 기대를 이해합니다. 얼마나 빨리 소포를 받을 수 있는지 확인하려면 당사 웹사이트를 방문하여 계정에 로그인하세요. 로그인한 후 ""주문 내역"" 또는 ""내 주문 추적"" 섹션으로 이동하세요. 여기에서 소포 상태와 예상 배송 날짜를 확인할 수 있습니다. 계정이 없거나 정보를 찾을 수 없는 경우, 주저하지 말고 고객 지원팀에 문의하세요. 그들은 고객님의 소포를 추적하는 데 기꺼이 도움을 드릴 것입니다. 저희는 고객님의 구매 경험이 원활하고 가능한 한 빨리 소포를 받을 수 있도록 하기 위해 여기 있다는 것을 기억하십시오. 고객님의 쇼핑 요구에 맞춰 저희를 선택해 주셔서 감사합니다!"
BL,내 제품을 얼마나 빨리 기대할 수 있는지 확인하는 데 도움,배송,배송 기간 확인,고객님의 제품 예상 도착 시간에 대해 문의해 주셔서 감사합니다. 정확한 정보를 제공하기 위해 구매와 관련된 [주문/송장번호] 또는 [주문/송장번호]를 제공해 주시겠습니까? 이 정보를 통해 예상 배송일을 확인하고 추가 지원을 드릴 수 있습니다. 고객님의 인내와 협조에 진심으로 감사드립니다.
BIL,배송이 얼마나 빨리 올 수 있는지 알 수 있나요?,배송,배송 기간 확인,최선을 다하겠습니다! 배송물이 언제 도착하는지 아는 것이 얼마나 중요한지 잘 알고 있습니다. 가장 정확한 정보를 제공하기 위해 [주문/송장번호] 또는 [주문/송장번호]를 제공해 주시겠습니까? 그러면 고객님의 배송품에 대한 예상 배송일을 확인할 수 있습니다. 협조해 주셔서 감사합니다.
BL,패키지를 얼마나 빨리 받을 수 있는지 확인하는 데 도움이 필요합니다,배송,배송 기간 확인,"저희는 고객님의 패키지가 언제 도착할지 알고 싶어하는 고객님의 열망을 이해합니다. 정확한 견적을 제공하기 위해 [주문/송장번호] 또는 [주문/송장번호]를 제공해 주시겠습니까? 이 정보를 통해 당사는 예상 배송 날짜를 결정하고 필요한 세부 정보를 제공할 수 있습니다. 협조해 주셔서 감사드리며, 이 문제를 지원하는 동안 양해해 주셔서 감사합니다."
BILPW,그 빌어먹을 제품을 얼마나 빨리 받을 수 있는지 확인할 수 있나요?,배송,배송 기간 확인,저희는 고객님이 제품 도착을 간절히 기다리고 있다는 것을 알고 있습니다. 예상 배송 시간을 알려드리기 위해 배송품의 [주문/송장번호] 또는 [주문/송장번호]를 알려주시겠습니까? 이 정보를 통해 당사는 고객님이 언제 패키지를 받을 수 있는지에 대한 보다 정확한 업데이트를 제공할 수 있습니다. 양해해 주셔서 감사드리며 불편을 끼쳐드려 죄송합니다.
BL,제품이 언제 도착하는지 확인하려고 전화했어요,배송,배송 기간 확인,저희는 제품의 예상 도착 시간을 알고 싶어하는 고객님의 열망을 이해합니다. 정확한 업데이트를 제공하기 위해 [주문/송장번호] 또는 [주문/송장번호]를 제공해 주시겠습니까? 이 정보를 통해 당사는 고객님의 배송 상태를 신속하게 확인하고 예상 도착 시간을 알려드릴 수 있습니다. 고객님의 인내와 협조에 진심으로 감사드립니다.
BILQ,내 배송이 얼마나 빨리 예상되는지 어디서 알 수 있나요?,배송,배송 기간 확인,저희는 배송물에 대한 예상 배송 시간을 추적하고 알고 싶어하는 고객님의 욕구를 이해합니다. 추가 지원을 위해 [주문/송장번호] 또는 [주문/송장번호]를 제공해 주시겠습니까? 이 정보를 통해 예상 배송 시간을 확인할 수 있는 위치를 안내해 드릴 수 있습니다. 필요한 세부 정보를 제공하기 위해 함께 노력하는 동안 기다려 주셔서 감사합니다.
BILQ,물건이 도착하는 데 얼마나 걸리는지 알 수 있나요,배송,배송 기간 확인,고객님의 상품에 대한 예상 배송 시간에 대해 궁금해하시는 점을 인정합니다. 정확한 정보를 제공하기 위해 [주문/송장번호] 또는 [주문/송장번호]를 제공해 주시겠습니까? 이 정보를 통해 고객님의 상품이 언제 도착할 것으로 예상되는지에 대한 정확한 업데이트를 제공할 수 있습니다. 고객님의 협조와 이해에 감사드립니다.
BLQZ,내 제품이 도착할 때 쉐프에게 전화해,배송,배송 기간 확인,저희는 제품의 진행 상황을 추적하고 예상 도착 시간을 받고 싶어하는 고객님의 열망을 이해합니다. 더 나은 지원을 위해 [주문/송장번호] 또는 [주문/송장번호]를 사용해도 될까요? 해당 정보를 통해 배송과 관련된 가장 정확한 업데이트를 제공할 수 있습니다. 고객님의 인내심에 감사드립니다!
BIL,패키지가 도착하는 데 얼마나 걸리는지 어떻게 확인할 수 있나요?,배송,배송 기간 확인,고객님이 패키지의 예상 배송 시간을 알고 싶어 한다는 점을 잘 알고 있습니다. 가장 정확한 정보를 제공하기 위해 추적 번호나 주문 번호를 알려 주시겠습니까? 이를 통해 패키지의 상태와 예상 도착 시간을 확인하는 데 도움을 드릴 수 있습니다. 협조해 주셔서 감사합니다.
BCL,내 패키지가 언제 도착하는지 확인해야 합니다. 도움이 필요합니다.,배송,배송 기간 확인,"저희는 고객님의 패키지 진행 상황을 추적하려는 고객님의 열망을 이해합니다. 도움을 드리기 위해 [주문/송장번호] 또는 [주문/송장번호]를 제공해 주시겠습니까? 이 정보를 통해 당사는 고객님의 패키지 도착 날짜에 대한 정확한 추정치를 제공할 수 있습니다. 고객님의 양해에 감사드리며, 고객님을 도와드릴 수 있기를 기대합니다."
BILQ,배송에 얼마나 걸리는지 알려줄 수 있나요?,배송,배송 기간 확인,저희는 고객님의 주문에 대한 예상 배송 시간을 알고 싶어하는 고객님의 욕구를 완전히 이해합니다. 이 문제를 해결하기 위해 [주문/송장번호] 또는 [주문/송장번호]를 제공해 주시겠습니까? 해당 정보를 통해 당사는 고객님의 배송 예상 시기에 대한 정확한 견적을 제공할 수 있습니다. 고객님의 인내와 협조에 진심으로 감사드립니다.
BILZ,내 패키지가 얼마나 빨리 도착할 수 있는지 확인할 수 있나요?,배송,배송 기간 확인,저희는 고객님의 패키지가 언제 도착하는지 알고 싶어하는 고객님의 열망을 완전히 이해합니다. 가장 정확한 업데이트를 제공하기 위해 [주문/송장번호] 또는 [주문/송장번호]를 우리와 공유해 주시겠습니까? 해당 정보를 통해 배송 시간을 정확하게 예측할 수 있습니다. 고객님의 양해에 진심으로 감사드립니다!
BILZ,주문을 얼마나 빨리 받을 수 있는지 확인하려면 어떻게 해야 합니까?,배송,배송 기간 확인,고객님의 주문에 대한 예상 배송 시간을 알고 싶은 고객님의 호기심을 이해합니다. 정확한 정보를 제공하기 위해 [주문/송장번호]를 제공해 주시겠습니까? 정보가 확보되면 주문 상태를 확인하고 예상 배송일을 알려드릴 수 있습니다. 더 나은 지원을 제공할 수 있도록 협조해 주셔서 감사합니다.
BIL,구매한 제품이 언제 도착하는지 어떻게 알 수 있나요?,배송,배송 기간 확인,"구매 예상 도착 시간 추적에 대한 고객님의 호기심을 이해합니다. 가장 정확한 정보를 얻으려면 당사 웹사이트를 방문하고 고객님의 계정에 로그인하는 것이 좋습니다. 로그인한 후 ""주문 내역"" 또는 ""내 주문 추적"" 섹션으로 이동하면 구매의 현재 상태와 예상 배송 날짜를 확인할 수 있습니다. 추가 지원이 필요하거나 다른 질문이 있는 경우 언제든지 알려주시기 바랍니다."
BCLQZ,얼마나 빨리 배송을 받을 수 있는지 확인해야 해요. 도움이 필요해요,배송,배송 기간 확인,저희는 배송품을 받기를 원하는 고객님의 열망과 예상 도착 시간을 결정하는 데 도움이 필요한 점을 이해합니다. 정확한 정보를 제공하기 위해 [주문/송장번호] 또는 [주문/송장번호]를 문의해도 될까요? 이를 통해 배송 예정일에 대한 정확한 견적을 드릴 수 있습니다. 이 문제에 대해 도움을 드리는 동안 양해해 주셔서 감사합니다.
BILP,소포가 도착하는 데 얼마나 걸리는지 알려 주시겠어요?,배송,배송 기간 확인,확실히! 저희는 고객님의 소포 진행 상황을 추적하고 예상 도착 시간을 확인하려는 고객님의 열망을 이해합니다. 추가 지원을 위해 [주문/송장번호] 또는 [주문/송장번호]를 제공해 주시겠습니까? 해당 정보를 통해 당사는 고객님의 배송에 대한 가장 정확한 업데이트를 신속하게 제공할 수 있습니다. 고객님의 양해에 감사드리며 고객님의 문의에 도움이 되기를 기대합니다!
BCIL,배송기간이 얼마나 걸리는지 확인하고 싶은데 어떻게 해야 하나요?,배송,배송 기간 확인,배송물의 예상 배송 시간을 확인하려는 고객님의 열망을 이해합니다. 이 정보를 제공하기 위해 [주문/송장번호] 또는 [주문/송장번호]를 요청해 주시기 바랍니다. 이 정보가 확보되면 고객님의 배송품이 도착할 정확한 예상 시간을 알려드릴 수 있습니다. 이 문제에 협조해 주셔서 감사합니다.
BL,기사가 도착하는 데 얼마나 걸리는지 알려주세요,배송,배송 기간 확인,저희는 고객님의 기사가 예상되는 도착 시간을 알고 싶어하는 고객님의 열망을 이해합니다. 가장 정확한 정보를 제공하기 위해 [주문/송장번호] 또는 [주문/송장번호]를 제공해 주시겠습니까? 이를 통해 배송일에 대한 정확한 견적을 드릴 수 있습니다. 이 문제에 대한 고객님의 인내와 협조에 감사드립니다.
BILP,주문이 얼마나 빨리 예상되는지 어떻게 알 수 있나요?,배송,배송 기간 확인,저희는 고객님이 주문한 상품이 언제 도착할 것으로 예상하는지 알고 싶어하는 고객님의 열망을 이해합니다. 가장 정확한 정보를 제공하기 위해 [주문/송장번호] 또는 [주문/송장번호]를 제공해 주시겠습니까? 해당 정보를 통해 당사는 고객님의 주문을 추적하고 예상 배송일을 알려드릴 수 있습니다. 이 문제에 대한 고객님의 인내와 협조에 감사드립니다.
BL,내 기사가 언제 도착하는지 확인할 수 있게 도와주세요,배송,배송 기간 확인,저희는 고객님이 고객님의 기사가 언제 도착하는지 알고 싶어한다는 것을 알고 있습니다. 예상 배송 시간을 확인하려면 제공된 추적 정보를 참조하세요. 추적 번호나 주문 번호가 있는 경우 당사 웹사이트에 입력하거나 당사 고객 지원팀에 문의하시면 추가 지원을 받으실 수 있습니다. 저희의 목표는 고객님께 원활한 배송 경험을 보장하는 것입니다.
BILP,배송이 얼마나 빨리 되는지 알려 주시겠어요?,배송,배송 기간 확인,저희는 고객님의 배송 예상 배송 시간을 알고 싶어하는 고객님의 열망을 이해합니다. 정확한 정보를 제공하기 위해 [주문/송장번호] 또는 [주문/송장번호]를 공유해 주시기 바랍니다. 이러한 세부 정보를 통해 당사는 고객님께 더 나은 지원을 제공하고 배송의 최신 상태를 제공할 수 있습니다. 원활한 배송 경험을 보장하기 위해 함께 노력하는 동안 고객님의 양해에 진심으로 감사드립니다. 지금까지의 경험은 어땠나요?
BI,내 물건이 언제 도착하는지 어떻게 확인하나요?,배송,배송 기간 확인,"상품의 예상 도착 시간에 대해 궁금해하시는 점을 이해합니다. 배송 상태를 확인하려면 당사 웹사이트를 방문하여 ""주문 추적"" 또는 ""주문 상태"" 페이지로 이동하세요. 거기에서 [주문/송장번호] 또는 [주문/송장번호]를 입력하라는 메시지가 표시됩니다. 이 정보를 제공하면 예상 배송 날짜와 사용 가능한 추적 정보에 대한 업데이트를 받게 됩니다. 이 과정에서 어려움이 발생할 경우 언제든지 도움을 드릴 수 있는 당사 고객 지원팀에 문의하세요."
BLQ,내 기사를 얼마나 빨리 볼 수 있는지 확인하는 데 도움이 필요합니다,배송,배송 기간 확인,저희는 고객님이 고객님의 기사를 받기를 간절히 기대하고 있다는 것을 알고 있습니다. 예상 배송 시간을 결정하는 데 도움이 되도록 [주문/송장번호] 또는 [주문/송장번호]를 제공해 주시겠습니까? 주문 상태를 확인하고 언제 도착할지 정확한 업데이트를 알려드리겠습니다. 고객님의 양해에 진심으로 감사드리며 고객님께 필요한 정보를 제공하기 위해 최선을 다하겠습니다.
BL,기사가 얼마나 빨리 나올 수 있는지 알려주세요,배송,배송 기간 확인,저희는 고객님의 기사에 대한 예상 도착 시간을 확인하려는 고객님의 열망을 이해합니다. 가장 정확한 정보를 제공하기 위해 구매와 관련된 [주문/송장번호] 또는 [주문/송장번호]를 알려주시겠습니까? 이 정보를 받으면 고객님의 기사가 언제 도착할 것으로 예상되는지 알아보는 데 도움을 드릴 수 있습니다. 이해와 협조에 감사드립니다.
BIL,패키지를 얼마나 빨리 받을 수 있는지 확인할 수 있나요?,배송,배송 기간 확인,저희는 고객님의 패키지를 받고 싶어하는 고객님의 열망을 이해하며 도착 예상 시간을 기꺼이 알려드리겠습니다. 더 나은 지원을 위해 [주문/송장번호] 또는 [주문/송장번호]를 제공해 주시겠습니까? 이 정보를 통해 당사는 고객님이 패키지를 언제 받을 수 있는지 정확한 추정치를 제공할 수 있습니다. 이러한 세부정보를 제공해 주셔서 감사합니다.
BZ,배송기간을 자세히 알고 싶습니다.,배송,배송 기간 확인,"배송 기간에 대해 궁금해해주셔서 감사합니다. 이 정보를 투명하게 이해하는 것이 중요합니다. 당사의 표준 배송 기간은 배송 방법, 목적지, 상품 가용성 등 다양한 요인에 따라 달라집니다. 보다 정확한 세부 정보를 제공하기 위해 [주문/송장번호] 또는 [주문/송장번호]를 제공해 주시겠습니까? 이는 고객님의 특정 주문에 대한 예상 배송 시간을 결정하는 데 도움이 됩니다. 저희는 모든 배송에 대해 즐거운 경험을 제공하기 위해 노력하고 있으며, 고객님의 양해에 진심으로 감사드립니다."
BCILQZ,내 패키지가 얼마나 빨리 도착할 수 있는지 확인해야 해요. 어떻게 해야 하나요?,배송,배송 기간 확인,저희는 고객님의 패키지가 언제 도착할지 알고 싶어하는 고객님의 기대를 이해합니다. 패키지의 예상 배송 시간을 추적하려면 추적 서비스를 이용하세요. [주문/송장번호] 또는 [주문/송장번호]를 제공해 주시겠습니까? 해당 정보를 통해 당사는 고객님의 패키지 도착에 대한 정확한 추정치를 제공할 수 있습니다. 양해해 주셔서 감사드리며 앞으로도 더 많은 도움을 드리겠습니다.
BL,내 상품이 도착하는 데 얼마나 걸리는지 확인하고 싶어요,배송,배송 기간 확인,고객님이 상품의 예상 배송 시간을 알고 싶어 한다는 점을 이해합니다. 가장 정확한 정보를 제공하기 위해 [주문/송장번호] 또는 [주문/송장번호]를 제공해 주시겠습니까? 이 정보를 통해 당사는 고객님의 배송 상태를 확인하고 정확한 견적을 제공할 수 있습니다. 더 나은 서비스를 제공할 수 있도록 협조해 주셔서 감사합니다.
BILQ,내 기사가 도착하는 데 시간이 얼마나 걸리는지 어디서 확인하나요?,배송,배송 기간 확인,상품이 도착하는 데 걸리는 시간을 확인하려면 추적 정보를 확인하세요. 구매와 관련된 [주문/송장번호] 또는 [주문/송장번호]를 알려주시면 가장 정확한 예상 배송일을 알려드릴 수 있습니다. 고객 만족이 저희의 최우선 사항입니다!
BCQZ,배송 기간을 알고 싶어요 정보 좀 주세요,배송,배송 기간 확인,"패키지를 기다리는 경우 배송 기간을 이해하는 것이 중요합니다. 배송 기간은 선택한 배송 방법, 목적지, 예상치 못한 지연 등의 요인에 따라 달라질 수 있습니다. 정확한 정보를 제공하기 위해 패키지와 관련된 [주문/송장번호] 또는 [주문/송장번호]를 제공해 주시겠습니까? 해당 정보를 통해 예상 배송 기간을 확인할 수 있습니다. 양해해 주셔서 감사합니다. 최선을 다해 도와드리겠습니다!"
BL,배송이 도착하는 데 얼마나 걸리는지 알려주세요,배송,배송 기간 확인,고객님의 패키지 배송 시간을 추적하는 데 도움이 되도록 문의해 주셔서 감사합니다. 정확한 정보를 제공하기 위해 [주문/송장번호] 또는 [주문/송장번호]를 제공해 주시겠습니까? 그 정보를 얻으면 배송물의 예상 도착 날짜를 알려드릴 수 있습니다. 원활한 배송 경험을 보장하기 위해 함께 노력하는 동안 고객님의 양해에 진심으로 감사드립니다.
BLQ,배달이 도착하는 데 얼마나 걸리는지 확인하려고 전화했어요,배송,배송 기간 확인,"고객님의 패키지 예상 배송 시간에 관해 전화해 주셔서 감사합니다. 추가 지원을 위해 [주문/송장번호] 또는 [주문/송장번호]를 제공해 주시겠습니까? 이 정보를 통해 배송 상태를 확인하고 예상 도착일을 알려드릴 수 있습니다. 고객님의 인내심은 매우 중요하며, 저희는 모든 단계에서 고객님을 지원하기 위해 여기 있습니다. 지금까지 우리 서비스에 대한 경험은 어땠나요?"
BL,배송이 도착하는 데 얼마나 걸리는지 확인해야 합니다,배송,배송 기간 확인,배송 예상 도착 시간에 대해 궁금해하시는 점을 이해합니다. 더 나은 지원을 위해 [주문/송장번호] 또는 [주문/송장번호]를 제공해 주시겠습니까? 해당 정보를 통해 당사는 고객님의 배송품이 언제 도착할지에 대한 정확한 예측을 제공할 수 있습니다. 고객님의 문의사항을 처리하는 동안 양해해 주셔서 감사합니다.
BL,내 소포가 도착하는 데 얼마나 걸리는지 보여줘,배송,배송 기간 확인,저희는 고객님의 소포가 언제 배달될지 명확하게 아는 것이 얼마나 중요한지 알고 있습니다. [주문/송장번호] 또는 [주문/송장번호]를 제공해 주시겠습니까? 이 정보를 통해 당사는 고객님께 배송 시간에 대한 정확한 견적을 제공할 수 있습니다. 고객님의 패키지가 제 시간에 도착할 수 있도록 함께 노력하는 동안 고객님의 인내심에 진심으로 감사드립니다.
BCL,배송기간이 얼마나 걸리는지 확인하고 싶어요 도움이 필요해요,배송,배송 기간 확인,저희는 고객님이 패키지의 예상 배송 시간을 확인해야 한다는 점을 완전히 이해합니다. 더 나은 지원을 위해 [주문/송장번호] 또는 [주문/송장번호]를 제공해 주시겠습니까? 이 정보를 통해 당사는 고객님께 배송 기간에 대한 정확한 견적을 제공할 수 있습니다. 협조해 주셔서 감사합니다.
BILQ,구매를 얼마나 빨리 예상할 수 있는지 어디서 확인하나요?,배송,배송 기간 확인,저희는 고객님의 구매 예상 도착 시간을 알고 싶어하는 고객님의 열망을 완전히 이해합니다. 배송 상태를 추적하려면 당사 웹사이트를 방문하여 고객님의 계정에 로그인하십시오. 로그인하신 후 '주문 내역' 또는 '내 구매 내역' 섹션으로 이동하세요. 여기에서 예상 배송 날짜를 포함하여 구매에 대한 자세한 정보를 확인할 수 있습니다. 어려움이 있거나 추가 지원이 필요한 경우 고객 지원팀이 항상 도움을 드릴 준비가 되어 있습니다. 오늘은 또 어떤 도움을 드릴까요?
BCELQZ,배송기간을 찾으려고 노력 중이에요 도와주세요,배송,배송 기간 확인,저희는 고객님 주문의 배송 기간을 찾는 데 도움이 필요하다는 점을 인정합니다. 가장 정확한 정보를 제공하기 위해 [주문/송장번호] 또는 [주문/송장번호]를 요청해도 될까요? 이 정보를 통해 당사는 고객님의 배송 세부 정보를 신속하게 검색하고 예상 도착 시간을 제공할 수 있습니다. 고객님의 협조에 진심으로 감사드립니다.
BLQ,배송물이 도착하는 데 시간이 얼마나 걸리는지 확인하는 데 도움이 필요합니다,배송,배송 기간 확인,배송물의 예상 도착 시간을 확인하려는 고객님의 열망을 이해합니다. 추가 지원을 위해 배송과 관련된 [주문/송장번호] 또는 [주문/송장번호]를 제공해 주시겠습니까? 이를 통해 예상 배송일에 대한 정확한 정보를 제공할 수 있습니다. 고객님의 문의 사항을 해결하기 위해 함께 노력하는 동안 고객님의 양해에 진심으로 감사드립니다.
BLQ,배송이 얼마나 걸리는지 알아봐야겠어요,배송,배송 기간 확인,저희는 고객님의 주문에 대한 예상 배송 시간을 알고 싶은 고객님의 호기심을 이해합니다. 정확한 정보를 제공하기 위해 [주문/송장번호] 또는 [주문/송장번호]를 제공해 주시겠습니까? 이 정보를 통해 당사는 고객님의 배송 상태를 확인하고 예상 배송 기간을 알려드릴 수 있습니다. 추가 지원을 위해 노력하는 동안 고객님의 양해에 감사드립니다.
BL,내 제품이 얼마나 빨리 도착할 수 있는지 확인하기 위해 전화했습니다.,배송,배송 기간 확인,고객님의 상품의 예상 도착 시간에 대해 문의해 주셔서 감사합니다. 정확한 정보를 제공하기 위해 [주문/송장번호] 또는 [주문/송장번호]를 제공해 주시겠습니까? 해당 정보를 통해 당사에서는 고객님의 상품 상태를 신속하게 확인하고 예상 배송일을 알려드릴 수 있습니다. 고객 만족이 저희의 최우선 사항입니다!
BL,내 물건이 언제 도착하는지 확인하려고 합니다.,배송,배송 기간 확인,저희는 고객님의 상품이 언제 도착하는지 알고 싶어하는 고객님의 욕구를 완전히 이해합니다. 정확한 견적을 제공하기 위해 [주문/송장번호] 또는 [주문/송장번호]를 제공해 주시겠습니까? 이 정보를 통해 구체적인 배송 날짜를 알려드릴 수 있습니다. 고객님의 인내와 협조에 감사드립니다.
BCL,배송물이 언제 도착하는지 알고 싶습니다. 도와주세요.,배송,배송 기간 확인,배송 진행 상황을 추적하고 배송이 도착할 것으로 예상하는 고객님의 호기심을 인정합니다. 가장 정확한 정보를 제공하기 위해 [주문/송장번호] 또는 [주문/송장번호]를 제공해 주시겠습니까? 해당 정보를 통해 예상 배송일을 알려드릴 수 있습니다. 원활한 배송 경험을 보장하기 위해 함께 노력하는 동안 고객님의 양해에 진심으로 감사드립니다.
BCQZ,내 물건이 언제 도착하는지 확인해야 해요 도와주세요,배송,배송 기간 확인,저희는 고객님의 상품의 진행 상황과 예상 도착 시간을 추적하려는 고객님의 열망을 이해합니다. 정확한 정보를 제공하기 위해 [주문/송장번호] 또는 [주문/송장번호]를 제공해 주시겠습니까? 이 정보를 통해 고객님의 상품이 도착할 것으로 예상되는 정확한 예상 시간을 알려드릴 수 있습니다. 양해해 주셔서 감사드리며 배송 과정 전반에 걸쳐 도움을 드리겠습니다.
BILQ,내 주문이 언제 도착하는지 확인할 수 있나요?,배송,배송 기간 확인,고객님의 주문에 대한 예상 배송 시간에 대해 궁금해하시는 점을 이해합니다. 가장 정확한 정보를 제공하기 위해 [주문/송장번호]를 제공해 주시겠습니까? 이를 통해 주문을 추적하고 예상 도착 시간에 대한 업데이트를 제공할 수 있습니다. 이 문제에 대해 도움을 드리는 동안 고객님의 양해에 진심으로 감사드립니다.
BILZ,내 소포가 언제 도착하는지 알려 주실 수 있나요?,배송,배송 기간 확인,저희는 고객님의 소포 진행 상황을 추적하고 예상 도착 시간을 알고 싶어하는 고객님의 열망을 인식합니다. 가장 정확한 정보를 제공하기 위해 [주문/송장번호] 또는 [주문/송장번호]를 제공해 주시겠습니까? 이 정보를 통해 당사는 시스템에서 고객님의 소포를 찾아 정확한 배송 날짜를 제공할 수 있습니다. 고객 만족을 보장하기 위해 함께 노력하는 동안 고객님의 인내심에 크게 감사드립니다.
BCIL,내 패키지가 언제 도착하는지 확인해야 합니다. 어떻게 확인할 수 있나요?,배송,배송 기간 확인,"고객님이 패키지 배송 진행 상황을 추적하는 데 관심이 있다는 것을 알고 있습니다. 예상 도착 시간을 확인하려면 당사 웹사이트를 방문하여 ""주문 상태"" 또는 ""패키지 추적"" 섹션으로 이동하세요. 그런 다음 최신 업데이트를 검색하려면 [주문/송장번호] 또는 [주문/송장번호]를 입력해야 합니다. 이 정보를 찾을 수 없거나 어려움이 있는 경우 당사 고객 지원팀에 문의하세요. 주저하지 말고 연락주세요!"
BLQZ,배송 소요 시간을 확인하는 데 도움이 필요해요,배송,배송 기간 확인,예상 배송 기간을 확인하는 데 도움이 필요하다는 점을 이해합니다. 정확한 정보를 제공하기 위해 [주문/송장번호] 또는 [주문/송장번호]를 제공해 주시겠습니까? 이를 통해 당사는 고객님의 발송물에 대한 예상 배송 기간을 결정할 수 있습니다. 최선의 방법으로 도움을 드리기 위해 노력하고 있으니 협조해 주셔서 감사합니다.
BELQ,내 배송이 언제 도착하는지 어떻게 확인하는지 모르겠어요,배송,배송 기간 확인,패키지 배송을 추적하는 데 도움이 필요하다는 것을 알고 있습니다. 걱정하지 마세요. 저희가 도와드리겠습니다! 가장 정확한 정보를 제공하기 위해 [주문/송장번호] 또는 [주문/송장번호]를 제공해 주시겠습니까? 이 정보를 사용하면 배송 예상 도착 시간을 신속하게 확인할 수 있습니다. 안심해 주세요. 저희는 고객님의 패키지 추적을 돕기 위해 최선을 다할 것입니다. 지금까지 당사의 배송 서비스에 대한 전반적인 경험은 어땠나요?
BL,구매한 상품이 언제 도착하는지 확인하는 방법을 모르겠습니다.,배송,배송 기간 확인,저희는 구매 상품 도착을 추적하려는 고객님의 욕구를 충분히 이해합니다. 절차를 안내해 드리겠습니다. 정확한 견적을 제공하기 위해 [주문/송장번호] 또는 [주문/송장번호]를 제공해 주시겠습니까? 이 정보를 통해 당사는 필요한 세부 정보를 검색하고 고객님께 최신 배송 정보를 제공할 수 있습니다. 안심해 주세요. 저희는 모든 단계에서 고객님을 지원하기 위해 최선을 다하고 있습니다. 지금까지 우리 서비스에 대한 경험은 어땠나요?
BILQ,내가 구매한 상품이 언제 도착하는지 알 수 있나요?,배송,배송 기간 확인,구매한 상품이 언제 도착하는지 알고 싶어 하시는 것을 잘 알고 있습니다. 예상 배송 시간을 알려드리기 위해 [주문/송장번호] 또는 [주문/송장번호]를 제공해 주시겠습니까? 이 정보를 통해 당사는 고객님의 구매를 추적하고 정확한 배송 견적을 제공할 수 있습니다. 고객님의 양해에 진심으로 감사드립니다!
BILP,배송 기간에 대한 정보를 알려주시겠어요?,배송,배송 기간 확인,주문하신 상품의 배송 기간에 대해 궁금해하시는 점을 이해합니다. 가장 정확한 정보를 제공하기 위해 [주문/송장번호] 또는 [주문/송장번호]를 제공해 주시겠습니까? 이를 통해 배송을 추적하고 예상 배송 날짜를 알려드릴 수 있습니다. 이 문제에 대한 고객님의 인내와 협조에 감사드립니다.
BIL,상품이 도착하는데 얼마나 걸리는지 확인할 수 있나요?,배송,배송 기간 확인,고객님 제품의 예상 배송 시간을 알고 싶어 하시는 점을 이해합니다. 정확한 정보를 제공하기 위해 [주문/송장번호] 또는 [주문/송장번호]를 제공해 주시겠습니까? 이 정보를 통해 당사는 고객님 제품의 예상 배송 시간을 확인하고 진행 상황을 지속적으로 알려드릴 수 있습니다. 고객님의 패키지를 추적하기 위해 협력하는 동안 고객님의 양해에 진심으로 감사드립니다.
BL,제품이 언제 도착할지 확인하려고 전화했어요,배송,배송 기간 확인,고객님의 제품 도착에 대한 업데이트를 찾는 데 열정을 가져주셔서 감사합니다. 가장 정확한 정보를 제공하기 위해 [주문/송장번호] 또는 [주문/송장번호]를 문의해도 될까요? 이러한 세부정보를 통해 추가 지원을 제공하고 예상 배송일을 알려드릴 수 있습니다. 고객님이 제 시간에 제품을 받을 수 있도록 최선을 다하는 동안 고객님의 양해에 진심으로 감사드립니다.
BLQ,내 주문이 언제 도착하는지 확인하는 데 도움이 필요합니다,배송,배송 기간 확인,저희는 고객님의 주문을 추적하고 예상 도착 시간에 대한 최신 정보를 얻으려는 고객님의 열망을 이해합니다. 가장 정확한 정보를 제공하기 위해 [주문/송장번호] 또는 [주문/송장번호]를 제공해 주시겠습니까? 이 정보를 통해 배송일에 대한 정확한 견적을 드릴 수 있습니다. 추가 지원을 위해 노력하는 동안 고객님의 양해에 진심으로 감사드립니다.
BLQ,제품을 얼마나 빨리 기대할 수 있는지 알아봐야겠어요,배송,배송 기간 확인,저희는 고객님이 제품의 예상 도착 시간을 결정해야 한다는 것을 이해합니다. 정확한 정보를 제공하기 위해 [주문/송장번호] 또는 [주문/송장번호]를 사용해도 될까요? 이를 통해 진행 상황을 추적하고 제품 도착 시기를 예측할 수 있습니다. 고객님의 인내와 협조에 감사드립니다.
BLQZ,내 짐이 언제 도착하는지 확인하고 싶어요,배송,배송 기간 확인,저희는 고객님의 패키지 진행 상황과 예상 도착 시간을 추적하려는 고객님의 열망을 이해합니다. 정확한 정보를 제공하기 위해 [주문/송장번호] 또는 [주문/송장번호]를 제공해 주시겠습니까? 해당 정보를 통해 예상 배송일에 대한 업데이트를 제공해 드릴 수 있습니다. 고객님의 양해에 진심으로 감사드립니다!
BIL,내 패키지가 언제 도착할지 어떻게 확인하나요?,배송,배송 기간 확인,패키지의 예상 도착 날짜를 알고 싶은 고객님의 호기심을 이해합니다. 패키지 추적에 도움을 받으려면 주문과 관련된 [주문/송장번호] 또는 [주문/송장번호]를 제공해 주시기 바랍니다. 해당 정보가 확보되면 패키지의 진행 상황과 예상 배송 시간에 대한 실시간 업데이트를 제공할 수 있습니다. 더 나은 서비스를 제공할 수 있도록 협조해 주셔서 감사합니다!
BIL,배송에 얼마나 걸리는지 알려주실 수 있나요?,배송,배송 기간 확인,배송 기간에 대한 가시성을 확보하려는 고객님의 욕구를 이해하는 것이 저희의 최우선 과제입니다. 정확한 정보를 제공하기 위해 패키지와 관련된 [주문/송장번호] 또는 [주문/송장번호]를 제공해 주시기 바랍니다. 이 정보를 확보하면 예상 배송 시간을 결정할 수 있습니다. 우리 서비스에 대한 고객님의 협력과 신뢰에 감사드립니다.
BLQ,내 제품을 얼마나 빨리 기대할 수 있는지 확인하는 데 도움이 됩니다,배송,배송 기간 확인,저희는 제품의 예상 도착 시간을 알고 싶어하는 고객님의 열망을 이해합니다. 정확한 정보를 제공하기 위해 [주문/송장번호] 또는 [주문/송장번호]를 제공해 주시겠습니까? 해당 정보를 통해 당사는 고객님의 제품을 추적하고 배송 날짜에 대한 정확한 견적을 제공할 수 있습니다. 저희 서비스를 선택해 주시고 그 과정에서 인내심을 가져주셔서 감사합니다!
BZ,확인하는 데 도움이 필요합니다. 곧 상품을 받을 수 있을까요?,배송,배송 기간 확인,저희는 고객님이 고객님의 상품을 언제 기대할 수 있는지 알고 싶어하는 고객님의 열망을 이해합니다. 정확한 견적을 제공하기 위해 [주문/송장번호] 또는 [주문/송장번호]를 제공해 주시겠습니까? 해당 정보를 통해 배송 상황을 확인하고 예상 배송일을 알려드릴 수 있습니다. 이 문제에 대한 고객님의 협조에 감사드립니다.
BCL,배송이 얼마나 빨리 되는지 확인해야 합니다. 도와주세요.,배송,배송 기간 확인,저희는 고객님이 배송품의 예상 도착 시간을 알아야 한다는 점을 충분히 이해합니다. 정확한 업데이트를 제공하기 위해 [주문/송장번호] 또는 [주문/송장번호]를 제공해 주시겠습니까? 이 정보를 통해 배송 기간과 관련된 구체적인 세부 정보를 알려드릴 수 있습니다. 고객님의 문의 사항을 해결하기 위해 함께 노력하는 동안 고객님의 인내심과 협조에 감사드립니다.
BCIL,"내 제품이 언제 도착하는지, 어떻게 해야 하는지 확인해야 합니까?",배송,배송 기간 확인,저희는 제품의 예상 도착 시간을 알고 싶어하는 고객님의 열망을 이해합니다. 도움을 드릴 수 있도록 [기타정보] 또는 [주문/송장번호]를 제공해 주시겠습니까? 이 정보를 통해 당사는 고객님의 제품이 도착할 정확한 예상 시간을 고객님께 제공할 수 있습니다. 이 문제에 대한 고객님의 인내와 협조에 감사드립니다.
BL,구매한 제품이 언제 도착하는지 확인하는 데 도움을 주세요,배송,배송 기간 확인,저희는 고객님이 구매한 제품이 언제 도착할지 알고 싶어하는 고객님의 열망을 이해합니다. 정확한 업데이트를 제공하기 위해 [주문/송장번호] 또는 [주문/송장번호]를 제공해 주시겠습니까? 해당 정보를 통해 예상 배송일에 대한 구체적인 세부정보를 제공할 수 있습니다. 더 나은 지원을 제공하기 위해 고객님의 인내심과 협조에 감사드립니다.
BLQZ,주문을 얼마나 빨리 받을 수 있는지 확인하려면 도움이 필요합니다.,배송,배송 기간 확인,저희는 고객님이 주문한 상품을 받고 싶어하며 상품이 언제 도착하는지 알고 싶어한다는 것을 알고 있습니다. 정확한 정보를 제공하기 위해 [주문/송장번호]를 제공해 주시겠습니까? 이를 통해 주문을 추적하고 예상 배송일을 알려드릴 수 있습니다. 이 문제에 대해 도움을 드리는 동안 양해해 주셔서 감사합니다.
BLQZ,내 항목을 어떻게 기대할 수 있는지 확인하는 데 도움이 필요합니다.,배송,배송 기간 확인,저희는 고객님이 상품을 받고 싶어하며 대략적인 배송 시간을 알고 싶어한다는 것을 알고 있습니다. 더 나은 지원을 위해 [주문/송장번호] 또는 [주문/송장번호]를 제공해 주시겠습니까? 이 정보를 통해 당사는 고객님의 상품이 도착할 것으로 예상되는 정확한 예상 시간을 고객님께 제공할 수 있습니다. 고객님의 인내심에 감사드립니다.
BCIL,상품이 언제 도착하는지 확인하고 싶은데 어떻게 확인하나요?,배송,배송 기간 확인,저희는 고객님의 품목의 진행 상황을 추적하고 품목이 언제 도착할지 알아보려는 고객님의 호기심과 열망을 완전히 이해합니다. 예상 배송일에 대한 가장 정확한 정보를 얻으려면 당사 웹사이트의 추적 페이지를 방문하세요. 여기에서 [주문/송장번호] 또는 [주문/송장번호]를 입력하라는 메시지가 표시됩니다. 필수 정보를 제공하면 배송과 관련된 실시간 업데이트를 확인할 수 있습니다. 추가 질문이 있거나 추적 페이지를 찾는 데 도움이 필요한 경우 언제든지 문의해 주세요. 우리가 도와드리겠습니다!
BL,제품이 도착하는 데 얼마나 걸리는지 보여주세요.,배송,배송 기간 확인,고객님 제품의 예상 배송 시간을 알고자 하시는 고객님의 관심을 이해합니다. 정확한 정보를 제공하기 위해 [주문/송장번호] 또는 [주문/송장번호]를 제공해 주시겠습니까? 이 정보를 통해 당사는 고객님의 제품 진행 상황을 추적하고 예상 도착 시간을 제공할 수 있습니다. 이 문제에 협조해 주셔서 감사합니다.
